x,y,date
411745.0,4568635.0,2017-04-03
411755.0,4568635.0,2017-04-03
411765.0,4568635.0,2017-04-03
411775.0,4568635.0,2017-04-03
411785.0,4568635.0,2017-04-03
411795.0,4568635.0,2017-04-03
411805.0,4568635.0,2017-04-03
411815.0,4568635.0,2017-04-03
411825.0,4568635.0,2017-04-03
411835.0,4568635.0,2017-04-03
411845.0,4568635.0,2017-04-03
411855.0,4568635.0,2017-04-03
411865.0,4568635.0,2017-04-03
411875.0,4568635.0,2017-04-03
411885.0,4568635.0,2017-04-03
411895.0,4568635.0,2017-04-03
411905.0,4568635.0,2017-04-03
411915.0,4568635.0,2017-04-03
411925.0,4568635.0,2017-04-03
411935.0,4568635.0,2017-04-03
411945.0,4568635.0,2017-04-03
411955.0,4568635.0,2017-04-03
411965.0,4568635.0,2017-04-03
411975.0,4568635.0,2017-04-03
411985.0,4568635.0,2017-04-03
411995.0,4568635.0,2017-04-03
412005.0,4568635.0,2017-04-03
412015.0,4568635.0,2017-04-03
412025.0,4568635.0,2017-04-03
412035.0,4568635.0,2017-04-03
412045.0,4568635.0,2017-04-03
412055.0,4568635.0,2017-04-03
412065.0,4568635.0,2017-04-03
412075.0,4568635.0,2017-04-03
412085.0,4568635.0,2017-04-03
412095.0,4568635.0,2017-04-03
412105.0,4568635.0,2017-04-03
412115.0,4568635.0,2017-04-03
412125.0,4568635.0,2017-04-03
412135.0,4568635.0,2017-04-03
412145.0,4568635.0,2017-04-03
412155.0,4568635.0,2017-04-03
412165.0,4568635.0,2017-04-03
412175.0,4568635.0,2017-04-03
412185.0,4568635.0,2017-04-03
412195.0,4568635.0,2017-04-03
412205.0,4568635.0,2017-04-03
412215.0,4568635.0,2017-04-03
412225.0,4568635.0,2017-04-03
412235.0,4568635.0,2017-04-03
412245.0,4568635.0,2017-04-03
411745.0,4568625.0,2017-04-03
411755.0,4568625.0,2017-04-03
411765.0,4568625.0,2017-04-03
411775.0,4568625.0,2017-04-03
411785.0,4568625.0,2017-04-03
411795.0,4568625.0,2017-04-03
411805.0,4568625.0,2017-04-03
411815.0,4568625.0,2017-04-03
411825.0,4568625.0,2017-04-03
411835.0,4568625.0,2017-04-03
411845.0,4568625.0,2017-04-03
411855.0,4568625.0,2017-04-03
411865.0,4568625.0,2017-04-03
411875.0,4568625.0,2017-04-03
411885.0,4568625.0,2017-04-03
411895.0,4568625.0,2017-04-03
411905.0,4568625.0,2017-04-03
411915.0,4568625.0,2017-04-03
411925.0,4568625.0,2017-04-03
411935.0,4568625.0,2017-04-03
411945.0,4568625.0,2017-04-03
411955.0,4568625.0,2017-04-03
411965.0,4568625.0,2017-04-03
411975.0,4568625.0,2017-04-03
411985.0,4568625.0,2017-04-03
411995.0,4568625.0,2017-04-03
412005.0,4568625.0,2017-04-03
412015.0,4568625.0,2017-04-03
412025.0,4568625.0,2017-04-03
412035.0,4568625.0,2017-04-03
412045.0,4568625.0,2017-04-03
412055.0,4568625.0,2017-04-03
412065.0,4568625.0,2017-04-03
412075.0,4568625.0,2017-04-03
412085.0,4568625.0,2017-04-03
412095.0,4568625.0,2017-04-03
412105.0,4568625.0,2017-04-03
412115.0,4568625.0,2017-04-03
412125.0,4568625.0,2017-04-03
412135.0,4568625.0,2017-04-03
412145.0,4568625.0,2017-04-03
412155.0,4568625.0,2017-04-03
412165.0,4568625.0,2017-04-03
412175.0,4568625.0,2017-04-03
412185.0,4568625.0,2017-04-03
412195.0,4568625.0,2017-04-03
412205.0,4568625.0,2017-04-03
412215.0,4568625.0,2017-04-03
412225.0,4568625.0,2017-04-03
412235.0,4568625.0,2017-04-03
412245.0,4568625.0,2017-04-03
412255.0,4568625.0,2017-04-03
412265.0,4568625.0,2017-04-03
412275.0,4568625.0,2017-04-03
412285.0,4568625.0,2017-04-03
412295.0,4568625.0,2017-04-03
412305.0,4568625.0,2017-04-03
412315.0,4568625.0,2017-04-03
412325.0,4568625.0,2017-04-03
412335.0,4568625.0,2017-04-03
412345.0,4568625.0,2017-04-03
412355.0,4568625.0,2017-04-03
412365.0,4568625.0,2017-04-03
412375.0,4568625.0,2017-04-03
412385.0,4568625.0,2017-04-03
412395.0,4568625.0,2017-04-03
412405.0,4568625.0,2017-04-03
412415.0,4568625.0,2017-04-03
412425.0,4568625.0,2017-04-03
412435.0,4568625.0,2017-04-03
412445.0,4568625.0,2017-04-03
412455.0,4568625.0,2017-04-03
412465.0,4568625.0,2017-04-03
412475.0,4568625.0,2017-04-03
412485.0,4568625.0,2017-04-03
412495.0,4568625.0,2017-04-03
412505.0,4568625.0,2017-04-03
412515.0,4568625.0,2017-04-03
412525.0,4568625.0,2017-04-03
412535.0,4568625.0,2017-04-03
412545.0,4568625.0,2017-04-03
412555.0,4568625.0,2017-04-03
412565.0,4568625.0,2017-04-03
412575.0,4568625.0,2017-04-03
412585.0,4568625.0,2017-04-03
412595.0,4568625.0,2017-04-03
412605.0,4568625.0,2017-04-03
412615.0,4568625.0,2017-04-03
412625.0,4568625.0,2017-04-03
412635.0,4568625.0,2017-04-03
412645.0,4568625.0,2017-04-03
412655.0,4568625.0,2017-04-03
412665.0,4568625.0,2017-04-03
412675.0,4568625.0,2017-04-03
412685.0,4568625.0,2017-04-03
412695.0,4568625.0,2017-04-03
412705.0,4568625.0,2017-04-03
412715.0,4568625.0,2017-04-03
412725.0,4568625.0,2017-04-03
412735.0,4568625.0,2017-04-03
412745.0,4568625.0,2017-04-03
412755.0,4568625.0,2017-04-03
412765.0,4568625.0,2017-04-03
412775.0,4568625.0,2017-04-03
412785.0,4568625.0,2017-04-03
412795.0,4568625.0,2017-04-03
412805.0,4568625.0,2017-04-03
412815.0,4568625.0,2017-04-03
412825.0,4568625.0,2017-04-03
412835.0,4568625.0,2017-04-03
412845.0,4568625.0,2017-04-03
412855.0,4568625.0,2017-04-03
412865.0,4568625.0,2017-04-03
412875.0,4568625.0,2017-04-03
412885.0,4568625.0,2017-04-03
412895.0,4568625.0,2017-04-03
412905.0,4568625.0,2017-04-03
412915.0,4568625.0,2017-04-03
412925.0,4568625.0,2017-04-03
412935.0,4568625.0,2017-04-03
412945.0,4568625.0,2017-04-03
412955.0,4568625.0,2017-04-03
412965.0,4568625.0,2017-04-03
412975.0,4568625.0,2017-04-03
412985.0,4568625.0,2017-04-03
412995.0,4568625.0,2017-04-03
413005.0,4568625.0,2017-04-03
413015.0,4568625.0,2017-04-03
413025.0,4568625.0,2017-04-03
413035.0,4568625.0,2017-04-03
413045.0,4568625.0,2017-04-03
413055.0,4568625.0,2017-04-03
413065.0,4568625.0,2017-04-03
413075.0,4568625.0,2017-04-03
413085.0,4568625.0,2017-04-03
413095.0,4568625.0,2017-04-03
411745.0,4568615.0,2017-04-03
411755.0,4568615.0,2017-04-03
411765.0,4568615.0,2017-04-03
411775.0,4568615.0,2017-04-03
411785.0,4568615.0,2017-04-03
411795.0,4568615.0,2017-04-03
411805.0,4568615.0,2017-04-03
411815.0,4568615.0,2017-04-03
411825.0,4568615.0,2017-04-03
411835.0,4568615.0,2017-04-03
411845.0,4568615.0,2017-04-03
411855.0,4568615.0,2017-04-03
411865.0,4568615.0,2017-04-03
411875.0,4568615.0,2017-04-03
411885.0,4568615.0,2017-04-03
411895.0,4568615.0,2017-04-03
411905.0,4568615.0,2017-04-03
411915.0,4568615.0,2017-04-03
411925.0,4568615.0,2017-04-03
411935.0,4568615.0,2017-04-03
411945.0,4568615.0,2017-04-03
411955.0,4568615.0,2017-04-03
411965.0,4568615.0,2017-04-03
411975.0,4568615.0,2017-04-03
411985.0,4568615.0,2017-04-03
411995.0,4568615.0,2017-04-03
412005.0,4568615.0,2017-04-03
412015.0,4568615.0,2017-04-03
412025.0,4568615.0,2017-04-03
412035.0,4568615.0,2017-04-03
412045.0,4568615.0,2017-04-03
412055.0,4568615.0,2017-04-03
412065.0,4568615.0,2017-04-03
412075.0,4568615.0,2017-04-03
412085.0,4568615.0,2017-04-03
412095.0,4568615.0,2017-04-03
412105.0,4568615.0,2017-04-03
412115.0,4568615.0,2017-04-03
412125.0,4568615.0,2017-04-03
412135.0,4568615.0,2017-04-03
412145.0,4568615.0,2017-04-03
412155.0,4568615.0,2017-04-03
412165.0,4568615.0,2017-04-03
412175.0,4568615.0,2017-04-03
412185.0,4568615.0,2017-04-03
412195.0,4568615.0,2017-04-03
412205.0,4568615.0,2017-04-03
412215.0,4568615.0,2017-04-03
412225.0,4568615.0,2017-04-03
412235.0,4568615.0,2017-04-03
412245.0,4568615.0,2017-04-03
412255.0,4568615.0,2017-04-03
412265.0,4568615.0,2017-04-03
412275.0,4568615.0,2017-04-03
412285.0,4568615.0,2017-04-03
412295.0,4568615.0,2017-04-03
412305.0,4568615.0,2017-04-03
412315.0,4568615.0,2017-04-03
412325.0,4568615.0,2017-04-03
412335.0,4568615.0,2017-04-03
412345.0,4568615.0,2017-04-03
412355.0,4568615.0,2017-04-03
412365.0,4568615.0,2017-04-03
412375.0,4568615.0,2017-04-03
412385.0,4568615.0,2017-04-03
412395.0,4568615.0,2017-04-03
412405.0,4568615.0,2017-04-03
412415.0,4568615.0,2017-04-03
412425.0,4568615.0,2017-04-03
412435.0,4568615.0,2017-04-03
412445.0,4568615.0,2017-04-03
412455.0,4568615.0,2017-04-03
412465.0,4568615.0,2017-04-03
412475.0,4568615.0,2017-04-03
412485.0,4568615.0,2017-04-03
412495.0,4568615.0,2017-04-03
412505.0,4568615.0,2017-04-03
412515.0,4568615.0,2017-04-03
412525.0,4568615.0,2017-04-03
412535.0,4568615.0,2017-04-03
412545.0,4568615.0,2017-04-03
412555.0,4568615.0,2017-04-03
412565.0,4568615.0,2017-04-03
412575.0,4568615.0,2017-04-03
412585.0,4568615.0,2017-04-03
412595.0,4568615.0,2017-04-03
412605.0,4568615.0,2017-04-03
412615.0,4568615.0,2017-04-03
412625.0,4568615.0,2017-04-03
412635.0,4568615.0,2017-04-03
412645.0,4568615.0,2017-04-03
412655.0,4568615.0,2017-04-03
412665.0,4568615.0,2017-04-03
412675.0,4568615.0,2017-04-03
412685.0,4568615.0,2017-04-03
412695.0,4568615.0,2017-04-03
412705.0,4568615.0,2017-04-03
412715.0,4568615.0,2017-04-03
412725.0,4568615.0,2017-04-03
412735.0,4568615.0,2017-04-03
412745.0,4568615.0,2017-04-03
412755.0,4568615.0,2017-04-03
412765.0,4568615.0,2017-04-03
412775.0,4568615.0,2017-04-03
412785.0,4568615.0,2017-04-03
412795.0,4568615.0,2017-04-03
412805.0,4568615.0,2017-04-03
412815.0,4568615.0,2017-04-03
412825.0,4568615.0,2017-04-03
412835.0,4568615.0,2017-04-03
412845.0,4568615.0,2017-04-03
412855.0,4568615.0,2017-04-03
412865.0,4568615.0,2017-04-03
412875.0,4568615.0,2017-04-03
412885.0,4568615.0,2017-04-03
412895.0,4568615.0,2017-04-03
412905.0,4568615.0,2017-04-03
412915.0,4568615.0,2017-04-03
412925.0,4568615.0,2017-04-03
412935.0,4568615.0,2017-04-03
412945.0,4568615.0,2017-04-03
412955.0,4568615.0,2017-04-03
412965.0,4568615.0,2017-04-03
412975.0,4568615.0,2017-04-03
412985.0,4568615.0,2017-04-03
412995.0,4568615.0,2017-04-03
413005.0,4568615.0,2017-04-03
413015.0,4568615.0,2017-04-03
413025.0,4568615.0,2017-04-03
413035.0,4568615.0,2017-04-03
413045.0,4568615.0,2017-04-03
413055.0,4568615.0,2017-04-03
413065.0,4568615.0,2017-04-03
413075.0,4568615.0,2017-04-03
413085.0,4568615.0,2017-04-03
413095.0,4568615.0,2017-04-03
413105.0,4568615.0,2017-04-03
413115.0,4568615.0,2017-04-03
413125.0,4568615.0,2017-04-03
413135.0,4568615.0,2017-04-03
413145.0,4568615.0,2017-04-03
413155.0,4568615.0,2017-04-03
413165.0,4568615.0,2017-04-03
413175.0,4568615.0,2017-04-03
413185.0,4568615.0,2017-04-03
413195.0,4568615.0,2017-04-03
413205.0,4568615.0,2017-04-03
413215.0,4568615.0,2017-04-03
413225.0,4568615.0,2017-04-03
413235.0,4568615.0,2017-04-03
413245.0,4568615.0,2017-04-03
413255.0,4568615.0,2017-04-03
413265.0,4568615.0,2017-04-03
413275.0,4568615.0,2017-04-03
413285.0,4568615.0,2017-04-03
413295.0,4568615.0,2017-04-03
413305.0,4568615.0,2017-04-03
413315.0,4568615.0,2017-04-03
413325.0,4568615.0,2017-04-03
413335.0,4568615.0,2017-04-03
413345.0,4568615.0,2017-04-03
413355.0,4568615.0,2017-04-03
413365.0,4568615.0,2017-04-03
413375.0,4568615.0,2017-04-03
413385.0,4568615.0,2017-04-03
413395.0,4568615.0,2017-04-03
413405.0,4568615.0,2017-04-03
413415.0,4568615.0,2017-04-03
413425.0,4568615.0,2017-04-03
413435.0,4568615.0,2017-04-03
413445.0,4568615.0,2017-04-03
413455.0,4568615.0,2017-04-03
413465.0,4568615.0,2017-04-03
413475.0,4568615.0,2017-04-03
413485.0,4568615.0,2017-04-03
413495.0,4568615.0,2017-04-03
413505.0,4568615.0,2017-04-03
413515.0,4568615.0,2017-04-03
413525.0,4568615.0,2017-04-03
413535.0,4568615.0,2017-04-03
413545.0,4568615.0,2017-04-03
413555.0,4568615.0,2017-04-03
413565.0,4568615.0,2017-04-03
413575.0,4568615.0,2017-04-03
413585.0,4568615.0,2017-04-03
413595.0,4568615.0,2017-04-03
413605.0,4568615.0,2017-04-03
413615.0,4568615.0,2017-04-03
413625.0,4568615.0,2017-04-03
413635.0,4568615.0,2017-04-03
413645.0,4568615.0,2017-04-03
413655.0,4568615.0,2017-04-03
413665.0,4568615.0,2017-04-03
413675.0,4568615.0,2017-04-03
413685.0,4568615.0,2017-04-03
413695.0,4568615.0,2017-04-03
413705.0,4568615.0,2017-04-03
413715.0,4568615.0,2017-04-03
413725.0,4568615.0,2017-04-03
413735.0,4568615.0,2017-04-03
413745.0,4568615.0,2017-04-03
413755.0,4568615.0,2017-04-03
413765.0,4568615.0,2017-04-03
413775.0,4568615.0,2017-04-03
413785.0,4568615.0,2017-04-03
413795.0,4568615.0,2017-04-03
413805.0,4568615.0,2017-04-03
413815.0,4568615.0,2017-04-03
413825.0,4568615.0,2017-04-03
413835.0,4568615.0,2017-04-03
413845.0,4568615.0,2017-04-03
413855.0,4568615.0,2017-04-03
413865.0,4568615.0,2017-04-03
413875.0,4568615.0,2017-04-03
413885.0,4568615.0,2017-04-03
413895.0,4568615.0,2017-04-03
413905.0,4568615.0,2017-04-03
413915.0,4568615.0,2017-04-03
413925.0,4568615.0,2017-04-03
413935.0,4568615.0,2017-04-03
411745.0,4568605.0,2017-04-03
411755.0,4568605.0,2017-04-03
411765.0,4568605.0,2017-04-03
411775.0,4568605.0,2017-04-03
411785.0,4568605.0,2017-04-03
411795.0,4568605.0,2017-04-03
411805.0,4568605.0,2017-04-03
411815.0,4568605.0,2017-04-03
411825.0,4568605.0,2017-04-03
411835.0,4568605.0,2017-04-03
411845.0,4568605.0,2017-04-03
411855.0,4568605.0,2017-04-03
411865.0,4568605.0,2017-04-03
411875.0,4568605.0,2017-04-03
411885.0,4568605.0,2017-04-03
411895.0,4568605.0,2017-04-03
411905.0,4568605.0,2017-04-03
411915.0,4568605.0,2017-04-03
411925.0,4568605.0,2017-04-03
411935.0,4568605.0,2017-04-03
411945.0,4568605.0,2017-04-03
411955.0,4568605.0,2017-04-03
411965.0,4568605.0,2017-04-03
411975.0,4568605.0,2017-04-03
411985.0,4568605.0,2017-04-03
411995.0,4568605.0,2017-04-03
412005.0,4568605.0,2017-04-03
412015.0,4568605.0,2017-04-03
412025.0,4568605.0,2017-04-03
412035.0,4568605.0,2017-04-03
412045.0,4568605.0,2017-04-03
412055.0,4568605.0,2017-04-03
412065.0,4568605.0,2017-04-03
412075.0,4568605.0,2017-04-03
412085.0,4568605.0,2017-04-03
412095.0,4568605.0,2017-04-03
412105.0,4568605.0,2017-04-03
412115.0,4568605.0,2017-04-03
412125.0,4568605.0,2017-04-03
412135.0,4568605.0,2017-04-03
412145.0,4568605.0,2017-04-03
412155.0,4568605.0,2017-04-03
412165.0,4568605.0,2017-04-03
412175.0,4568605.0,2017-04-03
412185.0,4568605.0,2017-04-03
412195.0,4568605.0,2017-04-03
412205.0,4568605.0,2017-04-03
412215.0,4568605.0,2017-04-03
412225.0,4568605.0,2017-04-03
412235.0,4568605.0,2017-04-03
412245.0,4568605.0,2017-04-03
412255.0,4568605.0,2017-04-03
412265.0,4568605.0,2017-04-03
412275.0,4568605.0,2017-04-03
412285.0,4568605.0,2017-04-03
412295.0,4568605.0,2017-04-03
412305.0,4568605.0,2017-04-03
412315.0,4568605.0,2017-04-03
412325.0,4568605.0,2017-04-03
412335.0,4568605.0,2017-04-03
412345.0,4568605.0,2017-04-03
412355.0,4568605.0,2017-04-03
412365.0,4568605.0,2017-04-03
412375.0,4568605.0,2017-04-03
412385.0,4568605.0,2017-04-03
412395.0,4568605.0,2017-04-03
412405.0,4568605.0,2017-04-03
412415.0,4568605.0,2017-04-03
412425.0,4568605.0,2017-04-03
412435.0,4568605.0,2017-04-03
412445.0,4568605.0,2017-04-03
412455.0,4568605.0,2017-04-03
412465.0,4568605.0,2017-04-03
412475.0,4568605.0,2017-04-03
412485.0,4568605.0,2017-04-03
412495.0,4568605.0,2017-04-03
412505.0,4568605.0,2017-04-03
412515.0,4568605.0,2017-04-03
412525.0,4568605.0,2017-04-03
412535.0,4568605.0,2017-04-03
412545.0,4568605.0,2017-04-03
412555.0,4568605.0,2017-04-03
412565.0,4568605.0,2017-04-03
412575.0,4568605.0,2017-04-03
412585.0,4568605.0,2017-04-03
412595.0,4568605.0,2017-04-03
412605.0,4568605.0,2017-04-03
412615.0,4568605.0,2017-04-03
412625.0,4568605.0,2017-04-03
412635.0,4568605.0,2017-04-03
412645.0,4568605.0,2017-04-03
412655.0,4568605.0,2017-04-03
412665.0,4568605.0,2017-04-03
412675.0,4568605.0,2017-04-03
412685.0,4568605.0,2017-04-03
412695.0,4568605.0,2017-04-03
412705.0,4568605.0,2017-04-03
412715.0,4568605.0,2017-04-03
412725.0,4568605.0,2017-04-03
412735.0,4568605.0,2017-04-03
412745.0,4568605.0,2017-04-03
412755.0,4568605.0,2017-04-03
412765.0,4568605.0,2017-04-03
412775.0,4568605.0,2017-04-03
412785.0,4568605.0,2017-04-03
412795.0,4568605.0,2017-04-03
412805.0,4568605.0,2017-04-03
412815.0,4568605.0,2017-04-03
412825.0,4568605.0,2017-04-03
412835.0,4568605.0,2017-04-03
412845.0,4568605.0,2017-04-03
412855.0,4568605.0,2017-04-03
412865.0,4568605.0,2017-04-03
412875.0,4568605.0,2017-04-03
412885.0,4568605.0,2017-04-03
412895.0,4568605.0,2017-04-03
412905.0,4568605.0,2017-04-03
412915.0,4568605.0,2017-04-03
412925.0,4568605.0,2017-04-03
412935.0,4568605.0,2017-04-03
412945.0,4568605.0,2017-04-03
412955.0,4568605.0,2017-04-03
412965.0,4568605.0,2017-04-03
412975.0,4568605.0,2017-04-03
412985.0,4568605.0,2017-04-03
412995.0,4568605.0,2017-04-03
413005.0,4568605.0,2017-04-03
413015.0,4568605.0,2017-04-03
413025.0,4568605.0,2017-04-03
413035.0,4568605.0,2017-04-03
413045.0,4568605.0,2017-04-03
413055.0,4568605.0,2017-04-03
413065.0,4568605.0,2017-04-03
413075.0,4568605.0,2017-04-03
413085.0,4568605.0,2017-04-03
413095.0,4568605.0,2017-04-03
413105.0,4568605.0,2017-04-03
413115.0,4568605.0,2017-04-03
413125.0,4568605.0,2017-04-03
413135.0,4568605.0,2017-04-03
413145.0,4568605.0,2017-04-03
413155.0,4568605.0,2017-04-03
413165.0,4568605.0,2017-04-03
413175.0,4568605.0,2017-04-03
413185.0,4568605.0,2017-04-03
413195.0,4568605.0,2017-04-03
413205.0,4568605.0,2017-04-03
413215.0,4568605.0,2017-04-03
413225.0,4568605.0,2017-04-03
413235.0,4568605.0,2017-04-03
413245.0,4568605.0,2017-04-03
413255.0,4568605.0,2017-04-03
413265.0,4568605.0,2017-04-03
413275.0,4568605.0,2017-04-03
413285.0,4568605.0,2017-04-03
413295.0,4568605.0,2017-04-03
413305.0,4568605.0,2017-04-03
413315.0,4568605.0,2017-04-03
413325.0,4568605.0,2017-04-03
413335.0,4568605.0,2017-04-03
413345.0,4568605.0,2017-04-03
413355.0,4568605.0,2017-04-03
413365.0,4568605.0,2017-04-03
413375.0,4568605.0,2017-04-03
413385.0,4568605.0,2017-04-03
413395.0,4568605.0,2017-04-03
413405.0,4568605.0,2017-04-03
413415.0,4568605.0,2017-04-03
413425.0,4568605.0,2017-04-03
413435.0,4568605.0,2017-04-03
413445.0,4568605.0,2017-04-03
413455.0,4568605.0,2017-04-03
413465.0,4568605.0,2017-04-03
413475.0,4568605.0,2017-04-03
413485.0,4568605.0,2017-04-03
413495.0,4568605.0,2017-04-03
413505.0,4568605.0,2017-04-03
413515.0,4568605.0,2017-04-03
413525.0,4568605.0,2017-04-03
413535.0,4568605.0,2017-04-03
413545.0,4568605.0,2017-04-03
413555.0,4568605.0,2017-04-03
413565.0,4568605.0,2017-04-03
413575.0,4568605.0,2017-04-03
413585.0,4568605.0,2017-04-03
413595.0,4568605.0,2017-04-03
413605.0,4568605.0,2017-04-03
413615.0,4568605.0,2017-04-03
413625.0,4568605.0,2017-04-03
413635.0,4568605.0,2017-04-03
413645.0,4568605.0,2017-04-03
413655.0,4568605.0,2017-04-03
413665.0,4568605.0,2017-04-03
413675.0,4568605.0,2017-04-03
413685.0,4568605.0,2017-04-03
413695.0,4568605.0,2017-04-03
413705.0,4568605.0,2017-04-03
413715.0,4568605.0,2017-04-03
413725.0,4568605.0,2017-04-03
413735.0,4568605.0,2017-04-03
413745.0,4568605.0,2017-04-03
413755.0,4568605.0,2017-04-03
413765.0,4568605.0,2017-04-03
413775.0,4568605.0,2017-04-03
413785.0,4568605.0,2017-04-03
413795.0,4568605.0,2017-04-03
413805.0,4568605.0,2017-04-03
413815.0,4568605.0,2017-04-03
413825.0,4568605.0,2017-04-03
413835.0,4568605.0,2017-04-03
413845.0,4568605.0,2017-04-03
413855.0,4568605.0,2017-04-03
413865.0,4568605.0,2017-04-03
413875.0,4568605.0,2017-04-03
413885.0,4568605.0,2017-04-03
413895.0,4568605.0,2017-04-03
413905.0,4568605.0,2017-04-03
413915.0,4568605.0,2017-04-03
413925.0,4568605.0,2017-04-03
413935.0,4568605.0,2017-04-03
413945.0,4568605.0,2017-04-03
413955.0,4568605.0,2017-04-03
413965.0,4568605.0,2017-04-03
413975.0,4568605.0,2017-04-03
413985.0,4568605.0,2017-04-03
413995.0,4568605.0,2017-04-03
414005.0,4568605.0,2017-04-03
414015.0,4568605.0,2017-04-03
414025.0,4568605.0,2017-04-03
414035.0,4568605.0,2017-04-03
414045.0,4568605.0,2017-04-03
414055.0,4568605.0,2017-04-03
414065.0,4568605.0,2017-04-03
414075.0,4568605.0,2017-04-03
414085.0,4568605.0,2017-04-03
414095.0,4568605.0,2017-04-03
414105.0,4568605.0,2017-04-03
414115.0,4568605.0,2017-04-03
414125.0,4568605.0,2017-04-03
414135.0,4568605.0,2017-04-03
414145.0,4568605.0,2017-04-03
414155.0,4568605.0,2017-04-03
414165.0,4568605.0,2017-04-03
414175.0,4568605.0,2017-04-03
414185.0,4568605.0,2017-04-03
414195.0,4568605.0,2017-04-03
414205.0,4568605.0,2017-04-03
414215.0,4568605.0,2017-04-03
414225.0,4568605.0,2017-04-03
414235.0,4568605.0,2017-04-03
414245.0,4568605.0,2017-04-03
414255.0,4568605.0,2017-04-03
414265.0,4568605.0,2017-04-03
414275.0,4568605.0,2017-04-03
414285.0,4568605.0,2017-04-03
414295.0,4568605.0,2017-04-03
414305.0,4568605.0,2017-04-03
414315.0,4568605.0,2017-04-03
414325.0,4568605.0,2017-04-03
414335.0,4568605.0,2017-04-03
414345.0,4568605.0,2017-04-03
414355.0,4568605.0,2017-04-03
414365.0,4568605.0,2017-04-03
414375.0,4568605.0,2017-04-03
414385.0,4568605.0,2017-04-03
414395.0,4568605.0,2017-04-03
414405.0,4568605.0,2017-04-03
414415.0,4568605.0,2017-04-03
414425.0,4568605.0,2017-04-03
414435.0,4568605.0,2017-04-03
414445.0,4568605.0,2017-04-03
414455.0,4568605.0,2017-04-03
414465.0,4568605.0,2017-04-03
414475.0,4568605.0,2017-04-03
414485.0,4568605.0,2017-04-03
414495.0,4568605.0,2017-04-03
414505.0,4568605.0,2017-04-03
414515.0,4568605.0,2017-04-03
414525.0,4568605.0,2017-04-03
414535.0,4568605.0,2017-04-03
414545.0,4568605.0,2017-04-03
414555.0,4568605.0,2017-04-03
414565.0,4568605.0,2017-04-03
414575.0,4568605.0,2017-04-03
414585.0,4568605.0,2017-04-03
414595.0,4568605.0,2017-04-03
414605.0,4568605.0,2017-04-03
414615.0,4568605.0,2017-04-03
414625.0,4568605.0,2017-04-03
414635.0,4568605.0,2017-04-03
414645.0,4568605.0,2017-04-03
414655.0,4568605.0,2017-04-03
414665.0,4568605.0,2017-04-03
414675.0,4568605.0,2017-04-03
414685.0,4568605.0,2017-04-03
414695.0,4568605.0,2017-04-03
414705.0,4568605.0,2017-04-03
414715.0,4568605.0,2017-04-03
414725.0,4568605.0,2017-04-03
414735.0,4568605.0,2017-04-03
414745.0,4568605.0,2017-04-03
414755.0,4568605.0,2017-04-03
414765.0,4568605.0,2017-04-03
414775.0,4568605.0,2017-04-03
414785.0,4568605.0,2017-04-03
411745.0,4568595.0,2017-04-03
411755.0,4568595.0,2017-04-03
411765.0,4568595.0,2017-04-03
411775.0,4568595.0,2017-04-03
411785.0,4568595.0,2017-04-03
411795.0,4568595.0,2017-04-03
411805.0,4568595.0,2017-04-03
411815.0,4568595.0,2017-04-03
411825.0,4568595.0,2017-04-03
411835.0,4568595.0,2017-04-03
411845.0,4568595.0,2017-04-03
411855.0,4568595.0,2017-04-03
411865.0,4568595.0,2017-04-03
411875.0,4568595.0,2017-04-03
411885.0,4568595.0,2017-04-03
411895.0,4568595.0,2017-04-03
411905.0,4568595.0,2017-04-03
411915.0,4568595.0,2017-04-03
411925.0,4568595.0,2017-04-03
411935.0,4568595.0,2017-04-03
411945.0,4568595.0,2017-04-03
411955.0,4568595.0,2017-04-03
411965.0,4568595.0,2017-04-03
411975.0,4568595.0,2017-04-03
411985.0,4568595.0,2017-04-03
411995.0,4568595.0,2017-04-03
412005.0,4568595.0,2017-04-03
412015.0,4568595.0,2017-04-03
412025.0,4568595.0,2017-04-03
412035.0,4568595.0,2017-04-03
412045.0,4568595.0,2017-04-03
412055.0,4568595.0,2017-04-03
412065.0,4568595.0,2017-04-03
412075.0,4568595.0,2017-04-03
412085.0,4568595.0,2017-04-03
412095.0,4568595.0,2017-04-03
412105.0,4568595.0,2017-04-03
412115.0,4568595.0,2017-04-03
412125.0,4568595.0,2017-04-03
412135.0,4568595.0,2017-04-03
412145.0,4568595.0,2017-04-03
412155.0,4568595.0,2017-04-03
412165.0,4568595.0,2017-04-03
412175.0,4568595.0,2017-04-03
412185.0,4568595.0,2017-04-03
412195.0,4568595.0,2017-04-03
412205.0,4568595.0,2017-04-03
412215.0,4568595.0,2017-04-03
412225.0,4568595.0,2017-04-03
412235.0,4568595.0,2017-04-03
412245.0,4568595.0,2017-04-03
412255.0,4568595.0,2017-04-03
412265.0,4568595.0,2017-04-03
412275.0,4568595.0,2017-04-03
412285.0,4568595.0,2017-04-03
412295.0,4568595.0,2017-04-03
412305.0,4568595.0,2017-04-03
412315.0,4568595.0,2017-04-03
412325.0,4568595.0,2017-04-03
412335.0,4568595.0,2017-04-03
412345.0,4568595.0,2017-04-03
412355.0,4568595.0,2017-04-03
412365.0,4568595.0,2017-04-03
412375.0,4568595.0,2017-04-03
412385.0,4568595.0,2017-04-03
412395.0,4568595.0,2017-04-03
412405.0,4568595.0,2017-04-03
412415.0,4568595.0,2017-04-03
412425.0,4568595.0,2017-04-03
412435.0,4568595.0,2017-04-03
412445.0,4568595.0,2017-04-03
412455.0,4568595.0,2017-04-03
412465.0,4568595.0,2017-04-03
412475.0,4568595.0,2017-04-03
412485.0,4568595.0,2017-04-03
412495.0,4568595.0,2017-04-03
412505.0,4568595.0,2017-04-03
412515.0,4568595.0,2017-04-03
412525.0,4568595.0,2017-04-03
412535.0,4568595.0,2017-04-03
412545.0,4568595.0,2017-04-03
412555.0,4568595.0,2017-04-03
412565.0,4568595.0,2017-04-03
412575.0,4568595.0,2017-04-03
412585.0,4568595.0,2017-04-03
412595.0,4568595.0,2017-04-03
412605.0,4568595.0,2017-04-03
412615.0,4568595.0,2017-04-03
412625.0,4568595.0,2017-04-03
412635.0,4568595.0,2017-04-03
412645.0,4568595.0,2017-04-03
412655.0,4568595.0,2017-04-03
412665.0,4568595.0,2017-04-03
412675.0,4568595.0,2017-04-03
412685.0,4568595.0,2017-04-03
412695.0,4568595.0,2017-04-03
412705.0,4568595.0,2017-04-03
412715.0,4568595.0,2017-04-03
412725.0,4568595.0,2017-04-03
412735.0,4568595.0,2017-04-03
412745.0,4568595.0,2017-04-03
412755.0,4568595.0,2017-04-03
412765.0,4568595.0,2017-04-03
412775.0,4568595.0,2017-04-03
412785.0,4568595.0,2017-04-03
412795.0,4568595.0,2017-04-03
412805.0,4568595.0,2017-04-03
412815.0,4568595.0,2017-04-03
412825.0,4568595.0,2017-04-03
412835.0,4568595.0,2017-04-03
412845.0,4568595.0,2017-04-03
412855.0,4568595.0,2017-04-03
412865.0,4568595.0,2017-04-03
412875.0,4568595.0,2017-04-03
412885.0,4568595.0,2017-04-03
412895.0,4568595.0,2017-04-03
412905.0,4568595.0,2017-04-03
412915.0,4568595.0,2017-04-03
412925.0,4568595.0,2017-04-03
412935.0,4568595.0,2017-04-03
412945.0,4568595.0,2017-04-03
412955.0,4568595.0,2017-04-03
412965.0,4568595.0,2017-04-03
412975.0,4568595.0,2017-04-03
412985.0,4568595.0,2017-04-03
412995.0,4568595.0,2017-04-03
413005.0,4568595.0,2017-04-03
413015.0,4568595.0,2017-04-03
413025.0,4568595.0,2017-04-03
413035.0,4568595.0,2017-04-03
413045.0,4568595.0,2017-04-03
413055.0,4568595.0,2017-04-03
413065.0,4568595.0,2017-04-03
413075.0,4568595.0,2017-04-03
413085.0,4568595.0,2017-04-03
413095.0,4568595.0,2017-04-03
413105.0,4568595.0,2017-04-03
413115.0,4568595.0,2017-04-03
413125.0,4568595.0,2017-04-03
413135.0,4568595.0,2017-04-03
413145.0,4568595.0,2017-04-03
413155.0,4568595.0,2017-04-03
413165.0,4568595.0,2017-04-03
413175.0,4568595.0,2017-04-03
413185.0,4568595.0,2017-04-03
413195.0,4568595.0,2017-04-03
413205.0,4568595.0,2017-04-03
413215.0,4568595.0,2017-04-03
413225.0,4568595.0,2017-04-03
413235.0,4568595.0,2017-04-03
413245.0,4568595.0,2017-04-03
413255.0,4568595.0,2017-04-03
413265.0,4568595.0,2017-04-03
413275.0,4568595.0,2017-04-03
413285.0,4568595.0,2017-04-03
413295.0,4568595.0,2017-04-03
413305.0,4568595.0,2017-04-03
413315.0,4568595.0,2017-04-03
413325.0,4568595.0,2017-04-03
413335.0,4568595.0,2017-04-03
413345.0,4568595.0,2017-04-03
413355.0,4568595.0,2017-04-03
413365.0,4568595.0,2017-04-03
413375.0,4568595.0,2017-04-03
413385.0,4568595.0,2017-04-03
413395.0,4568595.0,2017-04-03
413405.0,4568595.0,2017-04-03
413415.0,4568595.0,2017-04-03
413425.0,4568595.0,2017-04-03
413435.0,4568595.0,2017-04-03
413445.0,4568595.0,2017-04-03
413455.0,4568595.0,2017-04-03
413465.0,4568595.0,2017-04-03
413475.0,4568595.0,2017-04-03
413485.0,4568595.0,2017-04-03
413495.0,4568595.0,2017-04-03
413505.0,4568595.0,2017-04-03
413515.0,4568595.0,2017-04-03
413525.0,4568595.0,2017-04-03
413535.0,4568595.0,2017-04-03
413545.0,4568595.0,2017-04-03
413555.0,4568595.0,2017-04-03
413565.0,4568595.0,2017-04-03
413575.0,4568595.0,2017-04-03
413585.0,4568595.0,2017-04-03
413595.0,4568595.0,2017-04-03
413605.0,4568595.0,2017-04-03
413615.0,4568595.0,2017-04-03
413625.0,4568595.0,2017-04-03
413635.0,4568595.0,2017-04-03
413645.0,4568595.0,2017-04-03
413655.0,4568595.0,2017-04-03
413665.0,4568595.0,2017-04-03
413675.0,4568595.0,2017-04-03
413685.0,4568595.0,2017-04-03
413695.0,4568595.0,2017-04-03
413705.0,4568595.0,2017-04-03
413715.0,4568595.0,2017-04-03
413725.0,4568595.0,2017-04-03
413735.0,4568595.0,2017-04-03
413745.0,4568595.0,2017-04-03
413755.0,4568595.0,2017-04-03
413765.0,4568595.0,2017-04-03
413775.0,4568595.0,2017-04-03
413785.0,4568595.0,2017-04-03
413795.0,4568595.0,2017-04-03
413805.0,4568595.0,2017-04-03
413815.0,4568595.0,2017-04-03
413825.0,4568595.0,2017-04-03
413835.0,4568595.0,2017-04-03
413845.0,4568595.0,2017-04-03
413855.0,4568595.0,2017-04-03
413865.0,4568595.0,2017-04-03
413875.0,4568595.0,2017-04-03
413885.0,4568595.0,2017-04-03
413895.0,4568595.0,2017-04-03
413905.0,4568595.0,2017-04-03
413915.0,4568595.0,2017-04-03
413925.0,4568595.0,2017-04-03
413935.0,4568595.0,2017-04-03
413945.0,4568595.0,2017-04-03
413955.0,4568595.0,2017-04-03
413965.0,4568595.0,2017-04-03
413975.0,4568595.0,2017-04-03
413985.0,4568595.0,2017-04-03
413995.0,4568595.0,2017-04-03
414005.0,4568595.0,2017-04-03
414015.0,4568595.0,2017-04-03
414025.0,4568595.0,2017-04-03
414035.0,4568595.0,2017-04-03
414045.0,4568595.0,2017-04-03
414055.0,4568595.0,2017-04-03
414065.0,4568595.0,2017-04-03
414075.0,4568595.0,2017-04-03
414085.0,4568595.0,2017-04-03
414095.0,4568595.0,2017-04-03
414105.0,4568595.0,2017-04-03
414115.0,4568595.0,2017-04-03
414125.0,4568595.0,2017-04-03
414135.0,4568595.0,2017-04-03
414145.0,4568595.0,2017-04-03
414155.0,4568595.0,2017-04-03
414165.0,4568595.0,2017-04-03
414175.0,4568595.0,2017-04-03
414185.0,4568595.0,2017-04-03
414195.0,4568595.0,2017-04-03
414205.0,4568595.0,2017-04-03
414215.0,4568595.0,2017-04-03
414225.0,4568595.0,2017-04-03
414235.0,4568595.0,2017-04-03
414245.0,4568595.0,2017-04-03
414255.0,4568595.0,2017-04-03
414265.0,4568595.0,2017-04-03
414275.0,4568595.0,2017-04-03
414285.0,4568595.0,2017-04-03
414295.0,4568595.0,2017-04-03
414305.0,4568595.0,2017-04-03
414315.0,4568595.0,2017-04-03
414325.0,4568595.0,2017-04-03
414335.0,4568595.0,2017-04-03
414345.0,4568595.0,2017-04-03
414355.0,4568595.0,2017-04-03
414365.0,4568595.0,2017-04-03
414375.0,4568595.0,2017-04-03
414385.0,4568595.0,2017-04-03
414395.0,4568595.0,2017-04-03
414405.0,4568595.0,2017-04-03
414415.0,4568595.0,2017-04-03
414425.0,4568595.0,2017-04-03
414435.0,4568595.0,2017-04-03
414445.0,4568595.0,2017-04-03
414455.0,4568595.0,2017-04-03
414465.0,4568595.0,2017-04-03
414475.0,4568595.0,2017-04-03
414485.0,4568595.0,2017-04-03
414495.0,4568595.0,2017-04-03
414505.0,4568595.0,2017-04-03
414515.0,4568595.0,2017-04-03
414525.0,4568595.0,2017-04-03
414535.0,4568595.0,2017-04-03
414545.0,4568595.0,2017-04-03
414555.0,4568595.0,2017-04-03
414565.0,4568595.0,2017-04-03
414575.0,4568595.0,2017-04-03
414585.0,4568595.0,2017-04-03
414595.0,4568595.0,2017-04-03
414605.0,4568595.0,2017-04-03
414615.0,4568595.0,2017-04-03
414625.0,4568595.0,2017-04-03
414635.0,4568595.0,2017-04-03
414645.0,4568595.0,2017-04-03
414655.0,4568595.0,2017-04-03
414665.0,4568595.0,2017-04-03
414675.0,4568595.0,2017-04-03
414685.0,4568595.0,2017-04-03
414695.0,4568595.0,2017-04-03
414705.0,4568595.0,2017-04-03
414715.0,4568595.0,2017-04-03
414725.0,4568595.0,2017-04-03
414735.0,4568595.0,2017-04-03
414745.0,4568595.0,2017-04-03
414755.0,4568595.0,2017-04-03
414765.0,4568595.0,2017-04-03
414775.0,4568595.0,2017-04-03
414785.0,4568595.0,2017-04-03
414795.0,4568595.0,2017-04-03
414805.0,4568595.0,2017-04-03
414815.0,4568595.0,2017-04-03
414825.0,4568595.0,2017-04-03
414835.0,4568595.0,2017-04-03
414845.0,4568595.0,2017-04-03
414855.0,4568595.0,2017-04-03
414865.0,4568595.0,2017-04-03
414875.0,4568595.0,2017-04-03
414885.0,4568595.0,2017-04-03
414895.0,4568595.0,2017-04-03
414905.0,4568595.0,2017-04-03
414915.0,4568595.0,2017-04-03
414925.0,4568595.0,2017-04-03
414935.0,4568595.0,2017-04-03
414945.0,4568595.0,2017-04-03
414955.0,4568595.0,2017-04-03
414965.0,4568595.0,2017-04-03
414975.0,4568595.0,2017-04-03
414985.0,4568595.0,2017-04-03
414995.0,4568595.0,2017-04-03
415005.0,4568595.0,2017-04-03
415015.0,4568595.0,2017-04-03
415025.0,4568595.0,2017-04-03
415035.0,4568595.0,2017-04-03
415045.0,4568595.0,2017-04-03
415055.0,4568595.0,2017-04-03
415065.0,4568595.0,2017-04-03
415075.0,4568595.0,2017-04-03
415085.0,4568595.0,2017-04-03
415095.0,4568595.0,2017-04-03
415105.0,4568595.0,2017-04-03
415115.0,4568595.0,2017-04-03
415125.0,4568595.0,2017-04-03
415135.0,4568595.0,2017-04-03
415145.0,4568595.0,2017-04-03
415155.0,4568595.0,2017-04-03
415165.0,4568595.0,2017-04-03
415175.0,4568595.0,2017-04-03
415185.0,4568595.0,2017-04-03
415195.0,4568595.0,2017-04-03
415205.0,4568595.0,2017-04-03
415215.0,4568595.0,2017-04-03
415225.0,4568595.0,2017-04-03
415235.0,4568595.0,2017-04-03
415245.0,4568595.0,2017-04-03
415255.0,4568595.0,2017-04-03
415265.0,4568595.0,2017-04-03
415275.0,4568595.0,2017-04-03
415285.0,4568595.0,2017-04-03
415295.0,4568595.0,2017-04-03
415305.0,4568595.0,2017-04-03
415315.0,4568595.0,2017-04-03
415325.0,4568595.0,2017-04-03
415335.0,4568595.0,2017-04-03
415345.0,4568595.0,2017-04-03
415355.0,4568595.0,2017-04-03
415365.0,4568595.0,2017-04-03
415375.0,4568595.0,2017-04-03
415385.0,4568595.0,2017-04-03
415395.0,4568595.0,2017-04-03
415405.0,4568595.0,2017-04-03
415415.0,4568595.0,2017-04-03
415425.0,4568595.0,2017-04-03
415435.0,4568595.0,2017-04-03
415445.0,4568595.0,2017-04-03
415455.0,4568595.0,2017-04-03
415465.0,4568595.0,2017-04-03
415475.0,4568595.0,2017-04-03
415485.0,4568595.0,2017-04-03
415495.0,4568595.0,2017-04-03
415505.0,4568595.0,2017-04-03
415515.0,4568595.0,2017-04-03
415525.0,4568595.0,2017-04-03
415535.0,4568595.0,2017-04-03
415545.0,4568595.0,2017-04-03
415555.0,4568595.0,2017-04-03
415565.0,4568595.0,2017-04-03
415575.0,4568595.0,2017-04-03
415585.0,4568595.0,2017-04-03
415595.0,4568595.0,2017-04-03
415605.0,4568595.0,2017-04-03
415615.0,4568595.0,2017-04-03
415625.0,4568595.0,2017-04-03
415635.0,4568595.0,2017-04-03
411745.0,4568585.0,2017-04-03
411755.0,4568585.0,2017-04-03
411765.0,4568585.0,2017-04-03
411775.0,4568585.0,2017-04-03
411785.0,4568585.0,2017-04-03
411795.0,4568585.0,2017-04-03
411805.0,4568585.0,2017-04-03
411815.0,4568585.0,2017-04-03
411825.0,4568585.0,2017-04-03
411835.0,4568585.0,2017-04-03
411845.0,4568585.0,2017-04-03
411855.0,4568585.0,2017-04-03
411865.0,4568585.0,2017-04-03
411875.0,4568585.0,2017-04-03
411885.0,4568585.0,2017-04-03
411895.0,4568585.0,2017-04-03
411905.0,4568585.0,2017-04-03
411915.0,4568585.0,2017-04-03
411925.0,4568585.0,2017-04-03
411935.0,4568585.0,2017-04-03
411945.0,4568585.0,2017-04-03
411955.0,4568585.0,2017-04-03
411965.0,4568585.0,2017-04-03
411975.0,4568585.0,2017-04-03
411985.0,4568585.0,2017-04-03
411995.0,4568585.0,2017-04-03
412005.0,4568585.0,2017-04-03
412015.0,4568585.0,2017-04-03
412025.0,4568585.0,2017-04-03
412035.0,4568585.0,2017-04-03
412045.0,4568585.0,2017-04-03
412055.0,4568585.0,2017-04-03
412065.0,4568585.0,2017-04-03
412075.0,4568585.0,2017-04-03
412085.0,4568585.0,2017-04-03
412095.0,4568585.0,2017-04-03
412105.0,4568585.0,2017-04-03
412115.0,4568585.0,2017-04-03
412125.0,4568585.0,2017-04-03
412135.0,4568585.0,2017-04-03
412145.0,4568585.0,2017-04-03
412155.0,4568585.0,2017-04-03
412165.0,4568585.0,2017-04-03
412175.0,4568585.0,2017-04-03
412185.0,4568585.0,2017-04-03
412195.0,4568585.0,2017-04-03
412205.0,4568585.0,2017-04-03
412215.0,4568585.0,2017-04-03
412225.0,4568585.0,2017-04-03
412235.0,4568585.0,2017-04-03
412245.0,4568585.0,2017-04-03
412255.0,4568585.0,2017-04-03
412265.0,4568585.0,2017-04-03
412275.0,4568585.0,2017-04-03
412285.0,4568585.0,2017-04-03
412295.0,4568585.0,2017-04-03
412305.0,4568585.0,2017-04-03
412315.0,4568585.0,2017-04-03
412325.0,4568585.0,2017-04-03
412335.0,4568585.0,2017-04-03
412345.0,4568585.0,2017-04-03
412355.0,4568585.0,2017-04-03
412365.0,4568585.0,2017-04-03
412375.0,4568585.0,2017-04-03
412385.0,4568585.0,2017-04-03
412395.0,4568585.0,2017-04-03
412405.0,4568585.0,2017-04-03
412415.0,4568585.0,2017-04-03
412425.0,4568585.0,2017-04-03
412435.0,4568585.0,2017-04-03
412445.0,4568585.0,2017-04-03
412455.0,4568585.0,2017-04-03
412465.0,4568585.0,2017-04-03
412475.0,4568585.0,2017-04-03
412485.0,4568585.0,2017-04-03
412495.0,4568585.0,2017-04-03
412505.0,4568585.0,2017-04-03
412515.0,4568585.0,2017-04-03
412525.0,4568585.0,2017-04-03
412535.0,4568585.0,2017-04-03
412545.0,4568585.0,2017-04-03
412555.0,4568585.0,2017-04-03
412565.0,4568585.0,2017-04-03
412575.0,4568585.0,2017-04-03
412585.0,4568585.0,2017-04-03
412595.0,4568585.0,2017-04-03
412605.0,4568585.0,2017-04-03
412615.0,4568585.0,2017-04-03
412625.0,4568585.0,2017-04-03
412635.0,4568585.0,2017-04-03
412645.0,4568585.0,2017-04-03
412655.0,4568585.0,2017-04-03
412665.0,4568585.0,2017-04-03
412675.0,4568585.0,2017-04-03
412685.0,4568585.0,2017-04-03
412695.0,4568585.0,2017-04-03
412705.0,4568585.0,2017-04-03
412715.0,4568585.0,2017-04-03
412725.0,4568585.0,2017-04-03
412735.0,4568585.0,2017-04-03
412745.0,4568585.0,2017-04-03
412755.0,4568585.0,2017-04-03
412765.0,4568585.0,2017-04-03
412775.0,4568585.0,2017-04-03
412785.0,4568585.0,2017-04-03
412795.0,4568585.0,2017-04-03
412805.0,4568585.0,2017-04-03
412815.0,4568585.0,2017-04-03
412825.0,4568585.0,2017-04-03
412835.0,4568585.0,2017-04-03
412845.0,4568585.0,2017-04-03
412855.0,4568585.0,2017-04-03
412865.0,4568585.0,2017-04-03
412875.0,4568585.0,2017-04-03
412885.0,4568585.0,2017-04-03
412895.0,4568585.0,2017-04-03
412905.0,4568585.0,2017-04-03
412915.0,4568585.0,2017-04-03
412925.0,4568585.0,2017-04-03
412935.0,4568585.0,2017-04-03
412945.0,4568585.0,2017-04-03
412955.0,4568585.0,2017-04-03
412965.0,4568585.0,2017-04-03
412975.0,4568585.0,2017-04-03
412985.0,4568585.0,2017-04-03
412995.0,4568585.0,2017-04-03
413005.0,4568585.0,2017-04-03
413015.0,4568585.0,2017-04-03
413025.0,4568585.0,2017-04-03
413035.0,4568585.0,2017-04-03
413045.0,4568585.0,2017-04-03
413055.0,4568585.0,2017-04-03
413065.0,4568585.0,2017-04-03
413075.0,4568585.0,2017-04-03
413085.0,4568585.0,2017-04-03
413095.0,4568585.0,2017-04-03
413105.0,4568585.0,2017-04-03
413115.0,4568585.0,2017-04-03
413125.0,4568585.0,2017-04-03
413135.0,4568585.0,2017-04-03
413145.0,4568585.0,2017-04-03
413155.0,4568585.0,2017-04-03
413165.0,4568585.0,2017-04-03
413175.0,4568585.0,2017-04-03
413185.0,4568585.0,2017-04-03
413195.0,4568585.0,2017-04-03
413205.0,4568585.0,2017-04-03
413215.0,4568585.0,2017-04-03
413225.0,4568585.0,2017-04-03
413235.0,4568585.0,2017-04-03
413245.0,4568585.0,2017-04-03
413255.0,4568585.0,2017-04-03
413265.0,4568585.0,2017-04-03
413275.0,4568585.0,2017-04-03
413285.0,4568585.0,2017-04-03
413295.0,4568585.0,2017-04-03
413305.0,4568585.0,2017-04-03
413315.0,4568585.0,2017-04-03
413325.0,4568585.0,2017-04-03
413335.0,4568585.0,2017-04-03
413345.0,4568585.0,2017-04-03
413355.0,4568585.0,2017-04-03
413365.0,4568585.0,2017-04-03
413375.0,4568585.0,2017-04-03
413385.0,4568585.0,2017-04-03
413395.0,4568585.0,2017-04-03
413405.0,4568585.0,2017-04-03
413415.0,4568585.0,2017-04-03
413425.0,4568585.0,2017-04-03
413435.0,4568585.0,2017-04-03
413445.0,4568585.0,2017-04-03
413455.0,4568585.0,2017-04-03
413465.0,4568585.0,2017-04-03
413475.0,4568585.0,2017-04-03
413485.0,4568585.0,2017-04-03
413495.0,4568585.0,2017-04-03
413505.0,4568585.0,2017-04-03
413515.0,4568585.0,2017-04-03
413525.0,4568585.0,2017-04-03
413535.0,4568585.0,2017-04-03
413545.0,4568585.0,2017-04-03
413555.0,4568585.0,2017-04-03
413565.0,4568585.0,2017-04-03
413575.0,4568585.0,2017-04-03
413585.0,4568585.0,2017-04-03
413595.0,4568585.0,2017-04-03
413605.0,4568585.0,2017-04-03
413615.0,4568585.0,2017-04-03
413625.0,4568585.0,2017-04-03
413635.0,4568585.0,2017-04-03
413645.0,4568585.0,2017-04-03
413655.0,4568585.0,2017-04-03
413665.0,4568585.0,2017-04-03
413675.0,4568585.0,2017-04-03
413685.0,4568585.0,2017-04-03
413695.0,4568585.0,2017-04-03
413705.0,4568585.0,2017-04-03
413715.0,4568585.0,2017-04-03
413725.0,4568585.0,2017-04-03
413735.0,4568585.0,2017-04-03
413745.0,4568585.0,2017-04-03
413755.0,4568585.0,2017-04-03
413765.0,4568585.0,2017-04-03
413775.0,4568585.0,2017-04-03
413785.0,4568585.0,2017-04-03
413795.0,4568585.0,2017-04-03
413805.0,4568585.0,2017-04-03
413815.0,4568585.0,2017-04-03
413825.0,4568585.0,2017-04-03
413835.0,4568585.0,2017-04-03
413845.0,4568585.0,2017-04-03
413855.0,4568585.0,2017-04-03
413865.0,4568585.0,2017-04-03
413875.0,4568585.0,2017-04-03
413885.0,4568585.0,2017-04-03
413895.0,4568585.0,2017-04-03
413905.0,4568585.0,2017-04-03
413915.0,4568585.0,2017-04-03
413925.0,4568585.0,2017-04-03
413935.0,4568585.0,2017-04-03
413945.0,4568585.0,2017-04-03
413955.0,4568585.0,2017-04-03
413965.0,4568585.0,2017-04-03
413975.0,4568585.0,2017-04-03
413985.0,4568585.0,2017-04-03
413995.0,4568585.0,2017-04-03
414005.0,4568585.0,2017-04-03
414015.0,4568585.0,2017-04-03
414025.0,4568585.0,2017-04-03
414035.0,4568585.0,2017-04-03
414045.0,4568585.0,2017-04-03
414055.0,4568585.0,2017-04-03
414065.0,4568585.0,2017-04-03
414075.0,4568585.0,2017-04-03
414085.0,4568585.0,2017-04-03
414095.0,4568585.0,2017-04-03
414105.0,4568585.0,2017-04-03
414115.0,4568585.0,2017-04-03
414125.0,4568585.0,2017-04-03
414135.0,4568585.0,2017-04-03
414145.0,4568585.0,2017-04-03
414155.0,4568585.0,2017-04-03
414165.0,4568585.0,2017-04-03
414175.0,4568585.0,2017-04-03
414185.0,4568585.0,2017-04-03
414195.0,4568585.0,2017-04-03
414205.0,4568585.0,2017-04-03
414215.0,4568585.0,2017-04-03
414225.0,4568585.0,2017-04-03
414235.0,4568585.0,2017-04-03
414245.0,4568585.0,2017-04-03
414255.0,4568585.0,2017-04-03
414265.0,4568585.0,2017-04-03
414275.0,4568585.0,2017-04-03
414285.0,4568585.0,2017-04-03
414295.0,4568585.0,2017-04-03
414305.0,4568585.0,2017-04-03
414315.0,4568585.0,2017-04-03
414325.0,4568585.0,2017-04-03
414335.0,4568585.0,2017-04-03
414345.0,4568585.0,2017-04-03
414355.0,4568585.0,2017-04-03
414365.0,4568585.0,2017-04-03
414375.0,4568585.0,2017-04-03
414385.0,4568585.0,2017-04-03
414395.0,4568585.0,2017-04-03
414405.0,4568585.0,2017-04-03
414415.0,4568585.0,2017-04-03
414425.0,4568585.0,2017-04-03
414435.0,4568585.0,2017-04-03
414445.0,4568585.0,2017-04-03
414455.0,4568585.0,2017-04-03
414465.0,4568585.0,2017-04-03
414475.0,4568585.0,2017-04-03
414485.0,4568585.0,2017-04-03
414495.0,4568585.0,2017-04-03
414505.0,4568585.0,2017-04-03
414515.0,4568585.0,2017-04-03
414525.0,4568585.0,2017-04-03
414535.0,4568585.0,2017-04-03
414545.0,4568585.0,2017-04-03
414555.0,4568585.0,2017-04-03
414565.0,4568585.0,2017-04-03
414575.0,4568585.0,2017-04-03
414585.0,4568585.0,2017-04-03
414595.0,4568585.0,2017-04-03
414605.0,4568585.0,2017-04-03
414615.0,4568585.0,2017-04-03
414625.0,4568585.0,2017-04-03
414635.0,4568585.0,2017-04-03
414645.0,4568585.0,2017-04-03
414655.0,4568585.0,2017-04-03
414665.0,4568585.0,2017-04-03
414675.0,4568585.0,2017-04-03
414685.0,4568585.0,2017-04-03
414695.0,4568585.0,2017-04-03
414705.0,4568585.0,2017-04-03
414715.0,4568585.0,2017-04-03
414725.0,4568585.0,2017-04-03
414735.0,4568585.0,2017-04-03
414745.0,4568585.0,2017-04-03
414755.0,4568585.0,2017-04-03
414765.0,4568585.0,2017-04-03
414775.0,4568585.0,2017-04-03
414785.0,4568585.0,2017-04-03
414795.0,4568585.0,2017-04-03
414805.0,4568585.0,2017-04-03
414815.0,4568585.0,2017-04-03
414825.0,4568585.0,2017-04-03
414835.0,4568585.0,2017-04-03
414845.0,4568585.0,2017-04-03
414855.0,4568585.0,2017-04-03
414865.0,4568585.0,2017-04-03
414875.0,4568585.0,2017-04-03
414885.0,4568585.0,2017-04-03
414895.0,4568585.0,2017-04-03
414905.0,4568585.0,2017-04-03
414915.0,4568585.0,2017-04-03
414925.0,4568585.0,2017-04-03
414935.0,4568585.0,2017-04-03
414945.0,4568585.0,2017-04-03
414955.0,4568585.0,2017-04-03
414965.0,4568585.0,2017-04-03
414975.0,4568585.0,2017-04-03
414985.0,4568585.0,2017-04-03
414995.0,4568585.0,2017-04-03
415005.0,4568585.0,2017-04-03
415015.0,4568585.0,2017-04-03
415025.0,4568585.0,2017-04-03
415035.0,4568585.0,2017-04-03
415045.0,4568585.0,2017-04-03
415055.0,4568585.0,2017-04-03
415065.0,4568585.0,2017-04-03
415075.0,4568585.0,2017-04-03
415085.0,4568585.0,2017-04-03
415095.0,4568585.0,2017-04-03
415105.0,4568585.0,2017-04-03
415115.0,4568585.0,2017-04-03
415125.0,4568585.0,2017-04-03
415135.0,4568585.0,2017-04-03
415145.0,4568585.0,2017-04-03
415155.0,4568585.0,2017-04-03
415165.0,4568585.0,2017-04-03
415175.0,4568585.0,2017-04-03
415185.0,4568585.0,2017-04-03
415195.0,4568585.0,2017-04-03
415205.0,4568585.0,2017-04-03
415215.0,4568585.0,2017-04-03
415225.0,4568585.0,2017-04-03
415235.0,4568585.0,2017-04-03
415245.0,4568585.0,2017-04-03
415255.0,4568585.0,2017-04-03
415265.0,4568585.0,2017-04-03
415275.0,4568585.0,2017-04-03
415285.0,4568585.0,2017-04-03
415295.0,4568585.0,2017-04-03
415305.0,4568585.0,2017-04-03
415315.0,4568585.0,2017-04-03
415325.0,4568585.0,2017-04-03
415335.0,4568585.0,2017-04-03
415345.0,4568585.0,2017-04-03
415355.0,4568585.0,2017-04-03
415365.0,4568585.0,2017-04-03
415375.0,4568585.0,2017-04-03
415385.0,4568585.0,2017-04-03
415395.0,4568585.0,2017-04-03
415405.0,4568585.0,2017-04-03
415415.0,4568585.0,2017-04-03
415425.0,4568585.0,2017-04-03
415435.0,4568585.0,2017-04-03
415445.0,4568585.0,2017-04-03
415455.0,4568585.0,2017-04-03
415465.0,4568585.0,2017-04-03
415475.0,4568585.0,2017-04-03
415485.0,4568585.0,2017-04-03
415495.0,4568585.0,2017-04-03
415505.0,4568585.0,2017-04-03
415515.0,4568585.0,2017-04-03
415525.0,4568585.0,2017-04-03
415535.0,4568585.0,2017-04-03
415545.0,4568585.0,2017-04-03
415555.0,4568585.0,2017-04-03
415565.0,4568585.0,2017-04-03
415575.0,4568585.0,2017-04-03
415585.0,4568585.0,2017-04-03
415595.0,4568585.0,2017-04-03
415605.0,4568585.0,2017-04-03
415615.0,4568585.0,2017-04-03
415625.0,4568585.0,2017-04-03
415635.0,4568585.0,2017-04-03
415645.0,4568585.0,2017-04-03
415655.0,4568585.0,2017-04-03
415665.0,4568585.0,2017-04-03
415675.0,4568585.0,2017-04-03
415685.0,4568585.0,2017-04-03
415695.0,4568585.0,2017-04-03
415705.0,4568585.0,2017-04-03
415715.0,4568585.0,2017-04-03
415725.0,4568585.0,2017-04-03
415735.0,4568585.0,2017-04-03
415745.0,4568585.0,2017-04-03
415755.0,4568585.0,2017-04-03
415765.0,4568585.0,2017-04-03
415775.0,4568585.0,2017-04-03
415785.0,4568585.0,2017-04-03
415795.0,4568585.0,2017-04-03
415805.0,4568585.0,2017-04-03
415815.0,4568585.0,2017-04-03
415825.0,4568585.0,2017-04-03
415835.0,4568585.0,2017-04-03
415845.0,4568585.0,2017-04-03
415855.0,4568585.0,2017-04-03
415865.0,4568585.0,2017-04-03
415875.0,4568585.0,2017-04-03
415885.0,4568585.0,2017-04-03
415895.0,4568585.0,2017-04-03
415905.0,4568585.0,2017-04-03
415915.0,4568585.0,2017-04-03
415925.0,4568585.0,2017-04-03
415935.0,4568585.0,2017-04-03
415945.0,4568585.0,2017-04-03
415955.0,4568585.0,2017-04-03
415965.0,4568585.0,2017-04-03
415975.0,4568585.0,2017-04-03
415985.0,4568585.0,2017-04-03
415995.0,4568585.0,2017-04-03
416005.0,4568585.0,2017-04-03
416015.0,4568585.0,2017-04-03
416025.0,4568585.0,2017-04-03
416035.0,4568585.0,2017-04-03
416045.0,4568585.0,2017-04-03
416055.0,4568585.0,2017-04-03
416065.0,4568585.0,2017-04-03
416075.0,4568585.0,2017-04-03
416085.0,4568585.0,2017-04-03
416095.0,4568585.0,2017-04-03
416105.0,4568585.0,2017-04-03
416115.0,4568585.0,2017-04-03
416125.0,4568585.0,2017-04-03
416135.0,4568585.0,2017-04-03
416145.0,4568585.0,2017-04-03
416155.0,4568585.0,2017-04-03
416165.0,4568585.0,2017-04-03
416175.0,4568585.0,2017-04-03
416185.0,4568585.0,2017-04-03
416195.0,4568585.0,2017-04-03
416205.0,4568585.0,2017-04-03
416215.0,4568585.0,2017-04-03
416225.0,4568585.0,2017-04-03
416235.0,4568585.0,2017-04-03
416245.0,4568585.0,2017-04-03
416255.0,4568585.0,2017-04-03
416265.0,4568585.0,2017-04-03
416275.0,4568585.0,2017-04-03
416285.0,4568585.0,2017-04-03
416295.0,4568585.0,2017-04-03
416305.0,4568585.0,2017-04-03
416315.0,4568585.0,2017-04-03
416325.0,4568585.0,2017-04-03
416335.0,4568585.0,2017-04-03
416345.0,4568585.0,2017-04-03
416355.0,4568585.0,2017-04-03
416365.0,4568585.0,2017-04-03
416375.0,4568585.0,2017-04-03
416385.0,4568585.0,2017-04-03
416395.0,4568585.0,2017-04-03
416405.0,4568585.0,2017-04-03
416415.0,4568585.0,2017-04-03
416425.0,4568585.0,2017-04-03
416435.0,4568585.0,2017-04-03
416445.0,4568585.0,2017-04-03
416455.0,4568585.0,2017-04-03
411745.0,4568575.0,2017-04-03
411755.0,4568575.0,2017-04-03
411765.0,4568575.0,2017-04-03
411775.0,4568575.0,2017-04-03
411785.0,4568575.0,2017-04-03
411795.0,4568575.0,2017-04-03
411805.0,4568575.0,2017-04-03
411815.0,4568575.0,2017-04-03
411825.0,4568575.0,2017-04-03
411835.0,4568575.0,2017-04-03
411845.0,4568575.0,2017-04-03
411855.0,4568575.0,2017-04-03
411865.0,4568575.0,2017-04-03
411875.0,4568575.0,2017-04-03
411885.0,4568575.0,2017-04-03
411895.0,4568575.0,2017-04-03
411905.0,4568575.0,2017-04-03
411915.0,4568575.0,2017-04-03
411925.0,4568575.0,2017-04-03
411935.0,4568575.0,2017-04-03
411945.0,4568575.0,2017-04-03
411955.0,4568575.0,2017-04-03
411965.0,4568575.0,2017-04-03
411975.0,4568575.0,2017-04-03
411985.0,4568575.0,2017-04-03
411995.0,4568575.0,2017-04-03
412005.0,4568575.0,2017-04-03
412015.0,4568575.0,2017-04-03
412025.0,4568575.0,2017-04-03
412035.0,4568575.0,2017-04-03
412045.0,4568575.0,2017-04-03
412055.0,4568575.0,2017-04-03
412065.0,4568575.0,2017-04-03
412075.0,4568575.0,2017-04-03
412085.0,4568575.0,2017-04-03
412095.0,4568575.0,2017-04-03
412105.0,4568575.0,2017-04-03
412115.0,4568575.0,2017-04-03
412125.0,4568575.0,2017-04-03
412135.0,4568575.0,2017-04-03
412145.0,4568575.0,2017-04-03
412155.0,4568575.0,2017-04-03
412165.0,4568575.0,2017-04-03
412175.0,4568575.0,2017-04-03
412185.0,4568575.0,2017-04-03
412195.0,4568575.0,2017-04-03
412205.0,4568575.0,2017-04-03
412215.0,4568575.0,2017-04-03
412225.0,4568575.0,2017-04-03
412235.0,4568575.0,2017-04-03
412245.0,4568575.0,2017-04-03
412255.0,4568575.0,2017-04-03
412265.0,4568575.0,2017-04-03
412275.0,4568575.0,2017-04-03
412285.0,4568575.0,2017-04-03
412295.0,4568575.0,2017-04-03
412305.0,4568575.0,2017-04-03
412315.0,4568575.0,2017-04-03
412325.0,4568575.0,2017-04-03
412335.0,4568575.0,2017-04-03
412345.0,4568575.0,2017-04-03
412355.0,4568575.0,2017-04-03
412365.0,4568575.0,2017-04-03
412375.0,4568575.0,2017-04-03
412385.0,4568575.0,2017-04-03
412395.0,4568575.0,2017-04-03
412405.0,4568575.0,2017-04-03
412415.0,4568575.0,2017-04-03
412425.0,4568575.0,2017-04-03
412435.0,4568575.0,2017-04-03
412445.0,4568575.0,2017-04-03
412455.0,4568575.0,2017-04-03
412465.0,4568575.0,2017-04-03
412475.0,4568575.0,2017-04-03
412485.0,4568575.0,2017-04-03
412495.0,4568575.0,2017-04-03
412505.0,4568575.0,2017-04-03
412515.0,4568575.0,2017-04-03
412525.0,4568575.0,2017-04-03
412535.0,4568575.0,2017-04-03
412545.0,4568575.0,2017-04-03
412555.0,4568575.0,2017-04-03
412565.0,4568575.0,2017-04-03
412575.0,4568575.0,2017-04-03
412585.0,4568575.0,2017-04-03
412595.0,4568575.0,2017-04-03
412605.0,4568575.0,2017-04-03
412615.0,4568575.0,2017-04-03
412625.0,4568575.0,2017-04-03
412635.0,4568575.0,2017-04-03
412645.0,4568575.0,2017-04-03
412655.0,4568575.0,2017-04-03
412665.0,4568575.0,2017-04-03
412675.0,4568575.0,2017-04-03
412685.0,4568575.0,2017-04-03
412695.0,4568575.0,2017-04-03
412705.0,4568575.0,2017-04-03
412715.0,4568575.0,2017-04-03
412725.0,4568575.0,2017-04-03
412735.0,4568575.0,2017-04-03
412745.0,4568575.0,2017-04-03
412755.0,4568575.0,2017-04-03
412765.0,4568575.0,2017-04-03
412775.0,4568575.0,2017-04-03
412785.0,4568575.0,2017-04-03
412795.0,4568575.0,2017-04-03
412805.0,4568575.0,2017-04-03
412815.0,4568575.0,2017-04-03
412825.0,4568575.0,2017-04-03
412835.0,4568575.0,2017-04-03
412845.0,4568575.0,2017-04-03
412855.0,4568575.0,2017-04-03
412865.0,4568575.0,2017-04-03
412875.0,4568575.0,2017-04-03
412885.0,4568575.0,2017-04-03
412895.0,4568575.0,2017-04-03
412905.0,4568575.0,2017-04-03
412915.0,4568575.0,2017-04-03
412925.0,4568575.0,2017-04-03
412935.0,4568575.0,2017-04-03
412945.0,4568575.0,2017-04-03
412955.0,4568575.0,2017-04-03
412965.0,4568575.0,2017-04-03
412975.0,4568575.0,2017-04-03
412985.0,4568575.0,2017-04-03
412995.0,4568575.0,2017-04-03
413005.0,4568575.0,2017-04-03
413015.0,4568575.0,2017-04-03
413025.0,4568575.0,2017-04-03
413035.0,4568575.0,2017-04-03
413045.0,4568575.0,2017-04-03
413055.0,4568575.0,2017-04-03
413065.0,4568575.0,2017-04-03
413075.0,4568575.0,2017-04-03
413085.0,4568575.0,2017-04-03
413095.0,4568575.0,2017-04-03
413105.0,4568575.0,2017-04-03
413115.0,4568575.0,2017-04-03
413125.0,4568575.0,2017-04-03
413135.0,4568575.0,2017-04-03
413145.0,4568575.0,2017-04-03
413155.0,4568575.0,2017-04-03
413165.0,4568575.0,2017-04-03
413175.0,4568575.0,2017-04-03
413185.0,4568575.0,2017-04-03
413195.0,4568575.0,2017-04-03
413205.0,4568575.0,2017-04-03
413215.0,4568575.0,2017-04-03
413225.0,4568575.0,2017-04-03
413235.0,4568575.0,2017-04-03
413245.0,4568575.0,2017-04-03
413255.0,4568575.0,2017-04-03
413265.0,4568575.0,2017-04-03
413275.0,4568575.0,2017-04-03
413285.0,4568575.0,2017-04-03
413295.0,4568575.0,2017-04-03
413305.0,4568575.0,2017-04-03
413315.0,4568575.0,2017-04-03
413325.0,4568575.0,2017-04-03
413335.0,4568575.0,2017-04-03
413345.0,4568575.0,2017-04-03
413355.0,4568575.0,2017-04-03
413365.0,4568575.0,2017-04-03
413375.0,4568575.0,2017-04-03
413385.0,4568575.0,2017-04-03
413395.0,4568575.0,2017-04-03
413405.0,4568575.0,2017-04-03
413415.0,4568575.0,2017-04-03
413425.0,4568575.0,2017-04-03
413435.0,4568575.0,2017-04-03
413445.0,4568575.0,2017-04-03
413455.0,4568575.0,2017-04-03
413465.0,4568575.0,2017-04-03
413475.0,4568575.0,2017-04-03
413485.0,4568575.0,2017-04-03
413495.0,4568575.0,2017-04-03
413505.0,4568575.0,2017-04-03
413515.0,4568575.0,2017-04-03
413525.0,4568575.0,2017-04-03
413535.0,4568575.0,2017-04-03
413545.0,4568575.0,2017-04-03
413555.0,4568575.0,2017-04-03
413565.0,4568575.0,2017-04-03
413575.0,4568575.0,2017-04-03
413585.0,4568575.0,2017-04-03
413595.0,4568575.0,2017-04-03
413605.0,4568575.0,2017-04-03
413615.0,4568575.0,2017-04-03
413625.0,4568575.0,2017-04-03
413635.0,4568575.0,2017-04-03
413645.0,4568575.0,2017-04-03
413655.0,4568575.0,2017-04-03
413665.0,4568575.0,2017-04-03
413675.0,4568575.0,2017-04-03
413685.0,4568575.0,2017-04-03
413695.0,4568575.0,2017-04-03
413705.0,4568575.0,2017-04-03
413715.0,4568575.0,2017-04-03
413725.0,4568575.0,2017-04-03
413735.0,4568575.0,2017-04-03
413745.0,4568575.0,2017-04-03
413755.0,4568575.0,2017-04-03
413765.0,4568575.0,2017-04-03
413775.0,4568575.0,2017-04-03
413785.0,4568575.0,2017-04-03
413795.0,4568575.0,2017-04-03
413805.0,4568575.0,2017-04-03
413815.0,4568575.0,2017-04-03
413825.0,4568575.0,2017-04-03
413835.0,4568575.0,2017-04-03
413845.0,4568575.0,2017-04-03
413855.0,4568575.0,2017-04-03
413865.0,4568575.0,2017-04-03
413875.0,4568575.0,2017-04-03
413885.0,4568575.0,2017-04-03
413895.0,4568575.0,2017-04-03
413905.0,4568575.0,2017-04-03
413915.0,4568575.0,2017-04-03
413925.0,4568575.0,2017-04-03
413935.0,4568575.0,2017-04-03
413945.0,4568575.0,2017-04-03
413955.0,4568575.0,2017-04-03
413965.0,4568575.0,2017-04-03
413975.0,4568575.0,2017-04-03
413985.0,4568575.0,2017-04-03
413995.0,4568575.0,2017-04-03
414005.0,4568575.0,2017-04-03
414015.0,4568575.0,2017-04-03
414025.0,4568575.0,2017-04-03
414035.0,4568575.0,2017-04-03
414045.0,4568575.0,2017-04-03
414055.0,4568575.0,2017-04-03
414065.0,4568575.0,2017-04-03
414075.0,4568575.0,2017-04-03
414085.0,4568575.0,2017-04-03
414095.0,4568575.0,2017-04-03
414105.0,4568575.0,2017-04-03
414115.0,4568575.0,2017-04-03
414125.0,4568575.0,2017-04-03
414135.0,4568575.0,2017-04-03
414145.0,4568575.0,2017-04-03
414155.0,4568575.0,2017-04-03
414165.0,4568575.0,2017-04-03
414175.0,4568575.0,2017-04-03
414185.0,4568575.0,2017-04-03
414195.0,4568575.0,2017-04-03
414205.0,4568575.0,2017-04-03
414215.0,4568575.0,2017-04-03
414225.0,4568575.0,2017-04-03
414235.0,4568575.0,2017-04-03
414245.0,4568575.0,2017-04-03
414255.0,4568575.0,2017-04-03
414265.0,4568575.0,2017-04-03
414275.0,4568575.0,2017-04-03
414285.0,4568575.0,2017-04-03
414295.0,4568575.0,2017-04-03
414305.0,4568575.0,2017-04-03
414315.0,4568575.0,2017-04-03
414325.0,4568575.0,2017-04-03
414335.0,4568575.0,2017-04-03
414345.0,4568575.0,2017-04-03
414355.0,4568575.0,2017-04-03
414365.0,4568575.0,2017-04-03
414375.0,4568575.0,2017-04-03
414385.0,4568575.0,2017-04-03
414395.0,4568575.0,2017-04-03
414405.0,4568575.0,2017-04-03
414415.0,4568575.0,2017-04-03
414425.0,4568575.0,2017-04-03
414435.0,4568575.0,2017-04-03
414445.0,4568575.0,2017-04-03
414455.0,4568575.0,2017-04-03
414465.0,4568575.0,2017-04-03
414475.0,4568575.0,2017-04-03
414485.0,4568575.0,2017-04-03
414495.0,4568575.0,2017-04-03
414505.0,4568575.0,2017-04-03
414515.0,4568575.0,2017-04-03
414525.0,4568575.0,2017-04-03
414535.0,4568575.0,2017-04-03
414545.0,4568575.0,2017-04-03
414555.0,4568575.0,2017-04-03
414565.0,4568575.0,2017-04-03
414575.0,4568575.0,2017-04-03
414585.0,4568575.0,2017-04-03
414595.0,4568575.0,2017-04-03
414605.0,4568575.0,2017-04-03
414615.0,4568575.0,2017-04-03
414625.0,4568575.0,2017-04-03
414635.0,4568575.0,2017-04-03
414645.0,4568575.0,2017-04-03
414655.0,4568575.0,2017-04-03
414665.0,4568575.0,2017-04-03
414675.0,4568575.0,2017-04-03
414685.0,4568575.0,2017-04-03
414695.0,4568575.0,2017-04-03
414705.0,4568575.0,2017-04-03
414715.0,4568575.0,2017-04-03
414725.0,4568575.0,2017-04-03
414735.0,4568575.0,2017-04-03
414745.0,4568575.0,2017-04-03
414755.0,4568575.0,2017-04-03
414765.0,4568575.0,2017-04-03
414775.0,4568575.0,2017-04-03
414785.0,4568575.0,2017-04-03
414795.0,4568575.0,2017-04-03
414805.0,4568575.0,2017-04-03
414815.0,4568575.0,2017-04-03
414825.0,4568575.0,2017-04-03
414835.0,4568575.0,2017-04-03
414845.0,4568575.0,2017-04-03
414855.0,4568575.0,2017-04-03
414865.0,4568575.0,2017-04-03
414875.0,4568575.0,2017-04-03
414885.0,4568575.0,2017-04-03
414895.0,4568575.0,2017-04-03
414905.0,4568575.0,2017-04-03
414915.0,4568575.0,2017-04-03
414925.0,4568575.0,2017-04-03
414935.0,4568575.0,2017-04-03
414945.0,4568575.0,2017-04-03
414955.0,4568575.0,2017-04-03
414965.0,4568575.0,2017-04-03
414975.0,4568575.0,2017-04-03
414985.0,4568575.0,2017-04-03
414995.0,4568575.0,2017-04-03
415005.0,4568575.0,2017-04-03
415015.0,4568575.0,2017-04-03
415025.0,4568575.0,2017-04-03
415035.0,4568575.0,2017-04-03
415045.0,4568575.0,2017-04-03
415055.0,4568575.0,2017-04-03
415065.0,4568575.0,2017-04-03
415075.0,4568575.0,2017-04-03
415085.0,4568575.0,2017-04-03
415095.0,4568575.0,2017-04-03
415105.0,4568575.0,2017-04-03
415115.0,4568575.0,2017-04-03
415125.0,4568575.0,2017-04-03
415135.0,4568575.0,2017-04-03
415145.0,4568575.0,2017-04-03
415155.0,4568575.0,2017-04-03
415165.0,4568575.0,2017-04-03
415175.0,4568575.0,2017-04-03
415185.0,4568575.0,2017-04-03
415195.0,4568575.0,2017-04-03
415205.0,4568575.0,2017-04-03
415215.0,4568575.0,2017-04-03
415225.0,4568575.0,2017-04-03
415235.0,4568575.0,2017-04-03
415245.0,4568575.0,2017-04-03
415255.0,4568575.0,2017-04-03
415265.0,4568575.0,2017-04-03
415275.0,4568575.0,2017-04-03
415285.0,4568575.0,2017-04-03
415295.0,4568575.0,2017-04-03
415305.0,4568575.0,2017-04-03
415315.0,4568575.0,2017-04-03
415325.0,4568575.0,2017-04-03
415335.0,4568575.0,2017-04-03
415345.0,4568575.0,2017-04-03
415355.0,4568575.0,2017-04-03
415365.0,4568575.0,2017-04-03
415375.0,4568575.0,2017-04-03
415385.0,4568575.0,2017-04-03
415395.0,4568575.0,2017-04-03
415405.0,4568575.0,2017-04-03
415415.0,4568575.0,2017-04-03
415425.0,4568575.0,2017-04-03
415435.0,4568575.0,2017-04-03
415445.0,4568575.0,2017-04-03
415455.0,4568575.0,2017-04-03
415465.0,4568575.0,2017-04-03
415475.0,4568575.0,2017-04-03
415485.0,4568575.0,2017-04-03
415495.0,4568575.0,2017-04-03
415505.0,4568575.0,2017-04-03
415515.0,4568575.0,2017-04-03
415525.0,4568575.0,2017-04-03
415535.0,4568575.0,2017-04-03
415545.0,4568575.0,2017-04-03
415555.0,4568575.0,2017-04-03
415565.0,4568575.0,2017-04-03
415575.0,4568575.0,2017-04-03
415585.0,4568575.0,2017-04-03
415595.0,4568575.0,2017-04-03
415605.0,4568575.0,2017-04-03
415615.0,4568575.0,2017-04-03
415625.0,4568575.0,2017-04-03
415635.0,4568575.0,2017-04-03
415645.0,4568575.0,2017-04-03
415655.0,4568575.0,2017-04-03
415665.0,4568575.0,2017-04-03
415675.0,4568575.0,2017-04-03
415685.0,4568575.0,2017-04-03
415695.0,4568575.0,2017-04-03
415705.0,4568575.0,2017-04-03
415715.0,4568575.0,2017-04-03
415725.0,4568575.0,2017-04-03
415735.0,4568575.0,2017-04-03
415745.0,4568575.0,2017-04-03
415755.0,4568575.0,2017-04-03
415765.0,4568575.0,2017-04-03
415775.0,4568575.0,2017-04-03
415785.0,4568575.0,2017-04-03
415795.0,4568575.0,2017-04-03
415805.0,4568575.0,2017-04-03
415815.0,4568575.0,2017-04-03
415825.0,4568575.0,2017-04-03
415835.0,4568575.0,2017-04-03
415845.0,4568575.0,2017-04-03
415855.0,4568575.0,2017-04-03
415865.0,4568575.0,2017-04-03
415875.0,4568575.0,2017-04-03
415885.0,4568575.0,2017-04-03
415895.0,4568575.0,2017-04-03
415905.0,4568575.0,2017-04-03
415915.0,4568575.0,2017-04-03
415925.0,4568575.0,2017-04-03
415935.0,4568575.0,2017-04-03
415945.0,4568575.0,2017-04-03
415955.0,4568575.0,2017-04-03
415965.0,4568575.0,2017-04-03
415975.0,4568575.0,2017-04-03
415985.0,4568575.0,2017-04-03
415995.0,4568575.0,2017-04-03
416005.0,4568575.0,2017-04-03
416015.0,4568575.0,2017-04-03
416025.0,4568575.0,2017-04-03
416035.0,4568575.0,2017-04-03
416045.0,4568575.0,2017-04-03
416055.0,4568575.0,2017-04-03
416065.0,4568575.0,2017-04-03
416075.0,4568575.0,2017-04-03
416085.0,4568575.0,2017-04-03
416095.0,4568575.0,2017-04-03
416105.0,4568575.0,2017-04-03
416115.0,4568575.0,2017-04-03
416125.0,4568575.0,2017-04-03
416135.0,4568575.0,2017-04-03
416145.0,4568575.0,2017-04-03
416155.0,4568575.0,2017-04-03
416165.0,4568575.0,2017-04-03
416175.0,4568575.0,2017-04-03
416185.0,4568575.0,2017-04-03
416195.0,4568575.0,2017-04-03
416205.0,4568575.0,2017-04-03
416215.0,4568575.0,2017-04-03
416225.0,4568575.0,2017-04-03
416235.0,4568575.0,2017-04-03
416245.0,4568575.0,2017-04-03
416255.0,4568575.0,2017-04-03
416265.0,4568575.0,2017-04-03
416275.0,4568575.0,2017-04-03
416285.0,4568575.0,2017-04-03
416295.0,4568575.0,2017-04-03
416305.0,4568575.0,2017-04-03
416315.0,4568575.0,2017-04-03
416325.0,4568575.0,2017-04-03
416335.0,4568575.0,2017-04-03
416345.0,4568575.0,2017-04-03
416355.0,4568575.0,2017-04-03
416365.0,4568575.0,2017-04-03
416375.0,4568575.0,2017-04-03
416385.0,4568575.0,2017-04-03
416395.0,4568575.0,2017-04-03
416405.0,4568575.0,2017-04-03
416415.0,4568575.0,2017-04-03
416425.0,4568575.0,2017-04-03
416435.0,4568575.0,2017-04-03
416445.0,4568575.0,2017-04-03
416455.0,4568575.0,2017-04-03
411745.0,4568565.0,2017-04-03
411755.0,4568565.0,2017-04-03
411765.0,4568565.0,2017-04-03
411775.0,4568565.0,2017-04-03
411785.0,4568565.0,2017-04-03
411795.0,4568565.0,2017-04-03
411805.0,4568565.0,2017-04-03
411815.0,4568565.0,2017-04-03
411825.0,4568565.0,2017-04-03
411835.0,4568565.0,2017-04-03
411845.0,4568565.0,2017-04-03
411855.0,4568565.0,2017-04-03
411865.0,4568565.0,2017-04-03
411875.0,4568565.0,2017-04-03
411885.0,4568565.0,2017-04-03
411895.0,4568565.0,2017-04-03
411905.0,4568565.0,2017-04-03
411915.0,4568565.0,2017-04-03
411925.0,4568565.0,2017-04-03
411935.0,4568565.0,2017-04-03
411945.0,4568565.0,2017-04-03
411955.0,4568565.0,2017-04-03
411965.0,4568565.0,2017-04-03
411975.0,4568565.0,2017-04-03
411985.0,4568565.0,2017-04-03
411995.0,4568565.0,2017-04-03
412005.0,4568565.0,2017-04-03
412015.0,4568565.0,2017-04-03
412025.0,4568565.0,2017-04-03
412035.0,4568565.0,2017-04-03
412045.0,4568565.0,2017-04-03
412055.0,4568565.0,2017-04-03
412065.0,4568565.0,2017-04-03
412075.0,4568565.0,2017-04-03
412085.0,4568565.0,2017-04-03
412095.0,4568565.0,2017-04-03
412105.0,4568565.0,2017-04-03
412115.0,4568565.0,2017-04-03
412125.0,4568565.0,2017-04-03
412135.0,4568565.0,2017-04-03
412145.0,4568565.0,2017-04-03
412155.0,4568565.0,2017-04-03
412165.0,4568565.0,2017-04-03
412175.0,4568565.0,2017-04-03
412185.0,4568565.0,2017-04-03
412195.0,4568565.0,2017-04-03
412205.0,4568565.0,2017-04-03
412215.0,4568565.0,2017-04-03
412225.0,4568565.0,2017-04-03
412235.0,4568565.0,2017-04-03
412245.0,4568565.0,2017-04-03
412255.0,4568565.0,2017-04-03
412265.0,4568565.0,2017-04-03
412275.0,4568565.0,2017-04-03
412285.0,4568565.0,2017-04-03
412295.0,4568565.0,2017-04-03
412305.0,4568565.0,2017-04-03
412315.0,4568565.0,2017-04-03
412325.0,4568565.0,2017-04-03
412335.0,4568565.0,2017-04-03
412345.0,4568565.0,2017-04-03
412355.0,4568565.0,2017-04-03
412365.0,4568565.0,2017-04-03
412375.0,4568565.0,2017-04-03
412385.0,4568565.0,2017-04-03
412395.0,4568565.0,2017-04-03
412405.0,4568565.0,2017-04-03
412415.0,4568565.0,2017-04-03
412425.0,4568565.0,2017-04-03
412435.0,4568565.0,2017-04-03
412445.0,4568565.0,2017-04-03
412455.0,4568565.0,2017-04-03
412465.0,4568565.0,2017-04-03
412475.0,4568565.0,2017-04-03
412485.0,4568565.0,2017-04-03
412495.0,4568565.0,2017-04-03
412505.0,4568565.0,2017-04-03
412515.0,4568565.0,2017-04-03
412525.0,4568565.0,2017-04-03
412535.0,4568565.0,2017-04-03
412545.0,4568565.0,2017-04-03
412555.0,4568565.0,2017-04-03
412565.0,4568565.0,2017-04-03
412575.0,4568565.0,2017-04-03
412585.0,4568565.0,2017-04-03
412595.0,4568565.0,2017-04-03
412605.0,4568565.0,2017-04-03
412615.0,4568565.0,2017-04-03
412625.0,4568565.0,2017-04-03
412635.0,4568565.0,2017-04-03
412645.0,4568565.0,2017-04-03
412655.0,4568565.0,2017-04-03
412665.0,4568565.0,2017-04-03
412675.0,4568565.0,2017-04-03
412685.0,4568565.0,2017-04-03
412695.0,4568565.0,2017-04-03
412705.0,4568565.0,2017-04-03
412715.0,4568565.0,2017-04-03
412725.0,4568565.0,2017-04-03
412735.0,4568565.0,2017-04-03
412745.0,4568565.0,2017-04-03
412755.0,4568565.0,2017-04-03
412765.0,4568565.0,2017-04-03
412775.0,4568565.0,2017-04-03
412785.0,4568565.0,2017-04-03
412795.0,4568565.0,2017-04-03
412805.0,4568565.0,2017-04-03
412815.0,4568565.0,2017-04-03
412825.0,4568565.0,2017-04-03
412835.0,4568565.0,2017-04-03
412845.0,4568565.0,2017-04-03
412855.0,4568565.0,2017-04-03
412865.0,4568565.0,2017-04-03
412875.0,4568565.0,2017-04-03
412885.0,4568565.0,2017-04-03
412895.0,4568565.0,2017-04-03
412905.0,4568565.0,2017-04-03
412915.0,4568565.0,2017-04-03
412925.0,4568565.0,2017-04-03
412935.0,4568565.0,2017-04-03
412945.0,4568565.0,2017-04-03
412955.0,4568565.0,2017-04-03
412965.0,4568565.0,2017-04-03
412975.0,4568565.0,2017-04-03
412985.0,4568565.0,2017-04-03
412995.0,4568565.0,2017-04-03
413005.0,4568565.0,2017-04-03
413015.0,4568565.0,2017-04-03
413025.0,4568565.0,2017-04-03
413035.0,4568565.0,2017-04-03
413045.0,4568565.0,2017-04-03
413055.0,4568565.0,2017-04-03
413065.0,4568565.0,2017-04-03
413075.0,4568565.0,2017-04-03
413085.0,4568565.0,2017-04-03
413095.0,4568565.0,2017-04-03
413105.0,4568565.0,2017-04-03
413115.0,4568565.0,2017-04-03
413125.0,4568565.0,2017-04-03
413135.0,4568565.0,2017-04-03
413145.0,4568565.0,2017-04-03
413155.0,4568565.0,2017-04-03
413165.0,4568565.0,2017-04-03
413175.0,4568565.0,2017-04-03
413185.0,4568565.0,2017-04-03
413195.0,4568565.0,2017-04-03
413205.0,4568565.0,2017-04-03
413215.0,4568565.0,2017-04-03
413225.0,4568565.0,2017-04-03
413235.0,4568565.0,2017-04-03
413245.0,4568565.0,2017-04-03
413255.0,4568565.0,2017-04-03
413265.0,4568565.0,2017-04-03
413275.0,4568565.0,2017-04-03
413285.0,4568565.0,2017-04-03
413295.0,4568565.0,2017-04-03
413305.0,4568565.0,2017-04-03
413315.0,4568565.0,2017-04-03
413325.0,4568565.0,2017-04-03
413335.0,4568565.0,2017-04-03
413345.0,4568565.0,2017-04-03
413355.0,4568565.0,2017-04-03
413365.0,4568565.0,2017-04-03
413375.0,4568565.0,2017-04-03
413385.0,4568565.0,2017-04-03
413395.0,4568565.0,2017-04-03
413405.0,4568565.0,2017-04-03
413415.0,4568565.0,2017-04-03
413425.0,4568565.0,2017-04-03
413435.0,4568565.0,2017-04-03
413445.0,4568565.0,2017-04-03
413455.0,4568565.0,2017-04-03
413465.0,4568565.0,2017-04-03
413475.0,4568565.0,2017-04-03
413485.0,4568565.0,2017-04-03
413495.0,4568565.0,2017-04-03
413505.0,4568565.0,2017-04-03
413515.0,4568565.0,2017-04-03
413525.0,4568565.0,2017-04-03
413535.0,4568565.0,2017-04-03
413545.0,4568565.0,2017-04-03
413555.0,4568565.0,2017-04-03
413565.0,4568565.0,2017-04-03
413575.0,4568565.0,2017-04-03
413585.0,4568565.0,2017-04-03
413595.0,4568565.0,2017-04-03
413605.0,4568565.0,2017-04-03
413615.0,4568565.0,2017-04-03
413625.0,4568565.0,2017-04-03
413635.0,4568565.0,2017-04-03
413645.0,4568565.0,2017-04-03
413655.0,4568565.0,2017-04-03
413665.0,4568565.0,2017-04-03
413675.0,4568565.0,2017-04-03
413685.0,4568565.0,2017-04-03
413695.0,4568565.0,2017-04-03
413705.0,4568565.0,2017-04-03
413715.0,4568565.0,2017-04-03
413725.0,4568565.0,2017-04-03
413735.0,4568565.0,2017-04-03
413745.0,4568565.0,2017-04-03
413755.0,4568565.0,2017-04-03
413765.0,4568565.0,2017-04-03
413775.0,4568565.0,2017-04-03
413785.0,4568565.0,2017-04-03
413795.0,4568565.0,2017-04-03
413805.0,4568565.0,2017-04-03
413815.0,4568565.0,2017-04-03
413825.0,4568565.0,2017-04-03
413835.0,4568565.0,2017-04-03
413845.0,4568565.0,2017-04-03
413855.0,4568565.0,2017-04-03
413865.0,4568565.0,2017-04-03
413875.0,4568565.0,2017-04-03
413885.0,4568565.0,2017-04-03
413895.0,4568565.0,2017-04-03
413905.0,4568565.0,2017-04-03
413915.0,4568565.0,2017-04-03
413925.0,4568565.0,2017-04-03
413935.0,4568565.0,2017-04-03
413945.0,4568565.0,2017-04-03
413955.0,4568565.0,2017-04-03
413965.0,4568565.0,2017-04-03
413975.0,4568565.0,2017-04-03
413985.0,4568565.0,2017-04-03
413995.0,4568565.0,2017-04-03
414005.0,4568565.0,2017-04-03
414015.0,4568565.0,2017-04-03
414025.0,4568565.0,2017-04-03
414035.0,4568565.0,2017-04-03
414045.0,4568565.0,2017-04-03
414055.0,4568565.0,2017-04-03
414065.0,4568565.0,2017-04-03
414075.0,4568565.0,2017-04-03
414085.0,4568565.0,2017-04-03
414095.0,4568565.0,2017-04-03
414105.0,4568565.0,2017-04-03
414115.0,4568565.0,2017-04-03
414125.0,4568565.0,2017-04-03
414135.0,4568565.0,2017-04-03
414145.0,4568565.0,2017-04-03
414155.0,4568565.0,2017-04-03
414165.0,4568565.0,2017-04-03
414175.0,4568565.0,2017-04-03
414185.0,4568565.0,2017-04-03
414195.0,4568565.0,2017-04-03
414205.0,4568565.0,2017-04-03
414215.0,4568565.0,2017-04-03
414225.0,4568565.0,2017-04-03
414235.0,4568565.0,2017-04-03
414245.0,4568565.0,2017-04-03
414255.0,4568565.0,2017-04-03
414265.0,4568565.0,2017-04-03
414275.0,4568565.0,2017-04-03
414285.0,4568565.0,2017-04-03
414295.0,4568565.0,2017-04-03
414305.0,4568565.0,2017-04-03
414315.0,4568565.0,2017-04-03
414325.0,4568565.0,2017-04-03
414335.0,4568565.0,2017-04-03
414345.0,4568565.0,2017-04-03
414355.0,4568565.0,2017-04-03
414365.0,4568565.0,2017-04-03
414375.0,4568565.0,2017-04-03
414385.0,4568565.0,2017-04-03
414395.0,4568565.0,2017-04-03
414405.0,4568565.0,2017-04-03
414415.0,4568565.0,2017-04-03
414425.0,4568565.0,2017-04-03
414435.0,4568565.0,2017-04-03
414445.0,4568565.0,2017-04-03
414455.0,4568565.0,2017-04-03
414465.0,4568565.0,2017-04-03
414475.0,4568565.0,2017-04-03
414485.0,4568565.0,2017-04-03
414495.0,4568565.0,2017-04-03
414505.0,4568565.0,2017-04-03
414515.0,4568565.0,2017-04-03
414525.0,4568565.0,2017-04-03
414535.0,4568565.0,2017-04-03
414545.0,4568565.0,2017-04-03
414555.0,4568565.0,2017-04-03
414565.0,4568565.0,2017-04-03
414575.0,4568565.0,2017-04-03
414585.0,4568565.0,2017-04-03
414595.0,4568565.0,2017-04-03
414605.0,4568565.0,2017-04-03
414615.0,4568565.0,2017-04-03
414625.0,4568565.0,2017-04-03
414635.0,4568565.0,2017-04-03
414645.0,4568565.0,2017-04-03
414655.0,4568565.0,2017-04-03
414665.0,4568565.0,2017-04-03
414675.0,4568565.0,2017-04-03
414685.0,4568565.0,2017-04-03
414695.0,4568565.0,2017-04-03
414705.0,4568565.0,2017-04-03
414715.0,4568565.0,2017-04-03
414725.0,4568565.0,2017-04-03
414735.0,4568565.0,2017-04-03
414745.0,4568565.0,2017-04-03
414755.0,4568565.0,2017-04-03
414765.0,4568565.0,2017-04-03
414775.0,4568565.0,2017-04-03
414785.0,4568565.0,2017-04-03
414795.0,4568565.0,2017-04-03
414805.0,4568565.0,2017-04-03
414815.0,4568565.0,2017-04-03
414825.0,4568565.0,2017-04-03
414835.0,4568565.0,2017-04-03
414845.0,4568565.0,2017-04-03
414855.0,4568565.0,2017-04-03
414865.0,4568565.0,2017-04-03
414875.0,4568565.0,2017-04-03
414885.0,4568565.0,2017-04-03
414895.0,4568565.0,2017-04-03
414905.0,4568565.0,2017-04-03
414915.0,4568565.0,2017-04-03
414925.0,4568565.0,2017-04-03
414935.0,4568565.0,2017-04-03
414945.0,4568565.0,2017-04-03
414955.0,4568565.0,2017-04-03
414965.0,4568565.0,2017-04-03
414975.0,4568565.0,2017-04-03
414985.0,4568565.0,2017-04-03
414995.0,4568565.0,2017-04-03
415005.0,4568565.0,2017-04-03
415015.0,4568565.0,2017-04-03
415025.0,4568565.0,2017-04-03
415035.0,4568565.0,2017-04-03
415045.0,4568565.0,2017-04-03
415055.0,4568565.0,2017-04-03
415065.0,4568565.0,2017-04-03
415075.0,4568565.0,2017-04-03
415085.0,4568565.0,2017-04-03
415095.0,4568565.0,2017-04-03
415105.0,4568565.0,2017-04-03
415115.0,4568565.0,2017-04-03
415125.0,4568565.0,2017-04-03
415135.0,4568565.0,2017-04-03
415145.0,4568565.0,2017-04-03
415155.0,4568565.0,2017-04-03
415165.0,4568565.0,2017-04-03
415175.0,4568565.0,2017-04-03
415185.0,4568565.0,2017-04-03
415195.0,4568565.0,2017-04-03
415205.0,4568565.0,2017-04-03
415215.0,4568565.0,2017-04-03
415225.0,4568565.0,2017-04-03
415235.0,4568565.0,2017-04-03
415245.0,4568565.0,2017-04-03
415255.0,4568565.0,2017-04-03
415265.0,4568565.0,2017-04-03
415275.0,4568565.0,2017-04-03
415285.0,4568565.0,2017-04-03
415295.0,4568565.0,2017-04-03
415305.0,4568565.0,2017-04-03
415315.0,4568565.0,2017-04-03
415325.0,4568565.0,2017-04-03
415335.0,4568565.0,2017-04-03
415345.0,4568565.0,2017-04-03
415355.0,4568565.0,2017-04-03
415365.0,4568565.0,2017-04-03
415375.0,4568565.0,2017-04-03
415385.0,4568565.0,2017-04-03
415395.0,4568565.0,2017-04-03
415405.0,4568565.0,2017-04-03
415415.0,4568565.0,2017-04-03
415425.0,4568565.0,2017-04-03
415435.0,4568565.0,2017-04-03
415445.0,4568565.0,2017-04-03
415455.0,4568565.0,2017-04-03
415465.0,4568565.0,2017-04-03
415475.0,4568565.0,2017-04-03
415485.0,4568565.0,2017-04-03
415495.0,4568565.0,2017-04-03
415505.0,4568565.0,2017-04-03
415515.0,4568565.0,2017-04-03
415525.0,4568565.0,2017-04-03
415535.0,4568565.0,2017-04-03
415545.0,4568565.0,2017-04-03
415555.0,4568565.0,2017-04-03
415565.0,4568565.0,2017-04-03
415575.0,4568565.0,2017-04-03
415585.0,4568565.0,2017-04-03
415595.0,4568565.0,2017-04-03
415605.0,4568565.0,2017-04-03
415615.0,4568565.0,2017-04-03
415625.0,4568565.0,2017-04-03
415635.0,4568565.0,2017-04-03
415645.0,4568565.0,2017-04-03
415655.0,4568565.0,2017-04-03
415665.0,4568565.0,2017-04-03
415675.0,4568565.0,2017-04-03
415685.0,4568565.0,2017-04-03
415695.0,4568565.0,2017-04-03
415705.0,4568565.0,2017-04-03
415715.0,4568565.0,2017-04-03
415725.0,4568565.0,2017-04-03
415735.0,4568565.0,2017-04-03
415745.0,4568565.0,2017-04-03
415755.0,4568565.0,2017-04-03
415765.0,4568565.0,2017-04-03
415775.0,4568565.0,2017-04-03
415785.0,4568565.0,2017-04-03
415795.0,4568565.0,2017-04-03
415805.0,4568565.0,2017-04-03
415815.0,4568565.0,2017-04-03
415825.0,4568565.0,2017-04-03
415835.0,4568565.0,2017-04-03
415845.0,4568565.0,2017-04-03
415855.0,4568565.0,2017-04-03
415865.0,4568565.0,2017-04-03
415875.0,4568565.0,2017-04-03
415885.0,4568565.0,2017-04-03
415895.0,4568565.0,2017-04-03
415905.0,4568565.0,2017-04-03
415915.0,4568565.0,2017-04-03
415925.0,4568565.0,2017-04-03
415935.0,4568565.0,2017-04-03
415945.0,4568565.0,2017-04-03
415955.0,4568565.0,2017-04-03
415965.0,4568565.0,2017-04-03
415975.0,4568565.0,2017-04-03
415985.0,4568565.0,2017-04-03
415995.0,4568565.0,2017-04-03
416005.0,4568565.0,2017-04-03
416015.0,4568565.0,2017-04-03
416025.0,4568565.0,2017-04-03
416035.0,4568565.0,2017-04-03
416045.0,4568565.0,2017-04-03
416055.0,4568565.0,2017-04-03
416065.0,4568565.0,2017-04-03
416075.0,4568565.0,2017-04-03
416085.0,4568565.0,2017-04-03
416095.0,4568565.0,2017-04-03
416105.0,4568565.0,2017-04-03
416115.0,4568565.0,2017-04-03
416125.0,4568565.0,2017-04-03
416135.0,4568565.0,2017-04-03
416145.0,4568565.0,2017-04-03
416155.0,4568565.0,2017-04-03
416165.0,4568565.0,2017-04-03
416175.0,4568565.0,2017-04-03
416185.0,4568565.0,2017-04-03
416195.0,4568565.0,2017-04-03
416205.0,4568565.0,2017-04-03
416215.0,4568565.0,2017-04-03
416225.0,4568565.0,2017-04-03
416235.0,4568565.0,2017-04-03
416245.0,4568565.0,2017-04-03
416255.0,4568565.0,2017-04-03
416265.0,4568565.0,2017-04-03
416275.0,4568565.0,2017-04-03
416285.0,4568565.0,2017-04-03
416295.0,4568565.0,2017-04-03
416305.0,4568565.0,2017-04-03
416315.0,4568565.0,2017-04-03
416325.0,4568565.0,2017-04-03
416335.0,4568565.0,2017-04-03
416345.0,4568565.0,2017-04-03
416355.0,4568565.0,2017-04-03
416365.0,4568565.0,2017-04-03
416375.0,4568565.0,2017-04-03
416385.0,4568565.0,2017-04-03
416395.0,4568565.0,2017-04-03
416405.0,4568565.0,2017-04-03
416415.0,4568565.0,2017-04-03
416425.0,4568565.0,2017-04-03
416435.0,4568565.0,2017-04-03
416445.0,4568565.0,2017-04-03
416455.0,4568565.0,2017-04-03
411745.0,4568555.0,2017-04-03
411755.0,4568555.0,2017-04-03
411765.0,4568555.0,2017-04-03
411775.0,4568555.0,2017-04-03
411785.0,4568555.0,2017-04-03
411795.0,4568555.0,2017-04-03
411805.0,4568555.0,2017-04-03
411815.0,4568555.0,2017-04-03
411825.0,4568555.0,2017-04-03
411835.0,4568555.0,2017-04-03
411845.0,4568555.0,2017-04-03
411855.0,4568555.0,2017-04-03
411865.0,4568555.0,2017-04-03
411875.0,4568555.0,2017-04-03
411885.0,4568555.0,2017-04-03
411895.0,4568555.0,2017-04-03
411905.0,4568555.0,2017-04-03
411915.0,4568555.0,2017-04-03
411925.0,4568555.0,2017-04-03
411935.0,4568555.0,2017-04-03
411945.0,4568555.0,2017-04-03
411955.0,4568555.0,2017-04-03
411965.0,4568555.0,2017-04-03
411975.0,4568555.0,2017-04-03
411985.0,4568555.0,2017-04-03
411995.0,4568555.0,2017-04-03
412005.0,4568555.0,2017-04-03
412015.0,4568555.0,2017-04-03
412025.0,4568555.0,2017-04-03
412035.0,4568555.0,2017-04-03
412045.0,4568555.0,2017-04-03
412055.0,4568555.0,2017-04-03
412065.0,4568555.0,2017-04-03
412075.0,4568555.0,2017-04-03
412085.0,4568555.0,2017-04-03
412095.0,4568555.0,2017-04-03
412105.0,4568555.0,2017-04-03
412115.0,4568555.0,2017-04-03
412125.0,4568555.0,2017-04-03
412135.0,4568555.0,2017-04-03
412145.0,4568555.0,2017-04-03
412155.0,4568555.0,2017-04-03
412165.0,4568555.0,2017-04-03
412175.0,4568555.0,2017-04-03
412185.0,4568555.0,2017-04-03
412195.0,4568555.0,2017-04-03
412205.0,4568555.0,2017-04-03
412215.0,4568555.0,2017-04-03
412225.0,4568555.0,2017-04-03
412235.0,4568555.0,2017-04-03
412245.0,4568555.0,2017-04-03
412255.0,4568555.0,2017-04-03
412265.0,4568555.0,2017-04-03
412275.0,4568555.0,2017-04-03
412285.0,4568555.0,2017-04-03
412295.0,4568555.0,2017-04-03
412305.0,4568555.0,2017-04-03
412315.0,4568555.0,2017-04-03
412325.0,4568555.0,2017-04-03
412335.0,4568555.0,2017-04-03
412345.0,4568555.0,2017-04-03
412355.0,4568555.0,2017-04-03
412365.0,4568555.0,2017-04-03
412375.0,4568555.0,2017-04-03
412385.0,4568555.0,2017-04-03
412395.0,4568555.0,2017-04-03
412405.0,4568555.0,2017-04-03
412415.0,4568555.0,2017-04-03
412425.0,4568555.0,2017-04-03
412435.0,4568555.0,2017-04-03
412445.0,4568555.0,2017-04-03
412455.0,4568555.0,2017-04-03
412465.0,4568555.0,2017-04-03
412475.0,4568555.0,2017-04-03
412485.0,4568555.0,2017-04-03
412495.0,4568555.0,2017-04-03
412505.0,4568555.0,2017-04-03
412515.0,4568555.0,2017-04-03
412525.0,4568555.0,2017-04-03
412535.0,4568555.0,2017-04-03
412545.0,4568555.0,2017-04-03
412555.0,4568555.0,2017-04-03
412565.0,4568555.0,2017-04-03
412575.0,4568555.0,2017-04-03
412585.0,4568555.0,2017-04-03
412595.0,4568555.0,2017-04-03
412605.0,4568555.0,2017-04-03
412615.0,4568555.0,2017-04-03
412625.0,4568555.0,2017-04-03
412635.0,4568555.0,2017-04-03
412645.0,4568555.0,2017-04-03
412655.0,4568555.0,2017-04-03
412665.0,4568555.0,2017-04-03
412675.0,4568555.0,2017-04-03
412685.0,4568555.0,2017-04-03
412695.0,4568555.0,2017-04-03
412705.0,4568555.0,2017-04-03
412715.0,4568555.0,2017-04-03
412725.0,4568555.0,2017-04-03
412735.0,4568555.0,2017-04-03
412745.0,4568555.0,2017-04-03
412755.0,4568555.0,2017-04-03
412765.0,4568555.0,2017-04-03
412775.0,4568555.0,2017-04-03
412785.0,4568555.0,2017-04-03
412795.0,4568555.0,2017-04-03
412805.0,4568555.0,2017-04-03
412815.0,4568555.0,2017-04-03
412825.0,4568555.0,2017-04-03
412835.0,4568555.0,2017-04-03
412845.0,4568555.0,2017-04-03
412855.0,4568555.0,2017-04-03
412865.0,4568555.0,2017-04-03
412875.0,4568555.0,2017-04-03
412885.0,4568555.0,2017-04-03
412895.0,4568555.0,2017-04-03
412905.0,4568555.0,2017-04-03
412915.0,4568555.0,2017-04-03
412925.0,4568555.0,2017-04-03
412935.0,4568555.0,2017-04-03
412945.0,4568555.0,2017-04-03
412955.0,4568555.0,2017-04-03
412965.0,4568555.0,2017-04-03
412975.0,4568555.0,2017-04-03
412985.0,4568555.0,2017-04-03
412995.0,4568555.0,2017-04-03
413005.0,4568555.0,2017-04-03
413015.0,4568555.0,2017-04-03
413025.0,4568555.0,2017-04-03
413035.0,4568555.0,2017-04-03
413045.0,4568555.0,2017-04-03
413055.0,4568555.0,2017-04-03
413065.0,4568555.0,2017-04-03
413075.0,4568555.0,2017-04-03
413085.0,4568555.0,2017-04-03
413095.0,4568555.0,2017-04-03
413105.0,4568555.0,2017-04-03
413115.0,4568555.0,2017-04-03
413125.0,4568555.0,2017-04-03
413135.0,4568555.0,2017-04-03
413145.0,4568555.0,2017-04-03
413155.0,4568555.0,2017-04-03
413165.0,4568555.0,2017-04-03
413175.0,4568555.0,2017-04-03
413185.0,4568555.0,2017-04-03
413195.0,4568555.0,2017-04-03
413205.0,4568555.0,2017-04-03
413215.0,4568555.0,2017-04-03
413225.0,4568555.0,2017-04-03
413235.0,4568555.0,2017-04-03
413245.0,4568555.0,2017-04-03
413255.0,4568555.0,2017-04-03
413265.0,4568555.0,2017-04-03
413275.0,4568555.0,2017-04-03
413285.0,4568555.0,2017-04-03
413295.0,4568555.0,2017-04-03
413305.0,4568555.0,2017-04-03
413315.0,4568555.0,2017-04-03
413325.0,4568555.0,2017-04-03
413335.0,4568555.0,2017-04-03
413345.0,4568555.0,2017-04-03
413355.0,4568555.0,2017-04-03
413365.0,4568555.0,2017-04-03
413375.0,4568555.0,2017-04-03
413385.0,4568555.0,2017-04-03
413395.0,4568555.0,2017-04-03
413405.0,4568555.0,2017-04-03
413415.0,4568555.0,2017-04-03
413425.0,4568555.0,2017-04-03
413435.0,4568555.0,2017-04-03
413445.0,4568555.0,2017-04-03
413455.0,4568555.0,2017-04-03
413465.0,4568555.0,2017-04-03
413475.0,4568555.0,2017-04-03
413485.0,4568555.0,2017-04-03
413495.0,4568555.0,2017-04-03
413505.0,4568555.0,2017-04-03
413515.0,4568555.0,2017-04-03
413525.0,4568555.0,2017-04-03
413535.0,4568555.0,2017-04-03
413545.0,4568555.0,2017-04-03
413555.0,4568555.0,2017-04-03
413565.0,4568555.0,2017-04-03
413575.0,4568555.0,2017-04-03
413585.0,4568555.0,2017-04-03
413595.0,4568555.0,2017-04-03
413605.0,4568555.0,2017-04-03
413615.0,4568555.0,2017-04-03
413625.0,4568555.0,2017-04-03
413635.0,4568555.0,2017-04-03
413645.0,4568555.0,2017-04-03
413655.0,4568555.0,2017-04-03
413665.0,4568555.0,2017-04-03
413675.0,4568555.0,2017-04-03
413685.0,4568555.0,2017-04-03
413695.0,4568555.0,2017-04-03
413705.0,4568555.0,2017-04-03
413715.0,4568555.0,2017-04-03
413725.0,4568555.0,2017-04-03
413735.0,4568555.0,2017-04-03
413745.0,4568555.0,2017-04-03
413755.0,4568555.0,2017-04-03
413765.0,4568555.0,2017-04-03
413775.0,4568555.0,2017-04-03
413785.0,4568555.0,2017-04-03
413795.0,4568555.0,2017-04-03
413805.0,4568555.0,2017-04-03
413815.0,4568555.0,2017-04-03
413825.0,4568555.0,2017-04-03
413835.0,4568555.0,2017-04-03
413845.0,4568555.0,2017-04-03
413855.0,4568555.0,2017-04-03
413865.0,4568555.0,2017-04-03
413875.0,4568555.0,2017-04-03
413885.0,4568555.0,2017-04-03
413895.0,4568555.0,2017-04-03
413905.0,4568555.0,2017-04-03
413915.0,4568555.0,2017-04-03
413925.0,4568555.0,2017-04-03
413935.0,4568555.0,2017-04-03
413945.0,4568555.0,2017-04-03
413955.0,4568555.0,2017-04-03
413965.0,4568555.0,2017-04-03
413975.0,4568555.0,2017-04-03
413985.0,4568555.0,2017-04-03
413995.0,4568555.0,2017-04-03
414005.0,4568555.0,2017-04-03
414015.0,4568555.0,2017-04-03
414025.0,4568555.0,2017-04-03
414035.0,4568555.0,2017-04-03
414045.0,4568555.0,2017-04-03
414055.0,4568555.0,2017-04-03
414065.0,4568555.0,2017-04-03
414075.0,4568555.0,2017-04-03
414085.0,4568555.0,2017-04-03
414095.0,4568555.0,2017-04-03
414105.0,4568555.0,2017-04-03
414115.0,4568555.0,2017-04-03
414125.0,4568555.0,2017-04-03
414135.0,4568555.0,2017-04-03
414145.0,4568555.0,2017-04-03
414155.0,4568555.0,2017-04-03
414165.0,4568555.0,2017-04-03
414175.0,4568555.0,2017-04-03
414185.0,4568555.0,2017-04-03
414195.0,4568555.0,2017-04-03
414205.0,4568555.0,2017-04-03
414215.0,4568555.0,2017-04-03
414225.0,4568555.0,2017-04-03
414235.0,4568555.0,2017-04-03
414245.0,4568555.0,2017-04-03
414255.0,4568555.0,2017-04-03
414265.0,4568555.0,2017-04-03
414275.0,4568555.0,2017-04-03
414285.0,4568555.0,2017-04-03
414295.0,4568555.0,2017-04-03
414305.0,4568555.0,2017-04-03
414315.0,4568555.0,2017-04-03
414325.0,4568555.0,2017-04-03
414335.0,4568555.0,2017-04-03
414345.0,4568555.0,2017-04-03
414355.0,4568555.0,2017-04-03
414365.0,4568555.0,2017-04-03
414375.0,4568555.0,2017-04-03
414385.0,4568555.0,2017-04-03
414395.0,4568555.0,2017-04-03
414405.0,4568555.0,2017-04-03
414415.0,4568555.0,2017-04-03
414425.0,4568555.0,2017-04-03
414435.0,4568555.0,2017-04-03
414445.0,4568555.0,2017-04-03
414455.0,4568555.0,2017-04-03
414465.0,4568555.0,2017-04-03
414475.0,4568555.0,2017-04-03
414485.0,4568555.0,2017-04-03
414495.0,4568555.0,2017-04-03
414505.0,4568555.0,2017-04-03
414515.0,4568555.0,2017-04-03
414525.0,4568555.0,2017-04-03
414535.0,4568555.0,2017-04-03
414545.0,4568555.0,2017-04-03
414555.0,4568555.0,2017-04-03
414565.0,4568555.0,2017-04-03
414575.0,4568555.0,2017-04-03
414585.0,4568555.0,2017-04-03
414595.0,4568555.0,2017-04-03
414605.0,4568555.0,2017-04-03
414615.0,4568555.0,2017-04-03
414625.0,4568555.0,2017-04-03
414635.0,4568555.0,2017-04-03
414645.0,4568555.0,2017-04-03
414655.0,4568555.0,2017-04-03
414665.0,4568555.0,2017-04-03
414675.0,4568555.0,2017-04-03
414685.0,4568555.0,2017-04-03
414695.0,4568555.0,2017-04-03
414705.0,4568555.0,2017-04-03
414715.0,4568555.0,2017-04-03
414725.0,4568555.0,2017-04-03
414735.0,4568555.0,2017-04-03
414745.0,4568555.0,2017-04-03
414755.0,4568555.0,2017-04-03
414765.0,4568555.0,2017-04-03
414775.0,4568555.0,2017-04-03
414785.0,4568555.0,2017-04-03
414795.0,4568555.0,2017-04-03
414805.0,4568555.0,2017-04-03
414815.0,4568555.0,2017-04-03
414825.0,4568555.0,2017-04-03
414835.0,4568555.0,2017-04-03
414845.0,4568555.0,2017-04-03
414855.0,4568555.0,2017-04-03
414865.0,4568555.0,2017-04-03
414875.0,4568555.0,2017-04-03
414885.0,4568555.0,2017-04-03
414895.0,4568555.0,2017-04-03
414905.0,4568555.0,2017-04-03
414915.0,4568555.0,2017-04-03
414925.0,4568555.0,2017-04-03
414935.0,4568555.0,2017-04-03
414945.0,4568555.0,2017-04-03
414955.0,4568555.0,2017-04-03
414965.0,4568555.0,2017-04-03
414975.0,4568555.0,2017-04-03
414985.0,4568555.0,2017-04-03
414995.0,4568555.0,2017-04-03
415005.0,4568555.0,2017-04-03
415015.0,4568555.0,2017-04-03
415025.0,4568555.0,2017-04-03
415035.0,4568555.0,2017-04-03
415045.0,4568555.0,2017-04-03
415055.0,4568555.0,2017-04-03
415065.0,4568555.0,2017-04-03
415075.0,4568555.0,2017-04-03
415085.0,4568555.0,2017-04-03
415095.0,4568555.0,2017-04-03
415105.0,4568555.0,2017-04-03
415115.0,4568555.0,2017-04-03
415125.0,4568555.0,2017-04-03
415135.0,4568555.0,2017-04-03
415145.0,4568555.0,2017-04-03
415155.0,4568555.0,2017-04-03
415165.0,4568555.0,2017-04-03
415175.0,4568555.0,2017-04-03
415185.0,4568555.0,2017-04-03
415195.0,4568555.0,2017-04-03
415205.0,4568555.0,2017-04-03
415215.0,4568555.0,2017-04-03
415225.0,4568555.0,2017-04-03
415235.0,4568555.0,2017-04-03
415245.0,4568555.0,2017-04-03
415255.0,4568555.0,2017-04-03
415265.0,4568555.0,2017-04-03
415275.0,4568555.0,2017-04-03
415285.0,4568555.0,2017-04-03
415295.0,4568555.0,2017-04-03
415305.0,4568555.0,2017-04-03
415315.0,4568555.0,2017-04-03
415325.0,4568555.0,2017-04-03
415335.0,4568555.0,2017-04-03
415345.0,4568555.0,2017-04-03
415355.0,4568555.0,2017-04-03
415365.0,4568555.0,2017-04-03
415375.0,4568555.0,2017-04-03
415385.0,4568555.0,2017-04-03
415395.0,4568555.0,2017-04-03
415405.0,4568555.0,2017-04-03
415415.0,4568555.0,2017-04-03
415425.0,4568555.0,2017-04-03
415435.0,4568555.0,2017-04-03
415445.0,4568555.0,2017-04-03
415455.0,4568555.0,2017-04-03
415465.0,4568555.0,2017-04-03
415475.0,4568555.0,2017-04-03
415485.0,4568555.0,2017-04-03
415495.0,4568555.0,2017-04-03
415505.0,4568555.0,2017-04-03
415515.0,4568555.0,2017-04-03
415525.0,4568555.0,2017-04-03
415535.0,4568555.0,2017-04-03
415545.0,4568555.0,2017-04-03
415555.0,4568555.0,2017-04-03
415565.0,4568555.0,2017-04-03
415575.0,4568555.0,2017-04-03
415585.0,4568555.0,2017-04-03
415595.0,4568555.0,2017-04-03
415605.0,4568555.0,2017-04-03
415615.0,4568555.0,2017-04-03
415625.0,4568555.0,2017-04-03
415635.0,4568555.0,2017-04-03
415645.0,4568555.0,2017-04-03
415655.0,4568555.0,2017-04-03
415665.0,4568555.0,2017-04-03
415675.0,4568555.0,2017-04-03
415685.0,4568555.0,2017-04-03
415695.0,4568555.0,2017-04-03
415705.0,4568555.0,2017-04-03
415715.0,4568555.0,2017-04-03
415725.0,4568555.0,2017-04-03
415735.0,4568555.0,2017-04-03
415745.0,4568555.0,2017-04-03
415755.0,4568555.0,2017-04-03
415765.0,4568555.0,2017-04-03
415775.0,4568555.0,2017-04-03
415785.0,4568555.0,2017-04-03
415795.0,4568555.0,2017-04-03
415805.0,4568555.0,2017-04-03
415815.0,4568555.0,2017-04-03
415825.0,4568555.0,2017-04-03
415835.0,4568555.0,2017-04-03
415845.0,4568555.0,2017-04-03
415855.0,4568555.0,2017-04-03
415865.0,4568555.0,2017-04-03
415875.0,4568555.0,2017-04-03
415885.0,4568555.0,2017-04-03
415895.0,4568555.0,2017-04-03
415905.0,4568555.0,2017-04-03
415915.0,4568555.0,2017-04-03
415925.0,4568555.0,2017-04-03
415935.0,4568555.0,2017-04-03
415945.0,4568555.0,2017-04-03
415955.0,4568555.0,2017-04-03
415965.0,4568555.0,2017-04-03
415975.0,4568555.0,2017-04-03
415985.0,4568555.0,2017-04-03
415995.0,4568555.0,2017-04-03
416005.0,4568555.0,2017-04-03
416015.0,4568555.0,2017-04-03
416025.0,4568555.0,2017-04-03
416035.0,4568555.0,2017-04-03
416045.0,4568555.0,2017-04-03
416055.0,4568555.0,2017-04-03
416065.0,4568555.0,2017-04-03
416075.0,4568555.0,2017-04-03
416085.0,4568555.0,2017-04-03
416095.0,4568555.0,2017-04-03
416105.0,4568555.0,2017-04-03
416115.0,4568555.0,2017-04-03
416125.0,4568555.0,2017-04-03
416135.0,4568555.0,2017-04-03
416145.0,4568555.0,2017-04-03
416155.0,4568555.0,2017-04-03
416165.0,4568555.0,2017-04-03
416175.0,4568555.0,2017-04-03
416185.0,4568555.0,2017-04-03
416195.0,4568555.0,2017-04-03
416205.0,4568555.0,2017-04-03
416215.0,4568555.0,2017-04-03
416225.0,4568555.0,2017-04-03
416235.0,4568555.0,2017-04-03
416245.0,4568555.0,2017-04-03
416255.0,4568555.0,2017-04-03
416265.0,4568555.0,2017-04-03
416275.0,4568555.0,2017-04-03
416285.0,4568555.0,2017-04-03
416295.0,4568555.0,2017-04-03
416305.0,4568555.0,2017-04-03
416315.0,4568555.0,2017-04-03
416325.0,4568555.0,2017-04-03
416335.0,4568555.0,2017-04-03
416345.0,4568555.0,2017-04-03
416355.0,4568555.0,2017-04-03
416365.0,4568555.0,2017-04-03
416375.0,4568555.0,2017-04-03
416385.0,4568555.0,2017-04-03
416395.0,4568555.0,2017-04-03
416405.0,4568555.0,2017-04-03
416415.0,4568555.0,2017-04-03
416425.0,4568555.0,2017-04-03
416435.0,4568555.0,2017-04-03
416445.0,4568555.0,2017-04-03
416455.0,4568555.0,2017-04-03
411745.0,4568545.0,2017-04-03
411755.0,4568545.0,2017-04-03
411765.0,4568545.0,2017-04-03
411775.0,4568545.0,2017-04-03
411785.0,4568545.0,2017-04-03
411795.0,4568545.0,2017-04-03
411805.0,4568545.0,2017-04-03
411815.0,4568545.0,2017-04-03
411825.0,4568545.0,2017-04-03
411835.0,4568545.0,2017-04-03
411845.0,4568545.0,2017-04-03
411855.0,4568545.0,2017-04-03
411865.0,4568545.0,2017-04-03
411875.0,4568545.0,2017-04-03
411885.0,4568545.0,2017-04-03
411895.0,4568545.0,2017-04-03
411905.0,4568545.0,2017-04-03
411915.0,4568545.0,2017-04-03
411925.0,4568545.0,2017-04-03
411935.0,4568545.0,2017-04-03
411945.0,4568545.0,2017-04-03
411955.0,4568545.0,2017-04-03
411965.0,4568545.0,2017-04-03
411975.0,4568545.0,2017-04-03
411985.0,4568545.0,2017-04-03
411995.0,4568545.0,2017-04-03
412005.0,4568545.0,2017-04-03
412015.0,4568545.0,2017-04-03
412025.0,4568545.0,2017-04-03
412035.0,4568545.0,2017-04-03
412045.0,4568545.0,2017-04-03
412055.0,4568545.0,2017-04-03
412065.0,4568545.0,2017-04-03
412075.0,4568545.0,2017-04-03
412085.0,4568545.0,2017-04-03
412095.0,4568545.0,2017-04-03
412105.0,4568545.0,2017-04-03
412115.0,4568545.0,2017-04-03
412125.0,4568545.0,2017-04-03
412135.0,4568545.0,2017-04-03
412145.0,4568545.0,2017-04-03
412155.0,4568545.0,2017-04-03
412165.0,4568545.0,2017-04-03
412175.0,4568545.0,2017-04-03
412185.0,4568545.0,2017-04-03
412195.0,4568545.0,2017-04-03
412205.0,4568545.0,2017-04-03
412215.0,4568545.0,2017-04-03
412225.0,4568545.0,2017-04-03
412235.0,4568545.0,2017-04-03
412245.0,4568545.0,2017-04-03
412255.0,4568545.0,2017-04-03
412265.0,4568545.0,2017-04-03
412275.0,4568545.0,2017-04-03
412285.0,4568545.0,2017-04-03
412295.0,4568545.0,2017-04-03
412305.0,4568545.0,2017-04-03
412315.0,4568545.0,2017-04-03
412325.0,4568545.0,2017-04-03
412335.0,4568545.0,2017-04-03
412345.0,4568545.0,2017-04-03
412355.0,4568545.0,2017-04-03
412365.0,4568545.0,2017-04-03
412375.0,4568545.0,2017-04-03
412385.0,4568545.0,2017-04-03
412395.0,4568545.0,2017-04-03
412405.0,4568545.0,2017-04-03
412415.0,4568545.0,2017-04-03
412425.0,4568545.0,2017-04-03
412435.0,4568545.0,2017-04-03
412445.0,4568545.0,2017-04-03
412455.0,4568545.0,2017-04-03
412465.0,4568545.0,2017-04-03
412475.0,4568545.0,2017-04-03
412485.0,4568545.0,2017-04-03
412495.0,4568545.0,2017-04-03
412505.0,4568545.0,2017-04-03
412515.0,4568545.0,2017-04-03
412525.0,4568545.0,2017-04-03
412535.0,4568545.0,2017-04-03
412545.0,4568545.0,2017-04-03
412555.0,4568545.0,2017-04-03
412565.0,4568545.0,2017-04-03
412575.0,4568545.0,2017-04-03
412585.0,4568545.0,2017-04-03
412595.0,4568545.0,2017-04-03
412605.0,4568545.0,2017-04-03
412615.0,4568545.0,2017-04-03
412625.0,4568545.0,2017-04-03
412635.0,4568545.0,2017-04-03
412645.0,4568545.0,2017-04-03
412655.0,4568545.0,2017-04-03
412665.0,4568545.0,2017-04-03
412675.0,4568545.0,2017-04-03
412685.0,4568545.0,2017-04-03
412695.0,4568545.0,2017-04-03
412705.0,4568545.0,2017-04-03
412715.0,4568545.0,2017-04-03
412725.0,4568545.0,2017-04-03
412735.0,4568545.0,2017-04-03
412745.0,4568545.0,2017-04-03
412755.0,4568545.0,2017-04-03
412765.0,4568545.0,2017-04-03
412775.0,4568545.0,2017-04-03
412785.0,4568545.0,2017-04-03
412795.0,4568545.0,2017-04-03
412805.0,4568545.0,2017-04-03
412815.0,4568545.0,2017-04-03
412825.0,4568545.0,2017-04-03
412835.0,4568545.0,2017-04-03
412845.0,4568545.0,2017-04-03
412855.0,4568545.0,2017-04-03
412865.0,4568545.0,2017-04-03
412875.0,4568545.0,2017-04-03
412885.0,4568545.0,2017-04-03
412895.0,4568545.0,2017-04-03
412905.0,4568545.0,2017-04-03
412915.0,4568545.0,2017-04-03
412925.0,4568545.0,2017-04-03
412935.0,4568545.0,2017-04-03
412945.0,4568545.0,2017-04-03
412955.0,4568545.0,2017-04-03
412965.0,4568545.0,2017-04-03
412975.0,4568545.0,2017-04-03
412985.0,4568545.0,2017-04-03
412995.0,4568545.0,2017-04-03
413005.0,4568545.0,2017-04-03
413015.0,4568545.0,2017-04-03
413025.0,4568545.0,2017-04-03
413035.0,4568545.0,2017-04-03
413045.0,4568545.0,2017-04-03
413055.0,4568545.0,2017-04-03
413065.0,4568545.0,2017-04-03
413075.0,4568545.0,2017-04-03
413085.0,4568545.0,2017-04-03
413095.0,4568545.0,2017-04-03
413105.0,4568545.0,2017-04-03
413115.0,4568545.0,2017-04-03
413125.0,4568545.0,2017-04-03
413135.0,4568545.0,2017-04-03
413145.0,4568545.0,2017-04-03
413155.0,4568545.0,2017-04-03
413165.0,4568545.0,2017-04-03
413175.0,4568545.0,2017-04-03
413185.0,4568545.0,2017-04-03
413195.0,4568545.0,2017-04-03
413205.0,4568545.0,2017-04-03
413215.0,4568545.0,2017-04-03
413225.0,4568545.0,2017-04-03
413235.0,4568545.0,2017-04-03
413245.0,4568545.0,2017-04-03
413255.0,4568545.0,2017-04-03
413265.0,4568545.0,2017-04-03
413275.0,4568545.0,2017-04-03
413285.0,4568545.0,2017-04-03
413295.0,4568545.0,2017-04-03
413305.0,4568545.0,2017-04-03
413315.0,4568545.0,2017-04-03
413325.0,4568545.0,2017-04-03
413335.0,4568545.0,2017-04-03
413345.0,4568545.0,2017-04-03
413355.0,4568545.0,2017-04-03
413365.0,4568545.0,2017-04-03
413375.0,4568545.0,2017-04-03
413385.0,4568545.0,2017-04-03
413395.0,4568545.0,2017-04-03
413405.0,4568545.0,2017-04-03
413415.0,4568545.0,2017-04-03
413425.0,4568545.0,2017-04-03
413435.0,4568545.0,2017-04-03
413445.0,4568545.0,2017-04-03
413455.0,4568545.0,2017-04-03
413465.0,4568545.0,2017-04-03
413475.0,4568545.0,2017-04-03
413485.0,4568545.0,2017-04-03
413495.0,4568545.0,2017-04-03
413505.0,4568545.0,2017-04-03
413515.0,4568545.0,2017-04-03
413525.0,4568545.0,2017-04-03
413535.0,4568545.0,2017-04-03
413545.0,4568545.0,2017-04-03
413555.0,4568545.0,2017-04-03
413565.0,4568545.0,2017-04-03
413575.0,4568545.0,2017-04-03
413585.0,4568545.0,2017-04-03
413595.0,4568545.0,2017-04-03
413605.0,4568545.0,2017-04-03
413615.0,4568545.0,2017-04-03
413625.0,4568545.0,2017-04-03
413635.0,4568545.0,2017-04-03
413645.0,4568545.0,2017-04-03
413655.0,4568545.0,2017-04-03
413665.0,4568545.0,2017-04-03
413675.0,4568545.0,2017-04-03
413685.0,4568545.0,2017-04-03
413695.0,4568545.0,2017-04-03
413705.0,4568545.0,2017-04-03
413715.0,4568545.0,2017-04-03
413725.0,4568545.0,2017-04-03
413735.0,4568545.0,2017-04-03
413745.0,4568545.0,2017-04-03
413755.0,4568545.0,2017-04-03
413765.0,4568545.0,2017-04-03
413775.0,4568545.0,2017-04-03
413785.0,4568545.0,2017-04-03
413795.0,4568545.0,2017-04-03
413805.0,4568545.0,2017-04-03
413815.0,4568545.0,2017-04-03
413825.0,4568545.0,2017-04-03
413835.0,4568545.0,2017-04-03
413845.0,4568545.0,2017-04-03
413855.0,4568545.0,2017-04-03
413865.0,4568545.0,2017-04-03
413875.0,4568545.0,2017-04-03
413885.0,4568545.0,2017-04-03
413895.0,4568545.0,2017-04-03
413905.0,4568545.0,2017-04-03
413915.0,4568545.0,2017-04-03
413925.0,4568545.0,2017-04-03
413935.0,4568545.0,2017-04-03
413945.0,4568545.0,2017-04-03
413955.0,4568545.0,2017-04-03
413965.0,4568545.0,2017-04-03
413975.0,4568545.0,2017-04-03
413985.0,4568545.0,2017-04-03
413995.0,4568545.0,2017-04-03
414005.0,4568545.0,2017-04-03
414015.0,4568545.0,2017-04-03
414025.0,4568545.0,2017-04-03
414035.0,4568545.0,2017-04-03
414045.0,4568545.0,2017-04-03
414055.0,4568545.0,2017-04-03
414065.0,4568545.0,2017-04-03
414075.0,4568545.0,2017-04-03
414085.0,4568545.0,2017-04-03
414095.0,4568545.0,2017-04-03
414105.0,4568545.0,2017-04-03
414115.0,4568545.0,2017-04-03
414125.0,4568545.0,2017-04-03
414135.0,4568545.0,2017-04-03
414145.0,4568545.0,2017-04-03
414155.0,4568545.0,2017-04-03
414165.0,4568545.0,2017-04-03
414175.0,4568545.0,2017-04-03
414185.0,4568545.0,2017-04-03
414195.0,4568545.0,2017-04-03
414205.0,4568545.0,2017-04-03
414215.0,4568545.0,2017-04-03
414225.0,4568545.0,2017-04-03
414235.0,4568545.0,2017-04-03
414245.0,4568545.0,2017-04-03
414255.0,4568545.0,2017-04-03
414265.0,4568545.0,2017-04-03
414275.0,4568545.0,2017-04-03
414285.0,4568545.0,2017-04-03
414295.0,4568545.0,2017-04-03
414305.0,4568545.0,2017-04-03
414315.0,4568545.0,2017-04-03
414325.0,4568545.0,2017-04-03
414335.0,4568545.0,2017-04-03
414345.0,4568545.0,2017-04-03
414355.0,4568545.0,2017-04-03
414365.0,4568545.0,2017-04-03
414375.0,4568545.0,2017-04-03
414385.0,4568545.0,2017-04-03
414395.0,4568545.0,2017-04-03
414405.0,4568545.0,2017-04-03
414415.0,4568545.0,2017-04-03
414425.0,4568545.0,2017-04-03
414435.0,4568545.0,2017-04-03
414455.0,4568545.0,2017-04-03
414465.0,4568545.0,2017-04-03
414475.0,4568545.0,2017-04-03
414485.0,4568545.0,2017-04-03
414495.0,4568545.0,2017-04-03
414505.0,4568545.0,2017-04-03
414515.0,4568545.0,2017-04-03
414525.0,4568545.0,2017-04-03
414535.0,4568545.0,2017-04-03
414545.0,4568545.0,2017-04-03
414555.0,4568545.0,2017-04-03
414565.0,4568545.0,2017-04-03
414575.0,4568545.0,2017-04-03
414585.0,4568545.0,2017-04-03
414595.0,4568545.0,2017-04-03
414605.0,4568545.0,2017-04-03
414615.0,4568545.0,2017-04-03
414625.0,4568545.0,2017-04-03
414635.0,4568545.0,2017-04-03
414645.0,4568545.0,2017-04-03
414655.0,4568545.0,2017-04-03
414665.0,4568545.0,2017-04-03
414675.0,4568545.0,2017-04-03
414685.0,4568545.0,2017-04-03
414695.0,4568545.0,2017-04-03
414705.0,4568545.0,2017-04-03
414715.0,4568545.0,2017-04-03
414725.0,4568545.0,2017-04-03
414735.0,4568545.0,2017-04-03
414745.0,4568545.0,2017-04-03
414755.0,4568545.0,2017-04-03
414765.0,4568545.0,2017-04-03
414775.0,4568545.0,2017-04-03
414785.0,4568545.0,2017-04-03
414795.0,4568545.0,2017-04-03
414805.0,4568545.0,2017-04-03
414815.0,4568545.0,2017-04-03
414825.0,4568545.0,2017-04-03
414835.0,4568545.0,2017-04-03
414845.0,4568545.0,2017-04-03
414855.0,4568545.0,2017-04-03
414865.0,4568545.0,2017-04-03
414875.0,4568545.0,2017-04-03
414885.0,4568545.0,2017-04-03
414895.0,4568545.0,2017-04-03
414905.0,4568545.0,2017-04-03
414915.0,4568545.0,2017-04-03
414925.0,4568545.0,2017-04-03
414935.0,4568545.0,2017-04-03
414945.0,4568545.0,2017-04-03
414955.0,4568545.0,2017-04-03
414965.0,4568545.0,2017-04-03
414975.0,4568545.0,2017-04-03
414985.0,4568545.0,2017-04-03
414995.0,4568545.0,2017-04-03
415005.0,4568545.0,2017-04-03
415015.0,4568545.0,2017-04-03
415025.0,4568545.0,2017-04-03
415035.0,4568545.0,2017-04-03
415045.0,4568545.0,2017-04-03
415055.0,4568545.0,2017-04-03
415065.0,4568545.0,2017-04-03
415075.0,4568545.0,2017-04-03
415085.0,4568545.0,2017-04-03
415095.0,4568545.0,2017-04-03
415105.0,4568545.0,2017-04-03
415115.0,4568545.0,2017-04-03
415125.0,4568545.0,2017-04-03
415135.0,4568545.0,2017-04-03
415145.0,4568545.0,2017-04-03
415155.0,4568545.0,2017-04-03
415165.0,4568545.0,2017-04-03
415175.0,4568545.0,2017-04-03
415185.0,4568545.0,2017-04-03
415195.0,4568545.0,2017-04-03
415205.0,4568545.0,2017-04-03
415215.0,4568545.0,2017-04-03
415225.0,4568545.0,2017-04-03
415235.0,4568545.0,2017-04-03
415245.0,4568545.0,2017-04-03
415255.0,4568545.0,2017-04-03
415265.0,4568545.0,2017-04-03
415275.0,4568545.0,2017-04-03
415285.0,4568545.0,2017-04-03
415295.0,4568545.0,2017-04-03
415305.0,4568545.0,2017-04-03
415315.0,4568545.0,2017-04-03
415325.0,4568545.0,2017-04-03
415335.0,4568545.0,2017-04-03
415345.0,4568545.0,2017-04-03
415355.0,4568545.0,2017-04-03
415365.0,4568545.0,2017-04-03
415375.0,4568545.0,2017-04-03
415385.0,4568545.0,2017-04-03
415395.0,4568545.0,2017-04-03
415405.0,4568545.0,2017-04-03
415415.0,4568545.0,2017-04-03
415425.0,4568545.0,2017-04-03
415435.0,4568545.0,2017-04-03
415445.0,4568545.0,2017-04-03
415455.0,4568545.0,2017-04-03
415465.0,4568545.0,2017-04-03
415475.0,4568545.0,2017-04-03
415485.0,4568545.0,2017-04-03
415495.0,4568545.0,2017-04-03
415505.0,4568545.0,2017-04-03
415515.0,4568545.0,2017-04-03
415525.0,4568545.0,2017-04-03
415535.0,4568545.0,2017-04-03
415545.0,4568545.0,2017-04-03
415555.0,4568545.0,2017-04-03
415565.0,4568545.0,2017-04-03
415575.0,4568545.0,2017-04-03
415585.0,4568545.0,2017-04-03
415595.0,4568545.0,2017-04-03
415605.0,4568545.0,2017-04-03
415615.0,4568545.0,2017-04-03
415625.0,4568545.0,2017-04-03
415635.0,4568545.0,2017-04-03
415645.0,4568545.0,2017-04-03
415655.0,4568545.0,2017-04-03
415665.0,4568545.0,2017-04-03
415675.0,4568545.0,2017-04-03
415685.0,4568545.0,2017-04-03
415695.0,4568545.0,2017-04-03
415705.0,4568545.0,2017-04-03
415715.0,4568545.0,2017-04-03
415725.0,4568545.0,2017-04-03
415735.0,4568545.0,2017-04-03
415745.0,4568545.0,2017-04-03
415755.0,4568545.0,2017-04-03
415765.0,4568545.0,2017-04-03
415775.0,4568545.0,2017-04-03
415785.0,4568545.0,2017-04-03
415795.0,4568545.0,2017-04-03
415805.0,4568545.0,2017-04-03
415815.0,4568545.0,2017-04-03
415825.0,4568545.0,2017-04-03
415835.0,4568545.0,2017-04-03
415845.0,4568545.0,2017-04-03
415855.0,4568545.0,2017-04-03
415865.0,4568545.0,2017-04-03
415875.0,4568545.0,2017-04-03
415885.0,4568545.0,2017-04-03
415895.0,4568545.0,2017-04-03
415905.0,4568545.0,2017-04-03
415915.0,4568545.0,2017-04-03
415925.0,4568545.0,2017-04-03
415935.0,4568545.0,2017-04-03
415945.0,4568545.0,2017-04-03
415955.0,4568545.0,2017-04-03
415965.0,4568545.0,2017-04-03
415975.0,4568545.0,2017-04-03
415985.0,4568545.0,2017-04-03
415995.0,4568545.0,2017-04-03
416005.0,4568545.0,2017-04-03
416015.0,4568545.0,2017-04-03
416025.0,4568545.0,2017-04-03
416035.0,4568545.0,2017-04-03
416045.0,4568545.0,2017-04-03
416055.0,4568545.0,2017-04-03
416065.0,4568545.0,2017-04-03
416075.0,4568545.0,2017-04-03
416085.0,4568545.0,2017-04-03
416095.0,4568545.0,2017-04-03
416105.0,4568545.0,2017-04-03
416115.0,4568545.0,2017-04-03
416125.0,4568545.0,2017-04-03
416135.0,4568545.0,2017-04-03
416145.0,4568545.0,2017-04-03
416155.0,4568545.0,2017-04-03
416165.0,4568545.0,2017-04-03
416175.0,4568545.0,2017-04-03
416185.0,4568545.0,2017-04-03
416195.0,4568545.0,2017-04-03
416205.0,4568545.0,2017-04-03
416215.0,4568545.0,2017-04-03
416225.0,4568545.0,2017-04-03
416235.0,4568545.0,2017-04-03
416245.0,4568545.0,2017-04-03
416255.0,4568545.0,2017-04-03
416265.0,4568545.0,2017-04-03
416275.0,4568545.0,2017-04-03
416285.0,4568545.0,2017-04-03
416295.0,4568545.0,2017-04-03
416305.0,4568545.0,2017-04-03
416315.0,4568545.0,2017-04-03
416325.0,4568545.0,2017-04-03
416335.0,4568545.0,2017-04-03
416345.0,4568545.0,2017-04-03
416355.0,4568545.0,2017-04-03
416365.0,4568545.0,2017-04-03
416375.0,4568545.0,2017-04-03
416385.0,4568545.0,2017-04-03
416395.0,4568545.0,2017-04-03
416405.0,4568545.0,2017-04-03
416415.0,4568545.0,2017-04-03
416425.0,4568545.0,2017-04-03
416435.0,4568545.0,2017-04-03
416445.0,4568545.0,2017-04-03
416455.0,4568545.0,2017-04-03
412575.0,4568535.0,2017-04-03
412585.0,4568535.0,2017-04-03
412595.0,4568535.0,2017-04-03
412605.0,4568535.0,2017-04-03
412615.0,4568535.0,2017-04-03
412625.0,4568535.0,2017-04-03
412635.0,4568535.0,2017-04-03
412645.0,4568535.0,2017-04-03
412655.0,4568535.0,2017-04-03
412665.0,4568535.0,2017-04-03
412675.0,4568535.0,2017-04-03
412685.0,4568535.0,2017-04-03
412695.0,4568535.0,2017-04-03
412705.0,4568535.0,2017-04-03
412715.0,4568535.0,2017-04-03
412725.0,4568535.0,2017-04-03
412735.0,4568535.0,2017-04-03
412745.0,4568535.0,2017-04-03
412755.0,4568535.0,2017-04-03
412765.0,4568535.0,2017-04-03
412775.0,4568535.0,2017-04-03
412785.0,4568535.0,2017-04-03
412795.0,4568535.0,2017-04-03
412805.0,4568535.0,2017-04-03
412815.0,4568535.0,2017-04-03
412825.0,4568535.0,2017-04-03
412835.0,4568535.0,2017-04-03
412845.0,4568535.0,2017-04-03
412855.0,4568535.0,2017-04-03
412865.0,4568535.0,2017-04-03
412875.0,4568535.0,2017-04-03
412885.0,4568535.0,2017-04-03
412895.0,4568535.0,2017-04-03
412905.0,4568535.0,2017-04-03
412915.0,4568535.0,2017-04-03
412925.0,4568535.0,2017-04-03
412935.0,4568535.0,2017-04-03
412945.0,4568535.0,2017-04-03
412955.0,4568535.0,2017-04-03
412965.0,4568535.0,2017-04-03
412975.0,4568535.0,2017-04-03
412985.0,4568535.0,2017-04-03
412995.0,4568535.0,2017-04-03
413005.0,4568535.0,2017-04-03
413015.0,4568535.0,2017-04-03
413025.0,4568535.0,2017-04-03
413035.0,4568535.0,2017-04-03
413045.0,4568535.0,2017-04-03
413055.0,4568535.0,2017-04-03
413065.0,4568535.0,2017-04-03
413075.0,4568535.0,2017-04-03
413085.0,4568535.0,2017-04-03
413095.0,4568535.0,2017-04-03
413105.0,4568535.0,2017-04-03
413115.0,4568535.0,2017-04-03
413125.0,4568535.0,2017-04-03
413135.0,4568535.0,2017-04-03
413145.0,4568535.0,2017-04-03
413155.0,4568535.0,2017-04-03
413165.0,4568535.0,2017-04-03
413175.0,4568535.0,2017-04-03
413185.0,4568535.0,2017-04-03
413195.0,4568535.0,2017-04-03
413205.0,4568535.0,2017-04-03
413215.0,4568535.0,2017-04-03
413225.0,4568535.0,2017-04-03
413235.0,4568535.0,2017-04-03
413245.0,4568535.0,2017-04-03
413255.0,4568535.0,2017-04-03
413265.0,4568535.0,2017-04-03
413275.0,4568535.0,2017-04-03
413285.0,4568535.0,2017-04-03
413295.0,4568535.0,2017-04-03
413305.0,4568535.0,2017-04-03
413315.0,4568535.0,2017-04-03
413325.0,4568535.0,2017-04-03
413335.0,4568535.0,2017-04-03
413345.0,4568535.0,2017-04-03
413355.0,4568535.0,2017-04-03
413365.0,4568535.0,2017-04-03
413375.0,4568535.0,2017-04-03
413385.0,4568535.0,2017-04-03
413395.0,4568535.0,2017-04-03
413405.0,4568535.0,2017-04-03
413415.0,4568535.0,2017-04-03
413425.0,4568535.0,2017-04-03
413435.0,4568535.0,2017-04-03
413445.0,4568535.0,2017-04-03
413455.0,4568535.0,2017-04-03
413465.0,4568535.0,2017-04-03
413475.0,4568535.0,2017-04-03
413485.0,4568535.0,2017-04-03
413495.0,4568535.0,2017-04-03
413505.0,4568535.0,2017-04-03
413515.0,4568535.0,2017-04-03
413525.0,4568535.0,2017-04-03
413535.0,4568535.0,2017-04-03
413545.0,4568535.0,2017-04-03
413555.0,4568535.0,2017-04-03
413565.0,4568535.0,2017-04-03
413575.0,4568535.0,2017-04-03
413585.0,4568535.0,2017-04-03
413595.0,4568535.0,2017-04-03
413605.0,4568535.0,2017-04-03
413615.0,4568535.0,2017-04-03
413625.0,4568535.0,2017-04-03
413635.0,4568535.0,2017-04-03
413645.0,4568535.0,2017-04-03
413655.0,4568535.0,2017-04-03
413665.0,4568535.0,2017-04-03
413675.0,4568535.0,2017-04-03
413685.0,4568535.0,2017-04-03
413695.0,4568535.0,2017-04-03
413705.0,4568535.0,2017-04-03
413715.0,4568535.0,2017-04-03
413725.0,4568535.0,2017-04-03
413735.0,4568535.0,2017-04-03
413745.0,4568535.0,2017-04-03
413755.0,4568535.0,2017-04-03
413765.0,4568535.0,2017-04-03
413775.0,4568535.0,2017-04-03
413785.0,4568535.0,2017-04-03
413795.0,4568535.0,2017-04-03
413805.0,4568535.0,2017-04-03
413815.0,4568535.0,2017-04-03
413825.0,4568535.0,2017-04-03
413835.0,4568535.0,2017-04-03
413845.0,4568535.0,2017-04-03
413855.0,4568535.0,2017-04-03
413865.0,4568535.0,2017-04-03
413875.0,4568535.0,2017-04-03
413885.0,4568535.0,2017-04-03
413895.0,4568535.0,2017-04-03
413905.0,4568535.0,2017-04-03
413915.0,4568535.0,2017-04-03
413925.0,4568535.0,2017-04-03
413935.0,4568535.0,2017-04-03
413945.0,4568535.0,2017-04-03
413955.0,4568535.0,2017-04-03
413965.0,4568535.0,2017-04-03
413975.0,4568535.0,2017-04-03
413985.0,4568535.0,2017-04-03
413995.0,4568535.0,2017-04-03
414005.0,4568535.0,2017-04-03
414015.0,4568535.0,2017-04-03
414025.0,4568535.0,2017-04-03
414035.0,4568535.0,2017-04-03
414045.0,4568535.0,2017-04-03
414055.0,4568535.0,2017-04-03
414065.0,4568535.0,2017-04-03
414075.0,4568535.0,2017-04-03
414085.0,4568535.0,2017-04-03
414095.0,4568535.0,2017-04-03
414105.0,4568535.0,2017-04-03
414115.0,4568535.0,2017-04-03
414125.0,4568535.0,2017-04-03
414135.0,4568535.0,2017-04-03
414145.0,4568535.0,2017-04-03
414155.0,4568535.0,2017-04-03
414165.0,4568535.0,2017-04-03
414175.0,4568535.0,2017-04-03
414185.0,4568535.0,2017-04-03
414195.0,4568535.0,2017-04-03
414205.0,4568535.0,2017-04-03
414215.0,4568535.0,2017-04-03
414225.0,4568535.0,2017-04-03
414235.0,4568535.0,2017-04-03
414245.0,4568535.0,2017-04-03
414255.0,4568535.0,2017-04-03
414265.0,4568535.0,2017-04-03
414275.0,4568535.0,2017-04-03
414285.0,4568535.0,2017-04-03
414295.0,4568535.0,2017-04-03
414305.0,4568535.0,2017-04-03
414315.0,4568535.0,2017-04-03
414325.0,4568535.0,2017-04-03
414335.0,4568535.0,2017-04-03
414345.0,4568535.0,2017-04-03
414355.0,4568535.0,2017-04-03
414365.0,4568535.0,2017-04-03
414375.0,4568535.0,2017-04-03
414385.0,4568535.0,2017-04-03
414395.0,4568535.0,2017-04-03
414405.0,4568535.0,2017-04-03
414415.0,4568535.0,2017-04-03
414425.0,4568535.0,2017-04-03
414435.0,4568535.0,2017-04-03
414445.0,4568535.0,2017-04-03
414455.0,4568535.0,2017-04-03
414465.0,4568535.0,2017-04-03
414475.0,4568535.0,2017-04-03
414485.0,4568535.0,2017-04-03
414495.0,4568535.0,2017-04-03
414505.0,4568535.0,2017-04-03
414515.0,4568535.0,2017-04-03
414525.0,4568535.0,2017-04-03
414535.0,4568535.0,2017-04-03
414545.0,4568535.0,2017-04-03
414555.0,4568535.0,2017-04-03
414565.0,4568535.0,2017-04-03
414575.0,4568535.0,2017-04-03
414585.0,4568535.0,2017-04-03
414595.0,4568535.0,2017-04-03
414605.0,4568535.0,2017-04-03
414615.0,4568535.0,2017-04-03
414625.0,4568535.0,2017-04-03
414635.0,4568535.0,2017-04-03
414645.0,4568535.0,2017-04-03
414655.0,4568535.0,2017-04-03
414665.0,4568535.0,2017-04-03
414675.0,4568535.0,2017-04-03
414685.0,4568535.0,2017-04-03
414695.0,4568535.0,2017-04-03
414705.0,4568535.0,2017-04-03
414715.0,4568535.0,2017-04-03
414725.0,4568535.0,2017-04-03
414735.0,4568535.0,2017-04-03
414745.0,4568535.0,2017-04-03
414755.0,4568535.0,2017-04-03
414765.0,4568535.0,2017-04-03
414775.0,4568535.0,2017-04-03
414785.0,4568535.0,2017-04-03
414795.0,4568535.0,2017-04-03
414805.0,4568535.0,2017-04-03
414815.0,4568535.0,2017-04-03
414825.0,4568535.0,2017-04-03
414835.0,4568535.0,2017-04-03
414845.0,4568535.0,2017-04-03
414855.0,4568535.0,2017-04-03
414865.0,4568535.0,2017-04-03
414875.0,4568535.0,2017-04-03
414885.0,4568535.0,2017-04-03
414895.0,4568535.0,2017-04-03
414905.0,4568535.0,2017-04-03
414915.0,4568535.0,2017-04-03
414925.0,4568535.0,2017-04-03
414935.0,4568535.0,2017-04-03
414945.0,4568535.0,2017-04-03
414955.0,4568535.0,2017-04-03
414965.0,4568535.0,2017-04-03
414975.0,4568535.0,2017-04-03
414985.0,4568535.0,2017-04-03
414995.0,4568535.0,2017-04-03
415005.0,4568535.0,2017-04-03
415015.0,4568535.0,2017-04-03
415025.0,4568535.0,2017-04-03
415035.0,4568535.0,2017-04-03
415045.0,4568535.0,2017-04-03
415055.0,4568535.0,2017-04-03
415065.0,4568535.0,2017-04-03
415075.0,4568535.0,2017-04-03
415085.0,4568535.0,2017-04-03
415095.0,4568535.0,2017-04-03
415105.0,4568535.0,2017-04-03
415115.0,4568535.0,2017-04-03
415125.0,4568535.0,2017-04-03
415135.0,4568535.0,2017-04-03
415145.0,4568535.0,2017-04-03
415155.0,4568535.0,2017-04-03
415165.0,4568535.0,2017-04-03
415175.0,4568535.0,2017-04-03
415185.0,4568535.0,2017-04-03
415195.0,4568535.0,2017-04-03
415205.0,4568535.0,2017-04-03
415215.0,4568535.0,2017-04-03
415225.0,4568535.0,2017-04-03
415235.0,4568535.0,2017-04-03
415245.0,4568535.0,2017-04-03
415255.0,4568535.0,2017-04-03
415265.0,4568535.0,2017-04-03
415275.0,4568535.0,2017-04-03
415285.0,4568535.0,2017-04-03
415295.0,4568535.0,2017-04-03
415305.0,4568535.0,2017-04-03
415315.0,4568535.0,2017-04-03
415325.0,4568535.0,2017-04-03
415335.0,4568535.0,2017-04-03
415345.0,4568535.0,2017-04-03
415355.0,4568535.0,2017-04-03
415365.0,4568535.0,2017-04-03
415375.0,4568535.0,2017-04-03
415385.0,4568535.0,2017-04-03
415395.0,4568535.0,2017-04-03
415405.0,4568535.0,2017-04-03
415415.0,4568535.0,2017-04-03
415425.0,4568535.0,2017-04-03
415435.0,4568535.0,2017-04-03
415445.0,4568535.0,2017-04-03
415455.0,4568535.0,2017-04-03
415465.0,4568535.0,2017-04-03
415475.0,4568535.0,2017-04-03
415485.0,4568535.0,2017-04-03
415495.0,4568535.0,2017-04-03
415505.0,4568535.0,2017-04-03
415515.0,4568535.0,2017-04-03
415525.0,4568535.0,2017-04-03
415535.0,4568535.0,2017-04-03
415545.0,4568535.0,2017-04-03
415555.0,4568535.0,2017-04-03
415565.0,4568535.0,2017-04-03
415575.0,4568535.0,2017-04-03
415585.0,4568535.0,2017-04-03
415595.0,4568535.0,2017-04-03
415605.0,4568535.0,2017-04-03
415615.0,4568535.0,2017-04-03
415625.0,4568535.0,2017-04-03
415635.0,4568535.0,2017-04-03
415645.0,4568535.0,2017-04-03
415655.0,4568535.0,2017-04-03
415665.0,4568535.0,2017-04-03
415675.0,4568535.0,2017-04-03
415685.0,4568535.0,2017-04-03
415695.0,4568535.0,2017-04-03
415705.0,4568535.0,2017-04-03
415715.0,4568535.0,2017-04-03
415725.0,4568535.0,2017-04-03
415735.0,4568535.0,2017-04-03
415745.0,4568535.0,2017-04-03
415755.0,4568535.0,2017-04-03
415765.0,4568535.0,2017-04-03
415775.0,4568535.0,2017-04-03
415785.0,4568535.0,2017-04-03
415795.0,4568535.0,2017-04-03
415805.0,4568535.0,2017-04-03
415815.0,4568535.0,2017-04-03
415825.0,4568535.0,2017-04-03
415835.0,4568535.0,2017-04-03
415845.0,4568535.0,2017-04-03
415855.0,4568535.0,2017-04-03
415865.0,4568535.0,2017-04-03
415875.0,4568535.0,2017-04-03
415885.0,4568535.0,2017-04-03
415895.0,4568535.0,2017-04-03
415905.0,4568535.0,2017-04-03
415915.0,4568535.0,2017-04-03
415925.0,4568535.0,2017-04-03
415935.0,4568535.0,2017-04-03
415945.0,4568535.0,2017-04-03
415955.0,4568535.0,2017-04-03
415965.0,4568535.0,2017-04-03
415975.0,4568535.0,2017-04-03
415985.0,4568535.0,2017-04-03
415995.0,4568535.0,2017-04-03
416005.0,4568535.0,2017-04-03
416015.0,4568535.0,2017-04-03
416025.0,4568535.0,2017-04-03
416035.0,4568535.0,2017-04-03
416045.0,4568535.0,2017-04-03
416055.0,4568535.0,2017-04-03
416065.0,4568535.0,2017-04-03
416075.0,4568535.0,2017-04-03
416085.0,4568535.0,2017-04-03
416095.0,4568535.0,2017-04-03
416105.0,4568535.0,2017-04-03
416115.0,4568535.0,2017-04-03
416125.0,4568535.0,2017-04-03
416135.0,4568535.0,2017-04-03
416145.0,4568535.0,2017-04-03
416155.0,4568535.0,2017-04-03
416165.0,4568535.0,2017-04-03
416175.0,4568535.0,2017-04-03
416185.0,4568535.0,2017-04-03
416195.0,4568535.0,2017-04-03
416205.0,4568535.0,2017-04-03
416215.0,4568535.0,2017-04-03
416225.0,4568535.0,2017-04-03
416235.0,4568535.0,2017-04-03
416245.0,4568535.0,2017-04-03
416255.0,4568535.0,2017-04-03
416265.0,4568535.0,2017-04-03
416275.0,4568535.0,2017-04-03
416285.0,4568535.0,2017-04-03
416295.0,4568535.0,2017-04-03
416305.0,4568535.0,2017-04-03
416315.0,4568535.0,2017-04-03
416325.0,4568535.0,2017-04-03
416335.0,4568535.0,2017-04-03
416345.0,4568535.0,2017-04-03
416355.0,4568535.0,2017-04-03
416365.0,4568535.0,2017-04-03
416375.0,4568535.0,2017-04-03
416385.0,4568535.0,2017-04-03
416395.0,4568535.0,2017-04-03
416405.0,4568535.0,2017-04-03
416415.0,4568535.0,2017-04-03
416425.0,4568535.0,2017-04-03
416435.0,4568535.0,2017-04-03
416445.0,4568535.0,2017-04-03
416455.0,4568535.0,2017-04-03
413425.0,4568525.0,2017-04-03
413435.0,4568525.0,2017-04-03
413445.0,4568525.0,2017-04-03
413455.0,4568525.0,2017-04-03
413465.0,4568525.0,2017-04-03
413475.0,4568525.0,2017-04-03
413485.0,4568525.0,2017-04-03
413495.0,4568525.0,2017-04-03
413505.0,4568525.0,2017-04-03
413515.0,4568525.0,2017-04-03
413525.0,4568525.0,2017-04-03
413535.0,4568525.0,2017-04-03
413545.0,4568525.0,2017-04-03
413555.0,4568525.0,2017-04-03
413565.0,4568525.0,2017-04-03
413575.0,4568525.0,2017-04-03
413585.0,4568525.0,2017-04-03
413595.0,4568525.0,2017-04-03
413605.0,4568525.0,2017-04-03
413615.0,4568525.0,2017-04-03
413625.0,4568525.0,2017-04-03
413635.0,4568525.0,2017-04-03
413645.0,4568525.0,2017-04-03
413655.0,4568525.0,2017-04-03
413665.0,4568525.0,2017-04-03
413675.0,4568525.0,2017-04-03
413685.0,4568525.0,2017-04-03
413695.0,4568525.0,2017-04-03
413705.0,4568525.0,2017-04-03
413715.0,4568525.0,2017-04-03
413725.0,4568525.0,2017-04-03
413735.0,4568525.0,2017-04-03
413745.0,4568525.0,2017-04-03
413755.0,4568525.0,2017-04-03
413765.0,4568525.0,2017-04-03
413775.0,4568525.0,2017-04-03
413785.0,4568525.0,2017-04-03
413795.0,4568525.0,2017-04-03
413805.0,4568525.0,2017-04-03
413815.0,4568525.0,2017-04-03
413825.0,4568525.0,2017-04-03
413835.0,4568525.0,2017-04-03
413845.0,4568525.0,2017-04-03
413855.0,4568525.0,2017-04-03
413865.0,4568525.0,2017-04-03
413875.0,4568525.0,2017-04-03
413885.0,4568525.0,2017-04-03
413895.0,4568525.0,2017-04-03
413905.0,4568525.0,2017-04-03
413915.0,4568525.0,2017-04-03
413925.0,4568525.0,2017-04-03
413935.0,4568525.0,2017-04-03
413945.0,4568525.0,2017-04-03
413955.0,4568525.0,2017-04-03
413965.0,4568525.0,2017-04-03
413975.0,4568525.0,2017-04-03
413985.0,4568525.0,2017-04-03
413995.0,4568525.0,2017-04-03
414005.0,4568525.0,2017-04-03
414015.0,4568525.0,2017-04-03
414025.0,4568525.0,2017-04-03
414035.0,4568525.0,2017-04-03
414045.0,4568525.0,2017-04-03
414055.0,4568525.0,2017-04-03
414065.0,4568525.0,2017-04-03
414075.0,4568525.0,2017-04-03
414085.0,4568525.0,2017-04-03
414095.0,4568525.0,2017-04-03
414105.0,4568525.0,2017-04-03
414115.0,4568525.0,2017-04-03
414125.0,4568525.0,2017-04-03
414135.0,4568525.0,2017-04-03
414145.0,4568525.0,2017-04-03
414155.0,4568525.0,2017-04-03
414165.0,4568525.0,2017-04-03
414175.0,4568525.0,2017-04-03
414185.0,4568525.0,2017-04-03
414195.0,4568525.0,2017-04-03
414205.0,4568525.0,2017-04-03
414215.0,4568525.0,2017-04-03
414225.0,4568525.0,2017-04-03
414235.0,4568525.0,2017-04-03
414245.0,4568525.0,2017-04-03
414255.0,4568525.0,2017-04-03
414265.0,4568525.0,2017-04-03
414275.0,4568525.0,2017-04-03
414285.0,4568525.0,2017-04-03
414295.0,4568525.0,2017-04-03
414305.0,4568525.0,2017-04-03
414315.0,4568525.0,2017-04-03
414325.0,4568525.0,2017-04-03
414335.0,4568525.0,2017-04-03
414345.0,4568525.0,2017-04-03
414355.0,4568525.0,2017-04-03
414365.0,4568525.0,2017-04-03
414375.0,4568525.0,2017-04-03
414385.0,4568525.0,2017-04-03
414395.0,4568525.0,2017-04-03
414405.0,4568525.0,2017-04-03
414415.0,4568525.0,2017-04-03
414425.0,4568525.0,2017-04-03
414435.0,4568525.0,2017-04-03
414445.0,4568525.0,2017-04-03
414455.0,4568525.0,2017-04-03
414465.0,4568525.0,2017-04-03
414475.0,4568525.0,2017-04-03
414485.0,4568525.0,2017-04-03
414495.0,4568525.0,2017-04-03
414505.0,4568525.0,2017-04-03
414515.0,4568525.0,2017-04-03
414525.0,4568525.0,2017-04-03
414535.0,4568525.0,2017-04-03
414545.0,4568525.0,2017-04-03
414555.0,4568525.0,2017-04-03
414565.0,4568525.0,2017-04-03
414575.0,4568525.0,2017-04-03
414585.0,4568525.0,2017-04-03
414595.0,4568525.0,2017-04-03
414605.0,4568525.0,2017-04-03
414615.0,4568525.0,2017-04-03
414625.0,4568525.0,2017-04-03
414635.0,4568525.0,2017-04-03
414645.0,4568525.0,2017-04-03
414655.0,4568525.0,2017-04-03
414665.0,4568525.0,2017-04-03
414675.0,4568525.0,2017-04-03
414685.0,4568525.0,2017-04-03
414695.0,4568525.0,2017-04-03
414705.0,4568525.0,2017-04-03
414715.0,4568525.0,2017-04-03
414725.0,4568525.0,2017-04-03
414735.0,4568525.0,2017-04-03
414745.0,4568525.0,2017-04-03
414755.0,4568525.0,2017-04-03
414765.0,4568525.0,2017-04-03
414775.0,4568525.0,2017-04-03
414785.0,4568525.0,2017-04-03
414795.0,4568525.0,2017-04-03
414805.0,4568525.0,2017-04-03
414815.0,4568525.0,2017-04-03
414825.0,4568525.0,2017-04-03
414835.0,4568525.0,2017-04-03
414845.0,4568525.0,2017-04-03
414855.0,4568525.0,2017-04-03
414865.0,4568525.0,2017-04-03
414875.0,4568525.0,2017-04-03
414885.0,4568525.0,2017-04-03
414895.0,4568525.0,2017-04-03
414905.0,4568525.0,2017-04-03
414915.0,4568525.0,2017-04-03
414925.0,4568525.0,2017-04-03
414935.0,4568525.0,2017-04-03
414945.0,4568525.0,2017-04-03
414955.0,4568525.0,2017-04-03
414965.0,4568525.0,2017-04-03
414975.0,4568525.0,2017-04-03
414985.0,4568525.0,2017-04-03
414995.0,4568525.0,2017-04-03
415005.0,4568525.0,2017-04-03
415015.0,4568525.0,2017-04-03
415025.0,4568525.0,2017-04-03
415035.0,4568525.0,2017-04-03
415045.0,4568525.0,2017-04-03
415055.0,4568525.0,2017-04-03
415065.0,4568525.0,2017-04-03
415075.0,4568525.0,2017-04-03
415085.0,4568525.0,2017-04-03
415095.0,4568525.0,2017-04-03
415105.0,4568525.0,2017-04-03
415115.0,4568525.0,2017-04-03
415125.0,4568525.0,2017-04-03
415135.0,4568525.0,2017-04-03
415145.0,4568525.0,2017-04-03
415155.0,4568525.0,2017-04-03
415165.0,4568525.0,2017-04-03
415175.0,4568525.0,2017-04-03
415185.0,4568525.0,2017-04-03
415195.0,4568525.0,2017-04-03
415205.0,4568525.0,2017-04-03
415215.0,4568525.0,2017-04-03
415225.0,4568525.0,2017-04-03
415235.0,4568525.0,2017-04-03
415245.0,4568525.0,2017-04-03
415255.0,4568525.0,2017-04-03
415265.0,4568525.0,2017-04-03
415275.0,4568525.0,2017-04-03
415285.0,4568525.0,2017-04-03
415295.0,4568525.0,2017-04-03
415305.0,4568525.0,2017-04-03
415315.0,4568525.0,2017-04-03
415325.0,4568525.0,2017-04-03
415335.0,4568525.0,2017-04-03
415345.0,4568525.0,2017-04-03
415355.0,4568525.0,2017-04-03
415365.0,4568525.0,2017-04-03
415375.0,4568525.0,2017-04-03
415385.0,4568525.0,2017-04-03
415395.0,4568525.0,2017-04-03
415405.0,4568525.0,2017-04-03
415415.0,4568525.0,2017-04-03
415425.0,4568525.0,2017-04-03
415435.0,4568525.0,2017-04-03
415445.0,4568525.0,2017-04-03
415455.0,4568525.0,2017-04-03
415465.0,4568525.0,2017-04-03
415475.0,4568525.0,2017-04-03
415485.0,4568525.0,2017-04-03
415495.0,4568525.0,2017-04-03
415505.0,4568525.0,2017-04-03
415515.0,4568525.0,2017-04-03
415525.0,4568525.0,2017-04-03
415535.0,4568525.0,2017-04-03
415545.0,4568525.0,2017-04-03
415555.0,4568525.0,2017-04-03
415565.0,4568525.0,2017-04-03
415575.0,4568525.0,2017-04-03
415585.0,4568525.0,2017-04-03
415595.0,4568525.0,2017-04-03
415605.0,4568525.0,2017-04-03
415615.0,4568525.0,2017-04-03
415625.0,4568525.0,2017-04-03
415635.0,4568525.0,2017-04-03
415645.0,4568525.0,2017-04-03
415655.0,4568525.0,2017-04-03
415665.0,4568525.0,2017-04-03
415675.0,4568525.0,2017-04-03
415685.0,4568525.0,2017-04-03
415695.0,4568525.0,2017-04-03
415705.0,4568525.0,2017-04-03
415715.0,4568525.0,2017-04-03
415725.0,4568525.0,2017-04-03
415735.0,4568525.0,2017-04-03
415745.0,4568525.0,2017-04-03
415755.0,4568525.0,2017-04-03
415765.0,4568525.0,2017-04-03
415775.0,4568525.0,2017-04-03
415785.0,4568525.0,2017-04-03
415795.0,4568525.0,2017-04-03
415805.0,4568525.0,2017-04-03
415815.0,4568525.0,2017-04-03
415825.0,4568525.0,2017-04-03
415835.0,4568525.0,2017-04-03
415845.0,4568525.0,2017-04-03
415855.0,4568525.0,2017-04-03
415865.0,4568525.0,2017-04-03
415875.0,4568525.0,2017-04-03
415885.0,4568525.0,2017-04-03
415895.0,4568525.0,2017-04-03
415905.0,4568525.0,2017-04-03
415915.0,4568525.0,2017-04-03
415925.0,4568525.0,2017-04-03
415935.0,4568525.0,2017-04-03
415945.0,4568525.0,2017-04-03
415955.0,4568525.0,2017-04-03
415965.0,4568525.0,2017-04-03
415975.0,4568525.0,2017-04-03
415985.0,4568525.0,2017-04-03
415995.0,4568525.0,2017-04-03
416005.0,4568525.0,2017-04-03
416015.0,4568525.0,2017-04-03
416025.0,4568525.0,2017-04-03
416035.0,4568525.0,2017-04-03
416045.0,4568525.0,2017-04-03
416055.0,4568525.0,2017-04-03
416065.0,4568525.0,2017-04-03
416075.0,4568525.0,2017-04-03
416085.0,4568525.0,2017-04-03
416095.0,4568525.0,2017-04-03
416105.0,4568525.0,2017-04-03
416115.0,4568525.0,2017-04-03
416125.0,4568525.0,2017-04-03
416135.0,4568525.0,2017-04-03
416145.0,4568525.0,2017-04-03
416155.0,4568525.0,2017-04-03
416165.0,4568525.0,2017-04-03
416175.0,4568525.0,2017-04-03
416185.0,4568525.0,2017-04-03
416195.0,4568525.0,2017-04-03
416205.0,4568525.0,2017-04-03
416215.0,4568525.0,2017-04-03
416225.0,4568525.0,2017-04-03
416235.0,4568525.0,2017-04-03
416245.0,4568525.0,2017-04-03
416255.0,4568525.0,2017-04-03
416265.0,4568525.0,2017-04-03
416275.0,4568525.0,2017-04-03
416285.0,4568525.0,2017-04-03
416295.0,4568525.0,2017-04-03
416305.0,4568525.0,2017-04-03
416315.0,4568525.0,2017-04-03
416325.0,4568525.0,2017-04-03
416335.0,4568525.0,2017-04-03
416345.0,4568525.0,2017-04-03
416355.0,4568525.0,2017-04-03
416365.0,4568525.0,2017-04-03
416375.0,4568525.0,2017-04-03
416385.0,4568525.0,2017-04-03
416395.0,4568525.0,2017-04-03
416405.0,4568525.0,2017-04-03
416415.0,4568525.0,2017-04-03
416425.0,4568525.0,2017-04-03
416435.0,4568525.0,2017-04-03
416445.0,4568525.0,2017-04-03
416455.0,4568525.0,2017-04-03
414265.0,4568515.0,2017-04-03
414275.0,4568515.0,2017-04-03
414285.0,4568515.0,2017-04-03
414295.0,4568515.0,2017-04-03
414305.0,4568515.0,2017-04-03
414315.0,4568515.0,2017-04-03
414325.0,4568515.0,2017-04-03
414335.0,4568515.0,2017-04-03
414345.0,4568515.0,2017-04-03
414355.0,4568515.0,2017-04-03
414365.0,4568515.0,2017-04-03
414375.0,4568515.0,2017-04-03
414385.0,4568515.0,2017-04-03
414395.0,4568515.0,2017-04-03
414405.0,4568515.0,2017-04-03
414415.0,4568515.0,2017-04-03
414425.0,4568515.0,2017-04-03
414435.0,4568515.0,2017-04-03
414445.0,4568515.0,2017-04-03
414455.0,4568515.0,2017-04-03
414465.0,4568515.0,2017-04-03
414475.0,4568515.0,2017-04-03
414485.0,4568515.0,2017-04-03
414495.0,4568515.0,2017-04-03
414505.0,4568515.0,2017-04-03
414515.0,4568515.0,2017-04-03
414525.0,4568515.0,2017-04-03
414535.0,4568515.0,2017-04-03
414545.0,4568515.0,2017-04-03
414555.0,4568515.0,2017-04-03
414565.0,4568515.0,2017-04-03
414575.0,4568515.0,2017-04-03
414585.0,4568515.0,2017-04-03
414595.0,4568515.0,2017-04-03
414605.0,4568515.0,2017-04-03
414615.0,4568515.0,2017-04-03
414625.0,4568515.0,2017-04-03
414635.0,4568515.0,2017-04-03
414645.0,4568515.0,2017-04-03
414655.0,4568515.0,2017-04-03
414665.0,4568515.0,2017-04-03
414675.0,4568515.0,2017-04-03
414685.0,4568515.0,2017-04-03
414695.0,4568515.0,2017-04-03
414705.0,4568515.0,2017-04-03
414715.0,4568515.0,2017-04-03
414725.0,4568515.0,2017-04-03
414735.0,4568515.0,2017-04-03
414745.0,4568515.0,2017-04-03
414755.0,4568515.0,2017-04-03
414765.0,4568515.0,2017-04-03
414775.0,4568515.0,2017-04-03
414785.0,4568515.0,2017-04-03
414795.0,4568515.0,2017-04-03
414805.0,4568515.0,2017-04-03
414815.0,4568515.0,2017-04-03
414825.0,4568515.0,2017-04-03
414835.0,4568515.0,2017-04-03
414845.0,4568515.0,2017-04-03
414855.0,4568515.0,2017-04-03
414865.0,4568515.0,2017-04-03
414875.0,4568515.0,2017-04-03
414885.0,4568515.0,2017-04-03
414895.0,4568515.0,2017-04-03
414905.0,4568515.0,2017-04-03
414915.0,4568515.0,2017-04-03
414925.0,4568515.0,2017-04-03
414935.0,4568515.0,2017-04-03
414945.0,4568515.0,2017-04-03
414955.0,4568515.0,2017-04-03
414965.0,4568515.0,2017-04-03
414975.0,4568515.0,2017-04-03
414985.0,4568515.0,2017-04-03
414995.0,4568515.0,2017-04-03
415005.0,4568515.0,2017-04-03
415015.0,4568515.0,2017-04-03
415025.0,4568515.0,2017-04-03
415035.0,4568515.0,2017-04-03
415045.0,4568515.0,2017-04-03
415055.0,4568515.0,2017-04-03
415065.0,4568515.0,2017-04-03
415075.0,4568515.0,2017-04-03
415085.0,4568515.0,2017-04-03
415095.0,4568515.0,2017-04-03
415105.0,4568515.0,2017-04-03
415115.0,4568515.0,2017-04-03
415125.0,4568515.0,2017-04-03
415135.0,4568515.0,2017-04-03
415145.0,4568515.0,2017-04-03
415155.0,4568515.0,2017-04-03
415165.0,4568515.0,2017-04-03
415175.0,4568515.0,2017-04-03
415185.0,4568515.0,2017-04-03
415195.0,4568515.0,2017-04-03
415205.0,4568515.0,2017-04-03
415215.0,4568515.0,2017-04-03
415225.0,4568515.0,2017-04-03
415235.0,4568515.0,2017-04-03
415245.0,4568515.0,2017-04-03
415255.0,4568515.0,2017-04-03
415265.0,4568515.0,2017-04-03
415275.0,4568515.0,2017-04-03
415285.0,4568515.0,2017-04-03
415295.0,4568515.0,2017-04-03
415305.0,4568515.0,2017-04-03
415315.0,4568515.0,2017-04-03
415325.0,4568515.0,2017-04-03
415335.0,4568515.0,2017-04-03
415345.0,4568515.0,2017-04-03
415355.0,4568515.0,2017-04-03
415365.0,4568515.0,2017-04-03
415375.0,4568515.0,2017-04-03
415385.0,4568515.0,2017-04-03
415395.0,4568515.0,2017-04-03
415405.0,4568515.0,2017-04-03
415415.0,4568515.0,2017-04-03
415425.0,4568515.0,2017-04-03
415435.0,4568515.0,2017-04-03
415445.0,4568515.0,2017-04-03
415455.0,4568515.0,2017-04-03
415465.0,4568515.0,2017-04-03
415475.0,4568515.0,2017-04-03
415485.0,4568515.0,2017-04-03
415495.0,4568515.0,2017-04-03
415505.0,4568515.0,2017-04-03
415515.0,4568515.0,2017-04-03
415525.0,4568515.0,2017-04-03
415535.0,4568515.0,2017-04-03
415545.0,4568515.0,2017-04-03
415555.0,4568515.0,2017-04-03
415565.0,4568515.0,2017-04-03
415575.0,4568515.0,2017-04-03
415585.0,4568515.0,2017-04-03
415595.0,4568515.0,2017-04-03
415605.0,4568515.0,2017-04-03
415615.0,4568515.0,2017-04-03
415625.0,4568515.0,2017-04-03
415635.0,4568515.0,2017-04-03
415645.0,4568515.0,2017-04-03
415655.0,4568515.0,2017-04-03
415665.0,4568515.0,2017-04-03
415675.0,4568515.0,2017-04-03
415685.0,4568515.0,2017-04-03
415695.0,4568515.0,2017-04-03
415705.0,4568515.0,2017-04-03
415715.0,4568515.0,2017-04-03
415725.0,4568515.0,2017-04-03
415735.0,4568515.0,2017-04-03
415745.0,4568515.0,2017-04-03
415755.0,4568515.0,2017-04-03
415765.0,4568515.0,2017-04-03
415775.0,4568515.0,2017-04-03
415785.0,4568515.0,2017-04-03
415795.0,4568515.0,2017-04-03
415805.0,4568515.0,2017-04-03
415815.0,4568515.0,2017-04-03
415825.0,4568515.0,2017-04-03
415835.0,4568515.0,2017-04-03
415845.0,4568515.0,2017-04-03
415855.0,4568515.0,2017-04-03
415865.0,4568515.0,2017-04-03
415875.0,4568515.0,2017-04-03
415885.0,4568515.0,2017-04-03
415895.0,4568515.0,2017-04-03
415905.0,4568515.0,2017-04-03
415915.0,4568515.0,2017-04-03
415925.0,4568515.0,2017-04-03
415935.0,4568515.0,2017-04-03
415945.0,4568515.0,2017-04-03
415955.0,4568515.0,2017-04-03
415965.0,4568515.0,2017-04-03
415975.0,4568515.0,2017-04-03
415985.0,4568515.0,2017-04-03
415995.0,4568515.0,2017-04-03
416005.0,4568515.0,2017-04-03
416015.0,4568515.0,2017-04-03
416025.0,4568515.0,2017-04-03
416035.0,4568515.0,2017-04-03
416045.0,4568515.0,2017-04-03
416055.0,4568515.0,2017-04-03
416065.0,4568515.0,2017-04-03
416075.0,4568515.0,2017-04-03
416085.0,4568515.0,2017-04-03
416095.0,4568515.0,2017-04-03
416105.0,4568515.0,2017-04-03
416115.0,4568515.0,2017-04-03
416125.0,4568515.0,2017-04-03
416135.0,4568515.0,2017-04-03
416145.0,4568515.0,2017-04-03
416155.0,4568515.0,2017-04-03
416165.0,4568515.0,2017-04-03
416175.0,4568515.0,2017-04-03
416185.0,4568515.0,2017-04-03
416195.0,4568515.0,2017-04-03
416205.0,4568515.0,2017-04-03
416215.0,4568515.0,2017-04-03
416225.0,4568515.0,2017-04-03
416235.0,4568515.0,2017-04-03
416245.0,4568515.0,2017-04-03
416255.0,4568515.0,2017-04-03
416265.0,4568515.0,2017-04-03
416275.0,4568515.0,2017-04-03
416285.0,4568515.0,2017-04-03
416295.0,4568515.0,2017-04-03
416305.0,4568515.0,2017-04-03
416315.0,4568515.0,2017-04-03
416325.0,4568515.0,2017-04-03
416335.0,4568515.0,2017-04-03
416345.0,4568515.0,2017-04-03
416355.0,4568515.0,2017-04-03
416365.0,4568515.0,2017-04-03
416375.0,4568515.0,2017-04-03
416385.0,4568515.0,2017-04-03
416395.0,4568515.0,2017-04-03
416405.0,4568515.0,2017-04-03
416415.0,4568515.0,2017-04-03
416425.0,4568515.0,2017-04-03
416435.0,4568515.0,2017-04-03
416445.0,4568515.0,2017-04-03
416455.0,4568515.0,2017-04-03
415115.0,4568505.0,2017-04-03
415125.0,4568505.0,2017-04-03
415135.0,4568505.0,2017-04-03
415145.0,4568505.0,2017-04-03
415155.0,4568505.0,2017-04-03
415165.0,4568505.0,2017-04-03
415175.0,4568505.0,2017-04-03
415185.0,4568505.0,2017-04-03
415195.0,4568505.0,2017-04-03
415205.0,4568505.0,2017-04-03
415215.0,4568505.0,2017-04-03
415225.0,4568505.0,2017-04-03
415235.0,4568505.0,2017-04-03
415245.0,4568505.0,2017-04-03
415255.0,4568505.0,2017-04-03
415265.0,4568505.0,2017-04-03
415275.0,4568505.0,2017-04-03
415285.0,4568505.0,2017-04-03
415295.0,4568505.0,2017-04-03
415305.0,4568505.0,2017-04-03
415315.0,4568505.0,2017-04-03
415325.0,4568505.0,2017-04-03
415335.0,4568505.0,2017-04-03
415345.0,4568505.0,2017-04-03
415355.0,4568505.0,2017-04-03
415365.0,4568505.0,2017-04-03
415375.0,4568505.0,2017-04-03
415385.0,4568505.0,2017-04-03
415395.0,4568505.0,2017-04-03
415405.0,4568505.0,2017-04-03
415415.0,4568505.0,2017-04-03
415425.0,4568505.0,2017-04-03
415435.0,4568505.0,2017-04-03
415445.0,4568505.0,2017-04-03
415455.0,4568505.0,2017-04-03
415465.0,4568505.0,2017-04-03
415475.0,4568505.0,2017-04-03
415485.0,4568505.0,2017-04-03
415495.0,4568505.0,2017-04-03
415505.0,4568505.0,2017-04-03
415515.0,4568505.0,2017-04-03
415525.0,4568505.0,2017-04-03
415535.0,4568505.0,2017-04-03
415545.0,4568505.0,2017-04-03
415555.0,4568505.0,2017-04-03
415565.0,4568505.0,2017-04-03
415575.0,4568505.0,2017-04-03
415585.0,4568505.0,2017-04-03
415595.0,4568505.0,2017-04-03
415605.0,4568505.0,2017-04-03
415615.0,4568505.0,2017-04-03
415625.0,4568505.0,2017-04-03
415635.0,4568505.0,2017-04-03
415645.0,4568505.0,2017-04-03
415655.0,4568505.0,2017-04-03
415665.0,4568505.0,2017-04-03
415675.0,4568505.0,2017-04-03
415685.0,4568505.0,2017-04-03
415695.0,4568505.0,2017-04-03
415705.0,4568505.0,2017-04-03
415715.0,4568505.0,2017-04-03
415725.0,4568505.0,2017-04-03
415735.0,4568505.0,2017-04-03
415745.0,4568505.0,2017-04-03
415755.0,4568505.0,2017-04-03
415765.0,4568505.0,2017-04-03
415775.0,4568505.0,2017-04-03
415785.0,4568505.0,2017-04-03
415795.0,4568505.0,2017-04-03
415805.0,4568505.0,2017-04-03
415815.0,4568505.0,2017-04-03
415825.0,4568505.0,2017-04-03
415835.0,4568505.0,2017-04-03
415845.0,4568505.0,2017-04-03
415855.0,4568505.0,2017-04-03
415865.0,4568505.0,2017-04-03
415875.0,4568505.0,2017-04-03
415885.0,4568505.0,2017-04-03
415895.0,4568505.0,2017-04-03
415905.0,4568505.0,2017-04-03
415915.0,4568505.0,2017-04-03
415925.0,4568505.0,2017-04-03
415935.0,4568505.0,2017-04-03
415945.0,4568505.0,2017-04-03
415955.0,4568505.0,2017-04-03
415965.0,4568505.0,2017-04-03
415975.0,4568505.0,2017-04-03
415985.0,4568505.0,2017-04-03
415995.0,4568505.0,2017-04-03
416005.0,4568505.0,2017-04-03
416015.0,4568505.0,2017-04-03
416025.0,4568505.0,2017-04-03
416035.0,4568505.0,2017-04-03
416045.0,4568505.0,2017-04-03
416055.0,4568505.0,2017-04-03
416065.0,4568505.0,2017-04-03
416075.0,4568505.0,2017-04-03
416085.0,4568505.0,2017-04-03
416095.0,4568505.0,2017-04-03
416105.0,4568505.0,2017-04-03
416115.0,4568505.0,2017-04-03
416125.0,4568505.0,2017-04-03
416135.0,4568505.0,2017-04-03
416145.0,4568505.0,2017-04-03
416155.0,4568505.0,2017-04-03
416165.0,4568505.0,2017-04-03
416175.0,4568505.0,2017-04-03
416185.0,4568505.0,2017-04-03
416195.0,4568505.0,2017-04-03
416205.0,4568505.0,2017-04-03
416215.0,4568505.0,2017-04-03
416225.0,4568505.0,2017-04-03
416235.0,4568505.0,2017-04-03
416245.0,4568505.0,2017-04-03
416255.0,4568505.0,2017-04-03
416265.0,4568505.0,2017-04-03
416275.0,4568505.0,2017-04-03
416285.0,4568505.0,2017-04-03
416295.0,4568505.0,2017-04-03
416305.0,4568505.0,2017-04-03
416315.0,4568505.0,2017-04-03
416325.0,4568505.0,2017-04-03
416335.0,4568505.0,2017-04-03
416345.0,4568505.0,2017-04-03
416355.0,4568505.0,2017-04-03
416365.0,4568505.0,2017-04-03
416375.0,4568505.0,2017-04-03
416385.0,4568505.0,2017-04-03
416395.0,4568505.0,2017-04-03
416405.0,4568505.0,2017-04-03
416415.0,4568505.0,2017-04-03
416425.0,4568505.0,2017-04-03
416435.0,4568505.0,2017-04-03
416445.0,4568505.0,2017-04-03
416455.0,4568505.0,2017-04-03
415965.0,4568495.0,2017-04-03
415975.0,4568495.0,2017-04-03
415985.0,4568495.0,2017-04-03
415995.0,4568495.0,2017-04-03
416005.0,4568495.0,2017-04-03
416015.0,4568495.0,2017-04-03
416025.0,4568495.0,2017-04-03
416035.0,4568495.0,2017-04-03
416045.0,4568495.0,2017-04-03
416055.0,4568495.0,2017-04-03
416065.0,4568495.0,2017-04-03
416075.0,4568495.0,2017-04-03
416085.0,4568495.0,2017-04-03
416095.0,4568495.0,2017-04-03
416105.0,4568495.0,2017-04-03
416115.0,4568495.0,2017-04-03
416125.0,4568495.0,2017-04-03
416135.0,4568495.0,2017-04-03
416145.0,4568495.0,2017-04-03
416155.0,4568495.0,2017-04-03
416165.0,4568495.0,2017-04-03
416175.0,4568495.0,2017-04-03
416185.0,4568495.0,2017-04-03
416195.0,4568495.0,2017-04-03
416205.0,4568495.0,2017-04-03
416215.0,4568495.0,2017-04-03
416225.0,4568495.0,2017-04-03
416235.0,4568495.0,2017-04-03
416245.0,4568495.0,2017-04-03
416255.0,4568495.0,2017-04-03
416265.0,4568495.0,2017-04-03
416275.0,4568495.0,2017-04-03
416285.0,4568495.0,2017-04-03
416295.0,4568495.0,2017-04-03
416305.0,4568495.0,2017-04-03
416315.0,4568495.0,2017-04-03
416325.0,4568495.0,2017-04-03
416335.0,4568495.0,2017-04-03
416345.0,4568495.0,2017-04-03
416355.0,4568495.0,2017-04-03
416365.0,4568495.0,2017-04-03
416375.0,4568495.0,2017-04-03
416385.0,4568495.0,2017-04-03
416395.0,4568495.0,2017-04-03
416405.0,4568495.0,2017-04-03
416415.0,4568495.0,2017-04-03
416425.0,4568495.0,2017-04-03
416435.0,4568495.0,2017-04-03
416445.0,4568495.0,2017-04-03
416455.0,4568495.0,2017-04-03
412125.0,4568565.0,2017-04-03
412255.0,4568565.0,2017-04-03
412265.0,4568565.0,2017-04-03
412275.0,4568565.0,2017-04-03
412295.0,4568565.0,2017-04-03
412305.0,4568565.0,2017-04-03
412315.0,4568565.0,2017-04-03
412325.0,4568565.0,2017-04-03
412335.0,4568565.0,2017-04-03
412345.0,4568565.0,2017-04-03
412355.0,4568565.0,2017-04-03
412365.0,4568565.0,2017-04-03
412375.0,4568565.0,2017-04-03
412385.0,4568565.0,2017-04-03
412395.0,4568565.0,2017-04-03
412405.0,4568565.0,2017-04-03
412415.0,4568565.0,2017-04-03
412425.0,4568565.0,2017-04-03
412435.0,4568565.0,2017-04-03
412445.0,4568565.0,2017-04-03
412455.0,4568565.0,2017-04-03
412465.0,4568565.0,2017-04-03
412475.0,4568565.0,2017-04-03
412485.0,4568565.0,2017-04-03
412495.0,4568565.0,2017-04-03
412505.0,4568565.0,2017-04-03
412515.0,4568565.0,2017-04-03
412525.0,4568565.0,2017-04-03
412535.0,4568565.0,2017-04-03
412555.0,4568565.0,2017-04-03
412565.0,4568565.0,2017-04-03
412575.0,4568565.0,2017-04-03
412585.0,4568565.0,2017-04-03
412595.0,4568565.0,2017-04-03
412605.0,4568565.0,2017-04-03
412615.0,4568565.0,2017-04-03
412625.0,4568565.0,2017-04-03
412635.0,4568565.0,2017-04-03
412645.0,4568565.0,2017-04-03
412655.0,4568565.0,2017-04-03
412665.0,4568565.0,2017-04-03
412675.0,4568565.0,2017-04-03
412685.0,4568565.0,2017-04-03
412695.0,4568565.0,2017-04-03
412705.0,4568565.0,2017-04-03
412715.0,4568565.0,2017-04-03
412725.0,4568565.0,2017-04-03
412735.0,4568565.0,2017-04-03
412745.0,4568565.0,2017-04-03
412755.0,4568565.0,2017-04-03
412765.0,4568565.0,2017-04-03
412775.0,4568565.0,2017-04-03
412785.0,4568565.0,2017-04-03
412795.0,4568565.0,2017-04-03
412805.0,4568565.0,2017-04-03
412815.0,4568565.0,2017-04-03
412825.0,4568565.0,2017-04-03
412835.0,4568565.0,2017-04-03
412845.0,4568565.0,2017-04-03
412855.0,4568565.0,2017-04-03
412865.0,4568565.0,2017-04-03
412875.0,4568565.0,2017-04-03
412885.0,4568565.0,2017-04-03
412895.0,4568565.0,2017-04-03
412905.0,4568565.0,2017-04-03
412925.0,4568565.0,2017-04-03
412935.0,4568565.0,2017-04-03
412945.0,4568565.0,2017-04-03
412985.0,4568565.0,2017-04-03
413025.0,4568565.0,2017-04-03
413035.0,4568565.0,2017-04-03
413065.0,4568565.0,2017-04-03
413075.0,4568565.0,2017-04-03
413085.0,4568565.0,2017-04-03
413095.0,4568565.0,2017-04-03
413105.0,4568565.0,2017-04-03
413115.0,4568565.0,2017-04-03
413125.0,4568565.0,2017-04-03
413145.0,4568565.0,2017-04-03
413215.0,4568565.0,2017-04-03
413345.0,4568565.0,2017-04-03
411825.0,4568555.0,2017-04-03
411835.0,4568555.0,2017-04-03
411855.0,4568555.0,2017-04-03
411865.0,4568555.0,2017-04-03
411875.0,4568555.0,2017-04-03
411885.0,4568555.0,2017-04-03
411895.0,4568555.0,2017-04-03
411905.0,4568555.0,2017-04-03
411915.0,4568555.0,2017-04-03
411925.0,4568555.0,2017-04-03
411935.0,4568555.0,2017-04-03
411945.0,4568555.0,2017-04-03
411955.0,4568555.0,2017-04-03
411965.0,4568555.0,2017-04-03
411975.0,4568555.0,2017-04-03
411985.0,4568555.0,2017-04-03
411995.0,4568555.0,2017-04-03
412005.0,4568555.0,2017-04-03
412015.0,4568555.0,2017-04-03
412025.0,4568555.0,2017-04-03
412035.0,4568555.0,2017-04-03
412045.0,4568555.0,2017-04-03
412055.0,4568555.0,2017-04-03
412065.0,4568555.0,2017-04-03
412075.0,4568555.0,2017-04-03
412085.0,4568555.0,2017-04-03
412095.0,4568555.0,2017-04-03
412105.0,4568555.0,2017-04-03
412115.0,4568555.0,2017-04-03
412125.0,4568555.0,2017-04-03
412135.0,4568555.0,2017-04-03
412145.0,4568555.0,2017-04-03
412155.0,4568555.0,2017-04-03
412165.0,4568555.0,2017-04-03
412175.0,4568555.0,2017-04-03
412185.0,4568555.0,2017-04-03
412195.0,4568555.0,2017-04-03
412205.0,4568555.0,2017-04-03
412215.0,4568555.0,2017-04-03
412225.0,4568555.0,2017-04-03
412235.0,4568555.0,2017-04-03
412245.0,4568555.0,2017-04-03
412255.0,4568555.0,2017-04-03
412275.0,4568555.0,2017-04-03
412285.0,4568555.0,2017-04-03
412295.0,4568555.0,2017-04-03
412535.0,4568555.0,2017-04-03
412545.0,4568555.0,2017-04-03
412555.0,4568555.0,2017-04-03
412905.0,4568555.0,2017-04-03
412915.0,4568555.0,2017-04-03
412925.0,4568555.0,2017-04-03
412945.0,4568555.0,2017-04-03
412955.0,4568555.0,2017-04-03
412965.0,4568555.0,2017-04-03
412975.0,4568555.0,2017-04-03
412985.0,4568555.0,2017-04-03
412995.0,4568555.0,2017-04-03
413005.0,4568555.0,2017-04-03
413015.0,4568555.0,2017-04-03
413025.0,4568555.0,2017-04-03
413035.0,4568555.0,2017-04-03
413045.0,4568555.0,2017-04-03
413055.0,4568555.0,2017-04-03
413065.0,4568555.0,2017-04-03
413125.0,4568555.0,2017-04-03
413135.0,4568555.0,2017-04-03
413145.0,4568555.0,2017-04-03
413155.0,4568555.0,2017-04-03
413165.0,4568555.0,2017-04-03
413175.0,4568555.0,2017-04-03
413185.0,4568555.0,2017-04-03
413195.0,4568555.0,2017-04-03
413205.0,4568555.0,2017-04-03
413215.0,4568555.0,2017-04-03
413225.0,4568555.0,2017-04-03
413235.0,4568555.0,2017-04-03
413245.0,4568555.0,2017-04-03
413255.0,4568555.0,2017-04-03
413265.0,4568555.0,2017-04-03
413275.0,4568555.0,2017-04-03
413285.0,4568555.0,2017-04-03
413295.0,4568555.0,2017-04-03
413305.0,4568555.0,2017-04-03
413315.0,4568555.0,2017-04-03
413325.0,4568555.0,2017-04-03
413335.0,4568555.0,2017-04-03
413345.0,4568555.0,2017-04-03
413355.0,4568555.0,2017-04-03
413365.0,4568555.0,2017-04-03
413375.0,4568555.0,2017-04-03
413385.0,4568555.0,2017-04-03
413395.0,4568555.0,2017-04-03
413405.0,4568555.0,2017-04-03
413415.0,4568555.0,2017-04-03
413425.0,4568555.0,2017-04-03
413435.0,4568555.0,2017-04-03
413445.0,4568555.0,2017-04-03
413455.0,4568555.0,2017-04-03
413465.0,4568555.0,2017-04-03
413475.0,4568555.0,2017-04-03
413485.0,4568555.0,2017-04-03
413495.0,4568555.0,2017-04-03
413505.0,4568555.0,2017-04-03
413515.0,4568555.0,2017-04-03
413525.0,4568555.0,2017-04-03
413535.0,4568555.0,2017-04-03
413545.0,4568555.0,2017-04-03
413555.0,4568555.0,2017-04-03
413565.0,4568555.0,2017-04-03
413575.0,4568555.0,2017-04-03
413585.0,4568555.0,2017-04-03
413615.0,4568555.0,2017-04-03
413625.0,4568555.0,2017-04-03
413635.0,4568555.0,2017-04-03
413695.0,4568555.0,2017-04-03
413705.0,4568555.0,2017-04-03
413715.0,4568555.0,2017-04-03
413725.0,4568555.0,2017-04-03
413735.0,4568555.0,2017-04-03
413745.0,4568555.0,2017-04-03
413755.0,4568555.0,2017-04-03
413765.0,4568555.0,2017-04-03
413785.0,4568555.0,2017-04-03
413795.0,4568555.0,2017-04-03
413805.0,4568555.0,2017-04-03
413845.0,4568555.0,2017-04-03
416395.0,4568555.0,2017-04-03
416405.0,4568555.0,2017-04-03
416415.0,4568555.0,2017-04-03
416425.0,4568555.0,2017-04-03
416435.0,4568555.0,2017-04-03
416445.0,4568555.0,2017-04-03
416455.0,4568555.0,2017-04-03
411745.0,4568545.0,2017-04-03
411755.0,4568545.0,2017-04-03
411765.0,4568545.0,2017-04-03
411775.0,4568545.0,2017-04-03
411785.0,4568545.0,2017-04-03
411795.0,4568545.0,2017-04-03
411805.0,4568545.0,2017-04-03
411815.0,4568545.0,2017-04-03
411825.0,4568545.0,2017-04-03
411835.0,4568545.0,2017-04-03
411845.0,4568545.0,2017-04-03
411855.0,4568545.0,2017-04-03
413585.0,4568545.0,2017-04-03
413595.0,4568545.0,2017-04-03
413605.0,4568545.0,2017-04-03
413615.0,4568545.0,2017-04-03
413635.0,4568545.0,2017-04-03
413645.0,4568545.0,2017-04-03
413655.0,4568545.0,2017-04-03
413665.0,4568545.0,2017-04-03
413675.0,4568545.0,2017-04-03
413685.0,4568545.0,2017-04-03
413695.0,4568545.0,2017-04-03
413765.0,4568545.0,2017-04-03
413775.0,4568545.0,2017-04-03
413785.0,4568545.0,2017-04-03
413805.0,4568545.0,2017-04-03
413815.0,4568545.0,2017-04-03
413825.0,4568545.0,2017-04-03
413835.0,4568545.0,2017-04-03
413845.0,4568545.0,2017-04-03
413855.0,4568545.0,2017-04-03
413865.0,4568545.0,2017-04-03
413875.0,4568545.0,2017-04-03
413885.0,4568545.0,2017-04-03
413895.0,4568545.0,2017-04-03
413905.0,4568545.0,2017-04-03
413915.0,4568545.0,2017-04-03
413925.0,4568545.0,2017-04-03
413935.0,4568545.0,2017-04-03
413945.0,4568545.0,2017-04-03
413955.0,4568545.0,2017-04-03
413965.0,4568545.0,2017-04-03
413975.0,4568545.0,2017-04-03
413985.0,4568545.0,2017-04-03
413995.0,4568545.0,2017-04-03
414005.0,4568545.0,2017-04-03
414015.0,4568545.0,2017-04-03
414025.0,4568545.0,2017-04-03
414035.0,4568545.0,2017-04-03
414045.0,4568545.0,2017-04-03
414055.0,4568545.0,2017-04-03
414065.0,4568545.0,2017-04-03
414075.0,4568545.0,2017-04-03
414085.0,4568545.0,2017-04-03
414095.0,4568545.0,2017-04-03
414105.0,4568545.0,2017-04-03
414115.0,4568545.0,2017-04-03
414125.0,4568545.0,2017-04-03
414135.0,4568545.0,2017-04-03
414145.0,4568545.0,2017-04-03
414155.0,4568545.0,2017-04-03
414165.0,4568545.0,2017-04-03
414175.0,4568545.0,2017-04-03
414185.0,4568545.0,2017-04-03
414195.0,4568545.0,2017-04-03
414205.0,4568545.0,2017-04-03
414215.0,4568545.0,2017-04-03
414225.0,4568545.0,2017-04-03
414235.0,4568545.0,2017-04-03
414245.0,4568545.0,2017-04-03
414255.0,4568545.0,2017-04-03
414265.0,4568545.0,2017-04-03
414275.0,4568545.0,2017-04-03
414285.0,4568545.0,2017-04-03
414295.0,4568545.0,2017-04-03
414305.0,4568545.0,2017-04-03
414315.0,4568545.0,2017-04-03
414325.0,4568545.0,2017-04-03
414335.0,4568545.0,2017-04-03
414345.0,4568545.0,2017-04-03
414355.0,4568545.0,2017-04-03
414365.0,4568545.0,2017-04-03
414375.0,4568545.0,2017-04-03
414385.0,4568545.0,2017-04-03
414395.0,4568545.0,2017-04-03
414405.0,4568545.0,2017-04-03
414415.0,4568545.0,2017-04-03
414425.0,4568545.0,2017-04-03
414435.0,4568545.0,2017-04-03
414515.0,4568545.0,2017-04-03
414885.0,4568545.0,2017-04-03
414895.0,4568545.0,2017-04-03
414905.0,4568545.0,2017-04-03
414915.0,4568545.0,2017-04-03
414925.0,4568545.0,2017-04-03
414935.0,4568545.0,2017-04-03
414945.0,4568545.0,2017-04-03
414955.0,4568545.0,2017-04-03
414965.0,4568545.0,2017-04-03
414975.0,4568545.0,2017-04-03
414985.0,4568545.0,2017-04-03
414995.0,4568545.0,2017-04-03
415005.0,4568545.0,2017-04-03
415015.0,4568545.0,2017-04-03
415025.0,4568545.0,2017-04-03
415035.0,4568545.0,2017-04-03
415045.0,4568545.0,2017-04-03
415055.0,4568545.0,2017-04-03
415065.0,4568545.0,2017-04-03
415075.0,4568545.0,2017-04-03
415105.0,4568545.0,2017-04-03
415115.0,4568545.0,2017-04-03
415125.0,4568545.0,2017-04-03
415135.0,4568545.0,2017-04-03
415945.0,4568545.0,2017-04-03
415955.0,4568545.0,2017-04-03
415965.0,4568545.0,2017-04-03
416045.0,4568545.0,2017-04-03
416055.0,4568545.0,2017-04-03
416065.0,4568545.0,2017-04-03
416075.0,4568545.0,2017-04-03
416085.0,4568545.0,2017-04-03
416095.0,4568545.0,2017-04-03
416105.0,4568545.0,2017-04-03
416135.0,4568545.0,2017-04-03
416165.0,4568545.0,2017-04-03
416175.0,4568545.0,2017-04-03
416185.0,4568545.0,2017-04-03
416195.0,4568545.0,2017-04-03
416205.0,4568545.0,2017-04-03
416215.0,4568545.0,2017-04-03
416225.0,4568545.0,2017-04-03
416235.0,4568545.0,2017-04-03
416245.0,4568545.0,2017-04-03
416255.0,4568545.0,2017-04-03
416265.0,4568545.0,2017-04-03
416275.0,4568545.0,2017-04-03
416285.0,4568545.0,2017-04-03
416295.0,4568545.0,2017-04-03
416305.0,4568545.0,2017-04-03
416315.0,4568545.0,2017-04-03
416325.0,4568545.0,2017-04-03
416335.0,4568545.0,2017-04-03
416345.0,4568545.0,2017-04-03
416355.0,4568545.0,2017-04-03
416365.0,4568545.0,2017-04-03
416375.0,4568545.0,2017-04-03
416385.0,4568545.0,2017-04-03
416395.0,4568545.0,2017-04-03
414435.0,4568535.0,2017-04-03
414445.0,4568535.0,2017-04-03
414455.0,4568535.0,2017-04-03
414465.0,4568535.0,2017-04-03
414475.0,4568535.0,2017-04-03
414485.0,4568535.0,2017-04-03
414495.0,4568535.0,2017-04-03
414505.0,4568535.0,2017-04-03
414515.0,4568535.0,2017-04-03
414525.0,4568535.0,2017-04-03
414535.0,4568535.0,2017-04-03
414545.0,4568535.0,2017-04-03
414555.0,4568535.0,2017-04-03
414565.0,4568535.0,2017-04-03
414575.0,4568535.0,2017-04-03
414585.0,4568535.0,2017-04-03
414595.0,4568535.0,2017-04-03
414605.0,4568535.0,2017-04-03
414615.0,4568535.0,2017-04-03
414625.0,4568535.0,2017-04-03
414635.0,4568535.0,2017-04-03
414645.0,4568535.0,2017-04-03
414655.0,4568535.0,2017-04-03
414665.0,4568535.0,2017-04-03
414675.0,4568535.0,2017-04-03
414685.0,4568535.0,2017-04-03
414695.0,4568535.0,2017-04-03
414705.0,4568535.0,2017-04-03
414715.0,4568535.0,2017-04-03
414725.0,4568535.0,2017-04-03
414735.0,4568535.0,2017-04-03
414745.0,4568535.0,2017-04-03
414755.0,4568535.0,2017-04-03
414765.0,4568535.0,2017-04-03
414775.0,4568535.0,2017-04-03
414785.0,4568535.0,2017-04-03
414795.0,4568535.0,2017-04-03
414805.0,4568535.0,2017-04-03
414815.0,4568535.0,2017-04-03
414825.0,4568535.0,2017-04-03
414835.0,4568535.0,2017-04-03
414845.0,4568535.0,2017-04-03
414855.0,4568535.0,2017-04-03
414865.0,4568535.0,2017-04-03
414875.0,4568535.0,2017-04-03
414885.0,4568535.0,2017-04-03
415075.0,4568535.0,2017-04-03
415085.0,4568535.0,2017-04-03
415095.0,4568535.0,2017-04-03
415105.0,4568535.0,2017-04-03
415135.0,4568535.0,2017-04-03
415145.0,4568535.0,2017-04-03
415155.0,4568535.0,2017-04-03
415165.0,4568535.0,2017-04-03
415175.0,4568535.0,2017-04-03
415185.0,4568535.0,2017-04-03
415195.0,4568535.0,2017-04-03
415205.0,4568535.0,2017-04-03
415215.0,4568535.0,2017-04-03
415225.0,4568535.0,2017-04-03
415235.0,4568535.0,2017-04-03
415245.0,4568535.0,2017-04-03
415255.0,4568535.0,2017-04-03
415265.0,4568535.0,2017-04-03
415275.0,4568535.0,2017-04-03
415285.0,4568535.0,2017-04-03
415295.0,4568535.0,2017-04-03
415305.0,4568535.0,2017-04-03
415315.0,4568535.0,2017-04-03
415325.0,4568535.0,2017-04-03
415335.0,4568535.0,2017-04-03
415345.0,4568535.0,2017-04-03
415355.0,4568535.0,2017-04-03
415365.0,4568535.0,2017-04-03
415375.0,4568535.0,2017-04-03
415385.0,4568535.0,2017-04-03
415395.0,4568535.0,2017-04-03
415405.0,4568535.0,2017-04-03
415415.0,4568535.0,2017-04-03
415425.0,4568535.0,2017-04-03
415435.0,4568535.0,2017-04-03
415445.0,4568535.0,2017-04-03
415455.0,4568535.0,2017-04-03
415465.0,4568535.0,2017-04-03
415475.0,4568535.0,2017-04-03
415485.0,4568535.0,2017-04-03
415495.0,4568535.0,2017-04-03
415505.0,4568535.0,2017-04-03
415515.0,4568535.0,2017-04-03
415525.0,4568535.0,2017-04-03
415535.0,4568535.0,2017-04-03
415545.0,4568535.0,2017-04-03
415555.0,4568535.0,2017-04-03
415565.0,4568535.0,2017-04-03
415575.0,4568535.0,2017-04-03
415585.0,4568535.0,2017-04-03
415595.0,4568535.0,2017-04-03
415605.0,4568535.0,2017-04-03
415615.0,4568535.0,2017-04-03
415625.0,4568535.0,2017-04-03
415635.0,4568535.0,2017-04-03
415645.0,4568535.0,2017-04-03
415655.0,4568535.0,2017-04-03
415665.0,4568535.0,2017-04-03
415675.0,4568535.0,2017-04-03
415685.0,4568535.0,2017-04-03
415695.0,4568535.0,2017-04-03
415705.0,4568535.0,2017-04-03
415715.0,4568535.0,2017-04-03
415725.0,4568535.0,2017-04-03
415735.0,4568535.0,2017-04-03
415745.0,4568535.0,2017-04-03
415755.0,4568535.0,2017-04-03
415765.0,4568535.0,2017-04-03
415775.0,4568535.0,2017-04-03
415785.0,4568535.0,2017-04-03
415795.0,4568535.0,2017-04-03
415805.0,4568535.0,2017-04-03
415815.0,4568535.0,2017-04-03
415825.0,4568535.0,2017-04-03
415835.0,4568535.0,2017-04-03
415845.0,4568535.0,2017-04-03
415855.0,4568535.0,2017-04-03
415865.0,4568535.0,2017-04-03
415875.0,4568535.0,2017-04-03
415885.0,4568535.0,2017-04-03
415895.0,4568535.0,2017-04-03
415905.0,4568535.0,2017-04-03
415915.0,4568535.0,2017-04-03
415925.0,4568535.0,2017-04-03
415935.0,4568535.0,2017-04-03
415945.0,4568535.0,2017-04-03
415965.0,4568535.0,2017-04-03
415975.0,4568535.0,2017-04-03
415985.0,4568535.0,2017-04-03
415995.0,4568535.0,2017-04-03
416005.0,4568535.0,2017-04-03
416015.0,4568535.0,2017-04-03
416025.0,4568535.0,2017-04-03
416035.0,4568535.0,2017-04-03
416045.0,4568535.0,2017-04-03
416105.0,4568535.0,2017-04-03
416115.0,4568535.0,2017-04-03
416125.0,4568535.0,2017-04-03
416135.0,4568535.0,2017-04-03
416145.0,4568535.0,2017-04-03
416155.0,4568535.0,2017-04-03
416165.0,4568535.0,2017-04-03
411985.0,4568565.0,2017-04-13
411995.0,4568565.0,2017-04-13
412005.0,4568565.0,2017-04-13
412015.0,4568565.0,2017-04-13
412085.0,4568565.0,2017-04-13
412095.0,4568565.0,2017-04-13
412105.0,4568565.0,2017-04-13
412125.0,4568565.0,2017-04-13
412135.0,4568565.0,2017-04-13
412235.0,4568565.0,2017-04-13
412245.0,4568565.0,2017-04-13
412255.0,4568565.0,2017-04-13
412265.0,4568565.0,2017-04-13
412275.0,4568565.0,2017-04-13
412285.0,4568565.0,2017-04-13
412295.0,4568565.0,2017-04-13
412305.0,4568565.0,2017-04-13
412315.0,4568565.0,2017-04-13
412325.0,4568565.0,2017-04-13
412335.0,4568565.0,2017-04-13
412345.0,4568565.0,2017-04-13
412355.0,4568565.0,2017-04-13
412365.0,4568565.0,2017-04-13
412375.0,4568565.0,2017-04-13
412385.0,4568565.0,2017-04-13
412395.0,4568565.0,2017-04-13
412405.0,4568565.0,2017-04-13
412415.0,4568565.0,2017-04-13
412425.0,4568565.0,2017-04-13
412435.0,4568565.0,2017-04-13
412445.0,4568565.0,2017-04-13
412455.0,4568565.0,2017-04-13
412465.0,4568565.0,2017-04-13
412475.0,4568565.0,2017-04-13
412485.0,4568565.0,2017-04-13
412495.0,4568565.0,2017-04-13
412505.0,4568565.0,2017-04-13
412515.0,4568565.0,2017-04-13
412525.0,4568565.0,2017-04-13
412535.0,4568565.0,2017-04-13
412545.0,4568565.0,2017-04-13
412555.0,4568565.0,2017-04-13
412565.0,4568565.0,2017-04-13
412575.0,4568565.0,2017-04-13
412585.0,4568565.0,2017-04-13
412595.0,4568565.0,2017-04-13
412605.0,4568565.0,2017-04-13
412615.0,4568565.0,2017-04-13
412625.0,4568565.0,2017-04-13
412635.0,4568565.0,2017-04-13
412645.0,4568565.0,2017-04-13
412655.0,4568565.0,2017-04-13
412665.0,4568565.0,2017-04-13
412675.0,4568565.0,2017-04-13
412685.0,4568565.0,2017-04-13
412695.0,4568565.0,2017-04-13
412705.0,4568565.0,2017-04-13
412715.0,4568565.0,2017-04-13
412725.0,4568565.0,2017-04-13
412735.0,4568565.0,2017-04-13
412745.0,4568565.0,2017-04-13
412755.0,4568565.0,2017-04-13
412765.0,4568565.0,2017-04-13
412775.0,4568565.0,2017-04-13
412785.0,4568565.0,2017-04-13
412795.0,4568565.0,2017-04-13
412805.0,4568565.0,2017-04-13
412815.0,4568565.0,2017-04-13
412825.0,4568565.0,2017-04-13
412835.0,4568565.0,2017-04-13
412845.0,4568565.0,2017-04-13
412855.0,4568565.0,2017-04-13
412865.0,4568565.0,2017-04-13
412875.0,4568565.0,2017-04-13
412885.0,4568565.0,2017-04-13
412895.0,4568565.0,2017-04-13
412905.0,4568565.0,2017-04-13
412915.0,4568565.0,2017-04-13
412925.0,4568565.0,2017-04-13
412935.0,4568565.0,2017-04-13
412945.0,4568565.0,2017-04-13
412955.0,4568565.0,2017-04-13
412965.0,4568565.0,2017-04-13
412975.0,4568565.0,2017-04-13
412985.0,4568565.0,2017-04-13
412995.0,4568565.0,2017-04-13
413005.0,4568565.0,2017-04-13
413015.0,4568565.0,2017-04-13
413025.0,4568565.0,2017-04-13
413035.0,4568565.0,2017-04-13
413045.0,4568565.0,2017-04-13
413055.0,4568565.0,2017-04-13
413065.0,4568565.0,2017-04-13
413075.0,4568565.0,2017-04-13
413085.0,4568565.0,2017-04-13
413095.0,4568565.0,2017-04-13
413105.0,4568565.0,2017-04-13
413115.0,4568565.0,2017-04-13
413125.0,4568565.0,2017-04-13
413135.0,4568565.0,2017-04-13
413145.0,4568565.0,2017-04-13
413155.0,4568565.0,2017-04-13
413165.0,4568565.0,2017-04-13
413175.0,4568565.0,2017-04-13
413185.0,4568565.0,2017-04-13
413195.0,4568565.0,2017-04-13
413205.0,4568565.0,2017-04-13
413215.0,4568565.0,2017-04-13
413225.0,4568565.0,2017-04-13
413235.0,4568565.0,2017-04-13
413245.0,4568565.0,2017-04-13
413255.0,4568565.0,2017-04-13
413265.0,4568565.0,2017-04-13
413275.0,4568565.0,2017-04-13
413285.0,4568565.0,2017-04-13
413295.0,4568565.0,2017-04-13
413305.0,4568565.0,2017-04-13
413315.0,4568565.0,2017-04-13
413325.0,4568565.0,2017-04-13
413335.0,4568565.0,2017-04-13
413345.0,4568565.0,2017-04-13
413355.0,4568565.0,2017-04-13
413365.0,4568565.0,2017-04-13
413375.0,4568565.0,2017-04-13
413385.0,4568565.0,2017-04-13
411765.0,4568555.0,2017-04-13
411775.0,4568555.0,2017-04-13
411785.0,4568555.0,2017-04-13
411795.0,4568555.0,2017-04-13
411805.0,4568555.0,2017-04-13
411815.0,4568555.0,2017-04-13
411825.0,4568555.0,2017-04-13
411835.0,4568555.0,2017-04-13
411845.0,4568555.0,2017-04-13
411855.0,4568555.0,2017-04-13
411865.0,4568555.0,2017-04-13
411875.0,4568555.0,2017-04-13
411885.0,4568555.0,2017-04-13
411895.0,4568555.0,2017-04-13
411905.0,4568555.0,2017-04-13
411915.0,4568555.0,2017-04-13
411925.0,4568555.0,2017-04-13
411935.0,4568555.0,2017-04-13
411945.0,4568555.0,2017-04-13
411955.0,4568555.0,2017-04-13
411965.0,4568555.0,2017-04-13
411975.0,4568555.0,2017-04-13
411985.0,4568555.0,2017-04-13
412015.0,4568555.0,2017-04-13
412025.0,4568555.0,2017-04-13
412035.0,4568555.0,2017-04-13
412045.0,4568555.0,2017-04-13
412055.0,4568555.0,2017-04-13
412065.0,4568555.0,2017-04-13
412075.0,4568555.0,2017-04-13
412085.0,4568555.0,2017-04-13
412105.0,4568555.0,2017-04-13
412115.0,4568555.0,2017-04-13
412125.0,4568555.0,2017-04-13
412135.0,4568555.0,2017-04-13
412145.0,4568555.0,2017-04-13
412155.0,4568555.0,2017-04-13
412165.0,4568555.0,2017-04-13
412175.0,4568555.0,2017-04-13
412185.0,4568555.0,2017-04-13
412195.0,4568555.0,2017-04-13
412205.0,4568555.0,2017-04-13
412215.0,4568555.0,2017-04-13
412225.0,4568555.0,2017-04-13
412235.0,4568555.0,2017-04-13
413385.0,4568555.0,2017-04-13
413395.0,4568555.0,2017-04-13
413405.0,4568555.0,2017-04-13
413415.0,4568555.0,2017-04-13
413425.0,4568555.0,2017-04-13
413435.0,4568555.0,2017-04-13
413445.0,4568555.0,2017-04-13
413455.0,4568555.0,2017-04-13
413465.0,4568555.0,2017-04-13
413475.0,4568555.0,2017-04-13
413485.0,4568555.0,2017-04-13
413495.0,4568555.0,2017-04-13
413505.0,4568555.0,2017-04-13
413515.0,4568555.0,2017-04-13
413525.0,4568555.0,2017-04-13
413535.0,4568555.0,2017-04-13
413545.0,4568555.0,2017-04-13
413555.0,4568555.0,2017-04-13
413565.0,4568555.0,2017-04-13
413575.0,4568555.0,2017-04-13
413585.0,4568555.0,2017-04-13
413595.0,4568555.0,2017-04-13
413605.0,4568555.0,2017-04-13
413615.0,4568555.0,2017-04-13
413625.0,4568555.0,2017-04-13
413635.0,4568555.0,2017-04-13
413645.0,4568555.0,2017-04-13
413655.0,4568555.0,2017-04-13
413665.0,4568555.0,2017-04-13
413675.0,4568555.0,2017-04-13
413685.0,4568555.0,2017-04-13
413695.0,4568555.0,2017-04-13
413705.0,4568555.0,2017-04-13
413715.0,4568555.0,2017-04-13
413725.0,4568555.0,2017-04-13
413735.0,4568555.0,2017-04-13
413745.0,4568555.0,2017-04-13
413755.0,4568555.0,2017-04-13
413765.0,4568555.0,2017-04-13
413775.0,4568555.0,2017-04-13
413785.0,4568555.0,2017-04-13
413795.0,4568555.0,2017-04-13
413805.0,4568555.0,2017-04-13
413815.0,4568555.0,2017-04-13
413825.0,4568555.0,2017-04-13
413835.0,4568555.0,2017-04-13
413845.0,4568555.0,2017-04-13
413855.0,4568555.0,2017-04-13
413865.0,4568555.0,2017-04-13
413875.0,4568555.0,2017-04-13
413885.0,4568555.0,2017-04-13
413895.0,4568555.0,2017-04-13
413925.0,4568555.0,2017-04-13
413935.0,4568555.0,2017-04-13
413945.0,4568555.0,2017-04-13
413955.0,4568555.0,2017-04-13
413965.0,4568555.0,2017-04-13
413975.0,4568555.0,2017-04-13
413985.0,4568555.0,2017-04-13
416315.0,4568555.0,2017-04-13
416335.0,4568555.0,2017-04-13
416345.0,4568555.0,2017-04-13
416355.0,4568555.0,2017-04-13
416365.0,4568555.0,2017-04-13
416375.0,4568555.0,2017-04-13
416385.0,4568555.0,2017-04-13
416395.0,4568555.0,2017-04-13
416405.0,4568555.0,2017-04-13
416415.0,4568555.0,2017-04-13
416425.0,4568555.0,2017-04-13
416435.0,4568555.0,2017-04-13
416445.0,4568555.0,2017-04-13
416455.0,4568555.0,2017-04-13
411745.0,4568545.0,2017-04-13
411755.0,4568545.0,2017-04-13
411765.0,4568545.0,2017-04-13
413895.0,4568545.0,2017-04-13
413905.0,4568545.0,2017-04-13
413915.0,4568545.0,2017-04-13
413925.0,4568545.0,2017-04-13
413985.0,4568545.0,2017-04-13
413995.0,4568545.0,2017-04-13
414005.0,4568545.0,2017-04-13
414015.0,4568545.0,2017-04-13
414025.0,4568545.0,2017-04-13
414035.0,4568545.0,2017-04-13
414045.0,4568545.0,2017-04-13
414055.0,4568545.0,2017-04-13
414065.0,4568545.0,2017-04-13
414075.0,4568545.0,2017-04-13
414085.0,4568545.0,2017-04-13
414095.0,4568545.0,2017-04-13
414105.0,4568545.0,2017-04-13
414115.0,4568545.0,2017-04-13
414125.0,4568545.0,2017-04-13
414135.0,4568545.0,2017-04-13
414145.0,4568545.0,2017-04-13
414155.0,4568545.0,2017-04-13
414165.0,4568545.0,2017-04-13
414175.0,4568545.0,2017-04-13
414185.0,4568545.0,2017-04-13
414195.0,4568545.0,2017-04-13
414205.0,4568545.0,2017-04-13
414215.0,4568545.0,2017-04-13
414225.0,4568545.0,2017-04-13
414235.0,4568545.0,2017-04-13
414245.0,4568545.0,2017-04-13
414255.0,4568545.0,2017-04-13
414265.0,4568545.0,2017-04-13
414275.0,4568545.0,2017-04-13
414285.0,4568545.0,2017-04-13
414295.0,4568545.0,2017-04-13
414305.0,4568545.0,2017-04-13
414315.0,4568545.0,2017-04-13
414325.0,4568545.0,2017-04-13
414335.0,4568545.0,2017-04-13
414345.0,4568545.0,2017-04-13
414355.0,4568545.0,2017-04-13
414365.0,4568545.0,2017-04-13
414375.0,4568545.0,2017-04-13
414385.0,4568545.0,2017-04-13
414395.0,4568545.0,2017-04-13
414405.0,4568545.0,2017-04-13
414415.0,4568545.0,2017-04-13
414425.0,4568545.0,2017-04-13
414435.0,4568545.0,2017-04-13
414445.0,4568545.0,2017-04-13
414455.0,4568545.0,2017-04-13
414465.0,4568545.0,2017-04-13
414475.0,4568545.0,2017-04-13
414485.0,4568545.0,2017-04-13
414495.0,4568545.0,2017-04-13
414505.0,4568545.0,2017-04-13
414515.0,4568545.0,2017-04-13
414525.0,4568545.0,2017-04-13
414535.0,4568545.0,2017-04-13
414545.0,4568545.0,2017-04-13
414555.0,4568545.0,2017-04-13
414565.0,4568545.0,2017-04-13
414575.0,4568545.0,2017-04-13
414585.0,4568545.0,2017-04-13
414595.0,4568545.0,2017-04-13
414625.0,4568545.0,2017-04-13
414905.0,4568545.0,2017-04-13
414915.0,4568545.0,2017-04-13
414925.0,4568545.0,2017-04-13
414935.0,4568545.0,2017-04-13
414945.0,4568545.0,2017-04-13
414955.0,4568545.0,2017-04-13
414965.0,4568545.0,2017-04-13
414975.0,4568545.0,2017-04-13
414985.0,4568545.0,2017-04-13
414995.0,4568545.0,2017-04-13
415005.0,4568545.0,2017-04-13
415015.0,4568545.0,2017-04-13
415025.0,4568545.0,2017-04-13
415035.0,4568545.0,2017-04-13
415045.0,4568545.0,2017-04-13
415055.0,4568545.0,2017-04-13
415065.0,4568545.0,2017-04-13
415075.0,4568545.0,2017-04-13
415085.0,4568545.0,2017-04-13
415095.0,4568545.0,2017-04-13
415105.0,4568545.0,2017-04-13
415115.0,4568545.0,2017-04-13
415125.0,4568545.0,2017-04-13
415135.0,4568545.0,2017-04-13
415145.0,4568545.0,2017-04-13
415155.0,4568545.0,2017-04-13
415165.0,4568545.0,2017-04-13
415175.0,4568545.0,2017-04-13
415675.0,4568545.0,2017-04-13
415685.0,4568545.0,2017-04-13
415705.0,4568545.0,2017-04-13
415715.0,4568545.0,2017-04-13
415725.0,4568545.0,2017-04-13
415865.0,4568545.0,2017-04-13
415885.0,4568545.0,2017-04-13
415895.0,4568545.0,2017-04-13
415905.0,4568545.0,2017-04-13
415945.0,4568545.0,2017-04-13
415955.0,4568545.0,2017-04-13
415975.0,4568545.0,2017-04-13
415985.0,4568545.0,2017-04-13
415995.0,4568545.0,2017-04-13
416025.0,4568545.0,2017-04-13
416035.0,4568545.0,2017-04-13
416045.0,4568545.0,2017-04-13
416055.0,4568545.0,2017-04-13
416065.0,4568545.0,2017-04-13
416075.0,4568545.0,2017-04-13
416085.0,4568545.0,2017-04-13
416095.0,4568545.0,2017-04-13
416105.0,4568545.0,2017-04-13
416115.0,4568545.0,2017-04-13
416125.0,4568545.0,2017-04-13
416135.0,4568545.0,2017-04-13
416145.0,4568545.0,2017-04-13
416155.0,4568545.0,2017-04-13
416165.0,4568545.0,2017-04-13
416175.0,4568545.0,2017-04-13
416185.0,4568545.0,2017-04-13
416195.0,4568545.0,2017-04-13
416205.0,4568545.0,2017-04-13
416215.0,4568545.0,2017-04-13
416225.0,4568545.0,2017-04-13
416235.0,4568545.0,2017-04-13
416245.0,4568545.0,2017-04-13
416255.0,4568545.0,2017-04-13
416265.0,4568545.0,2017-04-13
416275.0,4568545.0,2017-04-13
416285.0,4568545.0,2017-04-13
416295.0,4568545.0,2017-04-13
416305.0,4568545.0,2017-04-13
416315.0,4568545.0,2017-04-13
416325.0,4568545.0,2017-04-13
416335.0,4568545.0,2017-04-13
414595.0,4568535.0,2017-04-13
414605.0,4568535.0,2017-04-13
414615.0,4568535.0,2017-04-13
414625.0,4568535.0,2017-04-13
414635.0,4568535.0,2017-04-13
414645.0,4568535.0,2017-04-13
414655.0,4568535.0,2017-04-13
414665.0,4568535.0,2017-04-13
414675.0,4568535.0,2017-04-13
414685.0,4568535.0,2017-04-13
414695.0,4568535.0,2017-04-13
414705.0,4568535.0,2017-04-13
414715.0,4568535.0,2017-04-13
414725.0,4568535.0,2017-04-13
414735.0,4568535.0,2017-04-13
414745.0,4568535.0,2017-04-13
414755.0,4568535.0,2017-04-13
414765.0,4568535.0,2017-04-13
414775.0,4568535.0,2017-04-13
414785.0,4568535.0,2017-04-13
414795.0,4568535.0,2017-04-13
414805.0,4568535.0,2017-04-13
414815.0,4568535.0,2017-04-13
414825.0,4568535.0,2017-04-13
414835.0,4568535.0,2017-04-13
414845.0,4568535.0,2017-04-13
414855.0,4568535.0,2017-04-13
414865.0,4568535.0,2017-04-13
414875.0,4568535.0,2017-04-13
414885.0,4568535.0,2017-04-13
414895.0,4568535.0,2017-04-13
414905.0,4568535.0,2017-04-13
415175.0,4568535.0,2017-04-13
415185.0,4568535.0,2017-04-13
415195.0,4568535.0,2017-04-13
415205.0,4568535.0,2017-04-13
415215.0,4568535.0,2017-04-13
415225.0,4568535.0,2017-04-13
415235.0,4568535.0,2017-04-13
415245.0,4568535.0,2017-04-13
415255.0,4568535.0,2017-04-13
415265.0,4568535.0,2017-04-13
415275.0,4568535.0,2017-04-13
415285.0,4568535.0,2017-04-13
415295.0,4568535.0,2017-04-13
415305.0,4568535.0,2017-04-13
415315.0,4568535.0,2017-04-13
415325.0,4568535.0,2017-04-13
415335.0,4568535.0,2017-04-13
415345.0,4568535.0,2017-04-13
415355.0,4568535.0,2017-04-13
415365.0,4568535.0,2017-04-13
415375.0,4568535.0,2017-04-13
415385.0,4568535.0,2017-04-13
415395.0,4568535.0,2017-04-13
415405.0,4568535.0,2017-04-13
415415.0,4568535.0,2017-04-13
415425.0,4568535.0,2017-04-13
415435.0,4568535.0,2017-04-13
415445.0,4568535.0,2017-04-13
415455.0,4568535.0,2017-04-13
415465.0,4568535.0,2017-04-13
415475.0,4568535.0,2017-04-13
415485.0,4568535.0,2017-04-13
415495.0,4568535.0,2017-04-13
415505.0,4568535.0,2017-04-13
415515.0,4568535.0,2017-04-13
415525.0,4568535.0,2017-04-13
415535.0,4568535.0,2017-04-13
415545.0,4568535.0,2017-04-13
415555.0,4568535.0,2017-04-13
415565.0,4568535.0,2017-04-13
415575.0,4568535.0,2017-04-13
415585.0,4568535.0,2017-04-13
415595.0,4568535.0,2017-04-13
415605.0,4568535.0,2017-04-13
415615.0,4568535.0,2017-04-13
415625.0,4568535.0,2017-04-13
415635.0,4568535.0,2017-04-13
415645.0,4568535.0,2017-04-13
415655.0,4568535.0,2017-04-13
415665.0,4568535.0,2017-04-13
415675.0,4568535.0,2017-04-13
415685.0,4568535.0,2017-04-13
415695.0,4568535.0,2017-04-13
415705.0,4568535.0,2017-04-13
415725.0,4568535.0,2017-04-13
415735.0,4568535.0,2017-04-13
415745.0,4568535.0,2017-04-13
415755.0,4568535.0,2017-04-13
415765.0,4568535.0,2017-04-13
415775.0,4568535.0,2017-04-13
415785.0,4568535.0,2017-04-13
415795.0,4568535.0,2017-04-13
415805.0,4568535.0,2017-04-13
415815.0,4568535.0,2017-04-13
415825.0,4568535.0,2017-04-13
415835.0,4568535.0,2017-04-13
415845.0,4568535.0,2017-04-13
415855.0,4568535.0,2017-04-13
415865.0,4568535.0,2017-04-13
415875.0,4568535.0,2017-04-13
415885.0,4568535.0,2017-04-13
415905.0,4568535.0,2017-04-13
415915.0,4568535.0,2017-04-13
415925.0,4568535.0,2017-04-13
415935.0,4568535.0,2017-04-13
415945.0,4568535.0,2017-04-13
415955.0,4568535.0,2017-04-13
415965.0,4568535.0,2017-04-13
415975.0,4568535.0,2017-04-13
415995.0,4568535.0,2017-04-13
416005.0,4568535.0,2017-04-13
416015.0,4568535.0,2017-04-13
416025.0,4568535.0,2017-04-13
412495.0,4568585.0,2017-06-30
412505.0,4568585.0,2017-06-30
412555.0,4568585.0,2017-06-30
412355.0,4568575.0,2017-06-30
412365.0,4568575.0,2017-06-30
412375.0,4568575.0,2017-06-30
412385.0,4568575.0,2017-06-30
412395.0,4568575.0,2017-06-30
412405.0,4568575.0,2017-06-30
412415.0,4568575.0,2017-06-30
412435.0,4568575.0,2017-06-30
412445.0,4568575.0,2017-06-30
412455.0,4568575.0,2017-06-30
412465.0,4568575.0,2017-06-30
412475.0,4568575.0,2017-06-30
412485.0,4568575.0,2017-06-30
412495.0,4568575.0,2017-06-30
412505.0,4568575.0,2017-06-30
412515.0,4568575.0,2017-06-30
412525.0,4568575.0,2017-06-30
412535.0,4568575.0,2017-06-30
412545.0,4568575.0,2017-06-30
412555.0,4568575.0,2017-06-30
412565.0,4568575.0,2017-06-30
412575.0,4568575.0,2017-06-30
412585.0,4568575.0,2017-06-30
412595.0,4568575.0,2017-06-30
412605.0,4568575.0,2017-06-30
412615.0,4568575.0,2017-06-30
412635.0,4568575.0,2017-06-30
412645.0,4568575.0,2017-06-30
412655.0,4568575.0,2017-06-30
412665.0,4568575.0,2017-06-30
412675.0,4568575.0,2017-06-30
412695.0,4568575.0,2017-06-30
412705.0,4568575.0,2017-06-30
412715.0,4568575.0,2017-06-30
412725.0,4568575.0,2017-06-30
412735.0,4568575.0,2017-06-30
412785.0,4568575.0,2017-06-30
412795.0,4568575.0,2017-06-30
412805.0,4568575.0,2017-06-30
412815.0,4568575.0,2017-06-30
412825.0,4568575.0,2017-06-30
412835.0,4568575.0,2017-06-30
412865.0,4568575.0,2017-06-30
412995.0,4568575.0,2017-06-30
413025.0,4568575.0,2017-06-30
413055.0,4568575.0,2017-06-30
413065.0,4568575.0,2017-06-30
413115.0,4568575.0,2017-06-30
413255.0,4568575.0,2017-06-30
411855.0,4568565.0,2017-06-30
411865.0,4568565.0,2017-06-30
411875.0,4568565.0,2017-06-30
412095.0,4568565.0,2017-06-30
412115.0,4568565.0,2017-06-30
412125.0,4568565.0,2017-06-30
412135.0,4568565.0,2017-06-30
412145.0,4568565.0,2017-06-30
412155.0,4568565.0,2017-06-30
412175.0,4568565.0,2017-06-30
412185.0,4568565.0,2017-06-30
412195.0,4568565.0,2017-06-30
412205.0,4568565.0,2017-06-30
412215.0,4568565.0,2017-06-30
412225.0,4568565.0,2017-06-30
412235.0,4568565.0,2017-06-30
412245.0,4568565.0,2017-06-30
412255.0,4568565.0,2017-06-30
412305.0,4568565.0,2017-06-30
412315.0,4568565.0,2017-06-30
412325.0,4568565.0,2017-06-30
412335.0,4568565.0,2017-06-30
412345.0,4568565.0,2017-06-30
412355.0,4568565.0,2017-06-30
412415.0,4568565.0,2017-06-30
412425.0,4568565.0,2017-06-30
412435.0,4568565.0,2017-06-30
412615.0,4568565.0,2017-06-30
412625.0,4568565.0,2017-06-30
412635.0,4568565.0,2017-06-30
412675.0,4568565.0,2017-06-30
412685.0,4568565.0,2017-06-30
412695.0,4568565.0,2017-06-30
412735.0,4568565.0,2017-06-30
412745.0,4568565.0,2017-06-30
412755.0,4568565.0,2017-06-30
412765.0,4568565.0,2017-06-30
412775.0,4568565.0,2017-06-30
412785.0,4568565.0,2017-06-30
412835.0,4568565.0,2017-06-30
412845.0,4568565.0,2017-06-30
412855.0,4568565.0,2017-06-30
412865.0,4568565.0,2017-06-30
412875.0,4568565.0,2017-06-30
412885.0,4568565.0,2017-06-30
412895.0,4568565.0,2017-06-30
412905.0,4568565.0,2017-06-30
412915.0,4568565.0,2017-06-30
412925.0,4568565.0,2017-06-30
412935.0,4568565.0,2017-06-30
412945.0,4568565.0,2017-06-30
412955.0,4568565.0,2017-06-30
412965.0,4568565.0,2017-06-30
412975.0,4568565.0,2017-06-30
412985.0,4568565.0,2017-06-30
412995.0,4568565.0,2017-06-30
413005.0,4568565.0,2017-06-30
413015.0,4568565.0,2017-06-30
413025.0,4568565.0,2017-06-30
413035.0,4568565.0,2017-06-30
413045.0,4568565.0,2017-06-30
413055.0,4568565.0,2017-06-30
413065.0,4568565.0,2017-06-30
413075.0,4568565.0,2017-06-30
413085.0,4568565.0,2017-06-30
413095.0,4568565.0,2017-06-30
413105.0,4568565.0,2017-06-30
413125.0,4568565.0,2017-06-30
413135.0,4568565.0,2017-06-30
413145.0,4568565.0,2017-06-30
413155.0,4568565.0,2017-06-30
413165.0,4568565.0,2017-06-30
413175.0,4568565.0,2017-06-30
413185.0,4568565.0,2017-06-30
413195.0,4568565.0,2017-06-30
413205.0,4568565.0,2017-06-30
413215.0,4568565.0,2017-06-30
413225.0,4568565.0,2017-06-30
413235.0,4568565.0,2017-06-30
413245.0,4568565.0,2017-06-30
413255.0,4568565.0,2017-06-30
413265.0,4568565.0,2017-06-30
413275.0,4568565.0,2017-06-30
413285.0,4568565.0,2017-06-30
413295.0,4568565.0,2017-06-30
413305.0,4568565.0,2017-06-30
413315.0,4568565.0,2017-06-30
413325.0,4568565.0,2017-06-30
413335.0,4568565.0,2017-06-30
413345.0,4568565.0,2017-06-30
413355.0,4568565.0,2017-06-30
413365.0,4568565.0,2017-06-30
413375.0,4568565.0,2017-06-30
413385.0,4568565.0,2017-06-30
413395.0,4568565.0,2017-06-30
411775.0,4568555.0,2017-06-30
411805.0,4568555.0,2017-06-30
411825.0,4568555.0,2017-06-30
411835.0,4568555.0,2017-06-30
411845.0,4568555.0,2017-06-30
411855.0,4568555.0,2017-06-30
411875.0,4568555.0,2017-06-30
411885.0,4568555.0,2017-06-30
411895.0,4568555.0,2017-06-30
411905.0,4568555.0,2017-06-30
411915.0,4568555.0,2017-06-30
411925.0,4568555.0,2017-06-30
411935.0,4568555.0,2017-06-30
411945.0,4568555.0,2017-06-30
411955.0,4568555.0,2017-06-30
411965.0,4568555.0,2017-06-30
411975.0,4568555.0,2017-06-30
411985.0,4568555.0,2017-06-30
411995.0,4568555.0,2017-06-30
412005.0,4568555.0,2017-06-30
412015.0,4568555.0,2017-06-30
412025.0,4568555.0,2017-06-30
412035.0,4568555.0,2017-06-30
412045.0,4568555.0,2017-06-30
412055.0,4568555.0,2017-06-30
412065.0,4568555.0,2017-06-30
412075.0,4568555.0,2017-06-30
412085.0,4568555.0,2017-06-30
412095.0,4568555.0,2017-06-30
412105.0,4568555.0,2017-06-30
412115.0,4568555.0,2017-06-30
412155.0,4568555.0,2017-06-30
412165.0,4568555.0,2017-06-30
412175.0,4568555.0,2017-06-30
412255.0,4568555.0,2017-06-30
412265.0,4568555.0,2017-06-30
412275.0,4568555.0,2017-06-30
412285.0,4568555.0,2017-06-30
412295.0,4568555.0,2017-06-30
412305.0,4568555.0,2017-06-30
413105.0,4568555.0,2017-06-30
413115.0,4568555.0,2017-06-30
413125.0,4568555.0,2017-06-30
413395.0,4568555.0,2017-06-30
411745.0,4568545.0,2017-06-30
411755.0,4568545.0,2017-06-30
411765.0,4568545.0,2017-06-30
411775.0,4568545.0,2017-06-30
411785.0,4568545.0,2017-06-30
411795.0,4568545.0,2017-06-30
411805.0,4568545.0,2017-06-30
411815.0,4568545.0,2017-06-30
411825.0,4568545.0,2017-06-30
413395.0,4568545.0,2017-06-30
413395.0,4568535.0,2017-06-30
412865.0,4568605.0,2017-04-16
412445.0,4568575.0,2017-04-16
412025.0,4568565.0,2017-04-16
412055.0,4568565.0,2017-04-16
412095.0,4568565.0,2017-04-16
412155.0,4568565.0,2017-04-16
412185.0,4568565.0,2017-04-16
412195.0,4568565.0,2017-04-16
412215.0,4568565.0,2017-04-16
412225.0,4568565.0,2017-04-16
412235.0,4568565.0,2017-04-16
412245.0,4568565.0,2017-04-16
412255.0,4568565.0,2017-04-16
412265.0,4568565.0,2017-04-16
412275.0,4568565.0,2017-04-16
412285.0,4568565.0,2017-04-16
412295.0,4568565.0,2017-04-16
412305.0,4568565.0,2017-04-16
412315.0,4568565.0,2017-04-16
412325.0,4568565.0,2017-04-16
412335.0,4568565.0,2017-04-16
412345.0,4568565.0,2017-04-16
412355.0,4568565.0,2017-04-16
412365.0,4568565.0,2017-04-16
412375.0,4568565.0,2017-04-16
412385.0,4568565.0,2017-04-16
412395.0,4568565.0,2017-04-16
412405.0,4568565.0,2017-04-16
412415.0,4568565.0,2017-04-16
412425.0,4568565.0,2017-04-16
412435.0,4568565.0,2017-04-16
412445.0,4568565.0,2017-04-16
412455.0,4568565.0,2017-04-16
412465.0,4568565.0,2017-04-16
412475.0,4568565.0,2017-04-16
412485.0,4568565.0,2017-04-16
412495.0,4568565.0,2017-04-16
412505.0,4568565.0,2017-04-16
412515.0,4568565.0,2017-04-16
412525.0,4568565.0,2017-04-16
412535.0,4568565.0,2017-04-16
412545.0,4568565.0,2017-04-16
412555.0,4568565.0,2017-04-16
412565.0,4568565.0,2017-04-16
412575.0,4568565.0,2017-04-16
412585.0,4568565.0,2017-04-16
412595.0,4568565.0,2017-04-16
412605.0,4568565.0,2017-04-16
412615.0,4568565.0,2017-04-16
412625.0,4568565.0,2017-04-16
412635.0,4568565.0,2017-04-16
412645.0,4568565.0,2017-04-16
412655.0,4568565.0,2017-04-16
412665.0,4568565.0,2017-04-16
412675.0,4568565.0,2017-04-16
412685.0,4568565.0,2017-04-16
412695.0,4568565.0,2017-04-16
412705.0,4568565.0,2017-04-16
412715.0,4568565.0,2017-04-16
412725.0,4568565.0,2017-04-16
412735.0,4568565.0,2017-04-16
412745.0,4568565.0,2017-04-16
412755.0,4568565.0,2017-04-16
412765.0,4568565.0,2017-04-16
412775.0,4568565.0,2017-04-16
412785.0,4568565.0,2017-04-16
412795.0,4568565.0,2017-04-16
412805.0,4568565.0,2017-04-16
412815.0,4568565.0,2017-04-16
412825.0,4568565.0,2017-04-16
412835.0,4568565.0,2017-04-16
412845.0,4568565.0,2017-04-16
412855.0,4568565.0,2017-04-16
412865.0,4568565.0,2017-04-16
412875.0,4568565.0,2017-04-16
412885.0,4568565.0,2017-04-16
412895.0,4568565.0,2017-04-16
412905.0,4568565.0,2017-04-16
412915.0,4568565.0,2017-04-16
412925.0,4568565.0,2017-04-16
412935.0,4568565.0,2017-04-16
412945.0,4568565.0,2017-04-16
412955.0,4568565.0,2017-04-16
412965.0,4568565.0,2017-04-16
412985.0,4568565.0,2017-04-16
412995.0,4568565.0,2017-04-16
413005.0,4568565.0,2017-04-16
413015.0,4568565.0,2017-04-16
413025.0,4568565.0,2017-04-16
413035.0,4568565.0,2017-04-16
413045.0,4568565.0,2017-04-16
413055.0,4568565.0,2017-04-16
413065.0,4568565.0,2017-04-16
413075.0,4568565.0,2017-04-16
413085.0,4568565.0,2017-04-16
413095.0,4568565.0,2017-04-16
413105.0,4568565.0,2017-04-16
413115.0,4568565.0,2017-04-16
413125.0,4568565.0,2017-04-16
413135.0,4568565.0,2017-04-16
413145.0,4568565.0,2017-04-16
413155.0,4568565.0,2017-04-16
413165.0,4568565.0,2017-04-16
413175.0,4568565.0,2017-04-16
413185.0,4568565.0,2017-04-16
413195.0,4568565.0,2017-04-16
413205.0,4568565.0,2017-04-16
413215.0,4568565.0,2017-04-16
413225.0,4568565.0,2017-04-16
413235.0,4568565.0,2017-04-16
413245.0,4568565.0,2017-04-16
413255.0,4568565.0,2017-04-16
413265.0,4568565.0,2017-04-16
413275.0,4568565.0,2017-04-16
413285.0,4568565.0,2017-04-16
413295.0,4568565.0,2017-04-16
413305.0,4568565.0,2017-04-16
413315.0,4568565.0,2017-04-16
413325.0,4568565.0,2017-04-16
413335.0,4568565.0,2017-04-16
413345.0,4568565.0,2017-04-16
413355.0,4568565.0,2017-04-16
413365.0,4568565.0,2017-04-16
413375.0,4568565.0,2017-04-16
413385.0,4568565.0,2017-04-16
413395.0,4568565.0,2017-04-16
413405.0,4568565.0,2017-04-16
411745.0,4568555.0,2017-04-16
411765.0,4568555.0,2017-04-16
411775.0,4568555.0,2017-04-16
411795.0,4568555.0,2017-04-16
411805.0,4568555.0,2017-04-16
411815.0,4568555.0,2017-04-16
411825.0,4568555.0,2017-04-16
411835.0,4568555.0,2017-04-16
411845.0,4568555.0,2017-04-16
411855.0,4568555.0,2017-04-16
411865.0,4568555.0,2017-04-16
411875.0,4568555.0,2017-04-16
411885.0,4568555.0,2017-04-16
411895.0,4568555.0,2017-04-16
411905.0,4568555.0,2017-04-16
411915.0,4568555.0,2017-04-16
411925.0,4568555.0,2017-04-16
411935.0,4568555.0,2017-04-16
411945.0,4568555.0,2017-04-16
411955.0,4568555.0,2017-04-16
411965.0,4568555.0,2017-04-16
411975.0,4568555.0,2017-04-16
411985.0,4568555.0,2017-04-16
411995.0,4568555.0,2017-04-16
412005.0,4568555.0,2017-04-16
412015.0,4568555.0,2017-04-16
412025.0,4568555.0,2017-04-16
412035.0,4568555.0,2017-04-16
412045.0,4568555.0,2017-04-16
412055.0,4568555.0,2017-04-16
412065.0,4568555.0,2017-04-16
412075.0,4568555.0,2017-04-16
412085.0,4568555.0,2017-04-16
412095.0,4568555.0,2017-04-16
412105.0,4568555.0,2017-04-16
412115.0,4568555.0,2017-04-16
412125.0,4568555.0,2017-04-16
412135.0,4568555.0,2017-04-16
412145.0,4568555.0,2017-04-16
412155.0,4568555.0,2017-04-16
412165.0,4568555.0,2017-04-16
412175.0,4568555.0,2017-04-16
412185.0,4568555.0,2017-04-16
412195.0,4568555.0,2017-04-16
412205.0,4568555.0,2017-04-16
412215.0,4568555.0,2017-04-16
412965.0,4568555.0,2017-04-16
412975.0,4568555.0,2017-04-16
412985.0,4568555.0,2017-04-16
413405.0,4568555.0,2017-04-16
413415.0,4568555.0,2017-04-16
413425.0,4568555.0,2017-04-16
413435.0,4568555.0,2017-04-16
413445.0,4568555.0,2017-04-16
413455.0,4568555.0,2017-04-16
413465.0,4568555.0,2017-04-16
413475.0,4568555.0,2017-04-16
413485.0,4568555.0,2017-04-16
413495.0,4568555.0,2017-04-16
413505.0,4568555.0,2017-04-16
413515.0,4568555.0,2017-04-16
413525.0,4568555.0,2017-04-16
413535.0,4568555.0,2017-04-16
413545.0,4568555.0,2017-04-16
413555.0,4568555.0,2017-04-16
413565.0,4568555.0,2017-04-16
413575.0,4568555.0,2017-04-16
413585.0,4568555.0,2017-04-16
413595.0,4568555.0,2017-04-16
411745.0,4568545.0,2017-04-16
411755.0,4568545.0,2017-04-16
411765.0,4568545.0,2017-04-16
411775.0,4568545.0,2017-04-16
411785.0,4568545.0,2017-04-16
411795.0,4568545.0,2017-04-16
413595.0,4568545.0,2017-04-16
413595.0,4568535.0,2017-04-16
413595.0,4568525.0,2017-04-16
