411745.0,4568635.0,2025-03-27
411755.0,4568635.0,2025-03-27
411765.0,4568635.0,2025-03-27
411775.0,4568635.0,2025-03-27
411785.0,4568635.0,2025-03-27
411795.0,4568635.0,2025-03-27
411805.0,4568635.0,2025-03-27
411815.0,4568635.0,2025-03-27
411825.0,4568635.0,2025-03-27
411835.0,4568635.0,2025-03-27
411845.0,4568635.0,2025-03-27
411855.0,4568635.0,2025-03-27
411865.0,4568635.0,2025-03-27
411875.0,4568635.0,2025-03-27
411885.0,4568635.0,2025-03-27
411895.0,4568635.0,2025-03-27
411905.0,4568635.0,2025-03-27
411915.0,4568635.0,2025-03-27
411925.0,4568635.0,2025-03-27
411935.0,4568635.0,2025-03-27
411945.0,4568635.0,2025-03-27
411955.0,4568635.0,2025-03-27
411965.0,4568635.0,2025-03-27
411975.0,4568635.0,2025-03-27
411985.0,4568635.0,2025-03-27
411995.0,4568635.0,2025-03-27
412005.0,4568635.0,2025-03-27
412015.0,4568635.0,2025-03-27
412025.0,4568635.0,2025-03-27
412035.0,4568635.0,2025-03-27
412045.0,4568635.0,2025-03-27
412055.0,4568635.0,2025-03-27
412065.0,4568635.0,2025-03-27
412075.0,4568635.0,2025-03-27
412085.0,4568635.0,2025-03-27
412095.0,4568635.0,2025-03-27
412105.0,4568635.0,2025-03-27
412115.0,4568635.0,2025-03-27
412125.0,4568635.0,2025-03-27
412135.0,4568635.0,2025-03-27
412145.0,4568635.0,2025-03-27
412155.0,4568635.0,2025-03-27
412165.0,4568635.0,2025-03-27
412175.0,4568635.0,2025-03-27
412185.0,4568635.0,2025-03-27
412195.0,4568635.0,2025-03-27
412205.0,4568635.0,2025-03-27
412215.0,4568635.0,2025-03-27
412225.0,4568635.0,2025-03-27
412235.0,4568635.0,2025-03-27
412245.0,4568635.0,2025-03-27
411745.0,4568625.0,2025-03-27
411755.0,4568625.0,2025-03-27
411765.0,4568625.0,2025-03-27
411775.0,4568625.0,2025-03-27
411785.0,4568625.0,2025-03-27
411795.0,4568625.0,2025-03-27
411805.0,4568625.0,2025-03-27
411815.0,4568625.0,2025-03-27
411825.0,4568625.0,2025-03-27
411835.0,4568625.0,2025-03-27
411845.0,4568625.0,2025-03-27
411855.0,4568625.0,2025-03-27
411865.0,4568625.0,2025-03-27
411875.0,4568625.0,2025-03-27
411885.0,4568625.0,2025-03-27
411895.0,4568625.0,2025-03-27
411905.0,4568625.0,2025-03-27
411915.0,4568625.0,2025-03-27
411925.0,4568625.0,2025-03-27
411935.0,4568625.0,2025-03-27
411945.0,4568625.0,2025-03-27
411955.0,4568625.0,2025-03-27
411965.0,4568625.0,2025-03-27
411975.0,4568625.0,2025-03-27
411985.0,4568625.0,2025-03-27
411995.0,4568625.0,2025-03-27
412005.0,4568625.0,2025-03-27
412015.0,4568625.0,2025-03-27
412025.0,4568625.0,2025-03-27
412035.0,4568625.0,2025-03-27
412045.0,4568625.0,2025-03-27
412055.0,4568625.0,2025-03-27
412065.0,4568625.0,2025-03-27
412075.0,4568625.0,2025-03-27
412085.0,4568625.0,2025-03-27
412095.0,4568625.0,2025-03-27
412105.0,4568625.0,2025-03-27
412115.0,4568625.0,2025-03-27
412125.0,4568625.0,2025-03-27
412135.0,4568625.0,2025-03-27
412145.0,4568625.0,2025-03-27
412155.0,4568625.0,2025-03-27
412165.0,4568625.0,2025-03-27
412175.0,4568625.0,2025-03-27
412185.0,4568625.0,2025-03-27
412195.0,4568625.0,2025-03-27
412205.0,4568625.0,2025-03-27
412215.0,4568625.0,2025-03-27
412225.0,4568625.0,2025-03-27
412235.0,4568625.0,2025-03-27
412245.0,4568625.0,2025-03-27
412255.0,4568625.0,2025-03-27
412265.0,4568625.0,2025-03-27
412275.0,4568625.0,2025-03-27
412285.0,4568625.0,2025-03-27
412295.0,4568625.0,2025-03-27
412305.0,4568625.0,2025-03-27
412315.0,4568625.0,2025-03-27
412325.0,4568625.0,2025-03-27
412335.0,4568625.0,2025-03-27
412345.0,4568625.0,2025-03-27
412355.0,4568625.0,2025-03-27
412365.0,4568625.0,2025-03-27
412375.0,4568625.0,2025-03-27
412385.0,4568625.0,2025-03-27
412395.0,4568625.0,2025-03-27
412405.0,4568625.0,2025-03-27
412415.0,4568625.0,2025-03-27
412425.0,4568625.0,2025-03-27
412435.0,4568625.0,2025-03-27
412445.0,4568625.0,2025-03-27
412455.0,4568625.0,2025-03-27
412465.0,4568625.0,2025-03-27
412475.0,4568625.0,2025-03-27
412485.0,4568625.0,2025-03-27
412495.0,4568625.0,2025-03-27
412505.0,4568625.0,2025-03-27
412515.0,4568625.0,2025-03-27
412525.0,4568625.0,2025-03-27
412535.0,4568625.0,2025-03-27
412545.0,4568625.0,2025-03-27
412555.0,4568625.0,2025-03-27
412565.0,4568625.0,2025-03-27
412575.0,4568625.0,2025-03-27
412585.0,4568625.0,2025-03-27
412595.0,4568625.0,2025-03-27
412605.0,4568625.0,2025-03-27
412615.0,4568625.0,2025-03-27
412625.0,4568625.0,2025-03-27
412635.0,4568625.0,2025-03-27
412645.0,4568625.0,2025-03-27
412655.0,4568625.0,2025-03-27
412665.0,4568625.0,2025-03-27
412675.0,4568625.0,2025-03-27
412685.0,4568625.0,2025-03-27
412695.0,4568625.0,2025-03-27
412705.0,4568625.0,2025-03-27
412715.0,4568625.0,2025-03-27
412725.0,4568625.0,2025-03-27
412735.0,4568625.0,2025-03-27
412745.0,4568625.0,2025-03-27
412755.0,4568625.0,2025-03-27
412765.0,4568625.0,2025-03-27
412775.0,4568625.0,2025-03-27
412785.0,4568625.0,2025-03-27
412795.0,4568625.0,2025-03-27
412805.0,4568625.0,2025-03-27
412815.0,4568625.0,2025-03-27
412825.0,4568625.0,2025-03-27
412835.0,4568625.0,2025-03-27
412845.0,4568625.0,2025-03-27
412855.0,4568625.0,2025-03-27
412865.0,4568625.0,2025-03-27
412875.0,4568625.0,2025-03-27
412885.0,4568625.0,2025-03-27
412895.0,4568625.0,2025-03-27
412905.0,4568625.0,2025-03-27
412915.0,4568625.0,2025-03-27
412925.0,4568625.0,2025-03-27
412935.0,4568625.0,2025-03-27
412945.0,4568625.0,2025-03-27
412955.0,4568625.0,2025-03-27
412965.0,4568625.0,2025-03-27
412975.0,4568625.0,2025-03-27
412985.0,4568625.0,2025-03-27
412995.0,4568625.0,2025-03-27
413005.0,4568625.0,2025-03-27
413015.0,4568625.0,2025-03-27
413025.0,4568625.0,2025-03-27
413035.0,4568625.0,2025-03-27
413045.0,4568625.0,2025-03-27
413055.0,4568625.0,2025-03-27
413065.0,4568625.0,2025-03-27
413075.0,4568625.0,2025-03-27
413085.0,4568625.0,2025-03-27
413095.0,4568625.0,2025-03-27
411745.0,4568615.0,2025-03-27
411755.0,4568615.0,2025-03-27
411765.0,4568615.0,2025-03-27
411775.0,4568615.0,2025-03-27
411785.0,4568615.0,2025-03-27
411795.0,4568615.0,2025-03-27
411805.0,4568615.0,2025-03-27
411815.0,4568615.0,2025-03-27
411825.0,4568615.0,2025-03-27
411835.0,4568615.0,2025-03-27
411845.0,4568615.0,2025-03-27
411855.0,4568615.0,2025-03-27
411865.0,4568615.0,2025-03-27
411875.0,4568615.0,2025-03-27
411885.0,4568615.0,2025-03-27
411895.0,4568615.0,2025-03-27
411905.0,4568615.0,2025-03-27
411915.0,4568615.0,2025-03-27
411925.0,4568615.0,2025-03-27
411935.0,4568615.0,2025-03-27
411945.0,4568615.0,2025-03-27
411955.0,4568615.0,2025-03-27
411965.0,4568615.0,2025-03-27
411975.0,4568615.0,2025-03-27
411985.0,4568615.0,2025-03-27
411995.0,4568615.0,2025-03-27
412005.0,4568615.0,2025-03-27
412015.0,4568615.0,2025-03-27
412025.0,4568615.0,2025-03-27
412035.0,4568615.0,2025-03-27
412045.0,4568615.0,2025-03-27
412055.0,4568615.0,2025-03-27
412065.0,4568615.0,2025-03-27
412075.0,4568615.0,2025-03-27
412085.0,4568615.0,2025-03-27
412095.0,4568615.0,2025-03-27
412105.0,4568615.0,2025-03-27
412115.0,4568615.0,2025-03-27
412125.0,4568615.0,2025-03-27
412135.0,4568615.0,2025-03-27
412145.0,4568615.0,2025-03-27
412155.0,4568615.0,2025-03-27
412165.0,4568615.0,2025-03-27
412175.0,4568615.0,2025-03-27
412185.0,4568615.0,2025-03-27
412195.0,4568615.0,2025-03-27
412205.0,4568615.0,2025-03-27
412215.0,4568615.0,2025-03-27
412225.0,4568615.0,2025-03-27
412235.0,4568615.0,2025-03-27
412245.0,4568615.0,2025-03-27
412255.0,4568615.0,2025-03-27
412265.0,4568615.0,2025-03-27
412275.0,4568615.0,2025-03-27
412285.0,4568615.0,2025-03-27
412295.0,4568615.0,2025-03-27
412305.0,4568615.0,2025-03-27
412315.0,4568615.0,2025-03-27
412325.0,4568615.0,2025-03-27
412335.0,4568615.0,2025-03-27
412345.0,4568615.0,2025-03-27
412355.0,4568615.0,2025-03-27
412365.0,4568615.0,2025-03-27
412375.0,4568615.0,2025-03-27
412385.0,4568615.0,2025-03-27
412395.0,4568615.0,2025-03-27
412405.0,4568615.0,2025-03-27
412415.0,4568615.0,2025-03-27
412425.0,4568615.0,2025-03-27
412435.0,4568615.0,2025-03-27
412445.0,4568615.0,2025-03-27
412455.0,4568615.0,2025-03-27
412465.0,4568615.0,2025-03-27
412475.0,4568615.0,2025-03-27
412485.0,4568615.0,2025-03-27
412495.0,4568615.0,2025-03-27
412505.0,4568615.0,2025-03-27
412515.0,4568615.0,2025-03-27
412525.0,4568615.0,2025-03-27
412535.0,4568615.0,2025-03-27
412545.0,4568615.0,2025-03-27
412555.0,4568615.0,2025-03-27
412565.0,4568615.0,2025-03-27
412575.0,4568615.0,2025-03-27
412585.0,4568615.0,2025-03-27
412595.0,4568615.0,2025-03-27
412605.0,4568615.0,2025-03-27
412615.0,4568615.0,2025-03-27
412625.0,4568615.0,2025-03-27
412635.0,4568615.0,2025-03-27
412645.0,4568615.0,2025-03-27
412655.0,4568615.0,2025-03-27
412665.0,4568615.0,2025-03-27
412675.0,4568615.0,2025-03-27
412685.0,4568615.0,2025-03-27
412695.0,4568615.0,2025-03-27
412705.0,4568615.0,2025-03-27
412715.0,4568615.0,2025-03-27
412725.0,4568615.0,2025-03-27
412735.0,4568615.0,2025-03-27
412745.0,4568615.0,2025-03-27
412755.0,4568615.0,2025-03-27
412765.0,4568615.0,2025-03-27
412775.0,4568615.0,2025-03-27
412785.0,4568615.0,2025-03-27
412795.0,4568615.0,2025-03-27
412805.0,4568615.0,2025-03-27
412815.0,4568615.0,2025-03-27
412825.0,4568615.0,2025-03-27
412835.0,4568615.0,2025-03-27
412845.0,4568615.0,2025-03-27
412855.0,4568615.0,2025-03-27
412865.0,4568615.0,2025-03-27
412875.0,4568615.0,2025-03-27
412885.0,4568615.0,2025-03-27
412895.0,4568615.0,2025-03-27
412905.0,4568615.0,2025-03-27
412915.0,4568615.0,2025-03-27
412925.0,4568615.0,2025-03-27
412935.0,4568615.0,2025-03-27
412945.0,4568615.0,2025-03-27
412955.0,4568615.0,2025-03-27
412965.0,4568615.0,2025-03-27
412975.0,4568615.0,2025-03-27
412985.0,4568615.0,2025-03-27
412995.0,4568615.0,2025-03-27
413005.0,4568615.0,2025-03-27
413015.0,4568615.0,2025-03-27
413025.0,4568615.0,2025-03-27
413035.0,4568615.0,2025-03-27
413045.0,4568615.0,2025-03-27
413055.0,4568615.0,2025-03-27
413065.0,4568615.0,2025-03-27
413075.0,4568615.0,2025-03-27
413085.0,4568615.0,2025-03-27
413095.0,4568615.0,2025-03-27
413105.0,4568615.0,2025-03-27
413115.0,4568615.0,2025-03-27
413125.0,4568615.0,2025-03-27
413135.0,4568615.0,2025-03-27
413145.0,4568615.0,2025-03-27
413155.0,4568615.0,2025-03-27
413165.0,4568615.0,2025-03-27
413175.0,4568615.0,2025-03-27
413185.0,4568615.0,2025-03-27
413195.0,4568615.0,2025-03-27
413205.0,4568615.0,2025-03-27
413215.0,4568615.0,2025-03-27
413225.0,4568615.0,2025-03-27
413235.0,4568615.0,2025-03-27
413245.0,4568615.0,2025-03-27
413255.0,4568615.0,2025-03-27
413265.0,4568615.0,2025-03-27
413275.0,4568615.0,2025-03-27
413285.0,4568615.0,2025-03-27
413295.0,4568615.0,2025-03-27
413305.0,4568615.0,2025-03-27
413315.0,4568615.0,2025-03-27
413325.0,4568615.0,2025-03-27
413335.0,4568615.0,2025-03-27
413345.0,4568615.0,2025-03-27
413355.0,4568615.0,2025-03-27
413365.0,4568615.0,2025-03-27
413375.0,4568615.0,2025-03-27
413385.0,4568615.0,2025-03-27
413395.0,4568615.0,2025-03-27
413405.0,4568615.0,2025-03-27
413415.0,4568615.0,2025-03-27
413425.0,4568615.0,2025-03-27
413435.0,4568615.0,2025-03-27
413445.0,4568615.0,2025-03-27
413455.0,4568615.0,2025-03-27
413465.0,4568615.0,2025-03-27
413475.0,4568615.0,2025-03-27
413485.0,4568615.0,2025-03-27
413495.0,4568615.0,2025-03-27
413505.0,4568615.0,2025-03-27
413515.0,4568615.0,2025-03-27
413525.0,4568615.0,2025-03-27
413535.0,4568615.0,2025-03-27
413545.0,4568615.0,2025-03-27
413555.0,4568615.0,2025-03-27
413565.0,4568615.0,2025-03-27
413575.0,4568615.0,2025-03-27
413585.0,4568615.0,2025-03-27
413595.0,4568615.0,2025-03-27
413605.0,4568615.0,2025-03-27
413615.0,4568615.0,2025-03-27
413625.0,4568615.0,2025-03-27
413635.0,4568615.0,2025-03-27
413645.0,4568615.0,2025-03-27
413655.0,4568615.0,2025-03-27
413665.0,4568615.0,2025-03-27
413675.0,4568615.0,2025-03-27
413685.0,4568615.0,2025-03-27
413695.0,4568615.0,2025-03-27
413705.0,4568615.0,2025-03-27
413715.0,4568615.0,2025-03-27
413725.0,4568615.0,2025-03-27
413735.0,4568615.0,2025-03-27
413745.0,4568615.0,2025-03-27
413755.0,4568615.0,2025-03-27
413765.0,4568615.0,2025-03-27
413775.0,4568615.0,2025-03-27
413785.0,4568615.0,2025-03-27
413795.0,4568615.0,2025-03-27
413805.0,4568615.0,2025-03-27
413815.0,4568615.0,2025-03-27
413825.0,4568615.0,2025-03-27
413835.0,4568615.0,2025-03-27
413845.0,4568615.0,2025-03-27
413855.0,4568615.0,2025-03-27
413865.0,4568615.0,2025-03-27
413875.0,4568615.0,2025-03-27
413885.0,4568615.0,2025-03-27
413895.0,4568615.0,2025-03-27
413905.0,4568615.0,2025-03-27
413915.0,4568615.0,2025-03-27
413925.0,4568615.0,2025-03-27
413935.0,4568615.0,2025-03-27
411745.0,4568605.0,2025-03-27
411755.0,4568605.0,2025-03-27
411765.0,4568605.0,2025-03-27
411775.0,4568605.0,2025-03-27
411785.0,4568605.0,2025-03-27
411795.0,4568605.0,2025-03-27
411805.0,4568605.0,2025-03-27
411815.0,4568605.0,2025-03-27
411825.0,4568605.0,2025-03-27
411835.0,4568605.0,2025-03-27
411845.0,4568605.0,2025-03-27
411855.0,4568605.0,2025-03-27
411865.0,4568605.0,2025-03-27
411875.0,4568605.0,2025-03-27
411885.0,4568605.0,2025-03-27
411895.0,4568605.0,2025-03-27
411905.0,4568605.0,2025-03-27
411915.0,4568605.0,2025-03-27
411925.0,4568605.0,2025-03-27
411935.0,4568605.0,2025-03-27
411945.0,4568605.0,2025-03-27
411955.0,4568605.0,2025-03-27
411965.0,4568605.0,2025-03-27
411975.0,4568605.0,2025-03-27
411985.0,4568605.0,2025-03-27
411995.0,4568605.0,2025-03-27
412005.0,4568605.0,2025-03-27
412015.0,4568605.0,2025-03-27
412025.0,4568605.0,2025-03-27
412035.0,4568605.0,2025-03-27
412045.0,4568605.0,2025-03-27
412055.0,4568605.0,2025-03-27
412065.0,4568605.0,2025-03-27
412075.0,4568605.0,2025-03-27
412085.0,4568605.0,2025-03-27
412095.0,4568605.0,2025-03-27
412105.0,4568605.0,2025-03-27
412115.0,4568605.0,2025-03-27
412125.0,4568605.0,2025-03-27
412135.0,4568605.0,2025-03-27
412145.0,4568605.0,2025-03-27
412155.0,4568605.0,2025-03-27
412165.0,4568605.0,2025-03-27
412175.0,4568605.0,2025-03-27
412185.0,4568605.0,2025-03-27
412195.0,4568605.0,2025-03-27
412205.0,4568605.0,2025-03-27
412215.0,4568605.0,2025-03-27
412225.0,4568605.0,2025-03-27
412235.0,4568605.0,2025-03-27
412245.0,4568605.0,2025-03-27
412255.0,4568605.0,2025-03-27
412265.0,4568605.0,2025-03-27
412275.0,4568605.0,2025-03-27
412285.0,4568605.0,2025-03-27
412295.0,4568605.0,2025-03-27
412305.0,4568605.0,2025-03-27
412315.0,4568605.0,2025-03-27
412325.0,4568605.0,2025-03-27
412335.0,4568605.0,2025-03-27
412345.0,4568605.0,2025-03-27
412355.0,4568605.0,2025-03-27
412365.0,4568605.0,2025-03-27
412375.0,4568605.0,2025-03-27
412385.0,4568605.0,2025-03-27
412395.0,4568605.0,2025-03-27
412405.0,4568605.0,2025-03-27
412415.0,4568605.0,2025-03-27
412425.0,4568605.0,2025-03-27
412435.0,4568605.0,2025-03-27
412445.0,4568605.0,2025-03-27
412455.0,4568605.0,2025-03-27
412465.0,4568605.0,2025-03-27
412475.0,4568605.0,2025-03-27
412485.0,4568605.0,2025-03-27
412495.0,4568605.0,2025-03-27
412505.0,4568605.0,2025-03-27
412515.0,4568605.0,2025-03-27
412525.0,4568605.0,2025-03-27
412535.0,4568605.0,2025-03-27
412545.0,4568605.0,2025-03-27
412555.0,4568605.0,2025-03-27
412565.0,4568605.0,2025-03-27
412575.0,4568605.0,2025-03-27
412585.0,4568605.0,2025-03-27
412595.0,4568605.0,2025-03-27
412605.0,4568605.0,2025-03-27
412615.0,4568605.0,2025-03-27
412625.0,4568605.0,2025-03-27
412635.0,4568605.0,2025-03-27
412645.0,4568605.0,2025-03-27
412655.0,4568605.0,2025-03-27
412665.0,4568605.0,2025-03-27
412675.0,4568605.0,2025-03-27
412685.0,4568605.0,2025-03-27
412695.0,4568605.0,2025-03-27
412705.0,4568605.0,2025-03-27
412715.0,4568605.0,2025-03-27
412725.0,4568605.0,2025-03-27
412735.0,4568605.0,2025-03-27
412745.0,4568605.0,2025-03-27
412755.0,4568605.0,2025-03-27
412765.0,4568605.0,2025-03-27
412775.0,4568605.0,2025-03-27
412785.0,4568605.0,2025-03-27
412795.0,4568605.0,2025-03-27
412805.0,4568605.0,2025-03-27
412815.0,4568605.0,2025-03-27
412825.0,4568605.0,2025-03-27
412835.0,4568605.0,2025-03-27
412845.0,4568605.0,2025-03-27
412855.0,4568605.0,2025-03-27
412865.0,4568605.0,2025-03-27
412875.0,4568605.0,2025-03-27
412885.0,4568605.0,2025-03-27
412895.0,4568605.0,2025-03-27
412905.0,4568605.0,2025-03-27
412915.0,4568605.0,2025-03-27
412925.0,4568605.0,2025-03-27
412935.0,4568605.0,2025-03-27
412945.0,4568605.0,2025-03-27
412955.0,4568605.0,2025-03-27
412965.0,4568605.0,2025-03-27
412975.0,4568605.0,2025-03-27
412985.0,4568605.0,2025-03-27
412995.0,4568605.0,2025-03-27
413005.0,4568605.0,2025-03-27
413015.0,4568605.0,2025-03-27
413025.0,4568605.0,2025-03-27
413035.0,4568605.0,2025-03-27
413045.0,4568605.0,2025-03-27
413055.0,4568605.0,2025-03-27
413065.0,4568605.0,2025-03-27
413075.0,4568605.0,2025-03-27
413085.0,4568605.0,2025-03-27
413095.0,4568605.0,2025-03-27
413105.0,4568605.0,2025-03-27
413115.0,4568605.0,2025-03-27
413125.0,4568605.0,2025-03-27
413135.0,4568605.0,2025-03-27
413145.0,4568605.0,2025-03-27
413155.0,4568605.0,2025-03-27
413165.0,4568605.0,2025-03-27
413175.0,4568605.0,2025-03-27
413185.0,4568605.0,2025-03-27
413195.0,4568605.0,2025-03-27
413205.0,4568605.0,2025-03-27
413215.0,4568605.0,2025-03-27
413225.0,4568605.0,2025-03-27
413235.0,4568605.0,2025-03-27
413245.0,4568605.0,2025-03-27
413255.0,4568605.0,2025-03-27
413265.0,4568605.0,2025-03-27
413275.0,4568605.0,2025-03-27
413285.0,4568605.0,2025-03-27
413295.0,4568605.0,2025-03-27
413305.0,4568605.0,2025-03-27
413315.0,4568605.0,2025-03-27
413325.0,4568605.0,2025-03-27
413335.0,4568605.0,2025-03-27
413345.0,4568605.0,2025-03-27
413355.0,4568605.0,2025-03-27
413365.0,4568605.0,2025-03-27
413375.0,4568605.0,2025-03-27
413385.0,4568605.0,2025-03-27
413395.0,4568605.0,2025-03-27
413405.0,4568605.0,2025-03-27
413415.0,4568605.0,2025-03-27
413425.0,4568605.0,2025-03-27
413435.0,4568605.0,2025-03-27
413445.0,4568605.0,2025-03-27
413455.0,4568605.0,2025-03-27
413465.0,4568605.0,2025-03-27
413475.0,4568605.0,2025-03-27
413485.0,4568605.0,2025-03-27
413495.0,4568605.0,2025-03-27
413505.0,4568605.0,2025-03-27
413515.0,4568605.0,2025-03-27
413525.0,4568605.0,2025-03-27
413535.0,4568605.0,2025-03-27
413545.0,4568605.0,2025-03-27
413555.0,4568605.0,2025-03-27
413565.0,4568605.0,2025-03-27
413575.0,4568605.0,2025-03-27
413585.0,4568605.0,2025-03-27
413595.0,4568605.0,2025-03-27
413605.0,4568605.0,2025-03-27
413615.0,4568605.0,2025-03-27
413625.0,4568605.0,2025-03-27
413635.0,4568605.0,2025-03-27
413645.0,4568605.0,2025-03-27
413655.0,4568605.0,2025-03-27
413665.0,4568605.0,2025-03-27
413675.0,4568605.0,2025-03-27
413685.0,4568605.0,2025-03-27
413695.0,4568605.0,2025-03-27
413705.0,4568605.0,2025-03-27
413715.0,4568605.0,2025-03-27
413725.0,4568605.0,2025-03-27
413735.0,4568605.0,2025-03-27
413745.0,4568605.0,2025-03-27
413755.0,4568605.0,2025-03-27
413765.0,4568605.0,2025-03-27
413775.0,4568605.0,2025-03-27
413785.0,4568605.0,2025-03-27
413795.0,4568605.0,2025-03-27
413805.0,4568605.0,2025-03-27
413815.0,4568605.0,2025-03-27
413825.0,4568605.0,2025-03-27
413835.0,4568605.0,2025-03-27
413845.0,4568605.0,2025-03-27
413855.0,4568605.0,2025-03-27
413865.0,4568605.0,2025-03-27
413875.0,4568605.0,2025-03-27
413885.0,4568605.0,2025-03-27
413895.0,4568605.0,2025-03-27
413905.0,4568605.0,2025-03-27
413915.0,4568605.0,2025-03-27
413925.0,4568605.0,2025-03-27
413935.0,4568605.0,2025-03-27
413945.0,4568605.0,2025-03-27
413955.0,4568605.0,2025-03-27
413965.0,4568605.0,2025-03-27
413975.0,4568605.0,2025-03-27
413985.0,4568605.0,2025-03-27
413995.0,4568605.0,2025-03-27
414005.0,4568605.0,2025-03-27
414015.0,4568605.0,2025-03-27
414025.0,4568605.0,2025-03-27
414035.0,4568605.0,2025-03-27
414045.0,4568605.0,2025-03-27
414055.0,4568605.0,2025-03-27
414065.0,4568605.0,2025-03-27
414075.0,4568605.0,2025-03-27
414085.0,4568605.0,2025-03-27
414095.0,4568605.0,2025-03-27
414105.0,4568605.0,2025-03-27
414115.0,4568605.0,2025-03-27
414125.0,4568605.0,2025-03-27
414135.0,4568605.0,2025-03-27
414145.0,4568605.0,2025-03-27
414155.0,4568605.0,2025-03-27
414165.0,4568605.0,2025-03-27
414175.0,4568605.0,2025-03-27
414185.0,4568605.0,2025-03-27
414195.0,4568605.0,2025-03-27
414205.0,4568605.0,2025-03-27
414215.0,4568605.0,2025-03-27
414225.0,4568605.0,2025-03-27
414235.0,4568605.0,2025-03-27
414245.0,4568605.0,2025-03-27
414255.0,4568605.0,2025-03-27
414265.0,4568605.0,2025-03-27
414275.0,4568605.0,2025-03-27
414285.0,4568605.0,2025-03-27
414295.0,4568605.0,2025-03-27
414305.0,4568605.0,2025-03-27
414315.0,4568605.0,2025-03-27
414325.0,4568605.0,2025-03-27
414335.0,4568605.0,2025-03-27
414345.0,4568605.0,2025-03-27
414355.0,4568605.0,2025-03-27
414365.0,4568605.0,2025-03-27
414375.0,4568605.0,2025-03-27
414385.0,4568605.0,2025-03-27
414395.0,4568605.0,2025-03-27
414405.0,4568605.0,2025-03-27
414415.0,4568605.0,2025-03-27
414425.0,4568605.0,2025-03-27
414435.0,4568605.0,2025-03-27
414445.0,4568605.0,2025-03-27
414455.0,4568605.0,2025-03-27
414465.0,4568605.0,2025-03-27
414475.0,4568605.0,2025-03-27
414485.0,4568605.0,2025-03-27
414495.0,4568605.0,2025-03-27
414505.0,4568605.0,2025-03-27
414515.0,4568605.0,2025-03-27
414525.0,4568605.0,2025-03-27
414535.0,4568605.0,2025-03-27
414545.0,4568605.0,2025-03-27
414555.0,4568605.0,2025-03-27
414565.0,4568605.0,2025-03-27
414575.0,4568605.0,2025-03-27
414585.0,4568605.0,2025-03-27
414595.0,4568605.0,2025-03-27
414605.0,4568605.0,2025-03-27
414615.0,4568605.0,2025-03-27
414625.0,4568605.0,2025-03-27
414635.0,4568605.0,2025-03-27
414645.0,4568605.0,2025-03-27
414655.0,4568605.0,2025-03-27
414665.0,4568605.0,2025-03-27
414675.0,4568605.0,2025-03-27
414685.0,4568605.0,2025-03-27
414695.0,4568605.0,2025-03-27
414705.0,4568605.0,2025-03-27
414715.0,4568605.0,2025-03-27
414725.0,4568605.0,2025-03-27
414735.0,4568605.0,2025-03-27
414745.0,4568605.0,2025-03-27
414755.0,4568605.0,2025-03-27
414765.0,4568605.0,2025-03-27
414775.0,4568605.0,2025-03-27
414785.0,4568605.0,2025-03-27
411745.0,4568595.0,2025-03-27
411755.0,4568595.0,2025-03-27
411765.0,4568595.0,2025-03-27
411775.0,4568595.0,2025-03-27
411785.0,4568595.0,2025-03-27
411795.0,4568595.0,2025-03-27
411805.0,4568595.0,2025-03-27
411815.0,4568595.0,2025-03-27
411825.0,4568595.0,2025-03-27
411835.0,4568595.0,2025-03-27
411845.0,4568595.0,2025-03-27
411855.0,4568595.0,2025-03-27
411865.0,4568595.0,2025-03-27
411875.0,4568595.0,2025-03-27
411885.0,4568595.0,2025-03-27
411895.0,4568595.0,2025-03-27
411905.0,4568595.0,2025-03-27
411915.0,4568595.0,2025-03-27
411925.0,4568595.0,2025-03-27
411935.0,4568595.0,2025-03-27
411945.0,4568595.0,2025-03-27
411955.0,4568595.0,2025-03-27
411965.0,4568595.0,2025-03-27
411975.0,4568595.0,2025-03-27
411985.0,4568595.0,2025-03-27
411995.0,4568595.0,2025-03-27
412005.0,4568595.0,2025-03-27
412015.0,4568595.0,2025-03-27
412025.0,4568595.0,2025-03-27
412035.0,4568595.0,2025-03-27
412045.0,4568595.0,2025-03-27
412055.0,4568595.0,2025-03-27
412065.0,4568595.0,2025-03-27
412075.0,4568595.0,2025-03-27
412085.0,4568595.0,2025-03-27
412095.0,4568595.0,2025-03-27
412105.0,4568595.0,2025-03-27
412115.0,4568595.0,2025-03-27
412125.0,4568595.0,2025-03-27
412135.0,4568595.0,2025-03-27
412145.0,4568595.0,2025-03-27
412155.0,4568595.0,2025-03-27
412165.0,4568595.0,2025-03-27
412175.0,4568595.0,2025-03-27
412185.0,4568595.0,2025-03-27
412195.0,4568595.0,2025-03-27
412205.0,4568595.0,2025-03-27
412215.0,4568595.0,2025-03-27
412225.0,4568595.0,2025-03-27
412235.0,4568595.0,2025-03-27
412245.0,4568595.0,2025-03-27
412255.0,4568595.0,2025-03-27
412265.0,4568595.0,2025-03-27
412275.0,4568595.0,2025-03-27
412285.0,4568595.0,2025-03-27
412295.0,4568595.0,2025-03-27
412305.0,4568595.0,2025-03-27
412315.0,4568595.0,2025-03-27
412325.0,4568595.0,2025-03-27
412335.0,4568595.0,2025-03-27
412345.0,4568595.0,2025-03-27
412355.0,4568595.0,2025-03-27
412365.0,4568595.0,2025-03-27
412375.0,4568595.0,2025-03-27
412385.0,4568595.0,2025-03-27
412395.0,4568595.0,2025-03-27
412405.0,4568595.0,2025-03-27
412415.0,4568595.0,2025-03-27
412425.0,4568595.0,2025-03-27
412435.0,4568595.0,2025-03-27
412445.0,4568595.0,2025-03-27
412455.0,4568595.0,2025-03-27
412465.0,4568595.0,2025-03-27
412475.0,4568595.0,2025-03-27
412485.0,4568595.0,2025-03-27
412495.0,4568595.0,2025-03-27
412505.0,4568595.0,2025-03-27
412515.0,4568595.0,2025-03-27
412525.0,4568595.0,2025-03-27
412535.0,4568595.0,2025-03-27
412545.0,4568595.0,2025-03-27
412555.0,4568595.0,2025-03-27
412565.0,4568595.0,2025-03-27
412575.0,4568595.0,2025-03-27
412585.0,4568595.0,2025-03-27
412595.0,4568595.0,2025-03-27
412605.0,4568595.0,2025-03-27
412615.0,4568595.0,2025-03-27
412625.0,4568595.0,2025-03-27
412635.0,4568595.0,2025-03-27
412645.0,4568595.0,2025-03-27
412655.0,4568595.0,2025-03-27
412665.0,4568595.0,2025-03-27
412675.0,4568595.0,2025-03-27
412685.0,4568595.0,2025-03-27
412695.0,4568595.0,2025-03-27
412705.0,4568595.0,2025-03-27
412715.0,4568595.0,2025-03-27
412725.0,4568595.0,2025-03-27
412735.0,4568595.0,2025-03-27
412745.0,4568595.0,2025-03-27
412755.0,4568595.0,2025-03-27
412765.0,4568595.0,2025-03-27
412775.0,4568595.0,2025-03-27
412785.0,4568595.0,2025-03-27
412795.0,4568595.0,2025-03-27
412805.0,4568595.0,2025-03-27
412815.0,4568595.0,2025-03-27
412825.0,4568595.0,2025-03-27
412835.0,4568595.0,2025-03-27
412845.0,4568595.0,2025-03-27
412855.0,4568595.0,2025-03-27
412865.0,4568595.0,2025-03-27
412875.0,4568595.0,2025-03-27
412885.0,4568595.0,2025-03-27
412895.0,4568595.0,2025-03-27
412905.0,4568595.0,2025-03-27
412915.0,4568595.0,2025-03-27
412925.0,4568595.0,2025-03-27
412935.0,4568595.0,2025-03-27
412945.0,4568595.0,2025-03-27
412955.0,4568595.0,2025-03-27
412965.0,4568595.0,2025-03-27
412975.0,4568595.0,2025-03-27
412985.0,4568595.0,2025-03-27
412995.0,4568595.0,2025-03-27
413005.0,4568595.0,2025-03-27
413015.0,4568595.0,2025-03-27
413025.0,4568595.0,2025-03-27
413035.0,4568595.0,2025-03-27
413045.0,4568595.0,2025-03-27
413055.0,4568595.0,2025-03-27
413065.0,4568595.0,2025-03-27
413075.0,4568595.0,2025-03-27
413085.0,4568595.0,2025-03-27
413095.0,4568595.0,2025-03-27
413105.0,4568595.0,2025-03-27
413115.0,4568595.0,2025-03-27
413125.0,4568595.0,2025-03-27
413135.0,4568595.0,2025-03-27
413145.0,4568595.0,2025-03-27
413155.0,4568595.0,2025-03-27
413165.0,4568595.0,2025-03-27
413175.0,4568595.0,2025-03-27
413185.0,4568595.0,2025-03-27
413195.0,4568595.0,2025-03-27
413205.0,4568595.0,2025-03-27
413215.0,4568595.0,2025-03-27
413225.0,4568595.0,2025-03-27
413235.0,4568595.0,2025-03-27
413245.0,4568595.0,2025-03-27
413255.0,4568595.0,2025-03-27
413265.0,4568595.0,2025-03-27
413275.0,4568595.0,2025-03-27
413285.0,4568595.0,2025-03-27
413295.0,4568595.0,2025-03-27
413305.0,4568595.0,2025-03-27
413315.0,4568595.0,2025-03-27
413325.0,4568595.0,2025-03-27
413335.0,4568595.0,2025-03-27
413345.0,4568595.0,2025-03-27
413355.0,4568595.0,2025-03-27
413365.0,4568595.0,2025-03-27
413375.0,4568595.0,2025-03-27
413385.0,4568595.0,2025-03-27
413395.0,4568595.0,2025-03-27
413405.0,4568595.0,2025-03-27
413415.0,4568595.0,2025-03-27
413425.0,4568595.0,2025-03-27
413435.0,4568595.0,2025-03-27
413445.0,4568595.0,2025-03-27
413455.0,4568595.0,2025-03-27
413465.0,4568595.0,2025-03-27
413475.0,4568595.0,2025-03-27
413485.0,4568595.0,2025-03-27
413495.0,4568595.0,2025-03-27
413505.0,4568595.0,2025-03-27
413515.0,4568595.0,2025-03-27
413525.0,4568595.0,2025-03-27
413535.0,4568595.0,2025-03-27
413545.0,4568595.0,2025-03-27
413555.0,4568595.0,2025-03-27
413565.0,4568595.0,2025-03-27
413575.0,4568595.0,2025-03-27
413585.0,4568595.0,2025-03-27
413595.0,4568595.0,2025-03-27
413605.0,4568595.0,2025-03-27
413615.0,4568595.0,2025-03-27
413625.0,4568595.0,2025-03-27
413635.0,4568595.0,2025-03-27
413645.0,4568595.0,2025-03-27
413655.0,4568595.0,2025-03-27
413665.0,4568595.0,2025-03-27
413675.0,4568595.0,2025-03-27
413685.0,4568595.0,2025-03-27
413695.0,4568595.0,2025-03-27
413705.0,4568595.0,2025-03-27
413715.0,4568595.0,2025-03-27
413725.0,4568595.0,2025-03-27
413735.0,4568595.0,2025-03-27
413745.0,4568595.0,2025-03-27
413755.0,4568595.0,2025-03-27
413765.0,4568595.0,2025-03-27
413775.0,4568595.0,2025-03-27
413785.0,4568595.0,2025-03-27
413795.0,4568595.0,2025-03-27
413805.0,4568595.0,2025-03-27
413815.0,4568595.0,2025-03-27
413825.0,4568595.0,2025-03-27
413835.0,4568595.0,2025-03-27
413845.0,4568595.0,2025-03-27
413855.0,4568595.0,2025-03-27
413865.0,4568595.0,2025-03-27
413875.0,4568595.0,2025-03-27
413885.0,4568595.0,2025-03-27
413895.0,4568595.0,2025-03-27
413905.0,4568595.0,2025-03-27
413915.0,4568595.0,2025-03-27
413925.0,4568595.0,2025-03-27
413935.0,4568595.0,2025-03-27
413945.0,4568595.0,2025-03-27
413955.0,4568595.0,2025-03-27
413965.0,4568595.0,2025-03-27
413975.0,4568595.0,2025-03-27
413985.0,4568595.0,2025-03-27
413995.0,4568595.0,2025-03-27
414005.0,4568595.0,2025-03-27
414015.0,4568595.0,2025-03-27
414025.0,4568595.0,2025-03-27
414035.0,4568595.0,2025-03-27
414045.0,4568595.0,2025-03-27
414055.0,4568595.0,2025-03-27
414065.0,4568595.0,2025-03-27
414075.0,4568595.0,2025-03-27
414085.0,4568595.0,2025-03-27
414095.0,4568595.0,2025-03-27
414105.0,4568595.0,2025-03-27
414115.0,4568595.0,2025-03-27
414125.0,4568595.0,2025-03-27
414135.0,4568595.0,2025-03-27
414145.0,4568595.0,2025-03-27
414155.0,4568595.0,2025-03-27
414165.0,4568595.0,2025-03-27
414175.0,4568595.0,2025-03-27
414185.0,4568595.0,2025-03-27
414195.0,4568595.0,2025-03-27
414205.0,4568595.0,2025-03-27
414215.0,4568595.0,2025-03-27
414225.0,4568595.0,2025-03-27
414235.0,4568595.0,2025-03-27
414245.0,4568595.0,2025-03-27
414255.0,4568595.0,2025-03-27
414265.0,4568595.0,2025-03-27
414275.0,4568595.0,2025-03-27
414285.0,4568595.0,2025-03-27
414295.0,4568595.0,2025-03-27
414305.0,4568595.0,2025-03-27
414315.0,4568595.0,2025-03-27
414325.0,4568595.0,2025-03-27
414335.0,4568595.0,2025-03-27
414345.0,4568595.0,2025-03-27
414355.0,4568595.0,2025-03-27
414365.0,4568595.0,2025-03-27
414375.0,4568595.0,2025-03-27
414385.0,4568595.0,2025-03-27
414395.0,4568595.0,2025-03-27
414405.0,4568595.0,2025-03-27
414415.0,4568595.0,2025-03-27
414425.0,4568595.0,2025-03-27
414435.0,4568595.0,2025-03-27
414445.0,4568595.0,2025-03-27
414455.0,4568595.0,2025-03-27
414465.0,4568595.0,2025-03-27
414475.0,4568595.0,2025-03-27
414485.0,4568595.0,2025-03-27
414495.0,4568595.0,2025-03-27
414505.0,4568595.0,2025-03-27
414515.0,4568595.0,2025-03-27
414525.0,4568595.0,2025-03-27
414535.0,4568595.0,2025-03-27
414545.0,4568595.0,2025-03-27
414555.0,4568595.0,2025-03-27
414565.0,4568595.0,2025-03-27
414575.0,4568595.0,2025-03-27
414585.0,4568595.0,2025-03-27
414595.0,4568595.0,2025-03-27
414605.0,4568595.0,2025-03-27
414615.0,4568595.0,2025-03-27
414625.0,4568595.0,2025-03-27
414635.0,4568595.0,2025-03-27
414645.0,4568595.0,2025-03-27
414655.0,4568595.0,2025-03-27
414665.0,4568595.0,2025-03-27
414675.0,4568595.0,2025-03-27
414685.0,4568595.0,2025-03-27
414695.0,4568595.0,2025-03-27
414705.0,4568595.0,2025-03-27
414715.0,4568595.0,2025-03-27
414725.0,4568595.0,2025-03-27
414735.0,4568595.0,2025-03-27
414745.0,4568595.0,2025-03-27
414755.0,4568595.0,2025-03-27
414765.0,4568595.0,2025-03-27
414775.0,4568595.0,2025-03-27
414785.0,4568595.0,2025-03-27
414795.0,4568595.0,2025-03-27
414805.0,4568595.0,2025-03-27
414815.0,4568595.0,2025-03-27
414825.0,4568595.0,2025-03-27
414835.0,4568595.0,2025-03-27
414845.0,4568595.0,2025-03-27
414855.0,4568595.0,2025-03-27
414865.0,4568595.0,2025-03-27
414875.0,4568595.0,2025-03-27
414885.0,4568595.0,2025-03-27
414895.0,4568595.0,2025-03-27
414905.0,4568595.0,2025-03-27
414915.0,4568595.0,2025-03-27
414925.0,4568595.0,2025-03-27
414935.0,4568595.0,2025-03-27
414945.0,4568595.0,2025-03-27
414955.0,4568595.0,2025-03-27
414965.0,4568595.0,2025-03-27
414975.0,4568595.0,2025-03-27
414985.0,4568595.0,2025-03-27
414995.0,4568595.0,2025-03-27
415005.0,4568595.0,2025-03-27
415015.0,4568595.0,2025-03-27
415025.0,4568595.0,2025-03-27
415035.0,4568595.0,2025-03-27
415045.0,4568595.0,2025-03-27
415055.0,4568595.0,2025-03-27
415065.0,4568595.0,2025-03-27
415075.0,4568595.0,2025-03-27
415085.0,4568595.0,2025-03-27
415095.0,4568595.0,2025-03-27
415105.0,4568595.0,2025-03-27
415115.0,4568595.0,2025-03-27
415125.0,4568595.0,2025-03-27
415135.0,4568595.0,2025-03-27
415145.0,4568595.0,2025-03-27
415155.0,4568595.0,2025-03-27
415165.0,4568595.0,2025-03-27
415175.0,4568595.0,2025-03-27
415185.0,4568595.0,2025-03-27
415195.0,4568595.0,2025-03-27
415205.0,4568595.0,2025-03-27
415215.0,4568595.0,2025-03-27
415225.0,4568595.0,2025-03-27
415235.0,4568595.0,2025-03-27
415245.0,4568595.0,2025-03-27
415255.0,4568595.0,2025-03-27
415265.0,4568595.0,2025-03-27
415275.0,4568595.0,2025-03-27
415285.0,4568595.0,2025-03-27
415295.0,4568595.0,2025-03-27
415305.0,4568595.0,2025-03-27
415315.0,4568595.0,2025-03-27
415325.0,4568595.0,2025-03-27
415335.0,4568595.0,2025-03-27
415345.0,4568595.0,2025-03-27
415355.0,4568595.0,2025-03-27
415365.0,4568595.0,2025-03-27
415375.0,4568595.0,2025-03-27
415385.0,4568595.0,2025-03-27
415395.0,4568595.0,2025-03-27
415405.0,4568595.0,2025-03-27
415415.0,4568595.0,2025-03-27
415425.0,4568595.0,2025-03-27
415435.0,4568595.0,2025-03-27
415445.0,4568595.0,2025-03-27
415455.0,4568595.0,2025-03-27
415465.0,4568595.0,2025-03-27
415475.0,4568595.0,2025-03-27
415485.0,4568595.0,2025-03-27
415495.0,4568595.0,2025-03-27
415505.0,4568595.0,2025-03-27
415515.0,4568595.0,2025-03-27
415525.0,4568595.0,2025-03-27
415535.0,4568595.0,2025-03-27
415545.0,4568595.0,2025-03-27
415555.0,4568595.0,2025-03-27
415565.0,4568595.0,2025-03-27
415575.0,4568595.0,2025-03-27
415585.0,4568595.0,2025-03-27
415595.0,4568595.0,2025-03-27
415605.0,4568595.0,2025-03-27
415615.0,4568595.0,2025-03-27
415625.0,4568595.0,2025-03-27
415635.0,4568595.0,2025-03-27
411745.0,4568585.0,2025-03-27
411755.0,4568585.0,2025-03-27
411765.0,4568585.0,2025-03-27
411775.0,4568585.0,2025-03-27
411785.0,4568585.0,2025-03-27
411795.0,4568585.0,2025-03-27
411805.0,4568585.0,2025-03-27
411815.0,4568585.0,2025-03-27
411825.0,4568585.0,2025-03-27
411835.0,4568585.0,2025-03-27
411845.0,4568585.0,2025-03-27
411855.0,4568585.0,2025-03-27
411865.0,4568585.0,2025-03-27
411875.0,4568585.0,2025-03-27
411885.0,4568585.0,2025-03-27
411895.0,4568585.0,2025-03-27
411905.0,4568585.0,2025-03-27
411915.0,4568585.0,2025-03-27
411925.0,4568585.0,2025-03-27
411935.0,4568585.0,2025-03-27
411945.0,4568585.0,2025-03-27
411955.0,4568585.0,2025-03-27
411965.0,4568585.0,2025-03-27
411975.0,4568585.0,2025-03-27
411985.0,4568585.0,2025-03-27
411995.0,4568585.0,2025-03-27
412005.0,4568585.0,2025-03-27
412015.0,4568585.0,2025-03-27
412025.0,4568585.0,2025-03-27
412035.0,4568585.0,2025-03-27
412045.0,4568585.0,2025-03-27
412055.0,4568585.0,2025-03-27
412065.0,4568585.0,2025-03-27
412075.0,4568585.0,2025-03-27
412085.0,4568585.0,2025-03-27
412095.0,4568585.0,2025-03-27
412105.0,4568585.0,2025-03-27
412115.0,4568585.0,2025-03-27
412125.0,4568585.0,2025-03-27
412135.0,4568585.0,2025-03-27
412145.0,4568585.0,2025-03-27
412155.0,4568585.0,2025-03-27
412165.0,4568585.0,2025-03-27
412175.0,4568585.0,2025-03-27
412185.0,4568585.0,2025-03-27
412195.0,4568585.0,2025-03-27
412205.0,4568585.0,2025-03-27
412215.0,4568585.0,2025-03-27
412225.0,4568585.0,2025-03-27
412235.0,4568585.0,2025-03-27
412245.0,4568585.0,2025-03-27
412255.0,4568585.0,2025-03-27
412265.0,4568585.0,2025-03-27
412275.0,4568585.0,2025-03-27
412285.0,4568585.0,2025-03-27
412295.0,4568585.0,2025-03-27
412305.0,4568585.0,2025-03-27
412315.0,4568585.0,2025-03-27
412325.0,4568585.0,2025-03-27
412335.0,4568585.0,2025-03-27
412345.0,4568585.0,2025-03-27
412355.0,4568585.0,2025-03-27
412365.0,4568585.0,2025-03-27
412375.0,4568585.0,2025-03-27
412385.0,4568585.0,2025-03-27
412395.0,4568585.0,2025-03-27
412405.0,4568585.0,2025-03-27
412415.0,4568585.0,2025-03-27
412425.0,4568585.0,2025-03-27
412435.0,4568585.0,2025-03-27
412445.0,4568585.0,2025-03-27
412455.0,4568585.0,2025-03-27
412465.0,4568585.0,2025-03-27
412475.0,4568585.0,2025-03-27
412485.0,4568585.0,2025-03-27
412495.0,4568585.0,2025-03-27
412505.0,4568585.0,2025-03-27
412515.0,4568585.0,2025-03-27
412525.0,4568585.0,2025-03-27
412535.0,4568585.0,2025-03-27
412545.0,4568585.0,2025-03-27
412555.0,4568585.0,2025-03-27
412565.0,4568585.0,2025-03-27
412575.0,4568585.0,2025-03-27
412585.0,4568585.0,2025-03-27
412595.0,4568585.0,2025-03-27
412605.0,4568585.0,2025-03-27
412615.0,4568585.0,2025-03-27
412625.0,4568585.0,2025-03-27
412635.0,4568585.0,2025-03-27
412645.0,4568585.0,2025-03-27
412655.0,4568585.0,2025-03-27
412665.0,4568585.0,2025-03-27
412675.0,4568585.0,2025-03-27
412685.0,4568585.0,2025-03-27
412695.0,4568585.0,2025-03-27
412705.0,4568585.0,2025-03-27
412715.0,4568585.0,2025-03-27
412725.0,4568585.0,2025-03-27
412735.0,4568585.0,2025-03-27
412745.0,4568585.0,2025-03-27
412755.0,4568585.0,2025-03-27
412765.0,4568585.0,2025-03-27
412775.0,4568585.0,2025-03-27
412785.0,4568585.0,2025-03-27
412795.0,4568585.0,2025-03-27
412805.0,4568585.0,2025-03-27
412815.0,4568585.0,2025-03-27
412825.0,4568585.0,2025-03-27
412835.0,4568585.0,2025-03-27
412845.0,4568585.0,2025-03-27
412855.0,4568585.0,2025-03-27
412865.0,4568585.0,2025-03-27
412875.0,4568585.0,2025-03-27
412885.0,4568585.0,2025-03-27
412895.0,4568585.0,2025-03-27
412905.0,4568585.0,2025-03-27
412915.0,4568585.0,2025-03-27
412925.0,4568585.0,2025-03-27
412935.0,4568585.0,2025-03-27
412945.0,4568585.0,2025-03-27
412955.0,4568585.0,2025-03-27
412965.0,4568585.0,2025-03-27
412975.0,4568585.0,2025-03-27
412985.0,4568585.0,2025-03-27
412995.0,4568585.0,2025-03-27
413005.0,4568585.0,2025-03-27
413015.0,4568585.0,2025-03-27
413025.0,4568585.0,2025-03-27
413035.0,4568585.0,2025-03-27
413045.0,4568585.0,2025-03-27
413055.0,4568585.0,2025-03-27
413065.0,4568585.0,2025-03-27
413075.0,4568585.0,2025-03-27
413085.0,4568585.0,2025-03-27
413095.0,4568585.0,2025-03-27
413105.0,4568585.0,2025-03-27
413115.0,4568585.0,2025-03-27
413125.0,4568585.0,2025-03-27
413135.0,4568585.0,2025-03-27
413145.0,4568585.0,2025-03-27
413155.0,4568585.0,2025-03-27
413165.0,4568585.0,2025-03-27
413175.0,4568585.0,2025-03-27
413185.0,4568585.0,2025-03-27
413195.0,4568585.0,2025-03-27
413205.0,4568585.0,2025-03-27
413215.0,4568585.0,2025-03-27
413225.0,4568585.0,2025-03-27
413235.0,4568585.0,2025-03-27
413245.0,4568585.0,2025-03-27
413255.0,4568585.0,2025-03-27
413265.0,4568585.0,2025-03-27
413275.0,4568585.0,2025-03-27
413285.0,4568585.0,2025-03-27
413295.0,4568585.0,2025-03-27
413305.0,4568585.0,2025-03-27
413315.0,4568585.0,2025-03-27
413325.0,4568585.0,2025-03-27
413335.0,4568585.0,2025-03-27
413345.0,4568585.0,2025-03-27
413355.0,4568585.0,2025-03-27
413365.0,4568585.0,2025-03-27
413375.0,4568585.0,2025-03-27
413385.0,4568585.0,2025-03-27
413395.0,4568585.0,2025-03-27
413405.0,4568585.0,2025-03-27
413415.0,4568585.0,2025-03-27
413425.0,4568585.0,2025-03-27
413435.0,4568585.0,2025-03-27
413445.0,4568585.0,2025-03-27
413455.0,4568585.0,2025-03-27
413465.0,4568585.0,2025-03-27
413475.0,4568585.0,2025-03-27
413485.0,4568585.0,2025-03-27
413495.0,4568585.0,2025-03-27
413505.0,4568585.0,2025-03-27
413515.0,4568585.0,2025-03-27
413525.0,4568585.0,2025-03-27
413535.0,4568585.0,2025-03-27
413545.0,4568585.0,2025-03-27
413555.0,4568585.0,2025-03-27
413565.0,4568585.0,2025-03-27
413575.0,4568585.0,2025-03-27
413585.0,4568585.0,2025-03-27
413595.0,4568585.0,2025-03-27
413605.0,4568585.0,2025-03-27
413615.0,4568585.0,2025-03-27
413625.0,4568585.0,2025-03-27
413635.0,4568585.0,2025-03-27
413645.0,4568585.0,2025-03-27
413655.0,4568585.0,2025-03-27
413665.0,4568585.0,2025-03-27
413675.0,4568585.0,2025-03-27
413685.0,4568585.0,2025-03-27
413695.0,4568585.0,2025-03-27
413705.0,4568585.0,2025-03-27
413715.0,4568585.0,2025-03-27
413725.0,4568585.0,2025-03-27
413735.0,4568585.0,2025-03-27
413745.0,4568585.0,2025-03-27
413755.0,4568585.0,2025-03-27
413765.0,4568585.0,2025-03-27
413775.0,4568585.0,2025-03-27
413785.0,4568585.0,2025-03-27
413795.0,4568585.0,2025-03-27
413805.0,4568585.0,2025-03-27
413815.0,4568585.0,2025-03-27
413825.0,4568585.0,2025-03-27
413835.0,4568585.0,2025-03-27
413845.0,4568585.0,2025-03-27
413855.0,4568585.0,2025-03-27
413865.0,4568585.0,2025-03-27
413875.0,4568585.0,2025-03-27
413885.0,4568585.0,2025-03-27
413895.0,4568585.0,2025-03-27
413905.0,4568585.0,2025-03-27
413915.0,4568585.0,2025-03-27
413925.0,4568585.0,2025-03-27
413935.0,4568585.0,2025-03-27
413945.0,4568585.0,2025-03-27
413955.0,4568585.0,2025-03-27
413965.0,4568585.0,2025-03-27
413975.0,4568585.0,2025-03-27
413985.0,4568585.0,2025-03-27
413995.0,4568585.0,2025-03-27
414005.0,4568585.0,2025-03-27
414015.0,4568585.0,2025-03-27
414025.0,4568585.0,2025-03-27
414035.0,4568585.0,2025-03-27
414045.0,4568585.0,2025-03-27
414055.0,4568585.0,2025-03-27
414065.0,4568585.0,2025-03-27
414075.0,4568585.0,2025-03-27
414085.0,4568585.0,2025-03-27
414095.0,4568585.0,2025-03-27
414105.0,4568585.0,2025-03-27
414115.0,4568585.0,2025-03-27
414125.0,4568585.0,2025-03-27
414135.0,4568585.0,2025-03-27
414145.0,4568585.0,2025-03-27
414155.0,4568585.0,2025-03-27
414165.0,4568585.0,2025-03-27
414175.0,4568585.0,2025-03-27
414185.0,4568585.0,2025-03-27
414195.0,4568585.0,2025-03-27
414205.0,4568585.0,2025-03-27
414215.0,4568585.0,2025-03-27
414225.0,4568585.0,2025-03-27
414235.0,4568585.0,2025-03-27
414245.0,4568585.0,2025-03-27
414255.0,4568585.0,2025-03-27
414265.0,4568585.0,2025-03-27
414275.0,4568585.0,2025-03-27
414285.0,4568585.0,2025-03-27
414295.0,4568585.0,2025-03-27
414305.0,4568585.0,2025-03-27
414315.0,4568585.0,2025-03-27
414325.0,4568585.0,2025-03-27
414335.0,4568585.0,2025-03-27
414345.0,4568585.0,2025-03-27
414355.0,4568585.0,2025-03-27
414365.0,4568585.0,2025-03-27
414375.0,4568585.0,2025-03-27
414385.0,4568585.0,2025-03-27
414395.0,4568585.0,2025-03-27
414405.0,4568585.0,2025-03-27
414415.0,4568585.0,2025-03-27
414425.0,4568585.0,2025-03-27
414435.0,4568585.0,2025-03-27
414445.0,4568585.0,2025-03-27
414455.0,4568585.0,2025-03-27
414465.0,4568585.0,2025-03-27
414475.0,4568585.0,2025-03-27
414485.0,4568585.0,2025-03-27
414495.0,4568585.0,2025-03-27
414505.0,4568585.0,2025-03-27
414515.0,4568585.0,2025-03-27
414525.0,4568585.0,2025-03-27
414535.0,4568585.0,2025-03-27
414545.0,4568585.0,2025-03-27
414555.0,4568585.0,2025-03-27
414565.0,4568585.0,2025-03-27
414575.0,4568585.0,2025-03-27
414585.0,4568585.0,2025-03-27
414595.0,4568585.0,2025-03-27
414605.0,4568585.0,2025-03-27
414615.0,4568585.0,2025-03-27
414625.0,4568585.0,2025-03-27
414635.0,4568585.0,2025-03-27
414645.0,4568585.0,2025-03-27
414655.0,4568585.0,2025-03-27
414665.0,4568585.0,2025-03-27
414675.0,4568585.0,2025-03-27
414685.0,4568585.0,2025-03-27
414695.0,4568585.0,2025-03-27
414705.0,4568585.0,2025-03-27
414715.0,4568585.0,2025-03-27
414725.0,4568585.0,2025-03-27
414735.0,4568585.0,2025-03-27
414745.0,4568585.0,2025-03-27
414755.0,4568585.0,2025-03-27
414765.0,4568585.0,2025-03-27
414775.0,4568585.0,2025-03-27
414785.0,4568585.0,2025-03-27
414795.0,4568585.0,2025-03-27
414805.0,4568585.0,2025-03-27
414815.0,4568585.0,2025-03-27
414825.0,4568585.0,2025-03-27
414835.0,4568585.0,2025-03-27
414845.0,4568585.0,2025-03-27
414855.0,4568585.0,2025-03-27
414865.0,4568585.0,2025-03-27
414875.0,4568585.0,2025-03-27
414885.0,4568585.0,2025-03-27
414895.0,4568585.0,2025-03-27
414905.0,4568585.0,2025-03-27
414915.0,4568585.0,2025-03-27
414925.0,4568585.0,2025-03-27
414935.0,4568585.0,2025-03-27
414945.0,4568585.0,2025-03-27
414955.0,4568585.0,2025-03-27
414965.0,4568585.0,2025-03-27
414975.0,4568585.0,2025-03-27
414985.0,4568585.0,2025-03-27
414995.0,4568585.0,2025-03-27
415005.0,4568585.0,2025-03-27
415015.0,4568585.0,2025-03-27
415025.0,4568585.0,2025-03-27
415035.0,4568585.0,2025-03-27
415045.0,4568585.0,2025-03-27
415055.0,4568585.0,2025-03-27
415065.0,4568585.0,2025-03-27
415075.0,4568585.0,2025-03-27
415085.0,4568585.0,2025-03-27
415095.0,4568585.0,2025-03-27
415105.0,4568585.0,2025-03-27
415115.0,4568585.0,2025-03-27
415125.0,4568585.0,2025-03-27
415135.0,4568585.0,2025-03-27
415145.0,4568585.0,2025-03-27
415155.0,4568585.0,2025-03-27
415165.0,4568585.0,2025-03-27
415175.0,4568585.0,2025-03-27
415185.0,4568585.0,2025-03-27
415195.0,4568585.0,2025-03-27
415205.0,4568585.0,2025-03-27
415215.0,4568585.0,2025-03-27
415225.0,4568585.0,2025-03-27
415235.0,4568585.0,2025-03-27
415245.0,4568585.0,2025-03-27
415255.0,4568585.0,2025-03-27
415265.0,4568585.0,2025-03-27
415275.0,4568585.0,2025-03-27
415285.0,4568585.0,2025-03-27
415295.0,4568585.0,2025-03-27
415305.0,4568585.0,2025-03-27
415315.0,4568585.0,2025-03-27
415325.0,4568585.0,2025-03-27
415335.0,4568585.0,2025-03-27
415345.0,4568585.0,2025-03-27
415355.0,4568585.0,2025-03-27
415365.0,4568585.0,2025-03-27
415375.0,4568585.0,2025-03-27
415385.0,4568585.0,2025-03-27
415395.0,4568585.0,2025-03-27
415405.0,4568585.0,2025-03-27
415415.0,4568585.0,2025-03-27
415425.0,4568585.0,2025-03-27
415435.0,4568585.0,2025-03-27
415445.0,4568585.0,2025-03-27
415455.0,4568585.0,2025-03-27
415465.0,4568585.0,2025-03-27
415475.0,4568585.0,2025-03-27
415485.0,4568585.0,2025-03-27
415495.0,4568585.0,2025-03-27
415505.0,4568585.0,2025-03-27
415515.0,4568585.0,2025-03-27
415525.0,4568585.0,2025-03-27
415535.0,4568585.0,2025-03-27
415545.0,4568585.0,2025-03-27
415555.0,4568585.0,2025-03-27
415565.0,4568585.0,2025-03-27
415575.0,4568585.0,2025-03-27
415585.0,4568585.0,2025-03-27
415595.0,4568585.0,2025-03-27
415605.0,4568585.0,2025-03-27
415615.0,4568585.0,2025-03-27
415625.0,4568585.0,2025-03-27
415635.0,4568585.0,2025-03-27
415645.0,4568585.0,2025-03-27
415655.0,4568585.0,2025-03-27
415665.0,4568585.0,2025-03-27
415675.0,4568585.0,2025-03-27
415685.0,4568585.0,2025-03-27
415695.0,4568585.0,2025-03-27
415705.0,4568585.0,2025-03-27
415715.0,4568585.0,2025-03-27
415725.0,4568585.0,2025-03-27
415735.0,4568585.0,2025-03-27
415745.0,4568585.0,2025-03-27
415755.0,4568585.0,2025-03-27
415765.0,4568585.0,2025-03-27
415775.0,4568585.0,2025-03-27
415785.0,4568585.0,2025-03-27
415795.0,4568585.0,2025-03-27
415805.0,4568585.0,2025-03-27
415815.0,4568585.0,2025-03-27
415825.0,4568585.0,2025-03-27
415835.0,4568585.0,2025-03-27
415845.0,4568585.0,2025-03-27
415855.0,4568585.0,2025-03-27
415865.0,4568585.0,2025-03-27
415875.0,4568585.0,2025-03-27
415885.0,4568585.0,2025-03-27
415895.0,4568585.0,2025-03-27
415905.0,4568585.0,2025-03-27
415915.0,4568585.0,2025-03-27
415925.0,4568585.0,2025-03-27
415935.0,4568585.0,2025-03-27
415945.0,4568585.0,2025-03-27
415955.0,4568585.0,2025-03-27
415965.0,4568585.0,2025-03-27
415975.0,4568585.0,2025-03-27
415985.0,4568585.0,2025-03-27
415995.0,4568585.0,2025-03-27
416005.0,4568585.0,2025-03-27
416015.0,4568585.0,2025-03-27
416025.0,4568585.0,2025-03-27
416035.0,4568585.0,2025-03-27
416045.0,4568585.0,2025-03-27
416055.0,4568585.0,2025-03-27
416065.0,4568585.0,2025-03-27
416075.0,4568585.0,2025-03-27
416085.0,4568585.0,2025-03-27
416095.0,4568585.0,2025-03-27
416105.0,4568585.0,2025-03-27
416115.0,4568585.0,2025-03-27
416125.0,4568585.0,2025-03-27
416135.0,4568585.0,2025-03-27
416145.0,4568585.0,2025-03-27
416155.0,4568585.0,2025-03-27
416165.0,4568585.0,2025-03-27
416175.0,4568585.0,2025-03-27
416185.0,4568585.0,2025-03-27
416195.0,4568585.0,2025-03-27
416205.0,4568585.0,2025-03-27
416215.0,4568585.0,2025-03-27
416225.0,4568585.0,2025-03-27
416235.0,4568585.0,2025-03-27
416245.0,4568585.0,2025-03-27
416255.0,4568585.0,2025-03-27
416265.0,4568585.0,2025-03-27
416275.0,4568585.0,2025-03-27
416285.0,4568585.0,2025-03-27
416295.0,4568585.0,2025-03-27
416305.0,4568585.0,2025-03-27
416315.0,4568585.0,2025-03-27
416325.0,4568585.0,2025-03-27
416335.0,4568585.0,2025-03-27
416345.0,4568585.0,2025-03-27
416355.0,4568585.0,2025-03-27
416365.0,4568585.0,2025-03-27
416375.0,4568585.0,2025-03-27
416385.0,4568585.0,2025-03-27
416395.0,4568585.0,2025-03-27
416405.0,4568585.0,2025-03-27
416415.0,4568585.0,2025-03-27
416425.0,4568585.0,2025-03-27
416435.0,4568585.0,2025-03-27
416445.0,4568585.0,2025-03-27
416455.0,4568585.0,2025-03-27
411745.0,4568575.0,2025-03-27
411755.0,4568575.0,2025-03-27
411765.0,4568575.0,2025-03-27
411775.0,4568575.0,2025-03-27
411785.0,4568575.0,2025-03-27
411795.0,4568575.0,2025-03-27
411805.0,4568575.0,2025-03-27
411815.0,4568575.0,2025-03-27
411825.0,4568575.0,2025-03-27
411835.0,4568575.0,2025-03-27
411845.0,4568575.0,2025-03-27
411855.0,4568575.0,2025-03-27
411865.0,4568575.0,2025-03-27
411875.0,4568575.0,2025-03-27
411885.0,4568575.0,2025-03-27
411895.0,4568575.0,2025-03-27
411905.0,4568575.0,2025-03-27
411915.0,4568575.0,2025-03-27
411925.0,4568575.0,2025-03-27
411935.0,4568575.0,2025-03-27
411945.0,4568575.0,2025-03-27
411955.0,4568575.0,2025-03-27
411965.0,4568575.0,2025-03-27
411975.0,4568575.0,2025-03-27
411985.0,4568575.0,2025-03-27
411995.0,4568575.0,2025-03-27
412005.0,4568575.0,2025-03-27
412015.0,4568575.0,2025-03-27
412025.0,4568575.0,2025-03-27
412035.0,4568575.0,2025-03-27
412045.0,4568575.0,2025-03-27
412055.0,4568575.0,2025-03-27
412065.0,4568575.0,2025-03-27
412075.0,4568575.0,2025-03-27
412085.0,4568575.0,2025-03-27
412095.0,4568575.0,2025-03-27
412105.0,4568575.0,2025-03-27
412115.0,4568575.0,2025-03-27
412125.0,4568575.0,2025-03-27
412135.0,4568575.0,2025-03-27
412145.0,4568575.0,2025-03-27
412155.0,4568575.0,2025-03-27
412165.0,4568575.0,2025-03-27
412175.0,4568575.0,2025-03-27
412185.0,4568575.0,2025-03-27
412195.0,4568575.0,2025-03-27
412205.0,4568575.0,2025-03-27
412215.0,4568575.0,2025-03-27
412225.0,4568575.0,2025-03-27
412235.0,4568575.0,2025-03-27
412245.0,4568575.0,2025-03-27
412255.0,4568575.0,2025-03-27
412265.0,4568575.0,2025-03-27
412275.0,4568575.0,2025-03-27
412285.0,4568575.0,2025-03-27
412295.0,4568575.0,2025-03-27
412305.0,4568575.0,2025-03-27
412315.0,4568575.0,2025-03-27
412325.0,4568575.0,2025-03-27
412335.0,4568575.0,2025-03-27
412345.0,4568575.0,2025-03-27
412355.0,4568575.0,2025-03-27
412365.0,4568575.0,2025-03-27
412375.0,4568575.0,2025-03-27
412385.0,4568575.0,2025-03-27
412395.0,4568575.0,2025-03-27
412405.0,4568575.0,2025-03-27
412415.0,4568575.0,2025-03-27
412425.0,4568575.0,2025-03-27
412435.0,4568575.0,2025-03-27
412445.0,4568575.0,2025-03-27
412455.0,4568575.0,2025-03-27
412465.0,4568575.0,2025-03-27
412475.0,4568575.0,2025-03-27
412485.0,4568575.0,2025-03-27
412495.0,4568575.0,2025-03-27
412505.0,4568575.0,2025-03-27
412515.0,4568575.0,2025-03-27
412525.0,4568575.0,2025-03-27
412535.0,4568575.0,2025-03-27
412545.0,4568575.0,2025-03-27
412555.0,4568575.0,2025-03-27
412565.0,4568575.0,2025-03-27
412575.0,4568575.0,2025-03-27
412585.0,4568575.0,2025-03-27
412595.0,4568575.0,2025-03-27
412605.0,4568575.0,2025-03-27
412615.0,4568575.0,2025-03-27
412625.0,4568575.0,2025-03-27
412635.0,4568575.0,2025-03-27
412645.0,4568575.0,2025-03-27
412655.0,4568575.0,2025-03-27
412665.0,4568575.0,2025-03-27
412675.0,4568575.0,2025-03-27
412685.0,4568575.0,2025-03-27
412695.0,4568575.0,2025-03-27
412705.0,4568575.0,2025-03-27
412715.0,4568575.0,2025-03-27
412725.0,4568575.0,2025-03-27
412735.0,4568575.0,2025-03-27
412745.0,4568575.0,2025-03-27
412755.0,4568575.0,2025-03-27
412765.0,4568575.0,2025-03-27
412775.0,4568575.0,2025-03-27
412785.0,4568575.0,2025-03-27
412795.0,4568575.0,2025-03-27
412805.0,4568575.0,2025-03-27
412815.0,4568575.0,2025-03-27
412825.0,4568575.0,2025-03-27
412835.0,4568575.0,2025-03-27
412845.0,4568575.0,2025-03-27
412855.0,4568575.0,2025-03-27
412865.0,4568575.0,2025-03-27
412875.0,4568575.0,2025-03-27
412885.0,4568575.0,2025-03-27
412895.0,4568575.0,2025-03-27
412905.0,4568575.0,2025-03-27
412915.0,4568575.0,2025-03-27
412925.0,4568575.0,2025-03-27
412935.0,4568575.0,2025-03-27
412945.0,4568575.0,2025-03-27
412955.0,4568575.0,2025-03-27
412965.0,4568575.0,2025-03-27
412975.0,4568575.0,2025-03-27
412985.0,4568575.0,2025-03-27
412995.0,4568575.0,2025-03-27
413005.0,4568575.0,2025-03-27
413015.0,4568575.0,2025-03-27
413025.0,4568575.0,2025-03-27
413035.0,4568575.0,2025-03-27
413045.0,4568575.0,2025-03-27
413055.0,4568575.0,2025-03-27
413065.0,4568575.0,2025-03-27
413075.0,4568575.0,2025-03-27
413085.0,4568575.0,2025-03-27
413095.0,4568575.0,2025-03-27
413105.0,4568575.0,2025-03-27
413115.0,4568575.0,2025-03-27
413125.0,4568575.0,2025-03-27
413135.0,4568575.0,2025-03-27
413145.0,4568575.0,2025-03-27
413165.0,4568575.0,2025-03-27
413175.0,4568575.0,2025-03-27
413185.0,4568575.0,2025-03-27
413195.0,4568575.0,2025-03-27
413205.0,4568575.0,2025-03-27
413215.0,4568575.0,2025-03-27
413225.0,4568575.0,2025-03-27
413235.0,4568575.0,2025-03-27
413245.0,4568575.0,2025-03-27
413255.0,4568575.0,2025-03-27
413265.0,4568575.0,2025-03-27
413275.0,4568575.0,2025-03-27
413285.0,4568575.0,2025-03-27
413295.0,4568575.0,2025-03-27
413305.0,4568575.0,2025-03-27
413315.0,4568575.0,2025-03-27
413325.0,4568575.0,2025-03-27
413335.0,4568575.0,2025-03-27
413345.0,4568575.0,2025-03-27
413355.0,4568575.0,2025-03-27
413365.0,4568575.0,2025-03-27
413375.0,4568575.0,2025-03-27
413385.0,4568575.0,2025-03-27
413395.0,4568575.0,2025-03-27
413405.0,4568575.0,2025-03-27
413415.0,4568575.0,2025-03-27
413425.0,4568575.0,2025-03-27
413435.0,4568575.0,2025-03-27
413445.0,4568575.0,2025-03-27
413455.0,4568575.0,2025-03-27
413465.0,4568575.0,2025-03-27
413475.0,4568575.0,2025-03-27
413485.0,4568575.0,2025-03-27
413495.0,4568575.0,2025-03-27
413505.0,4568575.0,2025-03-27
413515.0,4568575.0,2025-03-27
413525.0,4568575.0,2025-03-27
413535.0,4568575.0,2025-03-27
413545.0,4568575.0,2025-03-27
413555.0,4568575.0,2025-03-27
413565.0,4568575.0,2025-03-27
413575.0,4568575.0,2025-03-27
413585.0,4568575.0,2025-03-27
413595.0,4568575.0,2025-03-27
413605.0,4568575.0,2025-03-27
413615.0,4568575.0,2025-03-27
413625.0,4568575.0,2025-03-27
413635.0,4568575.0,2025-03-27
413645.0,4568575.0,2025-03-27
413655.0,4568575.0,2025-03-27
413665.0,4568575.0,2025-03-27
413675.0,4568575.0,2025-03-27
413685.0,4568575.0,2025-03-27
413695.0,4568575.0,2025-03-27
413705.0,4568575.0,2025-03-27
413715.0,4568575.0,2025-03-27
413725.0,4568575.0,2025-03-27
413735.0,4568575.0,2025-03-27
413745.0,4568575.0,2025-03-27
413755.0,4568575.0,2025-03-27
413765.0,4568575.0,2025-03-27
413775.0,4568575.0,2025-03-27
413785.0,4568575.0,2025-03-27
413795.0,4568575.0,2025-03-27
413805.0,4568575.0,2025-03-27
413815.0,4568575.0,2025-03-27
413825.0,4568575.0,2025-03-27
413835.0,4568575.0,2025-03-27
413845.0,4568575.0,2025-03-27
413855.0,4568575.0,2025-03-27
413865.0,4568575.0,2025-03-27
413875.0,4568575.0,2025-03-27
413885.0,4568575.0,2025-03-27
413895.0,4568575.0,2025-03-27
413905.0,4568575.0,2025-03-27
413915.0,4568575.0,2025-03-27
413925.0,4568575.0,2025-03-27
413935.0,4568575.0,2025-03-27
413945.0,4568575.0,2025-03-27
413955.0,4568575.0,2025-03-27
413965.0,4568575.0,2025-03-27
413975.0,4568575.0,2025-03-27
413985.0,4568575.0,2025-03-27
413995.0,4568575.0,2025-03-27
414005.0,4568575.0,2025-03-27
414015.0,4568575.0,2025-03-27
414025.0,4568575.0,2025-03-27
414035.0,4568575.0,2025-03-27
414045.0,4568575.0,2025-03-27
414055.0,4568575.0,2025-03-27
414065.0,4568575.0,2025-03-27
414075.0,4568575.0,2025-03-27
414085.0,4568575.0,2025-03-27
414095.0,4568575.0,2025-03-27
414105.0,4568575.0,2025-03-27
414115.0,4568575.0,2025-03-27
414125.0,4568575.0,2025-03-27
414135.0,4568575.0,2025-03-27
414145.0,4568575.0,2025-03-27
414155.0,4568575.0,2025-03-27
414165.0,4568575.0,2025-03-27
414175.0,4568575.0,2025-03-27
414185.0,4568575.0,2025-03-27
414195.0,4568575.0,2025-03-27
414205.0,4568575.0,2025-03-27
414215.0,4568575.0,2025-03-27
414225.0,4568575.0,2025-03-27
414235.0,4568575.0,2025-03-27
414245.0,4568575.0,2025-03-27
414255.0,4568575.0,2025-03-27
414265.0,4568575.0,2025-03-27
414275.0,4568575.0,2025-03-27
414285.0,4568575.0,2025-03-27
414295.0,4568575.0,2025-03-27
414305.0,4568575.0,2025-03-27
414315.0,4568575.0,2025-03-27
414325.0,4568575.0,2025-03-27
414335.0,4568575.0,2025-03-27
414345.0,4568575.0,2025-03-27
414355.0,4568575.0,2025-03-27
414365.0,4568575.0,2025-03-27
414375.0,4568575.0,2025-03-27
414385.0,4568575.0,2025-03-27
414395.0,4568575.0,2025-03-27
414405.0,4568575.0,2025-03-27
414415.0,4568575.0,2025-03-27
414425.0,4568575.0,2025-03-27
414435.0,4568575.0,2025-03-27
414445.0,4568575.0,2025-03-27
414455.0,4568575.0,2025-03-27
414465.0,4568575.0,2025-03-27
414475.0,4568575.0,2025-03-27
414485.0,4568575.0,2025-03-27
414495.0,4568575.0,2025-03-27
414505.0,4568575.0,2025-03-27
414515.0,4568575.0,2025-03-27
414525.0,4568575.0,2025-03-27
414535.0,4568575.0,2025-03-27
414545.0,4568575.0,2025-03-27
414555.0,4568575.0,2025-03-27
414565.0,4568575.0,2025-03-27
414575.0,4568575.0,2025-03-27
414585.0,4568575.0,2025-03-27
414595.0,4568575.0,2025-03-27
414605.0,4568575.0,2025-03-27
414615.0,4568575.0,2025-03-27
414625.0,4568575.0,2025-03-27
414635.0,4568575.0,2025-03-27
414645.0,4568575.0,2025-03-27
414655.0,4568575.0,2025-03-27
414665.0,4568575.0,2025-03-27
414675.0,4568575.0,2025-03-27
414685.0,4568575.0,2025-03-27
414695.0,4568575.0,2025-03-27
414705.0,4568575.0,2025-03-27
414715.0,4568575.0,2025-03-27
414725.0,4568575.0,2025-03-27
414735.0,4568575.0,2025-03-27
414745.0,4568575.0,2025-03-27
414755.0,4568575.0,2025-03-27
414765.0,4568575.0,2025-03-27
414775.0,4568575.0,2025-03-27
414785.0,4568575.0,2025-03-27
414795.0,4568575.0,2025-03-27
414805.0,4568575.0,2025-03-27
414815.0,4568575.0,2025-03-27
414825.0,4568575.0,2025-03-27
414835.0,4568575.0,2025-03-27
414845.0,4568575.0,2025-03-27
414855.0,4568575.0,2025-03-27
414865.0,4568575.0,2025-03-27
414875.0,4568575.0,2025-03-27
414885.0,4568575.0,2025-03-27
414895.0,4568575.0,2025-03-27
414905.0,4568575.0,2025-03-27
414915.0,4568575.0,2025-03-27
414925.0,4568575.0,2025-03-27
414935.0,4568575.0,2025-03-27
414945.0,4568575.0,2025-03-27
414955.0,4568575.0,2025-03-27
414965.0,4568575.0,2025-03-27
414975.0,4568575.0,2025-03-27
414985.0,4568575.0,2025-03-27
414995.0,4568575.0,2025-03-27
415005.0,4568575.0,2025-03-27
415015.0,4568575.0,2025-03-27
415025.0,4568575.0,2025-03-27
415035.0,4568575.0,2025-03-27
415045.0,4568575.0,2025-03-27
415055.0,4568575.0,2025-03-27
415065.0,4568575.0,2025-03-27
415075.0,4568575.0,2025-03-27
415085.0,4568575.0,2025-03-27
415095.0,4568575.0,2025-03-27
415105.0,4568575.0,2025-03-27
415115.0,4568575.0,2025-03-27
415125.0,4568575.0,2025-03-27
415135.0,4568575.0,2025-03-27
415145.0,4568575.0,2025-03-27
415155.0,4568575.0,2025-03-27
415165.0,4568575.0,2025-03-27
415175.0,4568575.0,2025-03-27
415185.0,4568575.0,2025-03-27
415195.0,4568575.0,2025-03-27
415205.0,4568575.0,2025-03-27
415215.0,4568575.0,2025-03-27
415225.0,4568575.0,2025-03-27
415235.0,4568575.0,2025-03-27
415245.0,4568575.0,2025-03-27
415255.0,4568575.0,2025-03-27
415265.0,4568575.0,2025-03-27
415275.0,4568575.0,2025-03-27
415285.0,4568575.0,2025-03-27
415295.0,4568575.0,2025-03-27
415305.0,4568575.0,2025-03-27
415315.0,4568575.0,2025-03-27
415325.0,4568575.0,2025-03-27
415335.0,4568575.0,2025-03-27
415345.0,4568575.0,2025-03-27
415355.0,4568575.0,2025-03-27
415365.0,4568575.0,2025-03-27
415375.0,4568575.0,2025-03-27
415385.0,4568575.0,2025-03-27
415395.0,4568575.0,2025-03-27
415405.0,4568575.0,2025-03-27
415415.0,4568575.0,2025-03-27
415425.0,4568575.0,2025-03-27
415435.0,4568575.0,2025-03-27
415445.0,4568575.0,2025-03-27
415455.0,4568575.0,2025-03-27
415465.0,4568575.0,2025-03-27
415475.0,4568575.0,2025-03-27
415485.0,4568575.0,2025-03-27
415495.0,4568575.0,2025-03-27
415505.0,4568575.0,2025-03-27
415515.0,4568575.0,2025-03-27
415525.0,4568575.0,2025-03-27
415535.0,4568575.0,2025-03-27
415545.0,4568575.0,2025-03-27
415555.0,4568575.0,2025-03-27
415565.0,4568575.0,2025-03-27
415575.0,4568575.0,2025-03-27
415585.0,4568575.0,2025-03-27
415595.0,4568575.0,2025-03-27
415605.0,4568575.0,2025-03-27
415615.0,4568575.0,2025-03-27
415625.0,4568575.0,2025-03-27
415635.0,4568575.0,2025-03-27
415645.0,4568575.0,2025-03-27
415655.0,4568575.0,2025-03-27
415665.0,4568575.0,2025-03-27
415675.0,4568575.0,2025-03-27
415685.0,4568575.0,2025-03-27
415695.0,4568575.0,2025-03-27
415705.0,4568575.0,2025-03-27
415715.0,4568575.0,2025-03-27
415725.0,4568575.0,2025-03-27
415735.0,4568575.0,2025-03-27
415745.0,4568575.0,2025-03-27
415755.0,4568575.0,2025-03-27
415765.0,4568575.0,2025-03-27
415775.0,4568575.0,2025-03-27
415785.0,4568575.0,2025-03-27
415795.0,4568575.0,2025-03-27
415805.0,4568575.0,2025-03-27
415815.0,4568575.0,2025-03-27
415825.0,4568575.0,2025-03-27
415835.0,4568575.0,2025-03-27
415845.0,4568575.0,2025-03-27
415855.0,4568575.0,2025-03-27
415865.0,4568575.0,2025-03-27
415875.0,4568575.0,2025-03-27
415885.0,4568575.0,2025-03-27
415895.0,4568575.0,2025-03-27
415905.0,4568575.0,2025-03-27
415915.0,4568575.0,2025-03-27
415925.0,4568575.0,2025-03-27
415935.0,4568575.0,2025-03-27
415945.0,4568575.0,2025-03-27
415955.0,4568575.0,2025-03-27
415965.0,4568575.0,2025-03-27
415975.0,4568575.0,2025-03-27
415985.0,4568575.0,2025-03-27
415995.0,4568575.0,2025-03-27
416005.0,4568575.0,2025-03-27
416015.0,4568575.0,2025-03-27
416025.0,4568575.0,2025-03-27
416035.0,4568575.0,2025-03-27
416045.0,4568575.0,2025-03-27
416055.0,4568575.0,2025-03-27
416065.0,4568575.0,2025-03-27
416075.0,4568575.0,2025-03-27
416085.0,4568575.0,2025-03-27
416095.0,4568575.0,2025-03-27
416105.0,4568575.0,2025-03-27
416115.0,4568575.0,2025-03-27
416125.0,4568575.0,2025-03-27
416135.0,4568575.0,2025-03-27
416145.0,4568575.0,2025-03-27
416155.0,4568575.0,2025-03-27
416165.0,4568575.0,2025-03-27
416175.0,4568575.0,2025-03-27
416185.0,4568575.0,2025-03-27
416195.0,4568575.0,2025-03-27
416205.0,4568575.0,2025-03-27
416215.0,4568575.0,2025-03-27
416225.0,4568575.0,2025-03-27
416235.0,4568575.0,2025-03-27
416245.0,4568575.0,2025-03-27
416255.0,4568575.0,2025-03-27
416265.0,4568575.0,2025-03-27
416275.0,4568575.0,2025-03-27
416285.0,4568575.0,2025-03-27
416295.0,4568575.0,2025-03-27
416305.0,4568575.0,2025-03-27
416315.0,4568575.0,2025-03-27
416325.0,4568575.0,2025-03-27
416335.0,4568575.0,2025-03-27
416345.0,4568575.0,2025-03-27
416355.0,4568575.0,2025-03-27
416365.0,4568575.0,2025-03-27
416375.0,4568575.0,2025-03-27
416385.0,4568575.0,2025-03-27
416395.0,4568575.0,2025-03-27
416405.0,4568575.0,2025-03-27
416415.0,4568575.0,2025-03-27
416425.0,4568575.0,2025-03-27
416435.0,4568575.0,2025-03-27
416445.0,4568575.0,2025-03-27
416455.0,4568575.0,2025-03-27
411745.0,4568565.0,2025-03-27
411755.0,4568565.0,2025-03-27
411765.0,4568565.0,2025-03-27
411775.0,4568565.0,2025-03-27
411785.0,4568565.0,2025-03-27
411795.0,4568565.0,2025-03-27
411805.0,4568565.0,2025-03-27
411815.0,4568565.0,2025-03-27
411825.0,4568565.0,2025-03-27
411835.0,4568565.0,2025-03-27
411845.0,4568565.0,2025-03-27
411855.0,4568565.0,2025-03-27
411865.0,4568565.0,2025-03-27
411875.0,4568565.0,2025-03-27
411885.0,4568565.0,2025-03-27
411895.0,4568565.0,2025-03-27
411905.0,4568565.0,2025-03-27
411915.0,4568565.0,2025-03-27
411925.0,4568565.0,2025-03-27
411935.0,4568565.0,2025-03-27
411945.0,4568565.0,2025-03-27
411955.0,4568565.0,2025-03-27
411965.0,4568565.0,2025-03-27
411975.0,4568565.0,2025-03-27
411985.0,4568565.0,2025-03-27
411995.0,4568565.0,2025-03-27
412005.0,4568565.0,2025-03-27
412015.0,4568565.0,2025-03-27
412025.0,4568565.0,2025-03-27
412035.0,4568565.0,2025-03-27
412045.0,4568565.0,2025-03-27
412055.0,4568565.0,2025-03-27
412065.0,4568565.0,2025-03-27
412075.0,4568565.0,2025-03-27
412085.0,4568565.0,2025-03-27
412095.0,4568565.0,2025-03-27
412105.0,4568565.0,2025-03-27
412115.0,4568565.0,2025-03-27
412125.0,4568565.0,2025-03-27
412135.0,4568565.0,2025-03-27
412145.0,4568565.0,2025-03-27
412155.0,4568565.0,2025-03-27
412165.0,4568565.0,2025-03-27
412175.0,4568565.0,2025-03-27
412185.0,4568565.0,2025-03-27
412195.0,4568565.0,2025-03-27
412205.0,4568565.0,2025-03-27
412215.0,4568565.0,2025-03-27
412225.0,4568565.0,2025-03-27
412235.0,4568565.0,2025-03-27
412245.0,4568565.0,2025-03-27
412255.0,4568565.0,2025-03-27
412265.0,4568565.0,2025-03-27
412275.0,4568565.0,2025-03-27
412285.0,4568565.0,2025-03-27
412295.0,4568565.0,2025-03-27
412305.0,4568565.0,2025-03-27
412315.0,4568565.0,2025-03-27
412325.0,4568565.0,2025-03-27
412335.0,4568565.0,2025-03-27
412345.0,4568565.0,2025-03-27
412355.0,4568565.0,2025-03-27
412365.0,4568565.0,2025-03-27
412375.0,4568565.0,2025-03-27
412385.0,4568565.0,2025-03-27
412395.0,4568565.0,2025-03-27
412405.0,4568565.0,2025-03-27
412415.0,4568565.0,2025-03-27
412425.0,4568565.0,2025-03-27
412435.0,4568565.0,2025-03-27
412445.0,4568565.0,2025-03-27
412455.0,4568565.0,2025-03-27
412465.0,4568565.0,2025-03-27
412475.0,4568565.0,2025-03-27
412485.0,4568565.0,2025-03-27
412495.0,4568565.0,2025-03-27
412505.0,4568565.0,2025-03-27
412515.0,4568565.0,2025-03-27
412525.0,4568565.0,2025-03-27
412535.0,4568565.0,2025-03-27
412545.0,4568565.0,2025-03-27
412555.0,4568565.0,2025-03-27
412565.0,4568565.0,2025-03-27
412575.0,4568565.0,2025-03-27
412585.0,4568565.0,2025-03-27
412595.0,4568565.0,2025-03-27
412605.0,4568565.0,2025-03-27
412615.0,4568565.0,2025-03-27
412625.0,4568565.0,2025-03-27
412635.0,4568565.0,2025-03-27
412645.0,4568565.0,2025-03-27
412655.0,4568565.0,2025-03-27
412665.0,4568565.0,2025-03-27
412675.0,4568565.0,2025-03-27
412685.0,4568565.0,2025-03-27
412695.0,4568565.0,2025-03-27
412705.0,4568565.0,2025-03-27
412715.0,4568565.0,2025-03-27
412725.0,4568565.0,2025-03-27
412735.0,4568565.0,2025-03-27
412745.0,4568565.0,2025-03-27
412755.0,4568565.0,2025-03-27
412765.0,4568565.0,2025-03-27
412775.0,4568565.0,2025-03-27
412785.0,4568565.0,2025-03-27
412795.0,4568565.0,2025-03-27
412805.0,4568565.0,2025-03-27
412815.0,4568565.0,2025-03-27
412825.0,4568565.0,2025-03-27
412835.0,4568565.0,2025-03-27
412845.0,4568565.0,2025-03-27
412855.0,4568565.0,2025-03-27
412865.0,4568565.0,2025-03-27
412875.0,4568565.0,2025-03-27
412885.0,4568565.0,2025-03-27
412895.0,4568565.0,2025-03-27
412905.0,4568565.0,2025-03-27
412915.0,4568565.0,2025-03-27
412925.0,4568565.0,2025-03-27
412935.0,4568565.0,2025-03-27
412945.0,4568565.0,2025-03-27
412955.0,4568565.0,2025-03-27
412965.0,4568565.0,2025-03-27
412975.0,4568565.0,2025-03-27
412985.0,4568565.0,2025-03-27
412995.0,4568565.0,2025-03-27
413005.0,4568565.0,2025-03-27
413015.0,4568565.0,2025-03-27
413025.0,4568565.0,2025-03-27
413035.0,4568565.0,2025-03-27
413045.0,4568565.0,2025-03-27
413055.0,4568565.0,2025-03-27
413065.0,4568565.0,2025-03-27
413075.0,4568565.0,2025-03-27
413085.0,4568565.0,2025-03-27
413095.0,4568565.0,2025-03-27
413105.0,4568565.0,2025-03-27
413115.0,4568565.0,2025-03-27
413125.0,4568565.0,2025-03-27
413135.0,4568565.0,2025-03-27
413145.0,4568565.0,2025-03-27
413155.0,4568565.0,2025-03-27
413165.0,4568565.0,2025-03-27
413175.0,4568565.0,2025-03-27
413185.0,4568565.0,2025-03-27
413195.0,4568565.0,2025-03-27
413205.0,4568565.0,2025-03-27
413215.0,4568565.0,2025-03-27
413225.0,4568565.0,2025-03-27
413235.0,4568565.0,2025-03-27
413245.0,4568565.0,2025-03-27
413255.0,4568565.0,2025-03-27
413265.0,4568565.0,2025-03-27
413275.0,4568565.0,2025-03-27
413285.0,4568565.0,2025-03-27
413295.0,4568565.0,2025-03-27
413305.0,4568565.0,2025-03-27
413315.0,4568565.0,2025-03-27
413325.0,4568565.0,2025-03-27
413335.0,4568565.0,2025-03-27
413345.0,4568565.0,2025-03-27
413355.0,4568565.0,2025-03-27
413365.0,4568565.0,2025-03-27
413375.0,4568565.0,2025-03-27
413385.0,4568565.0,2025-03-27
413395.0,4568565.0,2025-03-27
413405.0,4568565.0,2025-03-27
413415.0,4568565.0,2025-03-27
413425.0,4568565.0,2025-03-27
413435.0,4568565.0,2025-03-27
413445.0,4568565.0,2025-03-27
413455.0,4568565.0,2025-03-27
413465.0,4568565.0,2025-03-27
413475.0,4568565.0,2025-03-27
413485.0,4568565.0,2025-03-27
413495.0,4568565.0,2025-03-27
413505.0,4568565.0,2025-03-27
413515.0,4568565.0,2025-03-27
413525.0,4568565.0,2025-03-27
413535.0,4568565.0,2025-03-27
413545.0,4568565.0,2025-03-27
413555.0,4568565.0,2025-03-27
413565.0,4568565.0,2025-03-27
413575.0,4568565.0,2025-03-27
413585.0,4568565.0,2025-03-27
413595.0,4568565.0,2025-03-27
413605.0,4568565.0,2025-03-27
413615.0,4568565.0,2025-03-27
413625.0,4568565.0,2025-03-27
413635.0,4568565.0,2025-03-27
413645.0,4568565.0,2025-03-27
413655.0,4568565.0,2025-03-27
413665.0,4568565.0,2025-03-27
413675.0,4568565.0,2025-03-27
413685.0,4568565.0,2025-03-27
413695.0,4568565.0,2025-03-27
413705.0,4568565.0,2025-03-27
413715.0,4568565.0,2025-03-27
413725.0,4568565.0,2025-03-27
413735.0,4568565.0,2025-03-27
413745.0,4568565.0,2025-03-27
413755.0,4568565.0,2025-03-27
413765.0,4568565.0,2025-03-27
413775.0,4568565.0,2025-03-27
413785.0,4568565.0,2025-03-27
413795.0,4568565.0,2025-03-27
413805.0,4568565.0,2025-03-27
413815.0,4568565.0,2025-03-27
413825.0,4568565.0,2025-03-27
413835.0,4568565.0,2025-03-27
413845.0,4568565.0,2025-03-27
413855.0,4568565.0,2025-03-27
413865.0,4568565.0,2025-03-27
413875.0,4568565.0,2025-03-27
413885.0,4568565.0,2025-03-27
413895.0,4568565.0,2025-03-27
413905.0,4568565.0,2025-03-27
413915.0,4568565.0,2025-03-27
413925.0,4568565.0,2025-03-27
413935.0,4568565.0,2025-03-27
413945.0,4568565.0,2025-03-27
413955.0,4568565.0,2025-03-27
413965.0,4568565.0,2025-03-27
413975.0,4568565.0,2025-03-27
413985.0,4568565.0,2025-03-27
413995.0,4568565.0,2025-03-27
414005.0,4568565.0,2025-03-27
414015.0,4568565.0,2025-03-27
414025.0,4568565.0,2025-03-27
414035.0,4568565.0,2025-03-27
414045.0,4568565.0,2025-03-27
414055.0,4568565.0,2025-03-27
414065.0,4568565.0,2025-03-27
414075.0,4568565.0,2025-03-27
414085.0,4568565.0,2025-03-27
414095.0,4568565.0,2025-03-27
414105.0,4568565.0,2025-03-27
414115.0,4568565.0,2025-03-27
414125.0,4568565.0,2025-03-27
414135.0,4568565.0,2025-03-27
414145.0,4568565.0,2025-03-27
414155.0,4568565.0,2025-03-27
414165.0,4568565.0,2025-03-27
414175.0,4568565.0,2025-03-27
414185.0,4568565.0,2025-03-27
414195.0,4568565.0,2025-03-27
414205.0,4568565.0,2025-03-27
414215.0,4568565.0,2025-03-27
414225.0,4568565.0,2025-03-27
414235.0,4568565.0,2025-03-27
414245.0,4568565.0,2025-03-27
414255.0,4568565.0,2025-03-27
414265.0,4568565.0,2025-03-27
414275.0,4568565.0,2025-03-27
414285.0,4568565.0,2025-03-27
414295.0,4568565.0,2025-03-27
414305.0,4568565.0,2025-03-27
414315.0,4568565.0,2025-03-27
414325.0,4568565.0,2025-03-27
414335.0,4568565.0,2025-03-27
414345.0,4568565.0,2025-03-27
414355.0,4568565.0,2025-03-27
414365.0,4568565.0,2025-03-27
414375.0,4568565.0,2025-03-27
414385.0,4568565.0,2025-03-27
414395.0,4568565.0,2025-03-27
414405.0,4568565.0,2025-03-27
414415.0,4568565.0,2025-03-27
414425.0,4568565.0,2025-03-27
414435.0,4568565.0,2025-03-27
414445.0,4568565.0,2025-03-27
414455.0,4568565.0,2025-03-27
414465.0,4568565.0,2025-03-27
414475.0,4568565.0,2025-03-27
414485.0,4568565.0,2025-03-27
414495.0,4568565.0,2025-03-27
414505.0,4568565.0,2025-03-27
414515.0,4568565.0,2025-03-27
414525.0,4568565.0,2025-03-27
414535.0,4568565.0,2025-03-27
414545.0,4568565.0,2025-03-27
414555.0,4568565.0,2025-03-27
414565.0,4568565.0,2025-03-27
414575.0,4568565.0,2025-03-27
414585.0,4568565.0,2025-03-27
414595.0,4568565.0,2025-03-27
414605.0,4568565.0,2025-03-27
414615.0,4568565.0,2025-03-27
414625.0,4568565.0,2025-03-27
414635.0,4568565.0,2025-03-27
414645.0,4568565.0,2025-03-27
414655.0,4568565.0,2025-03-27
414665.0,4568565.0,2025-03-27
414675.0,4568565.0,2025-03-27
414685.0,4568565.0,2025-03-27
414695.0,4568565.0,2025-03-27
414705.0,4568565.0,2025-03-27
414715.0,4568565.0,2025-03-27
414725.0,4568565.0,2025-03-27
414735.0,4568565.0,2025-03-27
414745.0,4568565.0,2025-03-27
414755.0,4568565.0,2025-03-27
414765.0,4568565.0,2025-03-27
414775.0,4568565.0,2025-03-27
414785.0,4568565.0,2025-03-27
414795.0,4568565.0,2025-03-27
414805.0,4568565.0,2025-03-27
414815.0,4568565.0,2025-03-27
414825.0,4568565.0,2025-03-27
414835.0,4568565.0,2025-03-27
414845.0,4568565.0,2025-03-27
414855.0,4568565.0,2025-03-27
414865.0,4568565.0,2025-03-27
414875.0,4568565.0,2025-03-27
414885.0,4568565.0,2025-03-27
414895.0,4568565.0,2025-03-27
414905.0,4568565.0,2025-03-27
414915.0,4568565.0,2025-03-27
414925.0,4568565.0,2025-03-27
414935.0,4568565.0,2025-03-27
414945.0,4568565.0,2025-03-27
414955.0,4568565.0,2025-03-27
414965.0,4568565.0,2025-03-27
414975.0,4568565.0,2025-03-27
414985.0,4568565.0,2025-03-27
414995.0,4568565.0,2025-03-27
415005.0,4568565.0,2025-03-27
415015.0,4568565.0,2025-03-27
415025.0,4568565.0,2025-03-27
415035.0,4568565.0,2025-03-27
415045.0,4568565.0,2025-03-27
415055.0,4568565.0,2025-03-27
415065.0,4568565.0,2025-03-27
415075.0,4568565.0,2025-03-27
415085.0,4568565.0,2025-03-27
415095.0,4568565.0,2025-03-27
415105.0,4568565.0,2025-03-27
415115.0,4568565.0,2025-03-27
415125.0,4568565.0,2025-03-27
415135.0,4568565.0,2025-03-27
415145.0,4568565.0,2025-03-27
415155.0,4568565.0,2025-03-27
415165.0,4568565.0,2025-03-27
415175.0,4568565.0,2025-03-27
415185.0,4568565.0,2025-03-27
415195.0,4568565.0,2025-03-27
415205.0,4568565.0,2025-03-27
415215.0,4568565.0,2025-03-27
415225.0,4568565.0,2025-03-27
415235.0,4568565.0,2025-03-27
415245.0,4568565.0,2025-03-27
415255.0,4568565.0,2025-03-27
415265.0,4568565.0,2025-03-27
415275.0,4568565.0,2025-03-27
415285.0,4568565.0,2025-03-27
415295.0,4568565.0,2025-03-27
415305.0,4568565.0,2025-03-27
415315.0,4568565.0,2025-03-27
415325.0,4568565.0,2025-03-27
415335.0,4568565.0,2025-03-27
415345.0,4568565.0,2025-03-27
415355.0,4568565.0,2025-03-27
415365.0,4568565.0,2025-03-27
415375.0,4568565.0,2025-03-27
415385.0,4568565.0,2025-03-27
415395.0,4568565.0,2025-03-27
415405.0,4568565.0,2025-03-27
415415.0,4568565.0,2025-03-27
415425.0,4568565.0,2025-03-27
415435.0,4568565.0,2025-03-27
415445.0,4568565.0,2025-03-27
415455.0,4568565.0,2025-03-27
415465.0,4568565.0,2025-03-27
415475.0,4568565.0,2025-03-27
415485.0,4568565.0,2025-03-27
415495.0,4568565.0,2025-03-27
415505.0,4568565.0,2025-03-27
415515.0,4568565.0,2025-03-27
415525.0,4568565.0,2025-03-27
415535.0,4568565.0,2025-03-27
415545.0,4568565.0,2025-03-27
415555.0,4568565.0,2025-03-27
415565.0,4568565.0,2025-03-27
415575.0,4568565.0,2025-03-27
415585.0,4568565.0,2025-03-27
415595.0,4568565.0,2025-03-27
415605.0,4568565.0,2025-03-27
415615.0,4568565.0,2025-03-27
415625.0,4568565.0,2025-03-27
415635.0,4568565.0,2025-03-27
415645.0,4568565.0,2025-03-27
415655.0,4568565.0,2025-03-27
415665.0,4568565.0,2025-03-27
415675.0,4568565.0,2025-03-27
415685.0,4568565.0,2025-03-27
415695.0,4568565.0,2025-03-27
415705.0,4568565.0,2025-03-27
415715.0,4568565.0,2025-03-27
415725.0,4568565.0,2025-03-27
415735.0,4568565.0,2025-03-27
415745.0,4568565.0,2025-03-27
415755.0,4568565.0,2025-03-27
415765.0,4568565.0,2025-03-27
415775.0,4568565.0,2025-03-27
415785.0,4568565.0,2025-03-27
415795.0,4568565.0,2025-03-27
415805.0,4568565.0,2025-03-27
415815.0,4568565.0,2025-03-27
415825.0,4568565.0,2025-03-27
415835.0,4568565.0,2025-03-27
415845.0,4568565.0,2025-03-27
415855.0,4568565.0,2025-03-27
415865.0,4568565.0,2025-03-27
415875.0,4568565.0,2025-03-27
415885.0,4568565.0,2025-03-27
415895.0,4568565.0,2025-03-27
415905.0,4568565.0,2025-03-27
415915.0,4568565.0,2025-03-27
415925.0,4568565.0,2025-03-27
415935.0,4568565.0,2025-03-27
415945.0,4568565.0,2025-03-27
415955.0,4568565.0,2025-03-27
415965.0,4568565.0,2025-03-27
415975.0,4568565.0,2025-03-27
415985.0,4568565.0,2025-03-27
415995.0,4568565.0,2025-03-27
416005.0,4568565.0,2025-03-27
416015.0,4568565.0,2025-03-27
416025.0,4568565.0,2025-03-27
416035.0,4568565.0,2025-03-27
416045.0,4568565.0,2025-03-27
416055.0,4568565.0,2025-03-27
416065.0,4568565.0,2025-03-27
416075.0,4568565.0,2025-03-27
416085.0,4568565.0,2025-03-27
416095.0,4568565.0,2025-03-27
416105.0,4568565.0,2025-03-27
416115.0,4568565.0,2025-03-27
416125.0,4568565.0,2025-03-27
416135.0,4568565.0,2025-03-27
416145.0,4568565.0,2025-03-27
416155.0,4568565.0,2025-03-27
416165.0,4568565.0,2025-03-27
416175.0,4568565.0,2025-03-27
416185.0,4568565.0,2025-03-27
416195.0,4568565.0,2025-03-27
416205.0,4568565.0,2025-03-27
416215.0,4568565.0,2025-03-27
416225.0,4568565.0,2025-03-27
416235.0,4568565.0,2025-03-27
416245.0,4568565.0,2025-03-27
416255.0,4568565.0,2025-03-27
416265.0,4568565.0,2025-03-27
416275.0,4568565.0,2025-03-27
416285.0,4568565.0,2025-03-27
416295.0,4568565.0,2025-03-27
416305.0,4568565.0,2025-03-27
416315.0,4568565.0,2025-03-27
416325.0,4568565.0,2025-03-27
416335.0,4568565.0,2025-03-27
416345.0,4568565.0,2025-03-27
416355.0,4568565.0,2025-03-27
416365.0,4568565.0,2025-03-27
416375.0,4568565.0,2025-03-27
416385.0,4568565.0,2025-03-27
416395.0,4568565.0,2025-03-27
416405.0,4568565.0,2025-03-27
416415.0,4568565.0,2025-03-27
416425.0,4568565.0,2025-03-27
416435.0,4568565.0,2025-03-27
416445.0,4568565.0,2025-03-27
416455.0,4568565.0,2025-03-27
411745.0,4568555.0,2025-03-27
411755.0,4568555.0,2025-03-27
411765.0,4568555.0,2025-03-27
411775.0,4568555.0,2025-03-27
411785.0,4568555.0,2025-03-27
411795.0,4568555.0,2025-03-27
411805.0,4568555.0,2025-03-27
411815.0,4568555.0,2025-03-27
411825.0,4568555.0,2025-03-27
411835.0,4568555.0,2025-03-27
411845.0,4568555.0,2025-03-27
411855.0,4568555.0,2025-03-27
411865.0,4568555.0,2025-03-27
411875.0,4568555.0,2025-03-27
411885.0,4568555.0,2025-03-27
411895.0,4568555.0,2025-03-27
411905.0,4568555.0,2025-03-27
411915.0,4568555.0,2025-03-27
411925.0,4568555.0,2025-03-27
411935.0,4568555.0,2025-03-27
411945.0,4568555.0,2025-03-27
411955.0,4568555.0,2025-03-27
411965.0,4568555.0,2025-03-27
411975.0,4568555.0,2025-03-27
411985.0,4568555.0,2025-03-27
411995.0,4568555.0,2025-03-27
412005.0,4568555.0,2025-03-27
412015.0,4568555.0,2025-03-27
412025.0,4568555.0,2025-03-27
412035.0,4568555.0,2025-03-27
412045.0,4568555.0,2025-03-27
412055.0,4568555.0,2025-03-27
412065.0,4568555.0,2025-03-27
412075.0,4568555.0,2025-03-27
412085.0,4568555.0,2025-03-27
412095.0,4568555.0,2025-03-27
412105.0,4568555.0,2025-03-27
412115.0,4568555.0,2025-03-27
412125.0,4568555.0,2025-03-27
412135.0,4568555.0,2025-03-27
412145.0,4568555.0,2025-03-27
412155.0,4568555.0,2025-03-27
412165.0,4568555.0,2025-03-27
412175.0,4568555.0,2025-03-27
412185.0,4568555.0,2025-03-27
412195.0,4568555.0,2025-03-27
412205.0,4568555.0,2025-03-27
412215.0,4568555.0,2025-03-27
412225.0,4568555.0,2025-03-27
412235.0,4568555.0,2025-03-27
412245.0,4568555.0,2025-03-27
412255.0,4568555.0,2025-03-27
412265.0,4568555.0,2025-03-27
412275.0,4568555.0,2025-03-27
412285.0,4568555.0,2025-03-27
412295.0,4568555.0,2025-03-27
412305.0,4568555.0,2025-03-27
412315.0,4568555.0,2025-03-27
412325.0,4568555.0,2025-03-27
412335.0,4568555.0,2025-03-27
412345.0,4568555.0,2025-03-27
412355.0,4568555.0,2025-03-27
412365.0,4568555.0,2025-03-27
412375.0,4568555.0,2025-03-27
412385.0,4568555.0,2025-03-27
412395.0,4568555.0,2025-03-27
412405.0,4568555.0,2025-03-27
412415.0,4568555.0,2025-03-27
412425.0,4568555.0,2025-03-27
412435.0,4568555.0,2025-03-27
412445.0,4568555.0,2025-03-27
412455.0,4568555.0,2025-03-27
412465.0,4568555.0,2025-03-27
412475.0,4568555.0,2025-03-27
412485.0,4568555.0,2025-03-27
412495.0,4568555.0,2025-03-27
412505.0,4568555.0,2025-03-27
412515.0,4568555.0,2025-03-27
412525.0,4568555.0,2025-03-27
412535.0,4568555.0,2025-03-27
412545.0,4568555.0,2025-03-27
412555.0,4568555.0,2025-03-27
412565.0,4568555.0,2025-03-27
412575.0,4568555.0,2025-03-27
412585.0,4568555.0,2025-03-27
412595.0,4568555.0,2025-03-27
412605.0,4568555.0,2025-03-27
412615.0,4568555.0,2025-03-27
412625.0,4568555.0,2025-03-27
412635.0,4568555.0,2025-03-27
412645.0,4568555.0,2025-03-27
412655.0,4568555.0,2025-03-27
412665.0,4568555.0,2025-03-27
412675.0,4568555.0,2025-03-27
412685.0,4568555.0,2025-03-27
412695.0,4568555.0,2025-03-27
412705.0,4568555.0,2025-03-27
412715.0,4568555.0,2025-03-27
412725.0,4568555.0,2025-03-27
412735.0,4568555.0,2025-03-27
412745.0,4568555.0,2025-03-27
412755.0,4568555.0,2025-03-27
412765.0,4568555.0,2025-03-27
412775.0,4568555.0,2025-03-27
412785.0,4568555.0,2025-03-27
412795.0,4568555.0,2025-03-27
412805.0,4568555.0,2025-03-27
412815.0,4568555.0,2025-03-27
412825.0,4568555.0,2025-03-27
412835.0,4568555.0,2025-03-27
412845.0,4568555.0,2025-03-27
412855.0,4568555.0,2025-03-27
412865.0,4568555.0,2025-03-27
412875.0,4568555.0,2025-03-27
412885.0,4568555.0,2025-03-27
412895.0,4568555.0,2025-03-27
412905.0,4568555.0,2025-03-27
412915.0,4568555.0,2025-03-27
412925.0,4568555.0,2025-03-27
412935.0,4568555.0,2025-03-27
412945.0,4568555.0,2025-03-27
412955.0,4568555.0,2025-03-27
412965.0,4568555.0,2025-03-27
412975.0,4568555.0,2025-03-27
412985.0,4568555.0,2025-03-27
412995.0,4568555.0,2025-03-27
413005.0,4568555.0,2025-03-27
413015.0,4568555.0,2025-03-27
413025.0,4568555.0,2025-03-27
413035.0,4568555.0,2025-03-27
413045.0,4568555.0,2025-03-27
413055.0,4568555.0,2025-03-27
413065.0,4568555.0,2025-03-27
413075.0,4568555.0,2025-03-27
413085.0,4568555.0,2025-03-27
413095.0,4568555.0,2025-03-27
413105.0,4568555.0,2025-03-27
413115.0,4568555.0,2025-03-27
413125.0,4568555.0,2025-03-27
413135.0,4568555.0,2025-03-27
413145.0,4568555.0,2025-03-27
413155.0,4568555.0,2025-03-27
413165.0,4568555.0,2025-03-27
413175.0,4568555.0,2025-03-27
413185.0,4568555.0,2025-03-27
413195.0,4568555.0,2025-03-27
413205.0,4568555.0,2025-03-27
413215.0,4568555.0,2025-03-27
413225.0,4568555.0,2025-03-27
413235.0,4568555.0,2025-03-27
413245.0,4568555.0,2025-03-27
413255.0,4568555.0,2025-03-27
413265.0,4568555.0,2025-03-27
413275.0,4568555.0,2025-03-27
413285.0,4568555.0,2025-03-27
413295.0,4568555.0,2025-03-27
413305.0,4568555.0,2025-03-27
413315.0,4568555.0,2025-03-27
413325.0,4568555.0,2025-03-27
413335.0,4568555.0,2025-03-27
413345.0,4568555.0,2025-03-27
413355.0,4568555.0,2025-03-27
413365.0,4568555.0,2025-03-27
413375.0,4568555.0,2025-03-27
413385.0,4568555.0,2025-03-27
413395.0,4568555.0,2025-03-27
413405.0,4568555.0,2025-03-27
413415.0,4568555.0,2025-03-27
413425.0,4568555.0,2025-03-27
413435.0,4568555.0,2025-03-27
413445.0,4568555.0,2025-03-27
413455.0,4568555.0,2025-03-27
413465.0,4568555.0,2025-03-27
413475.0,4568555.0,2025-03-27
413485.0,4568555.0,2025-03-27
413495.0,4568555.0,2025-03-27
413505.0,4568555.0,2025-03-27
413515.0,4568555.0,2025-03-27
413525.0,4568555.0,2025-03-27
413535.0,4568555.0,2025-03-27
413545.0,4568555.0,2025-03-27
413555.0,4568555.0,2025-03-27
413565.0,4568555.0,2025-03-27
413575.0,4568555.0,2025-03-27
413585.0,4568555.0,2025-03-27
413595.0,4568555.0,2025-03-27
413605.0,4568555.0,2025-03-27
413615.0,4568555.0,2025-03-27
413625.0,4568555.0,2025-03-27
413635.0,4568555.0,2025-03-27
413645.0,4568555.0,2025-03-27
413655.0,4568555.0,2025-03-27
413665.0,4568555.0,2025-03-27
413675.0,4568555.0,2025-03-27
413685.0,4568555.0,2025-03-27
413695.0,4568555.0,2025-03-27
413705.0,4568555.0,2025-03-27
413715.0,4568555.0,2025-03-27
413725.0,4568555.0,2025-03-27
413735.0,4568555.0,2025-03-27
413745.0,4568555.0,2025-03-27
413755.0,4568555.0,2025-03-27
413765.0,4568555.0,2025-03-27
413775.0,4568555.0,2025-03-27
413785.0,4568555.0,2025-03-27
413795.0,4568555.0,2025-03-27
413805.0,4568555.0,2025-03-27
413815.0,4568555.0,2025-03-27
413825.0,4568555.0,2025-03-27
413835.0,4568555.0,2025-03-27
413845.0,4568555.0,2025-03-27
413855.0,4568555.0,2025-03-27
413865.0,4568555.0,2025-03-27
413875.0,4568555.0,2025-03-27
413885.0,4568555.0,2025-03-27
413895.0,4568555.0,2025-03-27
413905.0,4568555.0,2025-03-27
413915.0,4568555.0,2025-03-27
413925.0,4568555.0,2025-03-27
413935.0,4568555.0,2025-03-27
413945.0,4568555.0,2025-03-27
413955.0,4568555.0,2025-03-27
413965.0,4568555.0,2025-03-27
413975.0,4568555.0,2025-03-27
413985.0,4568555.0,2025-03-27
413995.0,4568555.0,2025-03-27
414005.0,4568555.0,2025-03-27
414015.0,4568555.0,2025-03-27
414025.0,4568555.0,2025-03-27
414035.0,4568555.0,2025-03-27
414045.0,4568555.0,2025-03-27
414055.0,4568555.0,2025-03-27
414065.0,4568555.0,2025-03-27
414075.0,4568555.0,2025-03-27
414085.0,4568555.0,2025-03-27
414095.0,4568555.0,2025-03-27
414105.0,4568555.0,2025-03-27
414115.0,4568555.0,2025-03-27
414125.0,4568555.0,2025-03-27
414135.0,4568555.0,2025-03-27
414145.0,4568555.0,2025-03-27
414155.0,4568555.0,2025-03-27
414165.0,4568555.0,2025-03-27
414175.0,4568555.0,2025-03-27
414185.0,4568555.0,2025-03-27
414195.0,4568555.0,2025-03-27
414205.0,4568555.0,2025-03-27
414215.0,4568555.0,2025-03-27
414225.0,4568555.0,2025-03-27
414235.0,4568555.0,2025-03-27
414245.0,4568555.0,2025-03-27
414255.0,4568555.0,2025-03-27
414265.0,4568555.0,2025-03-27
414275.0,4568555.0,2025-03-27
414285.0,4568555.0,2025-03-27
414295.0,4568555.0,2025-03-27
414305.0,4568555.0,2025-03-27
414315.0,4568555.0,2025-03-27
414325.0,4568555.0,2025-03-27
414335.0,4568555.0,2025-03-27
414345.0,4568555.0,2025-03-27
414355.0,4568555.0,2025-03-27
414365.0,4568555.0,2025-03-27
414375.0,4568555.0,2025-03-27
414385.0,4568555.0,2025-03-27
414395.0,4568555.0,2025-03-27
414405.0,4568555.0,2025-03-27
414415.0,4568555.0,2025-03-27
414425.0,4568555.0,2025-03-27
414435.0,4568555.0,2025-03-27
414445.0,4568555.0,2025-03-27
414455.0,4568555.0,2025-03-27
414465.0,4568555.0,2025-03-27
414475.0,4568555.0,2025-03-27
414485.0,4568555.0,2025-03-27
414495.0,4568555.0,2025-03-27
414505.0,4568555.0,2025-03-27
414515.0,4568555.0,2025-03-27
414525.0,4568555.0,2025-03-27
414535.0,4568555.0,2025-03-27
414545.0,4568555.0,2025-03-27
414555.0,4568555.0,2025-03-27
414565.0,4568555.0,2025-03-27
414575.0,4568555.0,2025-03-27
414585.0,4568555.0,2025-03-27
414595.0,4568555.0,2025-03-27
414605.0,4568555.0,2025-03-27
414615.0,4568555.0,2025-03-27
414625.0,4568555.0,2025-03-27
414635.0,4568555.0,2025-03-27
414645.0,4568555.0,2025-03-27
414655.0,4568555.0,2025-03-27
414665.0,4568555.0,2025-03-27
414675.0,4568555.0,2025-03-27
414685.0,4568555.0,2025-03-27
414695.0,4568555.0,2025-03-27
414705.0,4568555.0,2025-03-27
414715.0,4568555.0,2025-03-27
414725.0,4568555.0,2025-03-27
414735.0,4568555.0,2025-03-27
414745.0,4568555.0,2025-03-27
414755.0,4568555.0,2025-03-27
414765.0,4568555.0,2025-03-27
414775.0,4568555.0,2025-03-27
414785.0,4568555.0,2025-03-27
414795.0,4568555.0,2025-03-27
414805.0,4568555.0,2025-03-27
414815.0,4568555.0,2025-03-27
414825.0,4568555.0,2025-03-27
414835.0,4568555.0,2025-03-27
414845.0,4568555.0,2025-03-27
414855.0,4568555.0,2025-03-27
414865.0,4568555.0,2025-03-27
414875.0,4568555.0,2025-03-27
414885.0,4568555.0,2025-03-27
414895.0,4568555.0,2025-03-27
414905.0,4568555.0,2025-03-27
414915.0,4568555.0,2025-03-27
414925.0,4568555.0,2025-03-27
414935.0,4568555.0,2025-03-27
414945.0,4568555.0,2025-03-27
414955.0,4568555.0,2025-03-27
414965.0,4568555.0,2025-03-27
414975.0,4568555.0,2025-03-27
414985.0,4568555.0,2025-03-27
414995.0,4568555.0,2025-03-27
415005.0,4568555.0,2025-03-27
415015.0,4568555.0,2025-03-27
415025.0,4568555.0,2025-03-27
415035.0,4568555.0,2025-03-27
415045.0,4568555.0,2025-03-27
415055.0,4568555.0,2025-03-27
415065.0,4568555.0,2025-03-27
415075.0,4568555.0,2025-03-27
415085.0,4568555.0,2025-03-27
415095.0,4568555.0,2025-03-27
415105.0,4568555.0,2025-03-27
415115.0,4568555.0,2025-03-27
415125.0,4568555.0,2025-03-27
415135.0,4568555.0,2025-03-27
415145.0,4568555.0,2025-03-27
415155.0,4568555.0,2025-03-27
415165.0,4568555.0,2025-03-27
415175.0,4568555.0,2025-03-27
415185.0,4568555.0,2025-03-27
415195.0,4568555.0,2025-03-27
415205.0,4568555.0,2025-03-27
415215.0,4568555.0,2025-03-27
415225.0,4568555.0,2025-03-27
415235.0,4568555.0,2025-03-27
415245.0,4568555.0,2025-03-27
415255.0,4568555.0,2025-03-27
415265.0,4568555.0,2025-03-27
415275.0,4568555.0,2025-03-27
415285.0,4568555.0,2025-03-27
415295.0,4568555.0,2025-03-27
415305.0,4568555.0,2025-03-27
415315.0,4568555.0,2025-03-27
415325.0,4568555.0,2025-03-27
415335.0,4568555.0,2025-03-27
415345.0,4568555.0,2025-03-27
415355.0,4568555.0,2025-03-27
415365.0,4568555.0,2025-03-27
415375.0,4568555.0,2025-03-27
415385.0,4568555.0,2025-03-27
415395.0,4568555.0,2025-03-27
415405.0,4568555.0,2025-03-27
415415.0,4568555.0,2025-03-27
415425.0,4568555.0,2025-03-27
415435.0,4568555.0,2025-03-27
415445.0,4568555.0,2025-03-27
415455.0,4568555.0,2025-03-27
415465.0,4568555.0,2025-03-27
415475.0,4568555.0,2025-03-27
415485.0,4568555.0,2025-03-27
415495.0,4568555.0,2025-03-27
415505.0,4568555.0,2025-03-27
415515.0,4568555.0,2025-03-27
415525.0,4568555.0,2025-03-27
415535.0,4568555.0,2025-03-27
415545.0,4568555.0,2025-03-27
415555.0,4568555.0,2025-03-27
415565.0,4568555.0,2025-03-27
415575.0,4568555.0,2025-03-27
415585.0,4568555.0,2025-03-27
415595.0,4568555.0,2025-03-27
415605.0,4568555.0,2025-03-27
415615.0,4568555.0,2025-03-27
415625.0,4568555.0,2025-03-27
415635.0,4568555.0,2025-03-27
415645.0,4568555.0,2025-03-27
415655.0,4568555.0,2025-03-27
415665.0,4568555.0,2025-03-27
415675.0,4568555.0,2025-03-27
415685.0,4568555.0,2025-03-27
415695.0,4568555.0,2025-03-27
415705.0,4568555.0,2025-03-27
415715.0,4568555.0,2025-03-27
415725.0,4568555.0,2025-03-27
415735.0,4568555.0,2025-03-27
415745.0,4568555.0,2025-03-27
415755.0,4568555.0,2025-03-27
415765.0,4568555.0,2025-03-27
415775.0,4568555.0,2025-03-27
415785.0,4568555.0,2025-03-27
415795.0,4568555.0,2025-03-27
415805.0,4568555.0,2025-03-27
415815.0,4568555.0,2025-03-27
415825.0,4568555.0,2025-03-27
415835.0,4568555.0,2025-03-27
415845.0,4568555.0,2025-03-27
415855.0,4568555.0,2025-03-27
415865.0,4568555.0,2025-03-27
415875.0,4568555.0,2025-03-27
415885.0,4568555.0,2025-03-27
415895.0,4568555.0,2025-03-27
415905.0,4568555.0,2025-03-27
415915.0,4568555.0,2025-03-27
415925.0,4568555.0,2025-03-27
415935.0,4568555.0,2025-03-27
415945.0,4568555.0,2025-03-27
415955.0,4568555.0,2025-03-27
415965.0,4568555.0,2025-03-27
415975.0,4568555.0,2025-03-27
415985.0,4568555.0,2025-03-27
415995.0,4568555.0,2025-03-27
416005.0,4568555.0,2025-03-27
416015.0,4568555.0,2025-03-27
416025.0,4568555.0,2025-03-27
416035.0,4568555.0,2025-03-27
416045.0,4568555.0,2025-03-27
416055.0,4568555.0,2025-03-27
416065.0,4568555.0,2025-03-27
416075.0,4568555.0,2025-03-27
416085.0,4568555.0,2025-03-27
416095.0,4568555.0,2025-03-27
416105.0,4568555.0,2025-03-27
416115.0,4568555.0,2025-03-27
416125.0,4568555.0,2025-03-27
416135.0,4568555.0,2025-03-27
416145.0,4568555.0,2025-03-27
416155.0,4568555.0,2025-03-27
416165.0,4568555.0,2025-03-27
416175.0,4568555.0,2025-03-27
416185.0,4568555.0,2025-03-27
416195.0,4568555.0,2025-03-27
416205.0,4568555.0,2025-03-27
416215.0,4568555.0,2025-03-27
416225.0,4568555.0,2025-03-27
416235.0,4568555.0,2025-03-27
416245.0,4568555.0,2025-03-27
416255.0,4568555.0,2025-03-27
416265.0,4568555.0,2025-03-27
416275.0,4568555.0,2025-03-27
416285.0,4568555.0,2025-03-27
416295.0,4568555.0,2025-03-27
416305.0,4568555.0,2025-03-27
416315.0,4568555.0,2025-03-27
416325.0,4568555.0,2025-03-27
416335.0,4568555.0,2025-03-27
416345.0,4568555.0,2025-03-27
416355.0,4568555.0,2025-03-27
416365.0,4568555.0,2025-03-27
416375.0,4568555.0,2025-03-27
416385.0,4568555.0,2025-03-27
416395.0,4568555.0,2025-03-27
416405.0,4568555.0,2025-03-27
416415.0,4568555.0,2025-03-27
416425.0,4568555.0,2025-03-27
416435.0,4568555.0,2025-03-27
416445.0,4568555.0,2025-03-27
416455.0,4568555.0,2025-03-27
411745.0,4568545.0,2025-03-27
411755.0,4568545.0,2025-03-27
411765.0,4568545.0,2025-03-27
411775.0,4568545.0,2025-03-27
411785.0,4568545.0,2025-03-27
411795.0,4568545.0,2025-03-27
411805.0,4568545.0,2025-03-27
411815.0,4568545.0,2025-03-27
411825.0,4568545.0,2025-03-27
411835.0,4568545.0,2025-03-27
411845.0,4568545.0,2025-03-27
411855.0,4568545.0,2025-03-27
411865.0,4568545.0,2025-03-27
411875.0,4568545.0,2025-03-27
411885.0,4568545.0,2025-03-27
411895.0,4568545.0,2025-03-27
411905.0,4568545.0,2025-03-27
411915.0,4568545.0,2025-03-27
411925.0,4568545.0,2025-03-27
411935.0,4568545.0,2025-03-27
411945.0,4568545.0,2025-03-27
411955.0,4568545.0,2025-03-27
411965.0,4568545.0,2025-03-27
411975.0,4568545.0,2025-03-27
411985.0,4568545.0,2025-03-27
411995.0,4568545.0,2025-03-27
412005.0,4568545.0,2025-03-27
412015.0,4568545.0,2025-03-27
412025.0,4568545.0,2025-03-27
412035.0,4568545.0,2025-03-27
412045.0,4568545.0,2025-03-27
412055.0,4568545.0,2025-03-27
412065.0,4568545.0,2025-03-27
412075.0,4568545.0,2025-03-27
412085.0,4568545.0,2025-03-27
412095.0,4568545.0,2025-03-27
412105.0,4568545.0,2025-03-27
412115.0,4568545.0,2025-03-27
412125.0,4568545.0,2025-03-27
412135.0,4568545.0,2025-03-27
412145.0,4568545.0,2025-03-27
412155.0,4568545.0,2025-03-27
412165.0,4568545.0,2025-03-27
412175.0,4568545.0,2025-03-27
412185.0,4568545.0,2025-03-27
412195.0,4568545.0,2025-03-27
412205.0,4568545.0,2025-03-27
412215.0,4568545.0,2025-03-27
412225.0,4568545.0,2025-03-27
412235.0,4568545.0,2025-03-27
412245.0,4568545.0,2025-03-27
412255.0,4568545.0,2025-03-27
412265.0,4568545.0,2025-03-27
412275.0,4568545.0,2025-03-27
412285.0,4568545.0,2025-03-27
412295.0,4568545.0,2025-03-27
412305.0,4568545.0,2025-03-27
412315.0,4568545.0,2025-03-27
412325.0,4568545.0,2025-03-27
412335.0,4568545.0,2025-03-27
412345.0,4568545.0,2025-03-27
412355.0,4568545.0,2025-03-27
412365.0,4568545.0,2025-03-27
412375.0,4568545.0,2025-03-27
412385.0,4568545.0,2025-03-27
412395.0,4568545.0,2025-03-27
412405.0,4568545.0,2025-03-27
412415.0,4568545.0,2025-03-27
412425.0,4568545.0,2025-03-27
412435.0,4568545.0,2025-03-27
412445.0,4568545.0,2025-03-27
412455.0,4568545.0,2025-03-27
412465.0,4568545.0,2025-03-27
412475.0,4568545.0,2025-03-27
412485.0,4568545.0,2025-03-27
412495.0,4568545.0,2025-03-27
412505.0,4568545.0,2025-03-27
412515.0,4568545.0,2025-03-27
412525.0,4568545.0,2025-03-27
412535.0,4568545.0,2025-03-27
412545.0,4568545.0,2025-03-27
412555.0,4568545.0,2025-03-27
412565.0,4568545.0,2025-03-27
412575.0,4568545.0,2025-03-27
412585.0,4568545.0,2025-03-27
412595.0,4568545.0,2025-03-27
412605.0,4568545.0,2025-03-27
412615.0,4568545.0,2025-03-27
412625.0,4568545.0,2025-03-27
412635.0,4568545.0,2025-03-27
412645.0,4568545.0,2025-03-27
412655.0,4568545.0,2025-03-27
412665.0,4568545.0,2025-03-27
412675.0,4568545.0,2025-03-27
412685.0,4568545.0,2025-03-27
412695.0,4568545.0,2025-03-27
412705.0,4568545.0,2025-03-27
412715.0,4568545.0,2025-03-27
412725.0,4568545.0,2025-03-27
412735.0,4568545.0,2025-03-27
412745.0,4568545.0,2025-03-27
412755.0,4568545.0,2025-03-27
412765.0,4568545.0,2025-03-27
412775.0,4568545.0,2025-03-27
412785.0,4568545.0,2025-03-27
412795.0,4568545.0,2025-03-27
412805.0,4568545.0,2025-03-27
412815.0,4568545.0,2025-03-27
412825.0,4568545.0,2025-03-27
412835.0,4568545.0,2025-03-27
412845.0,4568545.0,2025-03-27
412855.0,4568545.0,2025-03-27
412865.0,4568545.0,2025-03-27
412875.0,4568545.0,2025-03-27
412885.0,4568545.0,2025-03-27
412895.0,4568545.0,2025-03-27
412905.0,4568545.0,2025-03-27
412915.0,4568545.0,2025-03-27
412925.0,4568545.0,2025-03-27
412935.0,4568545.0,2025-03-27
412945.0,4568545.0,2025-03-27
412955.0,4568545.0,2025-03-27
412965.0,4568545.0,2025-03-27
412975.0,4568545.0,2025-03-27
412985.0,4568545.0,2025-03-27
412995.0,4568545.0,2025-03-27
413005.0,4568545.0,2025-03-27
413015.0,4568545.0,2025-03-27
413025.0,4568545.0,2025-03-27
413035.0,4568545.0,2025-03-27
413045.0,4568545.0,2025-03-27
413055.0,4568545.0,2025-03-27
413065.0,4568545.0,2025-03-27
413075.0,4568545.0,2025-03-27
413085.0,4568545.0,2025-03-27
413095.0,4568545.0,2025-03-27
413105.0,4568545.0,2025-03-27
413115.0,4568545.0,2025-03-27
413125.0,4568545.0,2025-03-27
413135.0,4568545.0,2025-03-27
413145.0,4568545.0,2025-03-27
413155.0,4568545.0,2025-03-27
413165.0,4568545.0,2025-03-27
413175.0,4568545.0,2025-03-27
413185.0,4568545.0,2025-03-27
413195.0,4568545.0,2025-03-27
413205.0,4568545.0,2025-03-27
413215.0,4568545.0,2025-03-27
413225.0,4568545.0,2025-03-27
413235.0,4568545.0,2025-03-27
413245.0,4568545.0,2025-03-27
413255.0,4568545.0,2025-03-27
413265.0,4568545.0,2025-03-27
413275.0,4568545.0,2025-03-27
413285.0,4568545.0,2025-03-27
413295.0,4568545.0,2025-03-27
413305.0,4568545.0,2025-03-27
413315.0,4568545.0,2025-03-27
413325.0,4568545.0,2025-03-27
413335.0,4568545.0,2025-03-27
413345.0,4568545.0,2025-03-27
413355.0,4568545.0,2025-03-27
413365.0,4568545.0,2025-03-27
413375.0,4568545.0,2025-03-27
413385.0,4568545.0,2025-03-27
413395.0,4568545.0,2025-03-27
413405.0,4568545.0,2025-03-27
413415.0,4568545.0,2025-03-27
413425.0,4568545.0,2025-03-27
413435.0,4568545.0,2025-03-27
413445.0,4568545.0,2025-03-27
413455.0,4568545.0,2025-03-27
413465.0,4568545.0,2025-03-27
413475.0,4568545.0,2025-03-27
413485.0,4568545.0,2025-03-27
413495.0,4568545.0,2025-03-27
413505.0,4568545.0,2025-03-27
413515.0,4568545.0,2025-03-27
413525.0,4568545.0,2025-03-27
413535.0,4568545.0,2025-03-27
413545.0,4568545.0,2025-03-27
413555.0,4568545.0,2025-03-27
413565.0,4568545.0,2025-03-27
413575.0,4568545.0,2025-03-27
413585.0,4568545.0,2025-03-27
413595.0,4568545.0,2025-03-27
413605.0,4568545.0,2025-03-27
413615.0,4568545.0,2025-03-27
413625.0,4568545.0,2025-03-27
413635.0,4568545.0,2025-03-27
413645.0,4568545.0,2025-03-27
413655.0,4568545.0,2025-03-27
413665.0,4568545.0,2025-03-27
413675.0,4568545.0,2025-03-27
413685.0,4568545.0,2025-03-27
413695.0,4568545.0,2025-03-27
413705.0,4568545.0,2025-03-27
413715.0,4568545.0,2025-03-27
413725.0,4568545.0,2025-03-27
413735.0,4568545.0,2025-03-27
413745.0,4568545.0,2025-03-27
413755.0,4568545.0,2025-03-27
413765.0,4568545.0,2025-03-27
413775.0,4568545.0,2025-03-27
413785.0,4568545.0,2025-03-27
413795.0,4568545.0,2025-03-27
413805.0,4568545.0,2025-03-27
413815.0,4568545.0,2025-03-27
413825.0,4568545.0,2025-03-27
413835.0,4568545.0,2025-03-27
413845.0,4568545.0,2025-03-27
413855.0,4568545.0,2025-03-27
413865.0,4568545.0,2025-03-27
413875.0,4568545.0,2025-03-27
413885.0,4568545.0,2025-03-27
413895.0,4568545.0,2025-03-27
413905.0,4568545.0,2025-03-27
413915.0,4568545.0,2025-03-27
413925.0,4568545.0,2025-03-27
413935.0,4568545.0,2025-03-27
413945.0,4568545.0,2025-03-27
413955.0,4568545.0,2025-03-27
413965.0,4568545.0,2025-03-27
413975.0,4568545.0,2025-03-27
413985.0,4568545.0,2025-03-27
413995.0,4568545.0,2025-03-27
414005.0,4568545.0,2025-03-27
414015.0,4568545.0,2025-03-27
414025.0,4568545.0,2025-03-27
414035.0,4568545.0,2025-03-27
414045.0,4568545.0,2025-03-27
414055.0,4568545.0,2025-03-27
414065.0,4568545.0,2025-03-27
414075.0,4568545.0,2025-03-27
414085.0,4568545.0,2025-03-27
414095.0,4568545.0,2025-03-27
414105.0,4568545.0,2025-03-27
414115.0,4568545.0,2025-03-27
414125.0,4568545.0,2025-03-27
414135.0,4568545.0,2025-03-27
414145.0,4568545.0,2025-03-27
414155.0,4568545.0,2025-03-27
414165.0,4568545.0,2025-03-27
414175.0,4568545.0,2025-03-27
414185.0,4568545.0,2025-03-27
414195.0,4568545.0,2025-03-27
414205.0,4568545.0,2025-03-27
414215.0,4568545.0,2025-03-27
414225.0,4568545.0,2025-03-27
414235.0,4568545.0,2025-03-27
414245.0,4568545.0,2025-03-27
414255.0,4568545.0,2025-03-27
414265.0,4568545.0,2025-03-27
414275.0,4568545.0,2025-03-27
414285.0,4568545.0,2025-03-27
414295.0,4568545.0,2025-03-27
414305.0,4568545.0,2025-03-27
414315.0,4568545.0,2025-03-27
414325.0,4568545.0,2025-03-27
414335.0,4568545.0,2025-03-27
414345.0,4568545.0,2025-03-27
414355.0,4568545.0,2025-03-27
414365.0,4568545.0,2025-03-27
414375.0,4568545.0,2025-03-27
414385.0,4568545.0,2025-03-27
414395.0,4568545.0,2025-03-27
414405.0,4568545.0,2025-03-27
414415.0,4568545.0,2025-03-27
414425.0,4568545.0,2025-03-27
414435.0,4568545.0,2025-03-27
414445.0,4568545.0,2025-03-27
414455.0,4568545.0,2025-03-27
414465.0,4568545.0,2025-03-27
414475.0,4568545.0,2025-03-27
414485.0,4568545.0,2025-03-27
414495.0,4568545.0,2025-03-27
414505.0,4568545.0,2025-03-27
414515.0,4568545.0,2025-03-27
414525.0,4568545.0,2025-03-27
414535.0,4568545.0,2025-03-27
414545.0,4568545.0,2025-03-27
414555.0,4568545.0,2025-03-27
414565.0,4568545.0,2025-03-27
414575.0,4568545.0,2025-03-27
414585.0,4568545.0,2025-03-27
414595.0,4568545.0,2025-03-27
414605.0,4568545.0,2025-03-27
414615.0,4568545.0,2025-03-27
414625.0,4568545.0,2025-03-27
414635.0,4568545.0,2025-03-27
414645.0,4568545.0,2025-03-27
414655.0,4568545.0,2025-03-27
414665.0,4568545.0,2025-03-27
414675.0,4568545.0,2025-03-27
414685.0,4568545.0,2025-03-27
414695.0,4568545.0,2025-03-27
414705.0,4568545.0,2025-03-27
414715.0,4568545.0,2025-03-27
414725.0,4568545.0,2025-03-27
414735.0,4568545.0,2025-03-27
414745.0,4568545.0,2025-03-27
414755.0,4568545.0,2025-03-27
414765.0,4568545.0,2025-03-27
414775.0,4568545.0,2025-03-27
414785.0,4568545.0,2025-03-27
414795.0,4568545.0,2025-03-27
414805.0,4568545.0,2025-03-27
414815.0,4568545.0,2025-03-27
414825.0,4568545.0,2025-03-27
414835.0,4568545.0,2025-03-27
414845.0,4568545.0,2025-03-27
414855.0,4568545.0,2025-03-27
414865.0,4568545.0,2025-03-27
414875.0,4568545.0,2025-03-27
414885.0,4568545.0,2025-03-27
414895.0,4568545.0,2025-03-27
414905.0,4568545.0,2025-03-27
414915.0,4568545.0,2025-03-27
414925.0,4568545.0,2025-03-27
414935.0,4568545.0,2025-03-27
414945.0,4568545.0,2025-03-27
414955.0,4568545.0,2025-03-27
414965.0,4568545.0,2025-03-27
414975.0,4568545.0,2025-03-27
414985.0,4568545.0,2025-03-27
414995.0,4568545.0,2025-03-27
415005.0,4568545.0,2025-03-27
415015.0,4568545.0,2025-03-27
415025.0,4568545.0,2025-03-27
415035.0,4568545.0,2025-03-27
415045.0,4568545.0,2025-03-27
415055.0,4568545.0,2025-03-27
415065.0,4568545.0,2025-03-27
415075.0,4568545.0,2025-03-27
415085.0,4568545.0,2025-03-27
415095.0,4568545.0,2025-03-27
415105.0,4568545.0,2025-03-27
415115.0,4568545.0,2025-03-27
415125.0,4568545.0,2025-03-27
415135.0,4568545.0,2025-03-27
415145.0,4568545.0,2025-03-27
415155.0,4568545.0,2025-03-27
415165.0,4568545.0,2025-03-27
415175.0,4568545.0,2025-03-27
415185.0,4568545.0,2025-03-27
415195.0,4568545.0,2025-03-27
415205.0,4568545.0,2025-03-27
415215.0,4568545.0,2025-03-27
415225.0,4568545.0,2025-03-27
415235.0,4568545.0,2025-03-27
415245.0,4568545.0,2025-03-27
415255.0,4568545.0,2025-03-27
415265.0,4568545.0,2025-03-27
415275.0,4568545.0,2025-03-27
415285.0,4568545.0,2025-03-27
415295.0,4568545.0,2025-03-27
415305.0,4568545.0,2025-03-27
415315.0,4568545.0,2025-03-27
415325.0,4568545.0,2025-03-27
415335.0,4568545.0,2025-03-27
415345.0,4568545.0,2025-03-27
415355.0,4568545.0,2025-03-27
415365.0,4568545.0,2025-03-27
415375.0,4568545.0,2025-03-27
415385.0,4568545.0,2025-03-27
415395.0,4568545.0,2025-03-27
415405.0,4568545.0,2025-03-27
415415.0,4568545.0,2025-03-27
415425.0,4568545.0,2025-03-27
415435.0,4568545.0,2025-03-27
415445.0,4568545.0,2025-03-27
415455.0,4568545.0,2025-03-27
415465.0,4568545.0,2025-03-27
415475.0,4568545.0,2025-03-27
415485.0,4568545.0,2025-03-27
415495.0,4568545.0,2025-03-27
415505.0,4568545.0,2025-03-27
415515.0,4568545.0,2025-03-27
415525.0,4568545.0,2025-03-27
415535.0,4568545.0,2025-03-27
415545.0,4568545.0,2025-03-27
415555.0,4568545.0,2025-03-27
415565.0,4568545.0,2025-03-27
415575.0,4568545.0,2025-03-27
415585.0,4568545.0,2025-03-27
415595.0,4568545.0,2025-03-27
415605.0,4568545.0,2025-03-27
415615.0,4568545.0,2025-03-27
415625.0,4568545.0,2025-03-27
415635.0,4568545.0,2025-03-27
415645.0,4568545.0,2025-03-27
415655.0,4568545.0,2025-03-27
415665.0,4568545.0,2025-03-27
415675.0,4568545.0,2025-03-27
415685.0,4568545.0,2025-03-27
415695.0,4568545.0,2025-03-27
415705.0,4568545.0,2025-03-27
415715.0,4568545.0,2025-03-27
415725.0,4568545.0,2025-03-27
415735.0,4568545.0,2025-03-27
415745.0,4568545.0,2025-03-27
415755.0,4568545.0,2025-03-27
415765.0,4568545.0,2025-03-27
415775.0,4568545.0,2025-03-27
415785.0,4568545.0,2025-03-27
415795.0,4568545.0,2025-03-27
415805.0,4568545.0,2025-03-27
415815.0,4568545.0,2025-03-27
415825.0,4568545.0,2025-03-27
415835.0,4568545.0,2025-03-27
415845.0,4568545.0,2025-03-27
415855.0,4568545.0,2025-03-27
415865.0,4568545.0,2025-03-27
415875.0,4568545.0,2025-03-27
415885.0,4568545.0,2025-03-27
415895.0,4568545.0,2025-03-27
415905.0,4568545.0,2025-03-27
415915.0,4568545.0,2025-03-27
415925.0,4568545.0,2025-03-27
415935.0,4568545.0,2025-03-27
415945.0,4568545.0,2025-03-27
415955.0,4568545.0,2025-03-27
415965.0,4568545.0,2025-03-27
415975.0,4568545.0,2025-03-27
415985.0,4568545.0,2025-03-27
415995.0,4568545.0,2025-03-27
416005.0,4568545.0,2025-03-27
416015.0,4568545.0,2025-03-27
416025.0,4568545.0,2025-03-27
416035.0,4568545.0,2025-03-27
416045.0,4568545.0,2025-03-27
416055.0,4568545.0,2025-03-27
416065.0,4568545.0,2025-03-27
416075.0,4568545.0,2025-03-27
416085.0,4568545.0,2025-03-27
416095.0,4568545.0,2025-03-27
416105.0,4568545.0,2025-03-27
416115.0,4568545.0,2025-03-27
416125.0,4568545.0,2025-03-27
416135.0,4568545.0,2025-03-27
416145.0,4568545.0,2025-03-27
416155.0,4568545.0,2025-03-27
416165.0,4568545.0,2025-03-27
416175.0,4568545.0,2025-03-27
416185.0,4568545.0,2025-03-27
416195.0,4568545.0,2025-03-27
416205.0,4568545.0,2025-03-27
416215.0,4568545.0,2025-03-27
416225.0,4568545.0,2025-03-27
416235.0,4568545.0,2025-03-27
416245.0,4568545.0,2025-03-27
416255.0,4568545.0,2025-03-27
416265.0,4568545.0,2025-03-27
416275.0,4568545.0,2025-03-27
416285.0,4568545.0,2025-03-27
416295.0,4568545.0,2025-03-27
416305.0,4568545.0,2025-03-27
416315.0,4568545.0,2025-03-27
416325.0,4568545.0,2025-03-27
416335.0,4568545.0,2025-03-27
416345.0,4568545.0,2025-03-27
416355.0,4568545.0,2025-03-27
416365.0,4568545.0,2025-03-27
416375.0,4568545.0,2025-03-27
416385.0,4568545.0,2025-03-27
416395.0,4568545.0,2025-03-27
416405.0,4568545.0,2025-03-27
416415.0,4568545.0,2025-03-27
416425.0,4568545.0,2025-03-27
416435.0,4568545.0,2025-03-27
416445.0,4568545.0,2025-03-27
416455.0,4568545.0,2025-03-27
412575.0,4568535.0,2025-03-27
412585.0,4568535.0,2025-03-27
412595.0,4568535.0,2025-03-27
412605.0,4568535.0,2025-03-27
412615.0,4568535.0,2025-03-27
412625.0,4568535.0,2025-03-27
412635.0,4568535.0,2025-03-27
412645.0,4568535.0,2025-03-27
412655.0,4568535.0,2025-03-27
412665.0,4568535.0,2025-03-27
412675.0,4568535.0,2025-03-27
412685.0,4568535.0,2025-03-27
412695.0,4568535.0,2025-03-27
412705.0,4568535.0,2025-03-27
412715.0,4568535.0,2025-03-27
412725.0,4568535.0,2025-03-27
412735.0,4568535.0,2025-03-27
412745.0,4568535.0,2025-03-27
412755.0,4568535.0,2025-03-27
412765.0,4568535.0,2025-03-27
412775.0,4568535.0,2025-03-27
412785.0,4568535.0,2025-03-27
412795.0,4568535.0,2025-03-27
412805.0,4568535.0,2025-03-27
412815.0,4568535.0,2025-03-27
412825.0,4568535.0,2025-03-27
412835.0,4568535.0,2025-03-27
412845.0,4568535.0,2025-03-27
412855.0,4568535.0,2025-03-27
412865.0,4568535.0,2025-03-27
412875.0,4568535.0,2025-03-27
412885.0,4568535.0,2025-03-27
412895.0,4568535.0,2025-03-27
412905.0,4568535.0,2025-03-27
412915.0,4568535.0,2025-03-27
412925.0,4568535.0,2025-03-27
412935.0,4568535.0,2025-03-27
412945.0,4568535.0,2025-03-27
412955.0,4568535.0,2025-03-27
412965.0,4568535.0,2025-03-27
412975.0,4568535.0,2025-03-27
412985.0,4568535.0,2025-03-27
412995.0,4568535.0,2025-03-27
413005.0,4568535.0,2025-03-27
413015.0,4568535.0,2025-03-27
413025.0,4568535.0,2025-03-27
413035.0,4568535.0,2025-03-27
413045.0,4568535.0,2025-03-27
413055.0,4568535.0,2025-03-27
413065.0,4568535.0,2025-03-27
413075.0,4568535.0,2025-03-27
413085.0,4568535.0,2025-03-27
413095.0,4568535.0,2025-03-27
413105.0,4568535.0,2025-03-27
413115.0,4568535.0,2025-03-27
413125.0,4568535.0,2025-03-27
413135.0,4568535.0,2025-03-27
413145.0,4568535.0,2025-03-27
413155.0,4568535.0,2025-03-27
413165.0,4568535.0,2025-03-27
413175.0,4568535.0,2025-03-27
413185.0,4568535.0,2025-03-27
413195.0,4568535.0,2025-03-27
413205.0,4568535.0,2025-03-27
413215.0,4568535.0,2025-03-27
413225.0,4568535.0,2025-03-27
413235.0,4568535.0,2025-03-27
413245.0,4568535.0,2025-03-27
413255.0,4568535.0,2025-03-27
413265.0,4568535.0,2025-03-27
413275.0,4568535.0,2025-03-27
413285.0,4568535.0,2025-03-27
413295.0,4568535.0,2025-03-27
413305.0,4568535.0,2025-03-27
413315.0,4568535.0,2025-03-27
413325.0,4568535.0,2025-03-27
413335.0,4568535.0,2025-03-27
413345.0,4568535.0,2025-03-27
413355.0,4568535.0,2025-03-27
413365.0,4568535.0,2025-03-27
413375.0,4568535.0,2025-03-27
413385.0,4568535.0,2025-03-27
413395.0,4568535.0,2025-03-27
413405.0,4568535.0,2025-03-27
413415.0,4568535.0,2025-03-27
413425.0,4568535.0,2025-03-27
413435.0,4568535.0,2025-03-27
413445.0,4568535.0,2025-03-27
413455.0,4568535.0,2025-03-27
413465.0,4568535.0,2025-03-27
413475.0,4568535.0,2025-03-27
413485.0,4568535.0,2025-03-27
413495.0,4568535.0,2025-03-27
413505.0,4568535.0,2025-03-27
413515.0,4568535.0,2025-03-27
413525.0,4568535.0,2025-03-27
413535.0,4568535.0,2025-03-27
413545.0,4568535.0,2025-03-27
413555.0,4568535.0,2025-03-27
413565.0,4568535.0,2025-03-27
413575.0,4568535.0,2025-03-27
413585.0,4568535.0,2025-03-27
413595.0,4568535.0,2025-03-27
413605.0,4568535.0,2025-03-27
413615.0,4568535.0,2025-03-27
413625.0,4568535.0,2025-03-27
413635.0,4568535.0,2025-03-27
413645.0,4568535.0,2025-03-27
413655.0,4568535.0,2025-03-27
413665.0,4568535.0,2025-03-27
413675.0,4568535.0,2025-03-27
413685.0,4568535.0,2025-03-27
413695.0,4568535.0,2025-03-27
413705.0,4568535.0,2025-03-27
413715.0,4568535.0,2025-03-27
413725.0,4568535.0,2025-03-27
413735.0,4568535.0,2025-03-27
413745.0,4568535.0,2025-03-27
413755.0,4568535.0,2025-03-27
413765.0,4568535.0,2025-03-27
413775.0,4568535.0,2025-03-27
413785.0,4568535.0,2025-03-27
413795.0,4568535.0,2025-03-27
413805.0,4568535.0,2025-03-27
413815.0,4568535.0,2025-03-27
413825.0,4568535.0,2025-03-27
413835.0,4568535.0,2025-03-27
413845.0,4568535.0,2025-03-27
413855.0,4568535.0,2025-03-27
413865.0,4568535.0,2025-03-27
413875.0,4568535.0,2025-03-27
413885.0,4568535.0,2025-03-27
413895.0,4568535.0,2025-03-27
413905.0,4568535.0,2025-03-27
413915.0,4568535.0,2025-03-27
413925.0,4568535.0,2025-03-27
413935.0,4568535.0,2025-03-27
413945.0,4568535.0,2025-03-27
413955.0,4568535.0,2025-03-27
413965.0,4568535.0,2025-03-27
413975.0,4568535.0,2025-03-27
413985.0,4568535.0,2025-03-27
413995.0,4568535.0,2025-03-27
414005.0,4568535.0,2025-03-27
414015.0,4568535.0,2025-03-27
414025.0,4568535.0,2025-03-27
414035.0,4568535.0,2025-03-27
414045.0,4568535.0,2025-03-27
414055.0,4568535.0,2025-03-27
414065.0,4568535.0,2025-03-27
414075.0,4568535.0,2025-03-27
414085.0,4568535.0,2025-03-27
414095.0,4568535.0,2025-03-27
414105.0,4568535.0,2025-03-27
414115.0,4568535.0,2025-03-27
414125.0,4568535.0,2025-03-27
414135.0,4568535.0,2025-03-27
414145.0,4568535.0,2025-03-27
414155.0,4568535.0,2025-03-27
414165.0,4568535.0,2025-03-27
414175.0,4568535.0,2025-03-27
414185.0,4568535.0,2025-03-27
414195.0,4568535.0,2025-03-27
414205.0,4568535.0,2025-03-27
414215.0,4568535.0,2025-03-27
414225.0,4568535.0,2025-03-27
414235.0,4568535.0,2025-03-27
414245.0,4568535.0,2025-03-27
414255.0,4568535.0,2025-03-27
414265.0,4568535.0,2025-03-27
414275.0,4568535.0,2025-03-27
414285.0,4568535.0,2025-03-27
414295.0,4568535.0,2025-03-27
414305.0,4568535.0,2025-03-27
414315.0,4568535.0,2025-03-27
414325.0,4568535.0,2025-03-27
414335.0,4568535.0,2025-03-27
414345.0,4568535.0,2025-03-27
414355.0,4568535.0,2025-03-27
414365.0,4568535.0,2025-03-27
414375.0,4568535.0,2025-03-27
414385.0,4568535.0,2025-03-27
414395.0,4568535.0,2025-03-27
414405.0,4568535.0,2025-03-27
414415.0,4568535.0,2025-03-27
414425.0,4568535.0,2025-03-27
414435.0,4568535.0,2025-03-27
414445.0,4568535.0,2025-03-27
414455.0,4568535.0,2025-03-27
414465.0,4568535.0,2025-03-27
414475.0,4568535.0,2025-03-27
414485.0,4568535.0,2025-03-27
414495.0,4568535.0,2025-03-27
414505.0,4568535.0,2025-03-27
414515.0,4568535.0,2025-03-27
414525.0,4568535.0,2025-03-27
414535.0,4568535.0,2025-03-27
414545.0,4568535.0,2025-03-27
414555.0,4568535.0,2025-03-27
414565.0,4568535.0,2025-03-27
414575.0,4568535.0,2025-03-27
414585.0,4568535.0,2025-03-27
414595.0,4568535.0,2025-03-27
414605.0,4568535.0,2025-03-27
414615.0,4568535.0,2025-03-27
414625.0,4568535.0,2025-03-27
414635.0,4568535.0,2025-03-27
414645.0,4568535.0,2025-03-27
414655.0,4568535.0,2025-03-27
414665.0,4568535.0,2025-03-27
414675.0,4568535.0,2025-03-27
414685.0,4568535.0,2025-03-27
414695.0,4568535.0,2025-03-27
414705.0,4568535.0,2025-03-27
414715.0,4568535.0,2025-03-27
414725.0,4568535.0,2025-03-27
414735.0,4568535.0,2025-03-27
414745.0,4568535.0,2025-03-27
414755.0,4568535.0,2025-03-27
414765.0,4568535.0,2025-03-27
414775.0,4568535.0,2025-03-27
414785.0,4568535.0,2025-03-27
414795.0,4568535.0,2025-03-27
414805.0,4568535.0,2025-03-27
414815.0,4568535.0,2025-03-27
414825.0,4568535.0,2025-03-27
414835.0,4568535.0,2025-03-27
414845.0,4568535.0,2025-03-27
414855.0,4568535.0,2025-03-27
414865.0,4568535.0,2025-03-27
414875.0,4568535.0,2025-03-27
414885.0,4568535.0,2025-03-27
414895.0,4568535.0,2025-03-27
414905.0,4568535.0,2025-03-27
414915.0,4568535.0,2025-03-27
414925.0,4568535.0,2025-03-27
414935.0,4568535.0,2025-03-27
414945.0,4568535.0,2025-03-27
414955.0,4568535.0,2025-03-27
414965.0,4568535.0,2025-03-27
414975.0,4568535.0,2025-03-27
414985.0,4568535.0,2025-03-27
414995.0,4568535.0,2025-03-27
415005.0,4568535.0,2025-03-27
415015.0,4568535.0,2025-03-27
415025.0,4568535.0,2025-03-27
415035.0,4568535.0,2025-03-27
415045.0,4568535.0,2025-03-27
415055.0,4568535.0,2025-03-27
415065.0,4568535.0,2025-03-27
415075.0,4568535.0,2025-03-27
415085.0,4568535.0,2025-03-27
415095.0,4568535.0,2025-03-27
415105.0,4568535.0,2025-03-27
415115.0,4568535.0,2025-03-27
415125.0,4568535.0,2025-03-27
415135.0,4568535.0,2025-03-27
415145.0,4568535.0,2025-03-27
415155.0,4568535.0,2025-03-27
415165.0,4568535.0,2025-03-27
415175.0,4568535.0,2025-03-27
415185.0,4568535.0,2025-03-27
415195.0,4568535.0,2025-03-27
415205.0,4568535.0,2025-03-27
415215.0,4568535.0,2025-03-27
415225.0,4568535.0,2025-03-27
415235.0,4568535.0,2025-03-27
415245.0,4568535.0,2025-03-27
415255.0,4568535.0,2025-03-27
415265.0,4568535.0,2025-03-27
415275.0,4568535.0,2025-03-27
415285.0,4568535.0,2025-03-27
415295.0,4568535.0,2025-03-27
415305.0,4568535.0,2025-03-27
415315.0,4568535.0,2025-03-27
415325.0,4568535.0,2025-03-27
415335.0,4568535.0,2025-03-27
415345.0,4568535.0,2025-03-27
415355.0,4568535.0,2025-03-27
415365.0,4568535.0,2025-03-27
415375.0,4568535.0,2025-03-27
415385.0,4568535.0,2025-03-27
415395.0,4568535.0,2025-03-27
415405.0,4568535.0,2025-03-27
415415.0,4568535.0,2025-03-27
415425.0,4568535.0,2025-03-27
415435.0,4568535.0,2025-03-27
415445.0,4568535.0,2025-03-27
415455.0,4568535.0,2025-03-27
415465.0,4568535.0,2025-03-27
415475.0,4568535.0,2025-03-27
415485.0,4568535.0,2025-03-27
415495.0,4568535.0,2025-03-27
415505.0,4568535.0,2025-03-27
415515.0,4568535.0,2025-03-27
415525.0,4568535.0,2025-03-27
415535.0,4568535.0,2025-03-27
415545.0,4568535.0,2025-03-27
415555.0,4568535.0,2025-03-27
415565.0,4568535.0,2025-03-27
415575.0,4568535.0,2025-03-27
415585.0,4568535.0,2025-03-27
415595.0,4568535.0,2025-03-27
415605.0,4568535.0,2025-03-27
415615.0,4568535.0,2025-03-27
415625.0,4568535.0,2025-03-27
415635.0,4568535.0,2025-03-27
415645.0,4568535.0,2025-03-27
415655.0,4568535.0,2025-03-27
415665.0,4568535.0,2025-03-27
415675.0,4568535.0,2025-03-27
415685.0,4568535.0,2025-03-27
415695.0,4568535.0,2025-03-27
415705.0,4568535.0,2025-03-27
415715.0,4568535.0,2025-03-27
415725.0,4568535.0,2025-03-27
415735.0,4568535.0,2025-03-27
415745.0,4568535.0,2025-03-27
415755.0,4568535.0,2025-03-27
415765.0,4568535.0,2025-03-27
415775.0,4568535.0,2025-03-27
415785.0,4568535.0,2025-03-27
415795.0,4568535.0,2025-03-27
415805.0,4568535.0,2025-03-27
415815.0,4568535.0,2025-03-27
415825.0,4568535.0,2025-03-27
415835.0,4568535.0,2025-03-27
415845.0,4568535.0,2025-03-27
415855.0,4568535.0,2025-03-27
415865.0,4568535.0,2025-03-27
415875.0,4568535.0,2025-03-27
415885.0,4568535.0,2025-03-27
415895.0,4568535.0,2025-03-27
415905.0,4568535.0,2025-03-27
415915.0,4568535.0,2025-03-27
415925.0,4568535.0,2025-03-27
415935.0,4568535.0,2025-03-27
415945.0,4568535.0,2025-03-27
415955.0,4568535.0,2025-03-27
415965.0,4568535.0,2025-03-27
415975.0,4568535.0,2025-03-27
415985.0,4568535.0,2025-03-27
415995.0,4568535.0,2025-03-27
416005.0,4568535.0,2025-03-27
416015.0,4568535.0,2025-03-27
416025.0,4568535.0,2025-03-27
416035.0,4568535.0,2025-03-27
416045.0,4568535.0,2025-03-27
416055.0,4568535.0,2025-03-27
416065.0,4568535.0,2025-03-27
416075.0,4568535.0,2025-03-27
416085.0,4568535.0,2025-03-27
416095.0,4568535.0,2025-03-27
416105.0,4568535.0,2025-03-27
416115.0,4568535.0,2025-03-27
416125.0,4568535.0,2025-03-27
416135.0,4568535.0,2025-03-27
416145.0,4568535.0,2025-03-27
416155.0,4568535.0,2025-03-27
416165.0,4568535.0,2025-03-27
416175.0,4568535.0,2025-03-27
416185.0,4568535.0,2025-03-27
416195.0,4568535.0,2025-03-27
416205.0,4568535.0,2025-03-27
416215.0,4568535.0,2025-03-27
416225.0,4568535.0,2025-03-27
416235.0,4568535.0,2025-03-27
416245.0,4568535.0,2025-03-27
416255.0,4568535.0,2025-03-27
416265.0,4568535.0,2025-03-27
416275.0,4568535.0,2025-03-27
416285.0,4568535.0,2025-03-27
416295.0,4568535.0,2025-03-27
416305.0,4568535.0,2025-03-27
416315.0,4568535.0,2025-03-27
416325.0,4568535.0,2025-03-27
416335.0,4568535.0,2025-03-27
416345.0,4568535.0,2025-03-27
416355.0,4568535.0,2025-03-27
416365.0,4568535.0,2025-03-27
416375.0,4568535.0,2025-03-27
416385.0,4568535.0,2025-03-27
416395.0,4568535.0,2025-03-27
416405.0,4568535.0,2025-03-27
416415.0,4568535.0,2025-03-27
416425.0,4568535.0,2025-03-27
416435.0,4568535.0,2025-03-27
416445.0,4568535.0,2025-03-27
416455.0,4568535.0,2025-03-27
413425.0,4568525.0,2025-03-27
413435.0,4568525.0,2025-03-27
413445.0,4568525.0,2025-03-27
413455.0,4568525.0,2025-03-27
413465.0,4568525.0,2025-03-27
413475.0,4568525.0,2025-03-27
413485.0,4568525.0,2025-03-27
413495.0,4568525.0,2025-03-27
413505.0,4568525.0,2025-03-27
413515.0,4568525.0,2025-03-27
413525.0,4568525.0,2025-03-27
413535.0,4568525.0,2025-03-27
413545.0,4568525.0,2025-03-27
413555.0,4568525.0,2025-03-27
413565.0,4568525.0,2025-03-27
413575.0,4568525.0,2025-03-27
413585.0,4568525.0,2025-03-27
413595.0,4568525.0,2025-03-27
413605.0,4568525.0,2025-03-27
413615.0,4568525.0,2025-03-27
413625.0,4568525.0,2025-03-27
413635.0,4568525.0,2025-03-27
413645.0,4568525.0,2025-03-27
413655.0,4568525.0,2025-03-27
413665.0,4568525.0,2025-03-27
413675.0,4568525.0,2025-03-27
413685.0,4568525.0,2025-03-27
413695.0,4568525.0,2025-03-27
413705.0,4568525.0,2025-03-27
413715.0,4568525.0,2025-03-27
413725.0,4568525.0,2025-03-27
413735.0,4568525.0,2025-03-27
413745.0,4568525.0,2025-03-27
413755.0,4568525.0,2025-03-27
413765.0,4568525.0,2025-03-27
413775.0,4568525.0,2025-03-27
413785.0,4568525.0,2025-03-27
413795.0,4568525.0,2025-03-27
413805.0,4568525.0,2025-03-27
413815.0,4568525.0,2025-03-27
413825.0,4568525.0,2025-03-27
413835.0,4568525.0,2025-03-27
413845.0,4568525.0,2025-03-27
413855.0,4568525.0,2025-03-27
413865.0,4568525.0,2025-03-27
413875.0,4568525.0,2025-03-27
413885.0,4568525.0,2025-03-27
413895.0,4568525.0,2025-03-27
413905.0,4568525.0,2025-03-27
413915.0,4568525.0,2025-03-27
413925.0,4568525.0,2025-03-27
413935.0,4568525.0,2025-03-27
413945.0,4568525.0,2025-03-27
413955.0,4568525.0,2025-03-27
413965.0,4568525.0,2025-03-27
413975.0,4568525.0,2025-03-27
413985.0,4568525.0,2025-03-27
413995.0,4568525.0,2025-03-27
414005.0,4568525.0,2025-03-27
414015.0,4568525.0,2025-03-27
414025.0,4568525.0,2025-03-27
414035.0,4568525.0,2025-03-27
414045.0,4568525.0,2025-03-27
414055.0,4568525.0,2025-03-27
414065.0,4568525.0,2025-03-27
414075.0,4568525.0,2025-03-27
414085.0,4568525.0,2025-03-27
414095.0,4568525.0,2025-03-27
414105.0,4568525.0,2025-03-27
414115.0,4568525.0,2025-03-27
414125.0,4568525.0,2025-03-27
414135.0,4568525.0,2025-03-27
414145.0,4568525.0,2025-03-27
414155.0,4568525.0,2025-03-27
414165.0,4568525.0,2025-03-27
414175.0,4568525.0,2025-03-27
414185.0,4568525.0,2025-03-27
414195.0,4568525.0,2025-03-27
414205.0,4568525.0,2025-03-27
414215.0,4568525.0,2025-03-27
414225.0,4568525.0,2025-03-27
414235.0,4568525.0,2025-03-27
414245.0,4568525.0,2025-03-27
414255.0,4568525.0,2025-03-27
414265.0,4568525.0,2025-03-27
414275.0,4568525.0,2025-03-27
414285.0,4568525.0,2025-03-27
414295.0,4568525.0,2025-03-27
414305.0,4568525.0,2025-03-27
414315.0,4568525.0,2025-03-27
414325.0,4568525.0,2025-03-27
414335.0,4568525.0,2025-03-27
414345.0,4568525.0,2025-03-27
414355.0,4568525.0,2025-03-27
414365.0,4568525.0,2025-03-27
414375.0,4568525.0,2025-03-27
414385.0,4568525.0,2025-03-27
414395.0,4568525.0,2025-03-27
414405.0,4568525.0,2025-03-27
414415.0,4568525.0,2025-03-27
414425.0,4568525.0,2025-03-27
414435.0,4568525.0,2025-03-27
414445.0,4568525.0,2025-03-27
414455.0,4568525.0,2025-03-27
414465.0,4568525.0,2025-03-27
414475.0,4568525.0,2025-03-27
414485.0,4568525.0,2025-03-27
414495.0,4568525.0,2025-03-27
414505.0,4568525.0,2025-03-27
414515.0,4568525.0,2025-03-27
414525.0,4568525.0,2025-03-27
414535.0,4568525.0,2025-03-27
414545.0,4568525.0,2025-03-27
414555.0,4568525.0,2025-03-27
414565.0,4568525.0,2025-03-27
414575.0,4568525.0,2025-03-27
414585.0,4568525.0,2025-03-27
414595.0,4568525.0,2025-03-27
414605.0,4568525.0,2025-03-27
414615.0,4568525.0,2025-03-27
414625.0,4568525.0,2025-03-27
414635.0,4568525.0,2025-03-27
414645.0,4568525.0,2025-03-27
414655.0,4568525.0,2025-03-27
414665.0,4568525.0,2025-03-27
414675.0,4568525.0,2025-03-27
414685.0,4568525.0,2025-03-27
414695.0,4568525.0,2025-03-27
414705.0,4568525.0,2025-03-27
414715.0,4568525.0,2025-03-27
414725.0,4568525.0,2025-03-27
414735.0,4568525.0,2025-03-27
414745.0,4568525.0,2025-03-27
414755.0,4568525.0,2025-03-27
414765.0,4568525.0,2025-03-27
414775.0,4568525.0,2025-03-27
414785.0,4568525.0,2025-03-27
414795.0,4568525.0,2025-03-27
414805.0,4568525.0,2025-03-27
414815.0,4568525.0,2025-03-27
414825.0,4568525.0,2025-03-27
414835.0,4568525.0,2025-03-27
414845.0,4568525.0,2025-03-27
414855.0,4568525.0,2025-03-27
414865.0,4568525.0,2025-03-27
414875.0,4568525.0,2025-03-27
414885.0,4568525.0,2025-03-27
414895.0,4568525.0,2025-03-27
414905.0,4568525.0,2025-03-27
414915.0,4568525.0,2025-03-27
414925.0,4568525.0,2025-03-27
414935.0,4568525.0,2025-03-27
414945.0,4568525.0,2025-03-27
414955.0,4568525.0,2025-03-27
414965.0,4568525.0,2025-03-27
414975.0,4568525.0,2025-03-27
414985.0,4568525.0,2025-03-27
414995.0,4568525.0,2025-03-27
415005.0,4568525.0,2025-03-27
415015.0,4568525.0,2025-03-27
415025.0,4568525.0,2025-03-27
415035.0,4568525.0,2025-03-27
415045.0,4568525.0,2025-03-27
415055.0,4568525.0,2025-03-27
415065.0,4568525.0,2025-03-27
415075.0,4568525.0,2025-03-27
415085.0,4568525.0,2025-03-27
415095.0,4568525.0,2025-03-27
415105.0,4568525.0,2025-03-27
415115.0,4568525.0,2025-03-27
415125.0,4568525.0,2025-03-27
415135.0,4568525.0,2025-03-27
415145.0,4568525.0,2025-03-27
415155.0,4568525.0,2025-03-27
415165.0,4568525.0,2025-03-27
415175.0,4568525.0,2025-03-27
415185.0,4568525.0,2025-03-27
415195.0,4568525.0,2025-03-27
415205.0,4568525.0,2025-03-27
415215.0,4568525.0,2025-03-27
415225.0,4568525.0,2025-03-27
415235.0,4568525.0,2025-03-27
415245.0,4568525.0,2025-03-27
415255.0,4568525.0,2025-03-27
415265.0,4568525.0,2025-03-27
415275.0,4568525.0,2025-03-27
415285.0,4568525.0,2025-03-27
415295.0,4568525.0,2025-03-27
415305.0,4568525.0,2025-03-27
415315.0,4568525.0,2025-03-27
415325.0,4568525.0,2025-03-27
415335.0,4568525.0,2025-03-27
415345.0,4568525.0,2025-03-27
415355.0,4568525.0,2025-03-27
415365.0,4568525.0,2025-03-27
415375.0,4568525.0,2025-03-27
415385.0,4568525.0,2025-03-27
415395.0,4568525.0,2025-03-27
415405.0,4568525.0,2025-03-27
415415.0,4568525.0,2025-03-27
415425.0,4568525.0,2025-03-27
415435.0,4568525.0,2025-03-27
415445.0,4568525.0,2025-03-27
415455.0,4568525.0,2025-03-27
415465.0,4568525.0,2025-03-27
415475.0,4568525.0,2025-03-27
415485.0,4568525.0,2025-03-27
415495.0,4568525.0,2025-03-27
415505.0,4568525.0,2025-03-27
415515.0,4568525.0,2025-03-27
415525.0,4568525.0,2025-03-27
415535.0,4568525.0,2025-03-27
415545.0,4568525.0,2025-03-27
415555.0,4568525.0,2025-03-27
415565.0,4568525.0,2025-03-27
415575.0,4568525.0,2025-03-27
415585.0,4568525.0,2025-03-27
415595.0,4568525.0,2025-03-27
415605.0,4568525.0,2025-03-27
415615.0,4568525.0,2025-03-27
415625.0,4568525.0,2025-03-27
415635.0,4568525.0,2025-03-27
415645.0,4568525.0,2025-03-27
415655.0,4568525.0,2025-03-27
415665.0,4568525.0,2025-03-27
415675.0,4568525.0,2025-03-27
415685.0,4568525.0,2025-03-27
415695.0,4568525.0,2025-03-27
415705.0,4568525.0,2025-03-27
415715.0,4568525.0,2025-03-27
415725.0,4568525.0,2025-03-27
415735.0,4568525.0,2025-03-27
415745.0,4568525.0,2025-03-27
415755.0,4568525.0,2025-03-27
415765.0,4568525.0,2025-03-27
415775.0,4568525.0,2025-03-27
415785.0,4568525.0,2025-03-27
415795.0,4568525.0,2025-03-27
415805.0,4568525.0,2025-03-27
415815.0,4568525.0,2025-03-27
415825.0,4568525.0,2025-03-27
415835.0,4568525.0,2025-03-27
415845.0,4568525.0,2025-03-27
415855.0,4568525.0,2025-03-27
415865.0,4568525.0,2025-03-27
415875.0,4568525.0,2025-03-27
415885.0,4568525.0,2025-03-27
415895.0,4568525.0,2025-03-27
415905.0,4568525.0,2025-03-27
415915.0,4568525.0,2025-03-27
415925.0,4568525.0,2025-03-27
415935.0,4568525.0,2025-03-27
415945.0,4568525.0,2025-03-27
415955.0,4568525.0,2025-03-27
415965.0,4568525.0,2025-03-27
415975.0,4568525.0,2025-03-27
415985.0,4568525.0,2025-03-27
415995.0,4568525.0,2025-03-27
416005.0,4568525.0,2025-03-27
416015.0,4568525.0,2025-03-27
416025.0,4568525.0,2025-03-27
416035.0,4568525.0,2025-03-27
416045.0,4568525.0,2025-03-27
416055.0,4568525.0,2025-03-27
416065.0,4568525.0,2025-03-27
416075.0,4568525.0,2025-03-27
416085.0,4568525.0,2025-03-27
416095.0,4568525.0,2025-03-27
416105.0,4568525.0,2025-03-27
416115.0,4568525.0,2025-03-27
416125.0,4568525.0,2025-03-27
416135.0,4568525.0,2025-03-27
416145.0,4568525.0,2025-03-27
416155.0,4568525.0,2025-03-27
416165.0,4568525.0,2025-03-27
416175.0,4568525.0,2025-03-27
416185.0,4568525.0,2025-03-27
416195.0,4568525.0,2025-03-27
416205.0,4568525.0,2025-03-27
416215.0,4568525.0,2025-03-27
416225.0,4568525.0,2025-03-27
416235.0,4568525.0,2025-03-27
416245.0,4568525.0,2025-03-27
416255.0,4568525.0,2025-03-27
416265.0,4568525.0,2025-03-27
416275.0,4568525.0,2025-03-27
416285.0,4568525.0,2025-03-27
416295.0,4568525.0,2025-03-27
416305.0,4568525.0,2025-03-27
416315.0,4568525.0,2025-03-27
416325.0,4568525.0,2025-03-27
416335.0,4568525.0,2025-03-27
416345.0,4568525.0,2025-03-27
416355.0,4568525.0,2025-03-27
416365.0,4568525.0,2025-03-27
416375.0,4568525.0,2025-03-27
416385.0,4568525.0,2025-03-27
416395.0,4568525.0,2025-03-27
416405.0,4568525.0,2025-03-27
416415.0,4568525.0,2025-03-27
416425.0,4568525.0,2025-03-27
416435.0,4568525.0,2025-03-27
416445.0,4568525.0,2025-03-27
416455.0,4568525.0,2025-03-27
414265.0,4568515.0,2025-03-27
414275.0,4568515.0,2025-03-27
414285.0,4568515.0,2025-03-27
414295.0,4568515.0,2025-03-27
414305.0,4568515.0,2025-03-27
414315.0,4568515.0,2025-03-27
414325.0,4568515.0,2025-03-27
414335.0,4568515.0,2025-03-27
414345.0,4568515.0,2025-03-27
414355.0,4568515.0,2025-03-27
414365.0,4568515.0,2025-03-27
414375.0,4568515.0,2025-03-27
414385.0,4568515.0,2025-03-27
414395.0,4568515.0,2025-03-27
414405.0,4568515.0,2025-03-27
414415.0,4568515.0,2025-03-27
414425.0,4568515.0,2025-03-27
414435.0,4568515.0,2025-03-27
414445.0,4568515.0,2025-03-27
414455.0,4568515.0,2025-03-27
414465.0,4568515.0,2025-03-27
414475.0,4568515.0,2025-03-27
414485.0,4568515.0,2025-03-27
414495.0,4568515.0,2025-03-27
414505.0,4568515.0,2025-03-27
414515.0,4568515.0,2025-03-27
414525.0,4568515.0,2025-03-27
414535.0,4568515.0,2025-03-27
414545.0,4568515.0,2025-03-27
414555.0,4568515.0,2025-03-27
414565.0,4568515.0,2025-03-27
414575.0,4568515.0,2025-03-27
414585.0,4568515.0,2025-03-27
414595.0,4568515.0,2025-03-27
414605.0,4568515.0,2025-03-27
414615.0,4568515.0,2025-03-27
414625.0,4568515.0,2025-03-27
414635.0,4568515.0,2025-03-27
414645.0,4568515.0,2025-03-27
414655.0,4568515.0,2025-03-27
414665.0,4568515.0,2025-03-27
414675.0,4568515.0,2025-03-27
414685.0,4568515.0,2025-03-27
414695.0,4568515.0,2025-03-27
414705.0,4568515.0,2025-03-27
414715.0,4568515.0,2025-03-27
414725.0,4568515.0,2025-03-27
414735.0,4568515.0,2025-03-27
414745.0,4568515.0,2025-03-27
414755.0,4568515.0,2025-03-27
414765.0,4568515.0,2025-03-27
414775.0,4568515.0,2025-03-27
414785.0,4568515.0,2025-03-27
414795.0,4568515.0,2025-03-27
414805.0,4568515.0,2025-03-27
414815.0,4568515.0,2025-03-27
414825.0,4568515.0,2025-03-27
414835.0,4568515.0,2025-03-27
414845.0,4568515.0,2025-03-27
414855.0,4568515.0,2025-03-27
414865.0,4568515.0,2025-03-27
414875.0,4568515.0,2025-03-27
414885.0,4568515.0,2025-03-27
414895.0,4568515.0,2025-03-27
414905.0,4568515.0,2025-03-27
414915.0,4568515.0,2025-03-27
414925.0,4568515.0,2025-03-27
414935.0,4568515.0,2025-03-27
414945.0,4568515.0,2025-03-27
414955.0,4568515.0,2025-03-27
414965.0,4568515.0,2025-03-27
414975.0,4568515.0,2025-03-27
414985.0,4568515.0,2025-03-27
414995.0,4568515.0,2025-03-27
415005.0,4568515.0,2025-03-27
415015.0,4568515.0,2025-03-27
415025.0,4568515.0,2025-03-27
415035.0,4568515.0,2025-03-27
415045.0,4568515.0,2025-03-27
415055.0,4568515.0,2025-03-27
415065.0,4568515.0,2025-03-27
415075.0,4568515.0,2025-03-27
415085.0,4568515.0,2025-03-27
415095.0,4568515.0,2025-03-27
415105.0,4568515.0,2025-03-27
415115.0,4568515.0,2025-03-27
415125.0,4568515.0,2025-03-27
415135.0,4568515.0,2025-03-27
415145.0,4568515.0,2025-03-27
415155.0,4568515.0,2025-03-27
415165.0,4568515.0,2025-03-27
415175.0,4568515.0,2025-03-27
415185.0,4568515.0,2025-03-27
415195.0,4568515.0,2025-03-27
415205.0,4568515.0,2025-03-27
415215.0,4568515.0,2025-03-27
415225.0,4568515.0,2025-03-27
415235.0,4568515.0,2025-03-27
415245.0,4568515.0,2025-03-27
415255.0,4568515.0,2025-03-27
415265.0,4568515.0,2025-03-27
415275.0,4568515.0,2025-03-27
415285.0,4568515.0,2025-03-27
415295.0,4568515.0,2025-03-27
415305.0,4568515.0,2025-03-27
415315.0,4568515.0,2025-03-27
415325.0,4568515.0,2025-03-27
415335.0,4568515.0,2025-03-27
415345.0,4568515.0,2025-03-27
415355.0,4568515.0,2025-03-27
415365.0,4568515.0,2025-03-27
415375.0,4568515.0,2025-03-27
415385.0,4568515.0,2025-03-27
415395.0,4568515.0,2025-03-27
415405.0,4568515.0,2025-03-27
415415.0,4568515.0,2025-03-27
415425.0,4568515.0,2025-03-27
415435.0,4568515.0,2025-03-27
415445.0,4568515.0,2025-03-27
415455.0,4568515.0,2025-03-27
415465.0,4568515.0,2025-03-27
415475.0,4568515.0,2025-03-27
415485.0,4568515.0,2025-03-27
415495.0,4568515.0,2025-03-27
415505.0,4568515.0,2025-03-27
415515.0,4568515.0,2025-03-27
415525.0,4568515.0,2025-03-27
415535.0,4568515.0,2025-03-27
415545.0,4568515.0,2025-03-27
415555.0,4568515.0,2025-03-27
415565.0,4568515.0,2025-03-27
415575.0,4568515.0,2025-03-27
415585.0,4568515.0,2025-03-27
415595.0,4568515.0,2025-03-27
415605.0,4568515.0,2025-03-27
415615.0,4568515.0,2025-03-27
415625.0,4568515.0,2025-03-27
415635.0,4568515.0,2025-03-27
415645.0,4568515.0,2025-03-27
415655.0,4568515.0,2025-03-27
415665.0,4568515.0,2025-03-27
415675.0,4568515.0,2025-03-27
415685.0,4568515.0,2025-03-27
415695.0,4568515.0,2025-03-27
415705.0,4568515.0,2025-03-27
415715.0,4568515.0,2025-03-27
415725.0,4568515.0,2025-03-27
415735.0,4568515.0,2025-03-27
415745.0,4568515.0,2025-03-27
415755.0,4568515.0,2025-03-27
415765.0,4568515.0,2025-03-27
415775.0,4568515.0,2025-03-27
415785.0,4568515.0,2025-03-27
415795.0,4568515.0,2025-03-27
415805.0,4568515.0,2025-03-27
415815.0,4568515.0,2025-03-27
415825.0,4568515.0,2025-03-27
415835.0,4568515.0,2025-03-27
415845.0,4568515.0,2025-03-27
415855.0,4568515.0,2025-03-27
415865.0,4568515.0,2025-03-27
415875.0,4568515.0,2025-03-27
415885.0,4568515.0,2025-03-27
415895.0,4568515.0,2025-03-27
415905.0,4568515.0,2025-03-27
415915.0,4568515.0,2025-03-27
415925.0,4568515.0,2025-03-27
415935.0,4568515.0,2025-03-27
415945.0,4568515.0,2025-03-27
415955.0,4568515.0,2025-03-27
415965.0,4568515.0,2025-03-27
415975.0,4568515.0,2025-03-27
415985.0,4568515.0,2025-03-27
415995.0,4568515.0,2025-03-27
416005.0,4568515.0,2025-03-27
416015.0,4568515.0,2025-03-27
416025.0,4568515.0,2025-03-27
416035.0,4568515.0,2025-03-27
416045.0,4568515.0,2025-03-27
416055.0,4568515.0,2025-03-27
416065.0,4568515.0,2025-03-27
416075.0,4568515.0,2025-03-27
416085.0,4568515.0,2025-03-27
416095.0,4568515.0,2025-03-27
416105.0,4568515.0,2025-03-27
416115.0,4568515.0,2025-03-27
416125.0,4568515.0,2025-03-27
416135.0,4568515.0,2025-03-27
416145.0,4568515.0,2025-03-27
416155.0,4568515.0,2025-03-27
416165.0,4568515.0,2025-03-27
416175.0,4568515.0,2025-03-27
416185.0,4568515.0,2025-03-27
416195.0,4568515.0,2025-03-27
416205.0,4568515.0,2025-03-27
416215.0,4568515.0,2025-03-27
416225.0,4568515.0,2025-03-27
416235.0,4568515.0,2025-03-27
416245.0,4568515.0,2025-03-27
416255.0,4568515.0,2025-03-27
416265.0,4568515.0,2025-03-27
416275.0,4568515.0,2025-03-27
416285.0,4568515.0,2025-03-27
416295.0,4568515.0,2025-03-27
416305.0,4568515.0,2025-03-27
416315.0,4568515.0,2025-03-27
416325.0,4568515.0,2025-03-27
416335.0,4568515.0,2025-03-27
416345.0,4568515.0,2025-03-27
416355.0,4568515.0,2025-03-27
416365.0,4568515.0,2025-03-27
416375.0,4568515.0,2025-03-27
416385.0,4568515.0,2025-03-27
416395.0,4568515.0,2025-03-27
416405.0,4568515.0,2025-03-27
416415.0,4568515.0,2025-03-27
416425.0,4568515.0,2025-03-27
416435.0,4568515.0,2025-03-27
416445.0,4568515.0,2025-03-27
416455.0,4568515.0,2025-03-27
415115.0,4568505.0,2025-03-27
415125.0,4568505.0,2025-03-27
415135.0,4568505.0,2025-03-27
415145.0,4568505.0,2025-03-27
415155.0,4568505.0,2025-03-27
415165.0,4568505.0,2025-03-27
415175.0,4568505.0,2025-03-27
415185.0,4568505.0,2025-03-27
415195.0,4568505.0,2025-03-27
415205.0,4568505.0,2025-03-27
415215.0,4568505.0,2025-03-27
415225.0,4568505.0,2025-03-27
415235.0,4568505.0,2025-03-27
415245.0,4568505.0,2025-03-27
415255.0,4568505.0,2025-03-27
415265.0,4568505.0,2025-03-27
415275.0,4568505.0,2025-03-27
415285.0,4568505.0,2025-03-27
415295.0,4568505.0,2025-03-27
415305.0,4568505.0,2025-03-27
415315.0,4568505.0,2025-03-27
415325.0,4568505.0,2025-03-27
415335.0,4568505.0,2025-03-27
415345.0,4568505.0,2025-03-27
415355.0,4568505.0,2025-03-27
415365.0,4568505.0,2025-03-27
415375.0,4568505.0,2025-03-27
415385.0,4568505.0,2025-03-27
415395.0,4568505.0,2025-03-27
415405.0,4568505.0,2025-03-27
415415.0,4568505.0,2025-03-27
415425.0,4568505.0,2025-03-27
415435.0,4568505.0,2025-03-27
415445.0,4568505.0,2025-03-27
415455.0,4568505.0,2025-03-27
415465.0,4568505.0,2025-03-27
415475.0,4568505.0,2025-03-27
415485.0,4568505.0,2025-03-27
415495.0,4568505.0,2025-03-27
415505.0,4568505.0,2025-03-27
415515.0,4568505.0,2025-03-27
415525.0,4568505.0,2025-03-27
415535.0,4568505.0,2025-03-27
415545.0,4568505.0,2025-03-27
415555.0,4568505.0,2025-03-27
415565.0,4568505.0,2025-03-27
415575.0,4568505.0,2025-03-27
415585.0,4568505.0,2025-03-27
415595.0,4568505.0,2025-03-27
415605.0,4568505.0,2025-03-27
415615.0,4568505.0,2025-03-27
415625.0,4568505.0,2025-03-27
415635.0,4568505.0,2025-03-27
415645.0,4568505.0,2025-03-27
415655.0,4568505.0,2025-03-27
415665.0,4568505.0,2025-03-27
415675.0,4568505.0,2025-03-27
415685.0,4568505.0,2025-03-27
415695.0,4568505.0,2025-03-27
415705.0,4568505.0,2025-03-27
415715.0,4568505.0,2025-03-27
415725.0,4568505.0,2025-03-27
415735.0,4568505.0,2025-03-27
415745.0,4568505.0,2025-03-27
415755.0,4568505.0,2025-03-27
415765.0,4568505.0,2025-03-27
415775.0,4568505.0,2025-03-27
415785.0,4568505.0,2025-03-27
415795.0,4568505.0,2025-03-27
415805.0,4568505.0,2025-03-27
415815.0,4568505.0,2025-03-27
415825.0,4568505.0,2025-03-27
415835.0,4568505.0,2025-03-27
415845.0,4568505.0,2025-03-27
415855.0,4568505.0,2025-03-27
415865.0,4568505.0,2025-03-27
415875.0,4568505.0,2025-03-27
415885.0,4568505.0,2025-03-27
415895.0,4568505.0,2025-03-27
415905.0,4568505.0,2025-03-27
415915.0,4568505.0,2025-03-27
415925.0,4568505.0,2025-03-27
415935.0,4568505.0,2025-03-27
415945.0,4568505.0,2025-03-27
415955.0,4568505.0,2025-03-27
415965.0,4568505.0,2025-03-27
415975.0,4568505.0,2025-03-27
415985.0,4568505.0,2025-03-27
415995.0,4568505.0,2025-03-27
416005.0,4568505.0,2025-03-27
416015.0,4568505.0,2025-03-27
416025.0,4568505.0,2025-03-27
416035.0,4568505.0,2025-03-27
416045.0,4568505.0,2025-03-27
416055.0,4568505.0,2025-03-27
416065.0,4568505.0,2025-03-27
416075.0,4568505.0,2025-03-27
416085.0,4568505.0,2025-03-27
416095.0,4568505.0,2025-03-27
416105.0,4568505.0,2025-03-27
416115.0,4568505.0,2025-03-27
416125.0,4568505.0,2025-03-27
416135.0,4568505.0,2025-03-27
416145.0,4568505.0,2025-03-27
416155.0,4568505.0,2025-03-27
416165.0,4568505.0,2025-03-27
416175.0,4568505.0,2025-03-27
416185.0,4568505.0,2025-03-27
416195.0,4568505.0,2025-03-27
416205.0,4568505.0,2025-03-27
416215.0,4568505.0,2025-03-27
416225.0,4568505.0,2025-03-27
416235.0,4568505.0,2025-03-27
416245.0,4568505.0,2025-03-27
416255.0,4568505.0,2025-03-27
416265.0,4568505.0,2025-03-27
416275.0,4568505.0,2025-03-27
416285.0,4568505.0,2025-03-27
416295.0,4568505.0,2025-03-27
416305.0,4568505.0,2025-03-27
416315.0,4568505.0,2025-03-27
416325.0,4568505.0,2025-03-27
416335.0,4568505.0,2025-03-27
416345.0,4568505.0,2025-03-27
416355.0,4568505.0,2025-03-27
416365.0,4568505.0,2025-03-27
416375.0,4568505.0,2025-03-27
416385.0,4568505.0,2025-03-27
416395.0,4568505.0,2025-03-27
416405.0,4568505.0,2025-03-27
416415.0,4568505.0,2025-03-27
416425.0,4568505.0,2025-03-27
416435.0,4568505.0,2025-03-27
416445.0,4568505.0,2025-03-27
416455.0,4568505.0,2025-03-27
415965.0,4568495.0,2025-03-27
415975.0,4568495.0,2025-03-27
415985.0,4568495.0,2025-03-27
415995.0,4568495.0,2025-03-27
416005.0,4568495.0,2025-03-27
416015.0,4568495.0,2025-03-27
416025.0,4568495.0,2025-03-27
416035.0,4568495.0,2025-03-27
416045.0,4568495.0,2025-03-27
416055.0,4568495.0,2025-03-27
416065.0,4568495.0,2025-03-27
416075.0,4568495.0,2025-03-27
416085.0,4568495.0,2025-03-27
416095.0,4568495.0,2025-03-27
416105.0,4568495.0,2025-03-27
416115.0,4568495.0,2025-03-27
416125.0,4568495.0,2025-03-27
416135.0,4568495.0,2025-03-27
416145.0,4568495.0,2025-03-27
416155.0,4568495.0,2025-03-27
416165.0,4568495.0,2025-03-27
416175.0,4568495.0,2025-03-27
416185.0,4568495.0,2025-03-27
416195.0,4568495.0,2025-03-27
416205.0,4568495.0,2025-03-27
416215.0,4568495.0,2025-03-27
416225.0,4568495.0,2025-03-27
416235.0,4568495.0,2025-03-27
416245.0,4568495.0,2025-03-27
416255.0,4568495.0,2025-03-27
416265.0,4568495.0,2025-03-27
416275.0,4568495.0,2025-03-27
416285.0,4568495.0,2025-03-27
416295.0,4568495.0,2025-03-27
416305.0,4568495.0,2025-03-27
416315.0,4568495.0,2025-03-27
416325.0,4568495.0,2025-03-27
416335.0,4568495.0,2025-03-27
416345.0,4568495.0,2025-03-27
416355.0,4568495.0,2025-03-27
416365.0,4568495.0,2025-03-27
416375.0,4568495.0,2025-03-27
416385.0,4568495.0,2025-03-27
416395.0,4568495.0,2025-03-27
416405.0,4568495.0,2025-03-27
416415.0,4568495.0,2025-03-27
416425.0,4568495.0,2025-03-27
416435.0,4568495.0,2025-03-27
416445.0,4568495.0,2025-03-27
416455.0,4568495.0,2025-03-27
