411745.0,4568635.0,2025-06-22
411755.0,4568635.0,2025-06-22
411765.0,4568635.0,2025-06-22
411775.0,4568635.0,2025-06-22
411785.0,4568635.0,2025-06-22
411795.0,4568635.0,2025-06-22
411805.0,4568635.0,2025-06-22
411815.0,4568635.0,2025-06-22
411825.0,4568635.0,2025-06-22
411835.0,4568635.0,2025-06-22
411845.0,4568635.0,2025-06-22
411855.0,4568635.0,2025-06-22
411865.0,4568635.0,2025-06-22
411875.0,4568635.0,2025-06-22
411885.0,4568635.0,2025-06-22
411895.0,4568635.0,2025-06-22
411905.0,4568635.0,2025-06-22
411915.0,4568635.0,2025-06-22
411925.0,4568635.0,2025-06-22
411935.0,4568635.0,2025-06-22
411945.0,4568635.0,2025-06-22
411955.0,4568635.0,2025-06-22
411965.0,4568635.0,2025-06-22
411975.0,4568635.0,2025-06-22
411985.0,4568635.0,2025-06-22
411995.0,4568635.0,2025-06-22
412005.0,4568635.0,2025-06-22
412015.0,4568635.0,2025-06-22
412025.0,4568635.0,2025-06-22
412035.0,4568635.0,2025-06-22
412045.0,4568635.0,2025-06-22
412055.0,4568635.0,2025-06-22
412065.0,4568635.0,2025-06-22
412075.0,4568635.0,2025-06-22
412085.0,4568635.0,2025-06-22
412095.0,4568635.0,2025-06-22
412105.0,4568635.0,2025-06-22
412115.0,4568635.0,2025-06-22
412125.0,4568635.0,2025-06-22
412135.0,4568635.0,2025-06-22
412145.0,4568635.0,2025-06-22
412155.0,4568635.0,2025-06-22
412165.0,4568635.0,2025-06-22
412175.0,4568635.0,2025-06-22
412185.0,4568635.0,2025-06-22
412195.0,4568635.0,2025-06-22
412205.0,4568635.0,2025-06-22
412215.0,4568635.0,2025-06-22
412225.0,4568635.0,2025-06-22
412235.0,4568635.0,2025-06-22
412245.0,4568635.0,2025-06-22
411745.0,4568625.0,2025-06-22
411755.0,4568625.0,2025-06-22
411765.0,4568625.0,2025-06-22
411775.0,4568625.0,2025-06-22
411785.0,4568625.0,2025-06-22
411795.0,4568625.0,2025-06-22
411805.0,4568625.0,2025-06-22
411815.0,4568625.0,2025-06-22
411825.0,4568625.0,2025-06-22
411835.0,4568625.0,2025-06-22
411845.0,4568625.0,2025-06-22
411855.0,4568625.0,2025-06-22
411865.0,4568625.0,2025-06-22
411875.0,4568625.0,2025-06-22
411885.0,4568625.0,2025-06-22
411895.0,4568625.0,2025-06-22
411905.0,4568625.0,2025-06-22
411915.0,4568625.0,2025-06-22
411925.0,4568625.0,2025-06-22
411935.0,4568625.0,2025-06-22
411945.0,4568625.0,2025-06-22
411955.0,4568625.0,2025-06-22
411965.0,4568625.0,2025-06-22
411975.0,4568625.0,2025-06-22
411985.0,4568625.0,2025-06-22
411995.0,4568625.0,2025-06-22
412005.0,4568625.0,2025-06-22
412015.0,4568625.0,2025-06-22
412025.0,4568625.0,2025-06-22
412035.0,4568625.0,2025-06-22
412045.0,4568625.0,2025-06-22
412055.0,4568625.0,2025-06-22
412065.0,4568625.0,2025-06-22
412075.0,4568625.0,2025-06-22
412085.0,4568625.0,2025-06-22
412095.0,4568625.0,2025-06-22
412105.0,4568625.0,2025-06-22
412115.0,4568625.0,2025-06-22
412125.0,4568625.0,2025-06-22
412135.0,4568625.0,2025-06-22
412145.0,4568625.0,2025-06-22
412155.0,4568625.0,2025-06-22
412165.0,4568625.0,2025-06-22
412175.0,4568625.0,2025-06-22
412185.0,4568625.0,2025-06-22
412195.0,4568625.0,2025-06-22
412205.0,4568625.0,2025-06-22
412215.0,4568625.0,2025-06-22
412225.0,4568625.0,2025-06-22
412235.0,4568625.0,2025-06-22
412245.0,4568625.0,2025-06-22
412255.0,4568625.0,2025-06-22
412265.0,4568625.0,2025-06-22
412275.0,4568625.0,2025-06-22
412285.0,4568625.0,2025-06-22
412295.0,4568625.0,2025-06-22
412305.0,4568625.0,2025-06-22
412315.0,4568625.0,2025-06-22
412325.0,4568625.0,2025-06-22
412335.0,4568625.0,2025-06-22
412345.0,4568625.0,2025-06-22
412355.0,4568625.0,2025-06-22
412365.0,4568625.0,2025-06-22
412375.0,4568625.0,2025-06-22
412385.0,4568625.0,2025-06-22
412395.0,4568625.0,2025-06-22
412405.0,4568625.0,2025-06-22
412415.0,4568625.0,2025-06-22
412425.0,4568625.0,2025-06-22
412435.0,4568625.0,2025-06-22
412445.0,4568625.0,2025-06-22
412455.0,4568625.0,2025-06-22
412465.0,4568625.0,2025-06-22
412475.0,4568625.0,2025-06-22
412485.0,4568625.0,2025-06-22
412495.0,4568625.0,2025-06-22
412505.0,4568625.0,2025-06-22
412515.0,4568625.0,2025-06-22
412525.0,4568625.0,2025-06-22
412535.0,4568625.0,2025-06-22
412545.0,4568625.0,2025-06-22
412555.0,4568625.0,2025-06-22
412565.0,4568625.0,2025-06-22
412575.0,4568625.0,2025-06-22
412585.0,4568625.0,2025-06-22
412595.0,4568625.0,2025-06-22
412605.0,4568625.0,2025-06-22
412615.0,4568625.0,2025-06-22
412625.0,4568625.0,2025-06-22
412635.0,4568625.0,2025-06-22
412645.0,4568625.0,2025-06-22
412655.0,4568625.0,2025-06-22
412665.0,4568625.0,2025-06-22
412675.0,4568625.0,2025-06-22
412685.0,4568625.0,2025-06-22
412695.0,4568625.0,2025-06-22
412705.0,4568625.0,2025-06-22
412715.0,4568625.0,2025-06-22
412725.0,4568625.0,2025-06-22
412735.0,4568625.0,2025-06-22
412745.0,4568625.0,2025-06-22
412755.0,4568625.0,2025-06-22
412765.0,4568625.0,2025-06-22
412775.0,4568625.0,2025-06-22
412785.0,4568625.0,2025-06-22
412795.0,4568625.0,2025-06-22
412805.0,4568625.0,2025-06-22
412815.0,4568625.0,2025-06-22
412825.0,4568625.0,2025-06-22
412835.0,4568625.0,2025-06-22
412845.0,4568625.0,2025-06-22
412855.0,4568625.0,2025-06-22
412865.0,4568625.0,2025-06-22
412875.0,4568625.0,2025-06-22
412885.0,4568625.0,2025-06-22
412895.0,4568625.0,2025-06-22
412905.0,4568625.0,2025-06-22
412915.0,4568625.0,2025-06-22
412925.0,4568625.0,2025-06-22
412935.0,4568625.0,2025-06-22
412945.0,4568625.0,2025-06-22
412955.0,4568625.0,2025-06-22
412965.0,4568625.0,2025-06-22
412975.0,4568625.0,2025-06-22
412985.0,4568625.0,2025-06-22
412995.0,4568625.0,2025-06-22
413005.0,4568625.0,2025-06-22
413015.0,4568625.0,2025-06-22
413025.0,4568625.0,2025-06-22
413035.0,4568625.0,2025-06-22
413045.0,4568625.0,2025-06-22
413055.0,4568625.0,2025-06-22
413065.0,4568625.0,2025-06-22
413075.0,4568625.0,2025-06-22
413085.0,4568625.0,2025-06-22
413095.0,4568625.0,2025-06-22
411745.0,4568615.0,2025-06-22
411755.0,4568615.0,2025-06-22
411765.0,4568615.0,2025-06-22
411775.0,4568615.0,2025-06-22
411785.0,4568615.0,2025-06-22
411795.0,4568615.0,2025-06-22
411805.0,4568615.0,2025-06-22
411815.0,4568615.0,2025-06-22
411825.0,4568615.0,2025-06-22
411835.0,4568615.0,2025-06-22
411845.0,4568615.0,2025-06-22
411855.0,4568615.0,2025-06-22
411865.0,4568615.0,2025-06-22
411875.0,4568615.0,2025-06-22
411885.0,4568615.0,2025-06-22
411895.0,4568615.0,2025-06-22
411905.0,4568615.0,2025-06-22
411915.0,4568615.0,2025-06-22
411925.0,4568615.0,2025-06-22
411935.0,4568615.0,2025-06-22
411945.0,4568615.0,2025-06-22
411955.0,4568615.0,2025-06-22
411965.0,4568615.0,2025-06-22
411975.0,4568615.0,2025-06-22
411985.0,4568615.0,2025-06-22
411995.0,4568615.0,2025-06-22
412005.0,4568615.0,2025-06-22
412015.0,4568615.0,2025-06-22
412025.0,4568615.0,2025-06-22
412035.0,4568615.0,2025-06-22
412045.0,4568615.0,2025-06-22
412055.0,4568615.0,2025-06-22
412065.0,4568615.0,2025-06-22
412075.0,4568615.0,2025-06-22
412085.0,4568615.0,2025-06-22
412095.0,4568615.0,2025-06-22
412105.0,4568615.0,2025-06-22
412115.0,4568615.0,2025-06-22
412125.0,4568615.0,2025-06-22
412135.0,4568615.0,2025-06-22
412145.0,4568615.0,2025-06-22
412155.0,4568615.0,2025-06-22
412165.0,4568615.0,2025-06-22
412175.0,4568615.0,2025-06-22
412185.0,4568615.0,2025-06-22
412195.0,4568615.0,2025-06-22
412205.0,4568615.0,2025-06-22
412215.0,4568615.0,2025-06-22
412225.0,4568615.0,2025-06-22
412235.0,4568615.0,2025-06-22
412245.0,4568615.0,2025-06-22
412255.0,4568615.0,2025-06-22
412265.0,4568615.0,2025-06-22
412275.0,4568615.0,2025-06-22
412285.0,4568615.0,2025-06-22
412295.0,4568615.0,2025-06-22
412305.0,4568615.0,2025-06-22
412315.0,4568615.0,2025-06-22
412325.0,4568615.0,2025-06-22
412335.0,4568615.0,2025-06-22
412345.0,4568615.0,2025-06-22
412355.0,4568615.0,2025-06-22
412365.0,4568615.0,2025-06-22
412375.0,4568615.0,2025-06-22
412385.0,4568615.0,2025-06-22
412395.0,4568615.0,2025-06-22
412405.0,4568615.0,2025-06-22
412415.0,4568615.0,2025-06-22
412425.0,4568615.0,2025-06-22
412435.0,4568615.0,2025-06-22
412445.0,4568615.0,2025-06-22
412455.0,4568615.0,2025-06-22
412465.0,4568615.0,2025-06-22
412475.0,4568615.0,2025-06-22
412485.0,4568615.0,2025-06-22
412495.0,4568615.0,2025-06-22
412505.0,4568615.0,2025-06-22
412515.0,4568615.0,2025-06-22
412525.0,4568615.0,2025-06-22
412535.0,4568615.0,2025-06-22
412545.0,4568615.0,2025-06-22
412555.0,4568615.0,2025-06-22
412565.0,4568615.0,2025-06-22
412575.0,4568615.0,2025-06-22
412585.0,4568615.0,2025-06-22
412595.0,4568615.0,2025-06-22
412605.0,4568615.0,2025-06-22
412615.0,4568615.0,2025-06-22
412625.0,4568615.0,2025-06-22
412635.0,4568615.0,2025-06-22
412645.0,4568615.0,2025-06-22
412655.0,4568615.0,2025-06-22
412665.0,4568615.0,2025-06-22
412675.0,4568615.0,2025-06-22
412685.0,4568615.0,2025-06-22
412695.0,4568615.0,2025-06-22
412705.0,4568615.0,2025-06-22
412715.0,4568615.0,2025-06-22
412725.0,4568615.0,2025-06-22
412735.0,4568615.0,2025-06-22
412745.0,4568615.0,2025-06-22
412755.0,4568615.0,2025-06-22
412765.0,4568615.0,2025-06-22
412775.0,4568615.0,2025-06-22
412785.0,4568615.0,2025-06-22
412795.0,4568615.0,2025-06-22
412805.0,4568615.0,2025-06-22
412815.0,4568615.0,2025-06-22
412825.0,4568615.0,2025-06-22
412835.0,4568615.0,2025-06-22
412845.0,4568615.0,2025-06-22
412855.0,4568615.0,2025-06-22
412865.0,4568615.0,2025-06-22
412875.0,4568615.0,2025-06-22
412885.0,4568615.0,2025-06-22
412895.0,4568615.0,2025-06-22
412905.0,4568615.0,2025-06-22
412915.0,4568615.0,2025-06-22
412925.0,4568615.0,2025-06-22
412935.0,4568615.0,2025-06-22
412945.0,4568615.0,2025-06-22
412955.0,4568615.0,2025-06-22
412965.0,4568615.0,2025-06-22
412975.0,4568615.0,2025-06-22
412985.0,4568615.0,2025-06-22
412995.0,4568615.0,2025-06-22
413005.0,4568615.0,2025-06-22
413015.0,4568615.0,2025-06-22
413025.0,4568615.0,2025-06-22
413035.0,4568615.0,2025-06-22
413045.0,4568615.0,2025-06-22
413055.0,4568615.0,2025-06-22
413065.0,4568615.0,2025-06-22
413075.0,4568615.0,2025-06-22
413085.0,4568615.0,2025-06-22
413095.0,4568615.0,2025-06-22
413105.0,4568615.0,2025-06-22
413115.0,4568615.0,2025-06-22
413125.0,4568615.0,2025-06-22
413135.0,4568615.0,2025-06-22
413145.0,4568615.0,2025-06-22
413155.0,4568615.0,2025-06-22
413165.0,4568615.0,2025-06-22
413175.0,4568615.0,2025-06-22
413185.0,4568615.0,2025-06-22
413195.0,4568615.0,2025-06-22
413205.0,4568615.0,2025-06-22
413215.0,4568615.0,2025-06-22
413225.0,4568615.0,2025-06-22
413235.0,4568615.0,2025-06-22
413245.0,4568615.0,2025-06-22
413255.0,4568615.0,2025-06-22
413265.0,4568615.0,2025-06-22
413275.0,4568615.0,2025-06-22
413285.0,4568615.0,2025-06-22
413295.0,4568615.0,2025-06-22
413305.0,4568615.0,2025-06-22
413315.0,4568615.0,2025-06-22
413325.0,4568615.0,2025-06-22
413335.0,4568615.0,2025-06-22
413345.0,4568615.0,2025-06-22
413355.0,4568615.0,2025-06-22
413365.0,4568615.0,2025-06-22
413375.0,4568615.0,2025-06-22
413385.0,4568615.0,2025-06-22
413395.0,4568615.0,2025-06-22
413405.0,4568615.0,2025-06-22
413415.0,4568615.0,2025-06-22
413425.0,4568615.0,2025-06-22
413435.0,4568615.0,2025-06-22
413445.0,4568615.0,2025-06-22
413455.0,4568615.0,2025-06-22
413465.0,4568615.0,2025-06-22
413475.0,4568615.0,2025-06-22
413485.0,4568615.0,2025-06-22
413495.0,4568615.0,2025-06-22
413505.0,4568615.0,2025-06-22
413515.0,4568615.0,2025-06-22
413525.0,4568615.0,2025-06-22
413535.0,4568615.0,2025-06-22
413545.0,4568615.0,2025-06-22
413555.0,4568615.0,2025-06-22
413565.0,4568615.0,2025-06-22
413575.0,4568615.0,2025-06-22
413585.0,4568615.0,2025-06-22
413595.0,4568615.0,2025-06-22
413605.0,4568615.0,2025-06-22
413615.0,4568615.0,2025-06-22
413625.0,4568615.0,2025-06-22
413635.0,4568615.0,2025-06-22
413645.0,4568615.0,2025-06-22
413655.0,4568615.0,2025-06-22
413665.0,4568615.0,2025-06-22
413675.0,4568615.0,2025-06-22
413685.0,4568615.0,2025-06-22
413695.0,4568615.0,2025-06-22
413705.0,4568615.0,2025-06-22
413715.0,4568615.0,2025-06-22
413725.0,4568615.0,2025-06-22
413735.0,4568615.0,2025-06-22
413745.0,4568615.0,2025-06-22
413755.0,4568615.0,2025-06-22
413765.0,4568615.0,2025-06-22
413775.0,4568615.0,2025-06-22
413785.0,4568615.0,2025-06-22
413795.0,4568615.0,2025-06-22
413805.0,4568615.0,2025-06-22
413815.0,4568615.0,2025-06-22
413825.0,4568615.0,2025-06-22
413835.0,4568615.0,2025-06-22
413845.0,4568615.0,2025-06-22
413855.0,4568615.0,2025-06-22
413865.0,4568615.0,2025-06-22
413875.0,4568615.0,2025-06-22
413885.0,4568615.0,2025-06-22
413895.0,4568615.0,2025-06-22
413905.0,4568615.0,2025-06-22
413915.0,4568615.0,2025-06-22
413925.0,4568615.0,2025-06-22
413935.0,4568615.0,2025-06-22
411745.0,4568605.0,2025-06-22
411755.0,4568605.0,2025-06-22
411765.0,4568605.0,2025-06-22
411775.0,4568605.0,2025-06-22
411785.0,4568605.0,2025-06-22
411795.0,4568605.0,2025-06-22
411805.0,4568605.0,2025-06-22
411815.0,4568605.0,2025-06-22
411825.0,4568605.0,2025-06-22
411835.0,4568605.0,2025-06-22
411845.0,4568605.0,2025-06-22
411855.0,4568605.0,2025-06-22
411865.0,4568605.0,2025-06-22
411875.0,4568605.0,2025-06-22
411885.0,4568605.0,2025-06-22
411895.0,4568605.0,2025-06-22
411905.0,4568605.0,2025-06-22
411915.0,4568605.0,2025-06-22
411925.0,4568605.0,2025-06-22
411935.0,4568605.0,2025-06-22
411945.0,4568605.0,2025-06-22
411955.0,4568605.0,2025-06-22
411965.0,4568605.0,2025-06-22
411975.0,4568605.0,2025-06-22
411985.0,4568605.0,2025-06-22
411995.0,4568605.0,2025-06-22
412005.0,4568605.0,2025-06-22
412015.0,4568605.0,2025-06-22
412025.0,4568605.0,2025-06-22
412035.0,4568605.0,2025-06-22
412045.0,4568605.0,2025-06-22
412055.0,4568605.0,2025-06-22
412065.0,4568605.0,2025-06-22
412075.0,4568605.0,2025-06-22
412085.0,4568605.0,2025-06-22
412095.0,4568605.0,2025-06-22
412105.0,4568605.0,2025-06-22
412125.0,4568605.0,2025-06-22
412135.0,4568605.0,2025-06-22
412145.0,4568605.0,2025-06-22
412155.0,4568605.0,2025-06-22
412165.0,4568605.0,2025-06-22
412175.0,4568605.0,2025-06-22
412185.0,4568605.0,2025-06-22
412195.0,4568605.0,2025-06-22
412205.0,4568605.0,2025-06-22
412215.0,4568605.0,2025-06-22
412225.0,4568605.0,2025-06-22
412235.0,4568605.0,2025-06-22
412245.0,4568605.0,2025-06-22
412255.0,4568605.0,2025-06-22
412265.0,4568605.0,2025-06-22
412275.0,4568605.0,2025-06-22
412285.0,4568605.0,2025-06-22
412295.0,4568605.0,2025-06-22
412305.0,4568605.0,2025-06-22
412315.0,4568605.0,2025-06-22
412325.0,4568605.0,2025-06-22
412335.0,4568605.0,2025-06-22
412345.0,4568605.0,2025-06-22
412355.0,4568605.0,2025-06-22
412365.0,4568605.0,2025-06-22
412375.0,4568605.0,2025-06-22
412385.0,4568605.0,2025-06-22
412395.0,4568605.0,2025-06-22
412405.0,4568605.0,2025-06-22
412415.0,4568605.0,2025-06-22
412425.0,4568605.0,2025-06-22
412435.0,4568605.0,2025-06-22
412445.0,4568605.0,2025-06-22
412455.0,4568605.0,2025-06-22
412465.0,4568605.0,2025-06-22
412475.0,4568605.0,2025-06-22
412485.0,4568605.0,2025-06-22
412495.0,4568605.0,2025-06-22
412505.0,4568605.0,2025-06-22
412515.0,4568605.0,2025-06-22
412525.0,4568605.0,2025-06-22
412535.0,4568605.0,2025-06-22
412545.0,4568605.0,2025-06-22
412555.0,4568605.0,2025-06-22
412565.0,4568605.0,2025-06-22
412575.0,4568605.0,2025-06-22
412585.0,4568605.0,2025-06-22
412595.0,4568605.0,2025-06-22
412605.0,4568605.0,2025-06-22
412615.0,4568605.0,2025-06-22
412625.0,4568605.0,2025-06-22
412635.0,4568605.0,2025-06-22
412645.0,4568605.0,2025-06-22
412655.0,4568605.0,2025-06-22
412665.0,4568605.0,2025-06-22
412675.0,4568605.0,2025-06-22
412685.0,4568605.0,2025-06-22
412695.0,4568605.0,2025-06-22
412705.0,4568605.0,2025-06-22
412715.0,4568605.0,2025-06-22
412725.0,4568605.0,2025-06-22
412735.0,4568605.0,2025-06-22
412745.0,4568605.0,2025-06-22
412755.0,4568605.0,2025-06-22
412765.0,4568605.0,2025-06-22
412775.0,4568605.0,2025-06-22
412785.0,4568605.0,2025-06-22
412795.0,4568605.0,2025-06-22
412805.0,4568605.0,2025-06-22
412815.0,4568605.0,2025-06-22
412825.0,4568605.0,2025-06-22
412835.0,4568605.0,2025-06-22
412845.0,4568605.0,2025-06-22
412855.0,4568605.0,2025-06-22
412865.0,4568605.0,2025-06-22
412875.0,4568605.0,2025-06-22
412885.0,4568605.0,2025-06-22
412895.0,4568605.0,2025-06-22
412905.0,4568605.0,2025-06-22
412915.0,4568605.0,2025-06-22
412925.0,4568605.0,2025-06-22
412935.0,4568605.0,2025-06-22
412945.0,4568605.0,2025-06-22
412955.0,4568605.0,2025-06-22
412965.0,4568605.0,2025-06-22
412975.0,4568605.0,2025-06-22
412985.0,4568605.0,2025-06-22
412995.0,4568605.0,2025-06-22
413005.0,4568605.0,2025-06-22
413015.0,4568605.0,2025-06-22
413025.0,4568605.0,2025-06-22
413035.0,4568605.0,2025-06-22
413045.0,4568605.0,2025-06-22
413055.0,4568605.0,2025-06-22
413065.0,4568605.0,2025-06-22
413075.0,4568605.0,2025-06-22
413085.0,4568605.0,2025-06-22
413095.0,4568605.0,2025-06-22
413105.0,4568605.0,2025-06-22
413115.0,4568605.0,2025-06-22
413125.0,4568605.0,2025-06-22
413135.0,4568605.0,2025-06-22
413145.0,4568605.0,2025-06-22
413155.0,4568605.0,2025-06-22
413165.0,4568605.0,2025-06-22
413175.0,4568605.0,2025-06-22
413185.0,4568605.0,2025-06-22
413195.0,4568605.0,2025-06-22
413205.0,4568605.0,2025-06-22
413215.0,4568605.0,2025-06-22
413225.0,4568605.0,2025-06-22
413235.0,4568605.0,2025-06-22
413245.0,4568605.0,2025-06-22
413255.0,4568605.0,2025-06-22
413265.0,4568605.0,2025-06-22
413275.0,4568605.0,2025-06-22
413285.0,4568605.0,2025-06-22
413295.0,4568605.0,2025-06-22
413305.0,4568605.0,2025-06-22
413315.0,4568605.0,2025-06-22
413325.0,4568605.0,2025-06-22
413335.0,4568605.0,2025-06-22
413345.0,4568605.0,2025-06-22
413355.0,4568605.0,2025-06-22
413365.0,4568605.0,2025-06-22
413375.0,4568605.0,2025-06-22
413385.0,4568605.0,2025-06-22
413395.0,4568605.0,2025-06-22
413405.0,4568605.0,2025-06-22
413415.0,4568605.0,2025-06-22
413425.0,4568605.0,2025-06-22
413435.0,4568605.0,2025-06-22
413445.0,4568605.0,2025-06-22
413455.0,4568605.0,2025-06-22
413465.0,4568605.0,2025-06-22
413475.0,4568605.0,2025-06-22
413485.0,4568605.0,2025-06-22
413495.0,4568605.0,2025-06-22
413505.0,4568605.0,2025-06-22
413515.0,4568605.0,2025-06-22
413525.0,4568605.0,2025-06-22
413535.0,4568605.0,2025-06-22
413545.0,4568605.0,2025-06-22
413555.0,4568605.0,2025-06-22
413565.0,4568605.0,2025-06-22
413575.0,4568605.0,2025-06-22
413585.0,4568605.0,2025-06-22
413595.0,4568605.0,2025-06-22
413605.0,4568605.0,2025-06-22
413615.0,4568605.0,2025-06-22
413625.0,4568605.0,2025-06-22
413635.0,4568605.0,2025-06-22
413645.0,4568605.0,2025-06-22
413655.0,4568605.0,2025-06-22
413665.0,4568605.0,2025-06-22
413675.0,4568605.0,2025-06-22
413685.0,4568605.0,2025-06-22
413695.0,4568605.0,2025-06-22
413705.0,4568605.0,2025-06-22
413715.0,4568605.0,2025-06-22
413725.0,4568605.0,2025-06-22
413735.0,4568605.0,2025-06-22
413745.0,4568605.0,2025-06-22
413755.0,4568605.0,2025-06-22
413765.0,4568605.0,2025-06-22
413775.0,4568605.0,2025-06-22
413785.0,4568605.0,2025-06-22
413795.0,4568605.0,2025-06-22
413805.0,4568605.0,2025-06-22
413815.0,4568605.0,2025-06-22
413825.0,4568605.0,2025-06-22
413835.0,4568605.0,2025-06-22
413845.0,4568605.0,2025-06-22
413855.0,4568605.0,2025-06-22
413865.0,4568605.0,2025-06-22
413875.0,4568605.0,2025-06-22
413885.0,4568605.0,2025-06-22
413895.0,4568605.0,2025-06-22
413905.0,4568605.0,2025-06-22
413915.0,4568605.0,2025-06-22
413925.0,4568605.0,2025-06-22
413935.0,4568605.0,2025-06-22
413945.0,4568605.0,2025-06-22
413955.0,4568605.0,2025-06-22
413965.0,4568605.0,2025-06-22
413975.0,4568605.0,2025-06-22
413985.0,4568605.0,2025-06-22
413995.0,4568605.0,2025-06-22
414005.0,4568605.0,2025-06-22
414015.0,4568605.0,2025-06-22
414025.0,4568605.0,2025-06-22
414035.0,4568605.0,2025-06-22
414045.0,4568605.0,2025-06-22
414055.0,4568605.0,2025-06-22
414065.0,4568605.0,2025-06-22
414075.0,4568605.0,2025-06-22
414085.0,4568605.0,2025-06-22
414095.0,4568605.0,2025-06-22
414105.0,4568605.0,2025-06-22
414115.0,4568605.0,2025-06-22
414125.0,4568605.0,2025-06-22
414135.0,4568605.0,2025-06-22
414145.0,4568605.0,2025-06-22
414155.0,4568605.0,2025-06-22
414165.0,4568605.0,2025-06-22
414175.0,4568605.0,2025-06-22
414185.0,4568605.0,2025-06-22
414195.0,4568605.0,2025-06-22
414205.0,4568605.0,2025-06-22
414215.0,4568605.0,2025-06-22
414225.0,4568605.0,2025-06-22
414235.0,4568605.0,2025-06-22
414245.0,4568605.0,2025-06-22
414255.0,4568605.0,2025-06-22
414265.0,4568605.0,2025-06-22
414275.0,4568605.0,2025-06-22
414285.0,4568605.0,2025-06-22
414295.0,4568605.0,2025-06-22
414305.0,4568605.0,2025-06-22
414315.0,4568605.0,2025-06-22
414325.0,4568605.0,2025-06-22
414335.0,4568605.0,2025-06-22
414345.0,4568605.0,2025-06-22
414355.0,4568605.0,2025-06-22
414365.0,4568605.0,2025-06-22
414375.0,4568605.0,2025-06-22
414385.0,4568605.0,2025-06-22
414395.0,4568605.0,2025-06-22
414405.0,4568605.0,2025-06-22
414415.0,4568605.0,2025-06-22
414425.0,4568605.0,2025-06-22
414435.0,4568605.0,2025-06-22
414445.0,4568605.0,2025-06-22
414455.0,4568605.0,2025-06-22
414465.0,4568605.0,2025-06-22
414475.0,4568605.0,2025-06-22
414485.0,4568605.0,2025-06-22
414495.0,4568605.0,2025-06-22
414505.0,4568605.0,2025-06-22
414515.0,4568605.0,2025-06-22
414525.0,4568605.0,2025-06-22
414535.0,4568605.0,2025-06-22
414545.0,4568605.0,2025-06-22
414555.0,4568605.0,2025-06-22
414565.0,4568605.0,2025-06-22
414575.0,4568605.0,2025-06-22
414585.0,4568605.0,2025-06-22
414595.0,4568605.0,2025-06-22
414605.0,4568605.0,2025-06-22
414615.0,4568605.0,2025-06-22
414625.0,4568605.0,2025-06-22
414635.0,4568605.0,2025-06-22
414645.0,4568605.0,2025-06-22
414655.0,4568605.0,2025-06-22
414665.0,4568605.0,2025-06-22
414675.0,4568605.0,2025-06-22
414685.0,4568605.0,2025-06-22
414695.0,4568605.0,2025-06-22
414705.0,4568605.0,2025-06-22
414715.0,4568605.0,2025-06-22
414725.0,4568605.0,2025-06-22
414735.0,4568605.0,2025-06-22
414745.0,4568605.0,2025-06-22
414755.0,4568605.0,2025-06-22
414765.0,4568605.0,2025-06-22
414775.0,4568605.0,2025-06-22
414785.0,4568605.0,2025-06-22
411745.0,4568595.0,2025-06-22
411755.0,4568595.0,2025-06-22
411765.0,4568595.0,2025-06-22
411775.0,4568595.0,2025-06-22
411785.0,4568595.0,2025-06-22
411795.0,4568595.0,2025-06-22
411805.0,4568595.0,2025-06-22
411815.0,4568595.0,2025-06-22
411825.0,4568595.0,2025-06-22
411835.0,4568595.0,2025-06-22
411845.0,4568595.0,2025-06-22
411855.0,4568595.0,2025-06-22
411865.0,4568595.0,2025-06-22
411875.0,4568595.0,2025-06-22
411885.0,4568595.0,2025-06-22
411895.0,4568595.0,2025-06-22
411905.0,4568595.0,2025-06-22
411915.0,4568595.0,2025-06-22
411925.0,4568595.0,2025-06-22
411935.0,4568595.0,2025-06-22
411945.0,4568595.0,2025-06-22
411955.0,4568595.0,2025-06-22
411965.0,4568595.0,2025-06-22
411975.0,4568595.0,2025-06-22
411985.0,4568595.0,2025-06-22
411995.0,4568595.0,2025-06-22
412005.0,4568595.0,2025-06-22
412015.0,4568595.0,2025-06-22
412025.0,4568595.0,2025-06-22
412035.0,4568595.0,2025-06-22
412045.0,4568595.0,2025-06-22
412055.0,4568595.0,2025-06-22
412065.0,4568595.0,2025-06-22
412075.0,4568595.0,2025-06-22
412085.0,4568595.0,2025-06-22
412095.0,4568595.0,2025-06-22
412105.0,4568595.0,2025-06-22
412115.0,4568595.0,2025-06-22
412125.0,4568595.0,2025-06-22
412135.0,4568595.0,2025-06-22
412145.0,4568595.0,2025-06-22
412155.0,4568595.0,2025-06-22
412165.0,4568595.0,2025-06-22
412175.0,4568595.0,2025-06-22
412185.0,4568595.0,2025-06-22
412195.0,4568595.0,2025-06-22
412205.0,4568595.0,2025-06-22
412215.0,4568595.0,2025-06-22
412225.0,4568595.0,2025-06-22
412235.0,4568595.0,2025-06-22
412245.0,4568595.0,2025-06-22
412255.0,4568595.0,2025-06-22
412265.0,4568595.0,2025-06-22
412275.0,4568595.0,2025-06-22
412285.0,4568595.0,2025-06-22
412295.0,4568595.0,2025-06-22
412305.0,4568595.0,2025-06-22
412315.0,4568595.0,2025-06-22
412325.0,4568595.0,2025-06-22
412335.0,4568595.0,2025-06-22
412345.0,4568595.0,2025-06-22
412355.0,4568595.0,2025-06-22
412365.0,4568595.0,2025-06-22
412375.0,4568595.0,2025-06-22
412385.0,4568595.0,2025-06-22
412395.0,4568595.0,2025-06-22
412405.0,4568595.0,2025-06-22
412415.0,4568595.0,2025-06-22
412425.0,4568595.0,2025-06-22
412435.0,4568595.0,2025-06-22
412445.0,4568595.0,2025-06-22
412455.0,4568595.0,2025-06-22
412465.0,4568595.0,2025-06-22
412475.0,4568595.0,2025-06-22
412485.0,4568595.0,2025-06-22
412495.0,4568595.0,2025-06-22
412505.0,4568595.0,2025-06-22
412515.0,4568595.0,2025-06-22
412525.0,4568595.0,2025-06-22
412535.0,4568595.0,2025-06-22
412545.0,4568595.0,2025-06-22
412555.0,4568595.0,2025-06-22
412565.0,4568595.0,2025-06-22
412575.0,4568595.0,2025-06-22
412585.0,4568595.0,2025-06-22
412595.0,4568595.0,2025-06-22
412605.0,4568595.0,2025-06-22
412615.0,4568595.0,2025-06-22
412625.0,4568595.0,2025-06-22
412635.0,4568595.0,2025-06-22
412645.0,4568595.0,2025-06-22
412655.0,4568595.0,2025-06-22
412665.0,4568595.0,2025-06-22
412675.0,4568595.0,2025-06-22
412685.0,4568595.0,2025-06-22
412695.0,4568595.0,2025-06-22
412705.0,4568595.0,2025-06-22
412715.0,4568595.0,2025-06-22
412725.0,4568595.0,2025-06-22
412735.0,4568595.0,2025-06-22
412745.0,4568595.0,2025-06-22
412755.0,4568595.0,2025-06-22
412765.0,4568595.0,2025-06-22
412775.0,4568595.0,2025-06-22
412785.0,4568595.0,2025-06-22
412795.0,4568595.0,2025-06-22
412805.0,4568595.0,2025-06-22
412815.0,4568595.0,2025-06-22
412825.0,4568595.0,2025-06-22
412835.0,4568595.0,2025-06-22
412845.0,4568595.0,2025-06-22
412855.0,4568595.0,2025-06-22
412865.0,4568595.0,2025-06-22
412875.0,4568595.0,2025-06-22
412885.0,4568595.0,2025-06-22
412895.0,4568595.0,2025-06-22
412905.0,4568595.0,2025-06-22
412915.0,4568595.0,2025-06-22
412925.0,4568595.0,2025-06-22
412935.0,4568595.0,2025-06-22
412945.0,4568595.0,2025-06-22
412955.0,4568595.0,2025-06-22
412965.0,4568595.0,2025-06-22
412975.0,4568595.0,2025-06-22
412985.0,4568595.0,2025-06-22
412995.0,4568595.0,2025-06-22
413005.0,4568595.0,2025-06-22
413015.0,4568595.0,2025-06-22
413025.0,4568595.0,2025-06-22
413035.0,4568595.0,2025-06-22
413045.0,4568595.0,2025-06-22
413055.0,4568595.0,2025-06-22
413065.0,4568595.0,2025-06-22
413075.0,4568595.0,2025-06-22
413085.0,4568595.0,2025-06-22
413095.0,4568595.0,2025-06-22
413105.0,4568595.0,2025-06-22
413115.0,4568595.0,2025-06-22
413125.0,4568595.0,2025-06-22
413135.0,4568595.0,2025-06-22
413145.0,4568595.0,2025-06-22
413155.0,4568595.0,2025-06-22
413165.0,4568595.0,2025-06-22
413175.0,4568595.0,2025-06-22
413185.0,4568595.0,2025-06-22
413195.0,4568595.0,2025-06-22
413205.0,4568595.0,2025-06-22
413215.0,4568595.0,2025-06-22
413225.0,4568595.0,2025-06-22
413235.0,4568595.0,2025-06-22
413245.0,4568595.0,2025-06-22
413255.0,4568595.0,2025-06-22
413265.0,4568595.0,2025-06-22
413275.0,4568595.0,2025-06-22
413285.0,4568595.0,2025-06-22
413295.0,4568595.0,2025-06-22
413305.0,4568595.0,2025-06-22
413315.0,4568595.0,2025-06-22
413325.0,4568595.0,2025-06-22
413335.0,4568595.0,2025-06-22
413345.0,4568595.0,2025-06-22
413355.0,4568595.0,2025-06-22
413365.0,4568595.0,2025-06-22
413375.0,4568595.0,2025-06-22
413385.0,4568595.0,2025-06-22
413395.0,4568595.0,2025-06-22
413405.0,4568595.0,2025-06-22
413415.0,4568595.0,2025-06-22
413425.0,4568595.0,2025-06-22
413435.0,4568595.0,2025-06-22
413445.0,4568595.0,2025-06-22
413455.0,4568595.0,2025-06-22
413465.0,4568595.0,2025-06-22
413475.0,4568595.0,2025-06-22
413485.0,4568595.0,2025-06-22
413495.0,4568595.0,2025-06-22
413505.0,4568595.0,2025-06-22
413515.0,4568595.0,2025-06-22
413525.0,4568595.0,2025-06-22
413535.0,4568595.0,2025-06-22
413545.0,4568595.0,2025-06-22
413555.0,4568595.0,2025-06-22
413565.0,4568595.0,2025-06-22
413575.0,4568595.0,2025-06-22
413585.0,4568595.0,2025-06-22
413595.0,4568595.0,2025-06-22
413605.0,4568595.0,2025-06-22
413615.0,4568595.0,2025-06-22
413625.0,4568595.0,2025-06-22
413635.0,4568595.0,2025-06-22
413645.0,4568595.0,2025-06-22
413655.0,4568595.0,2025-06-22
413665.0,4568595.0,2025-06-22
413675.0,4568595.0,2025-06-22
413685.0,4568595.0,2025-06-22
413695.0,4568595.0,2025-06-22
413705.0,4568595.0,2025-06-22
413715.0,4568595.0,2025-06-22
413725.0,4568595.0,2025-06-22
413735.0,4568595.0,2025-06-22
413745.0,4568595.0,2025-06-22
413755.0,4568595.0,2025-06-22
413765.0,4568595.0,2025-06-22
413775.0,4568595.0,2025-06-22
413785.0,4568595.0,2025-06-22
413795.0,4568595.0,2025-06-22
413805.0,4568595.0,2025-06-22
413815.0,4568595.0,2025-06-22
413825.0,4568595.0,2025-06-22
413835.0,4568595.0,2025-06-22
413845.0,4568595.0,2025-06-22
413855.0,4568595.0,2025-06-22
413865.0,4568595.0,2025-06-22
413875.0,4568595.0,2025-06-22
413885.0,4568595.0,2025-06-22
413895.0,4568595.0,2025-06-22
413905.0,4568595.0,2025-06-22
413915.0,4568595.0,2025-06-22
413925.0,4568595.0,2025-06-22
413935.0,4568595.0,2025-06-22
413945.0,4568595.0,2025-06-22
413955.0,4568595.0,2025-06-22
413965.0,4568595.0,2025-06-22
413975.0,4568595.0,2025-06-22
413985.0,4568595.0,2025-06-22
413995.0,4568595.0,2025-06-22
414005.0,4568595.0,2025-06-22
414015.0,4568595.0,2025-06-22
414025.0,4568595.0,2025-06-22
414035.0,4568595.0,2025-06-22
414045.0,4568595.0,2025-06-22
414055.0,4568595.0,2025-06-22
414065.0,4568595.0,2025-06-22
414075.0,4568595.0,2025-06-22
414085.0,4568595.0,2025-06-22
414095.0,4568595.0,2025-06-22
414105.0,4568595.0,2025-06-22
414115.0,4568595.0,2025-06-22
414125.0,4568595.0,2025-06-22
414135.0,4568595.0,2025-06-22
414145.0,4568595.0,2025-06-22
414155.0,4568595.0,2025-06-22
414165.0,4568595.0,2025-06-22
414175.0,4568595.0,2025-06-22
414185.0,4568595.0,2025-06-22
414195.0,4568595.0,2025-06-22
414205.0,4568595.0,2025-06-22
414215.0,4568595.0,2025-06-22
414225.0,4568595.0,2025-06-22
414235.0,4568595.0,2025-06-22
414245.0,4568595.0,2025-06-22
414255.0,4568595.0,2025-06-22
414265.0,4568595.0,2025-06-22
414275.0,4568595.0,2025-06-22
414285.0,4568595.0,2025-06-22
414295.0,4568595.0,2025-06-22
414305.0,4568595.0,2025-06-22
414315.0,4568595.0,2025-06-22
414325.0,4568595.0,2025-06-22
414335.0,4568595.0,2025-06-22
414345.0,4568595.0,2025-06-22
414355.0,4568595.0,2025-06-22
414365.0,4568595.0,2025-06-22
414375.0,4568595.0,2025-06-22
414385.0,4568595.0,2025-06-22
414395.0,4568595.0,2025-06-22
414405.0,4568595.0,2025-06-22
414415.0,4568595.0,2025-06-22
414425.0,4568595.0,2025-06-22
414435.0,4568595.0,2025-06-22
414445.0,4568595.0,2025-06-22
414455.0,4568595.0,2025-06-22
414465.0,4568595.0,2025-06-22
414475.0,4568595.0,2025-06-22
414485.0,4568595.0,2025-06-22
414495.0,4568595.0,2025-06-22
414505.0,4568595.0,2025-06-22
414515.0,4568595.0,2025-06-22
414525.0,4568595.0,2025-06-22
414535.0,4568595.0,2025-06-22
414545.0,4568595.0,2025-06-22
414555.0,4568595.0,2025-06-22
414565.0,4568595.0,2025-06-22
414575.0,4568595.0,2025-06-22
414585.0,4568595.0,2025-06-22
414595.0,4568595.0,2025-06-22
414605.0,4568595.0,2025-06-22
414615.0,4568595.0,2025-06-22
414625.0,4568595.0,2025-06-22
414635.0,4568595.0,2025-06-22
414645.0,4568595.0,2025-06-22
414655.0,4568595.0,2025-06-22
414665.0,4568595.0,2025-06-22
414675.0,4568595.0,2025-06-22
414685.0,4568595.0,2025-06-22
414695.0,4568595.0,2025-06-22
414705.0,4568595.0,2025-06-22
414715.0,4568595.0,2025-06-22
414725.0,4568595.0,2025-06-22
414735.0,4568595.0,2025-06-22
414745.0,4568595.0,2025-06-22
414755.0,4568595.0,2025-06-22
414765.0,4568595.0,2025-06-22
414775.0,4568595.0,2025-06-22
414785.0,4568595.0,2025-06-22
414795.0,4568595.0,2025-06-22
414805.0,4568595.0,2025-06-22
414815.0,4568595.0,2025-06-22
414825.0,4568595.0,2025-06-22
414835.0,4568595.0,2025-06-22
414845.0,4568595.0,2025-06-22
414855.0,4568595.0,2025-06-22
414865.0,4568595.0,2025-06-22
414875.0,4568595.0,2025-06-22
414885.0,4568595.0,2025-06-22
414895.0,4568595.0,2025-06-22
414905.0,4568595.0,2025-06-22
414915.0,4568595.0,2025-06-22
414925.0,4568595.0,2025-06-22
414935.0,4568595.0,2025-06-22
414945.0,4568595.0,2025-06-22
414955.0,4568595.0,2025-06-22
414965.0,4568595.0,2025-06-22
414975.0,4568595.0,2025-06-22
414985.0,4568595.0,2025-06-22
414995.0,4568595.0,2025-06-22
415005.0,4568595.0,2025-06-22
415015.0,4568595.0,2025-06-22
415025.0,4568595.0,2025-06-22
415035.0,4568595.0,2025-06-22
415045.0,4568595.0,2025-06-22
415055.0,4568595.0,2025-06-22
415065.0,4568595.0,2025-06-22
415075.0,4568595.0,2025-06-22
415085.0,4568595.0,2025-06-22
415095.0,4568595.0,2025-06-22
415105.0,4568595.0,2025-06-22
415115.0,4568595.0,2025-06-22
415125.0,4568595.0,2025-06-22
415135.0,4568595.0,2025-06-22
415145.0,4568595.0,2025-06-22
415155.0,4568595.0,2025-06-22
415165.0,4568595.0,2025-06-22
415175.0,4568595.0,2025-06-22
415185.0,4568595.0,2025-06-22
415195.0,4568595.0,2025-06-22
415205.0,4568595.0,2025-06-22
415215.0,4568595.0,2025-06-22
415225.0,4568595.0,2025-06-22
415235.0,4568595.0,2025-06-22
415245.0,4568595.0,2025-06-22
415255.0,4568595.0,2025-06-22
415265.0,4568595.0,2025-06-22
415275.0,4568595.0,2025-06-22
415285.0,4568595.0,2025-06-22
415295.0,4568595.0,2025-06-22
415305.0,4568595.0,2025-06-22
415315.0,4568595.0,2025-06-22
415325.0,4568595.0,2025-06-22
415335.0,4568595.0,2025-06-22
415345.0,4568595.0,2025-06-22
415355.0,4568595.0,2025-06-22
415365.0,4568595.0,2025-06-22
415375.0,4568595.0,2025-06-22
415385.0,4568595.0,2025-06-22
415395.0,4568595.0,2025-06-22
415405.0,4568595.0,2025-06-22
415415.0,4568595.0,2025-06-22
415425.0,4568595.0,2025-06-22
415435.0,4568595.0,2025-06-22
415445.0,4568595.0,2025-06-22
415455.0,4568595.0,2025-06-22
415465.0,4568595.0,2025-06-22
415475.0,4568595.0,2025-06-22
415485.0,4568595.0,2025-06-22
415495.0,4568595.0,2025-06-22
415505.0,4568595.0,2025-06-22
415515.0,4568595.0,2025-06-22
415525.0,4568595.0,2025-06-22
415535.0,4568595.0,2025-06-22
415545.0,4568595.0,2025-06-22
415555.0,4568595.0,2025-06-22
415565.0,4568595.0,2025-06-22
415575.0,4568595.0,2025-06-22
415585.0,4568595.0,2025-06-22
415595.0,4568595.0,2025-06-22
415605.0,4568595.0,2025-06-22
415615.0,4568595.0,2025-06-22
415625.0,4568595.0,2025-06-22
415635.0,4568595.0,2025-06-22
411745.0,4568585.0,2025-06-22
411755.0,4568585.0,2025-06-22
411765.0,4568585.0,2025-06-22
411775.0,4568585.0,2025-06-22
411785.0,4568585.0,2025-06-22
411795.0,4568585.0,2025-06-22
411805.0,4568585.0,2025-06-22
411815.0,4568585.0,2025-06-22
411825.0,4568585.0,2025-06-22
411835.0,4568585.0,2025-06-22
411845.0,4568585.0,2025-06-22
411855.0,4568585.0,2025-06-22
411865.0,4568585.0,2025-06-22
411875.0,4568585.0,2025-06-22
411885.0,4568585.0,2025-06-22
411895.0,4568585.0,2025-06-22
411905.0,4568585.0,2025-06-22
411915.0,4568585.0,2025-06-22
411925.0,4568585.0,2025-06-22
411935.0,4568585.0,2025-06-22
411945.0,4568585.0,2025-06-22
411955.0,4568585.0,2025-06-22
411965.0,4568585.0,2025-06-22
411975.0,4568585.0,2025-06-22
411985.0,4568585.0,2025-06-22
411995.0,4568585.0,2025-06-22
412005.0,4568585.0,2025-06-22
412015.0,4568585.0,2025-06-22
412025.0,4568585.0,2025-06-22
412035.0,4568585.0,2025-06-22
412045.0,4568585.0,2025-06-22
412055.0,4568585.0,2025-06-22
412065.0,4568585.0,2025-06-22
412075.0,4568585.0,2025-06-22
412085.0,4568585.0,2025-06-22
412095.0,4568585.0,2025-06-22
412105.0,4568585.0,2025-06-22
412115.0,4568585.0,2025-06-22
412125.0,4568585.0,2025-06-22
412135.0,4568585.0,2025-06-22
412145.0,4568585.0,2025-06-22
412155.0,4568585.0,2025-06-22
412165.0,4568585.0,2025-06-22
412175.0,4568585.0,2025-06-22
412185.0,4568585.0,2025-06-22
412195.0,4568585.0,2025-06-22
412205.0,4568585.0,2025-06-22
412215.0,4568585.0,2025-06-22
412225.0,4568585.0,2025-06-22
412235.0,4568585.0,2025-06-22
412245.0,4568585.0,2025-06-22
412255.0,4568585.0,2025-06-22
412265.0,4568585.0,2025-06-22
412275.0,4568585.0,2025-06-22
412285.0,4568585.0,2025-06-22
412295.0,4568585.0,2025-06-22
412305.0,4568585.0,2025-06-22
412315.0,4568585.0,2025-06-22
412325.0,4568585.0,2025-06-22
412335.0,4568585.0,2025-06-22
412345.0,4568585.0,2025-06-22
412355.0,4568585.0,2025-06-22
412365.0,4568585.0,2025-06-22
412375.0,4568585.0,2025-06-22
412385.0,4568585.0,2025-06-22
412395.0,4568585.0,2025-06-22
412405.0,4568585.0,2025-06-22
412415.0,4568585.0,2025-06-22
412425.0,4568585.0,2025-06-22
412435.0,4568585.0,2025-06-22
412445.0,4568585.0,2025-06-22
412455.0,4568585.0,2025-06-22
412465.0,4568585.0,2025-06-22
412475.0,4568585.0,2025-06-22
412485.0,4568585.0,2025-06-22
412495.0,4568585.0,2025-06-22
412505.0,4568585.0,2025-06-22
412515.0,4568585.0,2025-06-22
412525.0,4568585.0,2025-06-22
412535.0,4568585.0,2025-06-22
412545.0,4568585.0,2025-06-22
412555.0,4568585.0,2025-06-22
412565.0,4568585.0,2025-06-22
412575.0,4568585.0,2025-06-22
412585.0,4568585.0,2025-06-22
412595.0,4568585.0,2025-06-22
412605.0,4568585.0,2025-06-22
412615.0,4568585.0,2025-06-22
412625.0,4568585.0,2025-06-22
412635.0,4568585.0,2025-06-22
412645.0,4568585.0,2025-06-22
412655.0,4568585.0,2025-06-22
412665.0,4568585.0,2025-06-22
412675.0,4568585.0,2025-06-22
412685.0,4568585.0,2025-06-22
412695.0,4568585.0,2025-06-22
412705.0,4568585.0,2025-06-22
412715.0,4568585.0,2025-06-22
412725.0,4568585.0,2025-06-22
412735.0,4568585.0,2025-06-22
412745.0,4568585.0,2025-06-22
412755.0,4568585.0,2025-06-22
412765.0,4568585.0,2025-06-22
412775.0,4568585.0,2025-06-22
412785.0,4568585.0,2025-06-22
412795.0,4568585.0,2025-06-22
412805.0,4568585.0,2025-06-22
412815.0,4568585.0,2025-06-22
412825.0,4568585.0,2025-06-22
412835.0,4568585.0,2025-06-22
412845.0,4568585.0,2025-06-22
412855.0,4568585.0,2025-06-22
412865.0,4568585.0,2025-06-22
412875.0,4568585.0,2025-06-22
412885.0,4568585.0,2025-06-22
412895.0,4568585.0,2025-06-22
412905.0,4568585.0,2025-06-22
412915.0,4568585.0,2025-06-22
412925.0,4568585.0,2025-06-22
412935.0,4568585.0,2025-06-22
412945.0,4568585.0,2025-06-22
412955.0,4568585.0,2025-06-22
412965.0,4568585.0,2025-06-22
412975.0,4568585.0,2025-06-22
412985.0,4568585.0,2025-06-22
412995.0,4568585.0,2025-06-22
413005.0,4568585.0,2025-06-22
413015.0,4568585.0,2025-06-22
413025.0,4568585.0,2025-06-22
413035.0,4568585.0,2025-06-22
413045.0,4568585.0,2025-06-22
413055.0,4568585.0,2025-06-22
413065.0,4568585.0,2025-06-22
413075.0,4568585.0,2025-06-22
413085.0,4568585.0,2025-06-22
413095.0,4568585.0,2025-06-22
413105.0,4568585.0,2025-06-22
413115.0,4568585.0,2025-06-22
413125.0,4568585.0,2025-06-22
413135.0,4568585.0,2025-06-22
413145.0,4568585.0,2025-06-22
413155.0,4568585.0,2025-06-22
413165.0,4568585.0,2025-06-22
413175.0,4568585.0,2025-06-22
413185.0,4568585.0,2025-06-22
413195.0,4568585.0,2025-06-22
413205.0,4568585.0,2025-06-22
413215.0,4568585.0,2025-06-22
413225.0,4568585.0,2025-06-22
413235.0,4568585.0,2025-06-22
413245.0,4568585.0,2025-06-22
413255.0,4568585.0,2025-06-22
413265.0,4568585.0,2025-06-22
413275.0,4568585.0,2025-06-22
413285.0,4568585.0,2025-06-22
413295.0,4568585.0,2025-06-22
413305.0,4568585.0,2025-06-22
413315.0,4568585.0,2025-06-22
413325.0,4568585.0,2025-06-22
413335.0,4568585.0,2025-06-22
413345.0,4568585.0,2025-06-22
413355.0,4568585.0,2025-06-22
413365.0,4568585.0,2025-06-22
413375.0,4568585.0,2025-06-22
413385.0,4568585.0,2025-06-22
413395.0,4568585.0,2025-06-22
413405.0,4568585.0,2025-06-22
413415.0,4568585.0,2025-06-22
413425.0,4568585.0,2025-06-22
413435.0,4568585.0,2025-06-22
413445.0,4568585.0,2025-06-22
413455.0,4568585.0,2025-06-22
413465.0,4568585.0,2025-06-22
413475.0,4568585.0,2025-06-22
413485.0,4568585.0,2025-06-22
413495.0,4568585.0,2025-06-22
413505.0,4568585.0,2025-06-22
413515.0,4568585.0,2025-06-22
413525.0,4568585.0,2025-06-22
413535.0,4568585.0,2025-06-22
413545.0,4568585.0,2025-06-22
413555.0,4568585.0,2025-06-22
413565.0,4568585.0,2025-06-22
413575.0,4568585.0,2025-06-22
413585.0,4568585.0,2025-06-22
413595.0,4568585.0,2025-06-22
413605.0,4568585.0,2025-06-22
413615.0,4568585.0,2025-06-22
413625.0,4568585.0,2025-06-22
413635.0,4568585.0,2025-06-22
413645.0,4568585.0,2025-06-22
413655.0,4568585.0,2025-06-22
413665.0,4568585.0,2025-06-22
413675.0,4568585.0,2025-06-22
413685.0,4568585.0,2025-06-22
413695.0,4568585.0,2025-06-22
413705.0,4568585.0,2025-06-22
413715.0,4568585.0,2025-06-22
413725.0,4568585.0,2025-06-22
413735.0,4568585.0,2025-06-22
413745.0,4568585.0,2025-06-22
413755.0,4568585.0,2025-06-22
413765.0,4568585.0,2025-06-22
413775.0,4568585.0,2025-06-22
413785.0,4568585.0,2025-06-22
413795.0,4568585.0,2025-06-22
413805.0,4568585.0,2025-06-22
413815.0,4568585.0,2025-06-22
413825.0,4568585.0,2025-06-22
413835.0,4568585.0,2025-06-22
413845.0,4568585.0,2025-06-22
413855.0,4568585.0,2025-06-22
413865.0,4568585.0,2025-06-22
413875.0,4568585.0,2025-06-22
413885.0,4568585.0,2025-06-22
413895.0,4568585.0,2025-06-22
413905.0,4568585.0,2025-06-22
413915.0,4568585.0,2025-06-22
413925.0,4568585.0,2025-06-22
413935.0,4568585.0,2025-06-22
413945.0,4568585.0,2025-06-22
413955.0,4568585.0,2025-06-22
413965.0,4568585.0,2025-06-22
413975.0,4568585.0,2025-06-22
413985.0,4568585.0,2025-06-22
413995.0,4568585.0,2025-06-22
414005.0,4568585.0,2025-06-22
414015.0,4568585.0,2025-06-22
414025.0,4568585.0,2025-06-22
414035.0,4568585.0,2025-06-22
414045.0,4568585.0,2025-06-22
414055.0,4568585.0,2025-06-22
414065.0,4568585.0,2025-06-22
414075.0,4568585.0,2025-06-22
414085.0,4568585.0,2025-06-22
414095.0,4568585.0,2025-06-22
414105.0,4568585.0,2025-06-22
414115.0,4568585.0,2025-06-22
414125.0,4568585.0,2025-06-22
414135.0,4568585.0,2025-06-22
414145.0,4568585.0,2025-06-22
414155.0,4568585.0,2025-06-22
414165.0,4568585.0,2025-06-22
414175.0,4568585.0,2025-06-22
414185.0,4568585.0,2025-06-22
414195.0,4568585.0,2025-06-22
414205.0,4568585.0,2025-06-22
414215.0,4568585.0,2025-06-22
414225.0,4568585.0,2025-06-22
414235.0,4568585.0,2025-06-22
414245.0,4568585.0,2025-06-22
414255.0,4568585.0,2025-06-22
414265.0,4568585.0,2025-06-22
414275.0,4568585.0,2025-06-22
414285.0,4568585.0,2025-06-22
414295.0,4568585.0,2025-06-22
414305.0,4568585.0,2025-06-22
414315.0,4568585.0,2025-06-22
414325.0,4568585.0,2025-06-22
414335.0,4568585.0,2025-06-22
414345.0,4568585.0,2025-06-22
414355.0,4568585.0,2025-06-22
414365.0,4568585.0,2025-06-22
414375.0,4568585.0,2025-06-22
414385.0,4568585.0,2025-06-22
414395.0,4568585.0,2025-06-22
414405.0,4568585.0,2025-06-22
414415.0,4568585.0,2025-06-22
414425.0,4568585.0,2025-06-22
414435.0,4568585.0,2025-06-22
414445.0,4568585.0,2025-06-22
414455.0,4568585.0,2025-06-22
414465.0,4568585.0,2025-06-22
414475.0,4568585.0,2025-06-22
414485.0,4568585.0,2025-06-22
414495.0,4568585.0,2025-06-22
414505.0,4568585.0,2025-06-22
414515.0,4568585.0,2025-06-22
414525.0,4568585.0,2025-06-22
414535.0,4568585.0,2025-06-22
414545.0,4568585.0,2025-06-22
414555.0,4568585.0,2025-06-22
414565.0,4568585.0,2025-06-22
414575.0,4568585.0,2025-06-22
414585.0,4568585.0,2025-06-22
414595.0,4568585.0,2025-06-22
414605.0,4568585.0,2025-06-22
414615.0,4568585.0,2025-06-22
414625.0,4568585.0,2025-06-22
414635.0,4568585.0,2025-06-22
414645.0,4568585.0,2025-06-22
414655.0,4568585.0,2025-06-22
414665.0,4568585.0,2025-06-22
414675.0,4568585.0,2025-06-22
414685.0,4568585.0,2025-06-22
414695.0,4568585.0,2025-06-22
414705.0,4568585.0,2025-06-22
414715.0,4568585.0,2025-06-22
414725.0,4568585.0,2025-06-22
414735.0,4568585.0,2025-06-22
414745.0,4568585.0,2025-06-22
414755.0,4568585.0,2025-06-22
414765.0,4568585.0,2025-06-22
414775.0,4568585.0,2025-06-22
414785.0,4568585.0,2025-06-22
414795.0,4568585.0,2025-06-22
414805.0,4568585.0,2025-06-22
414815.0,4568585.0,2025-06-22
414825.0,4568585.0,2025-06-22
414835.0,4568585.0,2025-06-22
414845.0,4568585.0,2025-06-22
414855.0,4568585.0,2025-06-22
414865.0,4568585.0,2025-06-22
414875.0,4568585.0,2025-06-22
414885.0,4568585.0,2025-06-22
414895.0,4568585.0,2025-06-22
414905.0,4568585.0,2025-06-22
414915.0,4568585.0,2025-06-22
414925.0,4568585.0,2025-06-22
414935.0,4568585.0,2025-06-22
414945.0,4568585.0,2025-06-22
414955.0,4568585.0,2025-06-22
414965.0,4568585.0,2025-06-22
414975.0,4568585.0,2025-06-22
414985.0,4568585.0,2025-06-22
414995.0,4568585.0,2025-06-22
415005.0,4568585.0,2025-06-22
415015.0,4568585.0,2025-06-22
415025.0,4568585.0,2025-06-22
415035.0,4568585.0,2025-06-22
415045.0,4568585.0,2025-06-22
415055.0,4568585.0,2025-06-22
415065.0,4568585.0,2025-06-22
415075.0,4568585.0,2025-06-22
415085.0,4568585.0,2025-06-22
415095.0,4568585.0,2025-06-22
415105.0,4568585.0,2025-06-22
415115.0,4568585.0,2025-06-22
415125.0,4568585.0,2025-06-22
415135.0,4568585.0,2025-06-22
415145.0,4568585.0,2025-06-22
415155.0,4568585.0,2025-06-22
415165.0,4568585.0,2025-06-22
415175.0,4568585.0,2025-06-22
415185.0,4568585.0,2025-06-22
415195.0,4568585.0,2025-06-22
415205.0,4568585.0,2025-06-22
415215.0,4568585.0,2025-06-22
415225.0,4568585.0,2025-06-22
415235.0,4568585.0,2025-06-22
415245.0,4568585.0,2025-06-22
415255.0,4568585.0,2025-06-22
415265.0,4568585.0,2025-06-22
415275.0,4568585.0,2025-06-22
415285.0,4568585.0,2025-06-22
415295.0,4568585.0,2025-06-22
415305.0,4568585.0,2025-06-22
415315.0,4568585.0,2025-06-22
415325.0,4568585.0,2025-06-22
415335.0,4568585.0,2025-06-22
415345.0,4568585.0,2025-06-22
415355.0,4568585.0,2025-06-22
415365.0,4568585.0,2025-06-22
415375.0,4568585.0,2025-06-22
415385.0,4568585.0,2025-06-22
415395.0,4568585.0,2025-06-22
415405.0,4568585.0,2025-06-22
415415.0,4568585.0,2025-06-22
415425.0,4568585.0,2025-06-22
415435.0,4568585.0,2025-06-22
415445.0,4568585.0,2025-06-22
415455.0,4568585.0,2025-06-22
415465.0,4568585.0,2025-06-22
415475.0,4568585.0,2025-06-22
415485.0,4568585.0,2025-06-22
415495.0,4568585.0,2025-06-22
415505.0,4568585.0,2025-06-22
415515.0,4568585.0,2025-06-22
415525.0,4568585.0,2025-06-22
415535.0,4568585.0,2025-06-22
415545.0,4568585.0,2025-06-22
415555.0,4568585.0,2025-06-22
415565.0,4568585.0,2025-06-22
415575.0,4568585.0,2025-06-22
415585.0,4568585.0,2025-06-22
415595.0,4568585.0,2025-06-22
415605.0,4568585.0,2025-06-22
415615.0,4568585.0,2025-06-22
415625.0,4568585.0,2025-06-22
415635.0,4568585.0,2025-06-22
415645.0,4568585.0,2025-06-22
415655.0,4568585.0,2025-06-22
415665.0,4568585.0,2025-06-22
415675.0,4568585.0,2025-06-22
415685.0,4568585.0,2025-06-22
415695.0,4568585.0,2025-06-22
415705.0,4568585.0,2025-06-22
415715.0,4568585.0,2025-06-22
415725.0,4568585.0,2025-06-22
415735.0,4568585.0,2025-06-22
415745.0,4568585.0,2025-06-22
415755.0,4568585.0,2025-06-22
415765.0,4568585.0,2025-06-22
415775.0,4568585.0,2025-06-22
415785.0,4568585.0,2025-06-22
415795.0,4568585.0,2025-06-22
415805.0,4568585.0,2025-06-22
415815.0,4568585.0,2025-06-22
415825.0,4568585.0,2025-06-22
415835.0,4568585.0,2025-06-22
415845.0,4568585.0,2025-06-22
415855.0,4568585.0,2025-06-22
415865.0,4568585.0,2025-06-22
415875.0,4568585.0,2025-06-22
415885.0,4568585.0,2025-06-22
415895.0,4568585.0,2025-06-22
415905.0,4568585.0,2025-06-22
415915.0,4568585.0,2025-06-22
415925.0,4568585.0,2025-06-22
415935.0,4568585.0,2025-06-22
415945.0,4568585.0,2025-06-22
415955.0,4568585.0,2025-06-22
415965.0,4568585.0,2025-06-22
415975.0,4568585.0,2025-06-22
415985.0,4568585.0,2025-06-22
415995.0,4568585.0,2025-06-22
416005.0,4568585.0,2025-06-22
416015.0,4568585.0,2025-06-22
416025.0,4568585.0,2025-06-22
416035.0,4568585.0,2025-06-22
416045.0,4568585.0,2025-06-22
416055.0,4568585.0,2025-06-22
416065.0,4568585.0,2025-06-22
416075.0,4568585.0,2025-06-22
416085.0,4568585.0,2025-06-22
416095.0,4568585.0,2025-06-22
416105.0,4568585.0,2025-06-22
416115.0,4568585.0,2025-06-22
416125.0,4568585.0,2025-06-22
416135.0,4568585.0,2025-06-22
416145.0,4568585.0,2025-06-22
416155.0,4568585.0,2025-06-22
416165.0,4568585.0,2025-06-22
416175.0,4568585.0,2025-06-22
416185.0,4568585.0,2025-06-22
416195.0,4568585.0,2025-06-22
416205.0,4568585.0,2025-06-22
416215.0,4568585.0,2025-06-22
416225.0,4568585.0,2025-06-22
416235.0,4568585.0,2025-06-22
416245.0,4568585.0,2025-06-22
416255.0,4568585.0,2025-06-22
416265.0,4568585.0,2025-06-22
416275.0,4568585.0,2025-06-22
416285.0,4568585.0,2025-06-22
416295.0,4568585.0,2025-06-22
416305.0,4568585.0,2025-06-22
416315.0,4568585.0,2025-06-22
416325.0,4568585.0,2025-06-22
416335.0,4568585.0,2025-06-22
416345.0,4568585.0,2025-06-22
416355.0,4568585.0,2025-06-22
416365.0,4568585.0,2025-06-22
416375.0,4568585.0,2025-06-22
416385.0,4568585.0,2025-06-22
416395.0,4568585.0,2025-06-22
416405.0,4568585.0,2025-06-22
416415.0,4568585.0,2025-06-22
416425.0,4568585.0,2025-06-22
416435.0,4568585.0,2025-06-22
416445.0,4568585.0,2025-06-22
416455.0,4568585.0,2025-06-22
411745.0,4568575.0,2025-06-22
411755.0,4568575.0,2025-06-22
411765.0,4568575.0,2025-06-22
411775.0,4568575.0,2025-06-22
411785.0,4568575.0,2025-06-22
411795.0,4568575.0,2025-06-22
411805.0,4568575.0,2025-06-22
411815.0,4568575.0,2025-06-22
411825.0,4568575.0,2025-06-22
411835.0,4568575.0,2025-06-22
411845.0,4568575.0,2025-06-22
411855.0,4568575.0,2025-06-22
411865.0,4568575.0,2025-06-22
411875.0,4568575.0,2025-06-22
411885.0,4568575.0,2025-06-22
411895.0,4568575.0,2025-06-22
411905.0,4568575.0,2025-06-22
411915.0,4568575.0,2025-06-22
411925.0,4568575.0,2025-06-22
411935.0,4568575.0,2025-06-22
411945.0,4568575.0,2025-06-22
411955.0,4568575.0,2025-06-22
411965.0,4568575.0,2025-06-22
411975.0,4568575.0,2025-06-22
411985.0,4568575.0,2025-06-22
411995.0,4568575.0,2025-06-22
412005.0,4568575.0,2025-06-22
412015.0,4568575.0,2025-06-22
412025.0,4568575.0,2025-06-22
412035.0,4568575.0,2025-06-22
412045.0,4568575.0,2025-06-22
412055.0,4568575.0,2025-06-22
412065.0,4568575.0,2025-06-22
412075.0,4568575.0,2025-06-22
412085.0,4568575.0,2025-06-22
412095.0,4568575.0,2025-06-22
412105.0,4568575.0,2025-06-22
412115.0,4568575.0,2025-06-22
412125.0,4568575.0,2025-06-22
412135.0,4568575.0,2025-06-22
412145.0,4568575.0,2025-06-22
412155.0,4568575.0,2025-06-22
412165.0,4568575.0,2025-06-22
412175.0,4568575.0,2025-06-22
412185.0,4568575.0,2025-06-22
412195.0,4568575.0,2025-06-22
412205.0,4568575.0,2025-06-22
412215.0,4568575.0,2025-06-22
412225.0,4568575.0,2025-06-22
412235.0,4568575.0,2025-06-22
412245.0,4568575.0,2025-06-22
412255.0,4568575.0,2025-06-22
412265.0,4568575.0,2025-06-22
412275.0,4568575.0,2025-06-22
412285.0,4568575.0,2025-06-22
412295.0,4568575.0,2025-06-22
412305.0,4568575.0,2025-06-22
412315.0,4568575.0,2025-06-22
412325.0,4568575.0,2025-06-22
412335.0,4568575.0,2025-06-22
412345.0,4568575.0,2025-06-22
412355.0,4568575.0,2025-06-22
412365.0,4568575.0,2025-06-22
412375.0,4568575.0,2025-06-22
412385.0,4568575.0,2025-06-22
412395.0,4568575.0,2025-06-22
412405.0,4568575.0,2025-06-22
412415.0,4568575.0,2025-06-22
412425.0,4568575.0,2025-06-22
412435.0,4568575.0,2025-06-22
412445.0,4568575.0,2025-06-22
412455.0,4568575.0,2025-06-22
412465.0,4568575.0,2025-06-22
412475.0,4568575.0,2025-06-22
412485.0,4568575.0,2025-06-22
412495.0,4568575.0,2025-06-22
412505.0,4568575.0,2025-06-22
412515.0,4568575.0,2025-06-22
412525.0,4568575.0,2025-06-22
412535.0,4568575.0,2025-06-22
412545.0,4568575.0,2025-06-22
412555.0,4568575.0,2025-06-22
412565.0,4568575.0,2025-06-22
412575.0,4568575.0,2025-06-22
412585.0,4568575.0,2025-06-22
412595.0,4568575.0,2025-06-22
412605.0,4568575.0,2025-06-22
412615.0,4568575.0,2025-06-22
412625.0,4568575.0,2025-06-22
412635.0,4568575.0,2025-06-22
412645.0,4568575.0,2025-06-22
412655.0,4568575.0,2025-06-22
412665.0,4568575.0,2025-06-22
412675.0,4568575.0,2025-06-22
412685.0,4568575.0,2025-06-22
412695.0,4568575.0,2025-06-22
412705.0,4568575.0,2025-06-22
412715.0,4568575.0,2025-06-22
412725.0,4568575.0,2025-06-22
412735.0,4568575.0,2025-06-22
412745.0,4568575.0,2025-06-22
412755.0,4568575.0,2025-06-22
412765.0,4568575.0,2025-06-22
412775.0,4568575.0,2025-06-22
412785.0,4568575.0,2025-06-22
412795.0,4568575.0,2025-06-22
412805.0,4568575.0,2025-06-22
412815.0,4568575.0,2025-06-22
412825.0,4568575.0,2025-06-22
412835.0,4568575.0,2025-06-22
412845.0,4568575.0,2025-06-22
412855.0,4568575.0,2025-06-22
412865.0,4568575.0,2025-06-22
412875.0,4568575.0,2025-06-22
412885.0,4568575.0,2025-06-22
412895.0,4568575.0,2025-06-22
412905.0,4568575.0,2025-06-22
412915.0,4568575.0,2025-06-22
412925.0,4568575.0,2025-06-22
412935.0,4568575.0,2025-06-22
412945.0,4568575.0,2025-06-22
412955.0,4568575.0,2025-06-22
412965.0,4568575.0,2025-06-22
412975.0,4568575.0,2025-06-22
412985.0,4568575.0,2025-06-22
412995.0,4568575.0,2025-06-22
413005.0,4568575.0,2025-06-22
413015.0,4568575.0,2025-06-22
413025.0,4568575.0,2025-06-22
413035.0,4568575.0,2025-06-22
413045.0,4568575.0,2025-06-22
413055.0,4568575.0,2025-06-22
413065.0,4568575.0,2025-06-22
413075.0,4568575.0,2025-06-22
413085.0,4568575.0,2025-06-22
413095.0,4568575.0,2025-06-22
413105.0,4568575.0,2025-06-22
413115.0,4568575.0,2025-06-22
413125.0,4568575.0,2025-06-22
413135.0,4568575.0,2025-06-22
413145.0,4568575.0,2025-06-22
413155.0,4568575.0,2025-06-22
413165.0,4568575.0,2025-06-22
413175.0,4568575.0,2025-06-22
413185.0,4568575.0,2025-06-22
413195.0,4568575.0,2025-06-22
413205.0,4568575.0,2025-06-22
413215.0,4568575.0,2025-06-22
413225.0,4568575.0,2025-06-22
413235.0,4568575.0,2025-06-22
413245.0,4568575.0,2025-06-22
413255.0,4568575.0,2025-06-22
413265.0,4568575.0,2025-06-22
413275.0,4568575.0,2025-06-22
413285.0,4568575.0,2025-06-22
413295.0,4568575.0,2025-06-22
413305.0,4568575.0,2025-06-22
413315.0,4568575.0,2025-06-22
413325.0,4568575.0,2025-06-22
413335.0,4568575.0,2025-06-22
413345.0,4568575.0,2025-06-22
413355.0,4568575.0,2025-06-22
413365.0,4568575.0,2025-06-22
413375.0,4568575.0,2025-06-22
413385.0,4568575.0,2025-06-22
413395.0,4568575.0,2025-06-22
413405.0,4568575.0,2025-06-22
413415.0,4568575.0,2025-06-22
413425.0,4568575.0,2025-06-22
413435.0,4568575.0,2025-06-22
413445.0,4568575.0,2025-06-22
413455.0,4568575.0,2025-06-22
413465.0,4568575.0,2025-06-22
413475.0,4568575.0,2025-06-22
413485.0,4568575.0,2025-06-22
413495.0,4568575.0,2025-06-22
413505.0,4568575.0,2025-06-22
413515.0,4568575.0,2025-06-22
413525.0,4568575.0,2025-06-22
413535.0,4568575.0,2025-06-22
413545.0,4568575.0,2025-06-22
413555.0,4568575.0,2025-06-22
413565.0,4568575.0,2025-06-22
413575.0,4568575.0,2025-06-22
413585.0,4568575.0,2025-06-22
413595.0,4568575.0,2025-06-22
413605.0,4568575.0,2025-06-22
413615.0,4568575.0,2025-06-22
413625.0,4568575.0,2025-06-22
413635.0,4568575.0,2025-06-22
413645.0,4568575.0,2025-06-22
413655.0,4568575.0,2025-06-22
413665.0,4568575.0,2025-06-22
413675.0,4568575.0,2025-06-22
413685.0,4568575.0,2025-06-22
413695.0,4568575.0,2025-06-22
413705.0,4568575.0,2025-06-22
413715.0,4568575.0,2025-06-22
413725.0,4568575.0,2025-06-22
413735.0,4568575.0,2025-06-22
413745.0,4568575.0,2025-06-22
413755.0,4568575.0,2025-06-22
413765.0,4568575.0,2025-06-22
413775.0,4568575.0,2025-06-22
413785.0,4568575.0,2025-06-22
413795.0,4568575.0,2025-06-22
413805.0,4568575.0,2025-06-22
413815.0,4568575.0,2025-06-22
413825.0,4568575.0,2025-06-22
413835.0,4568575.0,2025-06-22
413845.0,4568575.0,2025-06-22
413855.0,4568575.0,2025-06-22
413865.0,4568575.0,2025-06-22
413875.0,4568575.0,2025-06-22
413885.0,4568575.0,2025-06-22
413895.0,4568575.0,2025-06-22
413905.0,4568575.0,2025-06-22
413915.0,4568575.0,2025-06-22
413925.0,4568575.0,2025-06-22
413935.0,4568575.0,2025-06-22
413945.0,4568575.0,2025-06-22
413955.0,4568575.0,2025-06-22
413965.0,4568575.0,2025-06-22
413975.0,4568575.0,2025-06-22
413985.0,4568575.0,2025-06-22
413995.0,4568575.0,2025-06-22
414005.0,4568575.0,2025-06-22
414015.0,4568575.0,2025-06-22
414025.0,4568575.0,2025-06-22
414035.0,4568575.0,2025-06-22
414045.0,4568575.0,2025-06-22
414055.0,4568575.0,2025-06-22
414065.0,4568575.0,2025-06-22
414075.0,4568575.0,2025-06-22
414085.0,4568575.0,2025-06-22
414095.0,4568575.0,2025-06-22
414105.0,4568575.0,2025-06-22
414115.0,4568575.0,2025-06-22
414125.0,4568575.0,2025-06-22
414135.0,4568575.0,2025-06-22
414145.0,4568575.0,2025-06-22
414155.0,4568575.0,2025-06-22
414165.0,4568575.0,2025-06-22
414175.0,4568575.0,2025-06-22
414185.0,4568575.0,2025-06-22
414195.0,4568575.0,2025-06-22
414205.0,4568575.0,2025-06-22
414215.0,4568575.0,2025-06-22
414225.0,4568575.0,2025-06-22
414235.0,4568575.0,2025-06-22
414245.0,4568575.0,2025-06-22
414255.0,4568575.0,2025-06-22
414265.0,4568575.0,2025-06-22
414275.0,4568575.0,2025-06-22
414285.0,4568575.0,2025-06-22
414295.0,4568575.0,2025-06-22
414305.0,4568575.0,2025-06-22
414315.0,4568575.0,2025-06-22
414325.0,4568575.0,2025-06-22
414335.0,4568575.0,2025-06-22
414345.0,4568575.0,2025-06-22
414355.0,4568575.0,2025-06-22
414365.0,4568575.0,2025-06-22
414375.0,4568575.0,2025-06-22
414385.0,4568575.0,2025-06-22
414395.0,4568575.0,2025-06-22
414405.0,4568575.0,2025-06-22
414415.0,4568575.0,2025-06-22
414425.0,4568575.0,2025-06-22
414435.0,4568575.0,2025-06-22
414445.0,4568575.0,2025-06-22
414455.0,4568575.0,2025-06-22
414465.0,4568575.0,2025-06-22
414475.0,4568575.0,2025-06-22
414485.0,4568575.0,2025-06-22
414495.0,4568575.0,2025-06-22
414505.0,4568575.0,2025-06-22
414515.0,4568575.0,2025-06-22
414525.0,4568575.0,2025-06-22
414535.0,4568575.0,2025-06-22
414545.0,4568575.0,2025-06-22
414555.0,4568575.0,2025-06-22
414565.0,4568575.0,2025-06-22
414575.0,4568575.0,2025-06-22
414585.0,4568575.0,2025-06-22
414595.0,4568575.0,2025-06-22
414605.0,4568575.0,2025-06-22
414615.0,4568575.0,2025-06-22
414625.0,4568575.0,2025-06-22
414635.0,4568575.0,2025-06-22
414645.0,4568575.0,2025-06-22
414655.0,4568575.0,2025-06-22
414665.0,4568575.0,2025-06-22
414675.0,4568575.0,2025-06-22
414685.0,4568575.0,2025-06-22
414695.0,4568575.0,2025-06-22
414705.0,4568575.0,2025-06-22
414715.0,4568575.0,2025-06-22
414725.0,4568575.0,2025-06-22
414735.0,4568575.0,2025-06-22
414745.0,4568575.0,2025-06-22
414755.0,4568575.0,2025-06-22
414765.0,4568575.0,2025-06-22
414775.0,4568575.0,2025-06-22
414785.0,4568575.0,2025-06-22
414795.0,4568575.0,2025-06-22
414805.0,4568575.0,2025-06-22
414815.0,4568575.0,2025-06-22
414825.0,4568575.0,2025-06-22
414835.0,4568575.0,2025-06-22
414845.0,4568575.0,2025-06-22
414855.0,4568575.0,2025-06-22
414865.0,4568575.0,2025-06-22
414875.0,4568575.0,2025-06-22
414885.0,4568575.0,2025-06-22
414895.0,4568575.0,2025-06-22
414905.0,4568575.0,2025-06-22
414915.0,4568575.0,2025-06-22
414925.0,4568575.0,2025-06-22
414935.0,4568575.0,2025-06-22
414945.0,4568575.0,2025-06-22
414955.0,4568575.0,2025-06-22
414965.0,4568575.0,2025-06-22
414975.0,4568575.0,2025-06-22
414985.0,4568575.0,2025-06-22
414995.0,4568575.0,2025-06-22
415005.0,4568575.0,2025-06-22
415015.0,4568575.0,2025-06-22
415025.0,4568575.0,2025-06-22
415035.0,4568575.0,2025-06-22
415045.0,4568575.0,2025-06-22
415055.0,4568575.0,2025-06-22
415065.0,4568575.0,2025-06-22
415075.0,4568575.0,2025-06-22
415085.0,4568575.0,2025-06-22
415095.0,4568575.0,2025-06-22
415105.0,4568575.0,2025-06-22
415115.0,4568575.0,2025-06-22
415125.0,4568575.0,2025-06-22
415135.0,4568575.0,2025-06-22
415145.0,4568575.0,2025-06-22
415155.0,4568575.0,2025-06-22
415165.0,4568575.0,2025-06-22
415175.0,4568575.0,2025-06-22
415185.0,4568575.0,2025-06-22
415195.0,4568575.0,2025-06-22
415205.0,4568575.0,2025-06-22
415215.0,4568575.0,2025-06-22
415225.0,4568575.0,2025-06-22
415235.0,4568575.0,2025-06-22
415245.0,4568575.0,2025-06-22
415255.0,4568575.0,2025-06-22
415265.0,4568575.0,2025-06-22
415275.0,4568575.0,2025-06-22
415285.0,4568575.0,2025-06-22
415295.0,4568575.0,2025-06-22
415305.0,4568575.0,2025-06-22
415315.0,4568575.0,2025-06-22
415325.0,4568575.0,2025-06-22
415335.0,4568575.0,2025-06-22
415345.0,4568575.0,2025-06-22
415355.0,4568575.0,2025-06-22
415365.0,4568575.0,2025-06-22
415375.0,4568575.0,2025-06-22
415385.0,4568575.0,2025-06-22
415395.0,4568575.0,2025-06-22
415405.0,4568575.0,2025-06-22
415415.0,4568575.0,2025-06-22
415425.0,4568575.0,2025-06-22
415435.0,4568575.0,2025-06-22
415445.0,4568575.0,2025-06-22
415455.0,4568575.0,2025-06-22
415465.0,4568575.0,2025-06-22
415475.0,4568575.0,2025-06-22
415485.0,4568575.0,2025-06-22
415495.0,4568575.0,2025-06-22
415505.0,4568575.0,2025-06-22
415515.0,4568575.0,2025-06-22
415525.0,4568575.0,2025-06-22
415535.0,4568575.0,2025-06-22
415545.0,4568575.0,2025-06-22
415555.0,4568575.0,2025-06-22
415565.0,4568575.0,2025-06-22
415575.0,4568575.0,2025-06-22
415585.0,4568575.0,2025-06-22
415595.0,4568575.0,2025-06-22
415605.0,4568575.0,2025-06-22
415615.0,4568575.0,2025-06-22
415625.0,4568575.0,2025-06-22
415635.0,4568575.0,2025-06-22
415645.0,4568575.0,2025-06-22
415655.0,4568575.0,2025-06-22
415665.0,4568575.0,2025-06-22
415675.0,4568575.0,2025-06-22
415685.0,4568575.0,2025-06-22
415695.0,4568575.0,2025-06-22
415705.0,4568575.0,2025-06-22
415715.0,4568575.0,2025-06-22
415725.0,4568575.0,2025-06-22
415735.0,4568575.0,2025-06-22
415745.0,4568575.0,2025-06-22
415755.0,4568575.0,2025-06-22
415765.0,4568575.0,2025-06-22
415775.0,4568575.0,2025-06-22
415785.0,4568575.0,2025-06-22
415795.0,4568575.0,2025-06-22
415805.0,4568575.0,2025-06-22
415815.0,4568575.0,2025-06-22
415825.0,4568575.0,2025-06-22
415835.0,4568575.0,2025-06-22
415845.0,4568575.0,2025-06-22
415855.0,4568575.0,2025-06-22
415865.0,4568575.0,2025-06-22
415875.0,4568575.0,2025-06-22
415885.0,4568575.0,2025-06-22
415895.0,4568575.0,2025-06-22
415905.0,4568575.0,2025-06-22
415915.0,4568575.0,2025-06-22
415925.0,4568575.0,2025-06-22
415935.0,4568575.0,2025-06-22
415945.0,4568575.0,2025-06-22
415955.0,4568575.0,2025-06-22
415965.0,4568575.0,2025-06-22
415975.0,4568575.0,2025-06-22
415985.0,4568575.0,2025-06-22
415995.0,4568575.0,2025-06-22
416005.0,4568575.0,2025-06-22
416015.0,4568575.0,2025-06-22
416025.0,4568575.0,2025-06-22
416035.0,4568575.0,2025-06-22
416045.0,4568575.0,2025-06-22
416055.0,4568575.0,2025-06-22
416065.0,4568575.0,2025-06-22
416075.0,4568575.0,2025-06-22
416085.0,4568575.0,2025-06-22
416095.0,4568575.0,2025-06-22
416105.0,4568575.0,2025-06-22
416115.0,4568575.0,2025-06-22
416125.0,4568575.0,2025-06-22
416135.0,4568575.0,2025-06-22
416145.0,4568575.0,2025-06-22
416155.0,4568575.0,2025-06-22
416165.0,4568575.0,2025-06-22
416175.0,4568575.0,2025-06-22
416185.0,4568575.0,2025-06-22
416195.0,4568575.0,2025-06-22
416205.0,4568575.0,2025-06-22
416215.0,4568575.0,2025-06-22
416225.0,4568575.0,2025-06-22
416235.0,4568575.0,2025-06-22
416245.0,4568575.0,2025-06-22
416255.0,4568575.0,2025-06-22
416265.0,4568575.0,2025-06-22
416275.0,4568575.0,2025-06-22
416285.0,4568575.0,2025-06-22
416295.0,4568575.0,2025-06-22
416305.0,4568575.0,2025-06-22
416315.0,4568575.0,2025-06-22
416325.0,4568575.0,2025-06-22
416335.0,4568575.0,2025-06-22
416345.0,4568575.0,2025-06-22
416355.0,4568575.0,2025-06-22
416365.0,4568575.0,2025-06-22
416375.0,4568575.0,2025-06-22
416385.0,4568575.0,2025-06-22
416395.0,4568575.0,2025-06-22
416405.0,4568575.0,2025-06-22
416415.0,4568575.0,2025-06-22
416425.0,4568575.0,2025-06-22
416435.0,4568575.0,2025-06-22
416445.0,4568575.0,2025-06-22
416455.0,4568575.0,2025-06-22
411745.0,4568565.0,2025-06-22
411755.0,4568565.0,2025-06-22
411765.0,4568565.0,2025-06-22
411775.0,4568565.0,2025-06-22
411785.0,4568565.0,2025-06-22
411795.0,4568565.0,2025-06-22
411805.0,4568565.0,2025-06-22
411815.0,4568565.0,2025-06-22
411825.0,4568565.0,2025-06-22
411835.0,4568565.0,2025-06-22
411845.0,4568565.0,2025-06-22
411855.0,4568565.0,2025-06-22
411865.0,4568565.0,2025-06-22
411875.0,4568565.0,2025-06-22
411885.0,4568565.0,2025-06-22
411895.0,4568565.0,2025-06-22
411905.0,4568565.0,2025-06-22
411915.0,4568565.0,2025-06-22
411925.0,4568565.0,2025-06-22
411935.0,4568565.0,2025-06-22
411945.0,4568565.0,2025-06-22
411955.0,4568565.0,2025-06-22
411965.0,4568565.0,2025-06-22
411975.0,4568565.0,2025-06-22
411985.0,4568565.0,2025-06-22
411995.0,4568565.0,2025-06-22
412005.0,4568565.0,2025-06-22
412015.0,4568565.0,2025-06-22
412025.0,4568565.0,2025-06-22
412035.0,4568565.0,2025-06-22
412045.0,4568565.0,2025-06-22
412055.0,4568565.0,2025-06-22
412065.0,4568565.0,2025-06-22
412075.0,4568565.0,2025-06-22
412085.0,4568565.0,2025-06-22
412095.0,4568565.0,2025-06-22
412105.0,4568565.0,2025-06-22
412115.0,4568565.0,2025-06-22
412125.0,4568565.0,2025-06-22
412135.0,4568565.0,2025-06-22
412145.0,4568565.0,2025-06-22
412155.0,4568565.0,2025-06-22
412165.0,4568565.0,2025-06-22
412175.0,4568565.0,2025-06-22
412185.0,4568565.0,2025-06-22
412195.0,4568565.0,2025-06-22
412205.0,4568565.0,2025-06-22
412215.0,4568565.0,2025-06-22
412225.0,4568565.0,2025-06-22
412235.0,4568565.0,2025-06-22
412245.0,4568565.0,2025-06-22
412255.0,4568565.0,2025-06-22
412265.0,4568565.0,2025-06-22
412275.0,4568565.0,2025-06-22
412285.0,4568565.0,2025-06-22
412295.0,4568565.0,2025-06-22
412305.0,4568565.0,2025-06-22
412315.0,4568565.0,2025-06-22
412325.0,4568565.0,2025-06-22
412335.0,4568565.0,2025-06-22
412345.0,4568565.0,2025-06-22
412355.0,4568565.0,2025-06-22
412365.0,4568565.0,2025-06-22
412375.0,4568565.0,2025-06-22
412385.0,4568565.0,2025-06-22
412395.0,4568565.0,2025-06-22
412405.0,4568565.0,2025-06-22
412415.0,4568565.0,2025-06-22
412425.0,4568565.0,2025-06-22
412435.0,4568565.0,2025-06-22
412445.0,4568565.0,2025-06-22
412455.0,4568565.0,2025-06-22
412465.0,4568565.0,2025-06-22
412475.0,4568565.0,2025-06-22
412485.0,4568565.0,2025-06-22
412495.0,4568565.0,2025-06-22
412505.0,4568565.0,2025-06-22
412515.0,4568565.0,2025-06-22
412525.0,4568565.0,2025-06-22
412535.0,4568565.0,2025-06-22
412545.0,4568565.0,2025-06-22
412555.0,4568565.0,2025-06-22
412565.0,4568565.0,2025-06-22
412575.0,4568565.0,2025-06-22
412585.0,4568565.0,2025-06-22
412595.0,4568565.0,2025-06-22
412605.0,4568565.0,2025-06-22
412615.0,4568565.0,2025-06-22
412625.0,4568565.0,2025-06-22
412635.0,4568565.0,2025-06-22
412645.0,4568565.0,2025-06-22
412655.0,4568565.0,2025-06-22
412665.0,4568565.0,2025-06-22
412675.0,4568565.0,2025-06-22
412685.0,4568565.0,2025-06-22
412695.0,4568565.0,2025-06-22
412705.0,4568565.0,2025-06-22
412715.0,4568565.0,2025-06-22
412725.0,4568565.0,2025-06-22
412735.0,4568565.0,2025-06-22
412745.0,4568565.0,2025-06-22
412755.0,4568565.0,2025-06-22
412765.0,4568565.0,2025-06-22
412775.0,4568565.0,2025-06-22
412785.0,4568565.0,2025-06-22
412795.0,4568565.0,2025-06-22
412805.0,4568565.0,2025-06-22
412815.0,4568565.0,2025-06-22
412825.0,4568565.0,2025-06-22
412835.0,4568565.0,2025-06-22
412845.0,4568565.0,2025-06-22
412855.0,4568565.0,2025-06-22
412865.0,4568565.0,2025-06-22
412875.0,4568565.0,2025-06-22
412885.0,4568565.0,2025-06-22
412895.0,4568565.0,2025-06-22
412905.0,4568565.0,2025-06-22
412915.0,4568565.0,2025-06-22
412925.0,4568565.0,2025-06-22
412935.0,4568565.0,2025-06-22
412945.0,4568565.0,2025-06-22
412955.0,4568565.0,2025-06-22
412965.0,4568565.0,2025-06-22
412975.0,4568565.0,2025-06-22
412985.0,4568565.0,2025-06-22
412995.0,4568565.0,2025-06-22
413005.0,4568565.0,2025-06-22
413015.0,4568565.0,2025-06-22
413025.0,4568565.0,2025-06-22
413035.0,4568565.0,2025-06-22
413045.0,4568565.0,2025-06-22
413055.0,4568565.0,2025-06-22
413065.0,4568565.0,2025-06-22
413075.0,4568565.0,2025-06-22
413085.0,4568565.0,2025-06-22
413095.0,4568565.0,2025-06-22
413105.0,4568565.0,2025-06-22
413115.0,4568565.0,2025-06-22
413125.0,4568565.0,2025-06-22
413135.0,4568565.0,2025-06-22
413145.0,4568565.0,2025-06-22
413155.0,4568565.0,2025-06-22
413165.0,4568565.0,2025-06-22
413175.0,4568565.0,2025-06-22
413185.0,4568565.0,2025-06-22
413195.0,4568565.0,2025-06-22
413205.0,4568565.0,2025-06-22
413215.0,4568565.0,2025-06-22
413225.0,4568565.0,2025-06-22
413235.0,4568565.0,2025-06-22
413245.0,4568565.0,2025-06-22
413255.0,4568565.0,2025-06-22
413265.0,4568565.0,2025-06-22
413275.0,4568565.0,2025-06-22
413285.0,4568565.0,2025-06-22
413295.0,4568565.0,2025-06-22
413305.0,4568565.0,2025-06-22
413315.0,4568565.0,2025-06-22
413325.0,4568565.0,2025-06-22
413335.0,4568565.0,2025-06-22
413345.0,4568565.0,2025-06-22
413355.0,4568565.0,2025-06-22
413365.0,4568565.0,2025-06-22
413375.0,4568565.0,2025-06-22
413385.0,4568565.0,2025-06-22
413395.0,4568565.0,2025-06-22
413405.0,4568565.0,2025-06-22
413415.0,4568565.0,2025-06-22
413425.0,4568565.0,2025-06-22
413435.0,4568565.0,2025-06-22
413445.0,4568565.0,2025-06-22
413455.0,4568565.0,2025-06-22
413465.0,4568565.0,2025-06-22
413475.0,4568565.0,2025-06-22
413485.0,4568565.0,2025-06-22
413495.0,4568565.0,2025-06-22
413505.0,4568565.0,2025-06-22
413515.0,4568565.0,2025-06-22
413525.0,4568565.0,2025-06-22
413535.0,4568565.0,2025-06-22
413545.0,4568565.0,2025-06-22
413555.0,4568565.0,2025-06-22
413565.0,4568565.0,2025-06-22
413575.0,4568565.0,2025-06-22
413585.0,4568565.0,2025-06-22
413595.0,4568565.0,2025-06-22
413605.0,4568565.0,2025-06-22
413615.0,4568565.0,2025-06-22
413625.0,4568565.0,2025-06-22
413635.0,4568565.0,2025-06-22
413645.0,4568565.0,2025-06-22
413655.0,4568565.0,2025-06-22
413665.0,4568565.0,2025-06-22
413675.0,4568565.0,2025-06-22
413685.0,4568565.0,2025-06-22
413695.0,4568565.0,2025-06-22
413705.0,4568565.0,2025-06-22
413715.0,4568565.0,2025-06-22
413725.0,4568565.0,2025-06-22
413735.0,4568565.0,2025-06-22
413745.0,4568565.0,2025-06-22
413755.0,4568565.0,2025-06-22
413765.0,4568565.0,2025-06-22
413775.0,4568565.0,2025-06-22
413785.0,4568565.0,2025-06-22
413795.0,4568565.0,2025-06-22
413805.0,4568565.0,2025-06-22
413815.0,4568565.0,2025-06-22
413825.0,4568565.0,2025-06-22
413835.0,4568565.0,2025-06-22
413845.0,4568565.0,2025-06-22
413855.0,4568565.0,2025-06-22
413865.0,4568565.0,2025-06-22
413875.0,4568565.0,2025-06-22
413885.0,4568565.0,2025-06-22
413895.0,4568565.0,2025-06-22
413905.0,4568565.0,2025-06-22
413915.0,4568565.0,2025-06-22
413925.0,4568565.0,2025-06-22
413935.0,4568565.0,2025-06-22
413945.0,4568565.0,2025-06-22
413955.0,4568565.0,2025-06-22
413965.0,4568565.0,2025-06-22
413975.0,4568565.0,2025-06-22
413985.0,4568565.0,2025-06-22
413995.0,4568565.0,2025-06-22
414005.0,4568565.0,2025-06-22
414015.0,4568565.0,2025-06-22
414025.0,4568565.0,2025-06-22
414035.0,4568565.0,2025-06-22
414045.0,4568565.0,2025-06-22
414055.0,4568565.0,2025-06-22
414065.0,4568565.0,2025-06-22
414075.0,4568565.0,2025-06-22
414085.0,4568565.0,2025-06-22
414095.0,4568565.0,2025-06-22
414105.0,4568565.0,2025-06-22
414115.0,4568565.0,2025-06-22
414125.0,4568565.0,2025-06-22
414135.0,4568565.0,2025-06-22
414145.0,4568565.0,2025-06-22
414155.0,4568565.0,2025-06-22
414165.0,4568565.0,2025-06-22
414175.0,4568565.0,2025-06-22
414185.0,4568565.0,2025-06-22
414195.0,4568565.0,2025-06-22
414205.0,4568565.0,2025-06-22
414215.0,4568565.0,2025-06-22
414225.0,4568565.0,2025-06-22
414235.0,4568565.0,2025-06-22
414245.0,4568565.0,2025-06-22
414255.0,4568565.0,2025-06-22
414265.0,4568565.0,2025-06-22
414275.0,4568565.0,2025-06-22
414285.0,4568565.0,2025-06-22
414295.0,4568565.0,2025-06-22
414305.0,4568565.0,2025-06-22
414315.0,4568565.0,2025-06-22
414325.0,4568565.0,2025-06-22
414335.0,4568565.0,2025-06-22
414345.0,4568565.0,2025-06-22
414355.0,4568565.0,2025-06-22
414365.0,4568565.0,2025-06-22
414375.0,4568565.0,2025-06-22
414385.0,4568565.0,2025-06-22
414395.0,4568565.0,2025-06-22
414405.0,4568565.0,2025-06-22
414415.0,4568565.0,2025-06-22
414425.0,4568565.0,2025-06-22
414435.0,4568565.0,2025-06-22
414445.0,4568565.0,2025-06-22
414455.0,4568565.0,2025-06-22
414465.0,4568565.0,2025-06-22
414475.0,4568565.0,2025-06-22
414485.0,4568565.0,2025-06-22
414495.0,4568565.0,2025-06-22
414505.0,4568565.0,2025-06-22
414515.0,4568565.0,2025-06-22
414525.0,4568565.0,2025-06-22
414535.0,4568565.0,2025-06-22
414545.0,4568565.0,2025-06-22
414555.0,4568565.0,2025-06-22
414565.0,4568565.0,2025-06-22
414575.0,4568565.0,2025-06-22
414585.0,4568565.0,2025-06-22
414595.0,4568565.0,2025-06-22
414605.0,4568565.0,2025-06-22
414615.0,4568565.0,2025-06-22
414625.0,4568565.0,2025-06-22
414635.0,4568565.0,2025-06-22
414645.0,4568565.0,2025-06-22
414655.0,4568565.0,2025-06-22
414665.0,4568565.0,2025-06-22
414675.0,4568565.0,2025-06-22
414685.0,4568565.0,2025-06-22
414695.0,4568565.0,2025-06-22
414705.0,4568565.0,2025-06-22
414715.0,4568565.0,2025-06-22
414725.0,4568565.0,2025-06-22
414735.0,4568565.0,2025-06-22
414745.0,4568565.0,2025-06-22
414755.0,4568565.0,2025-06-22
414765.0,4568565.0,2025-06-22
414775.0,4568565.0,2025-06-22
414785.0,4568565.0,2025-06-22
414795.0,4568565.0,2025-06-22
414805.0,4568565.0,2025-06-22
414815.0,4568565.0,2025-06-22
414825.0,4568565.0,2025-06-22
414835.0,4568565.0,2025-06-22
414845.0,4568565.0,2025-06-22
414855.0,4568565.0,2025-06-22
414865.0,4568565.0,2025-06-22
414875.0,4568565.0,2025-06-22
414885.0,4568565.0,2025-06-22
414895.0,4568565.0,2025-06-22
414905.0,4568565.0,2025-06-22
414915.0,4568565.0,2025-06-22
414925.0,4568565.0,2025-06-22
414935.0,4568565.0,2025-06-22
414945.0,4568565.0,2025-06-22
414955.0,4568565.0,2025-06-22
414965.0,4568565.0,2025-06-22
414975.0,4568565.0,2025-06-22
414985.0,4568565.0,2025-06-22
414995.0,4568565.0,2025-06-22
415005.0,4568565.0,2025-06-22
415015.0,4568565.0,2025-06-22
415025.0,4568565.0,2025-06-22
415035.0,4568565.0,2025-06-22
415045.0,4568565.0,2025-06-22
415055.0,4568565.0,2025-06-22
415065.0,4568565.0,2025-06-22
415075.0,4568565.0,2025-06-22
415085.0,4568565.0,2025-06-22
415095.0,4568565.0,2025-06-22
415105.0,4568565.0,2025-06-22
415115.0,4568565.0,2025-06-22
415125.0,4568565.0,2025-06-22
415135.0,4568565.0,2025-06-22
415145.0,4568565.0,2025-06-22
415155.0,4568565.0,2025-06-22
415165.0,4568565.0,2025-06-22
415175.0,4568565.0,2025-06-22
415185.0,4568565.0,2025-06-22
415195.0,4568565.0,2025-06-22
415205.0,4568565.0,2025-06-22
415215.0,4568565.0,2025-06-22
415225.0,4568565.0,2025-06-22
415235.0,4568565.0,2025-06-22
415245.0,4568565.0,2025-06-22
415255.0,4568565.0,2025-06-22
415265.0,4568565.0,2025-06-22
415275.0,4568565.0,2025-06-22
415285.0,4568565.0,2025-06-22
415295.0,4568565.0,2025-06-22
415305.0,4568565.0,2025-06-22
415315.0,4568565.0,2025-06-22
415325.0,4568565.0,2025-06-22
415335.0,4568565.0,2025-06-22
415345.0,4568565.0,2025-06-22
415355.0,4568565.0,2025-06-22
415365.0,4568565.0,2025-06-22
415375.0,4568565.0,2025-06-22
415385.0,4568565.0,2025-06-22
415395.0,4568565.0,2025-06-22
415405.0,4568565.0,2025-06-22
415415.0,4568565.0,2025-06-22
415425.0,4568565.0,2025-06-22
415435.0,4568565.0,2025-06-22
415445.0,4568565.0,2025-06-22
415455.0,4568565.0,2025-06-22
415465.0,4568565.0,2025-06-22
415475.0,4568565.0,2025-06-22
415485.0,4568565.0,2025-06-22
415495.0,4568565.0,2025-06-22
415505.0,4568565.0,2025-06-22
415515.0,4568565.0,2025-06-22
415525.0,4568565.0,2025-06-22
415535.0,4568565.0,2025-06-22
415545.0,4568565.0,2025-06-22
415555.0,4568565.0,2025-06-22
415565.0,4568565.0,2025-06-22
415575.0,4568565.0,2025-06-22
415585.0,4568565.0,2025-06-22
415595.0,4568565.0,2025-06-22
415605.0,4568565.0,2025-06-22
415615.0,4568565.0,2025-06-22
415625.0,4568565.0,2025-06-22
415635.0,4568565.0,2025-06-22
415645.0,4568565.0,2025-06-22
415655.0,4568565.0,2025-06-22
415665.0,4568565.0,2025-06-22
415675.0,4568565.0,2025-06-22
415685.0,4568565.0,2025-06-22
415695.0,4568565.0,2025-06-22
415705.0,4568565.0,2025-06-22
415715.0,4568565.0,2025-06-22
415725.0,4568565.0,2025-06-22
415735.0,4568565.0,2025-06-22
415745.0,4568565.0,2025-06-22
415755.0,4568565.0,2025-06-22
415765.0,4568565.0,2025-06-22
415775.0,4568565.0,2025-06-22
415785.0,4568565.0,2025-06-22
415795.0,4568565.0,2025-06-22
415805.0,4568565.0,2025-06-22
415815.0,4568565.0,2025-06-22
415825.0,4568565.0,2025-06-22
415835.0,4568565.0,2025-06-22
415845.0,4568565.0,2025-06-22
415855.0,4568565.0,2025-06-22
415865.0,4568565.0,2025-06-22
415875.0,4568565.0,2025-06-22
415885.0,4568565.0,2025-06-22
415895.0,4568565.0,2025-06-22
415905.0,4568565.0,2025-06-22
415915.0,4568565.0,2025-06-22
415925.0,4568565.0,2025-06-22
415935.0,4568565.0,2025-06-22
415945.0,4568565.0,2025-06-22
415955.0,4568565.0,2025-06-22
415965.0,4568565.0,2025-06-22
415975.0,4568565.0,2025-06-22
415985.0,4568565.0,2025-06-22
415995.0,4568565.0,2025-06-22
416005.0,4568565.0,2025-06-22
416015.0,4568565.0,2025-06-22
416025.0,4568565.0,2025-06-22
416035.0,4568565.0,2025-06-22
416045.0,4568565.0,2025-06-22
416055.0,4568565.0,2025-06-22
416065.0,4568565.0,2025-06-22
416075.0,4568565.0,2025-06-22
416085.0,4568565.0,2025-06-22
416095.0,4568565.0,2025-06-22
416105.0,4568565.0,2025-06-22
416115.0,4568565.0,2025-06-22
416125.0,4568565.0,2025-06-22
416135.0,4568565.0,2025-06-22
416145.0,4568565.0,2025-06-22
416155.0,4568565.0,2025-06-22
416165.0,4568565.0,2025-06-22
416175.0,4568565.0,2025-06-22
416185.0,4568565.0,2025-06-22
416195.0,4568565.0,2025-06-22
416205.0,4568565.0,2025-06-22
416215.0,4568565.0,2025-06-22
416225.0,4568565.0,2025-06-22
416235.0,4568565.0,2025-06-22
416245.0,4568565.0,2025-06-22
416255.0,4568565.0,2025-06-22
416265.0,4568565.0,2025-06-22
416275.0,4568565.0,2025-06-22
416285.0,4568565.0,2025-06-22
416295.0,4568565.0,2025-06-22
416305.0,4568565.0,2025-06-22
416315.0,4568565.0,2025-06-22
416325.0,4568565.0,2025-06-22
416335.0,4568565.0,2025-06-22
416345.0,4568565.0,2025-06-22
416355.0,4568565.0,2025-06-22
416365.0,4568565.0,2025-06-22
416375.0,4568565.0,2025-06-22
416385.0,4568565.0,2025-06-22
416395.0,4568565.0,2025-06-22
416405.0,4568565.0,2025-06-22
416415.0,4568565.0,2025-06-22
416425.0,4568565.0,2025-06-22
416435.0,4568565.0,2025-06-22
416445.0,4568565.0,2025-06-22
416455.0,4568565.0,2025-06-22
411745.0,4568555.0,2025-06-22
411755.0,4568555.0,2025-06-22
411765.0,4568555.0,2025-06-22
411775.0,4568555.0,2025-06-22
411785.0,4568555.0,2025-06-22
411795.0,4568555.0,2025-06-22
411805.0,4568555.0,2025-06-22
411815.0,4568555.0,2025-06-22
411825.0,4568555.0,2025-06-22
411835.0,4568555.0,2025-06-22
411845.0,4568555.0,2025-06-22
411855.0,4568555.0,2025-06-22
411865.0,4568555.0,2025-06-22
411875.0,4568555.0,2025-06-22
411885.0,4568555.0,2025-06-22
411895.0,4568555.0,2025-06-22
411905.0,4568555.0,2025-06-22
411915.0,4568555.0,2025-06-22
411925.0,4568555.0,2025-06-22
411935.0,4568555.0,2025-06-22
411945.0,4568555.0,2025-06-22
411955.0,4568555.0,2025-06-22
411965.0,4568555.0,2025-06-22
411975.0,4568555.0,2025-06-22
411985.0,4568555.0,2025-06-22
411995.0,4568555.0,2025-06-22
412005.0,4568555.0,2025-06-22
412015.0,4568555.0,2025-06-22
412025.0,4568555.0,2025-06-22
412035.0,4568555.0,2025-06-22
412045.0,4568555.0,2025-06-22
412055.0,4568555.0,2025-06-22
412065.0,4568555.0,2025-06-22
412075.0,4568555.0,2025-06-22
412085.0,4568555.0,2025-06-22
412095.0,4568555.0,2025-06-22
412105.0,4568555.0,2025-06-22
412115.0,4568555.0,2025-06-22
412125.0,4568555.0,2025-06-22
412135.0,4568555.0,2025-06-22
412145.0,4568555.0,2025-06-22
412155.0,4568555.0,2025-06-22
412165.0,4568555.0,2025-06-22
412175.0,4568555.0,2025-06-22
412185.0,4568555.0,2025-06-22
412195.0,4568555.0,2025-06-22
412205.0,4568555.0,2025-06-22
412215.0,4568555.0,2025-06-22
412225.0,4568555.0,2025-06-22
412235.0,4568555.0,2025-06-22
412245.0,4568555.0,2025-06-22
412255.0,4568555.0,2025-06-22
412265.0,4568555.0,2025-06-22
412275.0,4568555.0,2025-06-22
412285.0,4568555.0,2025-06-22
412295.0,4568555.0,2025-06-22
412305.0,4568555.0,2025-06-22
412315.0,4568555.0,2025-06-22
412325.0,4568555.0,2025-06-22
412335.0,4568555.0,2025-06-22
412345.0,4568555.0,2025-06-22
412355.0,4568555.0,2025-06-22
412365.0,4568555.0,2025-06-22
412375.0,4568555.0,2025-06-22
412385.0,4568555.0,2025-06-22
412395.0,4568555.0,2025-06-22
412405.0,4568555.0,2025-06-22
412415.0,4568555.0,2025-06-22
412425.0,4568555.0,2025-06-22
412435.0,4568555.0,2025-06-22
412445.0,4568555.0,2025-06-22
412455.0,4568555.0,2025-06-22
412465.0,4568555.0,2025-06-22
412475.0,4568555.0,2025-06-22
412485.0,4568555.0,2025-06-22
412495.0,4568555.0,2025-06-22
412505.0,4568555.0,2025-06-22
412515.0,4568555.0,2025-06-22
412525.0,4568555.0,2025-06-22
412535.0,4568555.0,2025-06-22
412545.0,4568555.0,2025-06-22
412555.0,4568555.0,2025-06-22
412565.0,4568555.0,2025-06-22
412575.0,4568555.0,2025-06-22
412585.0,4568555.0,2025-06-22
412595.0,4568555.0,2025-06-22
412605.0,4568555.0,2025-06-22
412615.0,4568555.0,2025-06-22
412625.0,4568555.0,2025-06-22
412635.0,4568555.0,2025-06-22
412645.0,4568555.0,2025-06-22
412655.0,4568555.0,2025-06-22
412665.0,4568555.0,2025-06-22
412675.0,4568555.0,2025-06-22
412685.0,4568555.0,2025-06-22
412695.0,4568555.0,2025-06-22
412705.0,4568555.0,2025-06-22
412715.0,4568555.0,2025-06-22
412725.0,4568555.0,2025-06-22
412735.0,4568555.0,2025-06-22
412745.0,4568555.0,2025-06-22
412755.0,4568555.0,2025-06-22
412765.0,4568555.0,2025-06-22
412775.0,4568555.0,2025-06-22
412785.0,4568555.0,2025-06-22
412795.0,4568555.0,2025-06-22
412805.0,4568555.0,2025-06-22
412815.0,4568555.0,2025-06-22
412825.0,4568555.0,2025-06-22
412835.0,4568555.0,2025-06-22
412845.0,4568555.0,2025-06-22
412855.0,4568555.0,2025-06-22
412865.0,4568555.0,2025-06-22
412875.0,4568555.0,2025-06-22
412885.0,4568555.0,2025-06-22
412895.0,4568555.0,2025-06-22
412905.0,4568555.0,2025-06-22
412915.0,4568555.0,2025-06-22
412925.0,4568555.0,2025-06-22
412935.0,4568555.0,2025-06-22
412945.0,4568555.0,2025-06-22
412955.0,4568555.0,2025-06-22
412965.0,4568555.0,2025-06-22
412975.0,4568555.0,2025-06-22
412985.0,4568555.0,2025-06-22
412995.0,4568555.0,2025-06-22
413005.0,4568555.0,2025-06-22
413015.0,4568555.0,2025-06-22
413025.0,4568555.0,2025-06-22
413035.0,4568555.0,2025-06-22
413045.0,4568555.0,2025-06-22
413055.0,4568555.0,2025-06-22
413065.0,4568555.0,2025-06-22
413075.0,4568555.0,2025-06-22
413085.0,4568555.0,2025-06-22
413095.0,4568555.0,2025-06-22
413105.0,4568555.0,2025-06-22
413115.0,4568555.0,2025-06-22
413125.0,4568555.0,2025-06-22
413135.0,4568555.0,2025-06-22
413145.0,4568555.0,2025-06-22
413155.0,4568555.0,2025-06-22
413165.0,4568555.0,2025-06-22
413175.0,4568555.0,2025-06-22
413185.0,4568555.0,2025-06-22
413195.0,4568555.0,2025-06-22
413205.0,4568555.0,2025-06-22
413215.0,4568555.0,2025-06-22
413225.0,4568555.0,2025-06-22
413235.0,4568555.0,2025-06-22
413245.0,4568555.0,2025-06-22
413255.0,4568555.0,2025-06-22
413265.0,4568555.0,2025-06-22
413275.0,4568555.0,2025-06-22
413285.0,4568555.0,2025-06-22
413295.0,4568555.0,2025-06-22
413305.0,4568555.0,2025-06-22
413315.0,4568555.0,2025-06-22
413325.0,4568555.0,2025-06-22
413335.0,4568555.0,2025-06-22
413345.0,4568555.0,2025-06-22
413355.0,4568555.0,2025-06-22
413365.0,4568555.0,2025-06-22
413375.0,4568555.0,2025-06-22
413385.0,4568555.0,2025-06-22
413395.0,4568555.0,2025-06-22
413405.0,4568555.0,2025-06-22
413415.0,4568555.0,2025-06-22
413425.0,4568555.0,2025-06-22
413435.0,4568555.0,2025-06-22
413445.0,4568555.0,2025-06-22
413455.0,4568555.0,2025-06-22
413465.0,4568555.0,2025-06-22
413475.0,4568555.0,2025-06-22
413485.0,4568555.0,2025-06-22
413495.0,4568555.0,2025-06-22
413505.0,4568555.0,2025-06-22
413515.0,4568555.0,2025-06-22
413525.0,4568555.0,2025-06-22
413535.0,4568555.0,2025-06-22
413545.0,4568555.0,2025-06-22
413555.0,4568555.0,2025-06-22
413565.0,4568555.0,2025-06-22
413575.0,4568555.0,2025-06-22
413585.0,4568555.0,2025-06-22
413595.0,4568555.0,2025-06-22
413605.0,4568555.0,2025-06-22
413615.0,4568555.0,2025-06-22
413625.0,4568555.0,2025-06-22
413635.0,4568555.0,2025-06-22
413645.0,4568555.0,2025-06-22
413655.0,4568555.0,2025-06-22
413665.0,4568555.0,2025-06-22
413675.0,4568555.0,2025-06-22
413685.0,4568555.0,2025-06-22
413695.0,4568555.0,2025-06-22
413705.0,4568555.0,2025-06-22
413715.0,4568555.0,2025-06-22
413725.0,4568555.0,2025-06-22
413735.0,4568555.0,2025-06-22
413745.0,4568555.0,2025-06-22
413755.0,4568555.0,2025-06-22
413765.0,4568555.0,2025-06-22
413775.0,4568555.0,2025-06-22
413785.0,4568555.0,2025-06-22
413795.0,4568555.0,2025-06-22
413805.0,4568555.0,2025-06-22
413815.0,4568555.0,2025-06-22
413825.0,4568555.0,2025-06-22
413835.0,4568555.0,2025-06-22
413845.0,4568555.0,2025-06-22
413855.0,4568555.0,2025-06-22
413865.0,4568555.0,2025-06-22
413875.0,4568555.0,2025-06-22
413885.0,4568555.0,2025-06-22
413895.0,4568555.0,2025-06-22
413905.0,4568555.0,2025-06-22
413915.0,4568555.0,2025-06-22
413925.0,4568555.0,2025-06-22
413935.0,4568555.0,2025-06-22
413945.0,4568555.0,2025-06-22
413955.0,4568555.0,2025-06-22
413965.0,4568555.0,2025-06-22
413975.0,4568555.0,2025-06-22
413985.0,4568555.0,2025-06-22
413995.0,4568555.0,2025-06-22
414005.0,4568555.0,2025-06-22
414015.0,4568555.0,2025-06-22
414025.0,4568555.0,2025-06-22
414035.0,4568555.0,2025-06-22
414045.0,4568555.0,2025-06-22
414055.0,4568555.0,2025-06-22
414065.0,4568555.0,2025-06-22
414075.0,4568555.0,2025-06-22
414085.0,4568555.0,2025-06-22
414095.0,4568555.0,2025-06-22
414105.0,4568555.0,2025-06-22
414115.0,4568555.0,2025-06-22
414125.0,4568555.0,2025-06-22
414135.0,4568555.0,2025-06-22
414145.0,4568555.0,2025-06-22
414155.0,4568555.0,2025-06-22
414165.0,4568555.0,2025-06-22
414175.0,4568555.0,2025-06-22
414185.0,4568555.0,2025-06-22
414195.0,4568555.0,2025-06-22
414205.0,4568555.0,2025-06-22
414215.0,4568555.0,2025-06-22
414225.0,4568555.0,2025-06-22
414235.0,4568555.0,2025-06-22
414245.0,4568555.0,2025-06-22
414255.0,4568555.0,2025-06-22
414265.0,4568555.0,2025-06-22
414275.0,4568555.0,2025-06-22
414285.0,4568555.0,2025-06-22
414295.0,4568555.0,2025-06-22
414305.0,4568555.0,2025-06-22
414315.0,4568555.0,2025-06-22
414325.0,4568555.0,2025-06-22
414335.0,4568555.0,2025-06-22
414345.0,4568555.0,2025-06-22
414355.0,4568555.0,2025-06-22
414365.0,4568555.0,2025-06-22
414375.0,4568555.0,2025-06-22
414385.0,4568555.0,2025-06-22
414395.0,4568555.0,2025-06-22
414405.0,4568555.0,2025-06-22
414415.0,4568555.0,2025-06-22
414425.0,4568555.0,2025-06-22
414435.0,4568555.0,2025-06-22
414445.0,4568555.0,2025-06-22
414455.0,4568555.0,2025-06-22
414465.0,4568555.0,2025-06-22
414475.0,4568555.0,2025-06-22
414485.0,4568555.0,2025-06-22
414495.0,4568555.0,2025-06-22
414505.0,4568555.0,2025-06-22
414515.0,4568555.0,2025-06-22
414525.0,4568555.0,2025-06-22
414535.0,4568555.0,2025-06-22
414545.0,4568555.0,2025-06-22
414555.0,4568555.0,2025-06-22
414565.0,4568555.0,2025-06-22
414575.0,4568555.0,2025-06-22
414585.0,4568555.0,2025-06-22
414595.0,4568555.0,2025-06-22
414605.0,4568555.0,2025-06-22
414615.0,4568555.0,2025-06-22
414625.0,4568555.0,2025-06-22
414635.0,4568555.0,2025-06-22
414645.0,4568555.0,2025-06-22
414655.0,4568555.0,2025-06-22
414665.0,4568555.0,2025-06-22
414675.0,4568555.0,2025-06-22
414685.0,4568555.0,2025-06-22
414695.0,4568555.0,2025-06-22
414705.0,4568555.0,2025-06-22
414715.0,4568555.0,2025-06-22
414725.0,4568555.0,2025-06-22
414735.0,4568555.0,2025-06-22
414745.0,4568555.0,2025-06-22
414755.0,4568555.0,2025-06-22
414765.0,4568555.0,2025-06-22
414775.0,4568555.0,2025-06-22
414785.0,4568555.0,2025-06-22
414795.0,4568555.0,2025-06-22
414805.0,4568555.0,2025-06-22
414815.0,4568555.0,2025-06-22
414825.0,4568555.0,2025-06-22
414835.0,4568555.0,2025-06-22
414845.0,4568555.0,2025-06-22
414855.0,4568555.0,2025-06-22
414865.0,4568555.0,2025-06-22
414875.0,4568555.0,2025-06-22
414885.0,4568555.0,2025-06-22
414895.0,4568555.0,2025-06-22
414905.0,4568555.0,2025-06-22
414915.0,4568555.0,2025-06-22
414925.0,4568555.0,2025-06-22
414935.0,4568555.0,2025-06-22
414945.0,4568555.0,2025-06-22
414955.0,4568555.0,2025-06-22
414965.0,4568555.0,2025-06-22
414975.0,4568555.0,2025-06-22
414985.0,4568555.0,2025-06-22
414995.0,4568555.0,2025-06-22
415005.0,4568555.0,2025-06-22
415015.0,4568555.0,2025-06-22
415025.0,4568555.0,2025-06-22
415035.0,4568555.0,2025-06-22
415045.0,4568555.0,2025-06-22
415055.0,4568555.0,2025-06-22
415065.0,4568555.0,2025-06-22
415075.0,4568555.0,2025-06-22
415085.0,4568555.0,2025-06-22
415095.0,4568555.0,2025-06-22
415105.0,4568555.0,2025-06-22
415115.0,4568555.0,2025-06-22
415125.0,4568555.0,2025-06-22
415135.0,4568555.0,2025-06-22
415145.0,4568555.0,2025-06-22
415155.0,4568555.0,2025-06-22
415165.0,4568555.0,2025-06-22
415175.0,4568555.0,2025-06-22
415185.0,4568555.0,2025-06-22
415195.0,4568555.0,2025-06-22
415205.0,4568555.0,2025-06-22
415215.0,4568555.0,2025-06-22
415225.0,4568555.0,2025-06-22
415235.0,4568555.0,2025-06-22
415245.0,4568555.0,2025-06-22
415255.0,4568555.0,2025-06-22
415265.0,4568555.0,2025-06-22
415275.0,4568555.0,2025-06-22
415285.0,4568555.0,2025-06-22
415295.0,4568555.0,2025-06-22
415305.0,4568555.0,2025-06-22
415315.0,4568555.0,2025-06-22
415325.0,4568555.0,2025-06-22
415335.0,4568555.0,2025-06-22
415345.0,4568555.0,2025-06-22
415355.0,4568555.0,2025-06-22
415365.0,4568555.0,2025-06-22
415375.0,4568555.0,2025-06-22
415385.0,4568555.0,2025-06-22
415395.0,4568555.0,2025-06-22
415405.0,4568555.0,2025-06-22
415415.0,4568555.0,2025-06-22
415425.0,4568555.0,2025-06-22
415435.0,4568555.0,2025-06-22
415445.0,4568555.0,2025-06-22
415455.0,4568555.0,2025-06-22
415465.0,4568555.0,2025-06-22
415475.0,4568555.0,2025-06-22
415485.0,4568555.0,2025-06-22
415495.0,4568555.0,2025-06-22
415505.0,4568555.0,2025-06-22
415515.0,4568555.0,2025-06-22
415525.0,4568555.0,2025-06-22
415535.0,4568555.0,2025-06-22
415545.0,4568555.0,2025-06-22
415555.0,4568555.0,2025-06-22
415565.0,4568555.0,2025-06-22
415575.0,4568555.0,2025-06-22
415585.0,4568555.0,2025-06-22
415595.0,4568555.0,2025-06-22
415605.0,4568555.0,2025-06-22
415615.0,4568555.0,2025-06-22
415625.0,4568555.0,2025-06-22
415635.0,4568555.0,2025-06-22
415645.0,4568555.0,2025-06-22
415655.0,4568555.0,2025-06-22
415665.0,4568555.0,2025-06-22
415675.0,4568555.0,2025-06-22
415685.0,4568555.0,2025-06-22
415695.0,4568555.0,2025-06-22
415705.0,4568555.0,2025-06-22
415715.0,4568555.0,2025-06-22
415725.0,4568555.0,2025-06-22
415735.0,4568555.0,2025-06-22
415745.0,4568555.0,2025-06-22
415755.0,4568555.0,2025-06-22
415765.0,4568555.0,2025-06-22
415775.0,4568555.0,2025-06-22
415785.0,4568555.0,2025-06-22
415795.0,4568555.0,2025-06-22
415805.0,4568555.0,2025-06-22
415815.0,4568555.0,2025-06-22
415825.0,4568555.0,2025-06-22
415835.0,4568555.0,2025-06-22
415845.0,4568555.0,2025-06-22
415855.0,4568555.0,2025-06-22
415865.0,4568555.0,2025-06-22
415875.0,4568555.0,2025-06-22
415885.0,4568555.0,2025-06-22
415895.0,4568555.0,2025-06-22
415905.0,4568555.0,2025-06-22
415915.0,4568555.0,2025-06-22
415925.0,4568555.0,2025-06-22
415935.0,4568555.0,2025-06-22
415945.0,4568555.0,2025-06-22
415955.0,4568555.0,2025-06-22
415965.0,4568555.0,2025-06-22
415975.0,4568555.0,2025-06-22
415985.0,4568555.0,2025-06-22
415995.0,4568555.0,2025-06-22
416005.0,4568555.0,2025-06-22
416015.0,4568555.0,2025-06-22
416025.0,4568555.0,2025-06-22
416035.0,4568555.0,2025-06-22
416045.0,4568555.0,2025-06-22
416055.0,4568555.0,2025-06-22
416065.0,4568555.0,2025-06-22
416075.0,4568555.0,2025-06-22
416085.0,4568555.0,2025-06-22
416095.0,4568555.0,2025-06-22
416105.0,4568555.0,2025-06-22
416115.0,4568555.0,2025-06-22
416125.0,4568555.0,2025-06-22
416135.0,4568555.0,2025-06-22
416145.0,4568555.0,2025-06-22
416155.0,4568555.0,2025-06-22
416165.0,4568555.0,2025-06-22
416175.0,4568555.0,2025-06-22
416185.0,4568555.0,2025-06-22
416195.0,4568555.0,2025-06-22
416205.0,4568555.0,2025-06-22
416215.0,4568555.0,2025-06-22
416225.0,4568555.0,2025-06-22
416235.0,4568555.0,2025-06-22
416245.0,4568555.0,2025-06-22
416255.0,4568555.0,2025-06-22
416265.0,4568555.0,2025-06-22
416275.0,4568555.0,2025-06-22
416285.0,4568555.0,2025-06-22
416295.0,4568555.0,2025-06-22
416305.0,4568555.0,2025-06-22
416315.0,4568555.0,2025-06-22
416325.0,4568555.0,2025-06-22
416335.0,4568555.0,2025-06-22
416345.0,4568555.0,2025-06-22
416355.0,4568555.0,2025-06-22
416365.0,4568555.0,2025-06-22
416375.0,4568555.0,2025-06-22
416385.0,4568555.0,2025-06-22
416395.0,4568555.0,2025-06-22
416405.0,4568555.0,2025-06-22
416415.0,4568555.0,2025-06-22
416425.0,4568555.0,2025-06-22
416435.0,4568555.0,2025-06-22
416445.0,4568555.0,2025-06-22
416455.0,4568555.0,2025-06-22
411745.0,4568545.0,2025-06-22
411755.0,4568545.0,2025-06-22
411765.0,4568545.0,2025-06-22
411775.0,4568545.0,2025-06-22
411785.0,4568545.0,2025-06-22
411795.0,4568545.0,2025-06-22
411805.0,4568545.0,2025-06-22
411815.0,4568545.0,2025-06-22
411825.0,4568545.0,2025-06-22
411835.0,4568545.0,2025-06-22
411845.0,4568545.0,2025-06-22
411855.0,4568545.0,2025-06-22
411865.0,4568545.0,2025-06-22
411875.0,4568545.0,2025-06-22
411885.0,4568545.0,2025-06-22
411895.0,4568545.0,2025-06-22
411905.0,4568545.0,2025-06-22
411915.0,4568545.0,2025-06-22
411925.0,4568545.0,2025-06-22
411935.0,4568545.0,2025-06-22
411945.0,4568545.0,2025-06-22
411955.0,4568545.0,2025-06-22
411965.0,4568545.0,2025-06-22
411975.0,4568545.0,2025-06-22
411985.0,4568545.0,2025-06-22
411995.0,4568545.0,2025-06-22
412005.0,4568545.0,2025-06-22
412015.0,4568545.0,2025-06-22
412025.0,4568545.0,2025-06-22
412035.0,4568545.0,2025-06-22
412045.0,4568545.0,2025-06-22
412055.0,4568545.0,2025-06-22
412065.0,4568545.0,2025-06-22
412075.0,4568545.0,2025-06-22
412085.0,4568545.0,2025-06-22
412095.0,4568545.0,2025-06-22
412105.0,4568545.0,2025-06-22
412115.0,4568545.0,2025-06-22
412125.0,4568545.0,2025-06-22
412135.0,4568545.0,2025-06-22
412145.0,4568545.0,2025-06-22
412155.0,4568545.0,2025-06-22
412165.0,4568545.0,2025-06-22
412175.0,4568545.0,2025-06-22
412185.0,4568545.0,2025-06-22
412195.0,4568545.0,2025-06-22
412205.0,4568545.0,2025-06-22
412215.0,4568545.0,2025-06-22
412225.0,4568545.0,2025-06-22
412235.0,4568545.0,2025-06-22
412245.0,4568545.0,2025-06-22
412255.0,4568545.0,2025-06-22
412265.0,4568545.0,2025-06-22
412275.0,4568545.0,2025-06-22
412285.0,4568545.0,2025-06-22
412295.0,4568545.0,2025-06-22
412305.0,4568545.0,2025-06-22
412315.0,4568545.0,2025-06-22
412325.0,4568545.0,2025-06-22
412335.0,4568545.0,2025-06-22
412345.0,4568545.0,2025-06-22
412355.0,4568545.0,2025-06-22
412365.0,4568545.0,2025-06-22
412375.0,4568545.0,2025-06-22
412385.0,4568545.0,2025-06-22
412395.0,4568545.0,2025-06-22
412405.0,4568545.0,2025-06-22
412415.0,4568545.0,2025-06-22
412425.0,4568545.0,2025-06-22
412435.0,4568545.0,2025-06-22
412445.0,4568545.0,2025-06-22
412455.0,4568545.0,2025-06-22
412465.0,4568545.0,2025-06-22
412475.0,4568545.0,2025-06-22
412485.0,4568545.0,2025-06-22
412495.0,4568545.0,2025-06-22
412505.0,4568545.0,2025-06-22
412515.0,4568545.0,2025-06-22
412525.0,4568545.0,2025-06-22
412535.0,4568545.0,2025-06-22
412545.0,4568545.0,2025-06-22
412555.0,4568545.0,2025-06-22
412565.0,4568545.0,2025-06-22
412575.0,4568545.0,2025-06-22
412585.0,4568545.0,2025-06-22
412595.0,4568545.0,2025-06-22
412605.0,4568545.0,2025-06-22
412615.0,4568545.0,2025-06-22
412625.0,4568545.0,2025-06-22
412635.0,4568545.0,2025-06-22
412645.0,4568545.0,2025-06-22
412655.0,4568545.0,2025-06-22
412665.0,4568545.0,2025-06-22
412675.0,4568545.0,2025-06-22
412685.0,4568545.0,2025-06-22
412695.0,4568545.0,2025-06-22
412705.0,4568545.0,2025-06-22
412715.0,4568545.0,2025-06-22
412725.0,4568545.0,2025-06-22
412735.0,4568545.0,2025-06-22
412745.0,4568545.0,2025-06-22
412755.0,4568545.0,2025-06-22
412765.0,4568545.0,2025-06-22
412775.0,4568545.0,2025-06-22
412785.0,4568545.0,2025-06-22
412795.0,4568545.0,2025-06-22
412805.0,4568545.0,2025-06-22
412815.0,4568545.0,2025-06-22
412825.0,4568545.0,2025-06-22
412835.0,4568545.0,2025-06-22
412845.0,4568545.0,2025-06-22
412855.0,4568545.0,2025-06-22
412865.0,4568545.0,2025-06-22
412875.0,4568545.0,2025-06-22
412885.0,4568545.0,2025-06-22
412895.0,4568545.0,2025-06-22
412905.0,4568545.0,2025-06-22
412915.0,4568545.0,2025-06-22
412925.0,4568545.0,2025-06-22
412935.0,4568545.0,2025-06-22
412945.0,4568545.0,2025-06-22
412955.0,4568545.0,2025-06-22
412965.0,4568545.0,2025-06-22
412975.0,4568545.0,2025-06-22
412985.0,4568545.0,2025-06-22
412995.0,4568545.0,2025-06-22
413005.0,4568545.0,2025-06-22
413015.0,4568545.0,2025-06-22
413025.0,4568545.0,2025-06-22
413035.0,4568545.0,2025-06-22
413045.0,4568545.0,2025-06-22
413055.0,4568545.0,2025-06-22
413065.0,4568545.0,2025-06-22
413075.0,4568545.0,2025-06-22
413085.0,4568545.0,2025-06-22
413095.0,4568545.0,2025-06-22
413105.0,4568545.0,2025-06-22
413115.0,4568545.0,2025-06-22
413125.0,4568545.0,2025-06-22
413135.0,4568545.0,2025-06-22
413145.0,4568545.0,2025-06-22
413155.0,4568545.0,2025-06-22
413165.0,4568545.0,2025-06-22
413175.0,4568545.0,2025-06-22
413185.0,4568545.0,2025-06-22
413195.0,4568545.0,2025-06-22
413205.0,4568545.0,2025-06-22
413215.0,4568545.0,2025-06-22
413225.0,4568545.0,2025-06-22
413235.0,4568545.0,2025-06-22
413245.0,4568545.0,2025-06-22
413255.0,4568545.0,2025-06-22
413265.0,4568545.0,2025-06-22
413275.0,4568545.0,2025-06-22
413285.0,4568545.0,2025-06-22
413295.0,4568545.0,2025-06-22
413305.0,4568545.0,2025-06-22
413315.0,4568545.0,2025-06-22
413325.0,4568545.0,2025-06-22
413335.0,4568545.0,2025-06-22
413345.0,4568545.0,2025-06-22
413355.0,4568545.0,2025-06-22
413365.0,4568545.0,2025-06-22
413375.0,4568545.0,2025-06-22
413385.0,4568545.0,2025-06-22
413395.0,4568545.0,2025-06-22
413405.0,4568545.0,2025-06-22
413415.0,4568545.0,2025-06-22
413425.0,4568545.0,2025-06-22
413435.0,4568545.0,2025-06-22
413445.0,4568545.0,2025-06-22
413455.0,4568545.0,2025-06-22
413465.0,4568545.0,2025-06-22
413475.0,4568545.0,2025-06-22
413485.0,4568545.0,2025-06-22
413495.0,4568545.0,2025-06-22
413505.0,4568545.0,2025-06-22
413515.0,4568545.0,2025-06-22
413525.0,4568545.0,2025-06-22
413535.0,4568545.0,2025-06-22
413545.0,4568545.0,2025-06-22
413555.0,4568545.0,2025-06-22
413565.0,4568545.0,2025-06-22
413575.0,4568545.0,2025-06-22
413585.0,4568545.0,2025-06-22
413595.0,4568545.0,2025-06-22
413605.0,4568545.0,2025-06-22
413615.0,4568545.0,2025-06-22
413625.0,4568545.0,2025-06-22
413635.0,4568545.0,2025-06-22
413645.0,4568545.0,2025-06-22
413655.0,4568545.0,2025-06-22
413665.0,4568545.0,2025-06-22
413675.0,4568545.0,2025-06-22
413685.0,4568545.0,2025-06-22
413695.0,4568545.0,2025-06-22
413705.0,4568545.0,2025-06-22
413715.0,4568545.0,2025-06-22
413725.0,4568545.0,2025-06-22
413735.0,4568545.0,2025-06-22
413745.0,4568545.0,2025-06-22
413755.0,4568545.0,2025-06-22
413765.0,4568545.0,2025-06-22
413775.0,4568545.0,2025-06-22
413785.0,4568545.0,2025-06-22
413795.0,4568545.0,2025-06-22
413805.0,4568545.0,2025-06-22
413815.0,4568545.0,2025-06-22
413825.0,4568545.0,2025-06-22
413835.0,4568545.0,2025-06-22
413845.0,4568545.0,2025-06-22
413855.0,4568545.0,2025-06-22
413865.0,4568545.0,2025-06-22
413875.0,4568545.0,2025-06-22
413885.0,4568545.0,2025-06-22
413895.0,4568545.0,2025-06-22
413905.0,4568545.0,2025-06-22
413915.0,4568545.0,2025-06-22
413925.0,4568545.0,2025-06-22
413935.0,4568545.0,2025-06-22
413945.0,4568545.0,2025-06-22
413955.0,4568545.0,2025-06-22
413965.0,4568545.0,2025-06-22
413975.0,4568545.0,2025-06-22
413985.0,4568545.0,2025-06-22
413995.0,4568545.0,2025-06-22
414005.0,4568545.0,2025-06-22
414015.0,4568545.0,2025-06-22
414025.0,4568545.0,2025-06-22
414035.0,4568545.0,2025-06-22
414045.0,4568545.0,2025-06-22
414055.0,4568545.0,2025-06-22
414065.0,4568545.0,2025-06-22
414075.0,4568545.0,2025-06-22
414085.0,4568545.0,2025-06-22
414095.0,4568545.0,2025-06-22
414105.0,4568545.0,2025-06-22
414115.0,4568545.0,2025-06-22
414125.0,4568545.0,2025-06-22
414135.0,4568545.0,2025-06-22
414145.0,4568545.0,2025-06-22
414155.0,4568545.0,2025-06-22
414165.0,4568545.0,2025-06-22
414175.0,4568545.0,2025-06-22
414185.0,4568545.0,2025-06-22
414195.0,4568545.0,2025-06-22
414205.0,4568545.0,2025-06-22
414215.0,4568545.0,2025-06-22
414225.0,4568545.0,2025-06-22
414235.0,4568545.0,2025-06-22
414245.0,4568545.0,2025-06-22
414255.0,4568545.0,2025-06-22
414265.0,4568545.0,2025-06-22
414275.0,4568545.0,2025-06-22
414285.0,4568545.0,2025-06-22
414295.0,4568545.0,2025-06-22
414305.0,4568545.0,2025-06-22
414315.0,4568545.0,2025-06-22
414325.0,4568545.0,2025-06-22
414335.0,4568545.0,2025-06-22
414345.0,4568545.0,2025-06-22
414355.0,4568545.0,2025-06-22
414365.0,4568545.0,2025-06-22
414375.0,4568545.0,2025-06-22
414385.0,4568545.0,2025-06-22
414395.0,4568545.0,2025-06-22
414405.0,4568545.0,2025-06-22
414415.0,4568545.0,2025-06-22
414425.0,4568545.0,2025-06-22
414435.0,4568545.0,2025-06-22
414445.0,4568545.0,2025-06-22
414455.0,4568545.0,2025-06-22
414465.0,4568545.0,2025-06-22
414475.0,4568545.0,2025-06-22
414485.0,4568545.0,2025-06-22
414495.0,4568545.0,2025-06-22
414505.0,4568545.0,2025-06-22
414515.0,4568545.0,2025-06-22
414525.0,4568545.0,2025-06-22
414535.0,4568545.0,2025-06-22
414545.0,4568545.0,2025-06-22
414555.0,4568545.0,2025-06-22
414565.0,4568545.0,2025-06-22
414575.0,4568545.0,2025-06-22
414585.0,4568545.0,2025-06-22
414595.0,4568545.0,2025-06-22
414605.0,4568545.0,2025-06-22
414615.0,4568545.0,2025-06-22
414625.0,4568545.0,2025-06-22
414635.0,4568545.0,2025-06-22
414645.0,4568545.0,2025-06-22
414655.0,4568545.0,2025-06-22
414665.0,4568545.0,2025-06-22
414675.0,4568545.0,2025-06-22
414685.0,4568545.0,2025-06-22
414695.0,4568545.0,2025-06-22
414705.0,4568545.0,2025-06-22
414715.0,4568545.0,2025-06-22
414725.0,4568545.0,2025-06-22
414735.0,4568545.0,2025-06-22
414745.0,4568545.0,2025-06-22
414755.0,4568545.0,2025-06-22
414765.0,4568545.0,2025-06-22
414775.0,4568545.0,2025-06-22
414785.0,4568545.0,2025-06-22
414795.0,4568545.0,2025-06-22
414805.0,4568545.0,2025-06-22
414815.0,4568545.0,2025-06-22
414825.0,4568545.0,2025-06-22
414835.0,4568545.0,2025-06-22
414845.0,4568545.0,2025-06-22
414855.0,4568545.0,2025-06-22
414865.0,4568545.0,2025-06-22
414875.0,4568545.0,2025-06-22
414885.0,4568545.0,2025-06-22
414895.0,4568545.0,2025-06-22
414905.0,4568545.0,2025-06-22
414915.0,4568545.0,2025-06-22
414925.0,4568545.0,2025-06-22
414935.0,4568545.0,2025-06-22
414945.0,4568545.0,2025-06-22
414955.0,4568545.0,2025-06-22
414965.0,4568545.0,2025-06-22
414975.0,4568545.0,2025-06-22
414985.0,4568545.0,2025-06-22
414995.0,4568545.0,2025-06-22
415005.0,4568545.0,2025-06-22
415015.0,4568545.0,2025-06-22
415025.0,4568545.0,2025-06-22
415035.0,4568545.0,2025-06-22
415045.0,4568545.0,2025-06-22
415055.0,4568545.0,2025-06-22
415065.0,4568545.0,2025-06-22
415075.0,4568545.0,2025-06-22
415085.0,4568545.0,2025-06-22
415095.0,4568545.0,2025-06-22
415105.0,4568545.0,2025-06-22
415115.0,4568545.0,2025-06-22
415125.0,4568545.0,2025-06-22
415135.0,4568545.0,2025-06-22
415145.0,4568545.0,2025-06-22
415155.0,4568545.0,2025-06-22
415165.0,4568545.0,2025-06-22
415175.0,4568545.0,2025-06-22
415185.0,4568545.0,2025-06-22
415195.0,4568545.0,2025-06-22
415205.0,4568545.0,2025-06-22
415215.0,4568545.0,2025-06-22
415225.0,4568545.0,2025-06-22
415235.0,4568545.0,2025-06-22
415245.0,4568545.0,2025-06-22
415255.0,4568545.0,2025-06-22
415265.0,4568545.0,2025-06-22
415275.0,4568545.0,2025-06-22
415285.0,4568545.0,2025-06-22
415295.0,4568545.0,2025-06-22
415305.0,4568545.0,2025-06-22
415315.0,4568545.0,2025-06-22
415325.0,4568545.0,2025-06-22
415335.0,4568545.0,2025-06-22
415345.0,4568545.0,2025-06-22
415355.0,4568545.0,2025-06-22
415365.0,4568545.0,2025-06-22
415375.0,4568545.0,2025-06-22
415385.0,4568545.0,2025-06-22
415395.0,4568545.0,2025-06-22
415405.0,4568545.0,2025-06-22
415415.0,4568545.0,2025-06-22
415425.0,4568545.0,2025-06-22
415435.0,4568545.0,2025-06-22
415445.0,4568545.0,2025-06-22
415455.0,4568545.0,2025-06-22
415465.0,4568545.0,2025-06-22
415475.0,4568545.0,2025-06-22
415485.0,4568545.0,2025-06-22
415495.0,4568545.0,2025-06-22
415505.0,4568545.0,2025-06-22
415515.0,4568545.0,2025-06-22
415525.0,4568545.0,2025-06-22
415535.0,4568545.0,2025-06-22
415545.0,4568545.0,2025-06-22
415555.0,4568545.0,2025-06-22
415565.0,4568545.0,2025-06-22
415575.0,4568545.0,2025-06-22
415585.0,4568545.0,2025-06-22
415595.0,4568545.0,2025-06-22
415605.0,4568545.0,2025-06-22
415615.0,4568545.0,2025-06-22
415625.0,4568545.0,2025-06-22
415635.0,4568545.0,2025-06-22
415645.0,4568545.0,2025-06-22
415655.0,4568545.0,2025-06-22
415665.0,4568545.0,2025-06-22
415675.0,4568545.0,2025-06-22
415685.0,4568545.0,2025-06-22
415695.0,4568545.0,2025-06-22
415705.0,4568545.0,2025-06-22
415715.0,4568545.0,2025-06-22
415725.0,4568545.0,2025-06-22
415735.0,4568545.0,2025-06-22
415745.0,4568545.0,2025-06-22
415755.0,4568545.0,2025-06-22
415765.0,4568545.0,2025-06-22
415775.0,4568545.0,2025-06-22
415785.0,4568545.0,2025-06-22
415795.0,4568545.0,2025-06-22
415805.0,4568545.0,2025-06-22
415815.0,4568545.0,2025-06-22
415825.0,4568545.0,2025-06-22
415835.0,4568545.0,2025-06-22
415845.0,4568545.0,2025-06-22
415855.0,4568545.0,2025-06-22
415865.0,4568545.0,2025-06-22
415875.0,4568545.0,2025-06-22
415885.0,4568545.0,2025-06-22
415895.0,4568545.0,2025-06-22
415905.0,4568545.0,2025-06-22
415915.0,4568545.0,2025-06-22
415925.0,4568545.0,2025-06-22
415935.0,4568545.0,2025-06-22
415945.0,4568545.0,2025-06-22
415955.0,4568545.0,2025-06-22
415965.0,4568545.0,2025-06-22
415975.0,4568545.0,2025-06-22
415985.0,4568545.0,2025-06-22
415995.0,4568545.0,2025-06-22
416005.0,4568545.0,2025-06-22
416015.0,4568545.0,2025-06-22
416025.0,4568545.0,2025-06-22
416035.0,4568545.0,2025-06-22
416045.0,4568545.0,2025-06-22
416055.0,4568545.0,2025-06-22
416065.0,4568545.0,2025-06-22
416075.0,4568545.0,2025-06-22
416085.0,4568545.0,2025-06-22
416095.0,4568545.0,2025-06-22
416105.0,4568545.0,2025-06-22
416115.0,4568545.0,2025-06-22
416125.0,4568545.0,2025-06-22
416135.0,4568545.0,2025-06-22
416145.0,4568545.0,2025-06-22
416155.0,4568545.0,2025-06-22
416165.0,4568545.0,2025-06-22
416175.0,4568545.0,2025-06-22
416185.0,4568545.0,2025-06-22
416195.0,4568545.0,2025-06-22
416205.0,4568545.0,2025-06-22
416215.0,4568545.0,2025-06-22
416225.0,4568545.0,2025-06-22
416235.0,4568545.0,2025-06-22
416245.0,4568545.0,2025-06-22
416255.0,4568545.0,2025-06-22
416265.0,4568545.0,2025-06-22
416275.0,4568545.0,2025-06-22
416285.0,4568545.0,2025-06-22
416295.0,4568545.0,2025-06-22
416305.0,4568545.0,2025-06-22
416315.0,4568545.0,2025-06-22
416325.0,4568545.0,2025-06-22
416335.0,4568545.0,2025-06-22
416345.0,4568545.0,2025-06-22
416355.0,4568545.0,2025-06-22
416365.0,4568545.0,2025-06-22
416375.0,4568545.0,2025-06-22
416385.0,4568545.0,2025-06-22
416395.0,4568545.0,2025-06-22
416405.0,4568545.0,2025-06-22
416415.0,4568545.0,2025-06-22
416425.0,4568545.0,2025-06-22
416435.0,4568545.0,2025-06-22
416445.0,4568545.0,2025-06-22
416455.0,4568545.0,2025-06-22
412575.0,4568535.0,2025-06-22
412585.0,4568535.0,2025-06-22
412595.0,4568535.0,2025-06-22
412605.0,4568535.0,2025-06-22
412615.0,4568535.0,2025-06-22
412625.0,4568535.0,2025-06-22
412635.0,4568535.0,2025-06-22
412645.0,4568535.0,2025-06-22
412655.0,4568535.0,2025-06-22
412665.0,4568535.0,2025-06-22
412675.0,4568535.0,2025-06-22
412685.0,4568535.0,2025-06-22
412695.0,4568535.0,2025-06-22
412705.0,4568535.0,2025-06-22
412715.0,4568535.0,2025-06-22
412725.0,4568535.0,2025-06-22
412735.0,4568535.0,2025-06-22
412745.0,4568535.0,2025-06-22
412755.0,4568535.0,2025-06-22
412765.0,4568535.0,2025-06-22
412775.0,4568535.0,2025-06-22
412785.0,4568535.0,2025-06-22
412795.0,4568535.0,2025-06-22
412805.0,4568535.0,2025-06-22
412815.0,4568535.0,2025-06-22
412825.0,4568535.0,2025-06-22
412835.0,4568535.0,2025-06-22
412845.0,4568535.0,2025-06-22
412855.0,4568535.0,2025-06-22
412865.0,4568535.0,2025-06-22
412875.0,4568535.0,2025-06-22
412885.0,4568535.0,2025-06-22
412895.0,4568535.0,2025-06-22
412905.0,4568535.0,2025-06-22
412915.0,4568535.0,2025-06-22
412925.0,4568535.0,2025-06-22
412935.0,4568535.0,2025-06-22
412945.0,4568535.0,2025-06-22
412955.0,4568535.0,2025-06-22
412965.0,4568535.0,2025-06-22
412975.0,4568535.0,2025-06-22
412985.0,4568535.0,2025-06-22
412995.0,4568535.0,2025-06-22
413005.0,4568535.0,2025-06-22
413015.0,4568535.0,2025-06-22
413025.0,4568535.0,2025-06-22
413035.0,4568535.0,2025-06-22
413045.0,4568535.0,2025-06-22
413055.0,4568535.0,2025-06-22
413065.0,4568535.0,2025-06-22
413075.0,4568535.0,2025-06-22
413085.0,4568535.0,2025-06-22
413095.0,4568535.0,2025-06-22
413105.0,4568535.0,2025-06-22
413115.0,4568535.0,2025-06-22
413125.0,4568535.0,2025-06-22
413135.0,4568535.0,2025-06-22
413145.0,4568535.0,2025-06-22
413155.0,4568535.0,2025-06-22
413165.0,4568535.0,2025-06-22
413175.0,4568535.0,2025-06-22
413185.0,4568535.0,2025-06-22
413195.0,4568535.0,2025-06-22
413205.0,4568535.0,2025-06-22
413215.0,4568535.0,2025-06-22
413225.0,4568535.0,2025-06-22
413235.0,4568535.0,2025-06-22
413245.0,4568535.0,2025-06-22
413255.0,4568535.0,2025-06-22
413265.0,4568535.0,2025-06-22
413275.0,4568535.0,2025-06-22
413285.0,4568535.0,2025-06-22
413295.0,4568535.0,2025-06-22
413305.0,4568535.0,2025-06-22
413315.0,4568535.0,2025-06-22
413325.0,4568535.0,2025-06-22
413335.0,4568535.0,2025-06-22
413345.0,4568535.0,2025-06-22
413355.0,4568535.0,2025-06-22
413365.0,4568535.0,2025-06-22
413375.0,4568535.0,2025-06-22
413385.0,4568535.0,2025-06-22
413395.0,4568535.0,2025-06-22
413405.0,4568535.0,2025-06-22
413415.0,4568535.0,2025-06-22
413425.0,4568535.0,2025-06-22
413435.0,4568535.0,2025-06-22
413445.0,4568535.0,2025-06-22
413455.0,4568535.0,2025-06-22
413465.0,4568535.0,2025-06-22
413475.0,4568535.0,2025-06-22
413485.0,4568535.0,2025-06-22
413495.0,4568535.0,2025-06-22
413505.0,4568535.0,2025-06-22
413515.0,4568535.0,2025-06-22
413525.0,4568535.0,2025-06-22
413535.0,4568535.0,2025-06-22
413545.0,4568535.0,2025-06-22
413555.0,4568535.0,2025-06-22
413565.0,4568535.0,2025-06-22
413575.0,4568535.0,2025-06-22
413585.0,4568535.0,2025-06-22
413595.0,4568535.0,2025-06-22
413605.0,4568535.0,2025-06-22
413615.0,4568535.0,2025-06-22
413625.0,4568535.0,2025-06-22
413635.0,4568535.0,2025-06-22
413645.0,4568535.0,2025-06-22
413655.0,4568535.0,2025-06-22
413665.0,4568535.0,2025-06-22
413675.0,4568535.0,2025-06-22
413685.0,4568535.0,2025-06-22
413695.0,4568535.0,2025-06-22
413705.0,4568535.0,2025-06-22
413715.0,4568535.0,2025-06-22
413725.0,4568535.0,2025-06-22
413735.0,4568535.0,2025-06-22
413745.0,4568535.0,2025-06-22
413755.0,4568535.0,2025-06-22
413765.0,4568535.0,2025-06-22
413775.0,4568535.0,2025-06-22
413785.0,4568535.0,2025-06-22
413795.0,4568535.0,2025-06-22
413805.0,4568535.0,2025-06-22
413815.0,4568535.0,2025-06-22
413825.0,4568535.0,2025-06-22
413835.0,4568535.0,2025-06-22
413845.0,4568535.0,2025-06-22
413855.0,4568535.0,2025-06-22
413865.0,4568535.0,2025-06-22
413875.0,4568535.0,2025-06-22
413885.0,4568535.0,2025-06-22
413895.0,4568535.0,2025-06-22
413905.0,4568535.0,2025-06-22
413915.0,4568535.0,2025-06-22
413925.0,4568535.0,2025-06-22
413935.0,4568535.0,2025-06-22
413945.0,4568535.0,2025-06-22
413955.0,4568535.0,2025-06-22
413965.0,4568535.0,2025-06-22
413975.0,4568535.0,2025-06-22
413985.0,4568535.0,2025-06-22
413995.0,4568535.0,2025-06-22
414005.0,4568535.0,2025-06-22
414015.0,4568535.0,2025-06-22
414025.0,4568535.0,2025-06-22
414035.0,4568535.0,2025-06-22
414045.0,4568535.0,2025-06-22
414055.0,4568535.0,2025-06-22
414065.0,4568535.0,2025-06-22
414075.0,4568535.0,2025-06-22
414085.0,4568535.0,2025-06-22
414095.0,4568535.0,2025-06-22
414105.0,4568535.0,2025-06-22
414115.0,4568535.0,2025-06-22
414125.0,4568535.0,2025-06-22
414135.0,4568535.0,2025-06-22
414145.0,4568535.0,2025-06-22
414155.0,4568535.0,2025-06-22
414165.0,4568535.0,2025-06-22
414175.0,4568535.0,2025-06-22
414185.0,4568535.0,2025-06-22
414195.0,4568535.0,2025-06-22
414205.0,4568535.0,2025-06-22
414215.0,4568535.0,2025-06-22
414225.0,4568535.0,2025-06-22
414235.0,4568535.0,2025-06-22
414245.0,4568535.0,2025-06-22
414255.0,4568535.0,2025-06-22
414265.0,4568535.0,2025-06-22
414275.0,4568535.0,2025-06-22
414285.0,4568535.0,2025-06-22
414295.0,4568535.0,2025-06-22
414305.0,4568535.0,2025-06-22
414315.0,4568535.0,2025-06-22
414325.0,4568535.0,2025-06-22
414335.0,4568535.0,2025-06-22
414345.0,4568535.0,2025-06-22
414355.0,4568535.0,2025-06-22
414365.0,4568535.0,2025-06-22
414375.0,4568535.0,2025-06-22
414385.0,4568535.0,2025-06-22
414395.0,4568535.0,2025-06-22
414405.0,4568535.0,2025-06-22
414415.0,4568535.0,2025-06-22
414425.0,4568535.0,2025-06-22
414435.0,4568535.0,2025-06-22
414445.0,4568535.0,2025-06-22
414455.0,4568535.0,2025-06-22
414465.0,4568535.0,2025-06-22
414475.0,4568535.0,2025-06-22
414485.0,4568535.0,2025-06-22
414495.0,4568535.0,2025-06-22
414505.0,4568535.0,2025-06-22
414515.0,4568535.0,2025-06-22
414525.0,4568535.0,2025-06-22
414535.0,4568535.0,2025-06-22
414545.0,4568535.0,2025-06-22
414555.0,4568535.0,2025-06-22
414565.0,4568535.0,2025-06-22
414575.0,4568535.0,2025-06-22
414585.0,4568535.0,2025-06-22
414595.0,4568535.0,2025-06-22
414605.0,4568535.0,2025-06-22
414615.0,4568535.0,2025-06-22
414625.0,4568535.0,2025-06-22
414635.0,4568535.0,2025-06-22
414645.0,4568535.0,2025-06-22
414655.0,4568535.0,2025-06-22
414665.0,4568535.0,2025-06-22
414675.0,4568535.0,2025-06-22
414685.0,4568535.0,2025-06-22
414695.0,4568535.0,2025-06-22
414705.0,4568535.0,2025-06-22
414715.0,4568535.0,2025-06-22
414725.0,4568535.0,2025-06-22
414735.0,4568535.0,2025-06-22
414745.0,4568535.0,2025-06-22
414755.0,4568535.0,2025-06-22
414765.0,4568535.0,2025-06-22
414775.0,4568535.0,2025-06-22
414785.0,4568535.0,2025-06-22
414795.0,4568535.0,2025-06-22
414805.0,4568535.0,2025-06-22
414815.0,4568535.0,2025-06-22
414825.0,4568535.0,2025-06-22
414835.0,4568535.0,2025-06-22
414845.0,4568535.0,2025-06-22
414855.0,4568535.0,2025-06-22
414865.0,4568535.0,2025-06-22
414875.0,4568535.0,2025-06-22
414885.0,4568535.0,2025-06-22
414895.0,4568535.0,2025-06-22
414905.0,4568535.0,2025-06-22
414915.0,4568535.0,2025-06-22
414925.0,4568535.0,2025-06-22
414935.0,4568535.0,2025-06-22
414945.0,4568535.0,2025-06-22
414955.0,4568535.0,2025-06-22
414965.0,4568535.0,2025-06-22
414975.0,4568535.0,2025-06-22
414985.0,4568535.0,2025-06-22
414995.0,4568535.0,2025-06-22
415005.0,4568535.0,2025-06-22
415015.0,4568535.0,2025-06-22
415025.0,4568535.0,2025-06-22
415035.0,4568535.0,2025-06-22
415045.0,4568535.0,2025-06-22
415055.0,4568535.0,2025-06-22
415065.0,4568535.0,2025-06-22
415075.0,4568535.0,2025-06-22
415085.0,4568535.0,2025-06-22
415095.0,4568535.0,2025-06-22
415105.0,4568535.0,2025-06-22
415115.0,4568535.0,2025-06-22
415125.0,4568535.0,2025-06-22
415135.0,4568535.0,2025-06-22
415145.0,4568535.0,2025-06-22
415155.0,4568535.0,2025-06-22
415165.0,4568535.0,2025-06-22
415175.0,4568535.0,2025-06-22
415185.0,4568535.0,2025-06-22
415195.0,4568535.0,2025-06-22
415205.0,4568535.0,2025-06-22
415215.0,4568535.0,2025-06-22
415225.0,4568535.0,2025-06-22
415235.0,4568535.0,2025-06-22
415245.0,4568535.0,2025-06-22
415255.0,4568535.0,2025-06-22
415265.0,4568535.0,2025-06-22
415275.0,4568535.0,2025-06-22
415285.0,4568535.0,2025-06-22
415295.0,4568535.0,2025-06-22
415305.0,4568535.0,2025-06-22
415315.0,4568535.0,2025-06-22
415325.0,4568535.0,2025-06-22
415335.0,4568535.0,2025-06-22
415345.0,4568535.0,2025-06-22
415355.0,4568535.0,2025-06-22
415365.0,4568535.0,2025-06-22
415375.0,4568535.0,2025-06-22
415385.0,4568535.0,2025-06-22
415395.0,4568535.0,2025-06-22
415405.0,4568535.0,2025-06-22
415415.0,4568535.0,2025-06-22
415425.0,4568535.0,2025-06-22
415435.0,4568535.0,2025-06-22
415445.0,4568535.0,2025-06-22
415455.0,4568535.0,2025-06-22
415465.0,4568535.0,2025-06-22
415475.0,4568535.0,2025-06-22
415485.0,4568535.0,2025-06-22
415495.0,4568535.0,2025-06-22
415505.0,4568535.0,2025-06-22
415515.0,4568535.0,2025-06-22
415525.0,4568535.0,2025-06-22
415535.0,4568535.0,2025-06-22
415545.0,4568535.0,2025-06-22
415555.0,4568535.0,2025-06-22
415565.0,4568535.0,2025-06-22
415575.0,4568535.0,2025-06-22
415585.0,4568535.0,2025-06-22
415595.0,4568535.0,2025-06-22
415605.0,4568535.0,2025-06-22
415615.0,4568535.0,2025-06-22
415625.0,4568535.0,2025-06-22
415635.0,4568535.0,2025-06-22
415645.0,4568535.0,2025-06-22
415655.0,4568535.0,2025-06-22
415665.0,4568535.0,2025-06-22
415675.0,4568535.0,2025-06-22
415685.0,4568535.0,2025-06-22
415695.0,4568535.0,2025-06-22
415705.0,4568535.0,2025-06-22
415715.0,4568535.0,2025-06-22
415725.0,4568535.0,2025-06-22
415735.0,4568535.0,2025-06-22
415745.0,4568535.0,2025-06-22
415755.0,4568535.0,2025-06-22
415765.0,4568535.0,2025-06-22
415775.0,4568535.0,2025-06-22
415785.0,4568535.0,2025-06-22
415795.0,4568535.0,2025-06-22
415805.0,4568535.0,2025-06-22
415815.0,4568535.0,2025-06-22
415825.0,4568535.0,2025-06-22
415835.0,4568535.0,2025-06-22
415845.0,4568535.0,2025-06-22
415855.0,4568535.0,2025-06-22
415865.0,4568535.0,2025-06-22
415875.0,4568535.0,2025-06-22
415885.0,4568535.0,2025-06-22
415895.0,4568535.0,2025-06-22
415905.0,4568535.0,2025-06-22
415915.0,4568535.0,2025-06-22
415925.0,4568535.0,2025-06-22
415935.0,4568535.0,2025-06-22
415945.0,4568535.0,2025-06-22
415955.0,4568535.0,2025-06-22
415965.0,4568535.0,2025-06-22
415975.0,4568535.0,2025-06-22
415985.0,4568535.0,2025-06-22
415995.0,4568535.0,2025-06-22
416005.0,4568535.0,2025-06-22
416015.0,4568535.0,2025-06-22
416025.0,4568535.0,2025-06-22
416035.0,4568535.0,2025-06-22
416045.0,4568535.0,2025-06-22
416055.0,4568535.0,2025-06-22
416065.0,4568535.0,2025-06-22
416075.0,4568535.0,2025-06-22
416085.0,4568535.0,2025-06-22
416095.0,4568535.0,2025-06-22
416105.0,4568535.0,2025-06-22
416115.0,4568535.0,2025-06-22
416125.0,4568535.0,2025-06-22
416135.0,4568535.0,2025-06-22
416145.0,4568535.0,2025-06-22
416155.0,4568535.0,2025-06-22
416165.0,4568535.0,2025-06-22
416175.0,4568535.0,2025-06-22
416185.0,4568535.0,2025-06-22
416195.0,4568535.0,2025-06-22
416205.0,4568535.0,2025-06-22
416215.0,4568535.0,2025-06-22
416225.0,4568535.0,2025-06-22
416235.0,4568535.0,2025-06-22
416245.0,4568535.0,2025-06-22
416255.0,4568535.0,2025-06-22
416265.0,4568535.0,2025-06-22
416275.0,4568535.0,2025-06-22
416285.0,4568535.0,2025-06-22
416295.0,4568535.0,2025-06-22
416305.0,4568535.0,2025-06-22
416315.0,4568535.0,2025-06-22
416325.0,4568535.0,2025-06-22
416335.0,4568535.0,2025-06-22
416345.0,4568535.0,2025-06-22
416355.0,4568535.0,2025-06-22
416365.0,4568535.0,2025-06-22
416375.0,4568535.0,2025-06-22
416385.0,4568535.0,2025-06-22
416395.0,4568535.0,2025-06-22
416405.0,4568535.0,2025-06-22
416415.0,4568535.0,2025-06-22
416425.0,4568535.0,2025-06-22
416435.0,4568535.0,2025-06-22
416445.0,4568535.0,2025-06-22
416455.0,4568535.0,2025-06-22
413425.0,4568525.0,2025-06-22
413435.0,4568525.0,2025-06-22
413445.0,4568525.0,2025-06-22
413455.0,4568525.0,2025-06-22
413465.0,4568525.0,2025-06-22
413475.0,4568525.0,2025-06-22
413485.0,4568525.0,2025-06-22
413495.0,4568525.0,2025-06-22
413505.0,4568525.0,2025-06-22
413515.0,4568525.0,2025-06-22
413525.0,4568525.0,2025-06-22
413535.0,4568525.0,2025-06-22
413545.0,4568525.0,2025-06-22
413555.0,4568525.0,2025-06-22
413565.0,4568525.0,2025-06-22
413575.0,4568525.0,2025-06-22
413585.0,4568525.0,2025-06-22
413595.0,4568525.0,2025-06-22
413605.0,4568525.0,2025-06-22
413615.0,4568525.0,2025-06-22
413625.0,4568525.0,2025-06-22
413635.0,4568525.0,2025-06-22
413645.0,4568525.0,2025-06-22
413655.0,4568525.0,2025-06-22
413665.0,4568525.0,2025-06-22
413675.0,4568525.0,2025-06-22
413685.0,4568525.0,2025-06-22
413695.0,4568525.0,2025-06-22
413705.0,4568525.0,2025-06-22
413715.0,4568525.0,2025-06-22
413725.0,4568525.0,2025-06-22
413735.0,4568525.0,2025-06-22
413745.0,4568525.0,2025-06-22
413755.0,4568525.0,2025-06-22
413765.0,4568525.0,2025-06-22
413775.0,4568525.0,2025-06-22
413785.0,4568525.0,2025-06-22
413795.0,4568525.0,2025-06-22
413805.0,4568525.0,2025-06-22
413815.0,4568525.0,2025-06-22
413825.0,4568525.0,2025-06-22
413835.0,4568525.0,2025-06-22
413845.0,4568525.0,2025-06-22
413855.0,4568525.0,2025-06-22
413865.0,4568525.0,2025-06-22
413875.0,4568525.0,2025-06-22
413885.0,4568525.0,2025-06-22
413895.0,4568525.0,2025-06-22
413905.0,4568525.0,2025-06-22
413915.0,4568525.0,2025-06-22
413925.0,4568525.0,2025-06-22
413935.0,4568525.0,2025-06-22
413945.0,4568525.0,2025-06-22
413955.0,4568525.0,2025-06-22
413965.0,4568525.0,2025-06-22
413975.0,4568525.0,2025-06-22
413985.0,4568525.0,2025-06-22
413995.0,4568525.0,2025-06-22
414005.0,4568525.0,2025-06-22
414015.0,4568525.0,2025-06-22
414025.0,4568525.0,2025-06-22
414035.0,4568525.0,2025-06-22
414045.0,4568525.0,2025-06-22
414055.0,4568525.0,2025-06-22
414065.0,4568525.0,2025-06-22
414075.0,4568525.0,2025-06-22
414085.0,4568525.0,2025-06-22
414095.0,4568525.0,2025-06-22
414105.0,4568525.0,2025-06-22
414115.0,4568525.0,2025-06-22
414125.0,4568525.0,2025-06-22
414135.0,4568525.0,2025-06-22
414145.0,4568525.0,2025-06-22
414155.0,4568525.0,2025-06-22
414165.0,4568525.0,2025-06-22
414175.0,4568525.0,2025-06-22
414185.0,4568525.0,2025-06-22
414195.0,4568525.0,2025-06-22
414205.0,4568525.0,2025-06-22
414215.0,4568525.0,2025-06-22
414225.0,4568525.0,2025-06-22
414235.0,4568525.0,2025-06-22
414245.0,4568525.0,2025-06-22
414255.0,4568525.0,2025-06-22
414265.0,4568525.0,2025-06-22
414275.0,4568525.0,2025-06-22
414285.0,4568525.0,2025-06-22
414295.0,4568525.0,2025-06-22
414305.0,4568525.0,2025-06-22
414315.0,4568525.0,2025-06-22
414325.0,4568525.0,2025-06-22
414335.0,4568525.0,2025-06-22
414345.0,4568525.0,2025-06-22
414355.0,4568525.0,2025-06-22
414365.0,4568525.0,2025-06-22
414375.0,4568525.0,2025-06-22
414385.0,4568525.0,2025-06-22
414395.0,4568525.0,2025-06-22
414405.0,4568525.0,2025-06-22
414415.0,4568525.0,2025-06-22
414425.0,4568525.0,2025-06-22
414435.0,4568525.0,2025-06-22
414445.0,4568525.0,2025-06-22
414455.0,4568525.0,2025-06-22
414465.0,4568525.0,2025-06-22
414475.0,4568525.0,2025-06-22
414485.0,4568525.0,2025-06-22
414495.0,4568525.0,2025-06-22
414505.0,4568525.0,2025-06-22
414515.0,4568525.0,2025-06-22
414525.0,4568525.0,2025-06-22
414535.0,4568525.0,2025-06-22
414545.0,4568525.0,2025-06-22
414555.0,4568525.0,2025-06-22
414565.0,4568525.0,2025-06-22
414575.0,4568525.0,2025-06-22
414585.0,4568525.0,2025-06-22
414595.0,4568525.0,2025-06-22
414605.0,4568525.0,2025-06-22
414615.0,4568525.0,2025-06-22
414625.0,4568525.0,2025-06-22
414635.0,4568525.0,2025-06-22
414645.0,4568525.0,2025-06-22
414655.0,4568525.0,2025-06-22
414665.0,4568525.0,2025-06-22
414675.0,4568525.0,2025-06-22
414685.0,4568525.0,2025-06-22
414695.0,4568525.0,2025-06-22
414705.0,4568525.0,2025-06-22
414715.0,4568525.0,2025-06-22
414725.0,4568525.0,2025-06-22
414735.0,4568525.0,2025-06-22
414745.0,4568525.0,2025-06-22
414755.0,4568525.0,2025-06-22
414765.0,4568525.0,2025-06-22
414775.0,4568525.0,2025-06-22
414785.0,4568525.0,2025-06-22
414795.0,4568525.0,2025-06-22
414805.0,4568525.0,2025-06-22
414815.0,4568525.0,2025-06-22
414825.0,4568525.0,2025-06-22
414835.0,4568525.0,2025-06-22
414845.0,4568525.0,2025-06-22
414855.0,4568525.0,2025-06-22
414865.0,4568525.0,2025-06-22
414875.0,4568525.0,2025-06-22
414885.0,4568525.0,2025-06-22
414895.0,4568525.0,2025-06-22
414905.0,4568525.0,2025-06-22
414915.0,4568525.0,2025-06-22
414925.0,4568525.0,2025-06-22
414935.0,4568525.0,2025-06-22
414945.0,4568525.0,2025-06-22
414955.0,4568525.0,2025-06-22
414965.0,4568525.0,2025-06-22
414975.0,4568525.0,2025-06-22
414985.0,4568525.0,2025-06-22
414995.0,4568525.0,2025-06-22
415005.0,4568525.0,2025-06-22
415015.0,4568525.0,2025-06-22
415025.0,4568525.0,2025-06-22
415035.0,4568525.0,2025-06-22
415045.0,4568525.0,2025-06-22
415055.0,4568525.0,2025-06-22
415065.0,4568525.0,2025-06-22
415075.0,4568525.0,2025-06-22
415085.0,4568525.0,2025-06-22
415095.0,4568525.0,2025-06-22
415105.0,4568525.0,2025-06-22
415115.0,4568525.0,2025-06-22
415125.0,4568525.0,2025-06-22
415135.0,4568525.0,2025-06-22
415145.0,4568525.0,2025-06-22
415155.0,4568525.0,2025-06-22
415165.0,4568525.0,2025-06-22
415175.0,4568525.0,2025-06-22
415185.0,4568525.0,2025-06-22
415195.0,4568525.0,2025-06-22
415205.0,4568525.0,2025-06-22
415215.0,4568525.0,2025-06-22
415225.0,4568525.0,2025-06-22
415235.0,4568525.0,2025-06-22
415245.0,4568525.0,2025-06-22
415255.0,4568525.0,2025-06-22
415265.0,4568525.0,2025-06-22
415275.0,4568525.0,2025-06-22
415285.0,4568525.0,2025-06-22
415295.0,4568525.0,2025-06-22
415305.0,4568525.0,2025-06-22
415315.0,4568525.0,2025-06-22
415325.0,4568525.0,2025-06-22
415335.0,4568525.0,2025-06-22
415345.0,4568525.0,2025-06-22
415355.0,4568525.0,2025-06-22
415365.0,4568525.0,2025-06-22
415375.0,4568525.0,2025-06-22
415385.0,4568525.0,2025-06-22
415395.0,4568525.0,2025-06-22
415405.0,4568525.0,2025-06-22
415415.0,4568525.0,2025-06-22
415425.0,4568525.0,2025-06-22
415435.0,4568525.0,2025-06-22
415445.0,4568525.0,2025-06-22
415455.0,4568525.0,2025-06-22
415465.0,4568525.0,2025-06-22
415475.0,4568525.0,2025-06-22
415485.0,4568525.0,2025-06-22
415495.0,4568525.0,2025-06-22
415505.0,4568525.0,2025-06-22
415515.0,4568525.0,2025-06-22
415525.0,4568525.0,2025-06-22
415535.0,4568525.0,2025-06-22
415545.0,4568525.0,2025-06-22
415555.0,4568525.0,2025-06-22
415565.0,4568525.0,2025-06-22
415575.0,4568525.0,2025-06-22
415585.0,4568525.0,2025-06-22
415595.0,4568525.0,2025-06-22
415605.0,4568525.0,2025-06-22
415615.0,4568525.0,2025-06-22
415625.0,4568525.0,2025-06-22
415635.0,4568525.0,2025-06-22
415645.0,4568525.0,2025-06-22
415655.0,4568525.0,2025-06-22
415665.0,4568525.0,2025-06-22
415675.0,4568525.0,2025-06-22
415685.0,4568525.0,2025-06-22
415695.0,4568525.0,2025-06-22
415705.0,4568525.0,2025-06-22
415715.0,4568525.0,2025-06-22
415725.0,4568525.0,2025-06-22
415735.0,4568525.0,2025-06-22
415745.0,4568525.0,2025-06-22
415755.0,4568525.0,2025-06-22
415765.0,4568525.0,2025-06-22
415775.0,4568525.0,2025-06-22
415785.0,4568525.0,2025-06-22
415795.0,4568525.0,2025-06-22
415805.0,4568525.0,2025-06-22
415815.0,4568525.0,2025-06-22
415825.0,4568525.0,2025-06-22
415835.0,4568525.0,2025-06-22
415845.0,4568525.0,2025-06-22
415855.0,4568525.0,2025-06-22
415865.0,4568525.0,2025-06-22
415875.0,4568525.0,2025-06-22
415885.0,4568525.0,2025-06-22
415895.0,4568525.0,2025-06-22
415905.0,4568525.0,2025-06-22
415915.0,4568525.0,2025-06-22
415925.0,4568525.0,2025-06-22
415935.0,4568525.0,2025-06-22
415945.0,4568525.0,2025-06-22
415955.0,4568525.0,2025-06-22
415965.0,4568525.0,2025-06-22
415975.0,4568525.0,2025-06-22
415985.0,4568525.0,2025-06-22
415995.0,4568525.0,2025-06-22
416005.0,4568525.0,2025-06-22
416015.0,4568525.0,2025-06-22
416025.0,4568525.0,2025-06-22
416035.0,4568525.0,2025-06-22
416045.0,4568525.0,2025-06-22
416055.0,4568525.0,2025-06-22
416065.0,4568525.0,2025-06-22
416075.0,4568525.0,2025-06-22
416085.0,4568525.0,2025-06-22
416095.0,4568525.0,2025-06-22
416105.0,4568525.0,2025-06-22
416115.0,4568525.0,2025-06-22
416125.0,4568525.0,2025-06-22
416135.0,4568525.0,2025-06-22
416145.0,4568525.0,2025-06-22
416155.0,4568525.0,2025-06-22
416165.0,4568525.0,2025-06-22
416175.0,4568525.0,2025-06-22
416185.0,4568525.0,2025-06-22
416195.0,4568525.0,2025-06-22
416205.0,4568525.0,2025-06-22
416215.0,4568525.0,2025-06-22
416225.0,4568525.0,2025-06-22
416235.0,4568525.0,2025-06-22
416245.0,4568525.0,2025-06-22
416255.0,4568525.0,2025-06-22
416265.0,4568525.0,2025-06-22
416275.0,4568525.0,2025-06-22
416285.0,4568525.0,2025-06-22
416295.0,4568525.0,2025-06-22
416305.0,4568525.0,2025-06-22
416315.0,4568525.0,2025-06-22
416325.0,4568525.0,2025-06-22
416335.0,4568525.0,2025-06-22
416345.0,4568525.0,2025-06-22
416355.0,4568525.0,2025-06-22
416365.0,4568525.0,2025-06-22
416375.0,4568525.0,2025-06-22
416385.0,4568525.0,2025-06-22
416395.0,4568525.0,2025-06-22
416405.0,4568525.0,2025-06-22
416415.0,4568525.0,2025-06-22
416425.0,4568525.0,2025-06-22
416435.0,4568525.0,2025-06-22
416445.0,4568525.0,2025-06-22
416455.0,4568525.0,2025-06-22
414265.0,4568515.0,2025-06-22
414275.0,4568515.0,2025-06-22
414285.0,4568515.0,2025-06-22
414295.0,4568515.0,2025-06-22
414305.0,4568515.0,2025-06-22
414315.0,4568515.0,2025-06-22
414325.0,4568515.0,2025-06-22
414335.0,4568515.0,2025-06-22
414345.0,4568515.0,2025-06-22
414355.0,4568515.0,2025-06-22
414365.0,4568515.0,2025-06-22
414375.0,4568515.0,2025-06-22
414385.0,4568515.0,2025-06-22
414395.0,4568515.0,2025-06-22
414405.0,4568515.0,2025-06-22
414415.0,4568515.0,2025-06-22
414425.0,4568515.0,2025-06-22
414435.0,4568515.0,2025-06-22
414445.0,4568515.0,2025-06-22
414455.0,4568515.0,2025-06-22
414465.0,4568515.0,2025-06-22
414475.0,4568515.0,2025-06-22
414485.0,4568515.0,2025-06-22
414495.0,4568515.0,2025-06-22
414505.0,4568515.0,2025-06-22
414515.0,4568515.0,2025-06-22
414525.0,4568515.0,2025-06-22
414535.0,4568515.0,2025-06-22
414545.0,4568515.0,2025-06-22
414555.0,4568515.0,2025-06-22
414565.0,4568515.0,2025-06-22
414575.0,4568515.0,2025-06-22
414585.0,4568515.0,2025-06-22
414595.0,4568515.0,2025-06-22
414605.0,4568515.0,2025-06-22
414615.0,4568515.0,2025-06-22
414625.0,4568515.0,2025-06-22
414635.0,4568515.0,2025-06-22
414645.0,4568515.0,2025-06-22
414655.0,4568515.0,2025-06-22
414665.0,4568515.0,2025-06-22
414675.0,4568515.0,2025-06-22
414685.0,4568515.0,2025-06-22
414695.0,4568515.0,2025-06-22
414705.0,4568515.0,2025-06-22
414715.0,4568515.0,2025-06-22
414725.0,4568515.0,2025-06-22
414735.0,4568515.0,2025-06-22
414745.0,4568515.0,2025-06-22
414755.0,4568515.0,2025-06-22
414765.0,4568515.0,2025-06-22
414775.0,4568515.0,2025-06-22
414785.0,4568515.0,2025-06-22
414795.0,4568515.0,2025-06-22
414805.0,4568515.0,2025-06-22
414815.0,4568515.0,2025-06-22
414825.0,4568515.0,2025-06-22
414835.0,4568515.0,2025-06-22
414845.0,4568515.0,2025-06-22
414855.0,4568515.0,2025-06-22
414865.0,4568515.0,2025-06-22
414875.0,4568515.0,2025-06-22
414885.0,4568515.0,2025-06-22
414895.0,4568515.0,2025-06-22
414905.0,4568515.0,2025-06-22
414915.0,4568515.0,2025-06-22
414925.0,4568515.0,2025-06-22
414935.0,4568515.0,2025-06-22
414945.0,4568515.0,2025-06-22
414955.0,4568515.0,2025-06-22
414965.0,4568515.0,2025-06-22
414975.0,4568515.0,2025-06-22
414985.0,4568515.0,2025-06-22
414995.0,4568515.0,2025-06-22
415005.0,4568515.0,2025-06-22
415015.0,4568515.0,2025-06-22
415025.0,4568515.0,2025-06-22
415035.0,4568515.0,2025-06-22
415045.0,4568515.0,2025-06-22
415055.0,4568515.0,2025-06-22
415065.0,4568515.0,2025-06-22
415075.0,4568515.0,2025-06-22
415085.0,4568515.0,2025-06-22
415095.0,4568515.0,2025-06-22
415105.0,4568515.0,2025-06-22
415115.0,4568515.0,2025-06-22
415125.0,4568515.0,2025-06-22
415135.0,4568515.0,2025-06-22
415145.0,4568515.0,2025-06-22
415155.0,4568515.0,2025-06-22
415165.0,4568515.0,2025-06-22
415175.0,4568515.0,2025-06-22
415185.0,4568515.0,2025-06-22
415195.0,4568515.0,2025-06-22
415205.0,4568515.0,2025-06-22
415215.0,4568515.0,2025-06-22
415225.0,4568515.0,2025-06-22
415235.0,4568515.0,2025-06-22
415245.0,4568515.0,2025-06-22
415255.0,4568515.0,2025-06-22
415265.0,4568515.0,2025-06-22
415275.0,4568515.0,2025-06-22
415285.0,4568515.0,2025-06-22
415295.0,4568515.0,2025-06-22
415305.0,4568515.0,2025-06-22
415315.0,4568515.0,2025-06-22
415325.0,4568515.0,2025-06-22
415335.0,4568515.0,2025-06-22
415345.0,4568515.0,2025-06-22
415355.0,4568515.0,2025-06-22
415365.0,4568515.0,2025-06-22
415375.0,4568515.0,2025-06-22
415385.0,4568515.0,2025-06-22
415395.0,4568515.0,2025-06-22
415405.0,4568515.0,2025-06-22
415415.0,4568515.0,2025-06-22
415425.0,4568515.0,2025-06-22
415435.0,4568515.0,2025-06-22
415445.0,4568515.0,2025-06-22
415455.0,4568515.0,2025-06-22
415465.0,4568515.0,2025-06-22
415475.0,4568515.0,2025-06-22
415485.0,4568515.0,2025-06-22
415495.0,4568515.0,2025-06-22
415505.0,4568515.0,2025-06-22
415515.0,4568515.0,2025-06-22
415525.0,4568515.0,2025-06-22
415535.0,4568515.0,2025-06-22
415545.0,4568515.0,2025-06-22
415555.0,4568515.0,2025-06-22
415565.0,4568515.0,2025-06-22
415575.0,4568515.0,2025-06-22
415585.0,4568515.0,2025-06-22
415595.0,4568515.0,2025-06-22
415605.0,4568515.0,2025-06-22
415615.0,4568515.0,2025-06-22
415625.0,4568515.0,2025-06-22
415635.0,4568515.0,2025-06-22
415645.0,4568515.0,2025-06-22
415655.0,4568515.0,2025-06-22
415665.0,4568515.0,2025-06-22
415675.0,4568515.0,2025-06-22
415685.0,4568515.0,2025-06-22
415695.0,4568515.0,2025-06-22
415705.0,4568515.0,2025-06-22
415715.0,4568515.0,2025-06-22
415725.0,4568515.0,2025-06-22
415735.0,4568515.0,2025-06-22
415745.0,4568515.0,2025-06-22
415755.0,4568515.0,2025-06-22
415765.0,4568515.0,2025-06-22
415775.0,4568515.0,2025-06-22
415785.0,4568515.0,2025-06-22
415795.0,4568515.0,2025-06-22
415805.0,4568515.0,2025-06-22
415815.0,4568515.0,2025-06-22
415825.0,4568515.0,2025-06-22
415835.0,4568515.0,2025-06-22
415845.0,4568515.0,2025-06-22
415855.0,4568515.0,2025-06-22
415865.0,4568515.0,2025-06-22
415875.0,4568515.0,2025-06-22
415885.0,4568515.0,2025-06-22
415895.0,4568515.0,2025-06-22
415905.0,4568515.0,2025-06-22
415915.0,4568515.0,2025-06-22
415925.0,4568515.0,2025-06-22
415935.0,4568515.0,2025-06-22
415945.0,4568515.0,2025-06-22
415955.0,4568515.0,2025-06-22
415965.0,4568515.0,2025-06-22
415975.0,4568515.0,2025-06-22
415985.0,4568515.0,2025-06-22
415995.0,4568515.0,2025-06-22
416005.0,4568515.0,2025-06-22
416015.0,4568515.0,2025-06-22
416025.0,4568515.0,2025-06-22
416035.0,4568515.0,2025-06-22
416045.0,4568515.0,2025-06-22
416055.0,4568515.0,2025-06-22
416065.0,4568515.0,2025-06-22
416075.0,4568515.0,2025-06-22
416085.0,4568515.0,2025-06-22
416095.0,4568515.0,2025-06-22
416105.0,4568515.0,2025-06-22
416115.0,4568515.0,2025-06-22
416125.0,4568515.0,2025-06-22
416135.0,4568515.0,2025-06-22
416145.0,4568515.0,2025-06-22
416155.0,4568515.0,2025-06-22
416165.0,4568515.0,2025-06-22
416175.0,4568515.0,2025-06-22
416185.0,4568515.0,2025-06-22
416195.0,4568515.0,2025-06-22
416205.0,4568515.0,2025-06-22
416215.0,4568515.0,2025-06-22
416225.0,4568515.0,2025-06-22
416235.0,4568515.0,2025-06-22
416245.0,4568515.0,2025-06-22
416255.0,4568515.0,2025-06-22
416265.0,4568515.0,2025-06-22
416275.0,4568515.0,2025-06-22
416285.0,4568515.0,2025-06-22
416295.0,4568515.0,2025-06-22
416305.0,4568515.0,2025-06-22
416315.0,4568515.0,2025-06-22
416325.0,4568515.0,2025-06-22
416335.0,4568515.0,2025-06-22
416345.0,4568515.0,2025-06-22
416355.0,4568515.0,2025-06-22
416365.0,4568515.0,2025-06-22
416375.0,4568515.0,2025-06-22
416385.0,4568515.0,2025-06-22
416395.0,4568515.0,2025-06-22
416405.0,4568515.0,2025-06-22
416415.0,4568515.0,2025-06-22
416425.0,4568515.0,2025-06-22
416435.0,4568515.0,2025-06-22
416445.0,4568515.0,2025-06-22
416455.0,4568515.0,2025-06-22
415115.0,4568505.0,2025-06-22
415125.0,4568505.0,2025-06-22
415135.0,4568505.0,2025-06-22
415145.0,4568505.0,2025-06-22
415155.0,4568505.0,2025-06-22
415165.0,4568505.0,2025-06-22
415175.0,4568505.0,2025-06-22
415185.0,4568505.0,2025-06-22
415195.0,4568505.0,2025-06-22
415205.0,4568505.0,2025-06-22
415215.0,4568505.0,2025-06-22
415225.0,4568505.0,2025-06-22
415235.0,4568505.0,2025-06-22
415245.0,4568505.0,2025-06-22
415255.0,4568505.0,2025-06-22
415265.0,4568505.0,2025-06-22
415275.0,4568505.0,2025-06-22
415285.0,4568505.0,2025-06-22
415295.0,4568505.0,2025-06-22
415305.0,4568505.0,2025-06-22
415315.0,4568505.0,2025-06-22
415325.0,4568505.0,2025-06-22
415335.0,4568505.0,2025-06-22
415345.0,4568505.0,2025-06-22
415355.0,4568505.0,2025-06-22
415365.0,4568505.0,2025-06-22
415375.0,4568505.0,2025-06-22
415385.0,4568505.0,2025-06-22
415395.0,4568505.0,2025-06-22
415405.0,4568505.0,2025-06-22
415415.0,4568505.0,2025-06-22
415425.0,4568505.0,2025-06-22
415435.0,4568505.0,2025-06-22
415445.0,4568505.0,2025-06-22
415455.0,4568505.0,2025-06-22
415465.0,4568505.0,2025-06-22
415475.0,4568505.0,2025-06-22
415485.0,4568505.0,2025-06-22
415495.0,4568505.0,2025-06-22
415505.0,4568505.0,2025-06-22
415515.0,4568505.0,2025-06-22
415525.0,4568505.0,2025-06-22
415535.0,4568505.0,2025-06-22
415545.0,4568505.0,2025-06-22
415555.0,4568505.0,2025-06-22
415565.0,4568505.0,2025-06-22
415575.0,4568505.0,2025-06-22
415585.0,4568505.0,2025-06-22
415595.0,4568505.0,2025-06-22
415605.0,4568505.0,2025-06-22
415615.0,4568505.0,2025-06-22
415625.0,4568505.0,2025-06-22
415635.0,4568505.0,2025-06-22
415645.0,4568505.0,2025-06-22
415655.0,4568505.0,2025-06-22
415665.0,4568505.0,2025-06-22
415675.0,4568505.0,2025-06-22
415685.0,4568505.0,2025-06-22
415695.0,4568505.0,2025-06-22
415705.0,4568505.0,2025-06-22
415715.0,4568505.0,2025-06-22
415725.0,4568505.0,2025-06-22
415735.0,4568505.0,2025-06-22
415745.0,4568505.0,2025-06-22
415755.0,4568505.0,2025-06-22
415765.0,4568505.0,2025-06-22
415775.0,4568505.0,2025-06-22
415785.0,4568505.0,2025-06-22
415795.0,4568505.0,2025-06-22
415805.0,4568505.0,2025-06-22
415815.0,4568505.0,2025-06-22
415825.0,4568505.0,2025-06-22
415835.0,4568505.0,2025-06-22
415845.0,4568505.0,2025-06-22
415855.0,4568505.0,2025-06-22
415865.0,4568505.0,2025-06-22
415875.0,4568505.0,2025-06-22
415885.0,4568505.0,2025-06-22
415895.0,4568505.0,2025-06-22
415905.0,4568505.0,2025-06-22
415915.0,4568505.0,2025-06-22
415925.0,4568505.0,2025-06-22
415935.0,4568505.0,2025-06-22
415945.0,4568505.0,2025-06-22
415955.0,4568505.0,2025-06-22
415965.0,4568505.0,2025-06-22
415975.0,4568505.0,2025-06-22
415985.0,4568505.0,2025-06-22
415995.0,4568505.0,2025-06-22
416005.0,4568505.0,2025-06-22
416015.0,4568505.0,2025-06-22
416025.0,4568505.0,2025-06-22
416035.0,4568505.0,2025-06-22
416045.0,4568505.0,2025-06-22
416055.0,4568505.0,2025-06-22
416065.0,4568505.0,2025-06-22
416075.0,4568505.0,2025-06-22
416085.0,4568505.0,2025-06-22
416095.0,4568505.0,2025-06-22
416105.0,4568505.0,2025-06-22
416115.0,4568505.0,2025-06-22
416125.0,4568505.0,2025-06-22
416135.0,4568505.0,2025-06-22
416145.0,4568505.0,2025-06-22
416155.0,4568505.0,2025-06-22
416165.0,4568505.0,2025-06-22
416175.0,4568505.0,2025-06-22
416185.0,4568505.0,2025-06-22
416195.0,4568505.0,2025-06-22
416205.0,4568505.0,2025-06-22
416215.0,4568505.0,2025-06-22
416225.0,4568505.0,2025-06-22
416235.0,4568505.0,2025-06-22
416245.0,4568505.0,2025-06-22
416255.0,4568505.0,2025-06-22
416265.0,4568505.0,2025-06-22
416275.0,4568505.0,2025-06-22
416285.0,4568505.0,2025-06-22
416295.0,4568505.0,2025-06-22
416305.0,4568505.0,2025-06-22
416315.0,4568505.0,2025-06-22
416325.0,4568505.0,2025-06-22
416335.0,4568505.0,2025-06-22
416345.0,4568505.0,2025-06-22
416355.0,4568505.0,2025-06-22
416365.0,4568505.0,2025-06-22
416375.0,4568505.0,2025-06-22
416385.0,4568505.0,2025-06-22
416395.0,4568505.0,2025-06-22
416405.0,4568505.0,2025-06-22
416415.0,4568505.0,2025-06-22
416425.0,4568505.0,2025-06-22
416435.0,4568505.0,2025-06-22
416445.0,4568505.0,2025-06-22
416455.0,4568505.0,2025-06-22
415965.0,4568495.0,2025-06-22
415975.0,4568495.0,2025-06-22
415985.0,4568495.0,2025-06-22
415995.0,4568495.0,2025-06-22
416005.0,4568495.0,2025-06-22
416015.0,4568495.0,2025-06-22
416025.0,4568495.0,2025-06-22
416035.0,4568495.0,2025-06-22
416045.0,4568495.0,2025-06-22
416055.0,4568495.0,2025-06-22
416065.0,4568495.0,2025-06-22
416075.0,4568495.0,2025-06-22
416085.0,4568495.0,2025-06-22
416095.0,4568495.0,2025-06-22
416105.0,4568495.0,2025-06-22
416115.0,4568495.0,2025-06-22
416125.0,4568495.0,2025-06-22
416135.0,4568495.0,2025-06-22
416145.0,4568495.0,2025-06-22
416155.0,4568495.0,2025-06-22
416165.0,4568495.0,2025-06-22
416175.0,4568495.0,2025-06-22
416185.0,4568495.0,2025-06-22
416195.0,4568495.0,2025-06-22
416205.0,4568495.0,2025-06-22
416215.0,4568495.0,2025-06-22
416225.0,4568495.0,2025-06-22
416235.0,4568495.0,2025-06-22
416245.0,4568495.0,2025-06-22
416255.0,4568495.0,2025-06-22
416265.0,4568495.0,2025-06-22
416275.0,4568495.0,2025-06-22
416285.0,4568495.0,2025-06-22
416295.0,4568495.0,2025-06-22
416305.0,4568495.0,2025-06-22
416315.0,4568495.0,2025-06-22
416325.0,4568495.0,2025-06-22
416335.0,4568495.0,2025-06-22
416345.0,4568495.0,2025-06-22
416355.0,4568495.0,2025-06-22
416365.0,4568495.0,2025-06-22
416375.0,4568495.0,2025-06-22
416385.0,4568495.0,2025-06-22
416395.0,4568495.0,2025-06-22
416405.0,4568495.0,2025-06-22
416415.0,4568495.0,2025-06-22
416425.0,4568495.0,2025-06-22
416435.0,4568495.0,2025-06-22
416445.0,4568495.0,2025-06-22
416455.0,4568495.0,2025-06-22
