411745.0,4568635.0,2025-05-23
411755.0,4568635.0,2025-05-23
411765.0,4568635.0,2025-05-23
411775.0,4568635.0,2025-05-23
411785.0,4568635.0,2025-05-23
411795.0,4568635.0,2025-05-23
411805.0,4568635.0,2025-05-23
411815.0,4568635.0,2025-05-23
411825.0,4568635.0,2025-05-23
411835.0,4568635.0,2025-05-23
411845.0,4568635.0,2025-05-23
411855.0,4568635.0,2025-05-23
411865.0,4568635.0,2025-05-23
411875.0,4568635.0,2025-05-23
411885.0,4568635.0,2025-05-23
411895.0,4568635.0,2025-05-23
411905.0,4568635.0,2025-05-23
411915.0,4568635.0,2025-05-23
411925.0,4568635.0,2025-05-23
411935.0,4568635.0,2025-05-23
411945.0,4568635.0,2025-05-23
411955.0,4568635.0,2025-05-23
411965.0,4568635.0,2025-05-23
411975.0,4568635.0,2025-05-23
411985.0,4568635.0,2025-05-23
411995.0,4568635.0,2025-05-23
412005.0,4568635.0,2025-05-23
412015.0,4568635.0,2025-05-23
412025.0,4568635.0,2025-05-23
412035.0,4568635.0,2025-05-23
412045.0,4568635.0,2025-05-23
412055.0,4568635.0,2025-05-23
412065.0,4568635.0,2025-05-23
412075.0,4568635.0,2025-05-23
412085.0,4568635.0,2025-05-23
412095.0,4568635.0,2025-05-23
412105.0,4568635.0,2025-05-23
412115.0,4568635.0,2025-05-23
412125.0,4568635.0,2025-05-23
412135.0,4568635.0,2025-05-23
412145.0,4568635.0,2025-05-23
412155.0,4568635.0,2025-05-23
412165.0,4568635.0,2025-05-23
412175.0,4568635.0,2025-05-23
412185.0,4568635.0,2025-05-23
412195.0,4568635.0,2025-05-23
412205.0,4568635.0,2025-05-23
412215.0,4568635.0,2025-05-23
412225.0,4568635.0,2025-05-23
412235.0,4568635.0,2025-05-23
412245.0,4568635.0,2025-05-23
411745.0,4568625.0,2025-05-23
411755.0,4568625.0,2025-05-23
411765.0,4568625.0,2025-05-23
411775.0,4568625.0,2025-05-23
411785.0,4568625.0,2025-05-23
411795.0,4568625.0,2025-05-23
411805.0,4568625.0,2025-05-23
411815.0,4568625.0,2025-05-23
411825.0,4568625.0,2025-05-23
411835.0,4568625.0,2025-05-23
411845.0,4568625.0,2025-05-23
411855.0,4568625.0,2025-05-23
411865.0,4568625.0,2025-05-23
411875.0,4568625.0,2025-05-23
411885.0,4568625.0,2025-05-23
411895.0,4568625.0,2025-05-23
411905.0,4568625.0,2025-05-23
411915.0,4568625.0,2025-05-23
411925.0,4568625.0,2025-05-23
411935.0,4568625.0,2025-05-23
411945.0,4568625.0,2025-05-23
411955.0,4568625.0,2025-05-23
411965.0,4568625.0,2025-05-23
411975.0,4568625.0,2025-05-23
411985.0,4568625.0,2025-05-23
411995.0,4568625.0,2025-05-23
412005.0,4568625.0,2025-05-23
412015.0,4568625.0,2025-05-23
412025.0,4568625.0,2025-05-23
412035.0,4568625.0,2025-05-23
412045.0,4568625.0,2025-05-23
412055.0,4568625.0,2025-05-23
412065.0,4568625.0,2025-05-23
412075.0,4568625.0,2025-05-23
412085.0,4568625.0,2025-05-23
412095.0,4568625.0,2025-05-23
412105.0,4568625.0,2025-05-23
412115.0,4568625.0,2025-05-23
412125.0,4568625.0,2025-05-23
412135.0,4568625.0,2025-05-23
412145.0,4568625.0,2025-05-23
412155.0,4568625.0,2025-05-23
412165.0,4568625.0,2025-05-23
412175.0,4568625.0,2025-05-23
412185.0,4568625.0,2025-05-23
412195.0,4568625.0,2025-05-23
412205.0,4568625.0,2025-05-23
412215.0,4568625.0,2025-05-23
412225.0,4568625.0,2025-05-23
412235.0,4568625.0,2025-05-23
412245.0,4568625.0,2025-05-23
412255.0,4568625.0,2025-05-23
412265.0,4568625.0,2025-05-23
412275.0,4568625.0,2025-05-23
412285.0,4568625.0,2025-05-23
412295.0,4568625.0,2025-05-23
412305.0,4568625.0,2025-05-23
412315.0,4568625.0,2025-05-23
412325.0,4568625.0,2025-05-23
412335.0,4568625.0,2025-05-23
412345.0,4568625.0,2025-05-23
412355.0,4568625.0,2025-05-23
412365.0,4568625.0,2025-05-23
412375.0,4568625.0,2025-05-23
412385.0,4568625.0,2025-05-23
412395.0,4568625.0,2025-05-23
412405.0,4568625.0,2025-05-23
412415.0,4568625.0,2025-05-23
412425.0,4568625.0,2025-05-23
412435.0,4568625.0,2025-05-23
412445.0,4568625.0,2025-05-23
412455.0,4568625.0,2025-05-23
412465.0,4568625.0,2025-05-23
412475.0,4568625.0,2025-05-23
412485.0,4568625.0,2025-05-23
412495.0,4568625.0,2025-05-23
412505.0,4568625.0,2025-05-23
412515.0,4568625.0,2025-05-23
412525.0,4568625.0,2025-05-23
412535.0,4568625.0,2025-05-23
412545.0,4568625.0,2025-05-23
412555.0,4568625.0,2025-05-23
412565.0,4568625.0,2025-05-23
412575.0,4568625.0,2025-05-23
412585.0,4568625.0,2025-05-23
412595.0,4568625.0,2025-05-23
412605.0,4568625.0,2025-05-23
412615.0,4568625.0,2025-05-23
412625.0,4568625.0,2025-05-23
412635.0,4568625.0,2025-05-23
412645.0,4568625.0,2025-05-23
412655.0,4568625.0,2025-05-23
412665.0,4568625.0,2025-05-23
412675.0,4568625.0,2025-05-23
412685.0,4568625.0,2025-05-23
412695.0,4568625.0,2025-05-23
412705.0,4568625.0,2025-05-23
412715.0,4568625.0,2025-05-23
412725.0,4568625.0,2025-05-23
412735.0,4568625.0,2025-05-23
412745.0,4568625.0,2025-05-23
412755.0,4568625.0,2025-05-23
412765.0,4568625.0,2025-05-23
412775.0,4568625.0,2025-05-23
412785.0,4568625.0,2025-05-23
412795.0,4568625.0,2025-05-23
412805.0,4568625.0,2025-05-23
412815.0,4568625.0,2025-05-23
412825.0,4568625.0,2025-05-23
412835.0,4568625.0,2025-05-23
412845.0,4568625.0,2025-05-23
412855.0,4568625.0,2025-05-23
412865.0,4568625.0,2025-05-23
412875.0,4568625.0,2025-05-23
412885.0,4568625.0,2025-05-23
412895.0,4568625.0,2025-05-23
412905.0,4568625.0,2025-05-23
412915.0,4568625.0,2025-05-23
412925.0,4568625.0,2025-05-23
412935.0,4568625.0,2025-05-23
412945.0,4568625.0,2025-05-23
412955.0,4568625.0,2025-05-23
412965.0,4568625.0,2025-05-23
412975.0,4568625.0,2025-05-23
412985.0,4568625.0,2025-05-23
412995.0,4568625.0,2025-05-23
413005.0,4568625.0,2025-05-23
413015.0,4568625.0,2025-05-23
413025.0,4568625.0,2025-05-23
413035.0,4568625.0,2025-05-23
413045.0,4568625.0,2025-05-23
413055.0,4568625.0,2025-05-23
413065.0,4568625.0,2025-05-23
413075.0,4568625.0,2025-05-23
413085.0,4568625.0,2025-05-23
413095.0,4568625.0,2025-05-23
411745.0,4568615.0,2025-05-23
411755.0,4568615.0,2025-05-23
411765.0,4568615.0,2025-05-23
411775.0,4568615.0,2025-05-23
411785.0,4568615.0,2025-05-23
411795.0,4568615.0,2025-05-23
411805.0,4568615.0,2025-05-23
411815.0,4568615.0,2025-05-23
411825.0,4568615.0,2025-05-23
411835.0,4568615.0,2025-05-23
411845.0,4568615.0,2025-05-23
411855.0,4568615.0,2025-05-23
411865.0,4568615.0,2025-05-23
411875.0,4568615.0,2025-05-23
411885.0,4568615.0,2025-05-23
411895.0,4568615.0,2025-05-23
411905.0,4568615.0,2025-05-23
411915.0,4568615.0,2025-05-23
411925.0,4568615.0,2025-05-23
411935.0,4568615.0,2025-05-23
411945.0,4568615.0,2025-05-23
411955.0,4568615.0,2025-05-23
411965.0,4568615.0,2025-05-23
411975.0,4568615.0,2025-05-23
411985.0,4568615.0,2025-05-23
411995.0,4568615.0,2025-05-23
412005.0,4568615.0,2025-05-23
412015.0,4568615.0,2025-05-23
412025.0,4568615.0,2025-05-23
412035.0,4568615.0,2025-05-23
412045.0,4568615.0,2025-05-23
412055.0,4568615.0,2025-05-23
412065.0,4568615.0,2025-05-23
412075.0,4568615.0,2025-05-23
412085.0,4568615.0,2025-05-23
412095.0,4568615.0,2025-05-23
412105.0,4568615.0,2025-05-23
412115.0,4568615.0,2025-05-23
412125.0,4568615.0,2025-05-23
412135.0,4568615.0,2025-05-23
412145.0,4568615.0,2025-05-23
412155.0,4568615.0,2025-05-23
412165.0,4568615.0,2025-05-23
412175.0,4568615.0,2025-05-23
412185.0,4568615.0,2025-05-23
412195.0,4568615.0,2025-05-23
412205.0,4568615.0,2025-05-23
412215.0,4568615.0,2025-05-23
412225.0,4568615.0,2025-05-23
412235.0,4568615.0,2025-05-23
412245.0,4568615.0,2025-05-23
412255.0,4568615.0,2025-05-23
412265.0,4568615.0,2025-05-23
412275.0,4568615.0,2025-05-23
412285.0,4568615.0,2025-05-23
412295.0,4568615.0,2025-05-23
412305.0,4568615.0,2025-05-23
412315.0,4568615.0,2025-05-23
412325.0,4568615.0,2025-05-23
412335.0,4568615.0,2025-05-23
412345.0,4568615.0,2025-05-23
412355.0,4568615.0,2025-05-23
412365.0,4568615.0,2025-05-23
412375.0,4568615.0,2025-05-23
412385.0,4568615.0,2025-05-23
412395.0,4568615.0,2025-05-23
412405.0,4568615.0,2025-05-23
412415.0,4568615.0,2025-05-23
412425.0,4568615.0,2025-05-23
412435.0,4568615.0,2025-05-23
412445.0,4568615.0,2025-05-23
412455.0,4568615.0,2025-05-23
412465.0,4568615.0,2025-05-23
412475.0,4568615.0,2025-05-23
412485.0,4568615.0,2025-05-23
412495.0,4568615.0,2025-05-23
412505.0,4568615.0,2025-05-23
412515.0,4568615.0,2025-05-23
412525.0,4568615.0,2025-05-23
412535.0,4568615.0,2025-05-23
412545.0,4568615.0,2025-05-23
412555.0,4568615.0,2025-05-23
412565.0,4568615.0,2025-05-23
412575.0,4568615.0,2025-05-23
412585.0,4568615.0,2025-05-23
412595.0,4568615.0,2025-05-23
412605.0,4568615.0,2025-05-23
412615.0,4568615.0,2025-05-23
412625.0,4568615.0,2025-05-23
412635.0,4568615.0,2025-05-23
412645.0,4568615.0,2025-05-23
412655.0,4568615.0,2025-05-23
412665.0,4568615.0,2025-05-23
412675.0,4568615.0,2025-05-23
412685.0,4568615.0,2025-05-23
412695.0,4568615.0,2025-05-23
412705.0,4568615.0,2025-05-23
412715.0,4568615.0,2025-05-23
412725.0,4568615.0,2025-05-23
412735.0,4568615.0,2025-05-23
412745.0,4568615.0,2025-05-23
412755.0,4568615.0,2025-05-23
412765.0,4568615.0,2025-05-23
412775.0,4568615.0,2025-05-23
412785.0,4568615.0,2025-05-23
412795.0,4568615.0,2025-05-23
412805.0,4568615.0,2025-05-23
412815.0,4568615.0,2025-05-23
412825.0,4568615.0,2025-05-23
412835.0,4568615.0,2025-05-23
412845.0,4568615.0,2025-05-23
412855.0,4568615.0,2025-05-23
412865.0,4568615.0,2025-05-23
412875.0,4568615.0,2025-05-23
412885.0,4568615.0,2025-05-23
412895.0,4568615.0,2025-05-23
412905.0,4568615.0,2025-05-23
412915.0,4568615.0,2025-05-23
412925.0,4568615.0,2025-05-23
412935.0,4568615.0,2025-05-23
412945.0,4568615.0,2025-05-23
412955.0,4568615.0,2025-05-23
412965.0,4568615.0,2025-05-23
412975.0,4568615.0,2025-05-23
412985.0,4568615.0,2025-05-23
412995.0,4568615.0,2025-05-23
413005.0,4568615.0,2025-05-23
413015.0,4568615.0,2025-05-23
413025.0,4568615.0,2025-05-23
413035.0,4568615.0,2025-05-23
413045.0,4568615.0,2025-05-23
413055.0,4568615.0,2025-05-23
413065.0,4568615.0,2025-05-23
413075.0,4568615.0,2025-05-23
413085.0,4568615.0,2025-05-23
413095.0,4568615.0,2025-05-23
413105.0,4568615.0,2025-05-23
413115.0,4568615.0,2025-05-23
413125.0,4568615.0,2025-05-23
413135.0,4568615.0,2025-05-23
413145.0,4568615.0,2025-05-23
413155.0,4568615.0,2025-05-23
413165.0,4568615.0,2025-05-23
413175.0,4568615.0,2025-05-23
413185.0,4568615.0,2025-05-23
413195.0,4568615.0,2025-05-23
413205.0,4568615.0,2025-05-23
413215.0,4568615.0,2025-05-23
413225.0,4568615.0,2025-05-23
413235.0,4568615.0,2025-05-23
413245.0,4568615.0,2025-05-23
413255.0,4568615.0,2025-05-23
413265.0,4568615.0,2025-05-23
413275.0,4568615.0,2025-05-23
413285.0,4568615.0,2025-05-23
413295.0,4568615.0,2025-05-23
413305.0,4568615.0,2025-05-23
413315.0,4568615.0,2025-05-23
413325.0,4568615.0,2025-05-23
413335.0,4568615.0,2025-05-23
413345.0,4568615.0,2025-05-23
413355.0,4568615.0,2025-05-23
413365.0,4568615.0,2025-05-23
413375.0,4568615.0,2025-05-23
413385.0,4568615.0,2025-05-23
413395.0,4568615.0,2025-05-23
413405.0,4568615.0,2025-05-23
413415.0,4568615.0,2025-05-23
413425.0,4568615.0,2025-05-23
413435.0,4568615.0,2025-05-23
413445.0,4568615.0,2025-05-23
413455.0,4568615.0,2025-05-23
413465.0,4568615.0,2025-05-23
413475.0,4568615.0,2025-05-23
413485.0,4568615.0,2025-05-23
413495.0,4568615.0,2025-05-23
413505.0,4568615.0,2025-05-23
413515.0,4568615.0,2025-05-23
413525.0,4568615.0,2025-05-23
413535.0,4568615.0,2025-05-23
413545.0,4568615.0,2025-05-23
413555.0,4568615.0,2025-05-23
413565.0,4568615.0,2025-05-23
413575.0,4568615.0,2025-05-23
413585.0,4568615.0,2025-05-23
413595.0,4568615.0,2025-05-23
413605.0,4568615.0,2025-05-23
413615.0,4568615.0,2025-05-23
413625.0,4568615.0,2025-05-23
413635.0,4568615.0,2025-05-23
413645.0,4568615.0,2025-05-23
413655.0,4568615.0,2025-05-23
413665.0,4568615.0,2025-05-23
413675.0,4568615.0,2025-05-23
413685.0,4568615.0,2025-05-23
413695.0,4568615.0,2025-05-23
413705.0,4568615.0,2025-05-23
413715.0,4568615.0,2025-05-23
413725.0,4568615.0,2025-05-23
413735.0,4568615.0,2025-05-23
413745.0,4568615.0,2025-05-23
413755.0,4568615.0,2025-05-23
413765.0,4568615.0,2025-05-23
413775.0,4568615.0,2025-05-23
413785.0,4568615.0,2025-05-23
413795.0,4568615.0,2025-05-23
413805.0,4568615.0,2025-05-23
413815.0,4568615.0,2025-05-23
413825.0,4568615.0,2025-05-23
413835.0,4568615.0,2025-05-23
413845.0,4568615.0,2025-05-23
413855.0,4568615.0,2025-05-23
413865.0,4568615.0,2025-05-23
413875.0,4568615.0,2025-05-23
413885.0,4568615.0,2025-05-23
413895.0,4568615.0,2025-05-23
413905.0,4568615.0,2025-05-23
413915.0,4568615.0,2025-05-23
413925.0,4568615.0,2025-05-23
413935.0,4568615.0,2025-05-23
411745.0,4568605.0,2025-05-23
411755.0,4568605.0,2025-05-23
411765.0,4568605.0,2025-05-23
411775.0,4568605.0,2025-05-23
411785.0,4568605.0,2025-05-23
411795.0,4568605.0,2025-05-23
411805.0,4568605.0,2025-05-23
411815.0,4568605.0,2025-05-23
411825.0,4568605.0,2025-05-23
411835.0,4568605.0,2025-05-23
411845.0,4568605.0,2025-05-23
411855.0,4568605.0,2025-05-23
411865.0,4568605.0,2025-05-23
411875.0,4568605.0,2025-05-23
411885.0,4568605.0,2025-05-23
411895.0,4568605.0,2025-05-23
411905.0,4568605.0,2025-05-23
411915.0,4568605.0,2025-05-23
411925.0,4568605.0,2025-05-23
411935.0,4568605.0,2025-05-23
411945.0,4568605.0,2025-05-23
411955.0,4568605.0,2025-05-23
411965.0,4568605.0,2025-05-23
411975.0,4568605.0,2025-05-23
411985.0,4568605.0,2025-05-23
411995.0,4568605.0,2025-05-23
412005.0,4568605.0,2025-05-23
412015.0,4568605.0,2025-05-23
412025.0,4568605.0,2025-05-23
412035.0,4568605.0,2025-05-23
412045.0,4568605.0,2025-05-23
412055.0,4568605.0,2025-05-23
412065.0,4568605.0,2025-05-23
412075.0,4568605.0,2025-05-23
412085.0,4568605.0,2025-05-23
412095.0,4568605.0,2025-05-23
412105.0,4568605.0,2025-05-23
412115.0,4568605.0,2025-05-23
412125.0,4568605.0,2025-05-23
412135.0,4568605.0,2025-05-23
412145.0,4568605.0,2025-05-23
412155.0,4568605.0,2025-05-23
412165.0,4568605.0,2025-05-23
412175.0,4568605.0,2025-05-23
412185.0,4568605.0,2025-05-23
412195.0,4568605.0,2025-05-23
412205.0,4568605.0,2025-05-23
412215.0,4568605.0,2025-05-23
412225.0,4568605.0,2025-05-23
412235.0,4568605.0,2025-05-23
412245.0,4568605.0,2025-05-23
412255.0,4568605.0,2025-05-23
412265.0,4568605.0,2025-05-23
412275.0,4568605.0,2025-05-23
412285.0,4568605.0,2025-05-23
412295.0,4568605.0,2025-05-23
412305.0,4568605.0,2025-05-23
412315.0,4568605.0,2025-05-23
412325.0,4568605.0,2025-05-23
412335.0,4568605.0,2025-05-23
412345.0,4568605.0,2025-05-23
412355.0,4568605.0,2025-05-23
412365.0,4568605.0,2025-05-23
412375.0,4568605.0,2025-05-23
412385.0,4568605.0,2025-05-23
412395.0,4568605.0,2025-05-23
412405.0,4568605.0,2025-05-23
412415.0,4568605.0,2025-05-23
412425.0,4568605.0,2025-05-23
412435.0,4568605.0,2025-05-23
412445.0,4568605.0,2025-05-23
412455.0,4568605.0,2025-05-23
412465.0,4568605.0,2025-05-23
412475.0,4568605.0,2025-05-23
412485.0,4568605.0,2025-05-23
412495.0,4568605.0,2025-05-23
412505.0,4568605.0,2025-05-23
412515.0,4568605.0,2025-05-23
412525.0,4568605.0,2025-05-23
412535.0,4568605.0,2025-05-23
412545.0,4568605.0,2025-05-23
412555.0,4568605.0,2025-05-23
412565.0,4568605.0,2025-05-23
412575.0,4568605.0,2025-05-23
412585.0,4568605.0,2025-05-23
412595.0,4568605.0,2025-05-23
412605.0,4568605.0,2025-05-23
412615.0,4568605.0,2025-05-23
412625.0,4568605.0,2025-05-23
412635.0,4568605.0,2025-05-23
412645.0,4568605.0,2025-05-23
412655.0,4568605.0,2025-05-23
412665.0,4568605.0,2025-05-23
412675.0,4568605.0,2025-05-23
412685.0,4568605.0,2025-05-23
412695.0,4568605.0,2025-05-23
412705.0,4568605.0,2025-05-23
412715.0,4568605.0,2025-05-23
412725.0,4568605.0,2025-05-23
412735.0,4568605.0,2025-05-23
412745.0,4568605.0,2025-05-23
412755.0,4568605.0,2025-05-23
412765.0,4568605.0,2025-05-23
412775.0,4568605.0,2025-05-23
412785.0,4568605.0,2025-05-23
412795.0,4568605.0,2025-05-23
412805.0,4568605.0,2025-05-23
412815.0,4568605.0,2025-05-23
412825.0,4568605.0,2025-05-23
412835.0,4568605.0,2025-05-23
412845.0,4568605.0,2025-05-23
412855.0,4568605.0,2025-05-23
412865.0,4568605.0,2025-05-23
412875.0,4568605.0,2025-05-23
412885.0,4568605.0,2025-05-23
412895.0,4568605.0,2025-05-23
412905.0,4568605.0,2025-05-23
412915.0,4568605.0,2025-05-23
412925.0,4568605.0,2025-05-23
412935.0,4568605.0,2025-05-23
412945.0,4568605.0,2025-05-23
412955.0,4568605.0,2025-05-23
412965.0,4568605.0,2025-05-23
412975.0,4568605.0,2025-05-23
412985.0,4568605.0,2025-05-23
412995.0,4568605.0,2025-05-23
413005.0,4568605.0,2025-05-23
413015.0,4568605.0,2025-05-23
413025.0,4568605.0,2025-05-23
413035.0,4568605.0,2025-05-23
413045.0,4568605.0,2025-05-23
413055.0,4568605.0,2025-05-23
413065.0,4568605.0,2025-05-23
413075.0,4568605.0,2025-05-23
413085.0,4568605.0,2025-05-23
413095.0,4568605.0,2025-05-23
413105.0,4568605.0,2025-05-23
413115.0,4568605.0,2025-05-23
413125.0,4568605.0,2025-05-23
413135.0,4568605.0,2025-05-23
413145.0,4568605.0,2025-05-23
413155.0,4568605.0,2025-05-23
413165.0,4568605.0,2025-05-23
413175.0,4568605.0,2025-05-23
413185.0,4568605.0,2025-05-23
413195.0,4568605.0,2025-05-23
413205.0,4568605.0,2025-05-23
413215.0,4568605.0,2025-05-23
413225.0,4568605.0,2025-05-23
413235.0,4568605.0,2025-05-23
413245.0,4568605.0,2025-05-23
413255.0,4568605.0,2025-05-23
413265.0,4568605.0,2025-05-23
413275.0,4568605.0,2025-05-23
413285.0,4568605.0,2025-05-23
413295.0,4568605.0,2025-05-23
413305.0,4568605.0,2025-05-23
413315.0,4568605.0,2025-05-23
413325.0,4568605.0,2025-05-23
413335.0,4568605.0,2025-05-23
413345.0,4568605.0,2025-05-23
413355.0,4568605.0,2025-05-23
413365.0,4568605.0,2025-05-23
413375.0,4568605.0,2025-05-23
413385.0,4568605.0,2025-05-23
413395.0,4568605.0,2025-05-23
413405.0,4568605.0,2025-05-23
413415.0,4568605.0,2025-05-23
413425.0,4568605.0,2025-05-23
413435.0,4568605.0,2025-05-23
413445.0,4568605.0,2025-05-23
413455.0,4568605.0,2025-05-23
413465.0,4568605.0,2025-05-23
413475.0,4568605.0,2025-05-23
413485.0,4568605.0,2025-05-23
413495.0,4568605.0,2025-05-23
413505.0,4568605.0,2025-05-23
413515.0,4568605.0,2025-05-23
413525.0,4568605.0,2025-05-23
413535.0,4568605.0,2025-05-23
413545.0,4568605.0,2025-05-23
413555.0,4568605.0,2025-05-23
413565.0,4568605.0,2025-05-23
413575.0,4568605.0,2025-05-23
413585.0,4568605.0,2025-05-23
413595.0,4568605.0,2025-05-23
413605.0,4568605.0,2025-05-23
413615.0,4568605.0,2025-05-23
413625.0,4568605.0,2025-05-23
413635.0,4568605.0,2025-05-23
413645.0,4568605.0,2025-05-23
413655.0,4568605.0,2025-05-23
413665.0,4568605.0,2025-05-23
413675.0,4568605.0,2025-05-23
413685.0,4568605.0,2025-05-23
413695.0,4568605.0,2025-05-23
413705.0,4568605.0,2025-05-23
413715.0,4568605.0,2025-05-23
413725.0,4568605.0,2025-05-23
413735.0,4568605.0,2025-05-23
413745.0,4568605.0,2025-05-23
413755.0,4568605.0,2025-05-23
413765.0,4568605.0,2025-05-23
413775.0,4568605.0,2025-05-23
413785.0,4568605.0,2025-05-23
413795.0,4568605.0,2025-05-23
413805.0,4568605.0,2025-05-23
413815.0,4568605.0,2025-05-23
413825.0,4568605.0,2025-05-23
413835.0,4568605.0,2025-05-23
413845.0,4568605.0,2025-05-23
413855.0,4568605.0,2025-05-23
413865.0,4568605.0,2025-05-23
413875.0,4568605.0,2025-05-23
413885.0,4568605.0,2025-05-23
413895.0,4568605.0,2025-05-23
413905.0,4568605.0,2025-05-23
413915.0,4568605.0,2025-05-23
413925.0,4568605.0,2025-05-23
413935.0,4568605.0,2025-05-23
413945.0,4568605.0,2025-05-23
413955.0,4568605.0,2025-05-23
413965.0,4568605.0,2025-05-23
413975.0,4568605.0,2025-05-23
413985.0,4568605.0,2025-05-23
413995.0,4568605.0,2025-05-23
414005.0,4568605.0,2025-05-23
414015.0,4568605.0,2025-05-23
414025.0,4568605.0,2025-05-23
414035.0,4568605.0,2025-05-23
414045.0,4568605.0,2025-05-23
414055.0,4568605.0,2025-05-23
414065.0,4568605.0,2025-05-23
414075.0,4568605.0,2025-05-23
414085.0,4568605.0,2025-05-23
414095.0,4568605.0,2025-05-23
414105.0,4568605.0,2025-05-23
414115.0,4568605.0,2025-05-23
414125.0,4568605.0,2025-05-23
414135.0,4568605.0,2025-05-23
414145.0,4568605.0,2025-05-23
414155.0,4568605.0,2025-05-23
414165.0,4568605.0,2025-05-23
414175.0,4568605.0,2025-05-23
414185.0,4568605.0,2025-05-23
414195.0,4568605.0,2025-05-23
414205.0,4568605.0,2025-05-23
414215.0,4568605.0,2025-05-23
414225.0,4568605.0,2025-05-23
414235.0,4568605.0,2025-05-23
414245.0,4568605.0,2025-05-23
414255.0,4568605.0,2025-05-23
414265.0,4568605.0,2025-05-23
414275.0,4568605.0,2025-05-23
414285.0,4568605.0,2025-05-23
414295.0,4568605.0,2025-05-23
414305.0,4568605.0,2025-05-23
414315.0,4568605.0,2025-05-23
414325.0,4568605.0,2025-05-23
414335.0,4568605.0,2025-05-23
414345.0,4568605.0,2025-05-23
414355.0,4568605.0,2025-05-23
414365.0,4568605.0,2025-05-23
414375.0,4568605.0,2025-05-23
414385.0,4568605.0,2025-05-23
414395.0,4568605.0,2025-05-23
414405.0,4568605.0,2025-05-23
414415.0,4568605.0,2025-05-23
414425.0,4568605.0,2025-05-23
414435.0,4568605.0,2025-05-23
414445.0,4568605.0,2025-05-23
414455.0,4568605.0,2025-05-23
414465.0,4568605.0,2025-05-23
414475.0,4568605.0,2025-05-23
414485.0,4568605.0,2025-05-23
414495.0,4568605.0,2025-05-23
414505.0,4568605.0,2025-05-23
414515.0,4568605.0,2025-05-23
414525.0,4568605.0,2025-05-23
414535.0,4568605.0,2025-05-23
414545.0,4568605.0,2025-05-23
414555.0,4568605.0,2025-05-23
414565.0,4568605.0,2025-05-23
414575.0,4568605.0,2025-05-23
414585.0,4568605.0,2025-05-23
414595.0,4568605.0,2025-05-23
414605.0,4568605.0,2025-05-23
414615.0,4568605.0,2025-05-23
414625.0,4568605.0,2025-05-23
414635.0,4568605.0,2025-05-23
414645.0,4568605.0,2025-05-23
414655.0,4568605.0,2025-05-23
414665.0,4568605.0,2025-05-23
414675.0,4568605.0,2025-05-23
414685.0,4568605.0,2025-05-23
414695.0,4568605.0,2025-05-23
414705.0,4568605.0,2025-05-23
414715.0,4568605.0,2025-05-23
414725.0,4568605.0,2025-05-23
414735.0,4568605.0,2025-05-23
414745.0,4568605.0,2025-05-23
414755.0,4568605.0,2025-05-23
414765.0,4568605.0,2025-05-23
414775.0,4568605.0,2025-05-23
414785.0,4568605.0,2025-05-23
411745.0,4568595.0,2025-05-23
411755.0,4568595.0,2025-05-23
411765.0,4568595.0,2025-05-23
411775.0,4568595.0,2025-05-23
411785.0,4568595.0,2025-05-23
411795.0,4568595.0,2025-05-23
411805.0,4568595.0,2025-05-23
411815.0,4568595.0,2025-05-23
411825.0,4568595.0,2025-05-23
411835.0,4568595.0,2025-05-23
411845.0,4568595.0,2025-05-23
411855.0,4568595.0,2025-05-23
411865.0,4568595.0,2025-05-23
411875.0,4568595.0,2025-05-23
411885.0,4568595.0,2025-05-23
411895.0,4568595.0,2025-05-23
411905.0,4568595.0,2025-05-23
411915.0,4568595.0,2025-05-23
411925.0,4568595.0,2025-05-23
411935.0,4568595.0,2025-05-23
411945.0,4568595.0,2025-05-23
411955.0,4568595.0,2025-05-23
411965.0,4568595.0,2025-05-23
411975.0,4568595.0,2025-05-23
411985.0,4568595.0,2025-05-23
411995.0,4568595.0,2025-05-23
412005.0,4568595.0,2025-05-23
412015.0,4568595.0,2025-05-23
412025.0,4568595.0,2025-05-23
412035.0,4568595.0,2025-05-23
412045.0,4568595.0,2025-05-23
412055.0,4568595.0,2025-05-23
412065.0,4568595.0,2025-05-23
412075.0,4568595.0,2025-05-23
412085.0,4568595.0,2025-05-23
412095.0,4568595.0,2025-05-23
412105.0,4568595.0,2025-05-23
412115.0,4568595.0,2025-05-23
412125.0,4568595.0,2025-05-23
412135.0,4568595.0,2025-05-23
412145.0,4568595.0,2025-05-23
412155.0,4568595.0,2025-05-23
412165.0,4568595.0,2025-05-23
412175.0,4568595.0,2025-05-23
412185.0,4568595.0,2025-05-23
412195.0,4568595.0,2025-05-23
412205.0,4568595.0,2025-05-23
412215.0,4568595.0,2025-05-23
412225.0,4568595.0,2025-05-23
412235.0,4568595.0,2025-05-23
412245.0,4568595.0,2025-05-23
412255.0,4568595.0,2025-05-23
412265.0,4568595.0,2025-05-23
412275.0,4568595.0,2025-05-23
412285.0,4568595.0,2025-05-23
412295.0,4568595.0,2025-05-23
412305.0,4568595.0,2025-05-23
412315.0,4568595.0,2025-05-23
412325.0,4568595.0,2025-05-23
412335.0,4568595.0,2025-05-23
412345.0,4568595.0,2025-05-23
412355.0,4568595.0,2025-05-23
412365.0,4568595.0,2025-05-23
412375.0,4568595.0,2025-05-23
412385.0,4568595.0,2025-05-23
412395.0,4568595.0,2025-05-23
412405.0,4568595.0,2025-05-23
412415.0,4568595.0,2025-05-23
412425.0,4568595.0,2025-05-23
412435.0,4568595.0,2025-05-23
412445.0,4568595.0,2025-05-23
412455.0,4568595.0,2025-05-23
412465.0,4568595.0,2025-05-23
412475.0,4568595.0,2025-05-23
412485.0,4568595.0,2025-05-23
412495.0,4568595.0,2025-05-23
412505.0,4568595.0,2025-05-23
412515.0,4568595.0,2025-05-23
412525.0,4568595.0,2025-05-23
412535.0,4568595.0,2025-05-23
412545.0,4568595.0,2025-05-23
412555.0,4568595.0,2025-05-23
412565.0,4568595.0,2025-05-23
412575.0,4568595.0,2025-05-23
412585.0,4568595.0,2025-05-23
412595.0,4568595.0,2025-05-23
412605.0,4568595.0,2025-05-23
412615.0,4568595.0,2025-05-23
412625.0,4568595.0,2025-05-23
412635.0,4568595.0,2025-05-23
412645.0,4568595.0,2025-05-23
412655.0,4568595.0,2025-05-23
412665.0,4568595.0,2025-05-23
412675.0,4568595.0,2025-05-23
412685.0,4568595.0,2025-05-23
412695.0,4568595.0,2025-05-23
412705.0,4568595.0,2025-05-23
412715.0,4568595.0,2025-05-23
412725.0,4568595.0,2025-05-23
412735.0,4568595.0,2025-05-23
412745.0,4568595.0,2025-05-23
412755.0,4568595.0,2025-05-23
412765.0,4568595.0,2025-05-23
412775.0,4568595.0,2025-05-23
412785.0,4568595.0,2025-05-23
412795.0,4568595.0,2025-05-23
412805.0,4568595.0,2025-05-23
412815.0,4568595.0,2025-05-23
412825.0,4568595.0,2025-05-23
412835.0,4568595.0,2025-05-23
412845.0,4568595.0,2025-05-23
412855.0,4568595.0,2025-05-23
412865.0,4568595.0,2025-05-23
412875.0,4568595.0,2025-05-23
412885.0,4568595.0,2025-05-23
412895.0,4568595.0,2025-05-23
412905.0,4568595.0,2025-05-23
412915.0,4568595.0,2025-05-23
412925.0,4568595.0,2025-05-23
412935.0,4568595.0,2025-05-23
412945.0,4568595.0,2025-05-23
412955.0,4568595.0,2025-05-23
412965.0,4568595.0,2025-05-23
412975.0,4568595.0,2025-05-23
412985.0,4568595.0,2025-05-23
412995.0,4568595.0,2025-05-23
413005.0,4568595.0,2025-05-23
413015.0,4568595.0,2025-05-23
413025.0,4568595.0,2025-05-23
413035.0,4568595.0,2025-05-23
413045.0,4568595.0,2025-05-23
413055.0,4568595.0,2025-05-23
413065.0,4568595.0,2025-05-23
413075.0,4568595.0,2025-05-23
413085.0,4568595.0,2025-05-23
413095.0,4568595.0,2025-05-23
413105.0,4568595.0,2025-05-23
413115.0,4568595.0,2025-05-23
413125.0,4568595.0,2025-05-23
413135.0,4568595.0,2025-05-23
413145.0,4568595.0,2025-05-23
413155.0,4568595.0,2025-05-23
413165.0,4568595.0,2025-05-23
413175.0,4568595.0,2025-05-23
413185.0,4568595.0,2025-05-23
413195.0,4568595.0,2025-05-23
413205.0,4568595.0,2025-05-23
413215.0,4568595.0,2025-05-23
413225.0,4568595.0,2025-05-23
413235.0,4568595.0,2025-05-23
413245.0,4568595.0,2025-05-23
413255.0,4568595.0,2025-05-23
413265.0,4568595.0,2025-05-23
413275.0,4568595.0,2025-05-23
413285.0,4568595.0,2025-05-23
413295.0,4568595.0,2025-05-23
413305.0,4568595.0,2025-05-23
413315.0,4568595.0,2025-05-23
413325.0,4568595.0,2025-05-23
413335.0,4568595.0,2025-05-23
413345.0,4568595.0,2025-05-23
413355.0,4568595.0,2025-05-23
413365.0,4568595.0,2025-05-23
413375.0,4568595.0,2025-05-23
413385.0,4568595.0,2025-05-23
413395.0,4568595.0,2025-05-23
413405.0,4568595.0,2025-05-23
413415.0,4568595.0,2025-05-23
413425.0,4568595.0,2025-05-23
413435.0,4568595.0,2025-05-23
413445.0,4568595.0,2025-05-23
413455.0,4568595.0,2025-05-23
413465.0,4568595.0,2025-05-23
413475.0,4568595.0,2025-05-23
413485.0,4568595.0,2025-05-23
413495.0,4568595.0,2025-05-23
413505.0,4568595.0,2025-05-23
413515.0,4568595.0,2025-05-23
413525.0,4568595.0,2025-05-23
413535.0,4568595.0,2025-05-23
413545.0,4568595.0,2025-05-23
413555.0,4568595.0,2025-05-23
413565.0,4568595.0,2025-05-23
413575.0,4568595.0,2025-05-23
413585.0,4568595.0,2025-05-23
413595.0,4568595.0,2025-05-23
413605.0,4568595.0,2025-05-23
413615.0,4568595.0,2025-05-23
413625.0,4568595.0,2025-05-23
413635.0,4568595.0,2025-05-23
413645.0,4568595.0,2025-05-23
413655.0,4568595.0,2025-05-23
413665.0,4568595.0,2025-05-23
413675.0,4568595.0,2025-05-23
413685.0,4568595.0,2025-05-23
413695.0,4568595.0,2025-05-23
413705.0,4568595.0,2025-05-23
413715.0,4568595.0,2025-05-23
413725.0,4568595.0,2025-05-23
413735.0,4568595.0,2025-05-23
413745.0,4568595.0,2025-05-23
413755.0,4568595.0,2025-05-23
413765.0,4568595.0,2025-05-23
413775.0,4568595.0,2025-05-23
413785.0,4568595.0,2025-05-23
413795.0,4568595.0,2025-05-23
413805.0,4568595.0,2025-05-23
413815.0,4568595.0,2025-05-23
413825.0,4568595.0,2025-05-23
413835.0,4568595.0,2025-05-23
413845.0,4568595.0,2025-05-23
413855.0,4568595.0,2025-05-23
413865.0,4568595.0,2025-05-23
413875.0,4568595.0,2025-05-23
413885.0,4568595.0,2025-05-23
413895.0,4568595.0,2025-05-23
413905.0,4568595.0,2025-05-23
413915.0,4568595.0,2025-05-23
413925.0,4568595.0,2025-05-23
413935.0,4568595.0,2025-05-23
413945.0,4568595.0,2025-05-23
413955.0,4568595.0,2025-05-23
413965.0,4568595.0,2025-05-23
413975.0,4568595.0,2025-05-23
413985.0,4568595.0,2025-05-23
413995.0,4568595.0,2025-05-23
414005.0,4568595.0,2025-05-23
414015.0,4568595.0,2025-05-23
414025.0,4568595.0,2025-05-23
414035.0,4568595.0,2025-05-23
414045.0,4568595.0,2025-05-23
414055.0,4568595.0,2025-05-23
414065.0,4568595.0,2025-05-23
414075.0,4568595.0,2025-05-23
414085.0,4568595.0,2025-05-23
414095.0,4568595.0,2025-05-23
414105.0,4568595.0,2025-05-23
414115.0,4568595.0,2025-05-23
414125.0,4568595.0,2025-05-23
414135.0,4568595.0,2025-05-23
414145.0,4568595.0,2025-05-23
414155.0,4568595.0,2025-05-23
414165.0,4568595.0,2025-05-23
414175.0,4568595.0,2025-05-23
414185.0,4568595.0,2025-05-23
414195.0,4568595.0,2025-05-23
414205.0,4568595.0,2025-05-23
414215.0,4568595.0,2025-05-23
414225.0,4568595.0,2025-05-23
414235.0,4568595.0,2025-05-23
414245.0,4568595.0,2025-05-23
414255.0,4568595.0,2025-05-23
414265.0,4568595.0,2025-05-23
414275.0,4568595.0,2025-05-23
414285.0,4568595.0,2025-05-23
414295.0,4568595.0,2025-05-23
414305.0,4568595.0,2025-05-23
414315.0,4568595.0,2025-05-23
414325.0,4568595.0,2025-05-23
414335.0,4568595.0,2025-05-23
414345.0,4568595.0,2025-05-23
414355.0,4568595.0,2025-05-23
414365.0,4568595.0,2025-05-23
414375.0,4568595.0,2025-05-23
414385.0,4568595.0,2025-05-23
414395.0,4568595.0,2025-05-23
414405.0,4568595.0,2025-05-23
414415.0,4568595.0,2025-05-23
414425.0,4568595.0,2025-05-23
414435.0,4568595.0,2025-05-23
414445.0,4568595.0,2025-05-23
414455.0,4568595.0,2025-05-23
414465.0,4568595.0,2025-05-23
414475.0,4568595.0,2025-05-23
414485.0,4568595.0,2025-05-23
414495.0,4568595.0,2025-05-23
414505.0,4568595.0,2025-05-23
414515.0,4568595.0,2025-05-23
414525.0,4568595.0,2025-05-23
414535.0,4568595.0,2025-05-23
414545.0,4568595.0,2025-05-23
414555.0,4568595.0,2025-05-23
414565.0,4568595.0,2025-05-23
414575.0,4568595.0,2025-05-23
414585.0,4568595.0,2025-05-23
414595.0,4568595.0,2025-05-23
414605.0,4568595.0,2025-05-23
414615.0,4568595.0,2025-05-23
414625.0,4568595.0,2025-05-23
414635.0,4568595.0,2025-05-23
414645.0,4568595.0,2025-05-23
414655.0,4568595.0,2025-05-23
414665.0,4568595.0,2025-05-23
414675.0,4568595.0,2025-05-23
414685.0,4568595.0,2025-05-23
414695.0,4568595.0,2025-05-23
414705.0,4568595.0,2025-05-23
414715.0,4568595.0,2025-05-23
414725.0,4568595.0,2025-05-23
414735.0,4568595.0,2025-05-23
414745.0,4568595.0,2025-05-23
414755.0,4568595.0,2025-05-23
414765.0,4568595.0,2025-05-23
414775.0,4568595.0,2025-05-23
414785.0,4568595.0,2025-05-23
414795.0,4568595.0,2025-05-23
414805.0,4568595.0,2025-05-23
414815.0,4568595.0,2025-05-23
414825.0,4568595.0,2025-05-23
414835.0,4568595.0,2025-05-23
414845.0,4568595.0,2025-05-23
414855.0,4568595.0,2025-05-23
414865.0,4568595.0,2025-05-23
414875.0,4568595.0,2025-05-23
414885.0,4568595.0,2025-05-23
414895.0,4568595.0,2025-05-23
414905.0,4568595.0,2025-05-23
414915.0,4568595.0,2025-05-23
414925.0,4568595.0,2025-05-23
414935.0,4568595.0,2025-05-23
414945.0,4568595.0,2025-05-23
414955.0,4568595.0,2025-05-23
414965.0,4568595.0,2025-05-23
414975.0,4568595.0,2025-05-23
414985.0,4568595.0,2025-05-23
414995.0,4568595.0,2025-05-23
415005.0,4568595.0,2025-05-23
415015.0,4568595.0,2025-05-23
415025.0,4568595.0,2025-05-23
415035.0,4568595.0,2025-05-23
415045.0,4568595.0,2025-05-23
415055.0,4568595.0,2025-05-23
415065.0,4568595.0,2025-05-23
415075.0,4568595.0,2025-05-23
415085.0,4568595.0,2025-05-23
415095.0,4568595.0,2025-05-23
415105.0,4568595.0,2025-05-23
415115.0,4568595.0,2025-05-23
415125.0,4568595.0,2025-05-23
415135.0,4568595.0,2025-05-23
415145.0,4568595.0,2025-05-23
415155.0,4568595.0,2025-05-23
415165.0,4568595.0,2025-05-23
415175.0,4568595.0,2025-05-23
415185.0,4568595.0,2025-05-23
415195.0,4568595.0,2025-05-23
415205.0,4568595.0,2025-05-23
415215.0,4568595.0,2025-05-23
415225.0,4568595.0,2025-05-23
415235.0,4568595.0,2025-05-23
415245.0,4568595.0,2025-05-23
415255.0,4568595.0,2025-05-23
415265.0,4568595.0,2025-05-23
415275.0,4568595.0,2025-05-23
415285.0,4568595.0,2025-05-23
415295.0,4568595.0,2025-05-23
415305.0,4568595.0,2025-05-23
415315.0,4568595.0,2025-05-23
415325.0,4568595.0,2025-05-23
415335.0,4568595.0,2025-05-23
415345.0,4568595.0,2025-05-23
415355.0,4568595.0,2025-05-23
415365.0,4568595.0,2025-05-23
415375.0,4568595.0,2025-05-23
415385.0,4568595.0,2025-05-23
415395.0,4568595.0,2025-05-23
415405.0,4568595.0,2025-05-23
415415.0,4568595.0,2025-05-23
415425.0,4568595.0,2025-05-23
415435.0,4568595.0,2025-05-23
415445.0,4568595.0,2025-05-23
415455.0,4568595.0,2025-05-23
415465.0,4568595.0,2025-05-23
415475.0,4568595.0,2025-05-23
415485.0,4568595.0,2025-05-23
415495.0,4568595.0,2025-05-23
415505.0,4568595.0,2025-05-23
415515.0,4568595.0,2025-05-23
415525.0,4568595.0,2025-05-23
415535.0,4568595.0,2025-05-23
415545.0,4568595.0,2025-05-23
415555.0,4568595.0,2025-05-23
415565.0,4568595.0,2025-05-23
415575.0,4568595.0,2025-05-23
415585.0,4568595.0,2025-05-23
415595.0,4568595.0,2025-05-23
415605.0,4568595.0,2025-05-23
415615.0,4568595.0,2025-05-23
415625.0,4568595.0,2025-05-23
415635.0,4568595.0,2025-05-23
411745.0,4568585.0,2025-05-23
411755.0,4568585.0,2025-05-23
411765.0,4568585.0,2025-05-23
411775.0,4568585.0,2025-05-23
411785.0,4568585.0,2025-05-23
411795.0,4568585.0,2025-05-23
411805.0,4568585.0,2025-05-23
411815.0,4568585.0,2025-05-23
411825.0,4568585.0,2025-05-23
411835.0,4568585.0,2025-05-23
411845.0,4568585.0,2025-05-23
411855.0,4568585.0,2025-05-23
411865.0,4568585.0,2025-05-23
411875.0,4568585.0,2025-05-23
411885.0,4568585.0,2025-05-23
411895.0,4568585.0,2025-05-23
411905.0,4568585.0,2025-05-23
411915.0,4568585.0,2025-05-23
411925.0,4568585.0,2025-05-23
411935.0,4568585.0,2025-05-23
411945.0,4568585.0,2025-05-23
411955.0,4568585.0,2025-05-23
411965.0,4568585.0,2025-05-23
411975.0,4568585.0,2025-05-23
411985.0,4568585.0,2025-05-23
411995.0,4568585.0,2025-05-23
412005.0,4568585.0,2025-05-23
412015.0,4568585.0,2025-05-23
412025.0,4568585.0,2025-05-23
412035.0,4568585.0,2025-05-23
412045.0,4568585.0,2025-05-23
412055.0,4568585.0,2025-05-23
412065.0,4568585.0,2025-05-23
412075.0,4568585.0,2025-05-23
412085.0,4568585.0,2025-05-23
412095.0,4568585.0,2025-05-23
412105.0,4568585.0,2025-05-23
412115.0,4568585.0,2025-05-23
412125.0,4568585.0,2025-05-23
412135.0,4568585.0,2025-05-23
412145.0,4568585.0,2025-05-23
412155.0,4568585.0,2025-05-23
412165.0,4568585.0,2025-05-23
412175.0,4568585.0,2025-05-23
412185.0,4568585.0,2025-05-23
412195.0,4568585.0,2025-05-23
412205.0,4568585.0,2025-05-23
412215.0,4568585.0,2025-05-23
412225.0,4568585.0,2025-05-23
412235.0,4568585.0,2025-05-23
412245.0,4568585.0,2025-05-23
412255.0,4568585.0,2025-05-23
412265.0,4568585.0,2025-05-23
412275.0,4568585.0,2025-05-23
412285.0,4568585.0,2025-05-23
412295.0,4568585.0,2025-05-23
412305.0,4568585.0,2025-05-23
412315.0,4568585.0,2025-05-23
412325.0,4568585.0,2025-05-23
412335.0,4568585.0,2025-05-23
412345.0,4568585.0,2025-05-23
412355.0,4568585.0,2025-05-23
412365.0,4568585.0,2025-05-23
412375.0,4568585.0,2025-05-23
412385.0,4568585.0,2025-05-23
412395.0,4568585.0,2025-05-23
412405.0,4568585.0,2025-05-23
412415.0,4568585.0,2025-05-23
412425.0,4568585.0,2025-05-23
412435.0,4568585.0,2025-05-23
412445.0,4568585.0,2025-05-23
412455.0,4568585.0,2025-05-23
412465.0,4568585.0,2025-05-23
412475.0,4568585.0,2025-05-23
412485.0,4568585.0,2025-05-23
412495.0,4568585.0,2025-05-23
412505.0,4568585.0,2025-05-23
412515.0,4568585.0,2025-05-23
412525.0,4568585.0,2025-05-23
412535.0,4568585.0,2025-05-23
412545.0,4568585.0,2025-05-23
412555.0,4568585.0,2025-05-23
412565.0,4568585.0,2025-05-23
412575.0,4568585.0,2025-05-23
412585.0,4568585.0,2025-05-23
412595.0,4568585.0,2025-05-23
412605.0,4568585.0,2025-05-23
412615.0,4568585.0,2025-05-23
412625.0,4568585.0,2025-05-23
412635.0,4568585.0,2025-05-23
412645.0,4568585.0,2025-05-23
412655.0,4568585.0,2025-05-23
412665.0,4568585.0,2025-05-23
412675.0,4568585.0,2025-05-23
412685.0,4568585.0,2025-05-23
412695.0,4568585.0,2025-05-23
412705.0,4568585.0,2025-05-23
412715.0,4568585.0,2025-05-23
412725.0,4568585.0,2025-05-23
412735.0,4568585.0,2025-05-23
412745.0,4568585.0,2025-05-23
412755.0,4568585.0,2025-05-23
412765.0,4568585.0,2025-05-23
412775.0,4568585.0,2025-05-23
412785.0,4568585.0,2025-05-23
412795.0,4568585.0,2025-05-23
412805.0,4568585.0,2025-05-23
412815.0,4568585.0,2025-05-23
412825.0,4568585.0,2025-05-23
412835.0,4568585.0,2025-05-23
412845.0,4568585.0,2025-05-23
412855.0,4568585.0,2025-05-23
412865.0,4568585.0,2025-05-23
412875.0,4568585.0,2025-05-23
412885.0,4568585.0,2025-05-23
412895.0,4568585.0,2025-05-23
412905.0,4568585.0,2025-05-23
412915.0,4568585.0,2025-05-23
412925.0,4568585.0,2025-05-23
412935.0,4568585.0,2025-05-23
412945.0,4568585.0,2025-05-23
412955.0,4568585.0,2025-05-23
412965.0,4568585.0,2025-05-23
412975.0,4568585.0,2025-05-23
412985.0,4568585.0,2025-05-23
412995.0,4568585.0,2025-05-23
413005.0,4568585.0,2025-05-23
413015.0,4568585.0,2025-05-23
413025.0,4568585.0,2025-05-23
413035.0,4568585.0,2025-05-23
413045.0,4568585.0,2025-05-23
413055.0,4568585.0,2025-05-23
413065.0,4568585.0,2025-05-23
413075.0,4568585.0,2025-05-23
413085.0,4568585.0,2025-05-23
413095.0,4568585.0,2025-05-23
413105.0,4568585.0,2025-05-23
413115.0,4568585.0,2025-05-23
413125.0,4568585.0,2025-05-23
413135.0,4568585.0,2025-05-23
413145.0,4568585.0,2025-05-23
413155.0,4568585.0,2025-05-23
413165.0,4568585.0,2025-05-23
413175.0,4568585.0,2025-05-23
413185.0,4568585.0,2025-05-23
413195.0,4568585.0,2025-05-23
413205.0,4568585.0,2025-05-23
413215.0,4568585.0,2025-05-23
413225.0,4568585.0,2025-05-23
413235.0,4568585.0,2025-05-23
413245.0,4568585.0,2025-05-23
413255.0,4568585.0,2025-05-23
413265.0,4568585.0,2025-05-23
413275.0,4568585.0,2025-05-23
413285.0,4568585.0,2025-05-23
413295.0,4568585.0,2025-05-23
413305.0,4568585.0,2025-05-23
413315.0,4568585.0,2025-05-23
413325.0,4568585.0,2025-05-23
413335.0,4568585.0,2025-05-23
413345.0,4568585.0,2025-05-23
413355.0,4568585.0,2025-05-23
413365.0,4568585.0,2025-05-23
413375.0,4568585.0,2025-05-23
413385.0,4568585.0,2025-05-23
413395.0,4568585.0,2025-05-23
413405.0,4568585.0,2025-05-23
413415.0,4568585.0,2025-05-23
413425.0,4568585.0,2025-05-23
413435.0,4568585.0,2025-05-23
413445.0,4568585.0,2025-05-23
413455.0,4568585.0,2025-05-23
413465.0,4568585.0,2025-05-23
413475.0,4568585.0,2025-05-23
413485.0,4568585.0,2025-05-23
413495.0,4568585.0,2025-05-23
413505.0,4568585.0,2025-05-23
413515.0,4568585.0,2025-05-23
413525.0,4568585.0,2025-05-23
413535.0,4568585.0,2025-05-23
413545.0,4568585.0,2025-05-23
413555.0,4568585.0,2025-05-23
413565.0,4568585.0,2025-05-23
413575.0,4568585.0,2025-05-23
413585.0,4568585.0,2025-05-23
413595.0,4568585.0,2025-05-23
413605.0,4568585.0,2025-05-23
413615.0,4568585.0,2025-05-23
413625.0,4568585.0,2025-05-23
413635.0,4568585.0,2025-05-23
413645.0,4568585.0,2025-05-23
413655.0,4568585.0,2025-05-23
413665.0,4568585.0,2025-05-23
413675.0,4568585.0,2025-05-23
413685.0,4568585.0,2025-05-23
413695.0,4568585.0,2025-05-23
413705.0,4568585.0,2025-05-23
413715.0,4568585.0,2025-05-23
413725.0,4568585.0,2025-05-23
413735.0,4568585.0,2025-05-23
413745.0,4568585.0,2025-05-23
413755.0,4568585.0,2025-05-23
413765.0,4568585.0,2025-05-23
413775.0,4568585.0,2025-05-23
413785.0,4568585.0,2025-05-23
413795.0,4568585.0,2025-05-23
413805.0,4568585.0,2025-05-23
413815.0,4568585.0,2025-05-23
413825.0,4568585.0,2025-05-23
413835.0,4568585.0,2025-05-23
413845.0,4568585.0,2025-05-23
413855.0,4568585.0,2025-05-23
413865.0,4568585.0,2025-05-23
413875.0,4568585.0,2025-05-23
413885.0,4568585.0,2025-05-23
413895.0,4568585.0,2025-05-23
413905.0,4568585.0,2025-05-23
413915.0,4568585.0,2025-05-23
413925.0,4568585.0,2025-05-23
413935.0,4568585.0,2025-05-23
413945.0,4568585.0,2025-05-23
413955.0,4568585.0,2025-05-23
413965.0,4568585.0,2025-05-23
413975.0,4568585.0,2025-05-23
413985.0,4568585.0,2025-05-23
413995.0,4568585.0,2025-05-23
414005.0,4568585.0,2025-05-23
414015.0,4568585.0,2025-05-23
414025.0,4568585.0,2025-05-23
414035.0,4568585.0,2025-05-23
414045.0,4568585.0,2025-05-23
414055.0,4568585.0,2025-05-23
414065.0,4568585.0,2025-05-23
414075.0,4568585.0,2025-05-23
414085.0,4568585.0,2025-05-23
414095.0,4568585.0,2025-05-23
414105.0,4568585.0,2025-05-23
414115.0,4568585.0,2025-05-23
414125.0,4568585.0,2025-05-23
414135.0,4568585.0,2025-05-23
414145.0,4568585.0,2025-05-23
414155.0,4568585.0,2025-05-23
414165.0,4568585.0,2025-05-23
414175.0,4568585.0,2025-05-23
414185.0,4568585.0,2025-05-23
414195.0,4568585.0,2025-05-23
414205.0,4568585.0,2025-05-23
414215.0,4568585.0,2025-05-23
414225.0,4568585.0,2025-05-23
414235.0,4568585.0,2025-05-23
414245.0,4568585.0,2025-05-23
414255.0,4568585.0,2025-05-23
414265.0,4568585.0,2025-05-23
414275.0,4568585.0,2025-05-23
414285.0,4568585.0,2025-05-23
414295.0,4568585.0,2025-05-23
414305.0,4568585.0,2025-05-23
414315.0,4568585.0,2025-05-23
414325.0,4568585.0,2025-05-23
414335.0,4568585.0,2025-05-23
414345.0,4568585.0,2025-05-23
414355.0,4568585.0,2025-05-23
414365.0,4568585.0,2025-05-23
414375.0,4568585.0,2025-05-23
414385.0,4568585.0,2025-05-23
414395.0,4568585.0,2025-05-23
414405.0,4568585.0,2025-05-23
414415.0,4568585.0,2025-05-23
414425.0,4568585.0,2025-05-23
414435.0,4568585.0,2025-05-23
414445.0,4568585.0,2025-05-23
414455.0,4568585.0,2025-05-23
414465.0,4568585.0,2025-05-23
414475.0,4568585.0,2025-05-23
414485.0,4568585.0,2025-05-23
414495.0,4568585.0,2025-05-23
414505.0,4568585.0,2025-05-23
414515.0,4568585.0,2025-05-23
414525.0,4568585.0,2025-05-23
414535.0,4568585.0,2025-05-23
414545.0,4568585.0,2025-05-23
414555.0,4568585.0,2025-05-23
414565.0,4568585.0,2025-05-23
414575.0,4568585.0,2025-05-23
414585.0,4568585.0,2025-05-23
414595.0,4568585.0,2025-05-23
414605.0,4568585.0,2025-05-23
414615.0,4568585.0,2025-05-23
414625.0,4568585.0,2025-05-23
414635.0,4568585.0,2025-05-23
414645.0,4568585.0,2025-05-23
414655.0,4568585.0,2025-05-23
414665.0,4568585.0,2025-05-23
414675.0,4568585.0,2025-05-23
414685.0,4568585.0,2025-05-23
414695.0,4568585.0,2025-05-23
414705.0,4568585.0,2025-05-23
414715.0,4568585.0,2025-05-23
414725.0,4568585.0,2025-05-23
414735.0,4568585.0,2025-05-23
414745.0,4568585.0,2025-05-23
414755.0,4568585.0,2025-05-23
414765.0,4568585.0,2025-05-23
414775.0,4568585.0,2025-05-23
414785.0,4568585.0,2025-05-23
414795.0,4568585.0,2025-05-23
414805.0,4568585.0,2025-05-23
414815.0,4568585.0,2025-05-23
414825.0,4568585.0,2025-05-23
414835.0,4568585.0,2025-05-23
414845.0,4568585.0,2025-05-23
414855.0,4568585.0,2025-05-23
414865.0,4568585.0,2025-05-23
414875.0,4568585.0,2025-05-23
414885.0,4568585.0,2025-05-23
414895.0,4568585.0,2025-05-23
414905.0,4568585.0,2025-05-23
414915.0,4568585.0,2025-05-23
414925.0,4568585.0,2025-05-23
414935.0,4568585.0,2025-05-23
414945.0,4568585.0,2025-05-23
414955.0,4568585.0,2025-05-23
414965.0,4568585.0,2025-05-23
414975.0,4568585.0,2025-05-23
414985.0,4568585.0,2025-05-23
414995.0,4568585.0,2025-05-23
415005.0,4568585.0,2025-05-23
415015.0,4568585.0,2025-05-23
415025.0,4568585.0,2025-05-23
415035.0,4568585.0,2025-05-23
415045.0,4568585.0,2025-05-23
415055.0,4568585.0,2025-05-23
415065.0,4568585.0,2025-05-23
415075.0,4568585.0,2025-05-23
415085.0,4568585.0,2025-05-23
415095.0,4568585.0,2025-05-23
415105.0,4568585.0,2025-05-23
415115.0,4568585.0,2025-05-23
415125.0,4568585.0,2025-05-23
415135.0,4568585.0,2025-05-23
415145.0,4568585.0,2025-05-23
415155.0,4568585.0,2025-05-23
415165.0,4568585.0,2025-05-23
415175.0,4568585.0,2025-05-23
415185.0,4568585.0,2025-05-23
415195.0,4568585.0,2025-05-23
415205.0,4568585.0,2025-05-23
415215.0,4568585.0,2025-05-23
415225.0,4568585.0,2025-05-23
415235.0,4568585.0,2025-05-23
415245.0,4568585.0,2025-05-23
415255.0,4568585.0,2025-05-23
415265.0,4568585.0,2025-05-23
415275.0,4568585.0,2025-05-23
415285.0,4568585.0,2025-05-23
415295.0,4568585.0,2025-05-23
415305.0,4568585.0,2025-05-23
415315.0,4568585.0,2025-05-23
415325.0,4568585.0,2025-05-23
415335.0,4568585.0,2025-05-23
415345.0,4568585.0,2025-05-23
415355.0,4568585.0,2025-05-23
415365.0,4568585.0,2025-05-23
415375.0,4568585.0,2025-05-23
415385.0,4568585.0,2025-05-23
415395.0,4568585.0,2025-05-23
415405.0,4568585.0,2025-05-23
415415.0,4568585.0,2025-05-23
415425.0,4568585.0,2025-05-23
415435.0,4568585.0,2025-05-23
415445.0,4568585.0,2025-05-23
415455.0,4568585.0,2025-05-23
415465.0,4568585.0,2025-05-23
415475.0,4568585.0,2025-05-23
415485.0,4568585.0,2025-05-23
415495.0,4568585.0,2025-05-23
415505.0,4568585.0,2025-05-23
415515.0,4568585.0,2025-05-23
415525.0,4568585.0,2025-05-23
415535.0,4568585.0,2025-05-23
415545.0,4568585.0,2025-05-23
415555.0,4568585.0,2025-05-23
415565.0,4568585.0,2025-05-23
415575.0,4568585.0,2025-05-23
415585.0,4568585.0,2025-05-23
415595.0,4568585.0,2025-05-23
415605.0,4568585.0,2025-05-23
415615.0,4568585.0,2025-05-23
415625.0,4568585.0,2025-05-23
415635.0,4568585.0,2025-05-23
415645.0,4568585.0,2025-05-23
415655.0,4568585.0,2025-05-23
415665.0,4568585.0,2025-05-23
415675.0,4568585.0,2025-05-23
415685.0,4568585.0,2025-05-23
415695.0,4568585.0,2025-05-23
415705.0,4568585.0,2025-05-23
415715.0,4568585.0,2025-05-23
415725.0,4568585.0,2025-05-23
415735.0,4568585.0,2025-05-23
415745.0,4568585.0,2025-05-23
415755.0,4568585.0,2025-05-23
415765.0,4568585.0,2025-05-23
415775.0,4568585.0,2025-05-23
415785.0,4568585.0,2025-05-23
415795.0,4568585.0,2025-05-23
415805.0,4568585.0,2025-05-23
415815.0,4568585.0,2025-05-23
415825.0,4568585.0,2025-05-23
415835.0,4568585.0,2025-05-23
415845.0,4568585.0,2025-05-23
415855.0,4568585.0,2025-05-23
415865.0,4568585.0,2025-05-23
415875.0,4568585.0,2025-05-23
415885.0,4568585.0,2025-05-23
415895.0,4568585.0,2025-05-23
415905.0,4568585.0,2025-05-23
415915.0,4568585.0,2025-05-23
415925.0,4568585.0,2025-05-23
415935.0,4568585.0,2025-05-23
415945.0,4568585.0,2025-05-23
415955.0,4568585.0,2025-05-23
415965.0,4568585.0,2025-05-23
415975.0,4568585.0,2025-05-23
415985.0,4568585.0,2025-05-23
415995.0,4568585.0,2025-05-23
416005.0,4568585.0,2025-05-23
416015.0,4568585.0,2025-05-23
416025.0,4568585.0,2025-05-23
416035.0,4568585.0,2025-05-23
416045.0,4568585.0,2025-05-23
416055.0,4568585.0,2025-05-23
416065.0,4568585.0,2025-05-23
416075.0,4568585.0,2025-05-23
416085.0,4568585.0,2025-05-23
416095.0,4568585.0,2025-05-23
416105.0,4568585.0,2025-05-23
416115.0,4568585.0,2025-05-23
416125.0,4568585.0,2025-05-23
416135.0,4568585.0,2025-05-23
416145.0,4568585.0,2025-05-23
416155.0,4568585.0,2025-05-23
416165.0,4568585.0,2025-05-23
416175.0,4568585.0,2025-05-23
416185.0,4568585.0,2025-05-23
416195.0,4568585.0,2025-05-23
416205.0,4568585.0,2025-05-23
416215.0,4568585.0,2025-05-23
416225.0,4568585.0,2025-05-23
416235.0,4568585.0,2025-05-23
416245.0,4568585.0,2025-05-23
416255.0,4568585.0,2025-05-23
416265.0,4568585.0,2025-05-23
416275.0,4568585.0,2025-05-23
416285.0,4568585.0,2025-05-23
416295.0,4568585.0,2025-05-23
416305.0,4568585.0,2025-05-23
416315.0,4568585.0,2025-05-23
416325.0,4568585.0,2025-05-23
416335.0,4568585.0,2025-05-23
416345.0,4568585.0,2025-05-23
416355.0,4568585.0,2025-05-23
416365.0,4568585.0,2025-05-23
416375.0,4568585.0,2025-05-23
416385.0,4568585.0,2025-05-23
416395.0,4568585.0,2025-05-23
416405.0,4568585.0,2025-05-23
416415.0,4568585.0,2025-05-23
416425.0,4568585.0,2025-05-23
416435.0,4568585.0,2025-05-23
416445.0,4568585.0,2025-05-23
416455.0,4568585.0,2025-05-23
411745.0,4568575.0,2025-05-23
411755.0,4568575.0,2025-05-23
411765.0,4568575.0,2025-05-23
411775.0,4568575.0,2025-05-23
411785.0,4568575.0,2025-05-23
411795.0,4568575.0,2025-05-23
411805.0,4568575.0,2025-05-23
411815.0,4568575.0,2025-05-23
411825.0,4568575.0,2025-05-23
411835.0,4568575.0,2025-05-23
411845.0,4568575.0,2025-05-23
411855.0,4568575.0,2025-05-23
411865.0,4568575.0,2025-05-23
411875.0,4568575.0,2025-05-23
411885.0,4568575.0,2025-05-23
411895.0,4568575.0,2025-05-23
411905.0,4568575.0,2025-05-23
411915.0,4568575.0,2025-05-23
411925.0,4568575.0,2025-05-23
411935.0,4568575.0,2025-05-23
411945.0,4568575.0,2025-05-23
411955.0,4568575.0,2025-05-23
411965.0,4568575.0,2025-05-23
411975.0,4568575.0,2025-05-23
411985.0,4568575.0,2025-05-23
411995.0,4568575.0,2025-05-23
412005.0,4568575.0,2025-05-23
412015.0,4568575.0,2025-05-23
412025.0,4568575.0,2025-05-23
412035.0,4568575.0,2025-05-23
412045.0,4568575.0,2025-05-23
412055.0,4568575.0,2025-05-23
412065.0,4568575.0,2025-05-23
412075.0,4568575.0,2025-05-23
412085.0,4568575.0,2025-05-23
412095.0,4568575.0,2025-05-23
412105.0,4568575.0,2025-05-23
412115.0,4568575.0,2025-05-23
412125.0,4568575.0,2025-05-23
412135.0,4568575.0,2025-05-23
412145.0,4568575.0,2025-05-23
412155.0,4568575.0,2025-05-23
412165.0,4568575.0,2025-05-23
412175.0,4568575.0,2025-05-23
412185.0,4568575.0,2025-05-23
412195.0,4568575.0,2025-05-23
412205.0,4568575.0,2025-05-23
412215.0,4568575.0,2025-05-23
412225.0,4568575.0,2025-05-23
412235.0,4568575.0,2025-05-23
412245.0,4568575.0,2025-05-23
412255.0,4568575.0,2025-05-23
412265.0,4568575.0,2025-05-23
412275.0,4568575.0,2025-05-23
412285.0,4568575.0,2025-05-23
412295.0,4568575.0,2025-05-23
412305.0,4568575.0,2025-05-23
412315.0,4568575.0,2025-05-23
412325.0,4568575.0,2025-05-23
412335.0,4568575.0,2025-05-23
412345.0,4568575.0,2025-05-23
412355.0,4568575.0,2025-05-23
412365.0,4568575.0,2025-05-23
412375.0,4568575.0,2025-05-23
412385.0,4568575.0,2025-05-23
412395.0,4568575.0,2025-05-23
412405.0,4568575.0,2025-05-23
412415.0,4568575.0,2025-05-23
412425.0,4568575.0,2025-05-23
412435.0,4568575.0,2025-05-23
412445.0,4568575.0,2025-05-23
412455.0,4568575.0,2025-05-23
412465.0,4568575.0,2025-05-23
412475.0,4568575.0,2025-05-23
412485.0,4568575.0,2025-05-23
412495.0,4568575.0,2025-05-23
412505.0,4568575.0,2025-05-23
412515.0,4568575.0,2025-05-23
412525.0,4568575.0,2025-05-23
412535.0,4568575.0,2025-05-23
412545.0,4568575.0,2025-05-23
412555.0,4568575.0,2025-05-23
412565.0,4568575.0,2025-05-23
412575.0,4568575.0,2025-05-23
412585.0,4568575.0,2025-05-23
412595.0,4568575.0,2025-05-23
412605.0,4568575.0,2025-05-23
412615.0,4568575.0,2025-05-23
412625.0,4568575.0,2025-05-23
412635.0,4568575.0,2025-05-23
412645.0,4568575.0,2025-05-23
412655.0,4568575.0,2025-05-23
412665.0,4568575.0,2025-05-23
412675.0,4568575.0,2025-05-23
412685.0,4568575.0,2025-05-23
412695.0,4568575.0,2025-05-23
412705.0,4568575.0,2025-05-23
412715.0,4568575.0,2025-05-23
412725.0,4568575.0,2025-05-23
412735.0,4568575.0,2025-05-23
412745.0,4568575.0,2025-05-23
412755.0,4568575.0,2025-05-23
412765.0,4568575.0,2025-05-23
412775.0,4568575.0,2025-05-23
412785.0,4568575.0,2025-05-23
412795.0,4568575.0,2025-05-23
412805.0,4568575.0,2025-05-23
412815.0,4568575.0,2025-05-23
412825.0,4568575.0,2025-05-23
412835.0,4568575.0,2025-05-23
412845.0,4568575.0,2025-05-23
412855.0,4568575.0,2025-05-23
412865.0,4568575.0,2025-05-23
412875.0,4568575.0,2025-05-23
412885.0,4568575.0,2025-05-23
412895.0,4568575.0,2025-05-23
412905.0,4568575.0,2025-05-23
412915.0,4568575.0,2025-05-23
412925.0,4568575.0,2025-05-23
412935.0,4568575.0,2025-05-23
412945.0,4568575.0,2025-05-23
412955.0,4568575.0,2025-05-23
412965.0,4568575.0,2025-05-23
412975.0,4568575.0,2025-05-23
412985.0,4568575.0,2025-05-23
412995.0,4568575.0,2025-05-23
413005.0,4568575.0,2025-05-23
413015.0,4568575.0,2025-05-23
413025.0,4568575.0,2025-05-23
413035.0,4568575.0,2025-05-23
413045.0,4568575.0,2025-05-23
413055.0,4568575.0,2025-05-23
413065.0,4568575.0,2025-05-23
413075.0,4568575.0,2025-05-23
413085.0,4568575.0,2025-05-23
413095.0,4568575.0,2025-05-23
413105.0,4568575.0,2025-05-23
413115.0,4568575.0,2025-05-23
413125.0,4568575.0,2025-05-23
413135.0,4568575.0,2025-05-23
413145.0,4568575.0,2025-05-23
413155.0,4568575.0,2025-05-23
413165.0,4568575.0,2025-05-23
413175.0,4568575.0,2025-05-23
413185.0,4568575.0,2025-05-23
413195.0,4568575.0,2025-05-23
413205.0,4568575.0,2025-05-23
413215.0,4568575.0,2025-05-23
413225.0,4568575.0,2025-05-23
413235.0,4568575.0,2025-05-23
413245.0,4568575.0,2025-05-23
413255.0,4568575.0,2025-05-23
413265.0,4568575.0,2025-05-23
413275.0,4568575.0,2025-05-23
413285.0,4568575.0,2025-05-23
413295.0,4568575.0,2025-05-23
413305.0,4568575.0,2025-05-23
413315.0,4568575.0,2025-05-23
413325.0,4568575.0,2025-05-23
413335.0,4568575.0,2025-05-23
413345.0,4568575.0,2025-05-23
413355.0,4568575.0,2025-05-23
413365.0,4568575.0,2025-05-23
413375.0,4568575.0,2025-05-23
413385.0,4568575.0,2025-05-23
413395.0,4568575.0,2025-05-23
413405.0,4568575.0,2025-05-23
413415.0,4568575.0,2025-05-23
413425.0,4568575.0,2025-05-23
413435.0,4568575.0,2025-05-23
413445.0,4568575.0,2025-05-23
413455.0,4568575.0,2025-05-23
413465.0,4568575.0,2025-05-23
413475.0,4568575.0,2025-05-23
413485.0,4568575.0,2025-05-23
413495.0,4568575.0,2025-05-23
413505.0,4568575.0,2025-05-23
413515.0,4568575.0,2025-05-23
413525.0,4568575.0,2025-05-23
413535.0,4568575.0,2025-05-23
413545.0,4568575.0,2025-05-23
413555.0,4568575.0,2025-05-23
413565.0,4568575.0,2025-05-23
413575.0,4568575.0,2025-05-23
413585.0,4568575.0,2025-05-23
413595.0,4568575.0,2025-05-23
413605.0,4568575.0,2025-05-23
413615.0,4568575.0,2025-05-23
413625.0,4568575.0,2025-05-23
413635.0,4568575.0,2025-05-23
413645.0,4568575.0,2025-05-23
413655.0,4568575.0,2025-05-23
413665.0,4568575.0,2025-05-23
413675.0,4568575.0,2025-05-23
413685.0,4568575.0,2025-05-23
413695.0,4568575.0,2025-05-23
413705.0,4568575.0,2025-05-23
413715.0,4568575.0,2025-05-23
413725.0,4568575.0,2025-05-23
413735.0,4568575.0,2025-05-23
413745.0,4568575.0,2025-05-23
413755.0,4568575.0,2025-05-23
413765.0,4568575.0,2025-05-23
413775.0,4568575.0,2025-05-23
413785.0,4568575.0,2025-05-23
413795.0,4568575.0,2025-05-23
413805.0,4568575.0,2025-05-23
413815.0,4568575.0,2025-05-23
413825.0,4568575.0,2025-05-23
413835.0,4568575.0,2025-05-23
413845.0,4568575.0,2025-05-23
413855.0,4568575.0,2025-05-23
413865.0,4568575.0,2025-05-23
413875.0,4568575.0,2025-05-23
413885.0,4568575.0,2025-05-23
413895.0,4568575.0,2025-05-23
413905.0,4568575.0,2025-05-23
413915.0,4568575.0,2025-05-23
413925.0,4568575.0,2025-05-23
413935.0,4568575.0,2025-05-23
413945.0,4568575.0,2025-05-23
413955.0,4568575.0,2025-05-23
413965.0,4568575.0,2025-05-23
413975.0,4568575.0,2025-05-23
413985.0,4568575.0,2025-05-23
413995.0,4568575.0,2025-05-23
414005.0,4568575.0,2025-05-23
414015.0,4568575.0,2025-05-23
414025.0,4568575.0,2025-05-23
414035.0,4568575.0,2025-05-23
414045.0,4568575.0,2025-05-23
414055.0,4568575.0,2025-05-23
414065.0,4568575.0,2025-05-23
414075.0,4568575.0,2025-05-23
414085.0,4568575.0,2025-05-23
414095.0,4568575.0,2025-05-23
414105.0,4568575.0,2025-05-23
414115.0,4568575.0,2025-05-23
414125.0,4568575.0,2025-05-23
414135.0,4568575.0,2025-05-23
414145.0,4568575.0,2025-05-23
414155.0,4568575.0,2025-05-23
414165.0,4568575.0,2025-05-23
414175.0,4568575.0,2025-05-23
414185.0,4568575.0,2025-05-23
414195.0,4568575.0,2025-05-23
414205.0,4568575.0,2025-05-23
414215.0,4568575.0,2025-05-23
414225.0,4568575.0,2025-05-23
414235.0,4568575.0,2025-05-23
414245.0,4568575.0,2025-05-23
414255.0,4568575.0,2025-05-23
414265.0,4568575.0,2025-05-23
414275.0,4568575.0,2025-05-23
414285.0,4568575.0,2025-05-23
414295.0,4568575.0,2025-05-23
414305.0,4568575.0,2025-05-23
414315.0,4568575.0,2025-05-23
414325.0,4568575.0,2025-05-23
414335.0,4568575.0,2025-05-23
414345.0,4568575.0,2025-05-23
414355.0,4568575.0,2025-05-23
414365.0,4568575.0,2025-05-23
414375.0,4568575.0,2025-05-23
414385.0,4568575.0,2025-05-23
414395.0,4568575.0,2025-05-23
414405.0,4568575.0,2025-05-23
414415.0,4568575.0,2025-05-23
414425.0,4568575.0,2025-05-23
414435.0,4568575.0,2025-05-23
414445.0,4568575.0,2025-05-23
414455.0,4568575.0,2025-05-23
414465.0,4568575.0,2025-05-23
414475.0,4568575.0,2025-05-23
414485.0,4568575.0,2025-05-23
414495.0,4568575.0,2025-05-23
414505.0,4568575.0,2025-05-23
414515.0,4568575.0,2025-05-23
414525.0,4568575.0,2025-05-23
414535.0,4568575.0,2025-05-23
414545.0,4568575.0,2025-05-23
414555.0,4568575.0,2025-05-23
414565.0,4568575.0,2025-05-23
414575.0,4568575.0,2025-05-23
414585.0,4568575.0,2025-05-23
414595.0,4568575.0,2025-05-23
414605.0,4568575.0,2025-05-23
414615.0,4568575.0,2025-05-23
414625.0,4568575.0,2025-05-23
414635.0,4568575.0,2025-05-23
414645.0,4568575.0,2025-05-23
414655.0,4568575.0,2025-05-23
414665.0,4568575.0,2025-05-23
414675.0,4568575.0,2025-05-23
414685.0,4568575.0,2025-05-23
414695.0,4568575.0,2025-05-23
414705.0,4568575.0,2025-05-23
414715.0,4568575.0,2025-05-23
414725.0,4568575.0,2025-05-23
414735.0,4568575.0,2025-05-23
414745.0,4568575.0,2025-05-23
414755.0,4568575.0,2025-05-23
414765.0,4568575.0,2025-05-23
414775.0,4568575.0,2025-05-23
414785.0,4568575.0,2025-05-23
414795.0,4568575.0,2025-05-23
414805.0,4568575.0,2025-05-23
414815.0,4568575.0,2025-05-23
414825.0,4568575.0,2025-05-23
414835.0,4568575.0,2025-05-23
414845.0,4568575.0,2025-05-23
414855.0,4568575.0,2025-05-23
414865.0,4568575.0,2025-05-23
414875.0,4568575.0,2025-05-23
414885.0,4568575.0,2025-05-23
414895.0,4568575.0,2025-05-23
414905.0,4568575.0,2025-05-23
414915.0,4568575.0,2025-05-23
414925.0,4568575.0,2025-05-23
414935.0,4568575.0,2025-05-23
414945.0,4568575.0,2025-05-23
414955.0,4568575.0,2025-05-23
414965.0,4568575.0,2025-05-23
414975.0,4568575.0,2025-05-23
414985.0,4568575.0,2025-05-23
414995.0,4568575.0,2025-05-23
415005.0,4568575.0,2025-05-23
415015.0,4568575.0,2025-05-23
415025.0,4568575.0,2025-05-23
415035.0,4568575.0,2025-05-23
415045.0,4568575.0,2025-05-23
415055.0,4568575.0,2025-05-23
415065.0,4568575.0,2025-05-23
415075.0,4568575.0,2025-05-23
415085.0,4568575.0,2025-05-23
415095.0,4568575.0,2025-05-23
415105.0,4568575.0,2025-05-23
415115.0,4568575.0,2025-05-23
415125.0,4568575.0,2025-05-23
415135.0,4568575.0,2025-05-23
415145.0,4568575.0,2025-05-23
415155.0,4568575.0,2025-05-23
415165.0,4568575.0,2025-05-23
415175.0,4568575.0,2025-05-23
415185.0,4568575.0,2025-05-23
415195.0,4568575.0,2025-05-23
415205.0,4568575.0,2025-05-23
415215.0,4568575.0,2025-05-23
415225.0,4568575.0,2025-05-23
415235.0,4568575.0,2025-05-23
415245.0,4568575.0,2025-05-23
415255.0,4568575.0,2025-05-23
415265.0,4568575.0,2025-05-23
415275.0,4568575.0,2025-05-23
415285.0,4568575.0,2025-05-23
415295.0,4568575.0,2025-05-23
415305.0,4568575.0,2025-05-23
415315.0,4568575.0,2025-05-23
415325.0,4568575.0,2025-05-23
415335.0,4568575.0,2025-05-23
415345.0,4568575.0,2025-05-23
415355.0,4568575.0,2025-05-23
415365.0,4568575.0,2025-05-23
415375.0,4568575.0,2025-05-23
415385.0,4568575.0,2025-05-23
415395.0,4568575.0,2025-05-23
415405.0,4568575.0,2025-05-23
415415.0,4568575.0,2025-05-23
415425.0,4568575.0,2025-05-23
415435.0,4568575.0,2025-05-23
415445.0,4568575.0,2025-05-23
415455.0,4568575.0,2025-05-23
415465.0,4568575.0,2025-05-23
415475.0,4568575.0,2025-05-23
415485.0,4568575.0,2025-05-23
415495.0,4568575.0,2025-05-23
415505.0,4568575.0,2025-05-23
415515.0,4568575.0,2025-05-23
415525.0,4568575.0,2025-05-23
415535.0,4568575.0,2025-05-23
415545.0,4568575.0,2025-05-23
415555.0,4568575.0,2025-05-23
415565.0,4568575.0,2025-05-23
415575.0,4568575.0,2025-05-23
415585.0,4568575.0,2025-05-23
415595.0,4568575.0,2025-05-23
415605.0,4568575.0,2025-05-23
415615.0,4568575.0,2025-05-23
415625.0,4568575.0,2025-05-23
415635.0,4568575.0,2025-05-23
415645.0,4568575.0,2025-05-23
415655.0,4568575.0,2025-05-23
415665.0,4568575.0,2025-05-23
415675.0,4568575.0,2025-05-23
415685.0,4568575.0,2025-05-23
415695.0,4568575.0,2025-05-23
415705.0,4568575.0,2025-05-23
415715.0,4568575.0,2025-05-23
415725.0,4568575.0,2025-05-23
415735.0,4568575.0,2025-05-23
415745.0,4568575.0,2025-05-23
415755.0,4568575.0,2025-05-23
415765.0,4568575.0,2025-05-23
415775.0,4568575.0,2025-05-23
415785.0,4568575.0,2025-05-23
415795.0,4568575.0,2025-05-23
415805.0,4568575.0,2025-05-23
415815.0,4568575.0,2025-05-23
415825.0,4568575.0,2025-05-23
415835.0,4568575.0,2025-05-23
415845.0,4568575.0,2025-05-23
415855.0,4568575.0,2025-05-23
415865.0,4568575.0,2025-05-23
415875.0,4568575.0,2025-05-23
415885.0,4568575.0,2025-05-23
415895.0,4568575.0,2025-05-23
415905.0,4568575.0,2025-05-23
415915.0,4568575.0,2025-05-23
415925.0,4568575.0,2025-05-23
415935.0,4568575.0,2025-05-23
415945.0,4568575.0,2025-05-23
415955.0,4568575.0,2025-05-23
415965.0,4568575.0,2025-05-23
415975.0,4568575.0,2025-05-23
415985.0,4568575.0,2025-05-23
415995.0,4568575.0,2025-05-23
416005.0,4568575.0,2025-05-23
416015.0,4568575.0,2025-05-23
416025.0,4568575.0,2025-05-23
416035.0,4568575.0,2025-05-23
416045.0,4568575.0,2025-05-23
416055.0,4568575.0,2025-05-23
416065.0,4568575.0,2025-05-23
416075.0,4568575.0,2025-05-23
416085.0,4568575.0,2025-05-23
416095.0,4568575.0,2025-05-23
416105.0,4568575.0,2025-05-23
416115.0,4568575.0,2025-05-23
416125.0,4568575.0,2025-05-23
416135.0,4568575.0,2025-05-23
416145.0,4568575.0,2025-05-23
416155.0,4568575.0,2025-05-23
416165.0,4568575.0,2025-05-23
416175.0,4568575.0,2025-05-23
416185.0,4568575.0,2025-05-23
416195.0,4568575.0,2025-05-23
416205.0,4568575.0,2025-05-23
416215.0,4568575.0,2025-05-23
416225.0,4568575.0,2025-05-23
416235.0,4568575.0,2025-05-23
416245.0,4568575.0,2025-05-23
416255.0,4568575.0,2025-05-23
416265.0,4568575.0,2025-05-23
416275.0,4568575.0,2025-05-23
416285.0,4568575.0,2025-05-23
416295.0,4568575.0,2025-05-23
416305.0,4568575.0,2025-05-23
416315.0,4568575.0,2025-05-23
416325.0,4568575.0,2025-05-23
416335.0,4568575.0,2025-05-23
416345.0,4568575.0,2025-05-23
416355.0,4568575.0,2025-05-23
416365.0,4568575.0,2025-05-23
416375.0,4568575.0,2025-05-23
416385.0,4568575.0,2025-05-23
416395.0,4568575.0,2025-05-23
416405.0,4568575.0,2025-05-23
416415.0,4568575.0,2025-05-23
416425.0,4568575.0,2025-05-23
416435.0,4568575.0,2025-05-23
416445.0,4568575.0,2025-05-23
416455.0,4568575.0,2025-05-23
411745.0,4568565.0,2025-05-23
411755.0,4568565.0,2025-05-23
411765.0,4568565.0,2025-05-23
411775.0,4568565.0,2025-05-23
411785.0,4568565.0,2025-05-23
411795.0,4568565.0,2025-05-23
411805.0,4568565.0,2025-05-23
411815.0,4568565.0,2025-05-23
411825.0,4568565.0,2025-05-23
411835.0,4568565.0,2025-05-23
411845.0,4568565.0,2025-05-23
411855.0,4568565.0,2025-05-23
411865.0,4568565.0,2025-05-23
411875.0,4568565.0,2025-05-23
411885.0,4568565.0,2025-05-23
411895.0,4568565.0,2025-05-23
411905.0,4568565.0,2025-05-23
411915.0,4568565.0,2025-05-23
411925.0,4568565.0,2025-05-23
411935.0,4568565.0,2025-05-23
411945.0,4568565.0,2025-05-23
411955.0,4568565.0,2025-05-23
411965.0,4568565.0,2025-05-23
411975.0,4568565.0,2025-05-23
411985.0,4568565.0,2025-05-23
411995.0,4568565.0,2025-05-23
412005.0,4568565.0,2025-05-23
412015.0,4568565.0,2025-05-23
412025.0,4568565.0,2025-05-23
412035.0,4568565.0,2025-05-23
412045.0,4568565.0,2025-05-23
412055.0,4568565.0,2025-05-23
412065.0,4568565.0,2025-05-23
412075.0,4568565.0,2025-05-23
412085.0,4568565.0,2025-05-23
412095.0,4568565.0,2025-05-23
412105.0,4568565.0,2025-05-23
412115.0,4568565.0,2025-05-23
412125.0,4568565.0,2025-05-23
412135.0,4568565.0,2025-05-23
412145.0,4568565.0,2025-05-23
412155.0,4568565.0,2025-05-23
412165.0,4568565.0,2025-05-23
412175.0,4568565.0,2025-05-23
412185.0,4568565.0,2025-05-23
412195.0,4568565.0,2025-05-23
412205.0,4568565.0,2025-05-23
412215.0,4568565.0,2025-05-23
412225.0,4568565.0,2025-05-23
412235.0,4568565.0,2025-05-23
412245.0,4568565.0,2025-05-23
412255.0,4568565.0,2025-05-23
412265.0,4568565.0,2025-05-23
412275.0,4568565.0,2025-05-23
412285.0,4568565.0,2025-05-23
412295.0,4568565.0,2025-05-23
412305.0,4568565.0,2025-05-23
412315.0,4568565.0,2025-05-23
412325.0,4568565.0,2025-05-23
412335.0,4568565.0,2025-05-23
412345.0,4568565.0,2025-05-23
412355.0,4568565.0,2025-05-23
412365.0,4568565.0,2025-05-23
412375.0,4568565.0,2025-05-23
412385.0,4568565.0,2025-05-23
412395.0,4568565.0,2025-05-23
412405.0,4568565.0,2025-05-23
412415.0,4568565.0,2025-05-23
412425.0,4568565.0,2025-05-23
412435.0,4568565.0,2025-05-23
412445.0,4568565.0,2025-05-23
412455.0,4568565.0,2025-05-23
412465.0,4568565.0,2025-05-23
412475.0,4568565.0,2025-05-23
412485.0,4568565.0,2025-05-23
412495.0,4568565.0,2025-05-23
412505.0,4568565.0,2025-05-23
412515.0,4568565.0,2025-05-23
412525.0,4568565.0,2025-05-23
412535.0,4568565.0,2025-05-23
412545.0,4568565.0,2025-05-23
412555.0,4568565.0,2025-05-23
412565.0,4568565.0,2025-05-23
412575.0,4568565.0,2025-05-23
412585.0,4568565.0,2025-05-23
412595.0,4568565.0,2025-05-23
412605.0,4568565.0,2025-05-23
412615.0,4568565.0,2025-05-23
412625.0,4568565.0,2025-05-23
412635.0,4568565.0,2025-05-23
412645.0,4568565.0,2025-05-23
412655.0,4568565.0,2025-05-23
412665.0,4568565.0,2025-05-23
412675.0,4568565.0,2025-05-23
412685.0,4568565.0,2025-05-23
412695.0,4568565.0,2025-05-23
412705.0,4568565.0,2025-05-23
412715.0,4568565.0,2025-05-23
412725.0,4568565.0,2025-05-23
412735.0,4568565.0,2025-05-23
412745.0,4568565.0,2025-05-23
412755.0,4568565.0,2025-05-23
412765.0,4568565.0,2025-05-23
412775.0,4568565.0,2025-05-23
412785.0,4568565.0,2025-05-23
412795.0,4568565.0,2025-05-23
412805.0,4568565.0,2025-05-23
412815.0,4568565.0,2025-05-23
412825.0,4568565.0,2025-05-23
412835.0,4568565.0,2025-05-23
412845.0,4568565.0,2025-05-23
412855.0,4568565.0,2025-05-23
412865.0,4568565.0,2025-05-23
412875.0,4568565.0,2025-05-23
412885.0,4568565.0,2025-05-23
412895.0,4568565.0,2025-05-23
412905.0,4568565.0,2025-05-23
412915.0,4568565.0,2025-05-23
412925.0,4568565.0,2025-05-23
412935.0,4568565.0,2025-05-23
412945.0,4568565.0,2025-05-23
412955.0,4568565.0,2025-05-23
412965.0,4568565.0,2025-05-23
412975.0,4568565.0,2025-05-23
412985.0,4568565.0,2025-05-23
412995.0,4568565.0,2025-05-23
413005.0,4568565.0,2025-05-23
413015.0,4568565.0,2025-05-23
413025.0,4568565.0,2025-05-23
413035.0,4568565.0,2025-05-23
413045.0,4568565.0,2025-05-23
413055.0,4568565.0,2025-05-23
413065.0,4568565.0,2025-05-23
413075.0,4568565.0,2025-05-23
413085.0,4568565.0,2025-05-23
413095.0,4568565.0,2025-05-23
413105.0,4568565.0,2025-05-23
413115.0,4568565.0,2025-05-23
413125.0,4568565.0,2025-05-23
413135.0,4568565.0,2025-05-23
413145.0,4568565.0,2025-05-23
413155.0,4568565.0,2025-05-23
413165.0,4568565.0,2025-05-23
413175.0,4568565.0,2025-05-23
413185.0,4568565.0,2025-05-23
413195.0,4568565.0,2025-05-23
413205.0,4568565.0,2025-05-23
413215.0,4568565.0,2025-05-23
413225.0,4568565.0,2025-05-23
413235.0,4568565.0,2025-05-23
413245.0,4568565.0,2025-05-23
413255.0,4568565.0,2025-05-23
413265.0,4568565.0,2025-05-23
413275.0,4568565.0,2025-05-23
413285.0,4568565.0,2025-05-23
413295.0,4568565.0,2025-05-23
413305.0,4568565.0,2025-05-23
413315.0,4568565.0,2025-05-23
413325.0,4568565.0,2025-05-23
413335.0,4568565.0,2025-05-23
413345.0,4568565.0,2025-05-23
413355.0,4568565.0,2025-05-23
413365.0,4568565.0,2025-05-23
413375.0,4568565.0,2025-05-23
413385.0,4568565.0,2025-05-23
413395.0,4568565.0,2025-05-23
413405.0,4568565.0,2025-05-23
413415.0,4568565.0,2025-05-23
413425.0,4568565.0,2025-05-23
413435.0,4568565.0,2025-05-23
413445.0,4568565.0,2025-05-23
413455.0,4568565.0,2025-05-23
413465.0,4568565.0,2025-05-23
413475.0,4568565.0,2025-05-23
413485.0,4568565.0,2025-05-23
413495.0,4568565.0,2025-05-23
413505.0,4568565.0,2025-05-23
413515.0,4568565.0,2025-05-23
413525.0,4568565.0,2025-05-23
413535.0,4568565.0,2025-05-23
413545.0,4568565.0,2025-05-23
413555.0,4568565.0,2025-05-23
413565.0,4568565.0,2025-05-23
413575.0,4568565.0,2025-05-23
413585.0,4568565.0,2025-05-23
413595.0,4568565.0,2025-05-23
413605.0,4568565.0,2025-05-23
413615.0,4568565.0,2025-05-23
413625.0,4568565.0,2025-05-23
413635.0,4568565.0,2025-05-23
413645.0,4568565.0,2025-05-23
413655.0,4568565.0,2025-05-23
413665.0,4568565.0,2025-05-23
413675.0,4568565.0,2025-05-23
413685.0,4568565.0,2025-05-23
413695.0,4568565.0,2025-05-23
413705.0,4568565.0,2025-05-23
413715.0,4568565.0,2025-05-23
413725.0,4568565.0,2025-05-23
413735.0,4568565.0,2025-05-23
413745.0,4568565.0,2025-05-23
413755.0,4568565.0,2025-05-23
413765.0,4568565.0,2025-05-23
413775.0,4568565.0,2025-05-23
413785.0,4568565.0,2025-05-23
413795.0,4568565.0,2025-05-23
413805.0,4568565.0,2025-05-23
413815.0,4568565.0,2025-05-23
413825.0,4568565.0,2025-05-23
413835.0,4568565.0,2025-05-23
413845.0,4568565.0,2025-05-23
413855.0,4568565.0,2025-05-23
413865.0,4568565.0,2025-05-23
413875.0,4568565.0,2025-05-23
413885.0,4568565.0,2025-05-23
413895.0,4568565.0,2025-05-23
413905.0,4568565.0,2025-05-23
413915.0,4568565.0,2025-05-23
413925.0,4568565.0,2025-05-23
413935.0,4568565.0,2025-05-23
413945.0,4568565.0,2025-05-23
413955.0,4568565.0,2025-05-23
413965.0,4568565.0,2025-05-23
413975.0,4568565.0,2025-05-23
413985.0,4568565.0,2025-05-23
413995.0,4568565.0,2025-05-23
414005.0,4568565.0,2025-05-23
414015.0,4568565.0,2025-05-23
414025.0,4568565.0,2025-05-23
414035.0,4568565.0,2025-05-23
414045.0,4568565.0,2025-05-23
414055.0,4568565.0,2025-05-23
414065.0,4568565.0,2025-05-23
414075.0,4568565.0,2025-05-23
414085.0,4568565.0,2025-05-23
414095.0,4568565.0,2025-05-23
414105.0,4568565.0,2025-05-23
414115.0,4568565.0,2025-05-23
414125.0,4568565.0,2025-05-23
414135.0,4568565.0,2025-05-23
414145.0,4568565.0,2025-05-23
414155.0,4568565.0,2025-05-23
414165.0,4568565.0,2025-05-23
414175.0,4568565.0,2025-05-23
414185.0,4568565.0,2025-05-23
414195.0,4568565.0,2025-05-23
414205.0,4568565.0,2025-05-23
414215.0,4568565.0,2025-05-23
414225.0,4568565.0,2025-05-23
414235.0,4568565.0,2025-05-23
414245.0,4568565.0,2025-05-23
414255.0,4568565.0,2025-05-23
414265.0,4568565.0,2025-05-23
414275.0,4568565.0,2025-05-23
414285.0,4568565.0,2025-05-23
414295.0,4568565.0,2025-05-23
414305.0,4568565.0,2025-05-23
414315.0,4568565.0,2025-05-23
414325.0,4568565.0,2025-05-23
414335.0,4568565.0,2025-05-23
414345.0,4568565.0,2025-05-23
414355.0,4568565.0,2025-05-23
414365.0,4568565.0,2025-05-23
414375.0,4568565.0,2025-05-23
414385.0,4568565.0,2025-05-23
414395.0,4568565.0,2025-05-23
414405.0,4568565.0,2025-05-23
414415.0,4568565.0,2025-05-23
414425.0,4568565.0,2025-05-23
414435.0,4568565.0,2025-05-23
414445.0,4568565.0,2025-05-23
414455.0,4568565.0,2025-05-23
414465.0,4568565.0,2025-05-23
414475.0,4568565.0,2025-05-23
414485.0,4568565.0,2025-05-23
414495.0,4568565.0,2025-05-23
414505.0,4568565.0,2025-05-23
414515.0,4568565.0,2025-05-23
414525.0,4568565.0,2025-05-23
414535.0,4568565.0,2025-05-23
414545.0,4568565.0,2025-05-23
414555.0,4568565.0,2025-05-23
414565.0,4568565.0,2025-05-23
414575.0,4568565.0,2025-05-23
414585.0,4568565.0,2025-05-23
414595.0,4568565.0,2025-05-23
414605.0,4568565.0,2025-05-23
414615.0,4568565.0,2025-05-23
414625.0,4568565.0,2025-05-23
414635.0,4568565.0,2025-05-23
414645.0,4568565.0,2025-05-23
414655.0,4568565.0,2025-05-23
414665.0,4568565.0,2025-05-23
414675.0,4568565.0,2025-05-23
414685.0,4568565.0,2025-05-23
414695.0,4568565.0,2025-05-23
414705.0,4568565.0,2025-05-23
414715.0,4568565.0,2025-05-23
414725.0,4568565.0,2025-05-23
414735.0,4568565.0,2025-05-23
414745.0,4568565.0,2025-05-23
414755.0,4568565.0,2025-05-23
414765.0,4568565.0,2025-05-23
414775.0,4568565.0,2025-05-23
414785.0,4568565.0,2025-05-23
414795.0,4568565.0,2025-05-23
414805.0,4568565.0,2025-05-23
414815.0,4568565.0,2025-05-23
414825.0,4568565.0,2025-05-23
414835.0,4568565.0,2025-05-23
414845.0,4568565.0,2025-05-23
414855.0,4568565.0,2025-05-23
414865.0,4568565.0,2025-05-23
414875.0,4568565.0,2025-05-23
414885.0,4568565.0,2025-05-23
414895.0,4568565.0,2025-05-23
414905.0,4568565.0,2025-05-23
414915.0,4568565.0,2025-05-23
414925.0,4568565.0,2025-05-23
414935.0,4568565.0,2025-05-23
414945.0,4568565.0,2025-05-23
414955.0,4568565.0,2025-05-23
414965.0,4568565.0,2025-05-23
414975.0,4568565.0,2025-05-23
414985.0,4568565.0,2025-05-23
414995.0,4568565.0,2025-05-23
415005.0,4568565.0,2025-05-23
415015.0,4568565.0,2025-05-23
415025.0,4568565.0,2025-05-23
415035.0,4568565.0,2025-05-23
415045.0,4568565.0,2025-05-23
415055.0,4568565.0,2025-05-23
415065.0,4568565.0,2025-05-23
415075.0,4568565.0,2025-05-23
415085.0,4568565.0,2025-05-23
415095.0,4568565.0,2025-05-23
415105.0,4568565.0,2025-05-23
415115.0,4568565.0,2025-05-23
415125.0,4568565.0,2025-05-23
415135.0,4568565.0,2025-05-23
415145.0,4568565.0,2025-05-23
415155.0,4568565.0,2025-05-23
415165.0,4568565.0,2025-05-23
415175.0,4568565.0,2025-05-23
415185.0,4568565.0,2025-05-23
415195.0,4568565.0,2025-05-23
415205.0,4568565.0,2025-05-23
415215.0,4568565.0,2025-05-23
415225.0,4568565.0,2025-05-23
415235.0,4568565.0,2025-05-23
415245.0,4568565.0,2025-05-23
415255.0,4568565.0,2025-05-23
415265.0,4568565.0,2025-05-23
415275.0,4568565.0,2025-05-23
415285.0,4568565.0,2025-05-23
415295.0,4568565.0,2025-05-23
415305.0,4568565.0,2025-05-23
415315.0,4568565.0,2025-05-23
415325.0,4568565.0,2025-05-23
415335.0,4568565.0,2025-05-23
415345.0,4568565.0,2025-05-23
415355.0,4568565.0,2025-05-23
415365.0,4568565.0,2025-05-23
415375.0,4568565.0,2025-05-23
415385.0,4568565.0,2025-05-23
415395.0,4568565.0,2025-05-23
415405.0,4568565.0,2025-05-23
415415.0,4568565.0,2025-05-23
415425.0,4568565.0,2025-05-23
415435.0,4568565.0,2025-05-23
415445.0,4568565.0,2025-05-23
415455.0,4568565.0,2025-05-23
415465.0,4568565.0,2025-05-23
415475.0,4568565.0,2025-05-23
415485.0,4568565.0,2025-05-23
415495.0,4568565.0,2025-05-23
415505.0,4568565.0,2025-05-23
415515.0,4568565.0,2025-05-23
415525.0,4568565.0,2025-05-23
415535.0,4568565.0,2025-05-23
415545.0,4568565.0,2025-05-23
415555.0,4568565.0,2025-05-23
415565.0,4568565.0,2025-05-23
415575.0,4568565.0,2025-05-23
415585.0,4568565.0,2025-05-23
415595.0,4568565.0,2025-05-23
415605.0,4568565.0,2025-05-23
415615.0,4568565.0,2025-05-23
415625.0,4568565.0,2025-05-23
415635.0,4568565.0,2025-05-23
415645.0,4568565.0,2025-05-23
415655.0,4568565.0,2025-05-23
415665.0,4568565.0,2025-05-23
415675.0,4568565.0,2025-05-23
415685.0,4568565.0,2025-05-23
415695.0,4568565.0,2025-05-23
415705.0,4568565.0,2025-05-23
415715.0,4568565.0,2025-05-23
415725.0,4568565.0,2025-05-23
415735.0,4568565.0,2025-05-23
415745.0,4568565.0,2025-05-23
415755.0,4568565.0,2025-05-23
415765.0,4568565.0,2025-05-23
415775.0,4568565.0,2025-05-23
415785.0,4568565.0,2025-05-23
415795.0,4568565.0,2025-05-23
415805.0,4568565.0,2025-05-23
415815.0,4568565.0,2025-05-23
415825.0,4568565.0,2025-05-23
415835.0,4568565.0,2025-05-23
415845.0,4568565.0,2025-05-23
415855.0,4568565.0,2025-05-23
415865.0,4568565.0,2025-05-23
415875.0,4568565.0,2025-05-23
415885.0,4568565.0,2025-05-23
415895.0,4568565.0,2025-05-23
415905.0,4568565.0,2025-05-23
415915.0,4568565.0,2025-05-23
415925.0,4568565.0,2025-05-23
415935.0,4568565.0,2025-05-23
415945.0,4568565.0,2025-05-23
415955.0,4568565.0,2025-05-23
415965.0,4568565.0,2025-05-23
415975.0,4568565.0,2025-05-23
415985.0,4568565.0,2025-05-23
415995.0,4568565.0,2025-05-23
416005.0,4568565.0,2025-05-23
416015.0,4568565.0,2025-05-23
416025.0,4568565.0,2025-05-23
416035.0,4568565.0,2025-05-23
416045.0,4568565.0,2025-05-23
416055.0,4568565.0,2025-05-23
416065.0,4568565.0,2025-05-23
416075.0,4568565.0,2025-05-23
416085.0,4568565.0,2025-05-23
416095.0,4568565.0,2025-05-23
416105.0,4568565.0,2025-05-23
416115.0,4568565.0,2025-05-23
416125.0,4568565.0,2025-05-23
416135.0,4568565.0,2025-05-23
416145.0,4568565.0,2025-05-23
416155.0,4568565.0,2025-05-23
416165.0,4568565.0,2025-05-23
416175.0,4568565.0,2025-05-23
416185.0,4568565.0,2025-05-23
416195.0,4568565.0,2025-05-23
416205.0,4568565.0,2025-05-23
416215.0,4568565.0,2025-05-23
416225.0,4568565.0,2025-05-23
416235.0,4568565.0,2025-05-23
416245.0,4568565.0,2025-05-23
416255.0,4568565.0,2025-05-23
416265.0,4568565.0,2025-05-23
416275.0,4568565.0,2025-05-23
416285.0,4568565.0,2025-05-23
416295.0,4568565.0,2025-05-23
416305.0,4568565.0,2025-05-23
416315.0,4568565.0,2025-05-23
416325.0,4568565.0,2025-05-23
416335.0,4568565.0,2025-05-23
416345.0,4568565.0,2025-05-23
416355.0,4568565.0,2025-05-23
416365.0,4568565.0,2025-05-23
416375.0,4568565.0,2025-05-23
416385.0,4568565.0,2025-05-23
416395.0,4568565.0,2025-05-23
416405.0,4568565.0,2025-05-23
416415.0,4568565.0,2025-05-23
416425.0,4568565.0,2025-05-23
416435.0,4568565.0,2025-05-23
416445.0,4568565.0,2025-05-23
416455.0,4568565.0,2025-05-23
411745.0,4568555.0,2025-05-23
411755.0,4568555.0,2025-05-23
411765.0,4568555.0,2025-05-23
411775.0,4568555.0,2025-05-23
411785.0,4568555.0,2025-05-23
411795.0,4568555.0,2025-05-23
411805.0,4568555.0,2025-05-23
411815.0,4568555.0,2025-05-23
411825.0,4568555.0,2025-05-23
411835.0,4568555.0,2025-05-23
411845.0,4568555.0,2025-05-23
411855.0,4568555.0,2025-05-23
411865.0,4568555.0,2025-05-23
411875.0,4568555.0,2025-05-23
411885.0,4568555.0,2025-05-23
411895.0,4568555.0,2025-05-23
411905.0,4568555.0,2025-05-23
411915.0,4568555.0,2025-05-23
411925.0,4568555.0,2025-05-23
411935.0,4568555.0,2025-05-23
411945.0,4568555.0,2025-05-23
411955.0,4568555.0,2025-05-23
411965.0,4568555.0,2025-05-23
411975.0,4568555.0,2025-05-23
411985.0,4568555.0,2025-05-23
411995.0,4568555.0,2025-05-23
412005.0,4568555.0,2025-05-23
412015.0,4568555.0,2025-05-23
412025.0,4568555.0,2025-05-23
412035.0,4568555.0,2025-05-23
412045.0,4568555.0,2025-05-23
412055.0,4568555.0,2025-05-23
412065.0,4568555.0,2025-05-23
412075.0,4568555.0,2025-05-23
412085.0,4568555.0,2025-05-23
412095.0,4568555.0,2025-05-23
412105.0,4568555.0,2025-05-23
412115.0,4568555.0,2025-05-23
412125.0,4568555.0,2025-05-23
412135.0,4568555.0,2025-05-23
412145.0,4568555.0,2025-05-23
412155.0,4568555.0,2025-05-23
412165.0,4568555.0,2025-05-23
412175.0,4568555.0,2025-05-23
412185.0,4568555.0,2025-05-23
412195.0,4568555.0,2025-05-23
412205.0,4568555.0,2025-05-23
412215.0,4568555.0,2025-05-23
412225.0,4568555.0,2025-05-23
412235.0,4568555.0,2025-05-23
412245.0,4568555.0,2025-05-23
412255.0,4568555.0,2025-05-23
412265.0,4568555.0,2025-05-23
412275.0,4568555.0,2025-05-23
412285.0,4568555.0,2025-05-23
412295.0,4568555.0,2025-05-23
412305.0,4568555.0,2025-05-23
412315.0,4568555.0,2025-05-23
412325.0,4568555.0,2025-05-23
412335.0,4568555.0,2025-05-23
412345.0,4568555.0,2025-05-23
412355.0,4568555.0,2025-05-23
412365.0,4568555.0,2025-05-23
412375.0,4568555.0,2025-05-23
412385.0,4568555.0,2025-05-23
412395.0,4568555.0,2025-05-23
412405.0,4568555.0,2025-05-23
412415.0,4568555.0,2025-05-23
412425.0,4568555.0,2025-05-23
412435.0,4568555.0,2025-05-23
412445.0,4568555.0,2025-05-23
412455.0,4568555.0,2025-05-23
412465.0,4568555.0,2025-05-23
412475.0,4568555.0,2025-05-23
412485.0,4568555.0,2025-05-23
412495.0,4568555.0,2025-05-23
412505.0,4568555.0,2025-05-23
412515.0,4568555.0,2025-05-23
412525.0,4568555.0,2025-05-23
412535.0,4568555.0,2025-05-23
412545.0,4568555.0,2025-05-23
412555.0,4568555.0,2025-05-23
412565.0,4568555.0,2025-05-23
412575.0,4568555.0,2025-05-23
412585.0,4568555.0,2025-05-23
412595.0,4568555.0,2025-05-23
412605.0,4568555.0,2025-05-23
412615.0,4568555.0,2025-05-23
412625.0,4568555.0,2025-05-23
412635.0,4568555.0,2025-05-23
412645.0,4568555.0,2025-05-23
412655.0,4568555.0,2025-05-23
412665.0,4568555.0,2025-05-23
412675.0,4568555.0,2025-05-23
412685.0,4568555.0,2025-05-23
412695.0,4568555.0,2025-05-23
412705.0,4568555.0,2025-05-23
412715.0,4568555.0,2025-05-23
412725.0,4568555.0,2025-05-23
412735.0,4568555.0,2025-05-23
412745.0,4568555.0,2025-05-23
412755.0,4568555.0,2025-05-23
412765.0,4568555.0,2025-05-23
412775.0,4568555.0,2025-05-23
412785.0,4568555.0,2025-05-23
412795.0,4568555.0,2025-05-23
412805.0,4568555.0,2025-05-23
412815.0,4568555.0,2025-05-23
412825.0,4568555.0,2025-05-23
412835.0,4568555.0,2025-05-23
412845.0,4568555.0,2025-05-23
412855.0,4568555.0,2025-05-23
412865.0,4568555.0,2025-05-23
412875.0,4568555.0,2025-05-23
412885.0,4568555.0,2025-05-23
412895.0,4568555.0,2025-05-23
412905.0,4568555.0,2025-05-23
412915.0,4568555.0,2025-05-23
412925.0,4568555.0,2025-05-23
412935.0,4568555.0,2025-05-23
412945.0,4568555.0,2025-05-23
412955.0,4568555.0,2025-05-23
412965.0,4568555.0,2025-05-23
412975.0,4568555.0,2025-05-23
412985.0,4568555.0,2025-05-23
412995.0,4568555.0,2025-05-23
413005.0,4568555.0,2025-05-23
413015.0,4568555.0,2025-05-23
413025.0,4568555.0,2025-05-23
413035.0,4568555.0,2025-05-23
413045.0,4568555.0,2025-05-23
413055.0,4568555.0,2025-05-23
413065.0,4568555.0,2025-05-23
413075.0,4568555.0,2025-05-23
413085.0,4568555.0,2025-05-23
413095.0,4568555.0,2025-05-23
413105.0,4568555.0,2025-05-23
413115.0,4568555.0,2025-05-23
413125.0,4568555.0,2025-05-23
413135.0,4568555.0,2025-05-23
413145.0,4568555.0,2025-05-23
413155.0,4568555.0,2025-05-23
413165.0,4568555.0,2025-05-23
413175.0,4568555.0,2025-05-23
413185.0,4568555.0,2025-05-23
413195.0,4568555.0,2025-05-23
413205.0,4568555.0,2025-05-23
413215.0,4568555.0,2025-05-23
413225.0,4568555.0,2025-05-23
413235.0,4568555.0,2025-05-23
413245.0,4568555.0,2025-05-23
413255.0,4568555.0,2025-05-23
413265.0,4568555.0,2025-05-23
413275.0,4568555.0,2025-05-23
413285.0,4568555.0,2025-05-23
413295.0,4568555.0,2025-05-23
413305.0,4568555.0,2025-05-23
413315.0,4568555.0,2025-05-23
413325.0,4568555.0,2025-05-23
413335.0,4568555.0,2025-05-23
413345.0,4568555.0,2025-05-23
413355.0,4568555.0,2025-05-23
413365.0,4568555.0,2025-05-23
413375.0,4568555.0,2025-05-23
413385.0,4568555.0,2025-05-23
413395.0,4568555.0,2025-05-23
413405.0,4568555.0,2025-05-23
413415.0,4568555.0,2025-05-23
413425.0,4568555.0,2025-05-23
413435.0,4568555.0,2025-05-23
413445.0,4568555.0,2025-05-23
413455.0,4568555.0,2025-05-23
413465.0,4568555.0,2025-05-23
413475.0,4568555.0,2025-05-23
413485.0,4568555.0,2025-05-23
413495.0,4568555.0,2025-05-23
413505.0,4568555.0,2025-05-23
413515.0,4568555.0,2025-05-23
413525.0,4568555.0,2025-05-23
413535.0,4568555.0,2025-05-23
413545.0,4568555.0,2025-05-23
413555.0,4568555.0,2025-05-23
413565.0,4568555.0,2025-05-23
413575.0,4568555.0,2025-05-23
413585.0,4568555.0,2025-05-23
413595.0,4568555.0,2025-05-23
413605.0,4568555.0,2025-05-23
413615.0,4568555.0,2025-05-23
413625.0,4568555.0,2025-05-23
413635.0,4568555.0,2025-05-23
413645.0,4568555.0,2025-05-23
413655.0,4568555.0,2025-05-23
413665.0,4568555.0,2025-05-23
413675.0,4568555.0,2025-05-23
413685.0,4568555.0,2025-05-23
413695.0,4568555.0,2025-05-23
413705.0,4568555.0,2025-05-23
413715.0,4568555.0,2025-05-23
413725.0,4568555.0,2025-05-23
413735.0,4568555.0,2025-05-23
413745.0,4568555.0,2025-05-23
413755.0,4568555.0,2025-05-23
413765.0,4568555.0,2025-05-23
413775.0,4568555.0,2025-05-23
413785.0,4568555.0,2025-05-23
413795.0,4568555.0,2025-05-23
413805.0,4568555.0,2025-05-23
413815.0,4568555.0,2025-05-23
413825.0,4568555.0,2025-05-23
413835.0,4568555.0,2025-05-23
413845.0,4568555.0,2025-05-23
413855.0,4568555.0,2025-05-23
413865.0,4568555.0,2025-05-23
413875.0,4568555.0,2025-05-23
413885.0,4568555.0,2025-05-23
413895.0,4568555.0,2025-05-23
413905.0,4568555.0,2025-05-23
413915.0,4568555.0,2025-05-23
413925.0,4568555.0,2025-05-23
413935.0,4568555.0,2025-05-23
413945.0,4568555.0,2025-05-23
413955.0,4568555.0,2025-05-23
413965.0,4568555.0,2025-05-23
413975.0,4568555.0,2025-05-23
413985.0,4568555.0,2025-05-23
413995.0,4568555.0,2025-05-23
414005.0,4568555.0,2025-05-23
414015.0,4568555.0,2025-05-23
414025.0,4568555.0,2025-05-23
414035.0,4568555.0,2025-05-23
414045.0,4568555.0,2025-05-23
414055.0,4568555.0,2025-05-23
414065.0,4568555.0,2025-05-23
414075.0,4568555.0,2025-05-23
414085.0,4568555.0,2025-05-23
414095.0,4568555.0,2025-05-23
414105.0,4568555.0,2025-05-23
414115.0,4568555.0,2025-05-23
414125.0,4568555.0,2025-05-23
414135.0,4568555.0,2025-05-23
414145.0,4568555.0,2025-05-23
414155.0,4568555.0,2025-05-23
414165.0,4568555.0,2025-05-23
414175.0,4568555.0,2025-05-23
414185.0,4568555.0,2025-05-23
414195.0,4568555.0,2025-05-23
414205.0,4568555.0,2025-05-23
414215.0,4568555.0,2025-05-23
414225.0,4568555.0,2025-05-23
414235.0,4568555.0,2025-05-23
414245.0,4568555.0,2025-05-23
414255.0,4568555.0,2025-05-23
414265.0,4568555.0,2025-05-23
414275.0,4568555.0,2025-05-23
414285.0,4568555.0,2025-05-23
414295.0,4568555.0,2025-05-23
414305.0,4568555.0,2025-05-23
414315.0,4568555.0,2025-05-23
414325.0,4568555.0,2025-05-23
414335.0,4568555.0,2025-05-23
414345.0,4568555.0,2025-05-23
414355.0,4568555.0,2025-05-23
414365.0,4568555.0,2025-05-23
414375.0,4568555.0,2025-05-23
414385.0,4568555.0,2025-05-23
414395.0,4568555.0,2025-05-23
414405.0,4568555.0,2025-05-23
414415.0,4568555.0,2025-05-23
414425.0,4568555.0,2025-05-23
414435.0,4568555.0,2025-05-23
414445.0,4568555.0,2025-05-23
414455.0,4568555.0,2025-05-23
414465.0,4568555.0,2025-05-23
414475.0,4568555.0,2025-05-23
414485.0,4568555.0,2025-05-23
414495.0,4568555.0,2025-05-23
414505.0,4568555.0,2025-05-23
414515.0,4568555.0,2025-05-23
414525.0,4568555.0,2025-05-23
414535.0,4568555.0,2025-05-23
414545.0,4568555.0,2025-05-23
414555.0,4568555.0,2025-05-23
414565.0,4568555.0,2025-05-23
414575.0,4568555.0,2025-05-23
414585.0,4568555.0,2025-05-23
414595.0,4568555.0,2025-05-23
414605.0,4568555.0,2025-05-23
414615.0,4568555.0,2025-05-23
414625.0,4568555.0,2025-05-23
414635.0,4568555.0,2025-05-23
414645.0,4568555.0,2025-05-23
414655.0,4568555.0,2025-05-23
414665.0,4568555.0,2025-05-23
414675.0,4568555.0,2025-05-23
414685.0,4568555.0,2025-05-23
414695.0,4568555.0,2025-05-23
414705.0,4568555.0,2025-05-23
414715.0,4568555.0,2025-05-23
414725.0,4568555.0,2025-05-23
414735.0,4568555.0,2025-05-23
414745.0,4568555.0,2025-05-23
414755.0,4568555.0,2025-05-23
414765.0,4568555.0,2025-05-23
414775.0,4568555.0,2025-05-23
414785.0,4568555.0,2025-05-23
414795.0,4568555.0,2025-05-23
414805.0,4568555.0,2025-05-23
414815.0,4568555.0,2025-05-23
414825.0,4568555.0,2025-05-23
414835.0,4568555.0,2025-05-23
414845.0,4568555.0,2025-05-23
414855.0,4568555.0,2025-05-23
414865.0,4568555.0,2025-05-23
414875.0,4568555.0,2025-05-23
414885.0,4568555.0,2025-05-23
414895.0,4568555.0,2025-05-23
414905.0,4568555.0,2025-05-23
414915.0,4568555.0,2025-05-23
414925.0,4568555.0,2025-05-23
414935.0,4568555.0,2025-05-23
414945.0,4568555.0,2025-05-23
414955.0,4568555.0,2025-05-23
414965.0,4568555.0,2025-05-23
414975.0,4568555.0,2025-05-23
414985.0,4568555.0,2025-05-23
414995.0,4568555.0,2025-05-23
415005.0,4568555.0,2025-05-23
415015.0,4568555.0,2025-05-23
415025.0,4568555.0,2025-05-23
415035.0,4568555.0,2025-05-23
415045.0,4568555.0,2025-05-23
415055.0,4568555.0,2025-05-23
415065.0,4568555.0,2025-05-23
415075.0,4568555.0,2025-05-23
415085.0,4568555.0,2025-05-23
415095.0,4568555.0,2025-05-23
415105.0,4568555.0,2025-05-23
415115.0,4568555.0,2025-05-23
415125.0,4568555.0,2025-05-23
415135.0,4568555.0,2025-05-23
415145.0,4568555.0,2025-05-23
415155.0,4568555.0,2025-05-23
415165.0,4568555.0,2025-05-23
415175.0,4568555.0,2025-05-23
415185.0,4568555.0,2025-05-23
415195.0,4568555.0,2025-05-23
415205.0,4568555.0,2025-05-23
415215.0,4568555.0,2025-05-23
415225.0,4568555.0,2025-05-23
415235.0,4568555.0,2025-05-23
415245.0,4568555.0,2025-05-23
415255.0,4568555.0,2025-05-23
415265.0,4568555.0,2025-05-23
415275.0,4568555.0,2025-05-23
415285.0,4568555.0,2025-05-23
415295.0,4568555.0,2025-05-23
415305.0,4568555.0,2025-05-23
415315.0,4568555.0,2025-05-23
415325.0,4568555.0,2025-05-23
415335.0,4568555.0,2025-05-23
415345.0,4568555.0,2025-05-23
415355.0,4568555.0,2025-05-23
415365.0,4568555.0,2025-05-23
415375.0,4568555.0,2025-05-23
415385.0,4568555.0,2025-05-23
415395.0,4568555.0,2025-05-23
415405.0,4568555.0,2025-05-23
415415.0,4568555.0,2025-05-23
415425.0,4568555.0,2025-05-23
415435.0,4568555.0,2025-05-23
415445.0,4568555.0,2025-05-23
415455.0,4568555.0,2025-05-23
415465.0,4568555.0,2025-05-23
415475.0,4568555.0,2025-05-23
415485.0,4568555.0,2025-05-23
415495.0,4568555.0,2025-05-23
415505.0,4568555.0,2025-05-23
415515.0,4568555.0,2025-05-23
415525.0,4568555.0,2025-05-23
415535.0,4568555.0,2025-05-23
415545.0,4568555.0,2025-05-23
415555.0,4568555.0,2025-05-23
415565.0,4568555.0,2025-05-23
415575.0,4568555.0,2025-05-23
415585.0,4568555.0,2025-05-23
415595.0,4568555.0,2025-05-23
415605.0,4568555.0,2025-05-23
415615.0,4568555.0,2025-05-23
415625.0,4568555.0,2025-05-23
415635.0,4568555.0,2025-05-23
415645.0,4568555.0,2025-05-23
415655.0,4568555.0,2025-05-23
415665.0,4568555.0,2025-05-23
415675.0,4568555.0,2025-05-23
415685.0,4568555.0,2025-05-23
415695.0,4568555.0,2025-05-23
415705.0,4568555.0,2025-05-23
415715.0,4568555.0,2025-05-23
415725.0,4568555.0,2025-05-23
415735.0,4568555.0,2025-05-23
415745.0,4568555.0,2025-05-23
415755.0,4568555.0,2025-05-23
415765.0,4568555.0,2025-05-23
415775.0,4568555.0,2025-05-23
415785.0,4568555.0,2025-05-23
415795.0,4568555.0,2025-05-23
415805.0,4568555.0,2025-05-23
415815.0,4568555.0,2025-05-23
415825.0,4568555.0,2025-05-23
415835.0,4568555.0,2025-05-23
415845.0,4568555.0,2025-05-23
415855.0,4568555.0,2025-05-23
415865.0,4568555.0,2025-05-23
415875.0,4568555.0,2025-05-23
415885.0,4568555.0,2025-05-23
415895.0,4568555.0,2025-05-23
415905.0,4568555.0,2025-05-23
415915.0,4568555.0,2025-05-23
415925.0,4568555.0,2025-05-23
415935.0,4568555.0,2025-05-23
415945.0,4568555.0,2025-05-23
415955.0,4568555.0,2025-05-23
415965.0,4568555.0,2025-05-23
415975.0,4568555.0,2025-05-23
415985.0,4568555.0,2025-05-23
415995.0,4568555.0,2025-05-23
416005.0,4568555.0,2025-05-23
416015.0,4568555.0,2025-05-23
416025.0,4568555.0,2025-05-23
416035.0,4568555.0,2025-05-23
416045.0,4568555.0,2025-05-23
416055.0,4568555.0,2025-05-23
416065.0,4568555.0,2025-05-23
416075.0,4568555.0,2025-05-23
416085.0,4568555.0,2025-05-23
416095.0,4568555.0,2025-05-23
416105.0,4568555.0,2025-05-23
416115.0,4568555.0,2025-05-23
416125.0,4568555.0,2025-05-23
416135.0,4568555.0,2025-05-23
416145.0,4568555.0,2025-05-23
416155.0,4568555.0,2025-05-23
416165.0,4568555.0,2025-05-23
416175.0,4568555.0,2025-05-23
416185.0,4568555.0,2025-05-23
416195.0,4568555.0,2025-05-23
416205.0,4568555.0,2025-05-23
416215.0,4568555.0,2025-05-23
416225.0,4568555.0,2025-05-23
416235.0,4568555.0,2025-05-23
416245.0,4568555.0,2025-05-23
416255.0,4568555.0,2025-05-23
416265.0,4568555.0,2025-05-23
416275.0,4568555.0,2025-05-23
416285.0,4568555.0,2025-05-23
416295.0,4568555.0,2025-05-23
416305.0,4568555.0,2025-05-23
416315.0,4568555.0,2025-05-23
416325.0,4568555.0,2025-05-23
416335.0,4568555.0,2025-05-23
416345.0,4568555.0,2025-05-23
416355.0,4568555.0,2025-05-23
416365.0,4568555.0,2025-05-23
416375.0,4568555.0,2025-05-23
416385.0,4568555.0,2025-05-23
416395.0,4568555.0,2025-05-23
416405.0,4568555.0,2025-05-23
416415.0,4568555.0,2025-05-23
416425.0,4568555.0,2025-05-23
416435.0,4568555.0,2025-05-23
416445.0,4568555.0,2025-05-23
416455.0,4568555.0,2025-05-23
411745.0,4568545.0,2025-05-23
411755.0,4568545.0,2025-05-23
411765.0,4568545.0,2025-05-23
411775.0,4568545.0,2025-05-23
411785.0,4568545.0,2025-05-23
411795.0,4568545.0,2025-05-23
411805.0,4568545.0,2025-05-23
411815.0,4568545.0,2025-05-23
411825.0,4568545.0,2025-05-23
411835.0,4568545.0,2025-05-23
411845.0,4568545.0,2025-05-23
411855.0,4568545.0,2025-05-23
411865.0,4568545.0,2025-05-23
411875.0,4568545.0,2025-05-23
411885.0,4568545.0,2025-05-23
411895.0,4568545.0,2025-05-23
411905.0,4568545.0,2025-05-23
411915.0,4568545.0,2025-05-23
411925.0,4568545.0,2025-05-23
411935.0,4568545.0,2025-05-23
411945.0,4568545.0,2025-05-23
411955.0,4568545.0,2025-05-23
411965.0,4568545.0,2025-05-23
411975.0,4568545.0,2025-05-23
411985.0,4568545.0,2025-05-23
411995.0,4568545.0,2025-05-23
412005.0,4568545.0,2025-05-23
412015.0,4568545.0,2025-05-23
412025.0,4568545.0,2025-05-23
412035.0,4568545.0,2025-05-23
412045.0,4568545.0,2025-05-23
412055.0,4568545.0,2025-05-23
412065.0,4568545.0,2025-05-23
412075.0,4568545.0,2025-05-23
412085.0,4568545.0,2025-05-23
412095.0,4568545.0,2025-05-23
412105.0,4568545.0,2025-05-23
412115.0,4568545.0,2025-05-23
412125.0,4568545.0,2025-05-23
412135.0,4568545.0,2025-05-23
412145.0,4568545.0,2025-05-23
412155.0,4568545.0,2025-05-23
412165.0,4568545.0,2025-05-23
412175.0,4568545.0,2025-05-23
412185.0,4568545.0,2025-05-23
412195.0,4568545.0,2025-05-23
412205.0,4568545.0,2025-05-23
412215.0,4568545.0,2025-05-23
412225.0,4568545.0,2025-05-23
412235.0,4568545.0,2025-05-23
412245.0,4568545.0,2025-05-23
412255.0,4568545.0,2025-05-23
412265.0,4568545.0,2025-05-23
412275.0,4568545.0,2025-05-23
412285.0,4568545.0,2025-05-23
412295.0,4568545.0,2025-05-23
412305.0,4568545.0,2025-05-23
412315.0,4568545.0,2025-05-23
412325.0,4568545.0,2025-05-23
412335.0,4568545.0,2025-05-23
412345.0,4568545.0,2025-05-23
412355.0,4568545.0,2025-05-23
412365.0,4568545.0,2025-05-23
412375.0,4568545.0,2025-05-23
412385.0,4568545.0,2025-05-23
412395.0,4568545.0,2025-05-23
412405.0,4568545.0,2025-05-23
412415.0,4568545.0,2025-05-23
412425.0,4568545.0,2025-05-23
412435.0,4568545.0,2025-05-23
412445.0,4568545.0,2025-05-23
412455.0,4568545.0,2025-05-23
412465.0,4568545.0,2025-05-23
412475.0,4568545.0,2025-05-23
412485.0,4568545.0,2025-05-23
412495.0,4568545.0,2025-05-23
412505.0,4568545.0,2025-05-23
412515.0,4568545.0,2025-05-23
412525.0,4568545.0,2025-05-23
412535.0,4568545.0,2025-05-23
412545.0,4568545.0,2025-05-23
412555.0,4568545.0,2025-05-23
412565.0,4568545.0,2025-05-23
412575.0,4568545.0,2025-05-23
412585.0,4568545.0,2025-05-23
412595.0,4568545.0,2025-05-23
412605.0,4568545.0,2025-05-23
412615.0,4568545.0,2025-05-23
412625.0,4568545.0,2025-05-23
412635.0,4568545.0,2025-05-23
412645.0,4568545.0,2025-05-23
412655.0,4568545.0,2025-05-23
412665.0,4568545.0,2025-05-23
412675.0,4568545.0,2025-05-23
412685.0,4568545.0,2025-05-23
412695.0,4568545.0,2025-05-23
412705.0,4568545.0,2025-05-23
412715.0,4568545.0,2025-05-23
412725.0,4568545.0,2025-05-23
412735.0,4568545.0,2025-05-23
412745.0,4568545.0,2025-05-23
412755.0,4568545.0,2025-05-23
412765.0,4568545.0,2025-05-23
412775.0,4568545.0,2025-05-23
412785.0,4568545.0,2025-05-23
412795.0,4568545.0,2025-05-23
412805.0,4568545.0,2025-05-23
412815.0,4568545.0,2025-05-23
412825.0,4568545.0,2025-05-23
412835.0,4568545.0,2025-05-23
412845.0,4568545.0,2025-05-23
412855.0,4568545.0,2025-05-23
412865.0,4568545.0,2025-05-23
412875.0,4568545.0,2025-05-23
412885.0,4568545.0,2025-05-23
412895.0,4568545.0,2025-05-23
412905.0,4568545.0,2025-05-23
412915.0,4568545.0,2025-05-23
412925.0,4568545.0,2025-05-23
412935.0,4568545.0,2025-05-23
412945.0,4568545.0,2025-05-23
412955.0,4568545.0,2025-05-23
412965.0,4568545.0,2025-05-23
412975.0,4568545.0,2025-05-23
412985.0,4568545.0,2025-05-23
412995.0,4568545.0,2025-05-23
413005.0,4568545.0,2025-05-23
413015.0,4568545.0,2025-05-23
413025.0,4568545.0,2025-05-23
413035.0,4568545.0,2025-05-23
413045.0,4568545.0,2025-05-23
413055.0,4568545.0,2025-05-23
413065.0,4568545.0,2025-05-23
413075.0,4568545.0,2025-05-23
413085.0,4568545.0,2025-05-23
413095.0,4568545.0,2025-05-23
413105.0,4568545.0,2025-05-23
413115.0,4568545.0,2025-05-23
413125.0,4568545.0,2025-05-23
413135.0,4568545.0,2025-05-23
413145.0,4568545.0,2025-05-23
413155.0,4568545.0,2025-05-23
413165.0,4568545.0,2025-05-23
413175.0,4568545.0,2025-05-23
413185.0,4568545.0,2025-05-23
413195.0,4568545.0,2025-05-23
413205.0,4568545.0,2025-05-23
413215.0,4568545.0,2025-05-23
413225.0,4568545.0,2025-05-23
413235.0,4568545.0,2025-05-23
413245.0,4568545.0,2025-05-23
413255.0,4568545.0,2025-05-23
413265.0,4568545.0,2025-05-23
413275.0,4568545.0,2025-05-23
413285.0,4568545.0,2025-05-23
413295.0,4568545.0,2025-05-23
413305.0,4568545.0,2025-05-23
413315.0,4568545.0,2025-05-23
413325.0,4568545.0,2025-05-23
413335.0,4568545.0,2025-05-23
413345.0,4568545.0,2025-05-23
413355.0,4568545.0,2025-05-23
413365.0,4568545.0,2025-05-23
413375.0,4568545.0,2025-05-23
413385.0,4568545.0,2025-05-23
413395.0,4568545.0,2025-05-23
413405.0,4568545.0,2025-05-23
413415.0,4568545.0,2025-05-23
413425.0,4568545.0,2025-05-23
413435.0,4568545.0,2025-05-23
413445.0,4568545.0,2025-05-23
413455.0,4568545.0,2025-05-23
413465.0,4568545.0,2025-05-23
413475.0,4568545.0,2025-05-23
413485.0,4568545.0,2025-05-23
413495.0,4568545.0,2025-05-23
413505.0,4568545.0,2025-05-23
413515.0,4568545.0,2025-05-23
413525.0,4568545.0,2025-05-23
413535.0,4568545.0,2025-05-23
413545.0,4568545.0,2025-05-23
413555.0,4568545.0,2025-05-23
413565.0,4568545.0,2025-05-23
413575.0,4568545.0,2025-05-23
413585.0,4568545.0,2025-05-23
413595.0,4568545.0,2025-05-23
413605.0,4568545.0,2025-05-23
413615.0,4568545.0,2025-05-23
413625.0,4568545.0,2025-05-23
413635.0,4568545.0,2025-05-23
413645.0,4568545.0,2025-05-23
413655.0,4568545.0,2025-05-23
413665.0,4568545.0,2025-05-23
413675.0,4568545.0,2025-05-23
413685.0,4568545.0,2025-05-23
413695.0,4568545.0,2025-05-23
413705.0,4568545.0,2025-05-23
413715.0,4568545.0,2025-05-23
413725.0,4568545.0,2025-05-23
413735.0,4568545.0,2025-05-23
413745.0,4568545.0,2025-05-23
413755.0,4568545.0,2025-05-23
413765.0,4568545.0,2025-05-23
413775.0,4568545.0,2025-05-23
413785.0,4568545.0,2025-05-23
413795.0,4568545.0,2025-05-23
413805.0,4568545.0,2025-05-23
413815.0,4568545.0,2025-05-23
413825.0,4568545.0,2025-05-23
413835.0,4568545.0,2025-05-23
413845.0,4568545.0,2025-05-23
413855.0,4568545.0,2025-05-23
413865.0,4568545.0,2025-05-23
413875.0,4568545.0,2025-05-23
413885.0,4568545.0,2025-05-23
413895.0,4568545.0,2025-05-23
413905.0,4568545.0,2025-05-23
413915.0,4568545.0,2025-05-23
413925.0,4568545.0,2025-05-23
413935.0,4568545.0,2025-05-23
413945.0,4568545.0,2025-05-23
413955.0,4568545.0,2025-05-23
413965.0,4568545.0,2025-05-23
413975.0,4568545.0,2025-05-23
413985.0,4568545.0,2025-05-23
413995.0,4568545.0,2025-05-23
414005.0,4568545.0,2025-05-23
414015.0,4568545.0,2025-05-23
414025.0,4568545.0,2025-05-23
414035.0,4568545.0,2025-05-23
414045.0,4568545.0,2025-05-23
414055.0,4568545.0,2025-05-23
414065.0,4568545.0,2025-05-23
414075.0,4568545.0,2025-05-23
414085.0,4568545.0,2025-05-23
414095.0,4568545.0,2025-05-23
414105.0,4568545.0,2025-05-23
414115.0,4568545.0,2025-05-23
414125.0,4568545.0,2025-05-23
414135.0,4568545.0,2025-05-23
414145.0,4568545.0,2025-05-23
414155.0,4568545.0,2025-05-23
414165.0,4568545.0,2025-05-23
414175.0,4568545.0,2025-05-23
414185.0,4568545.0,2025-05-23
414195.0,4568545.0,2025-05-23
414205.0,4568545.0,2025-05-23
414215.0,4568545.0,2025-05-23
414225.0,4568545.0,2025-05-23
414235.0,4568545.0,2025-05-23
414245.0,4568545.0,2025-05-23
414255.0,4568545.0,2025-05-23
414265.0,4568545.0,2025-05-23
414275.0,4568545.0,2025-05-23
414285.0,4568545.0,2025-05-23
414295.0,4568545.0,2025-05-23
414305.0,4568545.0,2025-05-23
414315.0,4568545.0,2025-05-23
414325.0,4568545.0,2025-05-23
414335.0,4568545.0,2025-05-23
414345.0,4568545.0,2025-05-23
414355.0,4568545.0,2025-05-23
414365.0,4568545.0,2025-05-23
414375.0,4568545.0,2025-05-23
414385.0,4568545.0,2025-05-23
414395.0,4568545.0,2025-05-23
414405.0,4568545.0,2025-05-23
414415.0,4568545.0,2025-05-23
414425.0,4568545.0,2025-05-23
414435.0,4568545.0,2025-05-23
414445.0,4568545.0,2025-05-23
414455.0,4568545.0,2025-05-23
414465.0,4568545.0,2025-05-23
414475.0,4568545.0,2025-05-23
414485.0,4568545.0,2025-05-23
414495.0,4568545.0,2025-05-23
414505.0,4568545.0,2025-05-23
414515.0,4568545.0,2025-05-23
414525.0,4568545.0,2025-05-23
414535.0,4568545.0,2025-05-23
414545.0,4568545.0,2025-05-23
414555.0,4568545.0,2025-05-23
414565.0,4568545.0,2025-05-23
414575.0,4568545.0,2025-05-23
414585.0,4568545.0,2025-05-23
414595.0,4568545.0,2025-05-23
414605.0,4568545.0,2025-05-23
414615.0,4568545.0,2025-05-23
414625.0,4568545.0,2025-05-23
414635.0,4568545.0,2025-05-23
414645.0,4568545.0,2025-05-23
414655.0,4568545.0,2025-05-23
414665.0,4568545.0,2025-05-23
414675.0,4568545.0,2025-05-23
414685.0,4568545.0,2025-05-23
414695.0,4568545.0,2025-05-23
414705.0,4568545.0,2025-05-23
414715.0,4568545.0,2025-05-23
414725.0,4568545.0,2025-05-23
414735.0,4568545.0,2025-05-23
414745.0,4568545.0,2025-05-23
414755.0,4568545.0,2025-05-23
414765.0,4568545.0,2025-05-23
414775.0,4568545.0,2025-05-23
414785.0,4568545.0,2025-05-23
414795.0,4568545.0,2025-05-23
414805.0,4568545.0,2025-05-23
414815.0,4568545.0,2025-05-23
414825.0,4568545.0,2025-05-23
414835.0,4568545.0,2025-05-23
414845.0,4568545.0,2025-05-23
414855.0,4568545.0,2025-05-23
414865.0,4568545.0,2025-05-23
414875.0,4568545.0,2025-05-23
414885.0,4568545.0,2025-05-23
414895.0,4568545.0,2025-05-23
414905.0,4568545.0,2025-05-23
414915.0,4568545.0,2025-05-23
414925.0,4568545.0,2025-05-23
414935.0,4568545.0,2025-05-23
414945.0,4568545.0,2025-05-23
414955.0,4568545.0,2025-05-23
414965.0,4568545.0,2025-05-23
414975.0,4568545.0,2025-05-23
414985.0,4568545.0,2025-05-23
414995.0,4568545.0,2025-05-23
415005.0,4568545.0,2025-05-23
415015.0,4568545.0,2025-05-23
415025.0,4568545.0,2025-05-23
415035.0,4568545.0,2025-05-23
415045.0,4568545.0,2025-05-23
415055.0,4568545.0,2025-05-23
415065.0,4568545.0,2025-05-23
415075.0,4568545.0,2025-05-23
415085.0,4568545.0,2025-05-23
415095.0,4568545.0,2025-05-23
415105.0,4568545.0,2025-05-23
415115.0,4568545.0,2025-05-23
415125.0,4568545.0,2025-05-23
415135.0,4568545.0,2025-05-23
415145.0,4568545.0,2025-05-23
415155.0,4568545.0,2025-05-23
415165.0,4568545.0,2025-05-23
415175.0,4568545.0,2025-05-23
415185.0,4568545.0,2025-05-23
415195.0,4568545.0,2025-05-23
415205.0,4568545.0,2025-05-23
415215.0,4568545.0,2025-05-23
415225.0,4568545.0,2025-05-23
415235.0,4568545.0,2025-05-23
415245.0,4568545.0,2025-05-23
415255.0,4568545.0,2025-05-23
415265.0,4568545.0,2025-05-23
415275.0,4568545.0,2025-05-23
415285.0,4568545.0,2025-05-23
415295.0,4568545.0,2025-05-23
415305.0,4568545.0,2025-05-23
415315.0,4568545.0,2025-05-23
415325.0,4568545.0,2025-05-23
415335.0,4568545.0,2025-05-23
415345.0,4568545.0,2025-05-23
415355.0,4568545.0,2025-05-23
415365.0,4568545.0,2025-05-23
415375.0,4568545.0,2025-05-23
415385.0,4568545.0,2025-05-23
415395.0,4568545.0,2025-05-23
415405.0,4568545.0,2025-05-23
415415.0,4568545.0,2025-05-23
415425.0,4568545.0,2025-05-23
415435.0,4568545.0,2025-05-23
415445.0,4568545.0,2025-05-23
415455.0,4568545.0,2025-05-23
415465.0,4568545.0,2025-05-23
415475.0,4568545.0,2025-05-23
415485.0,4568545.0,2025-05-23
415495.0,4568545.0,2025-05-23
415505.0,4568545.0,2025-05-23
415515.0,4568545.0,2025-05-23
415525.0,4568545.0,2025-05-23
415535.0,4568545.0,2025-05-23
415545.0,4568545.0,2025-05-23
415555.0,4568545.0,2025-05-23
415565.0,4568545.0,2025-05-23
415575.0,4568545.0,2025-05-23
415585.0,4568545.0,2025-05-23
415595.0,4568545.0,2025-05-23
415605.0,4568545.0,2025-05-23
415615.0,4568545.0,2025-05-23
415625.0,4568545.0,2025-05-23
415635.0,4568545.0,2025-05-23
415645.0,4568545.0,2025-05-23
415655.0,4568545.0,2025-05-23
415665.0,4568545.0,2025-05-23
415675.0,4568545.0,2025-05-23
415685.0,4568545.0,2025-05-23
415695.0,4568545.0,2025-05-23
415705.0,4568545.0,2025-05-23
415715.0,4568545.0,2025-05-23
415725.0,4568545.0,2025-05-23
415735.0,4568545.0,2025-05-23
415745.0,4568545.0,2025-05-23
415755.0,4568545.0,2025-05-23
415765.0,4568545.0,2025-05-23
415775.0,4568545.0,2025-05-23
415785.0,4568545.0,2025-05-23
415795.0,4568545.0,2025-05-23
415805.0,4568545.0,2025-05-23
415815.0,4568545.0,2025-05-23
415825.0,4568545.0,2025-05-23
415835.0,4568545.0,2025-05-23
415845.0,4568545.0,2025-05-23
415855.0,4568545.0,2025-05-23
415865.0,4568545.0,2025-05-23
415875.0,4568545.0,2025-05-23
415885.0,4568545.0,2025-05-23
415895.0,4568545.0,2025-05-23
415905.0,4568545.0,2025-05-23
415915.0,4568545.0,2025-05-23
415925.0,4568545.0,2025-05-23
415935.0,4568545.0,2025-05-23
415945.0,4568545.0,2025-05-23
415955.0,4568545.0,2025-05-23
415965.0,4568545.0,2025-05-23
415975.0,4568545.0,2025-05-23
415985.0,4568545.0,2025-05-23
415995.0,4568545.0,2025-05-23
416005.0,4568545.0,2025-05-23
416015.0,4568545.0,2025-05-23
416025.0,4568545.0,2025-05-23
416035.0,4568545.0,2025-05-23
416045.0,4568545.0,2025-05-23
416055.0,4568545.0,2025-05-23
416065.0,4568545.0,2025-05-23
416075.0,4568545.0,2025-05-23
416085.0,4568545.0,2025-05-23
416095.0,4568545.0,2025-05-23
416105.0,4568545.0,2025-05-23
416115.0,4568545.0,2025-05-23
416125.0,4568545.0,2025-05-23
416135.0,4568545.0,2025-05-23
416145.0,4568545.0,2025-05-23
416155.0,4568545.0,2025-05-23
416165.0,4568545.0,2025-05-23
416175.0,4568545.0,2025-05-23
416185.0,4568545.0,2025-05-23
416195.0,4568545.0,2025-05-23
416205.0,4568545.0,2025-05-23
416215.0,4568545.0,2025-05-23
416225.0,4568545.0,2025-05-23
416235.0,4568545.0,2025-05-23
416245.0,4568545.0,2025-05-23
416255.0,4568545.0,2025-05-23
416265.0,4568545.0,2025-05-23
416275.0,4568545.0,2025-05-23
416285.0,4568545.0,2025-05-23
416295.0,4568545.0,2025-05-23
416305.0,4568545.0,2025-05-23
416315.0,4568545.0,2025-05-23
416325.0,4568545.0,2025-05-23
416335.0,4568545.0,2025-05-23
416345.0,4568545.0,2025-05-23
416355.0,4568545.0,2025-05-23
416365.0,4568545.0,2025-05-23
416375.0,4568545.0,2025-05-23
416385.0,4568545.0,2025-05-23
416395.0,4568545.0,2025-05-23
416405.0,4568545.0,2025-05-23
416415.0,4568545.0,2025-05-23
416425.0,4568545.0,2025-05-23
416435.0,4568545.0,2025-05-23
416445.0,4568545.0,2025-05-23
416455.0,4568545.0,2025-05-23
412575.0,4568535.0,2025-05-23
412585.0,4568535.0,2025-05-23
412595.0,4568535.0,2025-05-23
412605.0,4568535.0,2025-05-23
412615.0,4568535.0,2025-05-23
412625.0,4568535.0,2025-05-23
412635.0,4568535.0,2025-05-23
412645.0,4568535.0,2025-05-23
412655.0,4568535.0,2025-05-23
412665.0,4568535.0,2025-05-23
412675.0,4568535.0,2025-05-23
412685.0,4568535.0,2025-05-23
412695.0,4568535.0,2025-05-23
412705.0,4568535.0,2025-05-23
412715.0,4568535.0,2025-05-23
412725.0,4568535.0,2025-05-23
412735.0,4568535.0,2025-05-23
412745.0,4568535.0,2025-05-23
412755.0,4568535.0,2025-05-23
412765.0,4568535.0,2025-05-23
412775.0,4568535.0,2025-05-23
412785.0,4568535.0,2025-05-23
412795.0,4568535.0,2025-05-23
412805.0,4568535.0,2025-05-23
412815.0,4568535.0,2025-05-23
412825.0,4568535.0,2025-05-23
412835.0,4568535.0,2025-05-23
412845.0,4568535.0,2025-05-23
412855.0,4568535.0,2025-05-23
412865.0,4568535.0,2025-05-23
412875.0,4568535.0,2025-05-23
412885.0,4568535.0,2025-05-23
412895.0,4568535.0,2025-05-23
412905.0,4568535.0,2025-05-23
412915.0,4568535.0,2025-05-23
412925.0,4568535.0,2025-05-23
412935.0,4568535.0,2025-05-23
412945.0,4568535.0,2025-05-23
412955.0,4568535.0,2025-05-23
412965.0,4568535.0,2025-05-23
412975.0,4568535.0,2025-05-23
412985.0,4568535.0,2025-05-23
412995.0,4568535.0,2025-05-23
413005.0,4568535.0,2025-05-23
413015.0,4568535.0,2025-05-23
413025.0,4568535.0,2025-05-23
413035.0,4568535.0,2025-05-23
413045.0,4568535.0,2025-05-23
413055.0,4568535.0,2025-05-23
413065.0,4568535.0,2025-05-23
413075.0,4568535.0,2025-05-23
413085.0,4568535.0,2025-05-23
413095.0,4568535.0,2025-05-23
413105.0,4568535.0,2025-05-23
413115.0,4568535.0,2025-05-23
413125.0,4568535.0,2025-05-23
413135.0,4568535.0,2025-05-23
413145.0,4568535.0,2025-05-23
413155.0,4568535.0,2025-05-23
413165.0,4568535.0,2025-05-23
413175.0,4568535.0,2025-05-23
413185.0,4568535.0,2025-05-23
413195.0,4568535.0,2025-05-23
413205.0,4568535.0,2025-05-23
413215.0,4568535.0,2025-05-23
413225.0,4568535.0,2025-05-23
413235.0,4568535.0,2025-05-23
413245.0,4568535.0,2025-05-23
413255.0,4568535.0,2025-05-23
413265.0,4568535.0,2025-05-23
413275.0,4568535.0,2025-05-23
413285.0,4568535.0,2025-05-23
413295.0,4568535.0,2025-05-23
413305.0,4568535.0,2025-05-23
413315.0,4568535.0,2025-05-23
413325.0,4568535.0,2025-05-23
413335.0,4568535.0,2025-05-23
413345.0,4568535.0,2025-05-23
413355.0,4568535.0,2025-05-23
413365.0,4568535.0,2025-05-23
413375.0,4568535.0,2025-05-23
413385.0,4568535.0,2025-05-23
413395.0,4568535.0,2025-05-23
413405.0,4568535.0,2025-05-23
413415.0,4568535.0,2025-05-23
413425.0,4568535.0,2025-05-23
413435.0,4568535.0,2025-05-23
413445.0,4568535.0,2025-05-23
413455.0,4568535.0,2025-05-23
413465.0,4568535.0,2025-05-23
413475.0,4568535.0,2025-05-23
413485.0,4568535.0,2025-05-23
413495.0,4568535.0,2025-05-23
413505.0,4568535.0,2025-05-23
413515.0,4568535.0,2025-05-23
413525.0,4568535.0,2025-05-23
413535.0,4568535.0,2025-05-23
413545.0,4568535.0,2025-05-23
413555.0,4568535.0,2025-05-23
413565.0,4568535.0,2025-05-23
413575.0,4568535.0,2025-05-23
413585.0,4568535.0,2025-05-23
413595.0,4568535.0,2025-05-23
413605.0,4568535.0,2025-05-23
413615.0,4568535.0,2025-05-23
413625.0,4568535.0,2025-05-23
413635.0,4568535.0,2025-05-23
413645.0,4568535.0,2025-05-23
413655.0,4568535.0,2025-05-23
413665.0,4568535.0,2025-05-23
413675.0,4568535.0,2025-05-23
413685.0,4568535.0,2025-05-23
413695.0,4568535.0,2025-05-23
413705.0,4568535.0,2025-05-23
413715.0,4568535.0,2025-05-23
413725.0,4568535.0,2025-05-23
413735.0,4568535.0,2025-05-23
413745.0,4568535.0,2025-05-23
413755.0,4568535.0,2025-05-23
413765.0,4568535.0,2025-05-23
413775.0,4568535.0,2025-05-23
413785.0,4568535.0,2025-05-23
413795.0,4568535.0,2025-05-23
413805.0,4568535.0,2025-05-23
413815.0,4568535.0,2025-05-23
413825.0,4568535.0,2025-05-23
413835.0,4568535.0,2025-05-23
413845.0,4568535.0,2025-05-23
413855.0,4568535.0,2025-05-23
413865.0,4568535.0,2025-05-23
413875.0,4568535.0,2025-05-23
413885.0,4568535.0,2025-05-23
413895.0,4568535.0,2025-05-23
413905.0,4568535.0,2025-05-23
413915.0,4568535.0,2025-05-23
413925.0,4568535.0,2025-05-23
413935.0,4568535.0,2025-05-23
413945.0,4568535.0,2025-05-23
413955.0,4568535.0,2025-05-23
413965.0,4568535.0,2025-05-23
413975.0,4568535.0,2025-05-23
413985.0,4568535.0,2025-05-23
413995.0,4568535.0,2025-05-23
414005.0,4568535.0,2025-05-23
414015.0,4568535.0,2025-05-23
414025.0,4568535.0,2025-05-23
414035.0,4568535.0,2025-05-23
414045.0,4568535.0,2025-05-23
414055.0,4568535.0,2025-05-23
414065.0,4568535.0,2025-05-23
414075.0,4568535.0,2025-05-23
414085.0,4568535.0,2025-05-23
414095.0,4568535.0,2025-05-23
414105.0,4568535.0,2025-05-23
414115.0,4568535.0,2025-05-23
414125.0,4568535.0,2025-05-23
414135.0,4568535.0,2025-05-23
414145.0,4568535.0,2025-05-23
414155.0,4568535.0,2025-05-23
414165.0,4568535.0,2025-05-23
414175.0,4568535.0,2025-05-23
414185.0,4568535.0,2025-05-23
414195.0,4568535.0,2025-05-23
414205.0,4568535.0,2025-05-23
414215.0,4568535.0,2025-05-23
414225.0,4568535.0,2025-05-23
414235.0,4568535.0,2025-05-23
414245.0,4568535.0,2025-05-23
414255.0,4568535.0,2025-05-23
414265.0,4568535.0,2025-05-23
414275.0,4568535.0,2025-05-23
414285.0,4568535.0,2025-05-23
414295.0,4568535.0,2025-05-23
414305.0,4568535.0,2025-05-23
414315.0,4568535.0,2025-05-23
414325.0,4568535.0,2025-05-23
414335.0,4568535.0,2025-05-23
414345.0,4568535.0,2025-05-23
414355.0,4568535.0,2025-05-23
414365.0,4568535.0,2025-05-23
414375.0,4568535.0,2025-05-23
414385.0,4568535.0,2025-05-23
414395.0,4568535.0,2025-05-23
414405.0,4568535.0,2025-05-23
414415.0,4568535.0,2025-05-23
414425.0,4568535.0,2025-05-23
414435.0,4568535.0,2025-05-23
414445.0,4568535.0,2025-05-23
414455.0,4568535.0,2025-05-23
414465.0,4568535.0,2025-05-23
414475.0,4568535.0,2025-05-23
414485.0,4568535.0,2025-05-23
414495.0,4568535.0,2025-05-23
414505.0,4568535.0,2025-05-23
414515.0,4568535.0,2025-05-23
414525.0,4568535.0,2025-05-23
414535.0,4568535.0,2025-05-23
414545.0,4568535.0,2025-05-23
414555.0,4568535.0,2025-05-23
414565.0,4568535.0,2025-05-23
414575.0,4568535.0,2025-05-23
414585.0,4568535.0,2025-05-23
414595.0,4568535.0,2025-05-23
414605.0,4568535.0,2025-05-23
414615.0,4568535.0,2025-05-23
414625.0,4568535.0,2025-05-23
414635.0,4568535.0,2025-05-23
414645.0,4568535.0,2025-05-23
414655.0,4568535.0,2025-05-23
414665.0,4568535.0,2025-05-23
414675.0,4568535.0,2025-05-23
414685.0,4568535.0,2025-05-23
414695.0,4568535.0,2025-05-23
414705.0,4568535.0,2025-05-23
414715.0,4568535.0,2025-05-23
414725.0,4568535.0,2025-05-23
414735.0,4568535.0,2025-05-23
414745.0,4568535.0,2025-05-23
414755.0,4568535.0,2025-05-23
414765.0,4568535.0,2025-05-23
414775.0,4568535.0,2025-05-23
414785.0,4568535.0,2025-05-23
414795.0,4568535.0,2025-05-23
414805.0,4568535.0,2025-05-23
414815.0,4568535.0,2025-05-23
414825.0,4568535.0,2025-05-23
414835.0,4568535.0,2025-05-23
414845.0,4568535.0,2025-05-23
414855.0,4568535.0,2025-05-23
414865.0,4568535.0,2025-05-23
414875.0,4568535.0,2025-05-23
414885.0,4568535.0,2025-05-23
414895.0,4568535.0,2025-05-23
414905.0,4568535.0,2025-05-23
414915.0,4568535.0,2025-05-23
414925.0,4568535.0,2025-05-23
414935.0,4568535.0,2025-05-23
414945.0,4568535.0,2025-05-23
414955.0,4568535.0,2025-05-23
414965.0,4568535.0,2025-05-23
414975.0,4568535.0,2025-05-23
414985.0,4568535.0,2025-05-23
414995.0,4568535.0,2025-05-23
415005.0,4568535.0,2025-05-23
415015.0,4568535.0,2025-05-23
415025.0,4568535.0,2025-05-23
415035.0,4568535.0,2025-05-23
415045.0,4568535.0,2025-05-23
415055.0,4568535.0,2025-05-23
415065.0,4568535.0,2025-05-23
415075.0,4568535.0,2025-05-23
415085.0,4568535.0,2025-05-23
415095.0,4568535.0,2025-05-23
415105.0,4568535.0,2025-05-23
415115.0,4568535.0,2025-05-23
415125.0,4568535.0,2025-05-23
415135.0,4568535.0,2025-05-23
415145.0,4568535.0,2025-05-23
415155.0,4568535.0,2025-05-23
415165.0,4568535.0,2025-05-23
415175.0,4568535.0,2025-05-23
415185.0,4568535.0,2025-05-23
415195.0,4568535.0,2025-05-23
415205.0,4568535.0,2025-05-23
415215.0,4568535.0,2025-05-23
415225.0,4568535.0,2025-05-23
415235.0,4568535.0,2025-05-23
415245.0,4568535.0,2025-05-23
415255.0,4568535.0,2025-05-23
415265.0,4568535.0,2025-05-23
415275.0,4568535.0,2025-05-23
415285.0,4568535.0,2025-05-23
415295.0,4568535.0,2025-05-23
415305.0,4568535.0,2025-05-23
415315.0,4568535.0,2025-05-23
415325.0,4568535.0,2025-05-23
415335.0,4568535.0,2025-05-23
415345.0,4568535.0,2025-05-23
415355.0,4568535.0,2025-05-23
415365.0,4568535.0,2025-05-23
415375.0,4568535.0,2025-05-23
415385.0,4568535.0,2025-05-23
415395.0,4568535.0,2025-05-23
415405.0,4568535.0,2025-05-23
415415.0,4568535.0,2025-05-23
415425.0,4568535.0,2025-05-23
415435.0,4568535.0,2025-05-23
415445.0,4568535.0,2025-05-23
415455.0,4568535.0,2025-05-23
415465.0,4568535.0,2025-05-23
415475.0,4568535.0,2025-05-23
415485.0,4568535.0,2025-05-23
415495.0,4568535.0,2025-05-23
415505.0,4568535.0,2025-05-23
415515.0,4568535.0,2025-05-23
415525.0,4568535.0,2025-05-23
415535.0,4568535.0,2025-05-23
415545.0,4568535.0,2025-05-23
415555.0,4568535.0,2025-05-23
415565.0,4568535.0,2025-05-23
415575.0,4568535.0,2025-05-23
415585.0,4568535.0,2025-05-23
415595.0,4568535.0,2025-05-23
415605.0,4568535.0,2025-05-23
415615.0,4568535.0,2025-05-23
415625.0,4568535.0,2025-05-23
415635.0,4568535.0,2025-05-23
415645.0,4568535.0,2025-05-23
415655.0,4568535.0,2025-05-23
415665.0,4568535.0,2025-05-23
415675.0,4568535.0,2025-05-23
415685.0,4568535.0,2025-05-23
415695.0,4568535.0,2025-05-23
415705.0,4568535.0,2025-05-23
415715.0,4568535.0,2025-05-23
415725.0,4568535.0,2025-05-23
415735.0,4568535.0,2025-05-23
415745.0,4568535.0,2025-05-23
415755.0,4568535.0,2025-05-23
415765.0,4568535.0,2025-05-23
415775.0,4568535.0,2025-05-23
415785.0,4568535.0,2025-05-23
415795.0,4568535.0,2025-05-23
415805.0,4568535.0,2025-05-23
415815.0,4568535.0,2025-05-23
415825.0,4568535.0,2025-05-23
415835.0,4568535.0,2025-05-23
415845.0,4568535.0,2025-05-23
415855.0,4568535.0,2025-05-23
415865.0,4568535.0,2025-05-23
415875.0,4568535.0,2025-05-23
415885.0,4568535.0,2025-05-23
415895.0,4568535.0,2025-05-23
415905.0,4568535.0,2025-05-23
415915.0,4568535.0,2025-05-23
415925.0,4568535.0,2025-05-23
415935.0,4568535.0,2025-05-23
415945.0,4568535.0,2025-05-23
415955.0,4568535.0,2025-05-23
415965.0,4568535.0,2025-05-23
415975.0,4568535.0,2025-05-23
415985.0,4568535.0,2025-05-23
415995.0,4568535.0,2025-05-23
416005.0,4568535.0,2025-05-23
416015.0,4568535.0,2025-05-23
416025.0,4568535.0,2025-05-23
416035.0,4568535.0,2025-05-23
416045.0,4568535.0,2025-05-23
416055.0,4568535.0,2025-05-23
416065.0,4568535.0,2025-05-23
416075.0,4568535.0,2025-05-23
416085.0,4568535.0,2025-05-23
416095.0,4568535.0,2025-05-23
416105.0,4568535.0,2025-05-23
416115.0,4568535.0,2025-05-23
416125.0,4568535.0,2025-05-23
416135.0,4568535.0,2025-05-23
416145.0,4568535.0,2025-05-23
416155.0,4568535.0,2025-05-23
416165.0,4568535.0,2025-05-23
416175.0,4568535.0,2025-05-23
416185.0,4568535.0,2025-05-23
416195.0,4568535.0,2025-05-23
416205.0,4568535.0,2025-05-23
416215.0,4568535.0,2025-05-23
416225.0,4568535.0,2025-05-23
416235.0,4568535.0,2025-05-23
416245.0,4568535.0,2025-05-23
416255.0,4568535.0,2025-05-23
416265.0,4568535.0,2025-05-23
416275.0,4568535.0,2025-05-23
416285.0,4568535.0,2025-05-23
416295.0,4568535.0,2025-05-23
416305.0,4568535.0,2025-05-23
416315.0,4568535.0,2025-05-23
416325.0,4568535.0,2025-05-23
416335.0,4568535.0,2025-05-23
416345.0,4568535.0,2025-05-23
416355.0,4568535.0,2025-05-23
416365.0,4568535.0,2025-05-23
416375.0,4568535.0,2025-05-23
416385.0,4568535.0,2025-05-23
416395.0,4568535.0,2025-05-23
416405.0,4568535.0,2025-05-23
416415.0,4568535.0,2025-05-23
416425.0,4568535.0,2025-05-23
416435.0,4568535.0,2025-05-23
416445.0,4568535.0,2025-05-23
416455.0,4568535.0,2025-05-23
413425.0,4568525.0,2025-05-23
413435.0,4568525.0,2025-05-23
413445.0,4568525.0,2025-05-23
413455.0,4568525.0,2025-05-23
413465.0,4568525.0,2025-05-23
413475.0,4568525.0,2025-05-23
413485.0,4568525.0,2025-05-23
413495.0,4568525.0,2025-05-23
413505.0,4568525.0,2025-05-23
413515.0,4568525.0,2025-05-23
413525.0,4568525.0,2025-05-23
413535.0,4568525.0,2025-05-23
413545.0,4568525.0,2025-05-23
413555.0,4568525.0,2025-05-23
413565.0,4568525.0,2025-05-23
413575.0,4568525.0,2025-05-23
413585.0,4568525.0,2025-05-23
413595.0,4568525.0,2025-05-23
413605.0,4568525.0,2025-05-23
413615.0,4568525.0,2025-05-23
413625.0,4568525.0,2025-05-23
413635.0,4568525.0,2025-05-23
413645.0,4568525.0,2025-05-23
413655.0,4568525.0,2025-05-23
413665.0,4568525.0,2025-05-23
413675.0,4568525.0,2025-05-23
413685.0,4568525.0,2025-05-23
413695.0,4568525.0,2025-05-23
413705.0,4568525.0,2025-05-23
413715.0,4568525.0,2025-05-23
413725.0,4568525.0,2025-05-23
413735.0,4568525.0,2025-05-23
413745.0,4568525.0,2025-05-23
413755.0,4568525.0,2025-05-23
413765.0,4568525.0,2025-05-23
413775.0,4568525.0,2025-05-23
413785.0,4568525.0,2025-05-23
413795.0,4568525.0,2025-05-23
413805.0,4568525.0,2025-05-23
413815.0,4568525.0,2025-05-23
413825.0,4568525.0,2025-05-23
413835.0,4568525.0,2025-05-23
413845.0,4568525.0,2025-05-23
413855.0,4568525.0,2025-05-23
413865.0,4568525.0,2025-05-23
413875.0,4568525.0,2025-05-23
413885.0,4568525.0,2025-05-23
413895.0,4568525.0,2025-05-23
413905.0,4568525.0,2025-05-23
413915.0,4568525.0,2025-05-23
413925.0,4568525.0,2025-05-23
413935.0,4568525.0,2025-05-23
413945.0,4568525.0,2025-05-23
413955.0,4568525.0,2025-05-23
413965.0,4568525.0,2025-05-23
413975.0,4568525.0,2025-05-23
413985.0,4568525.0,2025-05-23
413995.0,4568525.0,2025-05-23
414005.0,4568525.0,2025-05-23
414015.0,4568525.0,2025-05-23
414025.0,4568525.0,2025-05-23
414035.0,4568525.0,2025-05-23
414045.0,4568525.0,2025-05-23
414055.0,4568525.0,2025-05-23
414065.0,4568525.0,2025-05-23
414075.0,4568525.0,2025-05-23
414085.0,4568525.0,2025-05-23
414095.0,4568525.0,2025-05-23
414105.0,4568525.0,2025-05-23
414115.0,4568525.0,2025-05-23
414125.0,4568525.0,2025-05-23
414135.0,4568525.0,2025-05-23
414145.0,4568525.0,2025-05-23
414155.0,4568525.0,2025-05-23
414165.0,4568525.0,2025-05-23
414175.0,4568525.0,2025-05-23
414185.0,4568525.0,2025-05-23
414195.0,4568525.0,2025-05-23
414205.0,4568525.0,2025-05-23
414215.0,4568525.0,2025-05-23
414225.0,4568525.0,2025-05-23
414235.0,4568525.0,2025-05-23
414245.0,4568525.0,2025-05-23
414255.0,4568525.0,2025-05-23
414265.0,4568525.0,2025-05-23
414275.0,4568525.0,2025-05-23
414285.0,4568525.0,2025-05-23
414295.0,4568525.0,2025-05-23
414305.0,4568525.0,2025-05-23
414315.0,4568525.0,2025-05-23
414325.0,4568525.0,2025-05-23
414335.0,4568525.0,2025-05-23
414345.0,4568525.0,2025-05-23
414355.0,4568525.0,2025-05-23
414365.0,4568525.0,2025-05-23
414375.0,4568525.0,2025-05-23
414385.0,4568525.0,2025-05-23
414395.0,4568525.0,2025-05-23
414405.0,4568525.0,2025-05-23
414415.0,4568525.0,2025-05-23
414425.0,4568525.0,2025-05-23
414435.0,4568525.0,2025-05-23
414445.0,4568525.0,2025-05-23
414455.0,4568525.0,2025-05-23
414465.0,4568525.0,2025-05-23
414475.0,4568525.0,2025-05-23
414485.0,4568525.0,2025-05-23
414495.0,4568525.0,2025-05-23
414505.0,4568525.0,2025-05-23
414515.0,4568525.0,2025-05-23
414525.0,4568525.0,2025-05-23
414535.0,4568525.0,2025-05-23
414545.0,4568525.0,2025-05-23
414555.0,4568525.0,2025-05-23
414565.0,4568525.0,2025-05-23
414575.0,4568525.0,2025-05-23
414585.0,4568525.0,2025-05-23
414595.0,4568525.0,2025-05-23
414605.0,4568525.0,2025-05-23
414615.0,4568525.0,2025-05-23
414625.0,4568525.0,2025-05-23
414635.0,4568525.0,2025-05-23
414645.0,4568525.0,2025-05-23
414655.0,4568525.0,2025-05-23
414665.0,4568525.0,2025-05-23
414675.0,4568525.0,2025-05-23
414685.0,4568525.0,2025-05-23
414695.0,4568525.0,2025-05-23
414705.0,4568525.0,2025-05-23
414715.0,4568525.0,2025-05-23
414725.0,4568525.0,2025-05-23
414735.0,4568525.0,2025-05-23
414745.0,4568525.0,2025-05-23
414755.0,4568525.0,2025-05-23
414765.0,4568525.0,2025-05-23
414775.0,4568525.0,2025-05-23
414785.0,4568525.0,2025-05-23
414795.0,4568525.0,2025-05-23
414805.0,4568525.0,2025-05-23
414815.0,4568525.0,2025-05-23
414825.0,4568525.0,2025-05-23
414835.0,4568525.0,2025-05-23
414845.0,4568525.0,2025-05-23
414855.0,4568525.0,2025-05-23
414865.0,4568525.0,2025-05-23
414875.0,4568525.0,2025-05-23
414885.0,4568525.0,2025-05-23
414895.0,4568525.0,2025-05-23
414905.0,4568525.0,2025-05-23
414915.0,4568525.0,2025-05-23
414925.0,4568525.0,2025-05-23
414935.0,4568525.0,2025-05-23
414945.0,4568525.0,2025-05-23
414955.0,4568525.0,2025-05-23
414965.0,4568525.0,2025-05-23
414975.0,4568525.0,2025-05-23
414985.0,4568525.0,2025-05-23
414995.0,4568525.0,2025-05-23
415005.0,4568525.0,2025-05-23
415015.0,4568525.0,2025-05-23
415025.0,4568525.0,2025-05-23
415035.0,4568525.0,2025-05-23
415045.0,4568525.0,2025-05-23
415055.0,4568525.0,2025-05-23
415065.0,4568525.0,2025-05-23
415075.0,4568525.0,2025-05-23
415085.0,4568525.0,2025-05-23
415095.0,4568525.0,2025-05-23
415105.0,4568525.0,2025-05-23
415115.0,4568525.0,2025-05-23
415125.0,4568525.0,2025-05-23
415135.0,4568525.0,2025-05-23
415145.0,4568525.0,2025-05-23
415155.0,4568525.0,2025-05-23
415165.0,4568525.0,2025-05-23
415175.0,4568525.0,2025-05-23
415185.0,4568525.0,2025-05-23
415195.0,4568525.0,2025-05-23
415205.0,4568525.0,2025-05-23
415215.0,4568525.0,2025-05-23
415225.0,4568525.0,2025-05-23
415235.0,4568525.0,2025-05-23
415245.0,4568525.0,2025-05-23
415255.0,4568525.0,2025-05-23
415265.0,4568525.0,2025-05-23
415275.0,4568525.0,2025-05-23
415285.0,4568525.0,2025-05-23
415295.0,4568525.0,2025-05-23
415305.0,4568525.0,2025-05-23
415315.0,4568525.0,2025-05-23
415325.0,4568525.0,2025-05-23
415335.0,4568525.0,2025-05-23
415345.0,4568525.0,2025-05-23
415355.0,4568525.0,2025-05-23
415365.0,4568525.0,2025-05-23
415375.0,4568525.0,2025-05-23
415385.0,4568525.0,2025-05-23
415395.0,4568525.0,2025-05-23
415405.0,4568525.0,2025-05-23
415415.0,4568525.0,2025-05-23
415425.0,4568525.0,2025-05-23
415435.0,4568525.0,2025-05-23
415445.0,4568525.0,2025-05-23
415455.0,4568525.0,2025-05-23
415465.0,4568525.0,2025-05-23
415475.0,4568525.0,2025-05-23
415485.0,4568525.0,2025-05-23
415495.0,4568525.0,2025-05-23
415505.0,4568525.0,2025-05-23
415515.0,4568525.0,2025-05-23
415525.0,4568525.0,2025-05-23
415535.0,4568525.0,2025-05-23
415545.0,4568525.0,2025-05-23
415555.0,4568525.0,2025-05-23
415565.0,4568525.0,2025-05-23
415575.0,4568525.0,2025-05-23
415585.0,4568525.0,2025-05-23
415595.0,4568525.0,2025-05-23
415605.0,4568525.0,2025-05-23
415615.0,4568525.0,2025-05-23
415625.0,4568525.0,2025-05-23
415635.0,4568525.0,2025-05-23
415645.0,4568525.0,2025-05-23
415655.0,4568525.0,2025-05-23
415665.0,4568525.0,2025-05-23
415675.0,4568525.0,2025-05-23
415685.0,4568525.0,2025-05-23
415695.0,4568525.0,2025-05-23
415705.0,4568525.0,2025-05-23
415715.0,4568525.0,2025-05-23
415725.0,4568525.0,2025-05-23
415735.0,4568525.0,2025-05-23
415745.0,4568525.0,2025-05-23
415755.0,4568525.0,2025-05-23
415765.0,4568525.0,2025-05-23
415775.0,4568525.0,2025-05-23
415785.0,4568525.0,2025-05-23
415795.0,4568525.0,2025-05-23
415805.0,4568525.0,2025-05-23
415815.0,4568525.0,2025-05-23
415825.0,4568525.0,2025-05-23
415835.0,4568525.0,2025-05-23
415845.0,4568525.0,2025-05-23
415855.0,4568525.0,2025-05-23
415865.0,4568525.0,2025-05-23
415875.0,4568525.0,2025-05-23
415885.0,4568525.0,2025-05-23
415895.0,4568525.0,2025-05-23
415905.0,4568525.0,2025-05-23
415915.0,4568525.0,2025-05-23
415925.0,4568525.0,2025-05-23
415935.0,4568525.0,2025-05-23
415945.0,4568525.0,2025-05-23
415955.0,4568525.0,2025-05-23
415965.0,4568525.0,2025-05-23
415975.0,4568525.0,2025-05-23
415985.0,4568525.0,2025-05-23
415995.0,4568525.0,2025-05-23
416005.0,4568525.0,2025-05-23
416015.0,4568525.0,2025-05-23
416025.0,4568525.0,2025-05-23
416035.0,4568525.0,2025-05-23
416045.0,4568525.0,2025-05-23
416055.0,4568525.0,2025-05-23
416065.0,4568525.0,2025-05-23
416075.0,4568525.0,2025-05-23
416085.0,4568525.0,2025-05-23
416095.0,4568525.0,2025-05-23
416105.0,4568525.0,2025-05-23
416115.0,4568525.0,2025-05-23
416125.0,4568525.0,2025-05-23
416135.0,4568525.0,2025-05-23
416145.0,4568525.0,2025-05-23
416155.0,4568525.0,2025-05-23
416165.0,4568525.0,2025-05-23
416175.0,4568525.0,2025-05-23
416185.0,4568525.0,2025-05-23
416195.0,4568525.0,2025-05-23
416205.0,4568525.0,2025-05-23
416215.0,4568525.0,2025-05-23
416225.0,4568525.0,2025-05-23
416235.0,4568525.0,2025-05-23
416245.0,4568525.0,2025-05-23
416255.0,4568525.0,2025-05-23
416265.0,4568525.0,2025-05-23
416275.0,4568525.0,2025-05-23
416285.0,4568525.0,2025-05-23
416295.0,4568525.0,2025-05-23
416305.0,4568525.0,2025-05-23
416315.0,4568525.0,2025-05-23
416325.0,4568525.0,2025-05-23
416335.0,4568525.0,2025-05-23
416345.0,4568525.0,2025-05-23
416355.0,4568525.0,2025-05-23
416365.0,4568525.0,2025-05-23
416375.0,4568525.0,2025-05-23
416385.0,4568525.0,2025-05-23
416395.0,4568525.0,2025-05-23
416405.0,4568525.0,2025-05-23
416415.0,4568525.0,2025-05-23
416425.0,4568525.0,2025-05-23
416435.0,4568525.0,2025-05-23
416445.0,4568525.0,2025-05-23
416455.0,4568525.0,2025-05-23
414265.0,4568515.0,2025-05-23
414275.0,4568515.0,2025-05-23
414285.0,4568515.0,2025-05-23
414295.0,4568515.0,2025-05-23
414305.0,4568515.0,2025-05-23
414315.0,4568515.0,2025-05-23
414325.0,4568515.0,2025-05-23
414335.0,4568515.0,2025-05-23
414345.0,4568515.0,2025-05-23
414355.0,4568515.0,2025-05-23
414365.0,4568515.0,2025-05-23
414375.0,4568515.0,2025-05-23
414385.0,4568515.0,2025-05-23
414395.0,4568515.0,2025-05-23
414405.0,4568515.0,2025-05-23
414415.0,4568515.0,2025-05-23
414425.0,4568515.0,2025-05-23
414435.0,4568515.0,2025-05-23
414445.0,4568515.0,2025-05-23
414455.0,4568515.0,2025-05-23
414465.0,4568515.0,2025-05-23
414475.0,4568515.0,2025-05-23
414485.0,4568515.0,2025-05-23
414495.0,4568515.0,2025-05-23
414505.0,4568515.0,2025-05-23
414515.0,4568515.0,2025-05-23
414525.0,4568515.0,2025-05-23
414535.0,4568515.0,2025-05-23
414545.0,4568515.0,2025-05-23
414555.0,4568515.0,2025-05-23
414565.0,4568515.0,2025-05-23
414575.0,4568515.0,2025-05-23
414585.0,4568515.0,2025-05-23
414595.0,4568515.0,2025-05-23
414605.0,4568515.0,2025-05-23
414615.0,4568515.0,2025-05-23
414625.0,4568515.0,2025-05-23
414635.0,4568515.0,2025-05-23
414645.0,4568515.0,2025-05-23
414655.0,4568515.0,2025-05-23
414665.0,4568515.0,2025-05-23
414675.0,4568515.0,2025-05-23
414685.0,4568515.0,2025-05-23
414695.0,4568515.0,2025-05-23
414705.0,4568515.0,2025-05-23
414715.0,4568515.0,2025-05-23
414725.0,4568515.0,2025-05-23
414735.0,4568515.0,2025-05-23
414745.0,4568515.0,2025-05-23
414755.0,4568515.0,2025-05-23
414765.0,4568515.0,2025-05-23
414775.0,4568515.0,2025-05-23
414785.0,4568515.0,2025-05-23
414795.0,4568515.0,2025-05-23
414805.0,4568515.0,2025-05-23
414815.0,4568515.0,2025-05-23
414825.0,4568515.0,2025-05-23
414835.0,4568515.0,2025-05-23
414845.0,4568515.0,2025-05-23
414855.0,4568515.0,2025-05-23
414865.0,4568515.0,2025-05-23
414875.0,4568515.0,2025-05-23
414885.0,4568515.0,2025-05-23
414895.0,4568515.0,2025-05-23
414905.0,4568515.0,2025-05-23
414915.0,4568515.0,2025-05-23
414925.0,4568515.0,2025-05-23
414935.0,4568515.0,2025-05-23
414945.0,4568515.0,2025-05-23
414955.0,4568515.0,2025-05-23
414965.0,4568515.0,2025-05-23
414975.0,4568515.0,2025-05-23
414985.0,4568515.0,2025-05-23
414995.0,4568515.0,2025-05-23
415005.0,4568515.0,2025-05-23
415015.0,4568515.0,2025-05-23
415025.0,4568515.0,2025-05-23
415035.0,4568515.0,2025-05-23
415045.0,4568515.0,2025-05-23
415055.0,4568515.0,2025-05-23
415065.0,4568515.0,2025-05-23
415075.0,4568515.0,2025-05-23
415085.0,4568515.0,2025-05-23
415095.0,4568515.0,2025-05-23
415105.0,4568515.0,2025-05-23
415115.0,4568515.0,2025-05-23
415125.0,4568515.0,2025-05-23
415135.0,4568515.0,2025-05-23
415145.0,4568515.0,2025-05-23
415155.0,4568515.0,2025-05-23
415165.0,4568515.0,2025-05-23
415175.0,4568515.0,2025-05-23
415185.0,4568515.0,2025-05-23
415195.0,4568515.0,2025-05-23
415205.0,4568515.0,2025-05-23
415215.0,4568515.0,2025-05-23
415225.0,4568515.0,2025-05-23
415235.0,4568515.0,2025-05-23
415245.0,4568515.0,2025-05-23
415255.0,4568515.0,2025-05-23
415265.0,4568515.0,2025-05-23
415275.0,4568515.0,2025-05-23
415285.0,4568515.0,2025-05-23
415295.0,4568515.0,2025-05-23
415305.0,4568515.0,2025-05-23
415315.0,4568515.0,2025-05-23
415325.0,4568515.0,2025-05-23
415335.0,4568515.0,2025-05-23
415345.0,4568515.0,2025-05-23
415355.0,4568515.0,2025-05-23
415365.0,4568515.0,2025-05-23
415375.0,4568515.0,2025-05-23
415385.0,4568515.0,2025-05-23
415395.0,4568515.0,2025-05-23
415405.0,4568515.0,2025-05-23
415415.0,4568515.0,2025-05-23
415425.0,4568515.0,2025-05-23
415435.0,4568515.0,2025-05-23
415445.0,4568515.0,2025-05-23
415455.0,4568515.0,2025-05-23
415465.0,4568515.0,2025-05-23
415475.0,4568515.0,2025-05-23
415485.0,4568515.0,2025-05-23
415495.0,4568515.0,2025-05-23
415505.0,4568515.0,2025-05-23
415515.0,4568515.0,2025-05-23
415525.0,4568515.0,2025-05-23
415535.0,4568515.0,2025-05-23
415545.0,4568515.0,2025-05-23
415555.0,4568515.0,2025-05-23
415565.0,4568515.0,2025-05-23
415575.0,4568515.0,2025-05-23
415585.0,4568515.0,2025-05-23
415595.0,4568515.0,2025-05-23
415605.0,4568515.0,2025-05-23
415615.0,4568515.0,2025-05-23
415625.0,4568515.0,2025-05-23
415635.0,4568515.0,2025-05-23
415645.0,4568515.0,2025-05-23
415655.0,4568515.0,2025-05-23
415665.0,4568515.0,2025-05-23
415675.0,4568515.0,2025-05-23
415685.0,4568515.0,2025-05-23
415695.0,4568515.0,2025-05-23
415705.0,4568515.0,2025-05-23
415715.0,4568515.0,2025-05-23
415725.0,4568515.0,2025-05-23
415735.0,4568515.0,2025-05-23
415745.0,4568515.0,2025-05-23
415755.0,4568515.0,2025-05-23
415765.0,4568515.0,2025-05-23
415775.0,4568515.0,2025-05-23
415785.0,4568515.0,2025-05-23
415795.0,4568515.0,2025-05-23
415805.0,4568515.0,2025-05-23
415815.0,4568515.0,2025-05-23
415825.0,4568515.0,2025-05-23
415835.0,4568515.0,2025-05-23
415845.0,4568515.0,2025-05-23
415855.0,4568515.0,2025-05-23
415865.0,4568515.0,2025-05-23
415875.0,4568515.0,2025-05-23
415885.0,4568515.0,2025-05-23
415895.0,4568515.0,2025-05-23
415905.0,4568515.0,2025-05-23
415915.0,4568515.0,2025-05-23
415925.0,4568515.0,2025-05-23
415935.0,4568515.0,2025-05-23
415945.0,4568515.0,2025-05-23
415955.0,4568515.0,2025-05-23
415965.0,4568515.0,2025-05-23
415975.0,4568515.0,2025-05-23
415985.0,4568515.0,2025-05-23
415995.0,4568515.0,2025-05-23
416005.0,4568515.0,2025-05-23
416015.0,4568515.0,2025-05-23
416025.0,4568515.0,2025-05-23
416035.0,4568515.0,2025-05-23
416045.0,4568515.0,2025-05-23
416055.0,4568515.0,2025-05-23
416065.0,4568515.0,2025-05-23
416075.0,4568515.0,2025-05-23
416085.0,4568515.0,2025-05-23
416095.0,4568515.0,2025-05-23
416105.0,4568515.0,2025-05-23
416115.0,4568515.0,2025-05-23
416125.0,4568515.0,2025-05-23
416135.0,4568515.0,2025-05-23
416145.0,4568515.0,2025-05-23
416155.0,4568515.0,2025-05-23
416165.0,4568515.0,2025-05-23
416175.0,4568515.0,2025-05-23
416185.0,4568515.0,2025-05-23
416195.0,4568515.0,2025-05-23
416205.0,4568515.0,2025-05-23
416215.0,4568515.0,2025-05-23
416225.0,4568515.0,2025-05-23
416235.0,4568515.0,2025-05-23
416245.0,4568515.0,2025-05-23
416255.0,4568515.0,2025-05-23
416265.0,4568515.0,2025-05-23
416275.0,4568515.0,2025-05-23
416285.0,4568515.0,2025-05-23
416295.0,4568515.0,2025-05-23
416305.0,4568515.0,2025-05-23
416315.0,4568515.0,2025-05-23
416325.0,4568515.0,2025-05-23
416335.0,4568515.0,2025-05-23
416345.0,4568515.0,2025-05-23
416355.0,4568515.0,2025-05-23
416365.0,4568515.0,2025-05-23
416375.0,4568515.0,2025-05-23
416385.0,4568515.0,2025-05-23
416395.0,4568515.0,2025-05-23
416405.0,4568515.0,2025-05-23
416415.0,4568515.0,2025-05-23
416425.0,4568515.0,2025-05-23
416435.0,4568515.0,2025-05-23
416445.0,4568515.0,2025-05-23
416455.0,4568515.0,2025-05-23
415115.0,4568505.0,2025-05-23
415125.0,4568505.0,2025-05-23
415135.0,4568505.0,2025-05-23
415145.0,4568505.0,2025-05-23
415155.0,4568505.0,2025-05-23
415165.0,4568505.0,2025-05-23
415175.0,4568505.0,2025-05-23
415185.0,4568505.0,2025-05-23
415195.0,4568505.0,2025-05-23
415205.0,4568505.0,2025-05-23
415215.0,4568505.0,2025-05-23
415225.0,4568505.0,2025-05-23
415235.0,4568505.0,2025-05-23
415245.0,4568505.0,2025-05-23
415255.0,4568505.0,2025-05-23
415265.0,4568505.0,2025-05-23
415275.0,4568505.0,2025-05-23
415285.0,4568505.0,2025-05-23
415295.0,4568505.0,2025-05-23
415305.0,4568505.0,2025-05-23
415315.0,4568505.0,2025-05-23
415325.0,4568505.0,2025-05-23
415335.0,4568505.0,2025-05-23
415345.0,4568505.0,2025-05-23
415355.0,4568505.0,2025-05-23
415365.0,4568505.0,2025-05-23
415375.0,4568505.0,2025-05-23
415385.0,4568505.0,2025-05-23
415395.0,4568505.0,2025-05-23
415405.0,4568505.0,2025-05-23
415415.0,4568505.0,2025-05-23
415425.0,4568505.0,2025-05-23
415435.0,4568505.0,2025-05-23
415445.0,4568505.0,2025-05-23
415455.0,4568505.0,2025-05-23
415465.0,4568505.0,2025-05-23
415475.0,4568505.0,2025-05-23
415485.0,4568505.0,2025-05-23
415495.0,4568505.0,2025-05-23
415505.0,4568505.0,2025-05-23
415515.0,4568505.0,2025-05-23
415525.0,4568505.0,2025-05-23
415535.0,4568505.0,2025-05-23
415545.0,4568505.0,2025-05-23
415555.0,4568505.0,2025-05-23
415565.0,4568505.0,2025-05-23
415575.0,4568505.0,2025-05-23
415585.0,4568505.0,2025-05-23
415595.0,4568505.0,2025-05-23
415605.0,4568505.0,2025-05-23
415615.0,4568505.0,2025-05-23
415625.0,4568505.0,2025-05-23
415635.0,4568505.0,2025-05-23
415645.0,4568505.0,2025-05-23
415655.0,4568505.0,2025-05-23
415665.0,4568505.0,2025-05-23
415675.0,4568505.0,2025-05-23
415685.0,4568505.0,2025-05-23
415695.0,4568505.0,2025-05-23
415705.0,4568505.0,2025-05-23
415715.0,4568505.0,2025-05-23
415725.0,4568505.0,2025-05-23
415735.0,4568505.0,2025-05-23
415745.0,4568505.0,2025-05-23
415755.0,4568505.0,2025-05-23
415765.0,4568505.0,2025-05-23
415775.0,4568505.0,2025-05-23
415785.0,4568505.0,2025-05-23
415795.0,4568505.0,2025-05-23
415805.0,4568505.0,2025-05-23
415815.0,4568505.0,2025-05-23
415825.0,4568505.0,2025-05-23
415835.0,4568505.0,2025-05-23
415845.0,4568505.0,2025-05-23
415855.0,4568505.0,2025-05-23
415865.0,4568505.0,2025-05-23
415875.0,4568505.0,2025-05-23
415885.0,4568505.0,2025-05-23
415895.0,4568505.0,2025-05-23
415905.0,4568505.0,2025-05-23
415915.0,4568505.0,2025-05-23
415925.0,4568505.0,2025-05-23
415935.0,4568505.0,2025-05-23
415945.0,4568505.0,2025-05-23
415955.0,4568505.0,2025-05-23
415965.0,4568505.0,2025-05-23
415975.0,4568505.0,2025-05-23
415985.0,4568505.0,2025-05-23
415995.0,4568505.0,2025-05-23
416005.0,4568505.0,2025-05-23
416015.0,4568505.0,2025-05-23
416025.0,4568505.0,2025-05-23
416035.0,4568505.0,2025-05-23
416045.0,4568505.0,2025-05-23
416055.0,4568505.0,2025-05-23
416065.0,4568505.0,2025-05-23
416075.0,4568505.0,2025-05-23
416085.0,4568505.0,2025-05-23
416095.0,4568505.0,2025-05-23
416105.0,4568505.0,2025-05-23
416115.0,4568505.0,2025-05-23
416125.0,4568505.0,2025-05-23
416135.0,4568505.0,2025-05-23
416145.0,4568505.0,2025-05-23
416155.0,4568505.0,2025-05-23
416165.0,4568505.0,2025-05-23
416175.0,4568505.0,2025-05-23
416185.0,4568505.0,2025-05-23
416195.0,4568505.0,2025-05-23
416205.0,4568505.0,2025-05-23
416215.0,4568505.0,2025-05-23
416225.0,4568505.0,2025-05-23
416235.0,4568505.0,2025-05-23
416245.0,4568505.0,2025-05-23
416255.0,4568505.0,2025-05-23
416265.0,4568505.0,2025-05-23
416275.0,4568505.0,2025-05-23
416285.0,4568505.0,2025-05-23
416295.0,4568505.0,2025-05-23
416305.0,4568505.0,2025-05-23
416315.0,4568505.0,2025-05-23
416325.0,4568505.0,2025-05-23
416335.0,4568505.0,2025-05-23
416345.0,4568505.0,2025-05-23
416355.0,4568505.0,2025-05-23
416365.0,4568505.0,2025-05-23
416375.0,4568505.0,2025-05-23
416385.0,4568505.0,2025-05-23
416395.0,4568505.0,2025-05-23
416405.0,4568505.0,2025-05-23
416415.0,4568505.0,2025-05-23
416425.0,4568505.0,2025-05-23
416435.0,4568505.0,2025-05-23
416445.0,4568505.0,2025-05-23
416455.0,4568505.0,2025-05-23
415965.0,4568495.0,2025-05-23
415975.0,4568495.0,2025-05-23
415985.0,4568495.0,2025-05-23
415995.0,4568495.0,2025-05-23
416005.0,4568495.0,2025-05-23
416015.0,4568495.0,2025-05-23
416025.0,4568495.0,2025-05-23
416035.0,4568495.0,2025-05-23
416045.0,4568495.0,2025-05-23
416055.0,4568495.0,2025-05-23
416065.0,4568495.0,2025-05-23
416075.0,4568495.0,2025-05-23
416085.0,4568495.0,2025-05-23
416095.0,4568495.0,2025-05-23
416105.0,4568495.0,2025-05-23
416115.0,4568495.0,2025-05-23
416125.0,4568495.0,2025-05-23
416135.0,4568495.0,2025-05-23
416145.0,4568495.0,2025-05-23
416155.0,4568495.0,2025-05-23
416165.0,4568495.0,2025-05-23
416175.0,4568495.0,2025-05-23
416185.0,4568495.0,2025-05-23
416195.0,4568495.0,2025-05-23
416205.0,4568495.0,2025-05-23
416215.0,4568495.0,2025-05-23
416225.0,4568495.0,2025-05-23
416235.0,4568495.0,2025-05-23
416245.0,4568495.0,2025-05-23
416255.0,4568495.0,2025-05-23
416265.0,4568495.0,2025-05-23
416275.0,4568495.0,2025-05-23
416285.0,4568495.0,2025-05-23
416295.0,4568495.0,2025-05-23
416305.0,4568495.0,2025-05-23
416315.0,4568495.0,2025-05-23
416325.0,4568495.0,2025-05-23
416335.0,4568495.0,2025-05-23
416345.0,4568495.0,2025-05-23
416355.0,4568495.0,2025-05-23
416365.0,4568495.0,2025-05-23
416375.0,4568495.0,2025-05-23
416385.0,4568495.0,2025-05-23
416395.0,4568495.0,2025-05-23
416405.0,4568495.0,2025-05-23
416415.0,4568495.0,2025-05-23
416425.0,4568495.0,2025-05-23
416435.0,4568495.0,2025-05-23
416445.0,4568495.0,2025-05-23
416455.0,4568495.0,2025-05-23
