{
  "type": "FeatureCollection",
  "features": [
    {
      "type": "Feature",
      "geometry": {
        "type": "Point",
        "coordinates": [
          1.9509470135492417,
          41.26373119813012
        ]
      },
      "properties": {
        "date": "2017-04-03"
      }
    },
    {
      "type": "Feature",
      "geometry": {
        "type": "Point",
        "coordinates": [
          1.9524987067035402,
          41.26374532756161
        ]
      },
      "properties": {
        "date": "2017-04-03"
      }
    },
    {
      "type": "Feature",
      "geometry": {
        "type": "Point",
        "coordinates": [
          1.9526180677611684,
          41.26374641357492
        ]
      },
      "properties": {
        "date": "2017-04-03"
      }
    },
    {
      "type": "Feature",
      "geometry": {
        "type": "Point",
        "coordinates": [
          1.9527374288253296,
          41.26374749946451
        ]
      },
      "properties": {
        "date": "2017-04-03"
      }
    },
    {
      "type": "Feature",
      "geometry": {
        "type": "Point",
        "coordinates": [
          1.9529761509732484,
          41.263749670872535
        ]
      },
      "properties": {
        "date": "2017-04-03"
      }
    },
    {
      "type": "Feature",
      "geometry": {
        "type": "Point",
        "coordinates": [
          1.9530955120570048,
          41.26375075639096
        ]
      },
      "properties": {
        "date": "2017-04-03"
      }
    },
    {
      "type": "Feature",
      "geometry": {
        "type": "Point",
        "coordinates": [
          1.9532148731472916,
          41.26375184178567
        ]
      },
      "properties": {
        "date": "2017-04-03"
      }
    },
    {
      "type": "Feature",
      "geometry": {
        "type": "Point",
        "coordinates": [
          1.9533342342441076,
          41.26375292705667
        ]
      },
      "properties": {
        "date": "2017-04-03"
      }
    },
    {
      "type": "Feature",
      "geometry": {
        "type": "Point",
        "coordinates": [
          1.9534535953474528,
          41.26375401220393
        ]
      },
      "properties": {
        "date": "2017-04-03"
      }
    },
    {
      "type": "Feature",
      "geometry": {
        "type": "Point",
        "coordinates": [
          1.9535729564573254,
          41.263755097227495
        ]
      },
      "properties": {
        "date": "2017-04-03"
      }
    },
    {
      "type": "Feature",
      "geometry": {
        "type": "Point",
        "coordinates": [
          1.953692317573726,
          41.26375618212733
        ]
      },
      "properties": {
        "date": "2017-04-03"
      }
    },
    {
      "type": "Feature",
      "geometry": {
        "type": "Point",
        "coordinates": [
          1.9538116786966528,
          41.26375726690345
        ]
      },
      "properties": {
        "date": "2017-04-03"
      }
    },
    {
      "type": "Feature",
      "geometry": {
        "type": "Point",
        "coordinates": [
          1.9539310398261052,
          41.26375835155583
        ]
      },
      "properties": {
        "date": "2017-04-03"
      }
    },
    {
      "type": "Feature",
      "geometry": {
        "type": "Point",
        "coordinates": [
          1.954050400962083,
          41.263759436084506
        ]
      },
      "properties": {
        "date": "2017-04-03"
      }
    },
    {
      "type": "Feature",
      "geometry": {
        "type": "Point",
        "coordinates": [
          1.9541697621045848,
          41.26376052048946
        ]
      },
      "properties": {
        "date": "2017-04-03"
      }
    },
    {
      "type": "Feature",
      "geometry": {
        "type": "Point",
        "coordinates": [
          1.9542891232536108,
          41.2637616047707
        ]
      },
      "properties": {
        "date": "2017-04-03"
      }
    },
    {
      "type": "Feature",
      "geometry": {
        "type": "Point",
        "coordinates": [
          1.9544084844091592,
          41.26376268892821
        ]
      },
      "properties": {
        "date": "2017-04-03"
      }
    },
    {
      "type": "Feature",
      "geometry": {
        "type": "Point",
        "coordinates": [
          1.9545278455712294,
          41.26376377296201
        ]
      },
      "properties": {
        "date": "2017-04-03"
      }
    },
    {
      "type": "Feature",
      "geometry": {
        "type": "Point",
        "coordinates": [
          1.9546472067398215,
          41.263764856872086
        ]
      },
      "properties": {
        "date": "2017-04-03"
      }
    },
    {
      "type": "Feature",
      "geometry": {
        "type": "Point",
        "coordinates": [
          1.9547665679149335,
          41.26376594065844
        ]
      },
      "properties": {
        "date": "2017-04-03"
      }
    },
    {
      "type": "Feature",
      "geometry": {
        "type": "Point",
        "coordinates": [
          1.954885929096566,
          41.263767024321076
        ]
      },
      "properties": {
        "date": "2017-04-03"
      }
    },
    {
      "type": "Feature",
      "geometry": {
        "type": "Point",
        "coordinates": [
          1.9550052902847173,
          41.26376810785999
        ]
      },
      "properties": {
        "date": "2017-04-03"
      }
    },
    {
      "type": "Feature",
      "geometry": {
        "type": "Point",
        "coordinates": [
          1.9551246514793874,
          41.26376919127519
        ]
      },
      "properties": {
        "date": "2017-04-03"
      }
    },
    {
      "type": "Feature",
      "geometry": {
        "type": "Point",
        "coordinates": [
          1.9552440126805744,
          41.26377027456666
        ]
      },
      "properties": {
        "date": "2017-04-03"
      }
    },
    {
      "type": "Feature",
      "geometry": {
        "type": "Point",
        "coordinates": [
          1.9553633738882792,
          41.26377135773442
        ]
      },
      "properties": {
        "date": "2017-04-03"
      }
    },
    {
      "type": "Feature",
      "geometry": {
        "type": "Point",
        "coordinates": [
          1.9554827351024995,
          41.26377244077845
        ]
      },
      "properties": {
        "date": "2017-04-03"
      }
    },
    {
      "type": "Feature",
      "geometry": {
        "type": "Point",
        "coordinates": [
          1.955602096323235,
          41.26377352369876
        ]
      },
      "properties": {
        "date": "2017-04-03"
      }
    },
    {
      "type": "Feature",
      "geometry": {
        "type": "Point",
        "coordinates": [
          1.955721457550486,
          41.26377460649535
        ]
      },
      "properties": {
        "date": "2017-04-03"
      }
    },
    {
      "type": "Feature",
      "geometry": {
        "type": "Point",
        "coordinates": [
          1.9558408187842498,
          41.263775689168234
        ]
      },
      "properties": {
        "date": "2017-04-03"
      }
    },
    {
      "type": "Feature",
      "geometry": {
        "type": "Point",
        "coordinates": [
          1.9560795412713174,
          41.26377785414283
        ]
      },
      "properties": {
        "date": "2017-04-03"
      }
    },
    {
      "type": "Feature",
      "geometry": {
        "type": "Point",
        "coordinates": [
          1.956198902524619,
          41.26377893644454
        ]
      },
      "properties": {
        "date": "2017-04-03"
      }
    },
    {
      "type": "Feature",
      "geometry": {
        "type": "Point",
        "coordinates": [
          1.9563182637844312,
          41.26378001862254
        ]
      },
      "properties": {
        "date": "2017-04-03"
      }
    },
    {
      "type": "Feature",
      "geometry": {
        "type": "Point",
        "coordinates": [
          1.956437625050754,
          41.26378110067681
        ]
      },
      "properties": {
        "date": "2017-04-03"
      }
    },
    {
      "type": "Feature",
      "geometry": {
        "type": "Point",
        "coordinates": [
          1.9565569863235859,
          41.263782182607365
        ]
      },
      "properties": {
        "date": "2017-04-03"
      }
    },
    {
      "type": "Feature",
      "geometry": {
        "type": "Point",
        "coordinates": [
          1.9566763476029272,
          41.2637832644142
        ]
      },
      "properties": {
        "date": "2017-04-03"
      }
    },
    {
      "type": "Feature",
      "geometry": {
        "type": "Point",
        "coordinates": [
          1.9567957088887757,
          41.26378434609732
        ]
      },
      "properties": {
        "date": "2017-04-03"
      }
    },
    {
      "type": "Feature",
      "geometry": {
        "type": "Point",
        "coordinates": [
          1.9569150701811315,
          41.26378542765671
        ]
      },
      "properties": {
        "date": "2017-04-03"
      }
    },
    {
      "type": "Feature",
      "geometry": {
        "type": "Point",
        "coordinates": [
          1.957034431479994,
          41.263786509092384
        ]
      },
      "properties": {
        "date": "2017-04-03"
      }
    },
    {
      "type": "Feature",
      "geometry": {
        "type": "Point",
        "coordinates": [
          1.9571537927853624,
          41.263787590404334
        ]
      },
      "properties": {
        "date": "2017-04-03"
      }
    },
    {
      "type": "Feature",
      "geometry": {
        "type": "Point",
        "coordinates": [
          1.9572731540972355,
          41.26378867159257
        ]
      },
      "properties": {
        "date": "2017-04-03"
      }
    },
    {
      "type": "Feature",
      "geometry": {
        "type": "Point",
        "coordinates": [
          1.9573925154156129,
          41.26378975265708
        ]
      },
      "properties": {
        "date": "2017-04-03"
      }
    },
    {
      "type": "Feature",
      "geometry": {
        "type": "Point",
        "coordinates": [
          1.9575118767404933,
          41.26379083359787
        ]
      },
      "properties": {
        "date": "2017-04-03"
      }
    },
    {
      "type": "Feature",
      "geometry": {
        "type": "Point",
        "coordinates": [
          1.9576312380718772,
          41.263791914414945
        ]
      },
      "properties": {
        "date": "2017-04-03"
      }
    },
    {
      "type": "Feature",
      "geometry": {
        "type": "Point",
        "coordinates": [
          1.9577505994097624,
          41.2637929951083
        ]
      },
      "properties": {
        "date": "2017-04-03"
      }
    },
    {
      "type": "Feature",
      "geometry": {
        "type": "Point",
        "coordinates": [
          1.9578699607541497,
          41.26379407567793
        ]
      },
      "properties": {
        "date": "2017-04-03"
      }
    },
    {
      "type": "Feature",
      "geometry": {
        "type": "Point",
        "coordinates": [
          1.957989322105037,
          41.26379515612384
        ]
      },
      "properties": {
        "date": "2017-04-03"
      }
    },
    {
      "type": "Feature",
      "geometry": {
        "type": "Point",
        "coordinates": [
          1.958108683462424,
          41.263796236446034
        ]
      },
      "properties": {
        "date": "2017-04-03"
      }
    },
    {
      "type": "Feature",
      "geometry": {
        "type": "Point",
        "coordinates": [
          1.9582280448263099,
          41.2637973166445
        ]
      },
      "properties": {
        "date": "2017-04-03"
      }
    },
    {
      "type": "Feature",
      "geometry": {
        "type": "Point",
        "coordinates": [
          1.9583474061966946,
          41.26379839671925
        ]
      },
      "properties": {
        "date": "2017-04-03"
      }
    },
    {
      "type": "Feature",
      "geometry": {
        "type": "Point",
        "coordinates": [
          1.9584667675735763,
          41.263799476670286
        ]
      },
      "properties": {
        "date": "2017-04-03"
      }
    },
    {
      "type": "Feature",
      "geometry": {
        "type": "Point",
        "coordinates": [
          1.958586128956955,
          41.263800556497586
        ]
      },
      "properties": {
        "date": "2017-04-03"
      }
    },
    {
      "type": "Feature",
      "geometry": {
        "type": "Point",
        "coordinates": [
          1.9587054903468302,
          41.26380163620118
        ]
      },
      "properties": {
        "date": "2017-04-03"
      }
    },
    {
      "type": "Feature",
      "geometry": {
        "type": "Point",
        "coordinates": [
          1.9588248517431999,
          41.26380271578105
        ]
      },
      "properties": {
        "date": "2017-04-03"
      }
    },
    {
      "type": "Feature",
      "geometry": {
        "type": "Point",
        "coordinates": [
          1.958944213146065,
          41.263803795237195
        ]
      },
      "properties": {
        "date": "2017-04-03"
      }
    },
    {
      "type": "Feature",
      "geometry": {
        "type": "Point",
        "coordinates": [
          1.9590635745554235,
          41.26380487456963
        ]
      },
      "properties": {
        "date": "2017-04-03"
      }
    },
    {
      "type": "Feature",
      "geometry": {
        "type": "Point",
        "coordinates": [
          1.959182935971275,
          41.263805953778316
        ]
      },
      "properties": {
        "date": "2017-04-03"
      }
    },
    {
      "type": "Feature",
      "geometry": {
        "type": "Point",
        "coordinates": [
          1.9593022973936187,
          41.26380703286332
        ]
      },
      "properties": {
        "date": "2017-04-03"
      }
    },
    {
      "type": "Feature",
      "geometry": {
        "type": "Point",
        "coordinates": [
          1.9594216588224538,
          41.263808111824574
        ]
      },
      "properties": {
        "date": "2017-04-03"
      }
    },
    {
      "type": "Feature",
      "geometry": {
        "type": "Point",
        "coordinates": [
          1.9595410202577803,
          41.263809190662116
        ]
      },
      "properties": {
        "date": "2017-04-03"
      }
    },
    {
      "type": "Feature",
      "geometry": {
        "type": "Point",
        "coordinates": [
          1.9596603816995966,
          41.26381026937594
        ]
      },
      "properties": {
        "date": "2017-04-03"
      }
    },
    {
      "type": "Feature",
      "geometry": {
        "type": "Point",
        "coordinates": [
          1.9597797431479025,
          41.26381134796604
        ]
      },
      "properties": {
        "date": "2017-04-03"
      }
    },
    {
      "type": "Feature",
      "geometry": {
        "type": "Point",
        "coordinates": [
          1.9598991046026966,
          41.26381242643243
        ]
      },
      "properties": {
        "date": "2017-04-03"
      }
    },
    {
      "type": "Feature",
      "geometry": {
        "type": "Point",
        "coordinates": [
          1.9600184660639786,
          41.263813504775094
        ]
      },
      "properties": {
        "date": "2017-04-03"
      }
    },
    {
      "type": "Feature",
      "geometry": {
        "type": "Point",
        "coordinates": [
          1.9601378275317483,
          41.26381458299403
        ]
      },
      "properties": {
        "date": "2017-04-03"
      }
    },
    {
      "type": "Feature",
      "geometry": {
        "type": "Point",
        "coordinates": [
          1.9602571890060043,
          41.263815661089254
        ]
      },
      "properties": {
        "date": "2017-04-03"
      }
    },
    {
      "type": "Feature",
      "geometry": {
        "type": "Point",
        "coordinates": [
          1.9604959119739716,
          41.26381781690853
        ]
      },
      "properties": {
        "date": "2017-04-03"
      }
    },
    {
      "type": "Feature",
      "geometry": {
        "type": "Point",
        "coordinates": [
          1.9606152734676818,
          41.263818894632585
        ]
      },
      "properties": {
        "date": "2017-04-03"
      }
    },
    {
      "type": "Feature",
      "geometry": {
        "type": "Point",
        "coordinates": [
          1.9607346349678756,
          41.26381997223292
        ]
      },
      "properties": {
        "date": "2017-04-03"
      }
    },
    {
      "type": "Feature",
      "geometry": {
        "type": "Point",
        "coordinates": [
          1.9612120810334697,
          41.26382428139706
        ]
      },
      "properties": {
        "date": "2017-04-03"
      }
    },
    {
      "type": "Feature",
      "geometry": {
        "type": "Point",
        "coordinates": [
          1.9616895272027388,
          41.26382858858166
        ]
      },
      "properties": {
        "date": "2017-04-03"
      }
    },
    {
      "type": "Feature",
      "geometry": {
        "type": "Point",
        "coordinates": [
          1.9618088887612501,
          41.26382966506851
        ]
      },
      "properties": {
        "date": "2017-04-03"
      }
    },
    {
      "type": "Feature",
      "geometry": {
        "type": "Point",
        "coordinates": [
          1.9621669734756355,
          41.263832893786734
        ]
      },
      "properties": {
        "date": "2017-04-03"
      }
    },
    {
      "type": "Feature",
      "geometry": {
        "type": "Point",
        "coordinates": [
          1.9622863350600457,
          41.2638339697787
        ]
      },
      "properties": {
        "date": "2017-04-03"
      }
    },
    {
      "type": "Feature",
      "geometry": {
        "type": "Point",
        "coordinates": [
          1.962405696650929,
          41.26383504564694
        ]
      },
      "properties": {
        "date": "2017-04-03"
      }
    },
    {
      "type": "Feature",
      "geometry": {
        "type": "Point",
        "coordinates": [
          1.9625250582482847,
          41.263836121391456
        ]
      },
      "properties": {
        "date": "2017-04-03"
      }
    },
    {
      "type": "Feature",
      "geometry": {
        "type": "Point",
        "coordinates": [
          1.9626444198521116,
          41.26383719701226
        ]
      },
      "properties": {
        "date": "2017-04-03"
      }
    },
    {
      "type": "Feature",
      "geometry": {
        "type": "Point",
        "coordinates": [
          1.962763781462409,
          41.26383827250934
        ]
      },
      "properties": {
        "date": "2017-04-03"
      }
    },
    {
      "type": "Feature",
      "geometry": {
        "type": "Point",
        "coordinates": [
          1.962883143079177,
          41.26383934788269
        ]
      },
      "properties": {
        "date": "2017-04-03"
      }
    },
    {
      "type": "Feature",
      "geometry": {
        "type": "Point",
        "coordinates": [
          1.9631218663321193,
          41.26384149825825
        ]
      },
      "properties": {
        "date": "2017-04-03"
      }
    },
    {
      "type": "Feature",
      "geometry": {
        "type": "Point",
        "coordinates": [
          1.9639573979211147,
          41.263849020675465
        ]
      },
      "properties": {
        "date": "2017-04-03"
      }
    },
    {
      "type": "Feature",
      "geometry": {
        "type": "Point",
        "coordinates": [
          1.9655091002834746,
          41.263862974795074
        ]
      },
      "properties": {
        "date": "2017-04-03"
      }
    },
    {
      "type": "Feature",
      "geometry": {
        "type": "Point",
        "coordinates": [
          1.947367633842234,
          41.26360844893011
        ]
      },
      "properties": {
        "date": "2017-04-03"
      }
    },
    {
      "type": "Feature",
      "geometry": {
        "type": "Point",
        "coordinates": [
          1.9474869944542887,
          41.2636095402599
        ]
      },
      "properties": {
        "date": "2017-04-03"
      }
    },
    {
      "type": "Feature",
      "geometry": {
        "type": "Point",
        "coordinates": [
          1.9477257156980925,
          41.26361172254833
        ]
      },
      "properties": {
        "date": "2017-04-03"
      }
    },
    {
      "type": "Feature",
      "geometry": {
        "type": "Point",
        "coordinates": [
          1.947845076329841,
          41.26361281350697
        ]
      },
      "properties": {
        "date": "2017-04-03"
      }
    },
    {
      "type": "Feature",
      "geometry": {
        "type": "Point",
        "coordinates": [
          1.9479644369681517,
          41.26361390434189
        ]
      },
      "properties": {
        "date": "2017-04-03"
      }
    },
    {
      "type": "Feature",
      "geometry": {
        "type": "Point",
        "coordinates": [
          1.9480837976130252,
          41.263614995053096
        ]
      },
      "properties": {
        "date": "2017-04-03"
      }
    },
    {
      "type": "Feature",
      "geometry": {
        "type": "Point",
        "coordinates": [
          1.9482031582644597,
          41.26361608564057
        ]
      },
      "properties": {
        "date": "2017-04-03"
      }
    },
    {
      "type": "Feature",
      "geometry": {
        "type": "Point",
        "coordinates": [
          1.9483225189224553,
          41.26361717610434
        ]
      },
      "properties": {
        "date": "2017-04-03"
      }
    },
    {
      "type": "Feature",
      "geometry": {
        "type": "Point",
        "coordinates": [
          1.9484418795870109,
          41.2636182664444
        ]
      },
      "properties": {
        "date": "2017-04-03"
      }
    },
    {
      "type": "Feature",
      "geometry": {
        "type": "Point",
        "coordinates": [
          1.9485612402581256,
          41.263619356660726
        ]
      },
      "properties": {
        "date": "2017-04-03"
      }
    },
    {
      "type": "Feature",
      "geometry": {
        "type": "Point",
        "coordinates": [
          1.9486806009357989,
          41.26362044675333
        ]
      },
      "properties": {
        "date": "2017-04-03"
      }
    },
    {
      "type": "Feature",
      "geometry": {
        "type": "Point",
        "coordinates": [
          1.9487999616200298,
          41.26362153672222
        ]
      },
      "properties": {
        "date": "2017-04-03"
      }
    },
    {
      "type": "Feature",
      "geometry": {
        "type": "Point",
        "coordinates": [
          1.9489193223108172,
          41.2636226265674
        ]
      },
      "properties": {
        "date": "2017-04-03"
      }
    },
    {
      "type": "Feature",
      "geometry": {
        "type": "Point",
        "coordinates": [
          1.9490386830081616,
          41.26362371628885
        ]
      },
      "properties": {
        "date": "2017-04-03"
      }
    },
    {
      "type": "Feature",
      "geometry": {
        "type": "Point",
        "coordinates": [
          1.9491580437120613,
          41.263624805886586
        ]
      },
      "properties": {
        "date": "2017-04-03"
      }
    },
    {
      "type": "Feature",
      "geometry": {
        "type": "Point",
        "coordinates": [
          1.9492774044225158,
          41.263625895360605
        ]
      },
      "properties": {
        "date": "2017-04-03"
      }
    },
    {
      "type": "Feature",
      "geometry": {
        "type": "Point",
        "coordinates": [
          1.9493967651395248,
          41.2636269847109
        ]
      },
      "properties": {
        "date": "2017-04-03"
      }
    },
    {
      "type": "Feature",
      "geometry": {
        "type": "Point",
        "coordinates": [
          1.9495161258630862,
          41.26362807393748
        ]
      },
      "properties": {
        "date": "2017-04-03"
      }
    },
    {
      "type": "Feature",
      "geometry": {
        "type": "Point",
        "coordinates": [
          1.9496354865932006,
          41.26362916304034
        ]
      },
      "properties": {
        "date": "2017-04-03"
      }
    },
    {
      "type": "Feature",
      "geometry": {
        "type": "Point",
        "coordinates": [
          1.949754847329867,
          41.263630252019496
        ]
      },
      "properties": {
        "date": "2017-04-03"
      }
    },
    {
      "type": "Feature",
      "geometry": {
        "type": "Point",
        "coordinates": [
          1.9498742080730842,
          41.263631340874916
        ]
      },
      "properties": {
        "date": "2017-04-03"
      }
    },
    {
      "type": "Feature",
      "geometry": {
        "type": "Point",
        "coordinates": [
          1.9499935688228516,
          41.263632429606616
        ]
      },
      "properties": {
        "date": "2017-04-03"
      }
    },
    {
      "type": "Feature",
      "geometry": {
        "type": "Point",
        "coordinates": [
          1.950112929579169,
          41.26363351821461
        ]
      },
      "properties": {
        "date": "2017-04-03"
      }
    },
    {
      "type": "Feature",
      "geometry": {
        "type": "Point",
        "coordinates": [
          1.950232290342035,
          41.26363460669887
        ]
      },
      "properties": {
        "date": "2017-04-03"
      }
    },
    {
      "type": "Feature",
      "geometry": {
        "type": "Point",
        "coordinates": [
          1.9503516511114491,
          41.26363569505943
        ]
      },
      "properties": {
        "date": "2017-04-03"
      }
    },
    {
      "type": "Feature",
      "geometry": {
        "type": "Point",
        "coordinates": [
          1.9504710118874102,
          41.263636783296256
        ]
      },
      "properties": {
        "date": "2017-04-03"
      }
    },
    {
      "type": "Feature",
      "geometry": {
        "type": "Point",
        "coordinates": [
          1.9505903726699187,
          41.263637871409365
        ]
      },
      "properties": {
        "date": "2017-04-03"
      }
    },
    {
      "type": "Feature",
      "geometry": {
        "type": "Point",
        "coordinates": [
          1.9507097334589727,
          41.26363895939877
        ]
      },
      "properties": {
        "date": "2017-04-03"
      }
    },
    {
      "type": "Feature",
      "geometry": {
        "type": "Point",
        "coordinates": [
          1.9508290942545714,
          41.26364004726443
        ]
      },
      "properties": {
        "date": "2017-04-03"
      }
    },
    {
      "type": "Feature",
      "geometry": {
        "type": "Point",
        "coordinates": [
          1.9509484550567149,
          41.26364113500639
        ]
      },
      "properties": {
        "date": "2017-04-03"
      }
    },
    {
      "type": "Feature",
      "geometry": {
        "type": "Point",
        "coordinates": [
          1.9510678158654016,
          41.263642222624625
        ]
      },
      "properties": {
        "date": "2017-04-03"
      }
    },
    {
      "type": "Feature",
      "geometry": {
        "type": "Point",
        "coordinates": [
          1.9511871766806317,
          41.26364331011915
        ]
      },
      "properties": {
        "date": "2017-04-03"
      }
    },
    {
      "type": "Feature",
      "geometry": {
        "type": "Point",
        "coordinates": [
          1.9513065375024035,
          41.26364439748995
        ]
      },
      "properties": {
        "date": "2017-04-03"
      }
    },
    {
      "type": "Feature",
      "geometry": {
        "type": "Point",
        "coordinates": [
          1.9514258983307171,
          41.263645484737026
        ]
      },
      "properties": {
        "date": "2017-04-03"
      }
    },
    {
      "type": "Feature",
      "geometry": {
        "type": "Point",
        "coordinates": [
          1.951545259165571,
          41.26364657186038
        ]
      },
      "properties": {
        "date": "2017-04-03"
      }
    },
    {
      "type": "Feature",
      "geometry": {
        "type": "Point",
        "coordinates": [
          1.951664620006965,
          41.26364765886002
        ]
      },
      "properties": {
        "date": "2017-04-03"
      }
    },
    {
      "type": "Feature",
      "geometry": {
        "type": "Point",
        "coordinates": [
          1.9517839808548982,
          41.263648745735956
        ]
      },
      "properties": {
        "date": "2017-04-03"
      }
    },
    {
      "type": "Feature",
      "geometry": {
        "type": "Point",
        "coordinates": [
          1.9519033417093699,
          41.26364983248815
        ]
      },
      "properties": {
        "date": "2017-04-03"
      }
    },
    {
      "type": "Feature",
      "geometry": {
        "type": "Point",
        "coordinates": [
          1.9520227025703791,
          41.263650919116635
        ]
      },
      "properties": {
        "date": "2017-04-03"
      }
    },
    {
      "type": "Feature",
      "geometry": {
        "type": "Point",
        "coordinates": [
          1.9521420634379252,
          41.263652005621395
        ]
      },
      "properties": {
        "date": "2017-04-03"
      }
    },
    {
      "type": "Feature",
      "geometry": {
        "type": "Point",
        "coordinates": [
          1.9522614243120073,
          41.26365309200244
        ]
      },
      "properties": {
        "date": "2017-04-03"
      }
    },
    {
      "type": "Feature",
      "geometry": {
        "type": "Point",
        "coordinates": [
          1.9523807851926251,
          41.26365417825978
        ]
      },
      "properties": {
        "date": "2017-04-03"
      }
    },
    {
      "type": "Feature",
      "geometry": {
        "type": "Point",
        "coordinates": [
          1.9525001460797773,
          41.26365526439338
        ]
      },
      "properties": {
        "date": "2017-04-03"
      }
    },
    {
      "type": "Feature",
      "geometry": {
        "type": "Point",
        "coordinates": [
          1.9527388678736834,
          41.263657436289435
        ]
      },
      "properties": {
        "date": "2017-04-03"
      }
    },
    {
      "type": "Feature",
      "geometry": {
        "type": "Point",
        "coordinates": [
          1.9528582287804355,
          41.26365852205189
        ]
      },
      "properties": {
        "date": "2017-04-03"
      }
    },
    {
      "type": "Feature",
      "geometry": {
        "type": "Point",
        "coordinates": [
          1.9529775896937196,
          41.26365960769063
        ]
      },
      "properties": {
        "date": "2017-04-03"
      }
    },
    {
      "type": "Feature",
      "geometry": {
        "type": "Point",
        "coordinates": [
          1.9558422535701125,
          41.26368562590437
        ]
      },
      "properties": {
        "date": "2017-04-03"
      }
    },
    {
      "type": "Feature",
      "geometry": {
        "type": "Point",
        "coordinates": [
          1.9559616146464476,
          41.263686708450116
        ]
      },
      "properties": {
        "date": "2017-04-03"
      }
    },
    {
      "type": "Feature",
      "geometry": {
        "type": "Point",
        "coordinates": [
          1.956080975729295,
          41.26368779087214
        ]
      },
      "properties": {
        "date": "2017-04-03"
      }
    },
    {
      "type": "Feature",
      "geometry": {
        "type": "Point",
        "coordinates": [
          1.9602586177259742,
          41.263725597699484
        ]
      },
      "properties": {
        "date": "2017-04-03"
      }
    },
    {
      "type": "Feature",
      "geometry": {
        "type": "Point",
        "coordinates": [
          1.960377979042772,
          41.263726675667584
        ]
      },
      "properties": {
        "date": "2017-04-03"
      }
    },
    {
      "type": "Feature",
      "geometry": {
        "type": "Point",
        "coordinates": [
          1.9604973403660542,
          41.26372775351197
        ]
      },
      "properties": {
        "date": "2017-04-03"
      }
    },
    {
      "type": "Feature",
      "geometry": {
        "type": "Point",
        "coordinates": [
          1.960736063032071,
          41.26372990882958
        ]
      },
      "properties": {
        "date": "2017-04-03"
      }
    },
    {
      "type": "Feature",
      "geometry": {
        "type": "Point",
        "coordinates": [
          1.9608554243748038,
          41.263730986302804
        ]
      },
      "properties": {
        "date": "2017-04-03"
      }
    },
    {
      "type": "Feature",
      "geometry": {
        "type": "Point",
        "coordinates": [
          1.9609747857240183,
          41.263732063652306
        ]
      },
      "properties": {
        "date": "2017-04-03"
      }
    },
    {
      "type": "Feature",
      "geometry": {
        "type": "Point",
        "coordinates": [
          1.9610941470797139,
          41.26373314087808
        ]
      },
      "properties": {
        "date": "2017-04-03"
      }
    },
    {
      "type": "Feature",
      "geometry": {
        "type": "Point",
        "coordinates": [
          1.96121350844189,
          41.263734217980144
        ]
      },
      "properties": {
        "date": "2017-04-03"
      }
    },
    {
      "type": "Feature",
      "geometry": {
        "type": "Point",
        "coordinates": [
          1.9613328698105454,
          41.263735294958494
        ]
      },
      "properties": {
        "date": "2017-04-03"
      }
    },
    {
      "type": "Feature",
      "geometry": {
        "type": "Point",
        "coordinates": [
          1.9614522311856804,
          41.2637363718131
        ]
      },
      "properties": {
        "date": "2017-04-03"
      }
    },
    {
      "type": "Feature",
      "geometry": {
        "type": "Point",
        "coordinates": [
          1.961571592567293,
          41.263737448544006
        ]
      },
      "properties": {
        "date": "2017-04-03"
      }
    },
    {
      "type": "Feature",
      "geometry": {
        "type": "Point",
        "coordinates": [
          1.961690953955383,
          41.26373852515118
        ]
      },
      "properties": {
        "date": "2017-04-03"
      }
    },
    {
      "type": "Feature",
      "geometry": {
        "type": "Point",
        "coordinates": [
          1.9618103153499498,
          41.26373960163465
        ]
      },
      "properties": {
        "date": "2017-04-03"
      }
    },
    {
      "type": "Feature",
      "geometry": {
        "type": "Point",
        "coordinates": [
          1.9619296767509926,
          41.26374067799438
        ]
      },
      "properties": {
        "date": "2017-04-03"
      }
    },
    {
      "type": "Feature",
      "geometry": {
        "type": "Point",
        "coordinates": [
          1.9620490381585105,
          41.26374175423039
        ]
      },
      "properties": {
        "date": "2017-04-03"
      }
    },
    {
      "type": "Feature",
      "geometry": {
        "type": "Point",
        "coordinates": [
          1.962168399572503,
          41.263742830342686
        ]
      },
      "properties": {
        "date": "2017-04-03"
      }
    },
    {
      "type": "Feature",
      "geometry": {
        "type": "Point",
        "coordinates": [
          1.9628845681923786,
          41.26374928441833
        ]
      },
      "properties": {
        "date": "2017-04-03"
      }
    },
    {
      "type": "Feature",
      "geometry": {
        "type": "Point",
        "coordinates": [
          1.9630039296516715,
          41.26375035966458
        ]
      },
      "properties": {
        "date": "2017-04-03"
      }
    },
    {
      "type": "Feature",
      "geometry": {
        "type": "Point",
        "coordinates": [
          1.9631232911174323,
          41.26375143478711
        ]
      },
      "properties": {
        "date": "2017-04-03"
      }
    },
    {
      "type": "Feature",
      "geometry": {
        "type": "Point",
        "coordinates": [
          1.9632426525896614,
          41.26375250978592
        ]
      },
      "properties": {
        "date": "2017-04-03"
      }
    },
    {
      "type": "Feature",
      "geometry": {
        "type": "Point",
        "coordinates": [
          1.9633620140683574,
          41.263753584661
        ]
      },
      "properties": {
        "date": "2017-04-03"
      }
    },
    {
      "type": "Feature",
      "geometry": {
        "type": "Point",
        "coordinates": [
          1.9634813755535196,
          41.26375465941238
        ]
      },
      "properties": {
        "date": "2017-04-03"
      }
    },
    {
      "type": "Feature",
      "geometry": {
        "type": "Point",
        "coordinates": [
          1.963600737045147,
          41.263755734040025
        ]
      },
      "properties": {
        "date": "2017-04-03"
      }
    },
    {
      "type": "Feature",
      "geometry": {
        "type": "Point",
        "coordinates": [
          1.9637200985432393,
          41.26375680854394
        ]
      },
      "properties": {
        "date": "2017-04-03"
      }
    },
    {
      "type": "Feature",
      "geometry": {
        "type": "Point",
        "coordinates": [
          1.963839460047796,
          41.263757882924146
        ]
      },
      "properties": {
        "date": "2017-04-03"
      }
    },
    {
      "type": "Feature",
      "geometry": {
        "type": "Point",
        "coordinates": [
          1.9639588215588155,
          41.26375895718063
        ]
      },
      "properties": {
        "date": "2017-04-03"
      }
    },
    {
      "type": "Feature",
      "geometry": {
        "type": "Point",
        "coordinates": [
          1.9640781830762977,
          41.26376003131339
        ]
      },
      "properties": {
        "date": "2017-04-03"
      }
    },
    {
      "type": "Feature",
      "geometry": {
        "type": "Point",
        "coordinates": [
          1.9641975446002418,
          41.26376110532243
        ]
      },
      "properties": {
        "date": "2017-04-03"
      }
    },
    {
      "type": "Feature",
      "geometry": {
        "type": "Point",
        "coordinates": [
          1.964316906130647,
          41.26376217920775
        ]
      },
      "properties": {
        "date": "2017-04-03"
      }
    },
    {
      "type": "Feature",
      "geometry": {
        "type": "Point",
        "coordinates": [
          1.964436267667512,
          41.263763252969355
        ]
      },
      "properties": {
        "date": "2017-04-03"
      }
    },
    {
      "type": "Feature",
      "geometry": {
        "type": "Point",
        "coordinates": [
          1.964555629210837,
          41.26376432660722
        ]
      },
      "properties": {
        "date": "2017-04-03"
      }
    },
    {
      "type": "Feature",
      "geometry": {
        "type": "Point",
        "coordinates": [
          1.9646749907606207,
          41.263765400121386
        ]
      },
      "properties": {
        "date": "2017-04-03"
      }
    },
    {
      "type": "Feature",
      "geometry": {
        "type": "Point",
        "coordinates": [
          1.9647943523168627,
          41.26376647351182
        ]
      },
      "properties": {
        "date": "2017-04-03"
      }
    },
    {
      "type": "Feature",
      "geometry": {
        "type": "Point",
        "coordinates": [
          1.964913713879562,
          41.26376754677854
        ]
      },
      "properties": {
        "date": "2017-04-03"
      }
    },
    {
      "type": "Feature",
      "geometry": {
        "type": "Point",
        "coordinates": [
          1.9650330754487177,
          41.26376861992152
        ]
      },
      "properties": {
        "date": "2017-04-03"
      }
    },
    {
      "type": "Feature",
      "geometry": {
        "type": "Point",
        "coordinates": [
          1.9651524370243292,
          41.263769692940805
        ]
      },
      "properties": {
        "date": "2017-04-03"
      }
    },
    {
      "type": "Feature",
      "geometry": {
        "type": "Point",
        "coordinates": [
          1.9652717986063961,
          41.26377076583635
        ]
      },
      "properties": {
        "date": "2017-04-03"
      }
    },
    {
      "type": "Feature",
      "geometry": {
        "type": "Point",
        "coordinates": [
          1.965391160194917,
          41.26377183860818
        ]
      },
      "properties": {
        "date": "2017-04-03"
      }
    },
    {
      "type": "Feature",
      "geometry": {
        "type": "Point",
        "coordinates": [
          1.9655105217898918,
          41.2637729112563
        ]
      },
      "properties": {
        "date": "2017-04-03"
      }
    },
    {
      "type": "Feature",
      "geometry": {
        "type": "Point",
        "coordinates": [
          1.965629883391319,
          41.26377398378067
        ]
      },
      "properties": {
        "date": "2017-04-03"
      }
    },
    {
      "type": "Feature",
      "geometry": {
        "type": "Point",
        "coordinates": [
          1.965749244999199,
          41.26377505618134
        ]
      },
      "properties": {
        "date": "2017-04-03"
      }
    },
    {
      "type": "Feature",
      "geometry": {
        "type": "Point",
        "coordinates": [
          1.96586860661353,
          41.26377612845829
        ]
      },
      "properties": {
        "date": "2017-04-03"
      }
    },
    {
      "type": "Feature",
      "geometry": {
        "type": "Point",
        "coordinates": [
          1.9659879682343113,
          41.26377720061151
        ]
      },
      "properties": {
        "date": "2017-04-03"
      }
    },
    {
      "type": "Feature",
      "geometry": {
        "type": "Point",
        "coordinates": [
          1.9661073298615432,
          41.263778272641005
        ]
      },
      "properties": {
        "date": "2017-04-03"
      }
    },
    {
      "type": "Feature",
      "geometry": {
        "type": "Point",
        "coordinates": [
          1.9662266914952238,
          41.2637793445468
        ]
      },
      "properties": {
        "date": "2017-04-03"
      }
    },
    {
      "type": "Feature",
      "geometry": {
        "type": "Point",
        "coordinates": [
          1.9663460531353527,
          41.26378041632885
        ]
      },
      "properties": {
        "date": "2017-04-03"
      }
    },
    {
      "type": "Feature",
      "geometry": {
        "type": "Point",
        "coordinates": [
          1.9664654147819296,
          41.26378148798719
        ]
      },
      "properties": {
        "date": "2017-04-03"
      }
    },
    {
      "type": "Feature",
      "geometry": {
        "type": "Point",
        "coordinates": [
          1.9665847764349536,
          41.263782559521815
        ]
      },
      "properties": {
        "date": "2017-04-03"
      }
    },
    {
      "type": "Feature",
      "geometry": {
        "type": "Point",
        "coordinates": [
          1.9667041380944235,
          41.26378363093271
        ]
      },
      "properties": {
        "date": "2017-04-03"
      }
    },
    {
      "type": "Feature",
      "geometry": {
        "type": "Point",
        "coordinates": [
          1.9668234997603384,
          41.26378470221987
        ]
      },
      "properties": {
        "date": "2017-04-03"
      }
    },
    {
      "type": "Feature",
      "geometry": {
        "type": "Point",
        "coordinates": [
          1.966942861432698,
          41.26378577338333
        ]
      },
      "properties": {
        "date": "2017-04-03"
      }
    },
    {
      "type": "Feature",
      "geometry": {
        "type": "Point",
        "coordinates": [
          1.9670622231115023,
          41.263786844423066
        ]
      },
      "properties": {
        "date": "2017-04-03"
      }
    },
    {
      "type": "Feature",
      "geometry": {
        "type": "Point",
        "coordinates": [
          1.9671815847967495,
          41.263787915339066
        ]
      },
      "properties": {
        "date": "2017-04-03"
      }
    },
    {
      "type": "Feature",
      "geometry": {
        "type": "Point",
        "coordinates": [
          1.967300946488439,
          41.26378898613135
        ]
      },
      "properties": {
        "date": "2017-04-03"
      }
    },
    {
      "type": "Feature",
      "geometry": {
        "type": "Point",
        "coordinates": [
          1.9674203081865698,
          41.26379005679993
        ]
      },
      "properties": {
        "date": "2017-04-03"
      }
    },
    {
      "type": "Feature",
      "geometry": {
        "type": "Point",
        "coordinates": [
          1.9675396698911425,
          41.263791127344774
        ]
      },
      "properties": {
        "date": "2017-04-03"
      }
    },
    {
      "type": "Feature",
      "geometry": {
        "type": "Point",
        "coordinates": [
          1.967659031602155,
          41.263792197765895
        ]
      },
      "properties": {
        "date": "2017-04-03"
      }
    },
    {
      "type": "Feature",
      "geometry": {
        "type": "Point",
        "coordinates": [
          1.9677783933196065,
          41.263793268063296
        ]
      },
      "properties": {
        "date": "2017-04-03"
      }
    },
    {
      "type": "Feature",
      "geometry": {
        "type": "Point",
        "coordinates": [
          1.9678977550434973,
          41.26379433823696
        ]
      },
      "properties": {
        "date": "2017-04-03"
      }
    },
    {
      "type": "Feature",
      "geometry": {
        "type": "Point",
        "coordinates": [
          1.9680171167738258,
          41.26379540828693
        ]
      },
      "properties": {
        "date": "2017-04-03"
      }
    },
    {
      "type": "Feature",
      "geometry": {
        "type": "Point",
        "coordinates": [
          1.968136478510592,
          41.26379647821317
        ]
      },
      "properties": {
        "date": "2017-04-03"
      }
    },
    {
      "type": "Feature",
      "geometry": {
        "type": "Point",
        "coordinates": [
          1.9682558402537942,
          41.26379754801568
        ]
      },
      "properties": {
        "date": "2017-04-03"
      }
    },
    {
      "type": "Feature",
      "geometry": {
        "type": "Point",
        "coordinates": [
          1.968375202003432,
          41.263798617694476
        ]
      },
      "properties": {
        "date": "2017-04-03"
      }
    },
    {
      "type": "Feature",
      "geometry": {
        "type": "Point",
        "coordinates": [
          1.9687332872909538,
          41.26380182598853
        ]
      },
      "properties": {
        "date": "2017-04-03"
      }
    },
    {
      "type": "Feature",
      "geometry": {
        "type": "Point",
        "coordinates": [
          1.9688526490663276,
          41.26380289517243
        ]
      },
      "properties": {
        "date": "2017-04-03"
      }
    },
    {
      "type": "Feature",
      "geometry": {
        "type": "Point",
        "coordinates": [
          1.9689720108481332,
          41.26380396423262
        ]
      },
      "properties": {
        "date": "2017-04-03"
      }
    },
    {
      "type": "Feature",
      "geometry": {
        "type": "Point",
        "coordinates": [
          1.9696881816739986,
          41.263810375995575
        ]
      },
      "properties": {
        "date": "2017-04-03"
      }
    },
    {
      "type": "Feature",
      "geometry": {
        "type": "Point",
        "coordinates": [
          1.9698075435008087,
          41.263811444189706
        ]
      },
      "properties": {
        "date": "2017-04-03"
      }
    },
    {
      "type": "Feature",
      "geometry": {
        "type": "Point",
        "coordinates": [
          1.9699269053340436,
          41.26381251226012
        ]
      },
      "properties": {
        "date": "2017-04-03"
      }
    },
    {
      "type": "Feature",
      "geometry": {
        "type": "Point",
        "coordinates": [
          1.9700462671737038,
          41.263813580206794
        ]
      },
      "properties": {
        "date": "2017-04-03"
      }
    },
    {
      "type": "Feature",
      "geometry": {
        "type": "Point",
        "coordinates": [
          1.9701656290197889,
          41.26381464802977
        ]
      },
      "properties": {
        "date": "2017-04-03"
      }
    },
    {
      "type": "Feature",
      "geometry": {
        "type": "Point",
        "coordinates": [
          1.9702849908722988,
          41.26381571572901
        ]
      },
      "properties": {
        "date": "2017-04-03"
      }
    },
    {
      "type": "Feature",
      "geometry": {
        "type": "Point",
        "coordinates": [
          1.97040435273123,
          41.263816783304534
        ]
      },
      "properties": {
        "date": "2017-04-03"
      }
    },
    {
      "type": "Feature",
      "geometry": {
        "type": "Point",
        "coordinates": [
          1.9705237145965846,
          41.26381785075634
        ]
      },
      "properties": {
        "date": "2017-04-03"
      }
    },
    {
      "type": "Feature",
      "geometry": {
        "type": "Point",
        "coordinates": [
          1.970762438346558,
          41.26381998528876
        ]
      },
      "properties": {
        "date": "2017-04-03"
      }
    },
    {
      "type": "Feature",
      "geometry": {
        "type": "Point",
        "coordinates": [
          1.9708818002311752,
          41.2638210523694
        ]
      },
      "properties": {
        "date": "2017-04-03"
      }
    },
    {
      "type": "Feature",
      "geometry": {
        "type": "Point",
        "coordinates": [
          1.9710011621222114,
          41.26382211932631
        ]
      },
      "properties": {
        "date": "2017-04-03"
      }
    },
    {
      "type": "Feature",
      "geometry": {
        "type": "Point",
        "coordinates": [
          1.971478609750537,
          41.263826385916744
        ]
      },
      "properties": {
        "date": "2017-04-03"
      }
    },
    {
      "type": "Feature",
      "geometry": {
        "type": "Point",
        "coordinates": [
          2.0019161058622497,
          41.26409429538794
        ]
      },
      "properties": {
        "date": "2017-04-03"
      }
    },
    {
      "type": "Feature",
      "geometry": {
        "type": "Point",
        "coordinates": [
          2.002035469397085,
          41.26409533017647
        ]
      },
      "properties": {
        "date": "2017-04-03"
      }
    },
    {
      "type": "Feature",
      "geometry": {
        "type": "Point",
        "coordinates": [
          2.0021548329381447,
          41.264096364841265
        ]
      },
      "properties": {
        "date": "2017-04-03"
      }
    },
    {
      "type": "Feature",
      "geometry": {
        "type": "Point",
        "coordinates": [
          2.00227419648543,
          41.264097399382344
        ]
      },
      "properties": {
        "date": "2017-04-03"
      }
    },
    {
      "type": "Feature",
      "geometry": {
        "type": "Point",
        "coordinates": [
          2.0023935600389384,
          41.26409843379968
        ]
      },
      "properties": {
        "date": "2017-04-03"
      }
    },
    {
      "type": "Feature",
      "geometry": {
        "type": "Point",
        "coordinates": [
          2.00251292359867,
          41.2640994680933
        ]
      },
      "properties": {
        "date": "2017-04-03"
      }
    },
    {
      "type": "Feature",
      "geometry": {
        "type": "Point",
        "coordinates": [
          2.002632287164624,
          41.26410050226318
        ]
      },
      "properties": {
        "date": "2017-04-03"
      }
    },
    {
      "type": "Feature",
      "geometry": {
        "type": "Point",
        "coordinates": [
          1.946414196912868,
          41.263509650843176
        ]
      },
      "properties": {
        "date": "2017-04-03"
      }
    },
    {
      "type": "Feature",
      "geometry": {
        "type": "Point",
        "coordinates": [
          1.9465335573084352,
          41.26351074315927
        ]
      },
      "properties": {
        "date": "2017-04-03"
      }
    },
    {
      "type": "Feature",
      "geometry": {
        "type": "Point",
        "coordinates": [
          1.946652917710574,
          41.263511835351665
        ]
      },
      "properties": {
        "date": "2017-04-03"
      }
    },
    {
      "type": "Feature",
      "geometry": {
        "type": "Point",
        "coordinates": [
          1.9467722781192829,
          41.26351292742033
        ]
      },
      "properties": {
        "date": "2017-04-03"
      }
    },
    {
      "type": "Feature",
      "geometry": {
        "type": "Point",
        "coordinates": [
          1.9468916385345614,
          41.26351401936527
        ]
      },
      "properties": {
        "date": "2017-04-03"
      }
    },
    {
      "type": "Feature",
      "geometry": {
        "type": "Point",
        "coordinates": [
          1.9470109989564084,
          41.26351511118649
        ]
      },
      "properties": {
        "date": "2017-04-03"
      }
    },
    {
      "type": "Feature",
      "geometry": {
        "type": "Point",
        "coordinates": [
          1.947130359384824,
          41.263516202884006
        ]
      },
      "properties": {
        "date": "2017-04-03"
      }
    },
    {
      "type": "Feature",
      "geometry": {
        "type": "Point",
        "coordinates": [
          1.9472497198198067,
          41.263517294457806
        ]
      },
      "properties": {
        "date": "2017-04-03"
      }
    },
    {
      "type": "Feature",
      "geometry": {
        "type": "Point",
        "coordinates": [
          1.9473690802613564,
          41.26351838590789
        ]
      },
      "properties": {
        "date": "2017-04-03"
      }
    },
    {
      "type": "Feature",
      "geometry": {
        "type": "Point",
        "coordinates": [
          1.9474884407094717,
          41.26351947723423
        ]
      },
      "properties": {
        "date": "2017-04-03"
      }
    },
    {
      "type": "Feature",
      "geometry": {
        "type": "Point",
        "coordinates": [
          1.9476078011641522,
          41.26352056843688
        ]
      },
      "properties": {
        "date": "2017-04-03"
      }
    },
    {
      "type": "Feature",
      "geometry": {
        "type": "Point",
        "coordinates": [
          1.9477271616253973,
          41.263521659515796
        ]
      },
      "properties": {
        "date": "2017-04-03"
      }
    },
    {
      "type": "Feature",
      "geometry": {
        "type": "Point",
        "coordinates": [
          1.9683766195687213,
          41.26370855407326
        ]
      },
      "properties": {
        "date": "2017-04-03"
      }
    },
    {
      "type": "Feature",
      "geometry": {
        "type": "Point",
        "coordinates": [
          1.9684959811608493,
          41.26370962362497
        ]
      },
      "properties": {
        "date": "2017-04-03"
      }
    },
    {
      "type": "Feature",
      "geometry": {
        "type": "Point",
        "coordinates": [
          1.968615342759411,
          41.26371069305295
        ]
      },
      "properties": {
        "date": "2017-04-03"
      }
    },
    {
      "type": "Feature",
      "geometry": {
        "type": "Point",
        "coordinates": [
          1.9687347043644068,
          41.26371176235721
        ]
      },
      "properties": {
        "date": "2017-04-03"
      }
    },
    {
      "type": "Feature",
      "geometry": {
        "type": "Point",
        "coordinates": [
          1.9689734275936959,
          41.26371390059456
        ]
      },
      "properties": {
        "date": "2017-04-03"
      }
    },
    {
      "type": "Feature",
      "geometry": {
        "type": "Point",
        "coordinates": [
          1.9690927892179872,
          41.26371496952766
        ]
      },
      "properties": {
        "date": "2017-04-03"
      }
    },
    {
      "type": "Feature",
      "geometry": {
        "type": "Point",
        "coordinates": [
          1.9692121508487097,
          41.26371603833704
        ]
      },
      "properties": {
        "date": "2017-04-03"
      }
    },
    {
      "type": "Feature",
      "geometry": {
        "type": "Point",
        "coordinates": [
          1.969331512485861,
          41.263717107022686
        ]
      },
      "properties": {
        "date": "2017-04-03"
      }
    },
    {
      "type": "Feature",
      "geometry": {
        "type": "Point",
        "coordinates": [
          1.9694508741294425,
          41.26371817558462
        ]
      },
      "properties": {
        "date": "2017-04-03"
      }
    },
    {
      "type": "Feature",
      "geometry": {
        "type": "Point",
        "coordinates": [
          1.9695702357794518,
          41.26371924402283
        ]
      },
      "properties": {
        "date": "2017-04-03"
      }
    },
    {
      "type": "Feature",
      "geometry": {
        "type": "Point",
        "coordinates": [
          1.9696895974358886,
          41.26372031233732
        ]
      },
      "properties": {
        "date": "2017-04-03"
      }
    },
    {
      "type": "Feature",
      "geometry": {
        "type": "Point",
        "coordinates": [
          1.9705251292108545,
          41.263727787074544
        ]
      },
      "properties": {
        "date": "2017-04-03"
      }
    },
    {
      "type": "Feature",
      "geometry": {
        "type": "Point",
        "coordinates": [
          1.9706444909186849,
          41.263728854399254
        ]
      },
      "properties": {
        "date": "2017-04-03"
      }
    },
    {
      "type": "Feature",
      "geometry": {
        "type": "Point",
        "coordinates": [
          1.9707638526329363,
          41.263729921600245
        ]
      },
      "properties": {
        "date": "2017-04-03"
      }
    },
    {
      "type": "Feature",
      "geometry": {
        "type": "Point",
        "coordinates": [
          1.971002576080698,
          41.263732055631074
        ]
      },
      "properties": {
        "date": "2017-04-03"
      }
    },
    {
      "type": "Feature",
      "geometry": {
        "type": "Point",
        "coordinates": [
          1.971121937814207,
          41.263733122460906
        ]
      },
      "properties": {
        "date": "2017-04-03"
      }
    },
    {
      "type": "Feature",
      "geometry": {
        "type": "Point",
        "coordinates": [
          1.9712412995541346,
          41.263734189166996
        ]
      },
      "properties": {
        "date": "2017-04-03"
      }
    },
    {
      "type": "Feature",
      "geometry": {
        "type": "Point",
        "coordinates": [
          1.9713606613004784,
          41.263735255749395
        ]
      },
      "properties": {
        "date": "2017-04-03"
      }
    },
    {
      "type": "Feature",
      "geometry": {
        "type": "Point",
        "coordinates": [
          1.9714800230532388,
          41.263736322208054
        ]
      },
      "properties": {
        "date": "2017-04-03"
      }
    },
    {
      "type": "Feature",
      "geometry": {
        "type": "Point",
        "coordinates": [
          1.9715993848124151,
          41.26373738854301
        ]
      },
      "properties": {
        "date": "2017-04-03"
      }
    },
    {
      "type": "Feature",
      "geometry": {
        "type": "Point",
        "coordinates": [
          1.9717187465780068,
          41.263738454754225
        ]
      },
      "properties": {
        "date": "2017-04-03"
      }
    },
    {
      "type": "Feature",
      "geometry": {
        "type": "Point",
        "coordinates": [
          1.971838108350012,
          41.263739520841725
        ]
      },
      "properties": {
        "date": "2017-04-03"
      }
    },
    {
      "type": "Feature",
      "geometry": {
        "type": "Point",
        "coordinates": [
          1.9719574701284308,
          41.2637405868055
        ]
      },
      "properties": {
        "date": "2017-04-03"
      }
    },
    {
      "type": "Feature",
      "geometry": {
        "type": "Point",
        "coordinates": [
          1.972076831913262,
          41.26374165264555
        ]
      },
      "properties": {
        "date": "2017-04-03"
      }
    },
    {
      "type": "Feature",
      "geometry": {
        "type": "Point",
        "coordinates": [
          1.9721961937045052,
          41.26374271836189
        ]
      },
      "properties": {
        "date": "2017-04-03"
      }
    },
    {
      "type": "Feature",
      "geometry": {
        "type": "Point",
        "coordinates": [
          1.9723155555021594,
          41.263743783954496
        ]
      },
      "properties": {
        "date": "2017-04-03"
      }
    },
    {
      "type": "Feature",
      "geometry": {
        "type": "Point",
        "coordinates": [
          1.9724349173062243,
          41.26374484942338
        ]
      },
      "properties": {
        "date": "2017-04-03"
      }
    },
    {
      "type": "Feature",
      "geometry": {
        "type": "Point",
        "coordinates": [
          1.972554279116699,
          41.26374591476855
        ]
      },
      "properties": {
        "date": "2017-04-03"
      }
    },
    {
      "type": "Feature",
      "geometry": {
        "type": "Point",
        "coordinates": [
          1.9726736409335828,
          41.26374697999
        ]
      },
      "properties": {
        "date": "2017-04-03"
      }
    },
    {
      "type": "Feature",
      "geometry": {
        "type": "Point",
        "coordinates": [
          1.9727930027568743,
          41.263748045087716
        ]
      },
      "properties": {
        "date": "2017-04-03"
      }
    },
    {
      "type": "Feature",
      "geometry": {
        "type": "Point",
        "coordinates": [
          1.9729123645865732,
          41.263749110061724
        ]
      },
      "properties": {
        "date": "2017-04-03"
      }
    },
    {
      "type": "Feature",
      "geometry": {
        "type": "Point",
        "coordinates": [
          1.9730317264226789,
          41.263750174912005
        ]
      },
      "properties": {
        "date": "2017-04-03"
      }
    },
    {
      "type": "Feature",
      "geometry": {
        "type": "Point",
        "coordinates": [
          1.973151088265191,
          41.26375123963856
        ]
      },
      "properties": {
        "date": "2017-04-03"
      }
    },
    {
      "type": "Feature",
      "geometry": {
        "type": "Point",
        "coordinates": [
          1.973270450114108,
          41.26375230424139
        ]
      },
      "properties": {
        "date": "2017-04-03"
      }
    },
    {
      "type": "Feature",
      "geometry": {
        "type": "Point",
        "coordinates": [
          1.9733898119694293,
          41.26375336872051
        ]
      },
      "properties": {
        "date": "2017-04-03"
      }
    },
    {
      "type": "Feature",
      "geometry": {
        "type": "Point",
        "coordinates": [
          1.9735091738311548,
          41.263754433075896
        ]
      },
      "properties": {
        "date": "2017-04-03"
      }
    },
    {
      "type": "Feature",
      "geometry": {
        "type": "Point",
        "coordinates": [
          1.973628535699283,
          41.26375549730756
        ]
      },
      "properties": {
        "date": "2017-04-03"
      }
    },
    {
      "type": "Feature",
      "geometry": {
        "type": "Point",
        "coordinates": [
          1.9737478975738136,
          41.26375656141551
        ]
      },
      "properties": {
        "date": "2017-04-03"
      }
    },
    {
      "type": "Feature",
      "geometry": {
        "type": "Point",
        "coordinates": [
          1.9738672594547455,
          41.263757625399734
        ]
      },
      "properties": {
        "date": "2017-04-03"
      }
    },
    {
      "type": "Feature",
      "geometry": {
        "type": "Point",
        "coordinates": [
          1.973986621342078,
          41.263758689260236
        ]
      },
      "properties": {
        "date": "2017-04-03"
      }
    },
    {
      "type": "Feature",
      "geometry": {
        "type": "Point",
        "coordinates": [
          1.9741059832358105,
          41.26375975299702
        ]
      },
      "properties": {
        "date": "2017-04-03"
      }
    },
    {
      "type": "Feature",
      "geometry": {
        "type": "Point",
        "coordinates": [
          1.9742253451359428,
          41.26376081661008
        ]
      },
      "properties": {
        "date": "2017-04-03"
      }
    },
    {
      "type": "Feature",
      "geometry": {
        "type": "Point",
        "coordinates": [
          1.9743447070424736,
          41.26376188009941
        ]
      },
      "properties": {
        "date": "2017-04-03"
      }
    },
    {
      "type": "Feature",
      "geometry": {
        "type": "Point",
        "coordinates": [
          1.974464068955402,
          41.263762943465025
        ]
      },
      "properties": {
        "date": "2017-04-03"
      }
    },
    {
      "type": "Feature",
      "geometry": {
        "type": "Point",
        "coordinates": [
          1.9745834308747274,
          41.263764006706914
        ]
      },
      "properties": {
        "date": "2017-04-03"
      }
    },
    {
      "type": "Feature",
      "geometry": {
        "type": "Point",
        "coordinates": [
          1.9747027928004488,
          41.263765069825084
        ]
      },
      "properties": {
        "date": "2017-04-03"
      }
    },
    {
      "type": "Feature",
      "geometry": {
        "type": "Point",
        "coordinates": [
          1.9748221547325662,
          41.263766132819526
        ]
      },
      "properties": {
        "date": "2017-04-03"
      }
    },
    {
      "type": "Feature",
      "geometry": {
        "type": "Point",
        "coordinates": [
          1.9749415166710782,
          41.26376719569026
        ]
      },
      "properties": {
        "date": "2017-04-03"
      }
    },
    {
      "type": "Feature",
      "geometry": {
        "type": "Point",
        "coordinates": [
          1.975060878615984,
          41.26376825843725
        ]
      },
      "properties": {
        "date": "2017-04-03"
      }
    },
    {
      "type": "Feature",
      "geometry": {
        "type": "Point",
        "coordinates": [
          1.9751802405672834,
          41.263769321060536
        ]
      },
      "properties": {
        "date": "2017-04-03"
      }
    },
    {
      "type": "Feature",
      "geometry": {
        "type": "Point",
        "coordinates": [
          1.9752996025249756,
          41.26377038356009
        ]
      },
      "properties": {
        "date": "2017-04-03"
      }
    },
    {
      "type": "Feature",
      "geometry": {
        "type": "Point",
        "coordinates": [
          1.9754189644890594,
          41.26377144593592
        ]
      },
      "properties": {
        "date": "2017-04-03"
      }
    },
    {
      "type": "Feature",
      "geometry": {
        "type": "Point",
        "coordinates": [
          1.9755383264595343,
          41.26377250818804
        ]
      },
      "properties": {
        "date": "2017-04-03"
      }
    },
    {
      "type": "Feature",
      "geometry": {
        "type": "Point",
        "coordinates": [
          1.9756576884363994,
          41.26377357031643
        ]
      },
      "properties": {
        "date": "2017-04-03"
      }
    },
    {
      "type": "Feature",
      "geometry": {
        "type": "Point",
        "coordinates": [
          1.9757770504196543,
          41.263774632321095
        ]
      },
      "properties": {
        "date": "2017-04-03"
      }
    },
    {
      "type": "Feature",
      "geometry": {
        "type": "Point",
        "coordinates": [
          1.9758964124092977,
          41.263775694202046
        ]
      },
      "properties": {
        "date": "2017-04-03"
      }
    },
    {
      "type": "Feature",
      "geometry": {
        "type": "Point",
        "coordinates": [
          1.9760157744053295,
          41.26377675595926
        ]
      },
      "properties": {
        "date": "2017-04-03"
      }
    },
    {
      "type": "Feature",
      "geometry": {
        "type": "Point",
        "coordinates": [
          1.9761351364077488,
          41.263777817592754
        ]
      },
      "properties": {
        "date": "2017-04-03"
      }
    },
    {
      "type": "Feature",
      "geometry": {
        "type": "Point",
        "coordinates": [
          1.9762544984165547,
          41.26377887910253
        ]
      },
      "properties": {
        "date": "2017-04-03"
      }
    },
    {
      "type": "Feature",
      "geometry": {
        "type": "Point",
        "coordinates": [
          1.9763738604317462,
          41.26377994048858
        ]
      },
      "properties": {
        "date": "2017-04-03"
      }
    },
    {
      "type": "Feature",
      "geometry": {
        "type": "Point",
        "coordinates": [
          1.9764932224533232,
          41.26378100175093
        ]
      },
      "properties": {
        "date": "2017-04-03"
      }
    },
    {
      "type": "Feature",
      "geometry": {
        "type": "Point",
        "coordinates": [
          1.9766125844812843,
          41.26378206288954
        ]
      },
      "properties": {
        "date": "2017-04-03"
      }
    },
    {
      "type": "Feature",
      "geometry": {
        "type": "Point",
        "coordinates": [
          1.9767319465156288,
          41.26378312390443
        ]
      },
      "properties": {
        "date": "2017-04-03"
      }
    },
    {
      "type": "Feature",
      "geometry": {
        "type": "Point",
        "coordinates": [
          1.9768513085563568,
          41.26378418479558
        ]
      },
      "properties": {
        "date": "2017-04-03"
      }
    },
    {
      "type": "Feature",
      "geometry": {
        "type": "Point",
        "coordinates": [
          1.9769706706034669,
          41.26378524556302
        ]
      },
      "properties": {
        "date": "2017-04-03"
      }
    },
    {
      "type": "Feature",
      "geometry": {
        "type": "Point",
        "coordinates": [
          1.9770900326569583,
          41.26378630620675
        ]
      },
      "properties": {
        "date": "2017-04-03"
      }
    },
    {
      "type": "Feature",
      "geometry": {
        "type": "Point",
        "coordinates": [
          1.9772093947168303,
          41.263787366726746
        ]
      },
      "properties": {
        "date": "2017-04-03"
      }
    },
    {
      "type": "Feature",
      "geometry": {
        "type": "Point",
        "coordinates": [
          1.9773287567830822,
          41.26378842712302
        ]
      },
      "properties": {
        "date": "2017-04-03"
      }
    },
    {
      "type": "Feature",
      "geometry": {
        "type": "Point",
        "coordinates": [
          1.977448118855713,
          41.26378948739556
        ]
      },
      "properties": {
        "date": "2017-04-03"
      }
    },
    {
      "type": "Feature",
      "geometry": {
        "type": "Point",
        "coordinates": [
          1.9775674809347228,
          41.263790547544396
        ]
      },
      "properties": {
        "date": "2017-04-03"
      }
    },
    {
      "type": "Feature",
      "geometry": {
        "type": "Point",
        "coordinates": [
          1.97768684302011,
          41.263791607569495
        ]
      },
      "properties": {
        "date": "2017-04-03"
      }
    },
    {
      "type": "Feature",
      "geometry": {
        "type": "Point",
        "coordinates": [
          1.9778062051118739,
          41.263792667470874
        ]
      },
      "properties": {
        "date": "2017-04-03"
      }
    },
    {
      "type": "Feature",
      "geometry": {
        "type": "Point",
        "coordinates": [
          1.9779255672100142,
          41.26379372724853
        ]
      },
      "properties": {
        "date": "2017-04-03"
      }
    },
    {
      "type": "Feature",
      "geometry": {
        "type": "Point",
        "coordinates": [
          1.9780449293145301,
          41.26379478690248
        ]
      },
      "properties": {
        "date": "2017-04-03"
      }
    },
    {
      "type": "Feature",
      "geometry": {
        "type": "Point",
        "coordinates": [
          1.978164291425421,
          41.263795846432686
        ]
      },
      "properties": {
        "date": "2017-04-03"
      }
    },
    {
      "type": "Feature",
      "geometry": {
        "type": "Point",
        "coordinates": [
          1.978283653542685,
          41.26379690583918
        ]
      },
      "properties": {
        "date": "2017-04-03"
      }
    },
    {
      "type": "Feature",
      "geometry": {
        "type": "Point",
        "coordinates": [
          1.9784030156663228,
          41.263797965121945
        ]
      },
      "properties": {
        "date": "2017-04-03"
      }
    },
    {
      "type": "Feature",
      "geometry": {
        "type": "Point",
        "coordinates": [
          1.9785223777963337,
          41.26379902428099
        ]
      },
      "properties": {
        "date": "2017-04-03"
      }
    },
    {
      "type": "Feature",
      "geometry": {
        "type": "Point",
        "coordinates": [
          1.9794772750657357,
          41.26380749309932
        ]
      },
      "properties": {
        "date": "2017-04-03"
      }
    },
    {
      "type": "Feature",
      "geometry": {
        "type": "Point",
        "coordinates": [
          1.9838936802302565,
          41.2638465583845
        ]
      },
      "properties": {
        "date": "2017-04-03"
      }
    },
    {
      "type": "Feature",
      "geometry": {
        "type": "Point",
        "coordinates": [
          1.9840130426525968,
          41.26384761185227
        ]
      },
      "properties": {
        "date": "2017-04-03"
      }
    },
    {
      "type": "Feature",
      "geometry": {
        "type": "Point",
        "coordinates": [
          1.9841324050812745,
          41.26384866519631
        ]
      },
      "properties": {
        "date": "2017-04-03"
      }
    },
    {
      "type": "Feature",
      "geometry": {
        "type": "Point",
        "coordinates": [
          1.9842517675162894,
          41.26384971841665
        ]
      },
      "properties": {
        "date": "2017-04-03"
      }
    },
    {
      "type": "Feature",
      "geometry": {
        "type": "Point",
        "coordinates": [
          1.9843711299576399,
          41.26385077151324
        ]
      },
      "properties": {
        "date": "2017-04-03"
      }
    },
    {
      "type": "Feature",
      "geometry": {
        "type": "Point",
        "coordinates": [
          1.9844904924053262,
          41.26385182448612
        ]
      },
      "properties": {
        "date": "2017-04-03"
      }
    },
    {
      "type": "Feature",
      "geometry": {
        "type": "Point",
        "coordinates": [
          1.9846098548593467,
          41.26385287733527
        ]
      },
      "properties": {
        "date": "2017-04-03"
      }
    },
    {
      "type": "Feature",
      "geometry": {
        "type": "Point",
        "coordinates": [
          1.984729217319701,
          41.263853930060705
        ]
      },
      "properties": {
        "date": "2017-04-03"
      }
    },
    {
      "type": "Feature",
      "geometry": {
        "type": "Point",
        "coordinates": [
          1.9848485797863888,
          41.2638549826624
        ]
      },
      "properties": {
        "date": "2017-04-03"
      }
    },
    {
      "type": "Feature",
      "geometry": {
        "type": "Point",
        "coordinates": [
          1.9849679422594084,
          41.263856035140385
        ]
      },
      "properties": {
        "date": "2017-04-03"
      }
    },
    {
      "type": "Feature",
      "geometry": {
        "type": "Point",
        "coordinates": [
          1.9850873047387603,
          41.263857087494635
        ]
      },
      "properties": {
        "date": "2017-04-03"
      }
    },
    {
      "type": "Feature",
      "geometry": {
        "type": "Point",
        "coordinates": [
          1.9852066672244422,
          41.263858139725166
        ]
      },
      "properties": {
        "date": "2017-04-03"
      }
    },
    {
      "type": "Feature",
      "geometry": {
        "type": "Point",
        "coordinates": [
          1.9853260297164546,
          41.26385919183198
        ]
      },
      "properties": {
        "date": "2017-04-03"
      }
    },
    {
      "type": "Feature",
      "geometry": {
        "type": "Point",
        "coordinates": [
          1.9854453922147959,
          41.26386024381506
        ]
      },
      "properties": {
        "date": "2017-04-03"
      }
    },
    {
      "type": "Feature",
      "geometry": {
        "type": "Point",
        "coordinates": [
          1.9855647547194661,
          41.26386129567442
        ]
      },
      "properties": {
        "date": "2017-04-03"
      }
    },
    {
      "type": "Feature",
      "geometry": {
        "type": "Point",
        "coordinates": [
          1.9856841172304645,
          41.26386234741006
        ]
      },
      "properties": {
        "date": "2017-04-03"
      }
    },
    {
      "type": "Feature",
      "geometry": {
        "type": "Point",
        "coordinates": [
          1.9858034797477897,
          41.263863399021965
        ]
      },
      "properties": {
        "date": "2017-04-03"
      }
    },
    {
      "type": "Feature",
      "geometry": {
        "type": "Point",
        "coordinates": [
          1.985922842271441,
          41.26386445051016
        ]
      },
      "properties": {
        "date": "2017-04-03"
      }
    },
    {
      "type": "Feature",
      "geometry": {
        "type": "Point",
        "coordinates": [
          1.9860422048014181,
          41.26386550187462
        ]
      },
      "properties": {
        "date": "2017-04-03"
      }
    },
    {
      "type": "Feature",
      "geometry": {
        "type": "Point",
        "coordinates": [
          1.9861615673377206,
          41.26386655311536
        ]
      },
      "properties": {
        "date": "2017-04-03"
      }
    },
    {
      "type": "Feature",
      "geometry": {
        "type": "Point",
        "coordinates": [
          1.9865196549845683,
          41.263869706095235
        ]
      },
      "properties": {
        "date": "2017-04-03"
      }
    },
    {
      "type": "Feature",
      "geometry": {
        "type": "Point",
        "coordinates": [
          1.9866390175461621,
          41.26387075684108
        ]
      },
      "properties": {
        "date": "2017-04-03"
      }
    },
    {
      "type": "Feature",
      "geometry": {
        "type": "Point",
        "coordinates": [
          1.9867583801140771,
          41.2638718074632
        ]
      },
      "properties": {
        "date": "2017-04-03"
      }
    },
    {
      "type": "Feature",
      "geometry": {
        "type": "Point",
        "coordinates": [
          1.9868777426883129,
          41.263872857961594
        ]
      },
      "properties": {
        "date": "2017-04-03"
      }
    },
    {
      "type": "Feature",
      "geometry": {
        "type": "Point",
        "coordinates": [
          1.9965461321231257,
          41.26395753744168
        ]
      },
      "properties": {
        "date": "2017-04-03"
      }
    },
    {
      "type": "Feature",
      "geometry": {
        "type": "Point",
        "coordinates": [
          1.996665495213103,
          41.263958577794625
        ]
      },
      "properties": {
        "date": "2017-04-03"
      }
    },
    {
      "type": "Feature",
      "geometry": {
        "type": "Point",
        "coordinates": [
          1.9967848583093393,
          41.26395961802384
        ]
      },
      "properties": {
        "date": "2017-04-03"
      }
    },
    {
      "type": "Feature",
      "geometry": {
        "type": "Point",
        "coordinates": [
          1.9977397633044514,
          41.263967935403464
        ]
      },
      "properties": {
        "date": "2017-04-03"
      }
    },
    {
      "type": "Feature",
      "geometry": {
        "type": "Point",
        "coordinates": [
          1.9978591264569823,
          41.263968974519145
        ]
      },
      "properties": {
        "date": "2017-04-03"
      }
    },
    {
      "type": "Feature",
      "geometry": {
        "type": "Point",
        "coordinates": [
          1.9979784896157642,
          41.26397001351111
        ]
      },
      "properties": {
        "date": "2017-04-03"
      }
    },
    {
      "type": "Feature",
      "geometry": {
        "type": "Point",
        "coordinates": [
          1.9980978527807962,
          41.26397105237935
        ]
      },
      "properties": {
        "date": "2017-04-03"
      }
    },
    {
      "type": "Feature",
      "geometry": {
        "type": "Point",
        "coordinates": [
          1.9982172159520781,
          41.26397209112385
        ]
      },
      "properties": {
        "date": "2017-04-03"
      }
    },
    {
      "type": "Feature",
      "geometry": {
        "type": "Point",
        "coordinates": [
          1.9983365791296095,
          41.26397312974463
        ]
      },
      "properties": {
        "date": "2017-04-03"
      }
    },
    {
      "type": "Feature",
      "geometry": {
        "type": "Point",
        "coordinates": [
          1.998455942313389,
          41.26397416824169
        ]
      },
      "properties": {
        "date": "2017-04-03"
      }
    },
    {
      "type": "Feature",
      "geometry": {
        "type": "Point",
        "coordinates": [
          1.9988140319022085,
          41.263977282990496
        ]
      },
      "properties": {
        "date": "2017-04-03"
      }
    },
    {
      "type": "Feature",
      "geometry": {
        "type": "Point",
        "coordinates": [
          1.9991721215472362,
          41.263980396625776
        ]
      },
      "properties": {
        "date": "2017-04-03"
      }
    },
    {
      "type": "Feature",
      "geometry": {
        "type": "Point",
        "coordinates": [
          1.9992914847747323,
          41.26398143425675
        ]
      },
      "properties": {
        "date": "2017-04-03"
      }
    },
    {
      "type": "Feature",
      "geometry": {
        "type": "Point",
        "coordinates": [
          1.9994108480084707,
          41.26398247176399
        ]
      },
      "properties": {
        "date": "2017-04-03"
      }
    },
    {
      "type": "Feature",
      "geometry": {
        "type": "Point",
        "coordinates": [
          1.9995302112484505,
          41.263983509147515
        ]
      },
      "properties": {
        "date": "2017-04-03"
      }
    },
    {
      "type": "Feature",
      "geometry": {
        "type": "Point",
        "coordinates": [
          1.9996495744946716,
          41.2639845464073
        ]
      },
      "properties": {
        "date": "2017-04-03"
      }
    },
    {
      "type": "Feature",
      "geometry": {
        "type": "Point",
        "coordinates": [
          1.9997689377471326,
          41.263985583543366
        ]
      },
      "properties": {
        "date": "2017-04-03"
      }
    },
    {
      "type": "Feature",
      "geometry": {
        "type": "Point",
        "coordinates": [
          1.9998883010058326,
          41.26398662055571
        ]
      },
      "properties": {
        "date": "2017-04-03"
      }
    },
    {
      "type": "Feature",
      "geometry": {
        "type": "Point",
        "coordinates": [
          2.000007664270772,
          41.26398765744434
        ]
      },
      "properties": {
        "date": "2017-04-03"
      }
    },
    {
      "type": "Feature",
      "geometry": {
        "type": "Point",
        "coordinates": [
          2.0001270275419483,
          41.263988694209225
        ]
      },
      "properties": {
        "date": "2017-04-03"
      }
    },
    {
      "type": "Feature",
      "geometry": {
        "type": "Point",
        "coordinates": [
          2.0002463908193624,
          41.26398973085038
        ]
      },
      "properties": {
        "date": "2017-04-03"
      }
    },
    {
      "type": "Feature",
      "geometry": {
        "type": "Point",
        "coordinates": [
          2.000365754103012,
          41.263990767367815
        ]
      },
      "properties": {
        "date": "2017-04-03"
      }
    },
    {
      "type": "Feature",
      "geometry": {
        "type": "Point",
        "coordinates": [
          2.0004851173928975,
          41.263991803761535
        ]
      },
      "properties": {
        "date": "2017-04-03"
      }
    },
    {
      "type": "Feature",
      "geometry": {
        "type": "Point",
        "coordinates": [
          2.000604480689018,
          41.26399284003152
        ]
      },
      "properties": {
        "date": "2017-04-03"
      }
    },
    {
      "type": "Feature",
      "geometry": {
        "type": "Point",
        "coordinates": [
          2.0007238439913726,
          41.26399387617778
        ]
      },
      "properties": {
        "date": "2017-04-03"
      }
    },
    {
      "type": "Feature",
      "geometry": {
        "type": "Point",
        "coordinates": [
          2.000843207299961,
          41.2639949122003
        ]
      },
      "properties": {
        "date": "2017-04-03"
      }
    },
    {
      "type": "Feature",
      "geometry": {
        "type": "Point",
        "coordinates": [
          2.0009625706147816,
          41.2639959480991
        ]
      },
      "properties": {
        "date": "2017-04-03"
      }
    },
    {
      "type": "Feature",
      "geometry": {
        "type": "Point",
        "coordinates": [
          2.0010819339358337,
          41.263996983874186
        ]
      },
      "properties": {
        "date": "2017-04-03"
      }
    },
    {
      "type": "Feature",
      "geometry": {
        "type": "Point",
        "coordinates": [
          2.0012012972631172,
          41.26399801952554
        ]
      },
      "properties": {
        "date": "2017-04-03"
      }
    },
    {
      "type": "Feature",
      "geometry": {
        "type": "Point",
        "coordinates": [
          2.0013206605966314,
          41.26399905505316
        ]
      },
      "properties": {
        "date": "2017-04-03"
      }
    },
    {
      "type": "Feature",
      "geometry": {
        "type": "Point",
        "coordinates": [
          2.0014400239363748,
          41.26400009045707
        ]
      },
      "properties": {
        "date": "2017-04-03"
      }
    },
    {
      "type": "Feature",
      "geometry": {
        "type": "Point",
        "coordinates": [
          2.001559387282347,
          41.26400112573723
        ]
      },
      "properties": {
        "date": "2017-04-03"
      }
    },
    {
      "type": "Feature",
      "geometry": {
        "type": "Point",
        "coordinates": [
          2.001678750634548,
          41.26400216089368
        ]
      },
      "properties": {
        "date": "2017-04-03"
      }
    },
    {
      "type": "Feature",
      "geometry": {
        "type": "Point",
        "coordinates": [
          2.0017981139929764,
          41.2640031959264
        ]
      },
      "properties": {
        "date": "2017-04-03"
      }
    },
    {
      "type": "Feature",
      "geometry": {
        "type": "Point",
        "coordinates": [
          2.001917477357631,
          41.26400423083539
        ]
      },
      "properties": {
        "date": "2017-04-03"
      }
    },
    {
      "type": "Feature",
      "geometry": {
        "type": "Point",
        "coordinates": [
          1.9785237814197878,
          41.26370896037336
        ]
      },
      "properties": {
        "date": "2017-04-03"
      }
    },
    {
      "type": "Feature",
      "geometry": {
        "type": "Point",
        "coordinates": [
          1.9786431433922227,
          41.26371001940534
        ]
      },
      "properties": {
        "date": "2017-04-03"
      }
    },
    {
      "type": "Feature",
      "geometry": {
        "type": "Point",
        "coordinates": [
          1.9787625053710285,
          41.263711078313605
        ]
      },
      "properties": {
        "date": "2017-04-03"
      }
    },
    {
      "type": "Feature",
      "geometry": {
        "type": "Point",
        "coordinates": [
          1.9788818673562043,
          41.26371213709814
        ]
      },
      "properties": {
        "date": "2017-04-03"
      }
    },
    {
      "type": "Feature",
      "geometry": {
        "type": "Point",
        "coordinates": [
          1.9790012293477497,
          41.263713195758974
        ]
      },
      "properties": {
        "date": "2017-04-03"
      }
    },
    {
      "type": "Feature",
      "geometry": {
        "type": "Point",
        "coordinates": [
          1.9791205913456638,
          41.26371425429606
        ]
      },
      "properties": {
        "date": "2017-04-03"
      }
    },
    {
      "type": "Feature",
      "geometry": {
        "type": "Point",
        "coordinates": [
          1.9792399533499456,
          41.26371531270943
        ]
      },
      "properties": {
        "date": "2017-04-03"
      }
    },
    {
      "type": "Feature",
      "geometry": {
        "type": "Point",
        "coordinates": [
          1.979359315360595,
          41.26371637099908
        ]
      },
      "properties": {
        "date": "2017-04-03"
      }
    },
    {
      "type": "Feature",
      "geometry": {
        "type": "Point",
        "coordinates": [
          1.979478677377611,
          41.26371742916502
        ]
      },
      "properties": {
        "date": "2017-04-03"
      }
    },
    {
      "type": "Feature",
      "geometry": {
        "type": "Point",
        "coordinates": [
          1.9795980394009924,
          41.263718487207214
        ]
      },
      "properties": {
        "date": "2017-04-03"
      }
    },
    {
      "type": "Feature",
      "geometry": {
        "type": "Point",
        "coordinates": [
          1.979717401430739,
          41.2637195451257
        ]
      },
      "properties": {
        "date": "2017-04-03"
      }
    },
    {
      "type": "Feature",
      "geometry": {
        "type": "Point",
        "coordinates": [
          1.9798367634668503,
          41.26372060292046
        ]
      },
      "properties": {
        "date": "2017-04-03"
      }
    },
    {
      "type": "Feature",
      "geometry": {
        "type": "Point",
        "coordinates": [
          1.9799561255093245,
          41.26372166059149
        ]
      },
      "properties": {
        "date": "2017-04-03"
      }
    },
    {
      "type": "Feature",
      "geometry": {
        "type": "Point",
        "coordinates": [
          1.9800754875581619,
          41.26372271813881
        ]
      },
      "properties": {
        "date": "2017-04-03"
      }
    },
    {
      "type": "Feature",
      "geometry": {
        "type": "Point",
        "coordinates": [
          1.9801948496133606,
          41.2637237755624
        ]
      },
      "properties": {
        "date": "2017-04-03"
      }
    },
    {
      "type": "Feature",
      "geometry": {
        "type": "Point",
        "coordinates": [
          1.9803142116749217,
          41.26372483286227
        ]
      },
      "properties": {
        "date": "2017-04-03"
      }
    },
    {
      "type": "Feature",
      "geometry": {
        "type": "Point",
        "coordinates": [
          1.9804335737428427,
          41.263725890038415
        ]
      },
      "properties": {
        "date": "2017-04-03"
      }
    },
    {
      "type": "Feature",
      "geometry": {
        "type": "Point",
        "coordinates": [
          1.9805529358171234,
          41.26372694709084
        ]
      },
      "properties": {
        "date": "2017-04-03"
      }
    },
    {
      "type": "Feature",
      "geometry": {
        "type": "Point",
        "coordinates": [
          1.9806722978977636,
          41.26372800401954
        ]
      },
      "properties": {
        "date": "2017-04-03"
      }
    },
    {
      "type": "Feature",
      "geometry": {
        "type": "Point",
        "coordinates": [
          1.9807916599847617,
          41.26372906082451
        ]
      },
      "properties": {
        "date": "2017-04-03"
      }
    },
    {
      "type": "Feature",
      "geometry": {
        "type": "Point",
        "coordinates": [
          1.9809110220781174,
          41.26373011750577
        ]
      },
      "properties": {
        "date": "2017-04-03"
      }
    },
    {
      "type": "Feature",
      "geometry": {
        "type": "Point",
        "coordinates": [
          1.98103038417783,
          41.2637311740633
        ]
      },
      "properties": {
        "date": "2017-04-03"
      }
    },
    {
      "type": "Feature",
      "geometry": {
        "type": "Point",
        "coordinates": [
          1.9811497462838992,
          41.26373223049711
        ]
      },
      "properties": {
        "date": "2017-04-03"
      }
    },
    {
      "type": "Feature",
      "geometry": {
        "type": "Point",
        "coordinates": [
          1.981269108396323,
          41.263733286807195
        ]
      },
      "properties": {
        "date": "2017-04-03"
      }
    },
    {
      "type": "Feature",
      "geometry": {
        "type": "Point",
        "coordinates": [
          1.9813884705151017,
          41.263734342993565
        ]
      },
      "properties": {
        "date": "2017-04-03"
      }
    },
    {
      "type": "Feature",
      "geometry": {
        "type": "Point",
        "coordinates": [
          1.9815078326402344,
          41.2637353990562
        ]
      },
      "properties": {
        "date": "2017-04-03"
      }
    },
    {
      "type": "Feature",
      "geometry": {
        "type": "Point",
        "coordinates": [
          1.9816271947717201,
          41.26373645499511
        ]
      },
      "properties": {
        "date": "2017-04-03"
      }
    },
    {
      "type": "Feature",
      "geometry": {
        "type": "Point",
        "coordinates": [
          1.9817465569095583,
          41.26373751081031
        ]
      },
      "properties": {
        "date": "2017-04-03"
      }
    },
    {
      "type": "Feature",
      "geometry": {
        "type": "Point",
        "coordinates": [
          1.9818659190537478,
          41.263738566501786
        ]
      },
      "properties": {
        "date": "2017-04-03"
      }
    },
    {
      "type": "Feature",
      "geometry": {
        "type": "Point",
        "coordinates": [
          1.9819852812042886,
          41.26373962206952
        ]
      },
      "properties": {
        "date": "2017-04-03"
      }
    },
    {
      "type": "Feature",
      "geometry": {
        "type": "Point",
        "coordinates": [
          1.982104643361179,
          41.26374067751355
        ]
      },
      "properties": {
        "date": "2017-04-03"
      }
    },
    {
      "type": "Feature",
      "geometry": {
        "type": "Point",
        "coordinates": [
          1.9822240055244191,
          41.26374173283386
        ]
      },
      "properties": {
        "date": "2017-04-03"
      }
    },
    {
      "type": "Feature",
      "geometry": {
        "type": "Point",
        "coordinates": [
          1.9823433676940074,
          41.263742788030434
        ]
      },
      "properties": {
        "date": "2017-04-03"
      }
    },
    {
      "type": "Feature",
      "geometry": {
        "type": "Point",
        "coordinates": [
          1.9824627298699447,
          41.263743843103285
        ]
      },
      "properties": {
        "date": "2017-04-03"
      }
    },
    {
      "type": "Feature",
      "geometry": {
        "type": "Point",
        "coordinates": [
          1.9825820920522284,
          41.263744898052416
        ]
      },
      "properties": {
        "date": "2017-04-03"
      }
    },
    {
      "type": "Feature",
      "geometry": {
        "type": "Point",
        "coordinates": [
          1.9827014542408583,
          41.263745952877834
        ]
      },
      "properties": {
        "date": "2017-04-03"
      }
    },
    {
      "type": "Feature",
      "geometry": {
        "type": "Point",
        "coordinates": [
          1.9828208164358345,
          41.26374700757951
        ]
      },
      "properties": {
        "date": "2017-04-03"
      }
    },
    {
      "type": "Feature",
      "geometry": {
        "type": "Point",
        "coordinates": [
          1.9829401786371552,
          41.26374806215748
        ]
      },
      "properties": {
        "date": "2017-04-03"
      }
    },
    {
      "type": "Feature",
      "geometry": {
        "type": "Point",
        "coordinates": [
          1.9830595408448202,
          41.26374911661171
        ]
      },
      "properties": {
        "date": "2017-04-03"
      }
    },
    {
      "type": "Feature",
      "geometry": {
        "type": "Point",
        "coordinates": [
          1.9831789030588285,
          41.26375017094223
        ]
      },
      "properties": {
        "date": "2017-04-03"
      }
    },
    {
      "type": "Feature",
      "geometry": {
        "type": "Point",
        "coordinates": [
          1.98329826527918,
          41.263751225149015
        ]
      },
      "properties": {
        "date": "2017-04-03"
      }
    },
    {
      "type": "Feature",
      "geometry": {
        "type": "Point",
        "coordinates": [
          1.9834176275058724,
          41.263752279232094
        ]
      },
      "properties": {
        "date": "2017-04-03"
      }
    },
    {
      "type": "Feature",
      "geometry": {
        "type": "Point",
        "coordinates": [
          1.983536989738907,
          41.263753333191445
        ]
      },
      "properties": {
        "date": "2017-04-03"
      }
    },
    {
      "type": "Feature",
      "geometry": {
        "type": "Point",
        "coordinates": [
          1.983656351978282,
          41.26375438702707
        ]
      },
      "properties": {
        "date": "2017-04-03"
      }
    },
    {
      "type": "Feature",
      "geometry": {
        "type": "Point",
        "coordinates": [
          1.983775714223996,
          41.263755440738954
        ]
      },
      "properties": {
        "date": "2017-04-03"
      }
    },
    {
      "type": "Feature",
      "geometry": {
        "type": "Point",
        "coordinates": [
          1.98389507647605,
          41.26375649432714
        ]
      },
      "properties": {
        "date": "2017-04-03"
      }
    },
    {
      "type": "Feature",
      "geometry": {
        "type": "Point",
        "coordinates": [
          1.9861629604684812,
          41.26377648899501
        ]
      },
      "properties": {
        "date": "2017-04-03"
      }
    },
    {
      "type": "Feature",
      "geometry": {
        "type": "Point",
        "coordinates": [
          1.986282322847158,
          41.26377754010872
        ]
      },
      "properties": {
        "date": "2017-04-03"
      }
    },
    {
      "type": "Feature",
      "geometry": {
        "type": "Point",
        "coordinates": [
          1.986401685232158,
          41.263778591098706
        ]
      },
      "properties": {
        "date": "2017-04-03"
      }
    },
    {
      "type": "Feature",
      "geometry": {
        "type": "Point",
        "coordinates": [
          1.9865210476234807,
          41.263779641964966
        ]
      },
      "properties": {
        "date": "2017-04-03"
      }
    },
    {
      "type": "Feature",
      "geometry": {
        "type": "Point",
        "coordinates": [
          1.9868791348353765,
          41.2637827938214
        ]
      },
      "properties": {
        "date": "2017-04-03"
      }
    },
    {
      "type": "Feature",
      "geometry": {
        "type": "Point",
        "coordinates": [
          1.986998497251983,
          41.263783844192744
        ]
      },
      "properties": {
        "date": "2017-04-03"
      }
    },
    {
      "type": "Feature",
      "geometry": {
        "type": "Point",
        "coordinates": [
          1.9871178596749075,
          41.26378489444039
        ]
      },
      "properties": {
        "date": "2017-04-03"
      }
    },
    {
      "type": "Feature",
      "geometry": {
        "type": "Point",
        "coordinates": [
          1.9872372221041499,
          41.2637859445643
        ]
      },
      "properties": {
        "date": "2017-04-03"
      }
    },
    {
      "type": "Feature",
      "geometry": {
        "type": "Point",
        "coordinates": [
          1.9873565845397103,
          41.26378699456449
        ]
      },
      "properties": {
        "date": "2017-04-03"
      }
    },
    {
      "type": "Feature",
      "geometry": {
        "type": "Point",
        "coordinates": [
          1.9874759469815872,
          41.263788044440965
        ]
      },
      "properties": {
        "date": "2017-04-03"
      }
    },
    {
      "type": "Feature",
      "geometry": {
        "type": "Point",
        "coordinates": [
          1.98759530942978,
          41.263789094193704
        ]
      },
      "properties": {
        "date": "2017-04-03"
      }
    },
    {
      "type": "Feature",
      "geometry": {
        "type": "Point",
        "coordinates": [
          1.9877146718842877,
          41.263790143822725
        ]
      },
      "properties": {
        "date": "2017-04-03"
      }
    },
    {
      "type": "Feature",
      "geometry": {
        "type": "Point",
        "coordinates": [
          1.9878340343451095,
          41.26379119332801
        ]
      },
      "properties": {
        "date": "2017-04-03"
      }
    },
    {
      "type": "Feature",
      "geometry": {
        "type": "Point",
        "coordinates": [
          1.9879533968122456,
          41.263792242709584
        ]
      },
      "properties": {
        "date": "2017-04-03"
      }
    },
    {
      "type": "Feature",
      "geometry": {
        "type": "Point",
        "coordinates": [
          1.9880727592856946,
          41.26379329196743
        ]
      },
      "properties": {
        "date": "2017-04-03"
      }
    },
    {
      "type": "Feature",
      "geometry": {
        "type": "Point",
        "coordinates": [
          1.9881921217654557,
          41.26379434110156
        ]
      },
      "properties": {
        "date": "2017-04-03"
      }
    },
    {
      "type": "Feature",
      "geometry": {
        "type": "Point",
        "coordinates": [
          1.9883114842515284,
          41.26379539011196
        ]
      },
      "properties": {
        "date": "2017-04-03"
      }
    },
    {
      "type": "Feature",
      "geometry": {
        "type": "Point",
        "coordinates": [
          1.988430846743912,
          41.263796438998625
        ]
      },
      "properties": {
        "date": "2017-04-03"
      }
    },
    {
      "type": "Feature",
      "geometry": {
        "type": "Point",
        "coordinates": [
          1.9885502092426048,
          41.26379748776158
        ]
      },
      "properties": {
        "date": "2017-04-03"
      }
    },
    {
      "type": "Feature",
      "geometry": {
        "type": "Point",
        "coordinates": [
          1.9886695717476075,
          41.26379853640079
        ]
      },
      "properties": {
        "date": "2017-04-03"
      }
    },
    {
      "type": "Feature",
      "geometry": {
        "type": "Point",
        "coordinates": [
          1.9887889342589182,
          41.2637995849163
        ]
      },
      "properties": {
        "date": "2017-04-03"
      }
    },
    {
      "type": "Feature",
      "geometry": {
        "type": "Point",
        "coordinates": [
          1.9889082967765372,
          41.26380063330808
        ]
      },
      "properties": {
        "date": "2017-04-03"
      }
    },
    {
      "type": "Feature",
      "geometry": {
        "type": "Point",
        "coordinates": [
          1.989027659300462,
          41.26380168157613
        ]
      },
      "properties": {
        "date": "2017-04-03"
      }
    },
    {
      "type": "Feature",
      "geometry": {
        "type": "Point",
        "coordinates": [
          1.9891470218306946,
          41.26380272972046
        ]
      },
      "properties": {
        "date": "2017-04-03"
      }
    },
    {
      "type": "Feature",
      "geometry": {
        "type": "Point",
        "coordinates": [
          1.9892663843672314,
          41.263803777741074
        ]
      },
      "properties": {
        "date": "2017-04-03"
      }
    },
    {
      "type": "Feature",
      "geometry": {
        "type": "Point",
        "coordinates": [
          1.9893857469100742,
          41.26380482563795
        ]
      },
      "properties": {
        "date": "2017-04-03"
      }
    },
    {
      "type": "Feature",
      "geometry": {
        "type": "Point",
        "coordinates": [
          1.9895051094592202,
          41.2638058734111
        ]
      },
      "properties": {
        "date": "2017-04-03"
      }
    },
    {
      "type": "Feature",
      "geometry": {
        "type": "Point",
        "coordinates": [
          1.9896244720146696,
          41.26380692106054
        ]
      },
      "properties": {
        "date": "2017-04-03"
      }
    },
    {
      "type": "Feature",
      "geometry": {
        "type": "Point",
        "coordinates": [
          1.9897438345764211,
          41.26380796858625
        ]
      },
      "properties": {
        "date": "2017-04-03"
      }
    },
    {
      "type": "Feature",
      "geometry": {
        "type": "Point",
        "coordinates": [
          1.9898631971444751,
          41.26380901598823
        ]
      },
      "properties": {
        "date": "2017-04-03"
      }
    },
    {
      "type": "Feature",
      "geometry": {
        "type": "Point",
        "coordinates": [
          1.98998255971883,
          41.26381006326649
        ]
      },
      "properties": {
        "date": "2017-04-03"
      }
    },
    {
      "type": "Feature",
      "geometry": {
        "type": "Point",
        "coordinates": [
          1.9901019222994853,
          41.263811110421024
        ]
      },
      "properties": {
        "date": "2017-04-03"
      }
    },
    {
      "type": "Feature",
      "geometry": {
        "type": "Point",
        "coordinates": [
          1.9902212848864393,
          41.26381215745184
        ]
      },
      "properties": {
        "date": "2017-04-03"
      }
    },
    {
      "type": "Feature",
      "geometry": {
        "type": "Point",
        "coordinates": [
          1.990340647479693,
          41.26381320435892
        ]
      },
      "properties": {
        "date": "2017-04-03"
      }
    },
    {
      "type": "Feature",
      "geometry": {
        "type": "Point",
        "coordinates": [
          1.9904600100792444,
          41.263814251142286
        ]
      },
      "properties": {
        "date": "2017-04-03"
      }
    },
    {
      "type": "Feature",
      "geometry": {
        "type": "Point",
        "coordinates": [
          1.9905793726850933,
          41.26381529780192
        ]
      },
      "properties": {
        "date": "2017-04-03"
      }
    },
    {
      "type": "Feature",
      "geometry": {
        "type": "Point",
        "coordinates": [
          1.9906987352972383,
          41.26381634433784
        ]
      },
      "properties": {
        "date": "2017-04-03"
      }
    },
    {
      "type": "Feature",
      "geometry": {
        "type": "Point",
        "coordinates": [
          1.9908180979156793,
          41.26381739075002
        ]
      },
      "properties": {
        "date": "2017-04-03"
      }
    },
    {
      "type": "Feature",
      "geometry": {
        "type": "Point",
        "coordinates": [
          1.990937460540416,
          41.26381843703849
        ]
      },
      "properties": {
        "date": "2017-04-03"
      }
    },
    {
      "type": "Feature",
      "geometry": {
        "type": "Point",
        "coordinates": [
          1.9910568231714467,
          41.26381948320322
        ]
      },
      "properties": {
        "date": "2017-04-03"
      }
    },
    {
      "type": "Feature",
      "geometry": {
        "type": "Point",
        "coordinates": [
          1.9911761858087704,
          41.263820529244235
        ]
      },
      "properties": {
        "date": "2017-04-03"
      }
    },
    {
      "type": "Feature",
      "geometry": {
        "type": "Point",
        "coordinates": [
          1.9912955484523875,
          41.26382157516153
        ]
      },
      "properties": {
        "date": "2017-04-03"
      }
    },
    {
      "type": "Feature",
      "geometry": {
        "type": "Point",
        "coordinates": [
          1.9914149111022965,
          41.2638226209551
        ]
      },
      "properties": {
        "date": "2017-04-03"
      }
    },
    {
      "type": "Feature",
      "geometry": {
        "type": "Point",
        "coordinates": [
          1.9915342737584971,
          41.26382366662494
        ]
      },
      "properties": {
        "date": "2017-04-03"
      }
    },
    {
      "type": "Feature",
      "geometry": {
        "type": "Point",
        "coordinates": [
          1.9916536364209885,
          41.26382471217106
        ]
      },
      "properties": {
        "date": "2017-04-03"
      }
    },
    {
      "type": "Feature",
      "geometry": {
        "type": "Point",
        "coordinates": [
          1.991772999089769,
          41.26382575759345
        ]
      },
      "properties": {
        "date": "2017-04-03"
      }
    },
    {
      "type": "Feature",
      "geometry": {
        "type": "Point",
        "coordinates": [
          1.9918923617648394,
          41.26382680289212
        ]
      },
      "properties": {
        "date": "2017-04-03"
      }
    },
    {
      "type": "Feature",
      "geometry": {
        "type": "Point",
        "coordinates": [
          1.9920117244461977,
          41.26382784806706
        ]
      },
      "properties": {
        "date": "2017-04-03"
      }
    },
    {
      "type": "Feature",
      "geometry": {
        "type": "Point",
        "coordinates": [
          1.992131087133844,
          41.26382889311829
        ]
      },
      "properties": {
        "date": "2017-04-03"
      }
    },
    {
      "type": "Feature",
      "geometry": {
        "type": "Point",
        "coordinates": [
          1.992250449827777,
          41.263829938045774
        ]
      },
      "properties": {
        "date": "2017-04-03"
      }
    },
    {
      "type": "Feature",
      "geometry": {
        "type": "Point",
        "coordinates": [
          1.9923698125279963,
          41.26383098284955
        ]
      },
      "properties": {
        "date": "2017-04-03"
      }
    },
    {
      "type": "Feature",
      "geometry": {
        "type": "Point",
        "coordinates": [
          1.9924891752345009,
          41.26383202752958
        ]
      },
      "properties": {
        "date": "2017-04-03"
      }
    },
    {
      "type": "Feature",
      "geometry": {
        "type": "Point",
        "coordinates": [
          1.9926085379472902,
          41.2638330720859
        ]
      },
      "properties": {
        "date": "2017-04-03"
      }
    },
    {
      "type": "Feature",
      "geometry": {
        "type": "Point",
        "coordinates": [
          1.9927279006663632,
          41.263834116518495
        ]
      },
      "properties": {
        "date": "2017-04-03"
      }
    },
    {
      "type": "Feature",
      "geometry": {
        "type": "Point",
        "coordinates": [
          1.9928472633917198,
          41.26383516082737
        ]
      },
      "properties": {
        "date": "2017-04-03"
      }
    },
    {
      "type": "Feature",
      "geometry": {
        "type": "Point",
        "coordinates": [
          1.9929666261233587,
          41.26383620501251
        ]
      },
      "properties": {
        "date": "2017-04-03"
      }
    },
    {
      "type": "Feature",
      "geometry": {
        "type": "Point",
        "coordinates": [
          1.9930859888612793,
          41.26383724907394
        ]
      },
      "properties": {
        "date": "2017-04-03"
      }
    },
    {
      "type": "Feature",
      "geometry": {
        "type": "Point",
        "coordinates": [
          1.9932053516054804,
          41.26383829301164
        ]
      },
      "properties": {
        "date": "2017-04-03"
      }
    },
    {
      "type": "Feature",
      "geometry": {
        "type": "Point",
        "coordinates": [
          1.993324714355962,
          41.263839336825605
        ]
      },
      "properties": {
        "date": "2017-04-03"
      }
    },
    {
      "type": "Feature",
      "geometry": {
        "type": "Point",
        "coordinates": [
          1.9934440771127235,
          41.26384038051585
        ]
      },
      "properties": {
        "date": "2017-04-03"
      }
    },
    {
      "type": "Feature",
      "geometry": {
        "type": "Point",
        "coordinates": [
          1.9935634398757633,
          41.263841424082365
        ]
      },
      "properties": {
        "date": "2017-04-03"
      }
    },
    {
      "type": "Feature",
      "geometry": {
        "type": "Point",
        "coordinates": [
          1.9936828026450806,
          41.263842467525166
        ]
      },
      "properties": {
        "date": "2017-04-03"
      }
    },
    {
      "type": "Feature",
      "geometry": {
        "type": "Point",
        "coordinates": [
          1.9938021654206757,
          41.26384351084423
        ]
      },
      "properties": {
        "date": "2017-04-03"
      }
    },
    {
      "type": "Feature",
      "geometry": {
        "type": "Point",
        "coordinates": [
          1.9939215282025475,
          41.26384455403958
        ]
      },
      "properties": {
        "date": "2017-04-03"
      }
    },
    {
      "type": "Feature",
      "geometry": {
        "type": "Point",
        "coordinates": [
          1.9940408909906946,
          41.2638455971112
        ]
      },
      "properties": {
        "date": "2017-04-03"
      }
    },
    {
      "type": "Feature",
      "geometry": {
        "type": "Point",
        "coordinates": [
          1.994160253785117,
          41.26384664005909
        ]
      },
      "properties": {
        "date": "2017-04-03"
      }
    },
    {
      "type": "Feature",
      "geometry": {
        "type": "Point",
        "coordinates": [
          1.9942796165858134,
          41.26384768288327
        ]
      },
      "properties": {
        "date": "2017-04-03"
      }
    },
    {
      "type": "Feature",
      "geometry": {
        "type": "Point",
        "coordinates": [
          1.9943989793927834,
          41.26384872558371
        ]
      },
      "properties": {
        "date": "2017-04-03"
      }
    },
    {
      "type": "Feature",
      "geometry": {
        "type": "Point",
        "coordinates": [
          1.9945183422060262,
          41.26384976816044
        ]
      },
      "properties": {
        "date": "2017-04-03"
      }
    },
    {
      "type": "Feature",
      "geometry": {
        "type": "Point",
        "coordinates": [
          1.994637705025541,
          41.263850810613434
        ]
      },
      "properties": {
        "date": "2017-04-03"
      }
    },
    {
      "type": "Feature",
      "geometry": {
        "type": "Point",
        "coordinates": [
          1.994757067851327,
          41.26385185294271
        ]
      },
      "properties": {
        "date": "2017-04-03"
      }
    },
    {
      "type": "Feature",
      "geometry": {
        "type": "Point",
        "coordinates": [
          1.9948764306833835,
          41.26385289514825
        ]
      },
      "properties": {
        "date": "2017-04-03"
      }
    },
    {
      "type": "Feature",
      "geometry": {
        "type": "Point",
        "coordinates": [
          1.9949957935217097,
          41.263853937230074
        ]
      },
      "properties": {
        "date": "2017-04-03"
      }
    },
    {
      "type": "Feature",
      "geometry": {
        "type": "Point",
        "coordinates": [
          1.9951151563663054,
          41.26385497918816
        ]
      },
      "properties": {
        "date": "2017-04-03"
      }
    },
    {
      "type": "Feature",
      "geometry": {
        "type": "Point",
        "coordinates": [
          1.995234519217169,
          41.26385602102254
        ]
      },
      "properties": {
        "date": "2017-04-03"
      }
    },
    {
      "type": "Feature",
      "geometry": {
        "type": "Point",
        "coordinates": [
          1.9953538820743009,
          41.26385706273319
        ]
      },
      "properties": {
        "date": "2017-04-03"
      }
    },
    {
      "type": "Feature",
      "geometry": {
        "type": "Point",
        "coordinates": [
          1.9954732449376986,
          41.26385810432011
        ]
      },
      "properties": {
        "date": "2017-04-03"
      }
    },
    {
      "type": "Feature",
      "geometry": {
        "type": "Point",
        "coordinates": [
          1.995592607807363,
          41.26385914578331
        ]
      },
      "properties": {
        "date": "2017-04-03"
      }
    },
    {
      "type": "Feature",
      "geometry": {
        "type": "Point",
        "coordinates": [
          1.9957119706832922,
          41.26386018712277
        ]
      },
      "properties": {
        "date": "2017-04-03"
      }
    },
    {
      "type": "Feature",
      "geometry": {
        "type": "Point",
        "coordinates": [
          1.9958313335654863,
          41.26386122833851
        ]
      },
      "properties": {
        "date": "2017-04-03"
      }
    },
    {
      "type": "Feature",
      "geometry": {
        "type": "Point",
        "coordinates": [
          1.995950696453944,
          41.26386226943053
        ]
      },
      "properties": {
        "date": "2017-04-03"
      }
    },
    {
      "type": "Feature",
      "geometry": {
        "type": "Point",
        "coordinates": [
          1.996070059348665,
          41.26386331039883
        ]
      },
      "properties": {
        "date": "2017-04-03"
      }
    },
    {
      "type": "Feature",
      "geometry": {
        "type": "Point",
        "coordinates": [
          1.9961894222496483,
          41.2638643512434
        ]
      },
      "properties": {
        "date": "2017-04-03"
      }
    },
    {
      "type": "Feature",
      "geometry": {
        "type": "Point",
        "coordinates": [
          1.9963087851568933,
          41.26386539196424
        ]
      },
      "properties": {
        "date": "2017-04-03"
      }
    },
    {
      "type": "Feature",
      "geometry": {
        "type": "Point",
        "coordinates": [
          1.9964281480703991,
          41.26386643256135
        ]
      },
      "properties": {
        "date": "2017-04-03"
      }
    },
    {
      "type": "Feature",
      "geometry": {
        "type": "Point",
        "coordinates": [
          1.9965475109901651,
          41.26386747303475
        ]
      },
      "properties": {
        "date": "2017-04-03"
      }
    },
    {
      "type": "Feature",
      "geometry": {
        "type": "Point",
        "coordinates": [
          1.9967862368484743,
          41.263869553610355
        ]
      },
      "properties": {
        "date": "2017-04-03"
      }
    },
    {
      "type": "Feature",
      "geometry": {
        "type": "Point",
        "coordinates": [
          1.996905599787016,
          41.263870593712575
        ]
      },
      "properties": {
        "date": "2017-04-03"
      }
    },
    {
      "type": "Feature",
      "geometry": {
        "type": "Point",
        "coordinates": [
          1.9970249627318144,
          41.26387163369107
        ]
      },
      "properties": {
        "date": "2017-04-03"
      }
    },
    {
      "type": "Feature",
      "geometry": {
        "type": "Point",
        "coordinates": [
          1.9971443256828705,
          41.26387267354583
        ]
      },
      "properties": {
        "date": "2017-04-03"
      }
    },
    {
      "type": "Feature",
      "geometry": {
        "type": "Point",
        "coordinates": [
          1.9972636886401813,
          41.26387371327687
        ]
      },
      "properties": {
        "date": "2017-04-03"
      }
    },
    {
      "type": "Feature",
      "geometry": {
        "type": "Point",
        "coordinates": [
          1.997383051603747,
          41.263874752884185
        ]
      },
      "properties": {
        "date": "2017-04-03"
      }
    },
    {
      "type": "Feature",
      "geometry": {
        "type": "Point",
        "coordinates": [
          1.9975024145735674,
          41.26387579236777
        ]
      },
      "properties": {
        "date": "2017-04-03"
      }
    },
    {
      "type": "Feature",
      "geometry": {
        "type": "Point",
        "coordinates": [
          1.9976217775496408,
          41.263876831727636
        ]
      },
      "properties": {
        "date": "2017-04-03"
      }
    },
    {
      "type": "Feature",
      "geometry": {
        "type": "Point",
        "coordinates": [
          1.9977411405319667,
          41.26387787096378
        ]
      },
      "properties": {
        "date": "2017-04-03"
      }
    },
    {
      "type": "Feature",
      "geometry": {
        "type": "Point",
        "coordinates": [
          1.9984573185571883,
          41.263884103782374
        ]
      },
      "properties": {
        "date": "2017-04-03"
      }
    },
    {
      "type": "Feature",
      "geometry": {
        "type": "Point",
        "coordinates": [
          1.9985766815832622,
          41.26388514215243
        ]
      },
      "properties": {
        "date": "2017-04-03"
      }
    },
    {
      "type": "Feature",
      "geometry": {
        "type": "Point",
        "coordinates": [
          1.998696044615583,
          41.26388618039876
        ]
      },
      "properties": {
        "date": "2017-04-03"
      }
    },
    {
      "type": "Feature",
      "geometry": {
        "type": "Point",
        "coordinates": [
          1.9988154076541496,
          41.26388721852137
        ]
      },
      "properties": {
        "date": "2017-04-03"
      }
    },
    {
      "type": "Feature",
      "geometry": {
        "type": "Point",
        "coordinates": [
          1.998934770698962,
          41.263888256520254
        ]
      },
      "properties": {
        "date": "2017-04-03"
      }
    },
    {
      "type": "Feature",
      "geometry": {
        "type": "Point",
        "coordinates": [
          1.999054133750018,
          41.26388929439541
        ]
      },
      "properties": {
        "date": "2017-04-03"
      }
    },
    {
      "type": "Feature",
      "geometry": {
        "type": "Point",
        "coordinates": [
          1.9991734968073183,
          41.26389033214684
        ]
      },
      "properties": {
        "date": "2017-04-03"
      }
    },
    {
      "type": "Feature",
      "geometry": {
        "type": "Polygon",
        "coordinates": [
          [
            [
              1.9462356856159317,
              41.264465013042155
            ],
            [
              1.9462356856159317,
              41.26341613943984
            ],
            [
              2.0028501773516894,
              41.26341613943984
            ],
            [
              2.0028501773516894,
              41.264465013042155
            ],
            [
              1.9462356856159317,
              41.264465013042155
            ]
          ]
        ]
      },
      "properties": {
        "name": "AOI"
      }
    }
  ]
}