411745.0,4568635.0,2025-05-16
411755.0,4568635.0,2025-05-16
411765.0,4568635.0,2025-05-16
411775.0,4568635.0,2025-05-16
411785.0,4568635.0,2025-05-16
411795.0,4568635.0,2025-05-16
411805.0,4568635.0,2025-05-16
411815.0,4568635.0,2025-05-16
411825.0,4568635.0,2025-05-16
411835.0,4568635.0,2025-05-16
411845.0,4568635.0,2025-05-16
411855.0,4568635.0,2025-05-16
411865.0,4568635.0,2025-05-16
411875.0,4568635.0,2025-05-16
411885.0,4568635.0,2025-05-16
411895.0,4568635.0,2025-05-16
411905.0,4568635.0,2025-05-16
411915.0,4568635.0,2025-05-16
411925.0,4568635.0,2025-05-16
411935.0,4568635.0,2025-05-16
411945.0,4568635.0,2025-05-16
411955.0,4568635.0,2025-05-16
411965.0,4568635.0,2025-05-16
411975.0,4568635.0,2025-05-16
411985.0,4568635.0,2025-05-16
411995.0,4568635.0,2025-05-16
412005.0,4568635.0,2025-05-16
412015.0,4568635.0,2025-05-16
412025.0,4568635.0,2025-05-16
412035.0,4568635.0,2025-05-16
412045.0,4568635.0,2025-05-16
412055.0,4568635.0,2025-05-16
412065.0,4568635.0,2025-05-16
412075.0,4568635.0,2025-05-16
412085.0,4568635.0,2025-05-16
412095.0,4568635.0,2025-05-16
412105.0,4568635.0,2025-05-16
412115.0,4568635.0,2025-05-16
412125.0,4568635.0,2025-05-16
412135.0,4568635.0,2025-05-16
412145.0,4568635.0,2025-05-16
412155.0,4568635.0,2025-05-16
412165.0,4568635.0,2025-05-16
412175.0,4568635.0,2025-05-16
412185.0,4568635.0,2025-05-16
412195.0,4568635.0,2025-05-16
412205.0,4568635.0,2025-05-16
412215.0,4568635.0,2025-05-16
412225.0,4568635.0,2025-05-16
412235.0,4568635.0,2025-05-16
412245.0,4568635.0,2025-05-16
411745.0,4568625.0,2025-05-16
411755.0,4568625.0,2025-05-16
411765.0,4568625.0,2025-05-16
411775.0,4568625.0,2025-05-16
411785.0,4568625.0,2025-05-16
411795.0,4568625.0,2025-05-16
411805.0,4568625.0,2025-05-16
411815.0,4568625.0,2025-05-16
411825.0,4568625.0,2025-05-16
411835.0,4568625.0,2025-05-16
411845.0,4568625.0,2025-05-16
411855.0,4568625.0,2025-05-16
411865.0,4568625.0,2025-05-16
411875.0,4568625.0,2025-05-16
411885.0,4568625.0,2025-05-16
411895.0,4568625.0,2025-05-16
411905.0,4568625.0,2025-05-16
411915.0,4568625.0,2025-05-16
411925.0,4568625.0,2025-05-16
411935.0,4568625.0,2025-05-16
411945.0,4568625.0,2025-05-16
411955.0,4568625.0,2025-05-16
411965.0,4568625.0,2025-05-16
411975.0,4568625.0,2025-05-16
411985.0,4568625.0,2025-05-16
411995.0,4568625.0,2025-05-16
412005.0,4568625.0,2025-05-16
412015.0,4568625.0,2025-05-16
412025.0,4568625.0,2025-05-16
412035.0,4568625.0,2025-05-16
412045.0,4568625.0,2025-05-16
412055.0,4568625.0,2025-05-16
412065.0,4568625.0,2025-05-16
412075.0,4568625.0,2025-05-16
412085.0,4568625.0,2025-05-16
412095.0,4568625.0,2025-05-16
412105.0,4568625.0,2025-05-16
412115.0,4568625.0,2025-05-16
412125.0,4568625.0,2025-05-16
412135.0,4568625.0,2025-05-16
412145.0,4568625.0,2025-05-16
412155.0,4568625.0,2025-05-16
412165.0,4568625.0,2025-05-16
412175.0,4568625.0,2025-05-16
412185.0,4568625.0,2025-05-16
412195.0,4568625.0,2025-05-16
412205.0,4568625.0,2025-05-16
412215.0,4568625.0,2025-05-16
412225.0,4568625.0,2025-05-16
412235.0,4568625.0,2025-05-16
412245.0,4568625.0,2025-05-16
412255.0,4568625.0,2025-05-16
412265.0,4568625.0,2025-05-16
412275.0,4568625.0,2025-05-16
412285.0,4568625.0,2025-05-16
412295.0,4568625.0,2025-05-16
412305.0,4568625.0,2025-05-16
412315.0,4568625.0,2025-05-16
412325.0,4568625.0,2025-05-16
412335.0,4568625.0,2025-05-16
412345.0,4568625.0,2025-05-16
412355.0,4568625.0,2025-05-16
412365.0,4568625.0,2025-05-16
412375.0,4568625.0,2025-05-16
412385.0,4568625.0,2025-05-16
412395.0,4568625.0,2025-05-16
412405.0,4568625.0,2025-05-16
412415.0,4568625.0,2025-05-16
412425.0,4568625.0,2025-05-16
412435.0,4568625.0,2025-05-16
412445.0,4568625.0,2025-05-16
412455.0,4568625.0,2025-05-16
412465.0,4568625.0,2025-05-16
412475.0,4568625.0,2025-05-16
412485.0,4568625.0,2025-05-16
412495.0,4568625.0,2025-05-16
412505.0,4568625.0,2025-05-16
412515.0,4568625.0,2025-05-16
412525.0,4568625.0,2025-05-16
412535.0,4568625.0,2025-05-16
412545.0,4568625.0,2025-05-16
412555.0,4568625.0,2025-05-16
412565.0,4568625.0,2025-05-16
412575.0,4568625.0,2025-05-16
412585.0,4568625.0,2025-05-16
412595.0,4568625.0,2025-05-16
412605.0,4568625.0,2025-05-16
412615.0,4568625.0,2025-05-16
412625.0,4568625.0,2025-05-16
412635.0,4568625.0,2025-05-16
412645.0,4568625.0,2025-05-16
412655.0,4568625.0,2025-05-16
412665.0,4568625.0,2025-05-16
412675.0,4568625.0,2025-05-16
412685.0,4568625.0,2025-05-16
412695.0,4568625.0,2025-05-16
412705.0,4568625.0,2025-05-16
412715.0,4568625.0,2025-05-16
412725.0,4568625.0,2025-05-16
412735.0,4568625.0,2025-05-16
412745.0,4568625.0,2025-05-16
412755.0,4568625.0,2025-05-16
412765.0,4568625.0,2025-05-16
412775.0,4568625.0,2025-05-16
412785.0,4568625.0,2025-05-16
412795.0,4568625.0,2025-05-16
412805.0,4568625.0,2025-05-16
412815.0,4568625.0,2025-05-16
412825.0,4568625.0,2025-05-16
412835.0,4568625.0,2025-05-16
412845.0,4568625.0,2025-05-16
412855.0,4568625.0,2025-05-16
412865.0,4568625.0,2025-05-16
412875.0,4568625.0,2025-05-16
412885.0,4568625.0,2025-05-16
412895.0,4568625.0,2025-05-16
412905.0,4568625.0,2025-05-16
412915.0,4568625.0,2025-05-16
412925.0,4568625.0,2025-05-16
412935.0,4568625.0,2025-05-16
412945.0,4568625.0,2025-05-16
412955.0,4568625.0,2025-05-16
412965.0,4568625.0,2025-05-16
412975.0,4568625.0,2025-05-16
412985.0,4568625.0,2025-05-16
412995.0,4568625.0,2025-05-16
413005.0,4568625.0,2025-05-16
413015.0,4568625.0,2025-05-16
413025.0,4568625.0,2025-05-16
413035.0,4568625.0,2025-05-16
413045.0,4568625.0,2025-05-16
413055.0,4568625.0,2025-05-16
413065.0,4568625.0,2025-05-16
413075.0,4568625.0,2025-05-16
413085.0,4568625.0,2025-05-16
413095.0,4568625.0,2025-05-16
411745.0,4568615.0,2025-05-16
411755.0,4568615.0,2025-05-16
411765.0,4568615.0,2025-05-16
411775.0,4568615.0,2025-05-16
411785.0,4568615.0,2025-05-16
411795.0,4568615.0,2025-05-16
411805.0,4568615.0,2025-05-16
411815.0,4568615.0,2025-05-16
411825.0,4568615.0,2025-05-16
411835.0,4568615.0,2025-05-16
411845.0,4568615.0,2025-05-16
411855.0,4568615.0,2025-05-16
411865.0,4568615.0,2025-05-16
411875.0,4568615.0,2025-05-16
411885.0,4568615.0,2025-05-16
411895.0,4568615.0,2025-05-16
411905.0,4568615.0,2025-05-16
411915.0,4568615.0,2025-05-16
411925.0,4568615.0,2025-05-16
411935.0,4568615.0,2025-05-16
411945.0,4568615.0,2025-05-16
411955.0,4568615.0,2025-05-16
411965.0,4568615.0,2025-05-16
411975.0,4568615.0,2025-05-16
411985.0,4568615.0,2025-05-16
411995.0,4568615.0,2025-05-16
412005.0,4568615.0,2025-05-16
412015.0,4568615.0,2025-05-16
412025.0,4568615.0,2025-05-16
412035.0,4568615.0,2025-05-16
412045.0,4568615.0,2025-05-16
412055.0,4568615.0,2025-05-16
412065.0,4568615.0,2025-05-16
412075.0,4568615.0,2025-05-16
412085.0,4568615.0,2025-05-16
412095.0,4568615.0,2025-05-16
412105.0,4568615.0,2025-05-16
412115.0,4568615.0,2025-05-16
412125.0,4568615.0,2025-05-16
412135.0,4568615.0,2025-05-16
412145.0,4568615.0,2025-05-16
412155.0,4568615.0,2025-05-16
412165.0,4568615.0,2025-05-16
412175.0,4568615.0,2025-05-16
412185.0,4568615.0,2025-05-16
412195.0,4568615.0,2025-05-16
412205.0,4568615.0,2025-05-16
412215.0,4568615.0,2025-05-16
412225.0,4568615.0,2025-05-16
412235.0,4568615.0,2025-05-16
412245.0,4568615.0,2025-05-16
412255.0,4568615.0,2025-05-16
412265.0,4568615.0,2025-05-16
412275.0,4568615.0,2025-05-16
412285.0,4568615.0,2025-05-16
412295.0,4568615.0,2025-05-16
412305.0,4568615.0,2025-05-16
412315.0,4568615.0,2025-05-16
412325.0,4568615.0,2025-05-16
412335.0,4568615.0,2025-05-16
412345.0,4568615.0,2025-05-16
412355.0,4568615.0,2025-05-16
412365.0,4568615.0,2025-05-16
412375.0,4568615.0,2025-05-16
412385.0,4568615.0,2025-05-16
412395.0,4568615.0,2025-05-16
412405.0,4568615.0,2025-05-16
412415.0,4568615.0,2025-05-16
412425.0,4568615.0,2025-05-16
412435.0,4568615.0,2025-05-16
412445.0,4568615.0,2025-05-16
412455.0,4568615.0,2025-05-16
412465.0,4568615.0,2025-05-16
412475.0,4568615.0,2025-05-16
412485.0,4568615.0,2025-05-16
412495.0,4568615.0,2025-05-16
412505.0,4568615.0,2025-05-16
412515.0,4568615.0,2025-05-16
412525.0,4568615.0,2025-05-16
412535.0,4568615.0,2025-05-16
412545.0,4568615.0,2025-05-16
412555.0,4568615.0,2025-05-16
412565.0,4568615.0,2025-05-16
412575.0,4568615.0,2025-05-16
412585.0,4568615.0,2025-05-16
412595.0,4568615.0,2025-05-16
412605.0,4568615.0,2025-05-16
412615.0,4568615.0,2025-05-16
412625.0,4568615.0,2025-05-16
412635.0,4568615.0,2025-05-16
412645.0,4568615.0,2025-05-16
412655.0,4568615.0,2025-05-16
412665.0,4568615.0,2025-05-16
412675.0,4568615.0,2025-05-16
412685.0,4568615.0,2025-05-16
412695.0,4568615.0,2025-05-16
412705.0,4568615.0,2025-05-16
412715.0,4568615.0,2025-05-16
412725.0,4568615.0,2025-05-16
412735.0,4568615.0,2025-05-16
412745.0,4568615.0,2025-05-16
412755.0,4568615.0,2025-05-16
412765.0,4568615.0,2025-05-16
412775.0,4568615.0,2025-05-16
412785.0,4568615.0,2025-05-16
412795.0,4568615.0,2025-05-16
412805.0,4568615.0,2025-05-16
412815.0,4568615.0,2025-05-16
412825.0,4568615.0,2025-05-16
412835.0,4568615.0,2025-05-16
412845.0,4568615.0,2025-05-16
412855.0,4568615.0,2025-05-16
412865.0,4568615.0,2025-05-16
412875.0,4568615.0,2025-05-16
412885.0,4568615.0,2025-05-16
412895.0,4568615.0,2025-05-16
412905.0,4568615.0,2025-05-16
412915.0,4568615.0,2025-05-16
412925.0,4568615.0,2025-05-16
412935.0,4568615.0,2025-05-16
412945.0,4568615.0,2025-05-16
412955.0,4568615.0,2025-05-16
412965.0,4568615.0,2025-05-16
412975.0,4568615.0,2025-05-16
412985.0,4568615.0,2025-05-16
412995.0,4568615.0,2025-05-16
413005.0,4568615.0,2025-05-16
413015.0,4568615.0,2025-05-16
413025.0,4568615.0,2025-05-16
413035.0,4568615.0,2025-05-16
413045.0,4568615.0,2025-05-16
413055.0,4568615.0,2025-05-16
413065.0,4568615.0,2025-05-16
413075.0,4568615.0,2025-05-16
413085.0,4568615.0,2025-05-16
413095.0,4568615.0,2025-05-16
413105.0,4568615.0,2025-05-16
413115.0,4568615.0,2025-05-16
413125.0,4568615.0,2025-05-16
413135.0,4568615.0,2025-05-16
413145.0,4568615.0,2025-05-16
413155.0,4568615.0,2025-05-16
413165.0,4568615.0,2025-05-16
413175.0,4568615.0,2025-05-16
413185.0,4568615.0,2025-05-16
413195.0,4568615.0,2025-05-16
413205.0,4568615.0,2025-05-16
413215.0,4568615.0,2025-05-16
413225.0,4568615.0,2025-05-16
413235.0,4568615.0,2025-05-16
413245.0,4568615.0,2025-05-16
413255.0,4568615.0,2025-05-16
413265.0,4568615.0,2025-05-16
413275.0,4568615.0,2025-05-16
413285.0,4568615.0,2025-05-16
413295.0,4568615.0,2025-05-16
413305.0,4568615.0,2025-05-16
413315.0,4568615.0,2025-05-16
413325.0,4568615.0,2025-05-16
413335.0,4568615.0,2025-05-16
413345.0,4568615.0,2025-05-16
413355.0,4568615.0,2025-05-16
413365.0,4568615.0,2025-05-16
413375.0,4568615.0,2025-05-16
413385.0,4568615.0,2025-05-16
413395.0,4568615.0,2025-05-16
413405.0,4568615.0,2025-05-16
413415.0,4568615.0,2025-05-16
413425.0,4568615.0,2025-05-16
413435.0,4568615.0,2025-05-16
413445.0,4568615.0,2025-05-16
413455.0,4568615.0,2025-05-16
413465.0,4568615.0,2025-05-16
413475.0,4568615.0,2025-05-16
413485.0,4568615.0,2025-05-16
413495.0,4568615.0,2025-05-16
413505.0,4568615.0,2025-05-16
413515.0,4568615.0,2025-05-16
413525.0,4568615.0,2025-05-16
413535.0,4568615.0,2025-05-16
413545.0,4568615.0,2025-05-16
413555.0,4568615.0,2025-05-16
413565.0,4568615.0,2025-05-16
413575.0,4568615.0,2025-05-16
413585.0,4568615.0,2025-05-16
413595.0,4568615.0,2025-05-16
413605.0,4568615.0,2025-05-16
413615.0,4568615.0,2025-05-16
413625.0,4568615.0,2025-05-16
413635.0,4568615.0,2025-05-16
413645.0,4568615.0,2025-05-16
413655.0,4568615.0,2025-05-16
413665.0,4568615.0,2025-05-16
413675.0,4568615.0,2025-05-16
413685.0,4568615.0,2025-05-16
413695.0,4568615.0,2025-05-16
413705.0,4568615.0,2025-05-16
413715.0,4568615.0,2025-05-16
413725.0,4568615.0,2025-05-16
413735.0,4568615.0,2025-05-16
413745.0,4568615.0,2025-05-16
413755.0,4568615.0,2025-05-16
413765.0,4568615.0,2025-05-16
413775.0,4568615.0,2025-05-16
413785.0,4568615.0,2025-05-16
413795.0,4568615.0,2025-05-16
413805.0,4568615.0,2025-05-16
413815.0,4568615.0,2025-05-16
413825.0,4568615.0,2025-05-16
413835.0,4568615.0,2025-05-16
413845.0,4568615.0,2025-05-16
413855.0,4568615.0,2025-05-16
413865.0,4568615.0,2025-05-16
413875.0,4568615.0,2025-05-16
413885.0,4568615.0,2025-05-16
413895.0,4568615.0,2025-05-16
413905.0,4568615.0,2025-05-16
413915.0,4568615.0,2025-05-16
413925.0,4568615.0,2025-05-16
413935.0,4568615.0,2025-05-16
411745.0,4568605.0,2025-05-16
411755.0,4568605.0,2025-05-16
411765.0,4568605.0,2025-05-16
411775.0,4568605.0,2025-05-16
411785.0,4568605.0,2025-05-16
411795.0,4568605.0,2025-05-16
411805.0,4568605.0,2025-05-16
411815.0,4568605.0,2025-05-16
411825.0,4568605.0,2025-05-16
411835.0,4568605.0,2025-05-16
411845.0,4568605.0,2025-05-16
411855.0,4568605.0,2025-05-16
411865.0,4568605.0,2025-05-16
411875.0,4568605.0,2025-05-16
411885.0,4568605.0,2025-05-16
411895.0,4568605.0,2025-05-16
411905.0,4568605.0,2025-05-16
411915.0,4568605.0,2025-05-16
411925.0,4568605.0,2025-05-16
411935.0,4568605.0,2025-05-16
411945.0,4568605.0,2025-05-16
411955.0,4568605.0,2025-05-16
411965.0,4568605.0,2025-05-16
411975.0,4568605.0,2025-05-16
411985.0,4568605.0,2025-05-16
411995.0,4568605.0,2025-05-16
412005.0,4568605.0,2025-05-16
412015.0,4568605.0,2025-05-16
412025.0,4568605.0,2025-05-16
412035.0,4568605.0,2025-05-16
412045.0,4568605.0,2025-05-16
412055.0,4568605.0,2025-05-16
412065.0,4568605.0,2025-05-16
412075.0,4568605.0,2025-05-16
412085.0,4568605.0,2025-05-16
412095.0,4568605.0,2025-05-16
412105.0,4568605.0,2025-05-16
412115.0,4568605.0,2025-05-16
412125.0,4568605.0,2025-05-16
412135.0,4568605.0,2025-05-16
412145.0,4568605.0,2025-05-16
412155.0,4568605.0,2025-05-16
412165.0,4568605.0,2025-05-16
412175.0,4568605.0,2025-05-16
412185.0,4568605.0,2025-05-16
412195.0,4568605.0,2025-05-16
412205.0,4568605.0,2025-05-16
412215.0,4568605.0,2025-05-16
412225.0,4568605.0,2025-05-16
412235.0,4568605.0,2025-05-16
412245.0,4568605.0,2025-05-16
412255.0,4568605.0,2025-05-16
412265.0,4568605.0,2025-05-16
412275.0,4568605.0,2025-05-16
412285.0,4568605.0,2025-05-16
412295.0,4568605.0,2025-05-16
412305.0,4568605.0,2025-05-16
412315.0,4568605.0,2025-05-16
412325.0,4568605.0,2025-05-16
412335.0,4568605.0,2025-05-16
412345.0,4568605.0,2025-05-16
412355.0,4568605.0,2025-05-16
412365.0,4568605.0,2025-05-16
412375.0,4568605.0,2025-05-16
412385.0,4568605.0,2025-05-16
412395.0,4568605.0,2025-05-16
412405.0,4568605.0,2025-05-16
412415.0,4568605.0,2025-05-16
412425.0,4568605.0,2025-05-16
412435.0,4568605.0,2025-05-16
412445.0,4568605.0,2025-05-16
412455.0,4568605.0,2025-05-16
412465.0,4568605.0,2025-05-16
412475.0,4568605.0,2025-05-16
412485.0,4568605.0,2025-05-16
412495.0,4568605.0,2025-05-16
412505.0,4568605.0,2025-05-16
412515.0,4568605.0,2025-05-16
412525.0,4568605.0,2025-05-16
412535.0,4568605.0,2025-05-16
412545.0,4568605.0,2025-05-16
412555.0,4568605.0,2025-05-16
412565.0,4568605.0,2025-05-16
412575.0,4568605.0,2025-05-16
412585.0,4568605.0,2025-05-16
412595.0,4568605.0,2025-05-16
412605.0,4568605.0,2025-05-16
412615.0,4568605.0,2025-05-16
412625.0,4568605.0,2025-05-16
412635.0,4568605.0,2025-05-16
412645.0,4568605.0,2025-05-16
412655.0,4568605.0,2025-05-16
412665.0,4568605.0,2025-05-16
412675.0,4568605.0,2025-05-16
412685.0,4568605.0,2025-05-16
412695.0,4568605.0,2025-05-16
412705.0,4568605.0,2025-05-16
412715.0,4568605.0,2025-05-16
412725.0,4568605.0,2025-05-16
412735.0,4568605.0,2025-05-16
412745.0,4568605.0,2025-05-16
412755.0,4568605.0,2025-05-16
412765.0,4568605.0,2025-05-16
412775.0,4568605.0,2025-05-16
412785.0,4568605.0,2025-05-16
412795.0,4568605.0,2025-05-16
412805.0,4568605.0,2025-05-16
412815.0,4568605.0,2025-05-16
412825.0,4568605.0,2025-05-16
412835.0,4568605.0,2025-05-16
412845.0,4568605.0,2025-05-16
412855.0,4568605.0,2025-05-16
412865.0,4568605.0,2025-05-16
412875.0,4568605.0,2025-05-16
412885.0,4568605.0,2025-05-16
412895.0,4568605.0,2025-05-16
412905.0,4568605.0,2025-05-16
412915.0,4568605.0,2025-05-16
412925.0,4568605.0,2025-05-16
412935.0,4568605.0,2025-05-16
412945.0,4568605.0,2025-05-16
412955.0,4568605.0,2025-05-16
412965.0,4568605.0,2025-05-16
412975.0,4568605.0,2025-05-16
412985.0,4568605.0,2025-05-16
412995.0,4568605.0,2025-05-16
413005.0,4568605.0,2025-05-16
413015.0,4568605.0,2025-05-16
413025.0,4568605.0,2025-05-16
413035.0,4568605.0,2025-05-16
413045.0,4568605.0,2025-05-16
413055.0,4568605.0,2025-05-16
413065.0,4568605.0,2025-05-16
413075.0,4568605.0,2025-05-16
413085.0,4568605.0,2025-05-16
413095.0,4568605.0,2025-05-16
413105.0,4568605.0,2025-05-16
413115.0,4568605.0,2025-05-16
413125.0,4568605.0,2025-05-16
413135.0,4568605.0,2025-05-16
413145.0,4568605.0,2025-05-16
413155.0,4568605.0,2025-05-16
413165.0,4568605.0,2025-05-16
413175.0,4568605.0,2025-05-16
413185.0,4568605.0,2025-05-16
413195.0,4568605.0,2025-05-16
413205.0,4568605.0,2025-05-16
413215.0,4568605.0,2025-05-16
413225.0,4568605.0,2025-05-16
413235.0,4568605.0,2025-05-16
413245.0,4568605.0,2025-05-16
413255.0,4568605.0,2025-05-16
413265.0,4568605.0,2025-05-16
413275.0,4568605.0,2025-05-16
413285.0,4568605.0,2025-05-16
413295.0,4568605.0,2025-05-16
413305.0,4568605.0,2025-05-16
413315.0,4568605.0,2025-05-16
413325.0,4568605.0,2025-05-16
413335.0,4568605.0,2025-05-16
413345.0,4568605.0,2025-05-16
413355.0,4568605.0,2025-05-16
413365.0,4568605.0,2025-05-16
413375.0,4568605.0,2025-05-16
413385.0,4568605.0,2025-05-16
413395.0,4568605.0,2025-05-16
413405.0,4568605.0,2025-05-16
413415.0,4568605.0,2025-05-16
413425.0,4568605.0,2025-05-16
413435.0,4568605.0,2025-05-16
413445.0,4568605.0,2025-05-16
413455.0,4568605.0,2025-05-16
413465.0,4568605.0,2025-05-16
413475.0,4568605.0,2025-05-16
413485.0,4568605.0,2025-05-16
413495.0,4568605.0,2025-05-16
413505.0,4568605.0,2025-05-16
413515.0,4568605.0,2025-05-16
413525.0,4568605.0,2025-05-16
413535.0,4568605.0,2025-05-16
413545.0,4568605.0,2025-05-16
413555.0,4568605.0,2025-05-16
413565.0,4568605.0,2025-05-16
413575.0,4568605.0,2025-05-16
413585.0,4568605.0,2025-05-16
413595.0,4568605.0,2025-05-16
413605.0,4568605.0,2025-05-16
413615.0,4568605.0,2025-05-16
413625.0,4568605.0,2025-05-16
413635.0,4568605.0,2025-05-16
413645.0,4568605.0,2025-05-16
413655.0,4568605.0,2025-05-16
413665.0,4568605.0,2025-05-16
413675.0,4568605.0,2025-05-16
413685.0,4568605.0,2025-05-16
413695.0,4568605.0,2025-05-16
413705.0,4568605.0,2025-05-16
413715.0,4568605.0,2025-05-16
413725.0,4568605.0,2025-05-16
413735.0,4568605.0,2025-05-16
413745.0,4568605.0,2025-05-16
413755.0,4568605.0,2025-05-16
413765.0,4568605.0,2025-05-16
413775.0,4568605.0,2025-05-16
413785.0,4568605.0,2025-05-16
413795.0,4568605.0,2025-05-16
413805.0,4568605.0,2025-05-16
413815.0,4568605.0,2025-05-16
413825.0,4568605.0,2025-05-16
413835.0,4568605.0,2025-05-16
413845.0,4568605.0,2025-05-16
413855.0,4568605.0,2025-05-16
413865.0,4568605.0,2025-05-16
413875.0,4568605.0,2025-05-16
413885.0,4568605.0,2025-05-16
413895.0,4568605.0,2025-05-16
413905.0,4568605.0,2025-05-16
413915.0,4568605.0,2025-05-16
413925.0,4568605.0,2025-05-16
413935.0,4568605.0,2025-05-16
413945.0,4568605.0,2025-05-16
413955.0,4568605.0,2025-05-16
413965.0,4568605.0,2025-05-16
413975.0,4568605.0,2025-05-16
413985.0,4568605.0,2025-05-16
413995.0,4568605.0,2025-05-16
414005.0,4568605.0,2025-05-16
414015.0,4568605.0,2025-05-16
414025.0,4568605.0,2025-05-16
414035.0,4568605.0,2025-05-16
414045.0,4568605.0,2025-05-16
414055.0,4568605.0,2025-05-16
414065.0,4568605.0,2025-05-16
414075.0,4568605.0,2025-05-16
414085.0,4568605.0,2025-05-16
414095.0,4568605.0,2025-05-16
414105.0,4568605.0,2025-05-16
414115.0,4568605.0,2025-05-16
414125.0,4568605.0,2025-05-16
414135.0,4568605.0,2025-05-16
414145.0,4568605.0,2025-05-16
414155.0,4568605.0,2025-05-16
414165.0,4568605.0,2025-05-16
414175.0,4568605.0,2025-05-16
414185.0,4568605.0,2025-05-16
414195.0,4568605.0,2025-05-16
414205.0,4568605.0,2025-05-16
414215.0,4568605.0,2025-05-16
414225.0,4568605.0,2025-05-16
414235.0,4568605.0,2025-05-16
414245.0,4568605.0,2025-05-16
414255.0,4568605.0,2025-05-16
414265.0,4568605.0,2025-05-16
414275.0,4568605.0,2025-05-16
414285.0,4568605.0,2025-05-16
414295.0,4568605.0,2025-05-16
414305.0,4568605.0,2025-05-16
414315.0,4568605.0,2025-05-16
414325.0,4568605.0,2025-05-16
414335.0,4568605.0,2025-05-16
414345.0,4568605.0,2025-05-16
414355.0,4568605.0,2025-05-16
414365.0,4568605.0,2025-05-16
414375.0,4568605.0,2025-05-16
414385.0,4568605.0,2025-05-16
414395.0,4568605.0,2025-05-16
414405.0,4568605.0,2025-05-16
414415.0,4568605.0,2025-05-16
414425.0,4568605.0,2025-05-16
414435.0,4568605.0,2025-05-16
414445.0,4568605.0,2025-05-16
414455.0,4568605.0,2025-05-16
414465.0,4568605.0,2025-05-16
414475.0,4568605.0,2025-05-16
414485.0,4568605.0,2025-05-16
414495.0,4568605.0,2025-05-16
414505.0,4568605.0,2025-05-16
414515.0,4568605.0,2025-05-16
414525.0,4568605.0,2025-05-16
414535.0,4568605.0,2025-05-16
414545.0,4568605.0,2025-05-16
414555.0,4568605.0,2025-05-16
414565.0,4568605.0,2025-05-16
414575.0,4568605.0,2025-05-16
414585.0,4568605.0,2025-05-16
414595.0,4568605.0,2025-05-16
414605.0,4568605.0,2025-05-16
414615.0,4568605.0,2025-05-16
414625.0,4568605.0,2025-05-16
414635.0,4568605.0,2025-05-16
414645.0,4568605.0,2025-05-16
414655.0,4568605.0,2025-05-16
414665.0,4568605.0,2025-05-16
414675.0,4568605.0,2025-05-16
414685.0,4568605.0,2025-05-16
414695.0,4568605.0,2025-05-16
414705.0,4568605.0,2025-05-16
414715.0,4568605.0,2025-05-16
414725.0,4568605.0,2025-05-16
414735.0,4568605.0,2025-05-16
414745.0,4568605.0,2025-05-16
414755.0,4568605.0,2025-05-16
414765.0,4568605.0,2025-05-16
414775.0,4568605.0,2025-05-16
414785.0,4568605.0,2025-05-16
411745.0,4568595.0,2025-05-16
411755.0,4568595.0,2025-05-16
411765.0,4568595.0,2025-05-16
411775.0,4568595.0,2025-05-16
411785.0,4568595.0,2025-05-16
411795.0,4568595.0,2025-05-16
411805.0,4568595.0,2025-05-16
411815.0,4568595.0,2025-05-16
411825.0,4568595.0,2025-05-16
411835.0,4568595.0,2025-05-16
411845.0,4568595.0,2025-05-16
411855.0,4568595.0,2025-05-16
411865.0,4568595.0,2025-05-16
411875.0,4568595.0,2025-05-16
411885.0,4568595.0,2025-05-16
411895.0,4568595.0,2025-05-16
411905.0,4568595.0,2025-05-16
411915.0,4568595.0,2025-05-16
411925.0,4568595.0,2025-05-16
411935.0,4568595.0,2025-05-16
411945.0,4568595.0,2025-05-16
411955.0,4568595.0,2025-05-16
411965.0,4568595.0,2025-05-16
411975.0,4568595.0,2025-05-16
411985.0,4568595.0,2025-05-16
411995.0,4568595.0,2025-05-16
412005.0,4568595.0,2025-05-16
412015.0,4568595.0,2025-05-16
412025.0,4568595.0,2025-05-16
412035.0,4568595.0,2025-05-16
412045.0,4568595.0,2025-05-16
412055.0,4568595.0,2025-05-16
412065.0,4568595.0,2025-05-16
412075.0,4568595.0,2025-05-16
412085.0,4568595.0,2025-05-16
412095.0,4568595.0,2025-05-16
412105.0,4568595.0,2025-05-16
412115.0,4568595.0,2025-05-16
412125.0,4568595.0,2025-05-16
412135.0,4568595.0,2025-05-16
412145.0,4568595.0,2025-05-16
412155.0,4568595.0,2025-05-16
412165.0,4568595.0,2025-05-16
412175.0,4568595.0,2025-05-16
412185.0,4568595.0,2025-05-16
412195.0,4568595.0,2025-05-16
412205.0,4568595.0,2025-05-16
412215.0,4568595.0,2025-05-16
412225.0,4568595.0,2025-05-16
412235.0,4568595.0,2025-05-16
412245.0,4568595.0,2025-05-16
412255.0,4568595.0,2025-05-16
412265.0,4568595.0,2025-05-16
412275.0,4568595.0,2025-05-16
412285.0,4568595.0,2025-05-16
412295.0,4568595.0,2025-05-16
412305.0,4568595.0,2025-05-16
412315.0,4568595.0,2025-05-16
412325.0,4568595.0,2025-05-16
412335.0,4568595.0,2025-05-16
412345.0,4568595.0,2025-05-16
412355.0,4568595.0,2025-05-16
412365.0,4568595.0,2025-05-16
412375.0,4568595.0,2025-05-16
412385.0,4568595.0,2025-05-16
412395.0,4568595.0,2025-05-16
412405.0,4568595.0,2025-05-16
412415.0,4568595.0,2025-05-16
412425.0,4568595.0,2025-05-16
412435.0,4568595.0,2025-05-16
412445.0,4568595.0,2025-05-16
412455.0,4568595.0,2025-05-16
412465.0,4568595.0,2025-05-16
412475.0,4568595.0,2025-05-16
412485.0,4568595.0,2025-05-16
412495.0,4568595.0,2025-05-16
412505.0,4568595.0,2025-05-16
412515.0,4568595.0,2025-05-16
412525.0,4568595.0,2025-05-16
412535.0,4568595.0,2025-05-16
412545.0,4568595.0,2025-05-16
412555.0,4568595.0,2025-05-16
412565.0,4568595.0,2025-05-16
412575.0,4568595.0,2025-05-16
412585.0,4568595.0,2025-05-16
412595.0,4568595.0,2025-05-16
412605.0,4568595.0,2025-05-16
412615.0,4568595.0,2025-05-16
412625.0,4568595.0,2025-05-16
412635.0,4568595.0,2025-05-16
412645.0,4568595.0,2025-05-16
412655.0,4568595.0,2025-05-16
412665.0,4568595.0,2025-05-16
412675.0,4568595.0,2025-05-16
412685.0,4568595.0,2025-05-16
412695.0,4568595.0,2025-05-16
412705.0,4568595.0,2025-05-16
412715.0,4568595.0,2025-05-16
412725.0,4568595.0,2025-05-16
412735.0,4568595.0,2025-05-16
412745.0,4568595.0,2025-05-16
412755.0,4568595.0,2025-05-16
412765.0,4568595.0,2025-05-16
412775.0,4568595.0,2025-05-16
412785.0,4568595.0,2025-05-16
412795.0,4568595.0,2025-05-16
412805.0,4568595.0,2025-05-16
412815.0,4568595.0,2025-05-16
412825.0,4568595.0,2025-05-16
412835.0,4568595.0,2025-05-16
412845.0,4568595.0,2025-05-16
412855.0,4568595.0,2025-05-16
412865.0,4568595.0,2025-05-16
412875.0,4568595.0,2025-05-16
412885.0,4568595.0,2025-05-16
412895.0,4568595.0,2025-05-16
412905.0,4568595.0,2025-05-16
412915.0,4568595.0,2025-05-16
412925.0,4568595.0,2025-05-16
412935.0,4568595.0,2025-05-16
412945.0,4568595.0,2025-05-16
412955.0,4568595.0,2025-05-16
412965.0,4568595.0,2025-05-16
412975.0,4568595.0,2025-05-16
412985.0,4568595.0,2025-05-16
412995.0,4568595.0,2025-05-16
413005.0,4568595.0,2025-05-16
413015.0,4568595.0,2025-05-16
413025.0,4568595.0,2025-05-16
413035.0,4568595.0,2025-05-16
413045.0,4568595.0,2025-05-16
413055.0,4568595.0,2025-05-16
413065.0,4568595.0,2025-05-16
413075.0,4568595.0,2025-05-16
413085.0,4568595.0,2025-05-16
413095.0,4568595.0,2025-05-16
413105.0,4568595.0,2025-05-16
413115.0,4568595.0,2025-05-16
413125.0,4568595.0,2025-05-16
413135.0,4568595.0,2025-05-16
413145.0,4568595.0,2025-05-16
413155.0,4568595.0,2025-05-16
413165.0,4568595.0,2025-05-16
413175.0,4568595.0,2025-05-16
413185.0,4568595.0,2025-05-16
413195.0,4568595.0,2025-05-16
413205.0,4568595.0,2025-05-16
413215.0,4568595.0,2025-05-16
413225.0,4568595.0,2025-05-16
413235.0,4568595.0,2025-05-16
413245.0,4568595.0,2025-05-16
413255.0,4568595.0,2025-05-16
413265.0,4568595.0,2025-05-16
413275.0,4568595.0,2025-05-16
413285.0,4568595.0,2025-05-16
413295.0,4568595.0,2025-05-16
413305.0,4568595.0,2025-05-16
413315.0,4568595.0,2025-05-16
413325.0,4568595.0,2025-05-16
413335.0,4568595.0,2025-05-16
413345.0,4568595.0,2025-05-16
413355.0,4568595.0,2025-05-16
413365.0,4568595.0,2025-05-16
413375.0,4568595.0,2025-05-16
413385.0,4568595.0,2025-05-16
413395.0,4568595.0,2025-05-16
413405.0,4568595.0,2025-05-16
413415.0,4568595.0,2025-05-16
413425.0,4568595.0,2025-05-16
413435.0,4568595.0,2025-05-16
413445.0,4568595.0,2025-05-16
413455.0,4568595.0,2025-05-16
413465.0,4568595.0,2025-05-16
413475.0,4568595.0,2025-05-16
413485.0,4568595.0,2025-05-16
413495.0,4568595.0,2025-05-16
413505.0,4568595.0,2025-05-16
413515.0,4568595.0,2025-05-16
413525.0,4568595.0,2025-05-16
413535.0,4568595.0,2025-05-16
413545.0,4568595.0,2025-05-16
413555.0,4568595.0,2025-05-16
413565.0,4568595.0,2025-05-16
413575.0,4568595.0,2025-05-16
413585.0,4568595.0,2025-05-16
413595.0,4568595.0,2025-05-16
413605.0,4568595.0,2025-05-16
413615.0,4568595.0,2025-05-16
413625.0,4568595.0,2025-05-16
413635.0,4568595.0,2025-05-16
413645.0,4568595.0,2025-05-16
413655.0,4568595.0,2025-05-16
413665.0,4568595.0,2025-05-16
413675.0,4568595.0,2025-05-16
413685.0,4568595.0,2025-05-16
413695.0,4568595.0,2025-05-16
413705.0,4568595.0,2025-05-16
413715.0,4568595.0,2025-05-16
413725.0,4568595.0,2025-05-16
413735.0,4568595.0,2025-05-16
413745.0,4568595.0,2025-05-16
413755.0,4568595.0,2025-05-16
413765.0,4568595.0,2025-05-16
413775.0,4568595.0,2025-05-16
413785.0,4568595.0,2025-05-16
413795.0,4568595.0,2025-05-16
413805.0,4568595.0,2025-05-16
413815.0,4568595.0,2025-05-16
413825.0,4568595.0,2025-05-16
413835.0,4568595.0,2025-05-16
413845.0,4568595.0,2025-05-16
413855.0,4568595.0,2025-05-16
413865.0,4568595.0,2025-05-16
413875.0,4568595.0,2025-05-16
413885.0,4568595.0,2025-05-16
413895.0,4568595.0,2025-05-16
413905.0,4568595.0,2025-05-16
413915.0,4568595.0,2025-05-16
413925.0,4568595.0,2025-05-16
413935.0,4568595.0,2025-05-16
413945.0,4568595.0,2025-05-16
413955.0,4568595.0,2025-05-16
413965.0,4568595.0,2025-05-16
413975.0,4568595.0,2025-05-16
413985.0,4568595.0,2025-05-16
413995.0,4568595.0,2025-05-16
414005.0,4568595.0,2025-05-16
414015.0,4568595.0,2025-05-16
414025.0,4568595.0,2025-05-16
414035.0,4568595.0,2025-05-16
414045.0,4568595.0,2025-05-16
414055.0,4568595.0,2025-05-16
414065.0,4568595.0,2025-05-16
414075.0,4568595.0,2025-05-16
414085.0,4568595.0,2025-05-16
414095.0,4568595.0,2025-05-16
414105.0,4568595.0,2025-05-16
414115.0,4568595.0,2025-05-16
414125.0,4568595.0,2025-05-16
414135.0,4568595.0,2025-05-16
414145.0,4568595.0,2025-05-16
414155.0,4568595.0,2025-05-16
414165.0,4568595.0,2025-05-16
414175.0,4568595.0,2025-05-16
414185.0,4568595.0,2025-05-16
414195.0,4568595.0,2025-05-16
414205.0,4568595.0,2025-05-16
414215.0,4568595.0,2025-05-16
414225.0,4568595.0,2025-05-16
414235.0,4568595.0,2025-05-16
414245.0,4568595.0,2025-05-16
414255.0,4568595.0,2025-05-16
414265.0,4568595.0,2025-05-16
414275.0,4568595.0,2025-05-16
414285.0,4568595.0,2025-05-16
414295.0,4568595.0,2025-05-16
414305.0,4568595.0,2025-05-16
414315.0,4568595.0,2025-05-16
414325.0,4568595.0,2025-05-16
414335.0,4568595.0,2025-05-16
414345.0,4568595.0,2025-05-16
414355.0,4568595.0,2025-05-16
414365.0,4568595.0,2025-05-16
414375.0,4568595.0,2025-05-16
414385.0,4568595.0,2025-05-16
414395.0,4568595.0,2025-05-16
414405.0,4568595.0,2025-05-16
414415.0,4568595.0,2025-05-16
414425.0,4568595.0,2025-05-16
414435.0,4568595.0,2025-05-16
414445.0,4568595.0,2025-05-16
414455.0,4568595.0,2025-05-16
414465.0,4568595.0,2025-05-16
414475.0,4568595.0,2025-05-16
414485.0,4568595.0,2025-05-16
414495.0,4568595.0,2025-05-16
414505.0,4568595.0,2025-05-16
414515.0,4568595.0,2025-05-16
414525.0,4568595.0,2025-05-16
414535.0,4568595.0,2025-05-16
414545.0,4568595.0,2025-05-16
414555.0,4568595.0,2025-05-16
414565.0,4568595.0,2025-05-16
414575.0,4568595.0,2025-05-16
414585.0,4568595.0,2025-05-16
414595.0,4568595.0,2025-05-16
414605.0,4568595.0,2025-05-16
414615.0,4568595.0,2025-05-16
414625.0,4568595.0,2025-05-16
414635.0,4568595.0,2025-05-16
414645.0,4568595.0,2025-05-16
414655.0,4568595.0,2025-05-16
414665.0,4568595.0,2025-05-16
414675.0,4568595.0,2025-05-16
414685.0,4568595.0,2025-05-16
414695.0,4568595.0,2025-05-16
414705.0,4568595.0,2025-05-16
414715.0,4568595.0,2025-05-16
414725.0,4568595.0,2025-05-16
414735.0,4568595.0,2025-05-16
414745.0,4568595.0,2025-05-16
414755.0,4568595.0,2025-05-16
414765.0,4568595.0,2025-05-16
414775.0,4568595.0,2025-05-16
414785.0,4568595.0,2025-05-16
414795.0,4568595.0,2025-05-16
414805.0,4568595.0,2025-05-16
414815.0,4568595.0,2025-05-16
414825.0,4568595.0,2025-05-16
414835.0,4568595.0,2025-05-16
414845.0,4568595.0,2025-05-16
414855.0,4568595.0,2025-05-16
414865.0,4568595.0,2025-05-16
414875.0,4568595.0,2025-05-16
414885.0,4568595.0,2025-05-16
414895.0,4568595.0,2025-05-16
414905.0,4568595.0,2025-05-16
414915.0,4568595.0,2025-05-16
414925.0,4568595.0,2025-05-16
414935.0,4568595.0,2025-05-16
414945.0,4568595.0,2025-05-16
414955.0,4568595.0,2025-05-16
414965.0,4568595.0,2025-05-16
414975.0,4568595.0,2025-05-16
414985.0,4568595.0,2025-05-16
414995.0,4568595.0,2025-05-16
415005.0,4568595.0,2025-05-16
415015.0,4568595.0,2025-05-16
415025.0,4568595.0,2025-05-16
415035.0,4568595.0,2025-05-16
415045.0,4568595.0,2025-05-16
415055.0,4568595.0,2025-05-16
415065.0,4568595.0,2025-05-16
415075.0,4568595.0,2025-05-16
415085.0,4568595.0,2025-05-16
415095.0,4568595.0,2025-05-16
415105.0,4568595.0,2025-05-16
415115.0,4568595.0,2025-05-16
415125.0,4568595.0,2025-05-16
415135.0,4568595.0,2025-05-16
415145.0,4568595.0,2025-05-16
415155.0,4568595.0,2025-05-16
415165.0,4568595.0,2025-05-16
415175.0,4568595.0,2025-05-16
415185.0,4568595.0,2025-05-16
415195.0,4568595.0,2025-05-16
415205.0,4568595.0,2025-05-16
415215.0,4568595.0,2025-05-16
415225.0,4568595.0,2025-05-16
415235.0,4568595.0,2025-05-16
415245.0,4568595.0,2025-05-16
415255.0,4568595.0,2025-05-16
415265.0,4568595.0,2025-05-16
415275.0,4568595.0,2025-05-16
415285.0,4568595.0,2025-05-16
415295.0,4568595.0,2025-05-16
415305.0,4568595.0,2025-05-16
415315.0,4568595.0,2025-05-16
415325.0,4568595.0,2025-05-16
415335.0,4568595.0,2025-05-16
415345.0,4568595.0,2025-05-16
415355.0,4568595.0,2025-05-16
415365.0,4568595.0,2025-05-16
415375.0,4568595.0,2025-05-16
415385.0,4568595.0,2025-05-16
415395.0,4568595.0,2025-05-16
415405.0,4568595.0,2025-05-16
415415.0,4568595.0,2025-05-16
415425.0,4568595.0,2025-05-16
415435.0,4568595.0,2025-05-16
415445.0,4568595.0,2025-05-16
415455.0,4568595.0,2025-05-16
415465.0,4568595.0,2025-05-16
415475.0,4568595.0,2025-05-16
415485.0,4568595.0,2025-05-16
415495.0,4568595.0,2025-05-16
415505.0,4568595.0,2025-05-16
415515.0,4568595.0,2025-05-16
415525.0,4568595.0,2025-05-16
415535.0,4568595.0,2025-05-16
415545.0,4568595.0,2025-05-16
415555.0,4568595.0,2025-05-16
415565.0,4568595.0,2025-05-16
415575.0,4568595.0,2025-05-16
415585.0,4568595.0,2025-05-16
415595.0,4568595.0,2025-05-16
415605.0,4568595.0,2025-05-16
415615.0,4568595.0,2025-05-16
415625.0,4568595.0,2025-05-16
415635.0,4568595.0,2025-05-16
411745.0,4568585.0,2025-05-16
411755.0,4568585.0,2025-05-16
411765.0,4568585.0,2025-05-16
411775.0,4568585.0,2025-05-16
411785.0,4568585.0,2025-05-16
411795.0,4568585.0,2025-05-16
411805.0,4568585.0,2025-05-16
411815.0,4568585.0,2025-05-16
411825.0,4568585.0,2025-05-16
411835.0,4568585.0,2025-05-16
411845.0,4568585.0,2025-05-16
411855.0,4568585.0,2025-05-16
411865.0,4568585.0,2025-05-16
411875.0,4568585.0,2025-05-16
411885.0,4568585.0,2025-05-16
411895.0,4568585.0,2025-05-16
411905.0,4568585.0,2025-05-16
411915.0,4568585.0,2025-05-16
411925.0,4568585.0,2025-05-16
411935.0,4568585.0,2025-05-16
411945.0,4568585.0,2025-05-16
411955.0,4568585.0,2025-05-16
411965.0,4568585.0,2025-05-16
411975.0,4568585.0,2025-05-16
411985.0,4568585.0,2025-05-16
411995.0,4568585.0,2025-05-16
412005.0,4568585.0,2025-05-16
412015.0,4568585.0,2025-05-16
412025.0,4568585.0,2025-05-16
412035.0,4568585.0,2025-05-16
412045.0,4568585.0,2025-05-16
412055.0,4568585.0,2025-05-16
412065.0,4568585.0,2025-05-16
412075.0,4568585.0,2025-05-16
412085.0,4568585.0,2025-05-16
412095.0,4568585.0,2025-05-16
412105.0,4568585.0,2025-05-16
412115.0,4568585.0,2025-05-16
412125.0,4568585.0,2025-05-16
412135.0,4568585.0,2025-05-16
412145.0,4568585.0,2025-05-16
412155.0,4568585.0,2025-05-16
412165.0,4568585.0,2025-05-16
412175.0,4568585.0,2025-05-16
412185.0,4568585.0,2025-05-16
412195.0,4568585.0,2025-05-16
412205.0,4568585.0,2025-05-16
412215.0,4568585.0,2025-05-16
412225.0,4568585.0,2025-05-16
412235.0,4568585.0,2025-05-16
412245.0,4568585.0,2025-05-16
412255.0,4568585.0,2025-05-16
412265.0,4568585.0,2025-05-16
412275.0,4568585.0,2025-05-16
412285.0,4568585.0,2025-05-16
412295.0,4568585.0,2025-05-16
412305.0,4568585.0,2025-05-16
412315.0,4568585.0,2025-05-16
412325.0,4568585.0,2025-05-16
412335.0,4568585.0,2025-05-16
412345.0,4568585.0,2025-05-16
412355.0,4568585.0,2025-05-16
412365.0,4568585.0,2025-05-16
412375.0,4568585.0,2025-05-16
412385.0,4568585.0,2025-05-16
412395.0,4568585.0,2025-05-16
412405.0,4568585.0,2025-05-16
412415.0,4568585.0,2025-05-16
412425.0,4568585.0,2025-05-16
412435.0,4568585.0,2025-05-16
412445.0,4568585.0,2025-05-16
412455.0,4568585.0,2025-05-16
412465.0,4568585.0,2025-05-16
412475.0,4568585.0,2025-05-16
412485.0,4568585.0,2025-05-16
412495.0,4568585.0,2025-05-16
412505.0,4568585.0,2025-05-16
412515.0,4568585.0,2025-05-16
412525.0,4568585.0,2025-05-16
412535.0,4568585.0,2025-05-16
412545.0,4568585.0,2025-05-16
412555.0,4568585.0,2025-05-16
412565.0,4568585.0,2025-05-16
412575.0,4568585.0,2025-05-16
412585.0,4568585.0,2025-05-16
412595.0,4568585.0,2025-05-16
412605.0,4568585.0,2025-05-16
412615.0,4568585.0,2025-05-16
412625.0,4568585.0,2025-05-16
412635.0,4568585.0,2025-05-16
412645.0,4568585.0,2025-05-16
412655.0,4568585.0,2025-05-16
412665.0,4568585.0,2025-05-16
412675.0,4568585.0,2025-05-16
412685.0,4568585.0,2025-05-16
412695.0,4568585.0,2025-05-16
412705.0,4568585.0,2025-05-16
412715.0,4568585.0,2025-05-16
412725.0,4568585.0,2025-05-16
412735.0,4568585.0,2025-05-16
412745.0,4568585.0,2025-05-16
412755.0,4568585.0,2025-05-16
412765.0,4568585.0,2025-05-16
412775.0,4568585.0,2025-05-16
412785.0,4568585.0,2025-05-16
412795.0,4568585.0,2025-05-16
412805.0,4568585.0,2025-05-16
412815.0,4568585.0,2025-05-16
412825.0,4568585.0,2025-05-16
412835.0,4568585.0,2025-05-16
412845.0,4568585.0,2025-05-16
412865.0,4568585.0,2025-05-16
412875.0,4568585.0,2025-05-16
412885.0,4568585.0,2025-05-16
412895.0,4568585.0,2025-05-16
412905.0,4568585.0,2025-05-16
412915.0,4568585.0,2025-05-16
412925.0,4568585.0,2025-05-16
412935.0,4568585.0,2025-05-16
412945.0,4568585.0,2025-05-16
412955.0,4568585.0,2025-05-16
412965.0,4568585.0,2025-05-16
412975.0,4568585.0,2025-05-16
412985.0,4568585.0,2025-05-16
412995.0,4568585.0,2025-05-16
413005.0,4568585.0,2025-05-16
413015.0,4568585.0,2025-05-16
413025.0,4568585.0,2025-05-16
413035.0,4568585.0,2025-05-16
413045.0,4568585.0,2025-05-16
413055.0,4568585.0,2025-05-16
413065.0,4568585.0,2025-05-16
413075.0,4568585.0,2025-05-16
413085.0,4568585.0,2025-05-16
413095.0,4568585.0,2025-05-16
413105.0,4568585.0,2025-05-16
413115.0,4568585.0,2025-05-16
413125.0,4568585.0,2025-05-16
413135.0,4568585.0,2025-05-16
413145.0,4568585.0,2025-05-16
413155.0,4568585.0,2025-05-16
413165.0,4568585.0,2025-05-16
413175.0,4568585.0,2025-05-16
413185.0,4568585.0,2025-05-16
413195.0,4568585.0,2025-05-16
413205.0,4568585.0,2025-05-16
413215.0,4568585.0,2025-05-16
413225.0,4568585.0,2025-05-16
413235.0,4568585.0,2025-05-16
413245.0,4568585.0,2025-05-16
413255.0,4568585.0,2025-05-16
413265.0,4568585.0,2025-05-16
413275.0,4568585.0,2025-05-16
413285.0,4568585.0,2025-05-16
413295.0,4568585.0,2025-05-16
413305.0,4568585.0,2025-05-16
413315.0,4568585.0,2025-05-16
413325.0,4568585.0,2025-05-16
413335.0,4568585.0,2025-05-16
413345.0,4568585.0,2025-05-16
413355.0,4568585.0,2025-05-16
413365.0,4568585.0,2025-05-16
413375.0,4568585.0,2025-05-16
413385.0,4568585.0,2025-05-16
413395.0,4568585.0,2025-05-16
413405.0,4568585.0,2025-05-16
413415.0,4568585.0,2025-05-16
413425.0,4568585.0,2025-05-16
413435.0,4568585.0,2025-05-16
413445.0,4568585.0,2025-05-16
413455.0,4568585.0,2025-05-16
413465.0,4568585.0,2025-05-16
413475.0,4568585.0,2025-05-16
413485.0,4568585.0,2025-05-16
413495.0,4568585.0,2025-05-16
413505.0,4568585.0,2025-05-16
413515.0,4568585.0,2025-05-16
413525.0,4568585.0,2025-05-16
413535.0,4568585.0,2025-05-16
413545.0,4568585.0,2025-05-16
413555.0,4568585.0,2025-05-16
413565.0,4568585.0,2025-05-16
413575.0,4568585.0,2025-05-16
413585.0,4568585.0,2025-05-16
413595.0,4568585.0,2025-05-16
413605.0,4568585.0,2025-05-16
413615.0,4568585.0,2025-05-16
413625.0,4568585.0,2025-05-16
413635.0,4568585.0,2025-05-16
413645.0,4568585.0,2025-05-16
413655.0,4568585.0,2025-05-16
413665.0,4568585.0,2025-05-16
413675.0,4568585.0,2025-05-16
413685.0,4568585.0,2025-05-16
413695.0,4568585.0,2025-05-16
413705.0,4568585.0,2025-05-16
413715.0,4568585.0,2025-05-16
413725.0,4568585.0,2025-05-16
413735.0,4568585.0,2025-05-16
413745.0,4568585.0,2025-05-16
413755.0,4568585.0,2025-05-16
413765.0,4568585.0,2025-05-16
413775.0,4568585.0,2025-05-16
413785.0,4568585.0,2025-05-16
413795.0,4568585.0,2025-05-16
413805.0,4568585.0,2025-05-16
413815.0,4568585.0,2025-05-16
413825.0,4568585.0,2025-05-16
413835.0,4568585.0,2025-05-16
413845.0,4568585.0,2025-05-16
413855.0,4568585.0,2025-05-16
413865.0,4568585.0,2025-05-16
413875.0,4568585.0,2025-05-16
413885.0,4568585.0,2025-05-16
413895.0,4568585.0,2025-05-16
413905.0,4568585.0,2025-05-16
413915.0,4568585.0,2025-05-16
413925.0,4568585.0,2025-05-16
413935.0,4568585.0,2025-05-16
413945.0,4568585.0,2025-05-16
413955.0,4568585.0,2025-05-16
413965.0,4568585.0,2025-05-16
413975.0,4568585.0,2025-05-16
413985.0,4568585.0,2025-05-16
413995.0,4568585.0,2025-05-16
414005.0,4568585.0,2025-05-16
414015.0,4568585.0,2025-05-16
414025.0,4568585.0,2025-05-16
414035.0,4568585.0,2025-05-16
414045.0,4568585.0,2025-05-16
414055.0,4568585.0,2025-05-16
414065.0,4568585.0,2025-05-16
414075.0,4568585.0,2025-05-16
414085.0,4568585.0,2025-05-16
414095.0,4568585.0,2025-05-16
414105.0,4568585.0,2025-05-16
414115.0,4568585.0,2025-05-16
414125.0,4568585.0,2025-05-16
414135.0,4568585.0,2025-05-16
414145.0,4568585.0,2025-05-16
414155.0,4568585.0,2025-05-16
414165.0,4568585.0,2025-05-16
414175.0,4568585.0,2025-05-16
414185.0,4568585.0,2025-05-16
414195.0,4568585.0,2025-05-16
414205.0,4568585.0,2025-05-16
414215.0,4568585.0,2025-05-16
414225.0,4568585.0,2025-05-16
414235.0,4568585.0,2025-05-16
414245.0,4568585.0,2025-05-16
414255.0,4568585.0,2025-05-16
414265.0,4568585.0,2025-05-16
414275.0,4568585.0,2025-05-16
414285.0,4568585.0,2025-05-16
414295.0,4568585.0,2025-05-16
414305.0,4568585.0,2025-05-16
414315.0,4568585.0,2025-05-16
414325.0,4568585.0,2025-05-16
414335.0,4568585.0,2025-05-16
414345.0,4568585.0,2025-05-16
414355.0,4568585.0,2025-05-16
414365.0,4568585.0,2025-05-16
414375.0,4568585.0,2025-05-16
414385.0,4568585.0,2025-05-16
414395.0,4568585.0,2025-05-16
414405.0,4568585.0,2025-05-16
414415.0,4568585.0,2025-05-16
414425.0,4568585.0,2025-05-16
414435.0,4568585.0,2025-05-16
414445.0,4568585.0,2025-05-16
414455.0,4568585.0,2025-05-16
414465.0,4568585.0,2025-05-16
414475.0,4568585.0,2025-05-16
414485.0,4568585.0,2025-05-16
414495.0,4568585.0,2025-05-16
414505.0,4568585.0,2025-05-16
414515.0,4568585.0,2025-05-16
414525.0,4568585.0,2025-05-16
414535.0,4568585.0,2025-05-16
414545.0,4568585.0,2025-05-16
414555.0,4568585.0,2025-05-16
414565.0,4568585.0,2025-05-16
414575.0,4568585.0,2025-05-16
414585.0,4568585.0,2025-05-16
414595.0,4568585.0,2025-05-16
414605.0,4568585.0,2025-05-16
414615.0,4568585.0,2025-05-16
414625.0,4568585.0,2025-05-16
414635.0,4568585.0,2025-05-16
414645.0,4568585.0,2025-05-16
414655.0,4568585.0,2025-05-16
414665.0,4568585.0,2025-05-16
414675.0,4568585.0,2025-05-16
414685.0,4568585.0,2025-05-16
414695.0,4568585.0,2025-05-16
414705.0,4568585.0,2025-05-16
414715.0,4568585.0,2025-05-16
414725.0,4568585.0,2025-05-16
414735.0,4568585.0,2025-05-16
414745.0,4568585.0,2025-05-16
414755.0,4568585.0,2025-05-16
414765.0,4568585.0,2025-05-16
414775.0,4568585.0,2025-05-16
414785.0,4568585.0,2025-05-16
414795.0,4568585.0,2025-05-16
414805.0,4568585.0,2025-05-16
414815.0,4568585.0,2025-05-16
414825.0,4568585.0,2025-05-16
414835.0,4568585.0,2025-05-16
414845.0,4568585.0,2025-05-16
414855.0,4568585.0,2025-05-16
414865.0,4568585.0,2025-05-16
414875.0,4568585.0,2025-05-16
414885.0,4568585.0,2025-05-16
414895.0,4568585.0,2025-05-16
414905.0,4568585.0,2025-05-16
414915.0,4568585.0,2025-05-16
414925.0,4568585.0,2025-05-16
414935.0,4568585.0,2025-05-16
414945.0,4568585.0,2025-05-16
414955.0,4568585.0,2025-05-16
414965.0,4568585.0,2025-05-16
414975.0,4568585.0,2025-05-16
414985.0,4568585.0,2025-05-16
414995.0,4568585.0,2025-05-16
415005.0,4568585.0,2025-05-16
415015.0,4568585.0,2025-05-16
415025.0,4568585.0,2025-05-16
415035.0,4568585.0,2025-05-16
415045.0,4568585.0,2025-05-16
415055.0,4568585.0,2025-05-16
415065.0,4568585.0,2025-05-16
415075.0,4568585.0,2025-05-16
415085.0,4568585.0,2025-05-16
415095.0,4568585.0,2025-05-16
415105.0,4568585.0,2025-05-16
415115.0,4568585.0,2025-05-16
415125.0,4568585.0,2025-05-16
415135.0,4568585.0,2025-05-16
415145.0,4568585.0,2025-05-16
415155.0,4568585.0,2025-05-16
415165.0,4568585.0,2025-05-16
415175.0,4568585.0,2025-05-16
415185.0,4568585.0,2025-05-16
415195.0,4568585.0,2025-05-16
415205.0,4568585.0,2025-05-16
415215.0,4568585.0,2025-05-16
415225.0,4568585.0,2025-05-16
415235.0,4568585.0,2025-05-16
415245.0,4568585.0,2025-05-16
415255.0,4568585.0,2025-05-16
415265.0,4568585.0,2025-05-16
415275.0,4568585.0,2025-05-16
415285.0,4568585.0,2025-05-16
415295.0,4568585.0,2025-05-16
415305.0,4568585.0,2025-05-16
415315.0,4568585.0,2025-05-16
415325.0,4568585.0,2025-05-16
415335.0,4568585.0,2025-05-16
415345.0,4568585.0,2025-05-16
415355.0,4568585.0,2025-05-16
415365.0,4568585.0,2025-05-16
415375.0,4568585.0,2025-05-16
415385.0,4568585.0,2025-05-16
415395.0,4568585.0,2025-05-16
415405.0,4568585.0,2025-05-16
415415.0,4568585.0,2025-05-16
415425.0,4568585.0,2025-05-16
415435.0,4568585.0,2025-05-16
415445.0,4568585.0,2025-05-16
415455.0,4568585.0,2025-05-16
415465.0,4568585.0,2025-05-16
415475.0,4568585.0,2025-05-16
415485.0,4568585.0,2025-05-16
415495.0,4568585.0,2025-05-16
415505.0,4568585.0,2025-05-16
415515.0,4568585.0,2025-05-16
415525.0,4568585.0,2025-05-16
415535.0,4568585.0,2025-05-16
415545.0,4568585.0,2025-05-16
415555.0,4568585.0,2025-05-16
415565.0,4568585.0,2025-05-16
415575.0,4568585.0,2025-05-16
415585.0,4568585.0,2025-05-16
415595.0,4568585.0,2025-05-16
415605.0,4568585.0,2025-05-16
415615.0,4568585.0,2025-05-16
415625.0,4568585.0,2025-05-16
415635.0,4568585.0,2025-05-16
415645.0,4568585.0,2025-05-16
415655.0,4568585.0,2025-05-16
415665.0,4568585.0,2025-05-16
415675.0,4568585.0,2025-05-16
415685.0,4568585.0,2025-05-16
415695.0,4568585.0,2025-05-16
415705.0,4568585.0,2025-05-16
415715.0,4568585.0,2025-05-16
415725.0,4568585.0,2025-05-16
415735.0,4568585.0,2025-05-16
415745.0,4568585.0,2025-05-16
415755.0,4568585.0,2025-05-16
415765.0,4568585.0,2025-05-16
415775.0,4568585.0,2025-05-16
415785.0,4568585.0,2025-05-16
415795.0,4568585.0,2025-05-16
415805.0,4568585.0,2025-05-16
415815.0,4568585.0,2025-05-16
415825.0,4568585.0,2025-05-16
415835.0,4568585.0,2025-05-16
415845.0,4568585.0,2025-05-16
415855.0,4568585.0,2025-05-16
415865.0,4568585.0,2025-05-16
415875.0,4568585.0,2025-05-16
415885.0,4568585.0,2025-05-16
415895.0,4568585.0,2025-05-16
415905.0,4568585.0,2025-05-16
415915.0,4568585.0,2025-05-16
415925.0,4568585.0,2025-05-16
415935.0,4568585.0,2025-05-16
415945.0,4568585.0,2025-05-16
415955.0,4568585.0,2025-05-16
415965.0,4568585.0,2025-05-16
415975.0,4568585.0,2025-05-16
415985.0,4568585.0,2025-05-16
415995.0,4568585.0,2025-05-16
416005.0,4568585.0,2025-05-16
416015.0,4568585.0,2025-05-16
416025.0,4568585.0,2025-05-16
416035.0,4568585.0,2025-05-16
416045.0,4568585.0,2025-05-16
416055.0,4568585.0,2025-05-16
416065.0,4568585.0,2025-05-16
416075.0,4568585.0,2025-05-16
416085.0,4568585.0,2025-05-16
416095.0,4568585.0,2025-05-16
416105.0,4568585.0,2025-05-16
416115.0,4568585.0,2025-05-16
416125.0,4568585.0,2025-05-16
416135.0,4568585.0,2025-05-16
416145.0,4568585.0,2025-05-16
416155.0,4568585.0,2025-05-16
416165.0,4568585.0,2025-05-16
416175.0,4568585.0,2025-05-16
416185.0,4568585.0,2025-05-16
416195.0,4568585.0,2025-05-16
416205.0,4568585.0,2025-05-16
416215.0,4568585.0,2025-05-16
416225.0,4568585.0,2025-05-16
416235.0,4568585.0,2025-05-16
416245.0,4568585.0,2025-05-16
416255.0,4568585.0,2025-05-16
416265.0,4568585.0,2025-05-16
416275.0,4568585.0,2025-05-16
416285.0,4568585.0,2025-05-16
416295.0,4568585.0,2025-05-16
416305.0,4568585.0,2025-05-16
416315.0,4568585.0,2025-05-16
416325.0,4568585.0,2025-05-16
416335.0,4568585.0,2025-05-16
416345.0,4568585.0,2025-05-16
416355.0,4568585.0,2025-05-16
416365.0,4568585.0,2025-05-16
416375.0,4568585.0,2025-05-16
416385.0,4568585.0,2025-05-16
416395.0,4568585.0,2025-05-16
416405.0,4568585.0,2025-05-16
416415.0,4568585.0,2025-05-16
416425.0,4568585.0,2025-05-16
416435.0,4568585.0,2025-05-16
416445.0,4568585.0,2025-05-16
416455.0,4568585.0,2025-05-16
411745.0,4568575.0,2025-05-16
411755.0,4568575.0,2025-05-16
411765.0,4568575.0,2025-05-16
411775.0,4568575.0,2025-05-16
411785.0,4568575.0,2025-05-16
411795.0,4568575.0,2025-05-16
411805.0,4568575.0,2025-05-16
411815.0,4568575.0,2025-05-16
411825.0,4568575.0,2025-05-16
411835.0,4568575.0,2025-05-16
411845.0,4568575.0,2025-05-16
411855.0,4568575.0,2025-05-16
411865.0,4568575.0,2025-05-16
411875.0,4568575.0,2025-05-16
411885.0,4568575.0,2025-05-16
411895.0,4568575.0,2025-05-16
411905.0,4568575.0,2025-05-16
411915.0,4568575.0,2025-05-16
411925.0,4568575.0,2025-05-16
411935.0,4568575.0,2025-05-16
411945.0,4568575.0,2025-05-16
411955.0,4568575.0,2025-05-16
411965.0,4568575.0,2025-05-16
411975.0,4568575.0,2025-05-16
411985.0,4568575.0,2025-05-16
411995.0,4568575.0,2025-05-16
412005.0,4568575.0,2025-05-16
412015.0,4568575.0,2025-05-16
412025.0,4568575.0,2025-05-16
412035.0,4568575.0,2025-05-16
412045.0,4568575.0,2025-05-16
412055.0,4568575.0,2025-05-16
412065.0,4568575.0,2025-05-16
412075.0,4568575.0,2025-05-16
412085.0,4568575.0,2025-05-16
412095.0,4568575.0,2025-05-16
412105.0,4568575.0,2025-05-16
412115.0,4568575.0,2025-05-16
412125.0,4568575.0,2025-05-16
412135.0,4568575.0,2025-05-16
412145.0,4568575.0,2025-05-16
412155.0,4568575.0,2025-05-16
412165.0,4568575.0,2025-05-16
412175.0,4568575.0,2025-05-16
412185.0,4568575.0,2025-05-16
412195.0,4568575.0,2025-05-16
412205.0,4568575.0,2025-05-16
412215.0,4568575.0,2025-05-16
412225.0,4568575.0,2025-05-16
412235.0,4568575.0,2025-05-16
412245.0,4568575.0,2025-05-16
412255.0,4568575.0,2025-05-16
412265.0,4568575.0,2025-05-16
412275.0,4568575.0,2025-05-16
412285.0,4568575.0,2025-05-16
412295.0,4568575.0,2025-05-16
412305.0,4568575.0,2025-05-16
412315.0,4568575.0,2025-05-16
412325.0,4568575.0,2025-05-16
412335.0,4568575.0,2025-05-16
412345.0,4568575.0,2025-05-16
412355.0,4568575.0,2025-05-16
412365.0,4568575.0,2025-05-16
412375.0,4568575.0,2025-05-16
412385.0,4568575.0,2025-05-16
412395.0,4568575.0,2025-05-16
412405.0,4568575.0,2025-05-16
412415.0,4568575.0,2025-05-16
412425.0,4568575.0,2025-05-16
412435.0,4568575.0,2025-05-16
412445.0,4568575.0,2025-05-16
412455.0,4568575.0,2025-05-16
412465.0,4568575.0,2025-05-16
412475.0,4568575.0,2025-05-16
412485.0,4568575.0,2025-05-16
412495.0,4568575.0,2025-05-16
412505.0,4568575.0,2025-05-16
412515.0,4568575.0,2025-05-16
412525.0,4568575.0,2025-05-16
412535.0,4568575.0,2025-05-16
412545.0,4568575.0,2025-05-16
412555.0,4568575.0,2025-05-16
412565.0,4568575.0,2025-05-16
412575.0,4568575.0,2025-05-16
412585.0,4568575.0,2025-05-16
412595.0,4568575.0,2025-05-16
412605.0,4568575.0,2025-05-16
412615.0,4568575.0,2025-05-16
412625.0,4568575.0,2025-05-16
412635.0,4568575.0,2025-05-16
412645.0,4568575.0,2025-05-16
412655.0,4568575.0,2025-05-16
412665.0,4568575.0,2025-05-16
412675.0,4568575.0,2025-05-16
412685.0,4568575.0,2025-05-16
412695.0,4568575.0,2025-05-16
412705.0,4568575.0,2025-05-16
412715.0,4568575.0,2025-05-16
412725.0,4568575.0,2025-05-16
412735.0,4568575.0,2025-05-16
412745.0,4568575.0,2025-05-16
412755.0,4568575.0,2025-05-16
412765.0,4568575.0,2025-05-16
412775.0,4568575.0,2025-05-16
412785.0,4568575.0,2025-05-16
412795.0,4568575.0,2025-05-16
412805.0,4568575.0,2025-05-16
412815.0,4568575.0,2025-05-16
412825.0,4568575.0,2025-05-16
412835.0,4568575.0,2025-05-16
412845.0,4568575.0,2025-05-16
412855.0,4568575.0,2025-05-16
412865.0,4568575.0,2025-05-16
412875.0,4568575.0,2025-05-16
412885.0,4568575.0,2025-05-16
412895.0,4568575.0,2025-05-16
412905.0,4568575.0,2025-05-16
412915.0,4568575.0,2025-05-16
412925.0,4568575.0,2025-05-16
412935.0,4568575.0,2025-05-16
412945.0,4568575.0,2025-05-16
412955.0,4568575.0,2025-05-16
412965.0,4568575.0,2025-05-16
412975.0,4568575.0,2025-05-16
412985.0,4568575.0,2025-05-16
412995.0,4568575.0,2025-05-16
413005.0,4568575.0,2025-05-16
413015.0,4568575.0,2025-05-16
413025.0,4568575.0,2025-05-16
413035.0,4568575.0,2025-05-16
413045.0,4568575.0,2025-05-16
413055.0,4568575.0,2025-05-16
413065.0,4568575.0,2025-05-16
413075.0,4568575.0,2025-05-16
413085.0,4568575.0,2025-05-16
413095.0,4568575.0,2025-05-16
413105.0,4568575.0,2025-05-16
413115.0,4568575.0,2025-05-16
413125.0,4568575.0,2025-05-16
413135.0,4568575.0,2025-05-16
413145.0,4568575.0,2025-05-16
413155.0,4568575.0,2025-05-16
413165.0,4568575.0,2025-05-16
413175.0,4568575.0,2025-05-16
413185.0,4568575.0,2025-05-16
413195.0,4568575.0,2025-05-16
413205.0,4568575.0,2025-05-16
413215.0,4568575.0,2025-05-16
413225.0,4568575.0,2025-05-16
413235.0,4568575.0,2025-05-16
413245.0,4568575.0,2025-05-16
413255.0,4568575.0,2025-05-16
413265.0,4568575.0,2025-05-16
413275.0,4568575.0,2025-05-16
413285.0,4568575.0,2025-05-16
413295.0,4568575.0,2025-05-16
413305.0,4568575.0,2025-05-16
413315.0,4568575.0,2025-05-16
413325.0,4568575.0,2025-05-16
413335.0,4568575.0,2025-05-16
413345.0,4568575.0,2025-05-16
413355.0,4568575.0,2025-05-16
413365.0,4568575.0,2025-05-16
413375.0,4568575.0,2025-05-16
413385.0,4568575.0,2025-05-16
413395.0,4568575.0,2025-05-16
413405.0,4568575.0,2025-05-16
413415.0,4568575.0,2025-05-16
413425.0,4568575.0,2025-05-16
413435.0,4568575.0,2025-05-16
413445.0,4568575.0,2025-05-16
413455.0,4568575.0,2025-05-16
413465.0,4568575.0,2025-05-16
413475.0,4568575.0,2025-05-16
413485.0,4568575.0,2025-05-16
413495.0,4568575.0,2025-05-16
413505.0,4568575.0,2025-05-16
413515.0,4568575.0,2025-05-16
413525.0,4568575.0,2025-05-16
413535.0,4568575.0,2025-05-16
413545.0,4568575.0,2025-05-16
413555.0,4568575.0,2025-05-16
413565.0,4568575.0,2025-05-16
413575.0,4568575.0,2025-05-16
413585.0,4568575.0,2025-05-16
413595.0,4568575.0,2025-05-16
413605.0,4568575.0,2025-05-16
413615.0,4568575.0,2025-05-16
413625.0,4568575.0,2025-05-16
413635.0,4568575.0,2025-05-16
413645.0,4568575.0,2025-05-16
413655.0,4568575.0,2025-05-16
413665.0,4568575.0,2025-05-16
413675.0,4568575.0,2025-05-16
413685.0,4568575.0,2025-05-16
413695.0,4568575.0,2025-05-16
413705.0,4568575.0,2025-05-16
413715.0,4568575.0,2025-05-16
413725.0,4568575.0,2025-05-16
413735.0,4568575.0,2025-05-16
413745.0,4568575.0,2025-05-16
413755.0,4568575.0,2025-05-16
413765.0,4568575.0,2025-05-16
413775.0,4568575.0,2025-05-16
413785.0,4568575.0,2025-05-16
413795.0,4568575.0,2025-05-16
413805.0,4568575.0,2025-05-16
413815.0,4568575.0,2025-05-16
413825.0,4568575.0,2025-05-16
413835.0,4568575.0,2025-05-16
413845.0,4568575.0,2025-05-16
413855.0,4568575.0,2025-05-16
413865.0,4568575.0,2025-05-16
413875.0,4568575.0,2025-05-16
413885.0,4568575.0,2025-05-16
413895.0,4568575.0,2025-05-16
413905.0,4568575.0,2025-05-16
413915.0,4568575.0,2025-05-16
413925.0,4568575.0,2025-05-16
413935.0,4568575.0,2025-05-16
413945.0,4568575.0,2025-05-16
413955.0,4568575.0,2025-05-16
413965.0,4568575.0,2025-05-16
413975.0,4568575.0,2025-05-16
413985.0,4568575.0,2025-05-16
413995.0,4568575.0,2025-05-16
414005.0,4568575.0,2025-05-16
414015.0,4568575.0,2025-05-16
414025.0,4568575.0,2025-05-16
414035.0,4568575.0,2025-05-16
414045.0,4568575.0,2025-05-16
414055.0,4568575.0,2025-05-16
414065.0,4568575.0,2025-05-16
414075.0,4568575.0,2025-05-16
414085.0,4568575.0,2025-05-16
414095.0,4568575.0,2025-05-16
414105.0,4568575.0,2025-05-16
414115.0,4568575.0,2025-05-16
414125.0,4568575.0,2025-05-16
414135.0,4568575.0,2025-05-16
414145.0,4568575.0,2025-05-16
414155.0,4568575.0,2025-05-16
414165.0,4568575.0,2025-05-16
414175.0,4568575.0,2025-05-16
414185.0,4568575.0,2025-05-16
414195.0,4568575.0,2025-05-16
414205.0,4568575.0,2025-05-16
414215.0,4568575.0,2025-05-16
414225.0,4568575.0,2025-05-16
414235.0,4568575.0,2025-05-16
414245.0,4568575.0,2025-05-16
414255.0,4568575.0,2025-05-16
414265.0,4568575.0,2025-05-16
414275.0,4568575.0,2025-05-16
414285.0,4568575.0,2025-05-16
414295.0,4568575.0,2025-05-16
414305.0,4568575.0,2025-05-16
414315.0,4568575.0,2025-05-16
414325.0,4568575.0,2025-05-16
414335.0,4568575.0,2025-05-16
414345.0,4568575.0,2025-05-16
414355.0,4568575.0,2025-05-16
414365.0,4568575.0,2025-05-16
414375.0,4568575.0,2025-05-16
414385.0,4568575.0,2025-05-16
414395.0,4568575.0,2025-05-16
414405.0,4568575.0,2025-05-16
414415.0,4568575.0,2025-05-16
414425.0,4568575.0,2025-05-16
414435.0,4568575.0,2025-05-16
414445.0,4568575.0,2025-05-16
414455.0,4568575.0,2025-05-16
414465.0,4568575.0,2025-05-16
414475.0,4568575.0,2025-05-16
414485.0,4568575.0,2025-05-16
414495.0,4568575.0,2025-05-16
414505.0,4568575.0,2025-05-16
414515.0,4568575.0,2025-05-16
414525.0,4568575.0,2025-05-16
414535.0,4568575.0,2025-05-16
414545.0,4568575.0,2025-05-16
414555.0,4568575.0,2025-05-16
414565.0,4568575.0,2025-05-16
414575.0,4568575.0,2025-05-16
414585.0,4568575.0,2025-05-16
414595.0,4568575.0,2025-05-16
414605.0,4568575.0,2025-05-16
414615.0,4568575.0,2025-05-16
414625.0,4568575.0,2025-05-16
414635.0,4568575.0,2025-05-16
414645.0,4568575.0,2025-05-16
414655.0,4568575.0,2025-05-16
414665.0,4568575.0,2025-05-16
414675.0,4568575.0,2025-05-16
414685.0,4568575.0,2025-05-16
414695.0,4568575.0,2025-05-16
414705.0,4568575.0,2025-05-16
414715.0,4568575.0,2025-05-16
414725.0,4568575.0,2025-05-16
414735.0,4568575.0,2025-05-16
414745.0,4568575.0,2025-05-16
414755.0,4568575.0,2025-05-16
414765.0,4568575.0,2025-05-16
414775.0,4568575.0,2025-05-16
414785.0,4568575.0,2025-05-16
414795.0,4568575.0,2025-05-16
414805.0,4568575.0,2025-05-16
414815.0,4568575.0,2025-05-16
414825.0,4568575.0,2025-05-16
414835.0,4568575.0,2025-05-16
414845.0,4568575.0,2025-05-16
414855.0,4568575.0,2025-05-16
414865.0,4568575.0,2025-05-16
414875.0,4568575.0,2025-05-16
414885.0,4568575.0,2025-05-16
414895.0,4568575.0,2025-05-16
414905.0,4568575.0,2025-05-16
414915.0,4568575.0,2025-05-16
414925.0,4568575.0,2025-05-16
414935.0,4568575.0,2025-05-16
414945.0,4568575.0,2025-05-16
414955.0,4568575.0,2025-05-16
414965.0,4568575.0,2025-05-16
414975.0,4568575.0,2025-05-16
414985.0,4568575.0,2025-05-16
414995.0,4568575.0,2025-05-16
415005.0,4568575.0,2025-05-16
415015.0,4568575.0,2025-05-16
415025.0,4568575.0,2025-05-16
415035.0,4568575.0,2025-05-16
415045.0,4568575.0,2025-05-16
415055.0,4568575.0,2025-05-16
415065.0,4568575.0,2025-05-16
415075.0,4568575.0,2025-05-16
415085.0,4568575.0,2025-05-16
415095.0,4568575.0,2025-05-16
415105.0,4568575.0,2025-05-16
415115.0,4568575.0,2025-05-16
415125.0,4568575.0,2025-05-16
415135.0,4568575.0,2025-05-16
415145.0,4568575.0,2025-05-16
415155.0,4568575.0,2025-05-16
415165.0,4568575.0,2025-05-16
415175.0,4568575.0,2025-05-16
415185.0,4568575.0,2025-05-16
415195.0,4568575.0,2025-05-16
415205.0,4568575.0,2025-05-16
415215.0,4568575.0,2025-05-16
415225.0,4568575.0,2025-05-16
415235.0,4568575.0,2025-05-16
415245.0,4568575.0,2025-05-16
415255.0,4568575.0,2025-05-16
415265.0,4568575.0,2025-05-16
415275.0,4568575.0,2025-05-16
415285.0,4568575.0,2025-05-16
415295.0,4568575.0,2025-05-16
415305.0,4568575.0,2025-05-16
415315.0,4568575.0,2025-05-16
415325.0,4568575.0,2025-05-16
415335.0,4568575.0,2025-05-16
415345.0,4568575.0,2025-05-16
415355.0,4568575.0,2025-05-16
415365.0,4568575.0,2025-05-16
415375.0,4568575.0,2025-05-16
415385.0,4568575.0,2025-05-16
415395.0,4568575.0,2025-05-16
415405.0,4568575.0,2025-05-16
415415.0,4568575.0,2025-05-16
415425.0,4568575.0,2025-05-16
415435.0,4568575.0,2025-05-16
415445.0,4568575.0,2025-05-16
415455.0,4568575.0,2025-05-16
415465.0,4568575.0,2025-05-16
415475.0,4568575.0,2025-05-16
415485.0,4568575.0,2025-05-16
415495.0,4568575.0,2025-05-16
415505.0,4568575.0,2025-05-16
415515.0,4568575.0,2025-05-16
415525.0,4568575.0,2025-05-16
415535.0,4568575.0,2025-05-16
415545.0,4568575.0,2025-05-16
415555.0,4568575.0,2025-05-16
415565.0,4568575.0,2025-05-16
415575.0,4568575.0,2025-05-16
415585.0,4568575.0,2025-05-16
415595.0,4568575.0,2025-05-16
415605.0,4568575.0,2025-05-16
415615.0,4568575.0,2025-05-16
415625.0,4568575.0,2025-05-16
415635.0,4568575.0,2025-05-16
415645.0,4568575.0,2025-05-16
415655.0,4568575.0,2025-05-16
415665.0,4568575.0,2025-05-16
415675.0,4568575.0,2025-05-16
415685.0,4568575.0,2025-05-16
415695.0,4568575.0,2025-05-16
415705.0,4568575.0,2025-05-16
415715.0,4568575.0,2025-05-16
415725.0,4568575.0,2025-05-16
415735.0,4568575.0,2025-05-16
415745.0,4568575.0,2025-05-16
415755.0,4568575.0,2025-05-16
415765.0,4568575.0,2025-05-16
415775.0,4568575.0,2025-05-16
415785.0,4568575.0,2025-05-16
415795.0,4568575.0,2025-05-16
415805.0,4568575.0,2025-05-16
415815.0,4568575.0,2025-05-16
415825.0,4568575.0,2025-05-16
415835.0,4568575.0,2025-05-16
415845.0,4568575.0,2025-05-16
415855.0,4568575.0,2025-05-16
415865.0,4568575.0,2025-05-16
415875.0,4568575.0,2025-05-16
415885.0,4568575.0,2025-05-16
415895.0,4568575.0,2025-05-16
415905.0,4568575.0,2025-05-16
415915.0,4568575.0,2025-05-16
415925.0,4568575.0,2025-05-16
415935.0,4568575.0,2025-05-16
415945.0,4568575.0,2025-05-16
415955.0,4568575.0,2025-05-16
415965.0,4568575.0,2025-05-16
415975.0,4568575.0,2025-05-16
415985.0,4568575.0,2025-05-16
415995.0,4568575.0,2025-05-16
416005.0,4568575.0,2025-05-16
416015.0,4568575.0,2025-05-16
416025.0,4568575.0,2025-05-16
416035.0,4568575.0,2025-05-16
416045.0,4568575.0,2025-05-16
416055.0,4568575.0,2025-05-16
416065.0,4568575.0,2025-05-16
416075.0,4568575.0,2025-05-16
416085.0,4568575.0,2025-05-16
416095.0,4568575.0,2025-05-16
416105.0,4568575.0,2025-05-16
416115.0,4568575.0,2025-05-16
416125.0,4568575.0,2025-05-16
416135.0,4568575.0,2025-05-16
416145.0,4568575.0,2025-05-16
416155.0,4568575.0,2025-05-16
416165.0,4568575.0,2025-05-16
416175.0,4568575.0,2025-05-16
416185.0,4568575.0,2025-05-16
416195.0,4568575.0,2025-05-16
416205.0,4568575.0,2025-05-16
416215.0,4568575.0,2025-05-16
416225.0,4568575.0,2025-05-16
416235.0,4568575.0,2025-05-16
416245.0,4568575.0,2025-05-16
416255.0,4568575.0,2025-05-16
416265.0,4568575.0,2025-05-16
416275.0,4568575.0,2025-05-16
416285.0,4568575.0,2025-05-16
416295.0,4568575.0,2025-05-16
416305.0,4568575.0,2025-05-16
416315.0,4568575.0,2025-05-16
416325.0,4568575.0,2025-05-16
416335.0,4568575.0,2025-05-16
416345.0,4568575.0,2025-05-16
416355.0,4568575.0,2025-05-16
416365.0,4568575.0,2025-05-16
416375.0,4568575.0,2025-05-16
416385.0,4568575.0,2025-05-16
416395.0,4568575.0,2025-05-16
416405.0,4568575.0,2025-05-16
416415.0,4568575.0,2025-05-16
416425.0,4568575.0,2025-05-16
416435.0,4568575.0,2025-05-16
416445.0,4568575.0,2025-05-16
416455.0,4568575.0,2025-05-16
411745.0,4568565.0,2025-05-16
411755.0,4568565.0,2025-05-16
411765.0,4568565.0,2025-05-16
411775.0,4568565.0,2025-05-16
411785.0,4568565.0,2025-05-16
411795.0,4568565.0,2025-05-16
411805.0,4568565.0,2025-05-16
411815.0,4568565.0,2025-05-16
411825.0,4568565.0,2025-05-16
411835.0,4568565.0,2025-05-16
411845.0,4568565.0,2025-05-16
411855.0,4568565.0,2025-05-16
411865.0,4568565.0,2025-05-16
411875.0,4568565.0,2025-05-16
411885.0,4568565.0,2025-05-16
411895.0,4568565.0,2025-05-16
411905.0,4568565.0,2025-05-16
411915.0,4568565.0,2025-05-16
411925.0,4568565.0,2025-05-16
411935.0,4568565.0,2025-05-16
411945.0,4568565.0,2025-05-16
411955.0,4568565.0,2025-05-16
411965.0,4568565.0,2025-05-16
411975.0,4568565.0,2025-05-16
411985.0,4568565.0,2025-05-16
411995.0,4568565.0,2025-05-16
412005.0,4568565.0,2025-05-16
412015.0,4568565.0,2025-05-16
412025.0,4568565.0,2025-05-16
412035.0,4568565.0,2025-05-16
412045.0,4568565.0,2025-05-16
412055.0,4568565.0,2025-05-16
412065.0,4568565.0,2025-05-16
412075.0,4568565.0,2025-05-16
412085.0,4568565.0,2025-05-16
412095.0,4568565.0,2025-05-16
412105.0,4568565.0,2025-05-16
412115.0,4568565.0,2025-05-16
412125.0,4568565.0,2025-05-16
412135.0,4568565.0,2025-05-16
412145.0,4568565.0,2025-05-16
412155.0,4568565.0,2025-05-16
412165.0,4568565.0,2025-05-16
412175.0,4568565.0,2025-05-16
412185.0,4568565.0,2025-05-16
412195.0,4568565.0,2025-05-16
412205.0,4568565.0,2025-05-16
412215.0,4568565.0,2025-05-16
412225.0,4568565.0,2025-05-16
412235.0,4568565.0,2025-05-16
412245.0,4568565.0,2025-05-16
412255.0,4568565.0,2025-05-16
412265.0,4568565.0,2025-05-16
412275.0,4568565.0,2025-05-16
412285.0,4568565.0,2025-05-16
412295.0,4568565.0,2025-05-16
412305.0,4568565.0,2025-05-16
412315.0,4568565.0,2025-05-16
412325.0,4568565.0,2025-05-16
412335.0,4568565.0,2025-05-16
412345.0,4568565.0,2025-05-16
412355.0,4568565.0,2025-05-16
412365.0,4568565.0,2025-05-16
412375.0,4568565.0,2025-05-16
412385.0,4568565.0,2025-05-16
412395.0,4568565.0,2025-05-16
412405.0,4568565.0,2025-05-16
412415.0,4568565.0,2025-05-16
412425.0,4568565.0,2025-05-16
412435.0,4568565.0,2025-05-16
412445.0,4568565.0,2025-05-16
412455.0,4568565.0,2025-05-16
412465.0,4568565.0,2025-05-16
412475.0,4568565.0,2025-05-16
412485.0,4568565.0,2025-05-16
412495.0,4568565.0,2025-05-16
412505.0,4568565.0,2025-05-16
412515.0,4568565.0,2025-05-16
412525.0,4568565.0,2025-05-16
412535.0,4568565.0,2025-05-16
412545.0,4568565.0,2025-05-16
412555.0,4568565.0,2025-05-16
412565.0,4568565.0,2025-05-16
412575.0,4568565.0,2025-05-16
412585.0,4568565.0,2025-05-16
412595.0,4568565.0,2025-05-16
412605.0,4568565.0,2025-05-16
412615.0,4568565.0,2025-05-16
412625.0,4568565.0,2025-05-16
412635.0,4568565.0,2025-05-16
412645.0,4568565.0,2025-05-16
412655.0,4568565.0,2025-05-16
412665.0,4568565.0,2025-05-16
412675.0,4568565.0,2025-05-16
412685.0,4568565.0,2025-05-16
412695.0,4568565.0,2025-05-16
412705.0,4568565.0,2025-05-16
412715.0,4568565.0,2025-05-16
412725.0,4568565.0,2025-05-16
412735.0,4568565.0,2025-05-16
412745.0,4568565.0,2025-05-16
412755.0,4568565.0,2025-05-16
412765.0,4568565.0,2025-05-16
412775.0,4568565.0,2025-05-16
412785.0,4568565.0,2025-05-16
412795.0,4568565.0,2025-05-16
412805.0,4568565.0,2025-05-16
412815.0,4568565.0,2025-05-16
412825.0,4568565.0,2025-05-16
412835.0,4568565.0,2025-05-16
412845.0,4568565.0,2025-05-16
412855.0,4568565.0,2025-05-16
412865.0,4568565.0,2025-05-16
412875.0,4568565.0,2025-05-16
412885.0,4568565.0,2025-05-16
412895.0,4568565.0,2025-05-16
412905.0,4568565.0,2025-05-16
412915.0,4568565.0,2025-05-16
412925.0,4568565.0,2025-05-16
412935.0,4568565.0,2025-05-16
412945.0,4568565.0,2025-05-16
412955.0,4568565.0,2025-05-16
412965.0,4568565.0,2025-05-16
412975.0,4568565.0,2025-05-16
412985.0,4568565.0,2025-05-16
412995.0,4568565.0,2025-05-16
413005.0,4568565.0,2025-05-16
413015.0,4568565.0,2025-05-16
413025.0,4568565.0,2025-05-16
413035.0,4568565.0,2025-05-16
413045.0,4568565.0,2025-05-16
413055.0,4568565.0,2025-05-16
413065.0,4568565.0,2025-05-16
413075.0,4568565.0,2025-05-16
413085.0,4568565.0,2025-05-16
413095.0,4568565.0,2025-05-16
413105.0,4568565.0,2025-05-16
413115.0,4568565.0,2025-05-16
413125.0,4568565.0,2025-05-16
413135.0,4568565.0,2025-05-16
413145.0,4568565.0,2025-05-16
413155.0,4568565.0,2025-05-16
413165.0,4568565.0,2025-05-16
413175.0,4568565.0,2025-05-16
413185.0,4568565.0,2025-05-16
413195.0,4568565.0,2025-05-16
413205.0,4568565.0,2025-05-16
413215.0,4568565.0,2025-05-16
413225.0,4568565.0,2025-05-16
413235.0,4568565.0,2025-05-16
413245.0,4568565.0,2025-05-16
413255.0,4568565.0,2025-05-16
413265.0,4568565.0,2025-05-16
413275.0,4568565.0,2025-05-16
413285.0,4568565.0,2025-05-16
413295.0,4568565.0,2025-05-16
413305.0,4568565.0,2025-05-16
413315.0,4568565.0,2025-05-16
413325.0,4568565.0,2025-05-16
413335.0,4568565.0,2025-05-16
413345.0,4568565.0,2025-05-16
413355.0,4568565.0,2025-05-16
413365.0,4568565.0,2025-05-16
413375.0,4568565.0,2025-05-16
413385.0,4568565.0,2025-05-16
413395.0,4568565.0,2025-05-16
413405.0,4568565.0,2025-05-16
413415.0,4568565.0,2025-05-16
413425.0,4568565.0,2025-05-16
413435.0,4568565.0,2025-05-16
413445.0,4568565.0,2025-05-16
413455.0,4568565.0,2025-05-16
413465.0,4568565.0,2025-05-16
413475.0,4568565.0,2025-05-16
413485.0,4568565.0,2025-05-16
413495.0,4568565.0,2025-05-16
413505.0,4568565.0,2025-05-16
413515.0,4568565.0,2025-05-16
413525.0,4568565.0,2025-05-16
413535.0,4568565.0,2025-05-16
413545.0,4568565.0,2025-05-16
413555.0,4568565.0,2025-05-16
413565.0,4568565.0,2025-05-16
413575.0,4568565.0,2025-05-16
413585.0,4568565.0,2025-05-16
413595.0,4568565.0,2025-05-16
413605.0,4568565.0,2025-05-16
413615.0,4568565.0,2025-05-16
413625.0,4568565.0,2025-05-16
413635.0,4568565.0,2025-05-16
413645.0,4568565.0,2025-05-16
413655.0,4568565.0,2025-05-16
413665.0,4568565.0,2025-05-16
413675.0,4568565.0,2025-05-16
413685.0,4568565.0,2025-05-16
413695.0,4568565.0,2025-05-16
413705.0,4568565.0,2025-05-16
413715.0,4568565.0,2025-05-16
413725.0,4568565.0,2025-05-16
413735.0,4568565.0,2025-05-16
413745.0,4568565.0,2025-05-16
413755.0,4568565.0,2025-05-16
413765.0,4568565.0,2025-05-16
413775.0,4568565.0,2025-05-16
413785.0,4568565.0,2025-05-16
413795.0,4568565.0,2025-05-16
413805.0,4568565.0,2025-05-16
413815.0,4568565.0,2025-05-16
413825.0,4568565.0,2025-05-16
413835.0,4568565.0,2025-05-16
413845.0,4568565.0,2025-05-16
413855.0,4568565.0,2025-05-16
413865.0,4568565.0,2025-05-16
413875.0,4568565.0,2025-05-16
413885.0,4568565.0,2025-05-16
413895.0,4568565.0,2025-05-16
413905.0,4568565.0,2025-05-16
413915.0,4568565.0,2025-05-16
413925.0,4568565.0,2025-05-16
413935.0,4568565.0,2025-05-16
413945.0,4568565.0,2025-05-16
413955.0,4568565.0,2025-05-16
413965.0,4568565.0,2025-05-16
413975.0,4568565.0,2025-05-16
413985.0,4568565.0,2025-05-16
413995.0,4568565.0,2025-05-16
414005.0,4568565.0,2025-05-16
414015.0,4568565.0,2025-05-16
414025.0,4568565.0,2025-05-16
414035.0,4568565.0,2025-05-16
414045.0,4568565.0,2025-05-16
414055.0,4568565.0,2025-05-16
414065.0,4568565.0,2025-05-16
414075.0,4568565.0,2025-05-16
414085.0,4568565.0,2025-05-16
414095.0,4568565.0,2025-05-16
414105.0,4568565.0,2025-05-16
414115.0,4568565.0,2025-05-16
414125.0,4568565.0,2025-05-16
414135.0,4568565.0,2025-05-16
414145.0,4568565.0,2025-05-16
414155.0,4568565.0,2025-05-16
414165.0,4568565.0,2025-05-16
414175.0,4568565.0,2025-05-16
414185.0,4568565.0,2025-05-16
414195.0,4568565.0,2025-05-16
414205.0,4568565.0,2025-05-16
414215.0,4568565.0,2025-05-16
414225.0,4568565.0,2025-05-16
414235.0,4568565.0,2025-05-16
414245.0,4568565.0,2025-05-16
414255.0,4568565.0,2025-05-16
414265.0,4568565.0,2025-05-16
414275.0,4568565.0,2025-05-16
414285.0,4568565.0,2025-05-16
414295.0,4568565.0,2025-05-16
414305.0,4568565.0,2025-05-16
414315.0,4568565.0,2025-05-16
414325.0,4568565.0,2025-05-16
414335.0,4568565.0,2025-05-16
414345.0,4568565.0,2025-05-16
414355.0,4568565.0,2025-05-16
414365.0,4568565.0,2025-05-16
414375.0,4568565.0,2025-05-16
414385.0,4568565.0,2025-05-16
414395.0,4568565.0,2025-05-16
414405.0,4568565.0,2025-05-16
414415.0,4568565.0,2025-05-16
414425.0,4568565.0,2025-05-16
414435.0,4568565.0,2025-05-16
414445.0,4568565.0,2025-05-16
414455.0,4568565.0,2025-05-16
414465.0,4568565.0,2025-05-16
414475.0,4568565.0,2025-05-16
414485.0,4568565.0,2025-05-16
414495.0,4568565.0,2025-05-16
414505.0,4568565.0,2025-05-16
414515.0,4568565.0,2025-05-16
414525.0,4568565.0,2025-05-16
414535.0,4568565.0,2025-05-16
414545.0,4568565.0,2025-05-16
414555.0,4568565.0,2025-05-16
414565.0,4568565.0,2025-05-16
414575.0,4568565.0,2025-05-16
414585.0,4568565.0,2025-05-16
414595.0,4568565.0,2025-05-16
414605.0,4568565.0,2025-05-16
414615.0,4568565.0,2025-05-16
414625.0,4568565.0,2025-05-16
414635.0,4568565.0,2025-05-16
414645.0,4568565.0,2025-05-16
414655.0,4568565.0,2025-05-16
414665.0,4568565.0,2025-05-16
414675.0,4568565.0,2025-05-16
414685.0,4568565.0,2025-05-16
414695.0,4568565.0,2025-05-16
414705.0,4568565.0,2025-05-16
414715.0,4568565.0,2025-05-16
414725.0,4568565.0,2025-05-16
414735.0,4568565.0,2025-05-16
414745.0,4568565.0,2025-05-16
414755.0,4568565.0,2025-05-16
414765.0,4568565.0,2025-05-16
414775.0,4568565.0,2025-05-16
414785.0,4568565.0,2025-05-16
414795.0,4568565.0,2025-05-16
414805.0,4568565.0,2025-05-16
414815.0,4568565.0,2025-05-16
414825.0,4568565.0,2025-05-16
414835.0,4568565.0,2025-05-16
414845.0,4568565.0,2025-05-16
414855.0,4568565.0,2025-05-16
414865.0,4568565.0,2025-05-16
414875.0,4568565.0,2025-05-16
414885.0,4568565.0,2025-05-16
414895.0,4568565.0,2025-05-16
414905.0,4568565.0,2025-05-16
414915.0,4568565.0,2025-05-16
414925.0,4568565.0,2025-05-16
414935.0,4568565.0,2025-05-16
414945.0,4568565.0,2025-05-16
414955.0,4568565.0,2025-05-16
414965.0,4568565.0,2025-05-16
414975.0,4568565.0,2025-05-16
414985.0,4568565.0,2025-05-16
414995.0,4568565.0,2025-05-16
415005.0,4568565.0,2025-05-16
415015.0,4568565.0,2025-05-16
415025.0,4568565.0,2025-05-16
415035.0,4568565.0,2025-05-16
415045.0,4568565.0,2025-05-16
415055.0,4568565.0,2025-05-16
415065.0,4568565.0,2025-05-16
415075.0,4568565.0,2025-05-16
415085.0,4568565.0,2025-05-16
415095.0,4568565.0,2025-05-16
415105.0,4568565.0,2025-05-16
415115.0,4568565.0,2025-05-16
415125.0,4568565.0,2025-05-16
415135.0,4568565.0,2025-05-16
415145.0,4568565.0,2025-05-16
415155.0,4568565.0,2025-05-16
415165.0,4568565.0,2025-05-16
415175.0,4568565.0,2025-05-16
415185.0,4568565.0,2025-05-16
415195.0,4568565.0,2025-05-16
415205.0,4568565.0,2025-05-16
415215.0,4568565.0,2025-05-16
415225.0,4568565.0,2025-05-16
415235.0,4568565.0,2025-05-16
415245.0,4568565.0,2025-05-16
415255.0,4568565.0,2025-05-16
415265.0,4568565.0,2025-05-16
415275.0,4568565.0,2025-05-16
415285.0,4568565.0,2025-05-16
415295.0,4568565.0,2025-05-16
415305.0,4568565.0,2025-05-16
415315.0,4568565.0,2025-05-16
415325.0,4568565.0,2025-05-16
415335.0,4568565.0,2025-05-16
415345.0,4568565.0,2025-05-16
415355.0,4568565.0,2025-05-16
415365.0,4568565.0,2025-05-16
415375.0,4568565.0,2025-05-16
415385.0,4568565.0,2025-05-16
415395.0,4568565.0,2025-05-16
415405.0,4568565.0,2025-05-16
415415.0,4568565.0,2025-05-16
415425.0,4568565.0,2025-05-16
415435.0,4568565.0,2025-05-16
415445.0,4568565.0,2025-05-16
415455.0,4568565.0,2025-05-16
415465.0,4568565.0,2025-05-16
415475.0,4568565.0,2025-05-16
415485.0,4568565.0,2025-05-16
415495.0,4568565.0,2025-05-16
415505.0,4568565.0,2025-05-16
415515.0,4568565.0,2025-05-16
415525.0,4568565.0,2025-05-16
415535.0,4568565.0,2025-05-16
415545.0,4568565.0,2025-05-16
415555.0,4568565.0,2025-05-16
415565.0,4568565.0,2025-05-16
415575.0,4568565.0,2025-05-16
415585.0,4568565.0,2025-05-16
415595.0,4568565.0,2025-05-16
415605.0,4568565.0,2025-05-16
415615.0,4568565.0,2025-05-16
415625.0,4568565.0,2025-05-16
415635.0,4568565.0,2025-05-16
415645.0,4568565.0,2025-05-16
415655.0,4568565.0,2025-05-16
415665.0,4568565.0,2025-05-16
415675.0,4568565.0,2025-05-16
415685.0,4568565.0,2025-05-16
415695.0,4568565.0,2025-05-16
415705.0,4568565.0,2025-05-16
415715.0,4568565.0,2025-05-16
415725.0,4568565.0,2025-05-16
415735.0,4568565.0,2025-05-16
415745.0,4568565.0,2025-05-16
415755.0,4568565.0,2025-05-16
415765.0,4568565.0,2025-05-16
415775.0,4568565.0,2025-05-16
415785.0,4568565.0,2025-05-16
415795.0,4568565.0,2025-05-16
415805.0,4568565.0,2025-05-16
415815.0,4568565.0,2025-05-16
415825.0,4568565.0,2025-05-16
415835.0,4568565.0,2025-05-16
415845.0,4568565.0,2025-05-16
415855.0,4568565.0,2025-05-16
415865.0,4568565.0,2025-05-16
415875.0,4568565.0,2025-05-16
415885.0,4568565.0,2025-05-16
415895.0,4568565.0,2025-05-16
415905.0,4568565.0,2025-05-16
415915.0,4568565.0,2025-05-16
415925.0,4568565.0,2025-05-16
415935.0,4568565.0,2025-05-16
415945.0,4568565.0,2025-05-16
415955.0,4568565.0,2025-05-16
415965.0,4568565.0,2025-05-16
415975.0,4568565.0,2025-05-16
415985.0,4568565.0,2025-05-16
415995.0,4568565.0,2025-05-16
416005.0,4568565.0,2025-05-16
416015.0,4568565.0,2025-05-16
416025.0,4568565.0,2025-05-16
416035.0,4568565.0,2025-05-16
416045.0,4568565.0,2025-05-16
416055.0,4568565.0,2025-05-16
416065.0,4568565.0,2025-05-16
416075.0,4568565.0,2025-05-16
416085.0,4568565.0,2025-05-16
416095.0,4568565.0,2025-05-16
416105.0,4568565.0,2025-05-16
416115.0,4568565.0,2025-05-16
416125.0,4568565.0,2025-05-16
416135.0,4568565.0,2025-05-16
416145.0,4568565.0,2025-05-16
416155.0,4568565.0,2025-05-16
416165.0,4568565.0,2025-05-16
416175.0,4568565.0,2025-05-16
416185.0,4568565.0,2025-05-16
416195.0,4568565.0,2025-05-16
416205.0,4568565.0,2025-05-16
416215.0,4568565.0,2025-05-16
416225.0,4568565.0,2025-05-16
416235.0,4568565.0,2025-05-16
416245.0,4568565.0,2025-05-16
416255.0,4568565.0,2025-05-16
416265.0,4568565.0,2025-05-16
416275.0,4568565.0,2025-05-16
416285.0,4568565.0,2025-05-16
416295.0,4568565.0,2025-05-16
416305.0,4568565.0,2025-05-16
416315.0,4568565.0,2025-05-16
416325.0,4568565.0,2025-05-16
416335.0,4568565.0,2025-05-16
416345.0,4568565.0,2025-05-16
416355.0,4568565.0,2025-05-16
416365.0,4568565.0,2025-05-16
416375.0,4568565.0,2025-05-16
416385.0,4568565.0,2025-05-16
416395.0,4568565.0,2025-05-16
416405.0,4568565.0,2025-05-16
416415.0,4568565.0,2025-05-16
416425.0,4568565.0,2025-05-16
416435.0,4568565.0,2025-05-16
416445.0,4568565.0,2025-05-16
416455.0,4568565.0,2025-05-16
411745.0,4568555.0,2025-05-16
411755.0,4568555.0,2025-05-16
411765.0,4568555.0,2025-05-16
411775.0,4568555.0,2025-05-16
411785.0,4568555.0,2025-05-16
411795.0,4568555.0,2025-05-16
411805.0,4568555.0,2025-05-16
411815.0,4568555.0,2025-05-16
411825.0,4568555.0,2025-05-16
411835.0,4568555.0,2025-05-16
411845.0,4568555.0,2025-05-16
411855.0,4568555.0,2025-05-16
411865.0,4568555.0,2025-05-16
411875.0,4568555.0,2025-05-16
411885.0,4568555.0,2025-05-16
411895.0,4568555.0,2025-05-16
411905.0,4568555.0,2025-05-16
411915.0,4568555.0,2025-05-16
411925.0,4568555.0,2025-05-16
411935.0,4568555.0,2025-05-16
411945.0,4568555.0,2025-05-16
411955.0,4568555.0,2025-05-16
411965.0,4568555.0,2025-05-16
411975.0,4568555.0,2025-05-16
411985.0,4568555.0,2025-05-16
411995.0,4568555.0,2025-05-16
412005.0,4568555.0,2025-05-16
412015.0,4568555.0,2025-05-16
412025.0,4568555.0,2025-05-16
412035.0,4568555.0,2025-05-16
412045.0,4568555.0,2025-05-16
412055.0,4568555.0,2025-05-16
412065.0,4568555.0,2025-05-16
412075.0,4568555.0,2025-05-16
412085.0,4568555.0,2025-05-16
412095.0,4568555.0,2025-05-16
412105.0,4568555.0,2025-05-16
412115.0,4568555.0,2025-05-16
412125.0,4568555.0,2025-05-16
412135.0,4568555.0,2025-05-16
412145.0,4568555.0,2025-05-16
412155.0,4568555.0,2025-05-16
412165.0,4568555.0,2025-05-16
412175.0,4568555.0,2025-05-16
412185.0,4568555.0,2025-05-16
412195.0,4568555.0,2025-05-16
412205.0,4568555.0,2025-05-16
412215.0,4568555.0,2025-05-16
412225.0,4568555.0,2025-05-16
412235.0,4568555.0,2025-05-16
412245.0,4568555.0,2025-05-16
412255.0,4568555.0,2025-05-16
412265.0,4568555.0,2025-05-16
412275.0,4568555.0,2025-05-16
412285.0,4568555.0,2025-05-16
412295.0,4568555.0,2025-05-16
412305.0,4568555.0,2025-05-16
412315.0,4568555.0,2025-05-16
412325.0,4568555.0,2025-05-16
412335.0,4568555.0,2025-05-16
412345.0,4568555.0,2025-05-16
412355.0,4568555.0,2025-05-16
412365.0,4568555.0,2025-05-16
412375.0,4568555.0,2025-05-16
412385.0,4568555.0,2025-05-16
412395.0,4568555.0,2025-05-16
412405.0,4568555.0,2025-05-16
412415.0,4568555.0,2025-05-16
412425.0,4568555.0,2025-05-16
412435.0,4568555.0,2025-05-16
412445.0,4568555.0,2025-05-16
412455.0,4568555.0,2025-05-16
412465.0,4568555.0,2025-05-16
412475.0,4568555.0,2025-05-16
412485.0,4568555.0,2025-05-16
412495.0,4568555.0,2025-05-16
412505.0,4568555.0,2025-05-16
412515.0,4568555.0,2025-05-16
412525.0,4568555.0,2025-05-16
412535.0,4568555.0,2025-05-16
412545.0,4568555.0,2025-05-16
412555.0,4568555.0,2025-05-16
412565.0,4568555.0,2025-05-16
412575.0,4568555.0,2025-05-16
412585.0,4568555.0,2025-05-16
412595.0,4568555.0,2025-05-16
412605.0,4568555.0,2025-05-16
412615.0,4568555.0,2025-05-16
412625.0,4568555.0,2025-05-16
412635.0,4568555.0,2025-05-16
412645.0,4568555.0,2025-05-16
412655.0,4568555.0,2025-05-16
412665.0,4568555.0,2025-05-16
412675.0,4568555.0,2025-05-16
412685.0,4568555.0,2025-05-16
412695.0,4568555.0,2025-05-16
412705.0,4568555.0,2025-05-16
412715.0,4568555.0,2025-05-16
412725.0,4568555.0,2025-05-16
412735.0,4568555.0,2025-05-16
412745.0,4568555.0,2025-05-16
412755.0,4568555.0,2025-05-16
412765.0,4568555.0,2025-05-16
412775.0,4568555.0,2025-05-16
412785.0,4568555.0,2025-05-16
412795.0,4568555.0,2025-05-16
412805.0,4568555.0,2025-05-16
412815.0,4568555.0,2025-05-16
412825.0,4568555.0,2025-05-16
412835.0,4568555.0,2025-05-16
412845.0,4568555.0,2025-05-16
412855.0,4568555.0,2025-05-16
412865.0,4568555.0,2025-05-16
412875.0,4568555.0,2025-05-16
412885.0,4568555.0,2025-05-16
412895.0,4568555.0,2025-05-16
412905.0,4568555.0,2025-05-16
412915.0,4568555.0,2025-05-16
412925.0,4568555.0,2025-05-16
412935.0,4568555.0,2025-05-16
412945.0,4568555.0,2025-05-16
412955.0,4568555.0,2025-05-16
412965.0,4568555.0,2025-05-16
412975.0,4568555.0,2025-05-16
412985.0,4568555.0,2025-05-16
412995.0,4568555.0,2025-05-16
413005.0,4568555.0,2025-05-16
413015.0,4568555.0,2025-05-16
413025.0,4568555.0,2025-05-16
413035.0,4568555.0,2025-05-16
413045.0,4568555.0,2025-05-16
413055.0,4568555.0,2025-05-16
413065.0,4568555.0,2025-05-16
413075.0,4568555.0,2025-05-16
413085.0,4568555.0,2025-05-16
413095.0,4568555.0,2025-05-16
413105.0,4568555.0,2025-05-16
413115.0,4568555.0,2025-05-16
413125.0,4568555.0,2025-05-16
413135.0,4568555.0,2025-05-16
413145.0,4568555.0,2025-05-16
413155.0,4568555.0,2025-05-16
413165.0,4568555.0,2025-05-16
413175.0,4568555.0,2025-05-16
413185.0,4568555.0,2025-05-16
413195.0,4568555.0,2025-05-16
413205.0,4568555.0,2025-05-16
413215.0,4568555.0,2025-05-16
413225.0,4568555.0,2025-05-16
413235.0,4568555.0,2025-05-16
413245.0,4568555.0,2025-05-16
413255.0,4568555.0,2025-05-16
413265.0,4568555.0,2025-05-16
413275.0,4568555.0,2025-05-16
413285.0,4568555.0,2025-05-16
413295.0,4568555.0,2025-05-16
413305.0,4568555.0,2025-05-16
413315.0,4568555.0,2025-05-16
413325.0,4568555.0,2025-05-16
413335.0,4568555.0,2025-05-16
413345.0,4568555.0,2025-05-16
413355.0,4568555.0,2025-05-16
413365.0,4568555.0,2025-05-16
413375.0,4568555.0,2025-05-16
413385.0,4568555.0,2025-05-16
413395.0,4568555.0,2025-05-16
413405.0,4568555.0,2025-05-16
413415.0,4568555.0,2025-05-16
413425.0,4568555.0,2025-05-16
413435.0,4568555.0,2025-05-16
413445.0,4568555.0,2025-05-16
413455.0,4568555.0,2025-05-16
413465.0,4568555.0,2025-05-16
413475.0,4568555.0,2025-05-16
413485.0,4568555.0,2025-05-16
413495.0,4568555.0,2025-05-16
413505.0,4568555.0,2025-05-16
413515.0,4568555.0,2025-05-16
413525.0,4568555.0,2025-05-16
413535.0,4568555.0,2025-05-16
413545.0,4568555.0,2025-05-16
413555.0,4568555.0,2025-05-16
413565.0,4568555.0,2025-05-16
413575.0,4568555.0,2025-05-16
413585.0,4568555.0,2025-05-16
413595.0,4568555.0,2025-05-16
413605.0,4568555.0,2025-05-16
413615.0,4568555.0,2025-05-16
413625.0,4568555.0,2025-05-16
413635.0,4568555.0,2025-05-16
413645.0,4568555.0,2025-05-16
413655.0,4568555.0,2025-05-16
413665.0,4568555.0,2025-05-16
413675.0,4568555.0,2025-05-16
413685.0,4568555.0,2025-05-16
413695.0,4568555.0,2025-05-16
413705.0,4568555.0,2025-05-16
413715.0,4568555.0,2025-05-16
413725.0,4568555.0,2025-05-16
413735.0,4568555.0,2025-05-16
413745.0,4568555.0,2025-05-16
413755.0,4568555.0,2025-05-16
413765.0,4568555.0,2025-05-16
413775.0,4568555.0,2025-05-16
413785.0,4568555.0,2025-05-16
413795.0,4568555.0,2025-05-16
413805.0,4568555.0,2025-05-16
413815.0,4568555.0,2025-05-16
413825.0,4568555.0,2025-05-16
413835.0,4568555.0,2025-05-16
413845.0,4568555.0,2025-05-16
413855.0,4568555.0,2025-05-16
413865.0,4568555.0,2025-05-16
413875.0,4568555.0,2025-05-16
413885.0,4568555.0,2025-05-16
413895.0,4568555.0,2025-05-16
413905.0,4568555.0,2025-05-16
413915.0,4568555.0,2025-05-16
413925.0,4568555.0,2025-05-16
413935.0,4568555.0,2025-05-16
413945.0,4568555.0,2025-05-16
413955.0,4568555.0,2025-05-16
413965.0,4568555.0,2025-05-16
413975.0,4568555.0,2025-05-16
413985.0,4568555.0,2025-05-16
413995.0,4568555.0,2025-05-16
414005.0,4568555.0,2025-05-16
414015.0,4568555.0,2025-05-16
414025.0,4568555.0,2025-05-16
414035.0,4568555.0,2025-05-16
414045.0,4568555.0,2025-05-16
414055.0,4568555.0,2025-05-16
414065.0,4568555.0,2025-05-16
414075.0,4568555.0,2025-05-16
414085.0,4568555.0,2025-05-16
414095.0,4568555.0,2025-05-16
414105.0,4568555.0,2025-05-16
414115.0,4568555.0,2025-05-16
414125.0,4568555.0,2025-05-16
414135.0,4568555.0,2025-05-16
414145.0,4568555.0,2025-05-16
414155.0,4568555.0,2025-05-16
414165.0,4568555.0,2025-05-16
414175.0,4568555.0,2025-05-16
414185.0,4568555.0,2025-05-16
414195.0,4568555.0,2025-05-16
414205.0,4568555.0,2025-05-16
414215.0,4568555.0,2025-05-16
414225.0,4568555.0,2025-05-16
414235.0,4568555.0,2025-05-16
414245.0,4568555.0,2025-05-16
414255.0,4568555.0,2025-05-16
414265.0,4568555.0,2025-05-16
414275.0,4568555.0,2025-05-16
414285.0,4568555.0,2025-05-16
414295.0,4568555.0,2025-05-16
414305.0,4568555.0,2025-05-16
414315.0,4568555.0,2025-05-16
414325.0,4568555.0,2025-05-16
414335.0,4568555.0,2025-05-16
414345.0,4568555.0,2025-05-16
414355.0,4568555.0,2025-05-16
414365.0,4568555.0,2025-05-16
414375.0,4568555.0,2025-05-16
414385.0,4568555.0,2025-05-16
414395.0,4568555.0,2025-05-16
414405.0,4568555.0,2025-05-16
414415.0,4568555.0,2025-05-16
414425.0,4568555.0,2025-05-16
414435.0,4568555.0,2025-05-16
414445.0,4568555.0,2025-05-16
414455.0,4568555.0,2025-05-16
414465.0,4568555.0,2025-05-16
414475.0,4568555.0,2025-05-16
414485.0,4568555.0,2025-05-16
414495.0,4568555.0,2025-05-16
414505.0,4568555.0,2025-05-16
414515.0,4568555.0,2025-05-16
414525.0,4568555.0,2025-05-16
414535.0,4568555.0,2025-05-16
414545.0,4568555.0,2025-05-16
414555.0,4568555.0,2025-05-16
414565.0,4568555.0,2025-05-16
414575.0,4568555.0,2025-05-16
414585.0,4568555.0,2025-05-16
414595.0,4568555.0,2025-05-16
414605.0,4568555.0,2025-05-16
414615.0,4568555.0,2025-05-16
414625.0,4568555.0,2025-05-16
414635.0,4568555.0,2025-05-16
414645.0,4568555.0,2025-05-16
414655.0,4568555.0,2025-05-16
414665.0,4568555.0,2025-05-16
414675.0,4568555.0,2025-05-16
414685.0,4568555.0,2025-05-16
414695.0,4568555.0,2025-05-16
414705.0,4568555.0,2025-05-16
414715.0,4568555.0,2025-05-16
414725.0,4568555.0,2025-05-16
414735.0,4568555.0,2025-05-16
414745.0,4568555.0,2025-05-16
414755.0,4568555.0,2025-05-16
414765.0,4568555.0,2025-05-16
414775.0,4568555.0,2025-05-16
414785.0,4568555.0,2025-05-16
414795.0,4568555.0,2025-05-16
414805.0,4568555.0,2025-05-16
414815.0,4568555.0,2025-05-16
414825.0,4568555.0,2025-05-16
414835.0,4568555.0,2025-05-16
414845.0,4568555.0,2025-05-16
414855.0,4568555.0,2025-05-16
414865.0,4568555.0,2025-05-16
414875.0,4568555.0,2025-05-16
414885.0,4568555.0,2025-05-16
414895.0,4568555.0,2025-05-16
414905.0,4568555.0,2025-05-16
414915.0,4568555.0,2025-05-16
414925.0,4568555.0,2025-05-16
414935.0,4568555.0,2025-05-16
414945.0,4568555.0,2025-05-16
414955.0,4568555.0,2025-05-16
414965.0,4568555.0,2025-05-16
414975.0,4568555.0,2025-05-16
414985.0,4568555.0,2025-05-16
414995.0,4568555.0,2025-05-16
415005.0,4568555.0,2025-05-16
415015.0,4568555.0,2025-05-16
415025.0,4568555.0,2025-05-16
415035.0,4568555.0,2025-05-16
415045.0,4568555.0,2025-05-16
415055.0,4568555.0,2025-05-16
415065.0,4568555.0,2025-05-16
415075.0,4568555.0,2025-05-16
415085.0,4568555.0,2025-05-16
415095.0,4568555.0,2025-05-16
415105.0,4568555.0,2025-05-16
415115.0,4568555.0,2025-05-16
415125.0,4568555.0,2025-05-16
415135.0,4568555.0,2025-05-16
415145.0,4568555.0,2025-05-16
415155.0,4568555.0,2025-05-16
415165.0,4568555.0,2025-05-16
415175.0,4568555.0,2025-05-16
415185.0,4568555.0,2025-05-16
415195.0,4568555.0,2025-05-16
415205.0,4568555.0,2025-05-16
415215.0,4568555.0,2025-05-16
415225.0,4568555.0,2025-05-16
415235.0,4568555.0,2025-05-16
415245.0,4568555.0,2025-05-16
415255.0,4568555.0,2025-05-16
415265.0,4568555.0,2025-05-16
415275.0,4568555.0,2025-05-16
415285.0,4568555.0,2025-05-16
415295.0,4568555.0,2025-05-16
415305.0,4568555.0,2025-05-16
415315.0,4568555.0,2025-05-16
415325.0,4568555.0,2025-05-16
415335.0,4568555.0,2025-05-16
415345.0,4568555.0,2025-05-16
415355.0,4568555.0,2025-05-16
415365.0,4568555.0,2025-05-16
415375.0,4568555.0,2025-05-16
415385.0,4568555.0,2025-05-16
415395.0,4568555.0,2025-05-16
415405.0,4568555.0,2025-05-16
415415.0,4568555.0,2025-05-16
415425.0,4568555.0,2025-05-16
415435.0,4568555.0,2025-05-16
415445.0,4568555.0,2025-05-16
415455.0,4568555.0,2025-05-16
415465.0,4568555.0,2025-05-16
415475.0,4568555.0,2025-05-16
415485.0,4568555.0,2025-05-16
415495.0,4568555.0,2025-05-16
415505.0,4568555.0,2025-05-16
415515.0,4568555.0,2025-05-16
415525.0,4568555.0,2025-05-16
415535.0,4568555.0,2025-05-16
415545.0,4568555.0,2025-05-16
415555.0,4568555.0,2025-05-16
415565.0,4568555.0,2025-05-16
415575.0,4568555.0,2025-05-16
415585.0,4568555.0,2025-05-16
415595.0,4568555.0,2025-05-16
415605.0,4568555.0,2025-05-16
415615.0,4568555.0,2025-05-16
415625.0,4568555.0,2025-05-16
415635.0,4568555.0,2025-05-16
415645.0,4568555.0,2025-05-16
415655.0,4568555.0,2025-05-16
415665.0,4568555.0,2025-05-16
415675.0,4568555.0,2025-05-16
415685.0,4568555.0,2025-05-16
415695.0,4568555.0,2025-05-16
415705.0,4568555.0,2025-05-16
415715.0,4568555.0,2025-05-16
415725.0,4568555.0,2025-05-16
415735.0,4568555.0,2025-05-16
415745.0,4568555.0,2025-05-16
415755.0,4568555.0,2025-05-16
415765.0,4568555.0,2025-05-16
415775.0,4568555.0,2025-05-16
415785.0,4568555.0,2025-05-16
415795.0,4568555.0,2025-05-16
415805.0,4568555.0,2025-05-16
415815.0,4568555.0,2025-05-16
415825.0,4568555.0,2025-05-16
415835.0,4568555.0,2025-05-16
415845.0,4568555.0,2025-05-16
415855.0,4568555.0,2025-05-16
415865.0,4568555.0,2025-05-16
415875.0,4568555.0,2025-05-16
415885.0,4568555.0,2025-05-16
415895.0,4568555.0,2025-05-16
415905.0,4568555.0,2025-05-16
415915.0,4568555.0,2025-05-16
415925.0,4568555.0,2025-05-16
415935.0,4568555.0,2025-05-16
415945.0,4568555.0,2025-05-16
415955.0,4568555.0,2025-05-16
415965.0,4568555.0,2025-05-16
415975.0,4568555.0,2025-05-16
415985.0,4568555.0,2025-05-16
415995.0,4568555.0,2025-05-16
416005.0,4568555.0,2025-05-16
416015.0,4568555.0,2025-05-16
416025.0,4568555.0,2025-05-16
416035.0,4568555.0,2025-05-16
416045.0,4568555.0,2025-05-16
416055.0,4568555.0,2025-05-16
416065.0,4568555.0,2025-05-16
416075.0,4568555.0,2025-05-16
416085.0,4568555.0,2025-05-16
416095.0,4568555.0,2025-05-16
416105.0,4568555.0,2025-05-16
416115.0,4568555.0,2025-05-16
416125.0,4568555.0,2025-05-16
416135.0,4568555.0,2025-05-16
416145.0,4568555.0,2025-05-16
416155.0,4568555.0,2025-05-16
416165.0,4568555.0,2025-05-16
416175.0,4568555.0,2025-05-16
416185.0,4568555.0,2025-05-16
416195.0,4568555.0,2025-05-16
416205.0,4568555.0,2025-05-16
416215.0,4568555.0,2025-05-16
416225.0,4568555.0,2025-05-16
416235.0,4568555.0,2025-05-16
416245.0,4568555.0,2025-05-16
416255.0,4568555.0,2025-05-16
416265.0,4568555.0,2025-05-16
416275.0,4568555.0,2025-05-16
416285.0,4568555.0,2025-05-16
416295.0,4568555.0,2025-05-16
416305.0,4568555.0,2025-05-16
416315.0,4568555.0,2025-05-16
416325.0,4568555.0,2025-05-16
416335.0,4568555.0,2025-05-16
416345.0,4568555.0,2025-05-16
416355.0,4568555.0,2025-05-16
416365.0,4568555.0,2025-05-16
416375.0,4568555.0,2025-05-16
416385.0,4568555.0,2025-05-16
416395.0,4568555.0,2025-05-16
416405.0,4568555.0,2025-05-16
416415.0,4568555.0,2025-05-16
416425.0,4568555.0,2025-05-16
416435.0,4568555.0,2025-05-16
416445.0,4568555.0,2025-05-16
416455.0,4568555.0,2025-05-16
411745.0,4568545.0,2025-05-16
411755.0,4568545.0,2025-05-16
411765.0,4568545.0,2025-05-16
411775.0,4568545.0,2025-05-16
411785.0,4568545.0,2025-05-16
411795.0,4568545.0,2025-05-16
411805.0,4568545.0,2025-05-16
411815.0,4568545.0,2025-05-16
411825.0,4568545.0,2025-05-16
411835.0,4568545.0,2025-05-16
411845.0,4568545.0,2025-05-16
411855.0,4568545.0,2025-05-16
411865.0,4568545.0,2025-05-16
411875.0,4568545.0,2025-05-16
411885.0,4568545.0,2025-05-16
411895.0,4568545.0,2025-05-16
411905.0,4568545.0,2025-05-16
411915.0,4568545.0,2025-05-16
411925.0,4568545.0,2025-05-16
411935.0,4568545.0,2025-05-16
411945.0,4568545.0,2025-05-16
411955.0,4568545.0,2025-05-16
411965.0,4568545.0,2025-05-16
411975.0,4568545.0,2025-05-16
411985.0,4568545.0,2025-05-16
411995.0,4568545.0,2025-05-16
412005.0,4568545.0,2025-05-16
412015.0,4568545.0,2025-05-16
412025.0,4568545.0,2025-05-16
412035.0,4568545.0,2025-05-16
412045.0,4568545.0,2025-05-16
412055.0,4568545.0,2025-05-16
412065.0,4568545.0,2025-05-16
412075.0,4568545.0,2025-05-16
412085.0,4568545.0,2025-05-16
412095.0,4568545.0,2025-05-16
412105.0,4568545.0,2025-05-16
412115.0,4568545.0,2025-05-16
412125.0,4568545.0,2025-05-16
412135.0,4568545.0,2025-05-16
412145.0,4568545.0,2025-05-16
412155.0,4568545.0,2025-05-16
412165.0,4568545.0,2025-05-16
412175.0,4568545.0,2025-05-16
412185.0,4568545.0,2025-05-16
412195.0,4568545.0,2025-05-16
412205.0,4568545.0,2025-05-16
412215.0,4568545.0,2025-05-16
412225.0,4568545.0,2025-05-16
412235.0,4568545.0,2025-05-16
412245.0,4568545.0,2025-05-16
412255.0,4568545.0,2025-05-16
412265.0,4568545.0,2025-05-16
412275.0,4568545.0,2025-05-16
412285.0,4568545.0,2025-05-16
412295.0,4568545.0,2025-05-16
412305.0,4568545.0,2025-05-16
412315.0,4568545.0,2025-05-16
412325.0,4568545.0,2025-05-16
412335.0,4568545.0,2025-05-16
412345.0,4568545.0,2025-05-16
412355.0,4568545.0,2025-05-16
412365.0,4568545.0,2025-05-16
412375.0,4568545.0,2025-05-16
412385.0,4568545.0,2025-05-16
412395.0,4568545.0,2025-05-16
412405.0,4568545.0,2025-05-16
412415.0,4568545.0,2025-05-16
412425.0,4568545.0,2025-05-16
412435.0,4568545.0,2025-05-16
412445.0,4568545.0,2025-05-16
412455.0,4568545.0,2025-05-16
412465.0,4568545.0,2025-05-16
412475.0,4568545.0,2025-05-16
412485.0,4568545.0,2025-05-16
412495.0,4568545.0,2025-05-16
412505.0,4568545.0,2025-05-16
412515.0,4568545.0,2025-05-16
412525.0,4568545.0,2025-05-16
412535.0,4568545.0,2025-05-16
412545.0,4568545.0,2025-05-16
412555.0,4568545.0,2025-05-16
412565.0,4568545.0,2025-05-16
412575.0,4568545.0,2025-05-16
412585.0,4568545.0,2025-05-16
412595.0,4568545.0,2025-05-16
412605.0,4568545.0,2025-05-16
412615.0,4568545.0,2025-05-16
412625.0,4568545.0,2025-05-16
412635.0,4568545.0,2025-05-16
412645.0,4568545.0,2025-05-16
412655.0,4568545.0,2025-05-16
412665.0,4568545.0,2025-05-16
412675.0,4568545.0,2025-05-16
412685.0,4568545.0,2025-05-16
412695.0,4568545.0,2025-05-16
412705.0,4568545.0,2025-05-16
412715.0,4568545.0,2025-05-16
412725.0,4568545.0,2025-05-16
412735.0,4568545.0,2025-05-16
412745.0,4568545.0,2025-05-16
412755.0,4568545.0,2025-05-16
412765.0,4568545.0,2025-05-16
412775.0,4568545.0,2025-05-16
412785.0,4568545.0,2025-05-16
412795.0,4568545.0,2025-05-16
412805.0,4568545.0,2025-05-16
412815.0,4568545.0,2025-05-16
412825.0,4568545.0,2025-05-16
412835.0,4568545.0,2025-05-16
412845.0,4568545.0,2025-05-16
412855.0,4568545.0,2025-05-16
412865.0,4568545.0,2025-05-16
412875.0,4568545.0,2025-05-16
412885.0,4568545.0,2025-05-16
412895.0,4568545.0,2025-05-16
412905.0,4568545.0,2025-05-16
412915.0,4568545.0,2025-05-16
412925.0,4568545.0,2025-05-16
412935.0,4568545.0,2025-05-16
412945.0,4568545.0,2025-05-16
412955.0,4568545.0,2025-05-16
412965.0,4568545.0,2025-05-16
412975.0,4568545.0,2025-05-16
412985.0,4568545.0,2025-05-16
412995.0,4568545.0,2025-05-16
413005.0,4568545.0,2025-05-16
413015.0,4568545.0,2025-05-16
413025.0,4568545.0,2025-05-16
413035.0,4568545.0,2025-05-16
413045.0,4568545.0,2025-05-16
413055.0,4568545.0,2025-05-16
413065.0,4568545.0,2025-05-16
413075.0,4568545.0,2025-05-16
413085.0,4568545.0,2025-05-16
413095.0,4568545.0,2025-05-16
413105.0,4568545.0,2025-05-16
413115.0,4568545.0,2025-05-16
413125.0,4568545.0,2025-05-16
413135.0,4568545.0,2025-05-16
413145.0,4568545.0,2025-05-16
413155.0,4568545.0,2025-05-16
413165.0,4568545.0,2025-05-16
413175.0,4568545.0,2025-05-16
413185.0,4568545.0,2025-05-16
413195.0,4568545.0,2025-05-16
413205.0,4568545.0,2025-05-16
413215.0,4568545.0,2025-05-16
413225.0,4568545.0,2025-05-16
413235.0,4568545.0,2025-05-16
413245.0,4568545.0,2025-05-16
413255.0,4568545.0,2025-05-16
413265.0,4568545.0,2025-05-16
413275.0,4568545.0,2025-05-16
413285.0,4568545.0,2025-05-16
413295.0,4568545.0,2025-05-16
413305.0,4568545.0,2025-05-16
413315.0,4568545.0,2025-05-16
413325.0,4568545.0,2025-05-16
413335.0,4568545.0,2025-05-16
413345.0,4568545.0,2025-05-16
413355.0,4568545.0,2025-05-16
413365.0,4568545.0,2025-05-16
413375.0,4568545.0,2025-05-16
413385.0,4568545.0,2025-05-16
413395.0,4568545.0,2025-05-16
413405.0,4568545.0,2025-05-16
413415.0,4568545.0,2025-05-16
413425.0,4568545.0,2025-05-16
413435.0,4568545.0,2025-05-16
413445.0,4568545.0,2025-05-16
413455.0,4568545.0,2025-05-16
413465.0,4568545.0,2025-05-16
413475.0,4568545.0,2025-05-16
413485.0,4568545.0,2025-05-16
413495.0,4568545.0,2025-05-16
413505.0,4568545.0,2025-05-16
413515.0,4568545.0,2025-05-16
413525.0,4568545.0,2025-05-16
413535.0,4568545.0,2025-05-16
413545.0,4568545.0,2025-05-16
413555.0,4568545.0,2025-05-16
413565.0,4568545.0,2025-05-16
413575.0,4568545.0,2025-05-16
413585.0,4568545.0,2025-05-16
413595.0,4568545.0,2025-05-16
413605.0,4568545.0,2025-05-16
413615.0,4568545.0,2025-05-16
413625.0,4568545.0,2025-05-16
413635.0,4568545.0,2025-05-16
413645.0,4568545.0,2025-05-16
413655.0,4568545.0,2025-05-16
413665.0,4568545.0,2025-05-16
413675.0,4568545.0,2025-05-16
413685.0,4568545.0,2025-05-16
413695.0,4568545.0,2025-05-16
413705.0,4568545.0,2025-05-16
413715.0,4568545.0,2025-05-16
413725.0,4568545.0,2025-05-16
413735.0,4568545.0,2025-05-16
413745.0,4568545.0,2025-05-16
413755.0,4568545.0,2025-05-16
413765.0,4568545.0,2025-05-16
413775.0,4568545.0,2025-05-16
413785.0,4568545.0,2025-05-16
413795.0,4568545.0,2025-05-16
413805.0,4568545.0,2025-05-16
413815.0,4568545.0,2025-05-16
413825.0,4568545.0,2025-05-16
413835.0,4568545.0,2025-05-16
413845.0,4568545.0,2025-05-16
413855.0,4568545.0,2025-05-16
413865.0,4568545.0,2025-05-16
413875.0,4568545.0,2025-05-16
413885.0,4568545.0,2025-05-16
413895.0,4568545.0,2025-05-16
413905.0,4568545.0,2025-05-16
413915.0,4568545.0,2025-05-16
413925.0,4568545.0,2025-05-16
413935.0,4568545.0,2025-05-16
413945.0,4568545.0,2025-05-16
413955.0,4568545.0,2025-05-16
413965.0,4568545.0,2025-05-16
413975.0,4568545.0,2025-05-16
413985.0,4568545.0,2025-05-16
413995.0,4568545.0,2025-05-16
414005.0,4568545.0,2025-05-16
414015.0,4568545.0,2025-05-16
414025.0,4568545.0,2025-05-16
414035.0,4568545.0,2025-05-16
414045.0,4568545.0,2025-05-16
414055.0,4568545.0,2025-05-16
414065.0,4568545.0,2025-05-16
414075.0,4568545.0,2025-05-16
414085.0,4568545.0,2025-05-16
414095.0,4568545.0,2025-05-16
414105.0,4568545.0,2025-05-16
414115.0,4568545.0,2025-05-16
414125.0,4568545.0,2025-05-16
414135.0,4568545.0,2025-05-16
414145.0,4568545.0,2025-05-16
414155.0,4568545.0,2025-05-16
414165.0,4568545.0,2025-05-16
414175.0,4568545.0,2025-05-16
414185.0,4568545.0,2025-05-16
414195.0,4568545.0,2025-05-16
414205.0,4568545.0,2025-05-16
414215.0,4568545.0,2025-05-16
414225.0,4568545.0,2025-05-16
414235.0,4568545.0,2025-05-16
414245.0,4568545.0,2025-05-16
414255.0,4568545.0,2025-05-16
414265.0,4568545.0,2025-05-16
414275.0,4568545.0,2025-05-16
414285.0,4568545.0,2025-05-16
414295.0,4568545.0,2025-05-16
414305.0,4568545.0,2025-05-16
414315.0,4568545.0,2025-05-16
414325.0,4568545.0,2025-05-16
414335.0,4568545.0,2025-05-16
414345.0,4568545.0,2025-05-16
414355.0,4568545.0,2025-05-16
414365.0,4568545.0,2025-05-16
414375.0,4568545.0,2025-05-16
414385.0,4568545.0,2025-05-16
414395.0,4568545.0,2025-05-16
414405.0,4568545.0,2025-05-16
414415.0,4568545.0,2025-05-16
414425.0,4568545.0,2025-05-16
414435.0,4568545.0,2025-05-16
414445.0,4568545.0,2025-05-16
414455.0,4568545.0,2025-05-16
414465.0,4568545.0,2025-05-16
414475.0,4568545.0,2025-05-16
414485.0,4568545.0,2025-05-16
414495.0,4568545.0,2025-05-16
414505.0,4568545.0,2025-05-16
414515.0,4568545.0,2025-05-16
414525.0,4568545.0,2025-05-16
414535.0,4568545.0,2025-05-16
414545.0,4568545.0,2025-05-16
414555.0,4568545.0,2025-05-16
414565.0,4568545.0,2025-05-16
414575.0,4568545.0,2025-05-16
414585.0,4568545.0,2025-05-16
414595.0,4568545.0,2025-05-16
414605.0,4568545.0,2025-05-16
414615.0,4568545.0,2025-05-16
414625.0,4568545.0,2025-05-16
414635.0,4568545.0,2025-05-16
414645.0,4568545.0,2025-05-16
414655.0,4568545.0,2025-05-16
414665.0,4568545.0,2025-05-16
414675.0,4568545.0,2025-05-16
414685.0,4568545.0,2025-05-16
414695.0,4568545.0,2025-05-16
414705.0,4568545.0,2025-05-16
414715.0,4568545.0,2025-05-16
414725.0,4568545.0,2025-05-16
414735.0,4568545.0,2025-05-16
414745.0,4568545.0,2025-05-16
414755.0,4568545.0,2025-05-16
414765.0,4568545.0,2025-05-16
414775.0,4568545.0,2025-05-16
414785.0,4568545.0,2025-05-16
414795.0,4568545.0,2025-05-16
414805.0,4568545.0,2025-05-16
414815.0,4568545.0,2025-05-16
414825.0,4568545.0,2025-05-16
414835.0,4568545.0,2025-05-16
414845.0,4568545.0,2025-05-16
414855.0,4568545.0,2025-05-16
414865.0,4568545.0,2025-05-16
414875.0,4568545.0,2025-05-16
414885.0,4568545.0,2025-05-16
414895.0,4568545.0,2025-05-16
414905.0,4568545.0,2025-05-16
414915.0,4568545.0,2025-05-16
414925.0,4568545.0,2025-05-16
414935.0,4568545.0,2025-05-16
414945.0,4568545.0,2025-05-16
414955.0,4568545.0,2025-05-16
414965.0,4568545.0,2025-05-16
414975.0,4568545.0,2025-05-16
414985.0,4568545.0,2025-05-16
414995.0,4568545.0,2025-05-16
415005.0,4568545.0,2025-05-16
415015.0,4568545.0,2025-05-16
415025.0,4568545.0,2025-05-16
415035.0,4568545.0,2025-05-16
415045.0,4568545.0,2025-05-16
415055.0,4568545.0,2025-05-16
415065.0,4568545.0,2025-05-16
415075.0,4568545.0,2025-05-16
415085.0,4568545.0,2025-05-16
415095.0,4568545.0,2025-05-16
415105.0,4568545.0,2025-05-16
415115.0,4568545.0,2025-05-16
415125.0,4568545.0,2025-05-16
415135.0,4568545.0,2025-05-16
415145.0,4568545.0,2025-05-16
415155.0,4568545.0,2025-05-16
415165.0,4568545.0,2025-05-16
415175.0,4568545.0,2025-05-16
415185.0,4568545.0,2025-05-16
415195.0,4568545.0,2025-05-16
415205.0,4568545.0,2025-05-16
415215.0,4568545.0,2025-05-16
415225.0,4568545.0,2025-05-16
415235.0,4568545.0,2025-05-16
415245.0,4568545.0,2025-05-16
415255.0,4568545.0,2025-05-16
415265.0,4568545.0,2025-05-16
415275.0,4568545.0,2025-05-16
415285.0,4568545.0,2025-05-16
415295.0,4568545.0,2025-05-16
415305.0,4568545.0,2025-05-16
415315.0,4568545.0,2025-05-16
415325.0,4568545.0,2025-05-16
415335.0,4568545.0,2025-05-16
415345.0,4568545.0,2025-05-16
415355.0,4568545.0,2025-05-16
415365.0,4568545.0,2025-05-16
415375.0,4568545.0,2025-05-16
415385.0,4568545.0,2025-05-16
415395.0,4568545.0,2025-05-16
415405.0,4568545.0,2025-05-16
415415.0,4568545.0,2025-05-16
415425.0,4568545.0,2025-05-16
415435.0,4568545.0,2025-05-16
415445.0,4568545.0,2025-05-16
415455.0,4568545.0,2025-05-16
415465.0,4568545.0,2025-05-16
415475.0,4568545.0,2025-05-16
415485.0,4568545.0,2025-05-16
415495.0,4568545.0,2025-05-16
415505.0,4568545.0,2025-05-16
415515.0,4568545.0,2025-05-16
415525.0,4568545.0,2025-05-16
415535.0,4568545.0,2025-05-16
415545.0,4568545.0,2025-05-16
415555.0,4568545.0,2025-05-16
415565.0,4568545.0,2025-05-16
415575.0,4568545.0,2025-05-16
415585.0,4568545.0,2025-05-16
415595.0,4568545.0,2025-05-16
415605.0,4568545.0,2025-05-16
415615.0,4568545.0,2025-05-16
415625.0,4568545.0,2025-05-16
415635.0,4568545.0,2025-05-16
415645.0,4568545.0,2025-05-16
415655.0,4568545.0,2025-05-16
415665.0,4568545.0,2025-05-16
415675.0,4568545.0,2025-05-16
415685.0,4568545.0,2025-05-16
415695.0,4568545.0,2025-05-16
415705.0,4568545.0,2025-05-16
415715.0,4568545.0,2025-05-16
415725.0,4568545.0,2025-05-16
415735.0,4568545.0,2025-05-16
415745.0,4568545.0,2025-05-16
415755.0,4568545.0,2025-05-16
415765.0,4568545.0,2025-05-16
415775.0,4568545.0,2025-05-16
415785.0,4568545.0,2025-05-16
415795.0,4568545.0,2025-05-16
415805.0,4568545.0,2025-05-16
415815.0,4568545.0,2025-05-16
415825.0,4568545.0,2025-05-16
415835.0,4568545.0,2025-05-16
415845.0,4568545.0,2025-05-16
415855.0,4568545.0,2025-05-16
415865.0,4568545.0,2025-05-16
415875.0,4568545.0,2025-05-16
415885.0,4568545.0,2025-05-16
415895.0,4568545.0,2025-05-16
415905.0,4568545.0,2025-05-16
415915.0,4568545.0,2025-05-16
415925.0,4568545.0,2025-05-16
415935.0,4568545.0,2025-05-16
415945.0,4568545.0,2025-05-16
415955.0,4568545.0,2025-05-16
415965.0,4568545.0,2025-05-16
415975.0,4568545.0,2025-05-16
415985.0,4568545.0,2025-05-16
415995.0,4568545.0,2025-05-16
416005.0,4568545.0,2025-05-16
416015.0,4568545.0,2025-05-16
416025.0,4568545.0,2025-05-16
416035.0,4568545.0,2025-05-16
416045.0,4568545.0,2025-05-16
416055.0,4568545.0,2025-05-16
416065.0,4568545.0,2025-05-16
416075.0,4568545.0,2025-05-16
416085.0,4568545.0,2025-05-16
416095.0,4568545.0,2025-05-16
416105.0,4568545.0,2025-05-16
416115.0,4568545.0,2025-05-16
416125.0,4568545.0,2025-05-16
416135.0,4568545.0,2025-05-16
416145.0,4568545.0,2025-05-16
416155.0,4568545.0,2025-05-16
416165.0,4568545.0,2025-05-16
416175.0,4568545.0,2025-05-16
416185.0,4568545.0,2025-05-16
416195.0,4568545.0,2025-05-16
416205.0,4568545.0,2025-05-16
416215.0,4568545.0,2025-05-16
416225.0,4568545.0,2025-05-16
416235.0,4568545.0,2025-05-16
416245.0,4568545.0,2025-05-16
416255.0,4568545.0,2025-05-16
416265.0,4568545.0,2025-05-16
416275.0,4568545.0,2025-05-16
416285.0,4568545.0,2025-05-16
416295.0,4568545.0,2025-05-16
416305.0,4568545.0,2025-05-16
416315.0,4568545.0,2025-05-16
416325.0,4568545.0,2025-05-16
416335.0,4568545.0,2025-05-16
416345.0,4568545.0,2025-05-16
416355.0,4568545.0,2025-05-16
416365.0,4568545.0,2025-05-16
416375.0,4568545.0,2025-05-16
416385.0,4568545.0,2025-05-16
416395.0,4568545.0,2025-05-16
416405.0,4568545.0,2025-05-16
416415.0,4568545.0,2025-05-16
416425.0,4568545.0,2025-05-16
416435.0,4568545.0,2025-05-16
416445.0,4568545.0,2025-05-16
416455.0,4568545.0,2025-05-16
412575.0,4568535.0,2025-05-16
412585.0,4568535.0,2025-05-16
412595.0,4568535.0,2025-05-16
412605.0,4568535.0,2025-05-16
412615.0,4568535.0,2025-05-16
412625.0,4568535.0,2025-05-16
412635.0,4568535.0,2025-05-16
412645.0,4568535.0,2025-05-16
412655.0,4568535.0,2025-05-16
412665.0,4568535.0,2025-05-16
412675.0,4568535.0,2025-05-16
412685.0,4568535.0,2025-05-16
412695.0,4568535.0,2025-05-16
412705.0,4568535.0,2025-05-16
412715.0,4568535.0,2025-05-16
412725.0,4568535.0,2025-05-16
412735.0,4568535.0,2025-05-16
412745.0,4568535.0,2025-05-16
412755.0,4568535.0,2025-05-16
412765.0,4568535.0,2025-05-16
412775.0,4568535.0,2025-05-16
412785.0,4568535.0,2025-05-16
412795.0,4568535.0,2025-05-16
412805.0,4568535.0,2025-05-16
412815.0,4568535.0,2025-05-16
412825.0,4568535.0,2025-05-16
412835.0,4568535.0,2025-05-16
412845.0,4568535.0,2025-05-16
412855.0,4568535.0,2025-05-16
412865.0,4568535.0,2025-05-16
412875.0,4568535.0,2025-05-16
412885.0,4568535.0,2025-05-16
412895.0,4568535.0,2025-05-16
412905.0,4568535.0,2025-05-16
412915.0,4568535.0,2025-05-16
412925.0,4568535.0,2025-05-16
412935.0,4568535.0,2025-05-16
412945.0,4568535.0,2025-05-16
412955.0,4568535.0,2025-05-16
412965.0,4568535.0,2025-05-16
412975.0,4568535.0,2025-05-16
412985.0,4568535.0,2025-05-16
412995.0,4568535.0,2025-05-16
413005.0,4568535.0,2025-05-16
413015.0,4568535.0,2025-05-16
413025.0,4568535.0,2025-05-16
413035.0,4568535.0,2025-05-16
413045.0,4568535.0,2025-05-16
413055.0,4568535.0,2025-05-16
413065.0,4568535.0,2025-05-16
413075.0,4568535.0,2025-05-16
413085.0,4568535.0,2025-05-16
413095.0,4568535.0,2025-05-16
413105.0,4568535.0,2025-05-16
413115.0,4568535.0,2025-05-16
413125.0,4568535.0,2025-05-16
413135.0,4568535.0,2025-05-16
413145.0,4568535.0,2025-05-16
413155.0,4568535.0,2025-05-16
413165.0,4568535.0,2025-05-16
413175.0,4568535.0,2025-05-16
413185.0,4568535.0,2025-05-16
413195.0,4568535.0,2025-05-16
413205.0,4568535.0,2025-05-16
413215.0,4568535.0,2025-05-16
413225.0,4568535.0,2025-05-16
413235.0,4568535.0,2025-05-16
413245.0,4568535.0,2025-05-16
413255.0,4568535.0,2025-05-16
413265.0,4568535.0,2025-05-16
413275.0,4568535.0,2025-05-16
413285.0,4568535.0,2025-05-16
413295.0,4568535.0,2025-05-16
413305.0,4568535.0,2025-05-16
413315.0,4568535.0,2025-05-16
413325.0,4568535.0,2025-05-16
413335.0,4568535.0,2025-05-16
413345.0,4568535.0,2025-05-16
413355.0,4568535.0,2025-05-16
413365.0,4568535.0,2025-05-16
413375.0,4568535.0,2025-05-16
413385.0,4568535.0,2025-05-16
413395.0,4568535.0,2025-05-16
413405.0,4568535.0,2025-05-16
413415.0,4568535.0,2025-05-16
413425.0,4568535.0,2025-05-16
413435.0,4568535.0,2025-05-16
413445.0,4568535.0,2025-05-16
413455.0,4568535.0,2025-05-16
413465.0,4568535.0,2025-05-16
413475.0,4568535.0,2025-05-16
413485.0,4568535.0,2025-05-16
413495.0,4568535.0,2025-05-16
413505.0,4568535.0,2025-05-16
413515.0,4568535.0,2025-05-16
413525.0,4568535.0,2025-05-16
413535.0,4568535.0,2025-05-16
413545.0,4568535.0,2025-05-16
413555.0,4568535.0,2025-05-16
413565.0,4568535.0,2025-05-16
413575.0,4568535.0,2025-05-16
413585.0,4568535.0,2025-05-16
413595.0,4568535.0,2025-05-16
413605.0,4568535.0,2025-05-16
413615.0,4568535.0,2025-05-16
413625.0,4568535.0,2025-05-16
413635.0,4568535.0,2025-05-16
413645.0,4568535.0,2025-05-16
413655.0,4568535.0,2025-05-16
413665.0,4568535.0,2025-05-16
413675.0,4568535.0,2025-05-16
413685.0,4568535.0,2025-05-16
413695.0,4568535.0,2025-05-16
413705.0,4568535.0,2025-05-16
413715.0,4568535.0,2025-05-16
413725.0,4568535.0,2025-05-16
413735.0,4568535.0,2025-05-16
413745.0,4568535.0,2025-05-16
413755.0,4568535.0,2025-05-16
413765.0,4568535.0,2025-05-16
413775.0,4568535.0,2025-05-16
413785.0,4568535.0,2025-05-16
413795.0,4568535.0,2025-05-16
413805.0,4568535.0,2025-05-16
413815.0,4568535.0,2025-05-16
413825.0,4568535.0,2025-05-16
413835.0,4568535.0,2025-05-16
413845.0,4568535.0,2025-05-16
413855.0,4568535.0,2025-05-16
413865.0,4568535.0,2025-05-16
413875.0,4568535.0,2025-05-16
413885.0,4568535.0,2025-05-16
413895.0,4568535.0,2025-05-16
413905.0,4568535.0,2025-05-16
413915.0,4568535.0,2025-05-16
413925.0,4568535.0,2025-05-16
413935.0,4568535.0,2025-05-16
413945.0,4568535.0,2025-05-16
413955.0,4568535.0,2025-05-16
413965.0,4568535.0,2025-05-16
413975.0,4568535.0,2025-05-16
413985.0,4568535.0,2025-05-16
413995.0,4568535.0,2025-05-16
414005.0,4568535.0,2025-05-16
414015.0,4568535.0,2025-05-16
414025.0,4568535.0,2025-05-16
414035.0,4568535.0,2025-05-16
414045.0,4568535.0,2025-05-16
414055.0,4568535.0,2025-05-16
414065.0,4568535.0,2025-05-16
414075.0,4568535.0,2025-05-16
414085.0,4568535.0,2025-05-16
414095.0,4568535.0,2025-05-16
414105.0,4568535.0,2025-05-16
414115.0,4568535.0,2025-05-16
414125.0,4568535.0,2025-05-16
414135.0,4568535.0,2025-05-16
414145.0,4568535.0,2025-05-16
414155.0,4568535.0,2025-05-16
414165.0,4568535.0,2025-05-16
414175.0,4568535.0,2025-05-16
414185.0,4568535.0,2025-05-16
414195.0,4568535.0,2025-05-16
414205.0,4568535.0,2025-05-16
414215.0,4568535.0,2025-05-16
414225.0,4568535.0,2025-05-16
414235.0,4568535.0,2025-05-16
414245.0,4568535.0,2025-05-16
414255.0,4568535.0,2025-05-16
414265.0,4568535.0,2025-05-16
414275.0,4568535.0,2025-05-16
414285.0,4568535.0,2025-05-16
414295.0,4568535.0,2025-05-16
414305.0,4568535.0,2025-05-16
414315.0,4568535.0,2025-05-16
414325.0,4568535.0,2025-05-16
414335.0,4568535.0,2025-05-16
414345.0,4568535.0,2025-05-16
414355.0,4568535.0,2025-05-16
414365.0,4568535.0,2025-05-16
414375.0,4568535.0,2025-05-16
414385.0,4568535.0,2025-05-16
414395.0,4568535.0,2025-05-16
414405.0,4568535.0,2025-05-16
414415.0,4568535.0,2025-05-16
414425.0,4568535.0,2025-05-16
414435.0,4568535.0,2025-05-16
414445.0,4568535.0,2025-05-16
414455.0,4568535.0,2025-05-16
414465.0,4568535.0,2025-05-16
414475.0,4568535.0,2025-05-16
414485.0,4568535.0,2025-05-16
414495.0,4568535.0,2025-05-16
414505.0,4568535.0,2025-05-16
414515.0,4568535.0,2025-05-16
414525.0,4568535.0,2025-05-16
414535.0,4568535.0,2025-05-16
414545.0,4568535.0,2025-05-16
414555.0,4568535.0,2025-05-16
414565.0,4568535.0,2025-05-16
414575.0,4568535.0,2025-05-16
414585.0,4568535.0,2025-05-16
414595.0,4568535.0,2025-05-16
414605.0,4568535.0,2025-05-16
414615.0,4568535.0,2025-05-16
414625.0,4568535.0,2025-05-16
414635.0,4568535.0,2025-05-16
414645.0,4568535.0,2025-05-16
414655.0,4568535.0,2025-05-16
414665.0,4568535.0,2025-05-16
414675.0,4568535.0,2025-05-16
414685.0,4568535.0,2025-05-16
414695.0,4568535.0,2025-05-16
414705.0,4568535.0,2025-05-16
414715.0,4568535.0,2025-05-16
414725.0,4568535.0,2025-05-16
414735.0,4568535.0,2025-05-16
414745.0,4568535.0,2025-05-16
414755.0,4568535.0,2025-05-16
414765.0,4568535.0,2025-05-16
414775.0,4568535.0,2025-05-16
414785.0,4568535.0,2025-05-16
414795.0,4568535.0,2025-05-16
414805.0,4568535.0,2025-05-16
414815.0,4568535.0,2025-05-16
414825.0,4568535.0,2025-05-16
414835.0,4568535.0,2025-05-16
414845.0,4568535.0,2025-05-16
414855.0,4568535.0,2025-05-16
414865.0,4568535.0,2025-05-16
414875.0,4568535.0,2025-05-16
414885.0,4568535.0,2025-05-16
414895.0,4568535.0,2025-05-16
414905.0,4568535.0,2025-05-16
414915.0,4568535.0,2025-05-16
414925.0,4568535.0,2025-05-16
414935.0,4568535.0,2025-05-16
414945.0,4568535.0,2025-05-16
414955.0,4568535.0,2025-05-16
414965.0,4568535.0,2025-05-16
414975.0,4568535.0,2025-05-16
414985.0,4568535.0,2025-05-16
414995.0,4568535.0,2025-05-16
415005.0,4568535.0,2025-05-16
415015.0,4568535.0,2025-05-16
415025.0,4568535.0,2025-05-16
415035.0,4568535.0,2025-05-16
415045.0,4568535.0,2025-05-16
415055.0,4568535.0,2025-05-16
415065.0,4568535.0,2025-05-16
415075.0,4568535.0,2025-05-16
415085.0,4568535.0,2025-05-16
415095.0,4568535.0,2025-05-16
415105.0,4568535.0,2025-05-16
415115.0,4568535.0,2025-05-16
415125.0,4568535.0,2025-05-16
415135.0,4568535.0,2025-05-16
415145.0,4568535.0,2025-05-16
415155.0,4568535.0,2025-05-16
415165.0,4568535.0,2025-05-16
415175.0,4568535.0,2025-05-16
415185.0,4568535.0,2025-05-16
415195.0,4568535.0,2025-05-16
415205.0,4568535.0,2025-05-16
415215.0,4568535.0,2025-05-16
415225.0,4568535.0,2025-05-16
415235.0,4568535.0,2025-05-16
415245.0,4568535.0,2025-05-16
415255.0,4568535.0,2025-05-16
415265.0,4568535.0,2025-05-16
415275.0,4568535.0,2025-05-16
415285.0,4568535.0,2025-05-16
415295.0,4568535.0,2025-05-16
415305.0,4568535.0,2025-05-16
415315.0,4568535.0,2025-05-16
415325.0,4568535.0,2025-05-16
415335.0,4568535.0,2025-05-16
415345.0,4568535.0,2025-05-16
415355.0,4568535.0,2025-05-16
415365.0,4568535.0,2025-05-16
415375.0,4568535.0,2025-05-16
415385.0,4568535.0,2025-05-16
415395.0,4568535.0,2025-05-16
415405.0,4568535.0,2025-05-16
415415.0,4568535.0,2025-05-16
415425.0,4568535.0,2025-05-16
415435.0,4568535.0,2025-05-16
415445.0,4568535.0,2025-05-16
415455.0,4568535.0,2025-05-16
415465.0,4568535.0,2025-05-16
415475.0,4568535.0,2025-05-16
415485.0,4568535.0,2025-05-16
415495.0,4568535.0,2025-05-16
415505.0,4568535.0,2025-05-16
415515.0,4568535.0,2025-05-16
415525.0,4568535.0,2025-05-16
415535.0,4568535.0,2025-05-16
415545.0,4568535.0,2025-05-16
415555.0,4568535.0,2025-05-16
415565.0,4568535.0,2025-05-16
415575.0,4568535.0,2025-05-16
415585.0,4568535.0,2025-05-16
415595.0,4568535.0,2025-05-16
415605.0,4568535.0,2025-05-16
415615.0,4568535.0,2025-05-16
415625.0,4568535.0,2025-05-16
415635.0,4568535.0,2025-05-16
415645.0,4568535.0,2025-05-16
415655.0,4568535.0,2025-05-16
415665.0,4568535.0,2025-05-16
415675.0,4568535.0,2025-05-16
415685.0,4568535.0,2025-05-16
415695.0,4568535.0,2025-05-16
415705.0,4568535.0,2025-05-16
415715.0,4568535.0,2025-05-16
415725.0,4568535.0,2025-05-16
415735.0,4568535.0,2025-05-16
415745.0,4568535.0,2025-05-16
415755.0,4568535.0,2025-05-16
415765.0,4568535.0,2025-05-16
415775.0,4568535.0,2025-05-16
415785.0,4568535.0,2025-05-16
415795.0,4568535.0,2025-05-16
415805.0,4568535.0,2025-05-16
415815.0,4568535.0,2025-05-16
415825.0,4568535.0,2025-05-16
415835.0,4568535.0,2025-05-16
415845.0,4568535.0,2025-05-16
415855.0,4568535.0,2025-05-16
415865.0,4568535.0,2025-05-16
415875.0,4568535.0,2025-05-16
415885.0,4568535.0,2025-05-16
415895.0,4568535.0,2025-05-16
415905.0,4568535.0,2025-05-16
415915.0,4568535.0,2025-05-16
415925.0,4568535.0,2025-05-16
415935.0,4568535.0,2025-05-16
415945.0,4568535.0,2025-05-16
415955.0,4568535.0,2025-05-16
415965.0,4568535.0,2025-05-16
415975.0,4568535.0,2025-05-16
415985.0,4568535.0,2025-05-16
415995.0,4568535.0,2025-05-16
416005.0,4568535.0,2025-05-16
416015.0,4568535.0,2025-05-16
416025.0,4568535.0,2025-05-16
416035.0,4568535.0,2025-05-16
416045.0,4568535.0,2025-05-16
416055.0,4568535.0,2025-05-16
416065.0,4568535.0,2025-05-16
416075.0,4568535.0,2025-05-16
416085.0,4568535.0,2025-05-16
416095.0,4568535.0,2025-05-16
416105.0,4568535.0,2025-05-16
416115.0,4568535.0,2025-05-16
416125.0,4568535.0,2025-05-16
416135.0,4568535.0,2025-05-16
416145.0,4568535.0,2025-05-16
416155.0,4568535.0,2025-05-16
416165.0,4568535.0,2025-05-16
416175.0,4568535.0,2025-05-16
416185.0,4568535.0,2025-05-16
416195.0,4568535.0,2025-05-16
416205.0,4568535.0,2025-05-16
416215.0,4568535.0,2025-05-16
416225.0,4568535.0,2025-05-16
416235.0,4568535.0,2025-05-16
416245.0,4568535.0,2025-05-16
416255.0,4568535.0,2025-05-16
416265.0,4568535.0,2025-05-16
416275.0,4568535.0,2025-05-16
416285.0,4568535.0,2025-05-16
416295.0,4568535.0,2025-05-16
416305.0,4568535.0,2025-05-16
416315.0,4568535.0,2025-05-16
416325.0,4568535.0,2025-05-16
416335.0,4568535.0,2025-05-16
416345.0,4568535.0,2025-05-16
416355.0,4568535.0,2025-05-16
416365.0,4568535.0,2025-05-16
416375.0,4568535.0,2025-05-16
416385.0,4568535.0,2025-05-16
416395.0,4568535.0,2025-05-16
416405.0,4568535.0,2025-05-16
416415.0,4568535.0,2025-05-16
416425.0,4568535.0,2025-05-16
416435.0,4568535.0,2025-05-16
416445.0,4568535.0,2025-05-16
416455.0,4568535.0,2025-05-16
413425.0,4568525.0,2025-05-16
413435.0,4568525.0,2025-05-16
413445.0,4568525.0,2025-05-16
413455.0,4568525.0,2025-05-16
413465.0,4568525.0,2025-05-16
413475.0,4568525.0,2025-05-16
413485.0,4568525.0,2025-05-16
413495.0,4568525.0,2025-05-16
413505.0,4568525.0,2025-05-16
413515.0,4568525.0,2025-05-16
413525.0,4568525.0,2025-05-16
413535.0,4568525.0,2025-05-16
413545.0,4568525.0,2025-05-16
413555.0,4568525.0,2025-05-16
413565.0,4568525.0,2025-05-16
413575.0,4568525.0,2025-05-16
413585.0,4568525.0,2025-05-16
413595.0,4568525.0,2025-05-16
413605.0,4568525.0,2025-05-16
413615.0,4568525.0,2025-05-16
413625.0,4568525.0,2025-05-16
413635.0,4568525.0,2025-05-16
413645.0,4568525.0,2025-05-16
413655.0,4568525.0,2025-05-16
413665.0,4568525.0,2025-05-16
413675.0,4568525.0,2025-05-16
413685.0,4568525.0,2025-05-16
413695.0,4568525.0,2025-05-16
413705.0,4568525.0,2025-05-16
413715.0,4568525.0,2025-05-16
413725.0,4568525.0,2025-05-16
413735.0,4568525.0,2025-05-16
413745.0,4568525.0,2025-05-16
413755.0,4568525.0,2025-05-16
413765.0,4568525.0,2025-05-16
413775.0,4568525.0,2025-05-16
413785.0,4568525.0,2025-05-16
413795.0,4568525.0,2025-05-16
413805.0,4568525.0,2025-05-16
413815.0,4568525.0,2025-05-16
413825.0,4568525.0,2025-05-16
413835.0,4568525.0,2025-05-16
413845.0,4568525.0,2025-05-16
413855.0,4568525.0,2025-05-16
413865.0,4568525.0,2025-05-16
413875.0,4568525.0,2025-05-16
413885.0,4568525.0,2025-05-16
413895.0,4568525.0,2025-05-16
413905.0,4568525.0,2025-05-16
413915.0,4568525.0,2025-05-16
413925.0,4568525.0,2025-05-16
413935.0,4568525.0,2025-05-16
413945.0,4568525.0,2025-05-16
413955.0,4568525.0,2025-05-16
413965.0,4568525.0,2025-05-16
413975.0,4568525.0,2025-05-16
413985.0,4568525.0,2025-05-16
413995.0,4568525.0,2025-05-16
414005.0,4568525.0,2025-05-16
414015.0,4568525.0,2025-05-16
414025.0,4568525.0,2025-05-16
414035.0,4568525.0,2025-05-16
414045.0,4568525.0,2025-05-16
414055.0,4568525.0,2025-05-16
414065.0,4568525.0,2025-05-16
414075.0,4568525.0,2025-05-16
414085.0,4568525.0,2025-05-16
414095.0,4568525.0,2025-05-16
414105.0,4568525.0,2025-05-16
414115.0,4568525.0,2025-05-16
414125.0,4568525.0,2025-05-16
414135.0,4568525.0,2025-05-16
414145.0,4568525.0,2025-05-16
414155.0,4568525.0,2025-05-16
414165.0,4568525.0,2025-05-16
414175.0,4568525.0,2025-05-16
414185.0,4568525.0,2025-05-16
414195.0,4568525.0,2025-05-16
414205.0,4568525.0,2025-05-16
414215.0,4568525.0,2025-05-16
414225.0,4568525.0,2025-05-16
414235.0,4568525.0,2025-05-16
414245.0,4568525.0,2025-05-16
414255.0,4568525.0,2025-05-16
414265.0,4568525.0,2025-05-16
414275.0,4568525.0,2025-05-16
414285.0,4568525.0,2025-05-16
414295.0,4568525.0,2025-05-16
414305.0,4568525.0,2025-05-16
414315.0,4568525.0,2025-05-16
414325.0,4568525.0,2025-05-16
414335.0,4568525.0,2025-05-16
414345.0,4568525.0,2025-05-16
414355.0,4568525.0,2025-05-16
414365.0,4568525.0,2025-05-16
414375.0,4568525.0,2025-05-16
414385.0,4568525.0,2025-05-16
414395.0,4568525.0,2025-05-16
414405.0,4568525.0,2025-05-16
414415.0,4568525.0,2025-05-16
414425.0,4568525.0,2025-05-16
414435.0,4568525.0,2025-05-16
414445.0,4568525.0,2025-05-16
414455.0,4568525.0,2025-05-16
414465.0,4568525.0,2025-05-16
414475.0,4568525.0,2025-05-16
414485.0,4568525.0,2025-05-16
414495.0,4568525.0,2025-05-16
414505.0,4568525.0,2025-05-16
414515.0,4568525.0,2025-05-16
414525.0,4568525.0,2025-05-16
414535.0,4568525.0,2025-05-16
414545.0,4568525.0,2025-05-16
414555.0,4568525.0,2025-05-16
414565.0,4568525.0,2025-05-16
414575.0,4568525.0,2025-05-16
414585.0,4568525.0,2025-05-16
414595.0,4568525.0,2025-05-16
414605.0,4568525.0,2025-05-16
414615.0,4568525.0,2025-05-16
414625.0,4568525.0,2025-05-16
414635.0,4568525.0,2025-05-16
414645.0,4568525.0,2025-05-16
414655.0,4568525.0,2025-05-16
414665.0,4568525.0,2025-05-16
414675.0,4568525.0,2025-05-16
414685.0,4568525.0,2025-05-16
414695.0,4568525.0,2025-05-16
414705.0,4568525.0,2025-05-16
414715.0,4568525.0,2025-05-16
414725.0,4568525.0,2025-05-16
414735.0,4568525.0,2025-05-16
414745.0,4568525.0,2025-05-16
414755.0,4568525.0,2025-05-16
414765.0,4568525.0,2025-05-16
414775.0,4568525.0,2025-05-16
414785.0,4568525.0,2025-05-16
414795.0,4568525.0,2025-05-16
414805.0,4568525.0,2025-05-16
414815.0,4568525.0,2025-05-16
414825.0,4568525.0,2025-05-16
414835.0,4568525.0,2025-05-16
414845.0,4568525.0,2025-05-16
414855.0,4568525.0,2025-05-16
414865.0,4568525.0,2025-05-16
414875.0,4568525.0,2025-05-16
414885.0,4568525.0,2025-05-16
414895.0,4568525.0,2025-05-16
414905.0,4568525.0,2025-05-16
414915.0,4568525.0,2025-05-16
414925.0,4568525.0,2025-05-16
414935.0,4568525.0,2025-05-16
414945.0,4568525.0,2025-05-16
414955.0,4568525.0,2025-05-16
414965.0,4568525.0,2025-05-16
414975.0,4568525.0,2025-05-16
414985.0,4568525.0,2025-05-16
414995.0,4568525.0,2025-05-16
415005.0,4568525.0,2025-05-16
415015.0,4568525.0,2025-05-16
415025.0,4568525.0,2025-05-16
415035.0,4568525.0,2025-05-16
415045.0,4568525.0,2025-05-16
415055.0,4568525.0,2025-05-16
415065.0,4568525.0,2025-05-16
415075.0,4568525.0,2025-05-16
415085.0,4568525.0,2025-05-16
415095.0,4568525.0,2025-05-16
415105.0,4568525.0,2025-05-16
415115.0,4568525.0,2025-05-16
415125.0,4568525.0,2025-05-16
415135.0,4568525.0,2025-05-16
415145.0,4568525.0,2025-05-16
415155.0,4568525.0,2025-05-16
415165.0,4568525.0,2025-05-16
415175.0,4568525.0,2025-05-16
415185.0,4568525.0,2025-05-16
415195.0,4568525.0,2025-05-16
415205.0,4568525.0,2025-05-16
415215.0,4568525.0,2025-05-16
415225.0,4568525.0,2025-05-16
415235.0,4568525.0,2025-05-16
415245.0,4568525.0,2025-05-16
415255.0,4568525.0,2025-05-16
415265.0,4568525.0,2025-05-16
415275.0,4568525.0,2025-05-16
415285.0,4568525.0,2025-05-16
415295.0,4568525.0,2025-05-16
415305.0,4568525.0,2025-05-16
415315.0,4568525.0,2025-05-16
415325.0,4568525.0,2025-05-16
415335.0,4568525.0,2025-05-16
415345.0,4568525.0,2025-05-16
415355.0,4568525.0,2025-05-16
415365.0,4568525.0,2025-05-16
415375.0,4568525.0,2025-05-16
415385.0,4568525.0,2025-05-16
415395.0,4568525.0,2025-05-16
415405.0,4568525.0,2025-05-16
415415.0,4568525.0,2025-05-16
415425.0,4568525.0,2025-05-16
415435.0,4568525.0,2025-05-16
415445.0,4568525.0,2025-05-16
415455.0,4568525.0,2025-05-16
415465.0,4568525.0,2025-05-16
415475.0,4568525.0,2025-05-16
415485.0,4568525.0,2025-05-16
415495.0,4568525.0,2025-05-16
415505.0,4568525.0,2025-05-16
415515.0,4568525.0,2025-05-16
415525.0,4568525.0,2025-05-16
415535.0,4568525.0,2025-05-16
415545.0,4568525.0,2025-05-16
415555.0,4568525.0,2025-05-16
415565.0,4568525.0,2025-05-16
415575.0,4568525.0,2025-05-16
415585.0,4568525.0,2025-05-16
415595.0,4568525.0,2025-05-16
415605.0,4568525.0,2025-05-16
415615.0,4568525.0,2025-05-16
415625.0,4568525.0,2025-05-16
415635.0,4568525.0,2025-05-16
415645.0,4568525.0,2025-05-16
415655.0,4568525.0,2025-05-16
415665.0,4568525.0,2025-05-16
415675.0,4568525.0,2025-05-16
415685.0,4568525.0,2025-05-16
415695.0,4568525.0,2025-05-16
415705.0,4568525.0,2025-05-16
415715.0,4568525.0,2025-05-16
415725.0,4568525.0,2025-05-16
415735.0,4568525.0,2025-05-16
415745.0,4568525.0,2025-05-16
415755.0,4568525.0,2025-05-16
415765.0,4568525.0,2025-05-16
415775.0,4568525.0,2025-05-16
415785.0,4568525.0,2025-05-16
415795.0,4568525.0,2025-05-16
415805.0,4568525.0,2025-05-16
415815.0,4568525.0,2025-05-16
415825.0,4568525.0,2025-05-16
415835.0,4568525.0,2025-05-16
415845.0,4568525.0,2025-05-16
415855.0,4568525.0,2025-05-16
415865.0,4568525.0,2025-05-16
415875.0,4568525.0,2025-05-16
415885.0,4568525.0,2025-05-16
415895.0,4568525.0,2025-05-16
415905.0,4568525.0,2025-05-16
415915.0,4568525.0,2025-05-16
415925.0,4568525.0,2025-05-16
415935.0,4568525.0,2025-05-16
415945.0,4568525.0,2025-05-16
415955.0,4568525.0,2025-05-16
415965.0,4568525.0,2025-05-16
415975.0,4568525.0,2025-05-16
415985.0,4568525.0,2025-05-16
415995.0,4568525.0,2025-05-16
416005.0,4568525.0,2025-05-16
416015.0,4568525.0,2025-05-16
416025.0,4568525.0,2025-05-16
416035.0,4568525.0,2025-05-16
416045.0,4568525.0,2025-05-16
416055.0,4568525.0,2025-05-16
416065.0,4568525.0,2025-05-16
416075.0,4568525.0,2025-05-16
416085.0,4568525.0,2025-05-16
416095.0,4568525.0,2025-05-16
416105.0,4568525.0,2025-05-16
416115.0,4568525.0,2025-05-16
416125.0,4568525.0,2025-05-16
416135.0,4568525.0,2025-05-16
416145.0,4568525.0,2025-05-16
416155.0,4568525.0,2025-05-16
416165.0,4568525.0,2025-05-16
416175.0,4568525.0,2025-05-16
416185.0,4568525.0,2025-05-16
416195.0,4568525.0,2025-05-16
416205.0,4568525.0,2025-05-16
416215.0,4568525.0,2025-05-16
416225.0,4568525.0,2025-05-16
416235.0,4568525.0,2025-05-16
416245.0,4568525.0,2025-05-16
416255.0,4568525.0,2025-05-16
416265.0,4568525.0,2025-05-16
416275.0,4568525.0,2025-05-16
416285.0,4568525.0,2025-05-16
416295.0,4568525.0,2025-05-16
416305.0,4568525.0,2025-05-16
416315.0,4568525.0,2025-05-16
416325.0,4568525.0,2025-05-16
416335.0,4568525.0,2025-05-16
416345.0,4568525.0,2025-05-16
416355.0,4568525.0,2025-05-16
416365.0,4568525.0,2025-05-16
416375.0,4568525.0,2025-05-16
416385.0,4568525.0,2025-05-16
416395.0,4568525.0,2025-05-16
416405.0,4568525.0,2025-05-16
416415.0,4568525.0,2025-05-16
416425.0,4568525.0,2025-05-16
416435.0,4568525.0,2025-05-16
416445.0,4568525.0,2025-05-16
416455.0,4568525.0,2025-05-16
414265.0,4568515.0,2025-05-16
414275.0,4568515.0,2025-05-16
414285.0,4568515.0,2025-05-16
414295.0,4568515.0,2025-05-16
414305.0,4568515.0,2025-05-16
414315.0,4568515.0,2025-05-16
414325.0,4568515.0,2025-05-16
414335.0,4568515.0,2025-05-16
414345.0,4568515.0,2025-05-16
414355.0,4568515.0,2025-05-16
414365.0,4568515.0,2025-05-16
414375.0,4568515.0,2025-05-16
414385.0,4568515.0,2025-05-16
414395.0,4568515.0,2025-05-16
414405.0,4568515.0,2025-05-16
414415.0,4568515.0,2025-05-16
414425.0,4568515.0,2025-05-16
414435.0,4568515.0,2025-05-16
414445.0,4568515.0,2025-05-16
414455.0,4568515.0,2025-05-16
414465.0,4568515.0,2025-05-16
414475.0,4568515.0,2025-05-16
414485.0,4568515.0,2025-05-16
414495.0,4568515.0,2025-05-16
414505.0,4568515.0,2025-05-16
414515.0,4568515.0,2025-05-16
414525.0,4568515.0,2025-05-16
414535.0,4568515.0,2025-05-16
414545.0,4568515.0,2025-05-16
414555.0,4568515.0,2025-05-16
414565.0,4568515.0,2025-05-16
414575.0,4568515.0,2025-05-16
414585.0,4568515.0,2025-05-16
414595.0,4568515.0,2025-05-16
414605.0,4568515.0,2025-05-16
414615.0,4568515.0,2025-05-16
414625.0,4568515.0,2025-05-16
414635.0,4568515.0,2025-05-16
414645.0,4568515.0,2025-05-16
414655.0,4568515.0,2025-05-16
414665.0,4568515.0,2025-05-16
414675.0,4568515.0,2025-05-16
414685.0,4568515.0,2025-05-16
414695.0,4568515.0,2025-05-16
414705.0,4568515.0,2025-05-16
414715.0,4568515.0,2025-05-16
414725.0,4568515.0,2025-05-16
414735.0,4568515.0,2025-05-16
414745.0,4568515.0,2025-05-16
414755.0,4568515.0,2025-05-16
414765.0,4568515.0,2025-05-16
414775.0,4568515.0,2025-05-16
414785.0,4568515.0,2025-05-16
414795.0,4568515.0,2025-05-16
414805.0,4568515.0,2025-05-16
414815.0,4568515.0,2025-05-16
414825.0,4568515.0,2025-05-16
414835.0,4568515.0,2025-05-16
414845.0,4568515.0,2025-05-16
414855.0,4568515.0,2025-05-16
414865.0,4568515.0,2025-05-16
414875.0,4568515.0,2025-05-16
414885.0,4568515.0,2025-05-16
414895.0,4568515.0,2025-05-16
414905.0,4568515.0,2025-05-16
414915.0,4568515.0,2025-05-16
414925.0,4568515.0,2025-05-16
414935.0,4568515.0,2025-05-16
414945.0,4568515.0,2025-05-16
414955.0,4568515.0,2025-05-16
414965.0,4568515.0,2025-05-16
414975.0,4568515.0,2025-05-16
414985.0,4568515.0,2025-05-16
414995.0,4568515.0,2025-05-16
415005.0,4568515.0,2025-05-16
415015.0,4568515.0,2025-05-16
415025.0,4568515.0,2025-05-16
415035.0,4568515.0,2025-05-16
415045.0,4568515.0,2025-05-16
415055.0,4568515.0,2025-05-16
415065.0,4568515.0,2025-05-16
415075.0,4568515.0,2025-05-16
415085.0,4568515.0,2025-05-16
415095.0,4568515.0,2025-05-16
415105.0,4568515.0,2025-05-16
415115.0,4568515.0,2025-05-16
415125.0,4568515.0,2025-05-16
415135.0,4568515.0,2025-05-16
415145.0,4568515.0,2025-05-16
415155.0,4568515.0,2025-05-16
415165.0,4568515.0,2025-05-16
415175.0,4568515.0,2025-05-16
415185.0,4568515.0,2025-05-16
415195.0,4568515.0,2025-05-16
415205.0,4568515.0,2025-05-16
415215.0,4568515.0,2025-05-16
415225.0,4568515.0,2025-05-16
415235.0,4568515.0,2025-05-16
415245.0,4568515.0,2025-05-16
415255.0,4568515.0,2025-05-16
415265.0,4568515.0,2025-05-16
415275.0,4568515.0,2025-05-16
415285.0,4568515.0,2025-05-16
415295.0,4568515.0,2025-05-16
415305.0,4568515.0,2025-05-16
415315.0,4568515.0,2025-05-16
415325.0,4568515.0,2025-05-16
415335.0,4568515.0,2025-05-16
415345.0,4568515.0,2025-05-16
415355.0,4568515.0,2025-05-16
415365.0,4568515.0,2025-05-16
415375.0,4568515.0,2025-05-16
415385.0,4568515.0,2025-05-16
415395.0,4568515.0,2025-05-16
415405.0,4568515.0,2025-05-16
415415.0,4568515.0,2025-05-16
415425.0,4568515.0,2025-05-16
415435.0,4568515.0,2025-05-16
415445.0,4568515.0,2025-05-16
415455.0,4568515.0,2025-05-16
415465.0,4568515.0,2025-05-16
415475.0,4568515.0,2025-05-16
415485.0,4568515.0,2025-05-16
415495.0,4568515.0,2025-05-16
415505.0,4568515.0,2025-05-16
415515.0,4568515.0,2025-05-16
415525.0,4568515.0,2025-05-16
415535.0,4568515.0,2025-05-16
415545.0,4568515.0,2025-05-16
415555.0,4568515.0,2025-05-16
415565.0,4568515.0,2025-05-16
415575.0,4568515.0,2025-05-16
415585.0,4568515.0,2025-05-16
415595.0,4568515.0,2025-05-16
415605.0,4568515.0,2025-05-16
415615.0,4568515.0,2025-05-16
415625.0,4568515.0,2025-05-16
415635.0,4568515.0,2025-05-16
415645.0,4568515.0,2025-05-16
415655.0,4568515.0,2025-05-16
415665.0,4568515.0,2025-05-16
415675.0,4568515.0,2025-05-16
415685.0,4568515.0,2025-05-16
415695.0,4568515.0,2025-05-16
415705.0,4568515.0,2025-05-16
415715.0,4568515.0,2025-05-16
415725.0,4568515.0,2025-05-16
415735.0,4568515.0,2025-05-16
415745.0,4568515.0,2025-05-16
415755.0,4568515.0,2025-05-16
415765.0,4568515.0,2025-05-16
415775.0,4568515.0,2025-05-16
415785.0,4568515.0,2025-05-16
415795.0,4568515.0,2025-05-16
415805.0,4568515.0,2025-05-16
415815.0,4568515.0,2025-05-16
415825.0,4568515.0,2025-05-16
415835.0,4568515.0,2025-05-16
415845.0,4568515.0,2025-05-16
415855.0,4568515.0,2025-05-16
415865.0,4568515.0,2025-05-16
415875.0,4568515.0,2025-05-16
415885.0,4568515.0,2025-05-16
415895.0,4568515.0,2025-05-16
415905.0,4568515.0,2025-05-16
415915.0,4568515.0,2025-05-16
415925.0,4568515.0,2025-05-16
415935.0,4568515.0,2025-05-16
415945.0,4568515.0,2025-05-16
415955.0,4568515.0,2025-05-16
415965.0,4568515.0,2025-05-16
415975.0,4568515.0,2025-05-16
415985.0,4568515.0,2025-05-16
415995.0,4568515.0,2025-05-16
416005.0,4568515.0,2025-05-16
416015.0,4568515.0,2025-05-16
416025.0,4568515.0,2025-05-16
416035.0,4568515.0,2025-05-16
416045.0,4568515.0,2025-05-16
416055.0,4568515.0,2025-05-16
416065.0,4568515.0,2025-05-16
416075.0,4568515.0,2025-05-16
416085.0,4568515.0,2025-05-16
416095.0,4568515.0,2025-05-16
416105.0,4568515.0,2025-05-16
416115.0,4568515.0,2025-05-16
416125.0,4568515.0,2025-05-16
416135.0,4568515.0,2025-05-16
416145.0,4568515.0,2025-05-16
416155.0,4568515.0,2025-05-16
416165.0,4568515.0,2025-05-16
416175.0,4568515.0,2025-05-16
416185.0,4568515.0,2025-05-16
416195.0,4568515.0,2025-05-16
416205.0,4568515.0,2025-05-16
416215.0,4568515.0,2025-05-16
416225.0,4568515.0,2025-05-16
416235.0,4568515.0,2025-05-16
416245.0,4568515.0,2025-05-16
416255.0,4568515.0,2025-05-16
416265.0,4568515.0,2025-05-16
416275.0,4568515.0,2025-05-16
416285.0,4568515.0,2025-05-16
416295.0,4568515.0,2025-05-16
416305.0,4568515.0,2025-05-16
416315.0,4568515.0,2025-05-16
416325.0,4568515.0,2025-05-16
416335.0,4568515.0,2025-05-16
416345.0,4568515.0,2025-05-16
416355.0,4568515.0,2025-05-16
416365.0,4568515.0,2025-05-16
416375.0,4568515.0,2025-05-16
416385.0,4568515.0,2025-05-16
416395.0,4568515.0,2025-05-16
416405.0,4568515.0,2025-05-16
416415.0,4568515.0,2025-05-16
416425.0,4568515.0,2025-05-16
416435.0,4568515.0,2025-05-16
416445.0,4568515.0,2025-05-16
416455.0,4568515.0,2025-05-16
415115.0,4568505.0,2025-05-16
415125.0,4568505.0,2025-05-16
415135.0,4568505.0,2025-05-16
415145.0,4568505.0,2025-05-16
415155.0,4568505.0,2025-05-16
415165.0,4568505.0,2025-05-16
415175.0,4568505.0,2025-05-16
415185.0,4568505.0,2025-05-16
415195.0,4568505.0,2025-05-16
415205.0,4568505.0,2025-05-16
415215.0,4568505.0,2025-05-16
415225.0,4568505.0,2025-05-16
415235.0,4568505.0,2025-05-16
415245.0,4568505.0,2025-05-16
415255.0,4568505.0,2025-05-16
415265.0,4568505.0,2025-05-16
415275.0,4568505.0,2025-05-16
415285.0,4568505.0,2025-05-16
415295.0,4568505.0,2025-05-16
415305.0,4568505.0,2025-05-16
415315.0,4568505.0,2025-05-16
415325.0,4568505.0,2025-05-16
415335.0,4568505.0,2025-05-16
415345.0,4568505.0,2025-05-16
415355.0,4568505.0,2025-05-16
415365.0,4568505.0,2025-05-16
415375.0,4568505.0,2025-05-16
415385.0,4568505.0,2025-05-16
415395.0,4568505.0,2025-05-16
415405.0,4568505.0,2025-05-16
415415.0,4568505.0,2025-05-16
415425.0,4568505.0,2025-05-16
415435.0,4568505.0,2025-05-16
415445.0,4568505.0,2025-05-16
415455.0,4568505.0,2025-05-16
415465.0,4568505.0,2025-05-16
415475.0,4568505.0,2025-05-16
415485.0,4568505.0,2025-05-16
415495.0,4568505.0,2025-05-16
415505.0,4568505.0,2025-05-16
415515.0,4568505.0,2025-05-16
415525.0,4568505.0,2025-05-16
415535.0,4568505.0,2025-05-16
415545.0,4568505.0,2025-05-16
415555.0,4568505.0,2025-05-16
415565.0,4568505.0,2025-05-16
415575.0,4568505.0,2025-05-16
415585.0,4568505.0,2025-05-16
415595.0,4568505.0,2025-05-16
415605.0,4568505.0,2025-05-16
415615.0,4568505.0,2025-05-16
415625.0,4568505.0,2025-05-16
415635.0,4568505.0,2025-05-16
415645.0,4568505.0,2025-05-16
415655.0,4568505.0,2025-05-16
415665.0,4568505.0,2025-05-16
415675.0,4568505.0,2025-05-16
415685.0,4568505.0,2025-05-16
415695.0,4568505.0,2025-05-16
415705.0,4568505.0,2025-05-16
415715.0,4568505.0,2025-05-16
415725.0,4568505.0,2025-05-16
415735.0,4568505.0,2025-05-16
415745.0,4568505.0,2025-05-16
415755.0,4568505.0,2025-05-16
415765.0,4568505.0,2025-05-16
415775.0,4568505.0,2025-05-16
415785.0,4568505.0,2025-05-16
415795.0,4568505.0,2025-05-16
415805.0,4568505.0,2025-05-16
415815.0,4568505.0,2025-05-16
415825.0,4568505.0,2025-05-16
415835.0,4568505.0,2025-05-16
415845.0,4568505.0,2025-05-16
415855.0,4568505.0,2025-05-16
415865.0,4568505.0,2025-05-16
415875.0,4568505.0,2025-05-16
415885.0,4568505.0,2025-05-16
415895.0,4568505.0,2025-05-16
415905.0,4568505.0,2025-05-16
415915.0,4568505.0,2025-05-16
415925.0,4568505.0,2025-05-16
415935.0,4568505.0,2025-05-16
415945.0,4568505.0,2025-05-16
415955.0,4568505.0,2025-05-16
415965.0,4568505.0,2025-05-16
415975.0,4568505.0,2025-05-16
415985.0,4568505.0,2025-05-16
415995.0,4568505.0,2025-05-16
416005.0,4568505.0,2025-05-16
416015.0,4568505.0,2025-05-16
416025.0,4568505.0,2025-05-16
416035.0,4568505.0,2025-05-16
416045.0,4568505.0,2025-05-16
416055.0,4568505.0,2025-05-16
416065.0,4568505.0,2025-05-16
416075.0,4568505.0,2025-05-16
416085.0,4568505.0,2025-05-16
416095.0,4568505.0,2025-05-16
416105.0,4568505.0,2025-05-16
416115.0,4568505.0,2025-05-16
416125.0,4568505.0,2025-05-16
416135.0,4568505.0,2025-05-16
416145.0,4568505.0,2025-05-16
416155.0,4568505.0,2025-05-16
416165.0,4568505.0,2025-05-16
416175.0,4568505.0,2025-05-16
416185.0,4568505.0,2025-05-16
416195.0,4568505.0,2025-05-16
416205.0,4568505.0,2025-05-16
416215.0,4568505.0,2025-05-16
416225.0,4568505.0,2025-05-16
416235.0,4568505.0,2025-05-16
416245.0,4568505.0,2025-05-16
416255.0,4568505.0,2025-05-16
416265.0,4568505.0,2025-05-16
416275.0,4568505.0,2025-05-16
416285.0,4568505.0,2025-05-16
416295.0,4568505.0,2025-05-16
416305.0,4568505.0,2025-05-16
416315.0,4568505.0,2025-05-16
416325.0,4568505.0,2025-05-16
416335.0,4568505.0,2025-05-16
416345.0,4568505.0,2025-05-16
416355.0,4568505.0,2025-05-16
416365.0,4568505.0,2025-05-16
416375.0,4568505.0,2025-05-16
416385.0,4568505.0,2025-05-16
416395.0,4568505.0,2025-05-16
416405.0,4568505.0,2025-05-16
416415.0,4568505.0,2025-05-16
416425.0,4568505.0,2025-05-16
416435.0,4568505.0,2025-05-16
416445.0,4568505.0,2025-05-16
416455.0,4568505.0,2025-05-16
415965.0,4568495.0,2025-05-16
415975.0,4568495.0,2025-05-16
415985.0,4568495.0,2025-05-16
415995.0,4568495.0,2025-05-16
416005.0,4568495.0,2025-05-16
416015.0,4568495.0,2025-05-16
416025.0,4568495.0,2025-05-16
416035.0,4568495.0,2025-05-16
416045.0,4568495.0,2025-05-16
416055.0,4568495.0,2025-05-16
416065.0,4568495.0,2025-05-16
416075.0,4568495.0,2025-05-16
416085.0,4568495.0,2025-05-16
416095.0,4568495.0,2025-05-16
416105.0,4568495.0,2025-05-16
416115.0,4568495.0,2025-05-16
416125.0,4568495.0,2025-05-16
416135.0,4568495.0,2025-05-16
416145.0,4568495.0,2025-05-16
416155.0,4568495.0,2025-05-16
416165.0,4568495.0,2025-05-16
416175.0,4568495.0,2025-05-16
416185.0,4568495.0,2025-05-16
416195.0,4568495.0,2025-05-16
416205.0,4568495.0,2025-05-16
416215.0,4568495.0,2025-05-16
416225.0,4568495.0,2025-05-16
416235.0,4568495.0,2025-05-16
416245.0,4568495.0,2025-05-16
416255.0,4568495.0,2025-05-16
416265.0,4568495.0,2025-05-16
416275.0,4568495.0,2025-05-16
416285.0,4568495.0,2025-05-16
416295.0,4568495.0,2025-05-16
416305.0,4568495.0,2025-05-16
416315.0,4568495.0,2025-05-16
416325.0,4568495.0,2025-05-16
416335.0,4568495.0,2025-05-16
416345.0,4568495.0,2025-05-16
416355.0,4568495.0,2025-05-16
416365.0,4568495.0,2025-05-16
416375.0,4568495.0,2025-05-16
416385.0,4568495.0,2025-05-16
416395.0,4568495.0,2025-05-16
416405.0,4568495.0,2025-05-16
416415.0,4568495.0,2025-05-16
416425.0,4568495.0,2025-05-16
416435.0,4568495.0,2025-05-16
416445.0,4568495.0,2025-05-16
416455.0,4568495.0,2025-05-16
