411745.0,4568635.0,2025-06-25
411755.0,4568635.0,2025-06-25
411765.0,4568635.0,2025-06-25
411775.0,4568635.0,2025-06-25
411785.0,4568635.0,2025-06-25
411795.0,4568635.0,2025-06-25
411805.0,4568635.0,2025-06-25
411815.0,4568635.0,2025-06-25
411825.0,4568635.0,2025-06-25
411835.0,4568635.0,2025-06-25
411845.0,4568635.0,2025-06-25
411855.0,4568635.0,2025-06-25
411865.0,4568635.0,2025-06-25
411875.0,4568635.0,2025-06-25
411885.0,4568635.0,2025-06-25
411895.0,4568635.0,2025-06-25
411905.0,4568635.0,2025-06-25
411915.0,4568635.0,2025-06-25
411925.0,4568635.0,2025-06-25
411935.0,4568635.0,2025-06-25
411945.0,4568635.0,2025-06-25
411955.0,4568635.0,2025-06-25
411965.0,4568635.0,2025-06-25
411975.0,4568635.0,2025-06-25
411985.0,4568635.0,2025-06-25
411995.0,4568635.0,2025-06-25
412005.0,4568635.0,2025-06-25
412015.0,4568635.0,2025-06-25
412025.0,4568635.0,2025-06-25
412035.0,4568635.0,2025-06-25
412045.0,4568635.0,2025-06-25
412055.0,4568635.0,2025-06-25
412065.0,4568635.0,2025-06-25
412075.0,4568635.0,2025-06-25
412085.0,4568635.0,2025-06-25
412095.0,4568635.0,2025-06-25
412105.0,4568635.0,2025-06-25
412115.0,4568635.0,2025-06-25
412125.0,4568635.0,2025-06-25
412135.0,4568635.0,2025-06-25
412145.0,4568635.0,2025-06-25
412155.0,4568635.0,2025-06-25
412165.0,4568635.0,2025-06-25
412175.0,4568635.0,2025-06-25
412185.0,4568635.0,2025-06-25
412195.0,4568635.0,2025-06-25
412205.0,4568635.0,2025-06-25
412215.0,4568635.0,2025-06-25
412225.0,4568635.0,2025-06-25
412235.0,4568635.0,2025-06-25
412245.0,4568635.0,2025-06-25
411745.0,4568625.0,2025-06-25
411755.0,4568625.0,2025-06-25
411765.0,4568625.0,2025-06-25
411775.0,4568625.0,2025-06-25
411785.0,4568625.0,2025-06-25
411795.0,4568625.0,2025-06-25
411805.0,4568625.0,2025-06-25
411815.0,4568625.0,2025-06-25
411825.0,4568625.0,2025-06-25
411835.0,4568625.0,2025-06-25
411845.0,4568625.0,2025-06-25
411855.0,4568625.0,2025-06-25
411865.0,4568625.0,2025-06-25
411875.0,4568625.0,2025-06-25
411885.0,4568625.0,2025-06-25
411895.0,4568625.0,2025-06-25
411905.0,4568625.0,2025-06-25
411915.0,4568625.0,2025-06-25
411925.0,4568625.0,2025-06-25
411935.0,4568625.0,2025-06-25
411945.0,4568625.0,2025-06-25
411955.0,4568625.0,2025-06-25
411965.0,4568625.0,2025-06-25
411975.0,4568625.0,2025-06-25
411985.0,4568625.0,2025-06-25
411995.0,4568625.0,2025-06-25
412005.0,4568625.0,2025-06-25
412015.0,4568625.0,2025-06-25
412025.0,4568625.0,2025-06-25
412035.0,4568625.0,2025-06-25
412045.0,4568625.0,2025-06-25
412055.0,4568625.0,2025-06-25
412065.0,4568625.0,2025-06-25
412075.0,4568625.0,2025-06-25
412085.0,4568625.0,2025-06-25
412095.0,4568625.0,2025-06-25
412105.0,4568625.0,2025-06-25
412115.0,4568625.0,2025-06-25
412125.0,4568625.0,2025-06-25
412135.0,4568625.0,2025-06-25
412145.0,4568625.0,2025-06-25
412155.0,4568625.0,2025-06-25
412165.0,4568625.0,2025-06-25
412175.0,4568625.0,2025-06-25
412185.0,4568625.0,2025-06-25
412195.0,4568625.0,2025-06-25
412205.0,4568625.0,2025-06-25
412215.0,4568625.0,2025-06-25
412225.0,4568625.0,2025-06-25
412235.0,4568625.0,2025-06-25
412245.0,4568625.0,2025-06-25
412255.0,4568625.0,2025-06-25
412265.0,4568625.0,2025-06-25
412275.0,4568625.0,2025-06-25
412285.0,4568625.0,2025-06-25
412295.0,4568625.0,2025-06-25
412305.0,4568625.0,2025-06-25
412315.0,4568625.0,2025-06-25
412325.0,4568625.0,2025-06-25
412335.0,4568625.0,2025-06-25
412345.0,4568625.0,2025-06-25
412355.0,4568625.0,2025-06-25
412365.0,4568625.0,2025-06-25
412375.0,4568625.0,2025-06-25
412385.0,4568625.0,2025-06-25
412395.0,4568625.0,2025-06-25
412405.0,4568625.0,2025-06-25
412415.0,4568625.0,2025-06-25
412425.0,4568625.0,2025-06-25
412435.0,4568625.0,2025-06-25
412445.0,4568625.0,2025-06-25
412455.0,4568625.0,2025-06-25
412465.0,4568625.0,2025-06-25
412475.0,4568625.0,2025-06-25
412485.0,4568625.0,2025-06-25
412495.0,4568625.0,2025-06-25
412505.0,4568625.0,2025-06-25
412515.0,4568625.0,2025-06-25
412525.0,4568625.0,2025-06-25
412535.0,4568625.0,2025-06-25
412545.0,4568625.0,2025-06-25
412555.0,4568625.0,2025-06-25
412565.0,4568625.0,2025-06-25
412575.0,4568625.0,2025-06-25
412585.0,4568625.0,2025-06-25
412595.0,4568625.0,2025-06-25
412605.0,4568625.0,2025-06-25
412615.0,4568625.0,2025-06-25
412625.0,4568625.0,2025-06-25
412635.0,4568625.0,2025-06-25
412645.0,4568625.0,2025-06-25
412655.0,4568625.0,2025-06-25
412665.0,4568625.0,2025-06-25
412675.0,4568625.0,2025-06-25
412685.0,4568625.0,2025-06-25
412695.0,4568625.0,2025-06-25
412705.0,4568625.0,2025-06-25
412715.0,4568625.0,2025-06-25
412725.0,4568625.0,2025-06-25
412735.0,4568625.0,2025-06-25
412745.0,4568625.0,2025-06-25
412755.0,4568625.0,2025-06-25
412765.0,4568625.0,2025-06-25
412775.0,4568625.0,2025-06-25
412785.0,4568625.0,2025-06-25
412795.0,4568625.0,2025-06-25
412805.0,4568625.0,2025-06-25
412815.0,4568625.0,2025-06-25
412825.0,4568625.0,2025-06-25
412835.0,4568625.0,2025-06-25
412845.0,4568625.0,2025-06-25
412855.0,4568625.0,2025-06-25
412865.0,4568625.0,2025-06-25
412875.0,4568625.0,2025-06-25
412885.0,4568625.0,2025-06-25
412895.0,4568625.0,2025-06-25
412905.0,4568625.0,2025-06-25
412915.0,4568625.0,2025-06-25
412925.0,4568625.0,2025-06-25
412935.0,4568625.0,2025-06-25
412945.0,4568625.0,2025-06-25
412955.0,4568625.0,2025-06-25
412965.0,4568625.0,2025-06-25
412975.0,4568625.0,2025-06-25
412985.0,4568625.0,2025-06-25
412995.0,4568625.0,2025-06-25
413005.0,4568625.0,2025-06-25
413015.0,4568625.0,2025-06-25
413025.0,4568625.0,2025-06-25
413035.0,4568625.0,2025-06-25
413045.0,4568625.0,2025-06-25
413055.0,4568625.0,2025-06-25
413065.0,4568625.0,2025-06-25
413075.0,4568625.0,2025-06-25
413085.0,4568625.0,2025-06-25
413095.0,4568625.0,2025-06-25
411745.0,4568615.0,2025-06-25
411755.0,4568615.0,2025-06-25
411765.0,4568615.0,2025-06-25
411775.0,4568615.0,2025-06-25
411785.0,4568615.0,2025-06-25
411795.0,4568615.0,2025-06-25
411805.0,4568615.0,2025-06-25
411815.0,4568615.0,2025-06-25
411825.0,4568615.0,2025-06-25
411835.0,4568615.0,2025-06-25
411845.0,4568615.0,2025-06-25
411855.0,4568615.0,2025-06-25
411865.0,4568615.0,2025-06-25
411875.0,4568615.0,2025-06-25
411885.0,4568615.0,2025-06-25
411895.0,4568615.0,2025-06-25
411905.0,4568615.0,2025-06-25
411915.0,4568615.0,2025-06-25
411925.0,4568615.0,2025-06-25
411935.0,4568615.0,2025-06-25
411945.0,4568615.0,2025-06-25
411955.0,4568615.0,2025-06-25
411965.0,4568615.0,2025-06-25
411975.0,4568615.0,2025-06-25
411985.0,4568615.0,2025-06-25
411995.0,4568615.0,2025-06-25
412005.0,4568615.0,2025-06-25
412015.0,4568615.0,2025-06-25
412025.0,4568615.0,2025-06-25
412035.0,4568615.0,2025-06-25
412045.0,4568615.0,2025-06-25
412055.0,4568615.0,2025-06-25
412065.0,4568615.0,2025-06-25
412075.0,4568615.0,2025-06-25
412085.0,4568615.0,2025-06-25
412095.0,4568615.0,2025-06-25
412105.0,4568615.0,2025-06-25
412115.0,4568615.0,2025-06-25
412125.0,4568615.0,2025-06-25
412135.0,4568615.0,2025-06-25
412145.0,4568615.0,2025-06-25
412155.0,4568615.0,2025-06-25
412165.0,4568615.0,2025-06-25
412175.0,4568615.0,2025-06-25
412185.0,4568615.0,2025-06-25
412195.0,4568615.0,2025-06-25
412205.0,4568615.0,2025-06-25
412215.0,4568615.0,2025-06-25
412225.0,4568615.0,2025-06-25
412235.0,4568615.0,2025-06-25
412245.0,4568615.0,2025-06-25
412255.0,4568615.0,2025-06-25
412265.0,4568615.0,2025-06-25
412275.0,4568615.0,2025-06-25
412285.0,4568615.0,2025-06-25
412295.0,4568615.0,2025-06-25
412305.0,4568615.0,2025-06-25
412315.0,4568615.0,2025-06-25
412325.0,4568615.0,2025-06-25
412335.0,4568615.0,2025-06-25
412345.0,4568615.0,2025-06-25
412355.0,4568615.0,2025-06-25
412365.0,4568615.0,2025-06-25
412375.0,4568615.0,2025-06-25
412385.0,4568615.0,2025-06-25
412395.0,4568615.0,2025-06-25
412405.0,4568615.0,2025-06-25
412415.0,4568615.0,2025-06-25
412425.0,4568615.0,2025-06-25
412435.0,4568615.0,2025-06-25
412445.0,4568615.0,2025-06-25
412455.0,4568615.0,2025-06-25
412465.0,4568615.0,2025-06-25
412475.0,4568615.0,2025-06-25
412485.0,4568615.0,2025-06-25
412495.0,4568615.0,2025-06-25
412505.0,4568615.0,2025-06-25
412515.0,4568615.0,2025-06-25
412525.0,4568615.0,2025-06-25
412535.0,4568615.0,2025-06-25
412545.0,4568615.0,2025-06-25
412555.0,4568615.0,2025-06-25
412565.0,4568615.0,2025-06-25
412575.0,4568615.0,2025-06-25
412585.0,4568615.0,2025-06-25
412595.0,4568615.0,2025-06-25
412605.0,4568615.0,2025-06-25
412615.0,4568615.0,2025-06-25
412625.0,4568615.0,2025-06-25
412635.0,4568615.0,2025-06-25
412645.0,4568615.0,2025-06-25
412655.0,4568615.0,2025-06-25
412665.0,4568615.0,2025-06-25
412675.0,4568615.0,2025-06-25
412685.0,4568615.0,2025-06-25
412695.0,4568615.0,2025-06-25
412705.0,4568615.0,2025-06-25
412715.0,4568615.0,2025-06-25
412725.0,4568615.0,2025-06-25
412735.0,4568615.0,2025-06-25
412745.0,4568615.0,2025-06-25
412755.0,4568615.0,2025-06-25
412765.0,4568615.0,2025-06-25
412775.0,4568615.0,2025-06-25
412785.0,4568615.0,2025-06-25
412795.0,4568615.0,2025-06-25
412805.0,4568615.0,2025-06-25
412815.0,4568615.0,2025-06-25
412825.0,4568615.0,2025-06-25
412835.0,4568615.0,2025-06-25
412845.0,4568615.0,2025-06-25
412855.0,4568615.0,2025-06-25
412865.0,4568615.0,2025-06-25
412875.0,4568615.0,2025-06-25
412885.0,4568615.0,2025-06-25
412895.0,4568615.0,2025-06-25
412905.0,4568615.0,2025-06-25
412915.0,4568615.0,2025-06-25
412925.0,4568615.0,2025-06-25
412935.0,4568615.0,2025-06-25
412945.0,4568615.0,2025-06-25
412955.0,4568615.0,2025-06-25
412965.0,4568615.0,2025-06-25
412975.0,4568615.0,2025-06-25
412985.0,4568615.0,2025-06-25
412995.0,4568615.0,2025-06-25
413005.0,4568615.0,2025-06-25
413015.0,4568615.0,2025-06-25
413025.0,4568615.0,2025-06-25
413035.0,4568615.0,2025-06-25
413045.0,4568615.0,2025-06-25
413055.0,4568615.0,2025-06-25
413065.0,4568615.0,2025-06-25
413075.0,4568615.0,2025-06-25
413085.0,4568615.0,2025-06-25
413095.0,4568615.0,2025-06-25
413105.0,4568615.0,2025-06-25
413115.0,4568615.0,2025-06-25
413125.0,4568615.0,2025-06-25
413135.0,4568615.0,2025-06-25
413145.0,4568615.0,2025-06-25
413155.0,4568615.0,2025-06-25
413165.0,4568615.0,2025-06-25
413175.0,4568615.0,2025-06-25
413185.0,4568615.0,2025-06-25
413195.0,4568615.0,2025-06-25
413205.0,4568615.0,2025-06-25
413215.0,4568615.0,2025-06-25
413225.0,4568615.0,2025-06-25
413235.0,4568615.0,2025-06-25
413245.0,4568615.0,2025-06-25
413255.0,4568615.0,2025-06-25
413265.0,4568615.0,2025-06-25
413275.0,4568615.0,2025-06-25
413285.0,4568615.0,2025-06-25
413295.0,4568615.0,2025-06-25
413305.0,4568615.0,2025-06-25
413315.0,4568615.0,2025-06-25
413325.0,4568615.0,2025-06-25
413335.0,4568615.0,2025-06-25
413345.0,4568615.0,2025-06-25
413355.0,4568615.0,2025-06-25
413365.0,4568615.0,2025-06-25
413375.0,4568615.0,2025-06-25
413385.0,4568615.0,2025-06-25
413395.0,4568615.0,2025-06-25
413405.0,4568615.0,2025-06-25
413415.0,4568615.0,2025-06-25
413425.0,4568615.0,2025-06-25
413435.0,4568615.0,2025-06-25
413445.0,4568615.0,2025-06-25
413455.0,4568615.0,2025-06-25
413465.0,4568615.0,2025-06-25
413475.0,4568615.0,2025-06-25
413485.0,4568615.0,2025-06-25
413495.0,4568615.0,2025-06-25
413505.0,4568615.0,2025-06-25
413515.0,4568615.0,2025-06-25
413525.0,4568615.0,2025-06-25
413535.0,4568615.0,2025-06-25
413545.0,4568615.0,2025-06-25
413555.0,4568615.0,2025-06-25
413565.0,4568615.0,2025-06-25
413575.0,4568615.0,2025-06-25
413585.0,4568615.0,2025-06-25
413595.0,4568615.0,2025-06-25
413605.0,4568615.0,2025-06-25
413615.0,4568615.0,2025-06-25
413625.0,4568615.0,2025-06-25
413635.0,4568615.0,2025-06-25
413645.0,4568615.0,2025-06-25
413655.0,4568615.0,2025-06-25
413665.0,4568615.0,2025-06-25
413675.0,4568615.0,2025-06-25
413685.0,4568615.0,2025-06-25
413695.0,4568615.0,2025-06-25
413705.0,4568615.0,2025-06-25
413715.0,4568615.0,2025-06-25
413725.0,4568615.0,2025-06-25
413735.0,4568615.0,2025-06-25
413745.0,4568615.0,2025-06-25
413755.0,4568615.0,2025-06-25
413765.0,4568615.0,2025-06-25
413775.0,4568615.0,2025-06-25
413785.0,4568615.0,2025-06-25
413795.0,4568615.0,2025-06-25
413805.0,4568615.0,2025-06-25
413815.0,4568615.0,2025-06-25
413825.0,4568615.0,2025-06-25
413835.0,4568615.0,2025-06-25
413845.0,4568615.0,2025-06-25
413855.0,4568615.0,2025-06-25
413865.0,4568615.0,2025-06-25
413875.0,4568615.0,2025-06-25
413885.0,4568615.0,2025-06-25
413895.0,4568615.0,2025-06-25
413905.0,4568615.0,2025-06-25
413915.0,4568615.0,2025-06-25
413925.0,4568615.0,2025-06-25
413935.0,4568615.0,2025-06-25
411745.0,4568605.0,2025-06-25
411755.0,4568605.0,2025-06-25
411765.0,4568605.0,2025-06-25
411775.0,4568605.0,2025-06-25
411785.0,4568605.0,2025-06-25
411795.0,4568605.0,2025-06-25
411805.0,4568605.0,2025-06-25
411815.0,4568605.0,2025-06-25
411825.0,4568605.0,2025-06-25
411835.0,4568605.0,2025-06-25
411845.0,4568605.0,2025-06-25
411855.0,4568605.0,2025-06-25
411865.0,4568605.0,2025-06-25
411875.0,4568605.0,2025-06-25
411885.0,4568605.0,2025-06-25
411895.0,4568605.0,2025-06-25
411905.0,4568605.0,2025-06-25
411915.0,4568605.0,2025-06-25
411925.0,4568605.0,2025-06-25
411935.0,4568605.0,2025-06-25
411945.0,4568605.0,2025-06-25
411955.0,4568605.0,2025-06-25
411965.0,4568605.0,2025-06-25
411975.0,4568605.0,2025-06-25
411985.0,4568605.0,2025-06-25
411995.0,4568605.0,2025-06-25
412005.0,4568605.0,2025-06-25
412015.0,4568605.0,2025-06-25
412025.0,4568605.0,2025-06-25
412035.0,4568605.0,2025-06-25
412045.0,4568605.0,2025-06-25
412055.0,4568605.0,2025-06-25
412065.0,4568605.0,2025-06-25
412075.0,4568605.0,2025-06-25
412085.0,4568605.0,2025-06-25
412095.0,4568605.0,2025-06-25
412105.0,4568605.0,2025-06-25
412115.0,4568605.0,2025-06-25
412125.0,4568605.0,2025-06-25
412135.0,4568605.0,2025-06-25
412145.0,4568605.0,2025-06-25
412155.0,4568605.0,2025-06-25
412165.0,4568605.0,2025-06-25
412175.0,4568605.0,2025-06-25
412185.0,4568605.0,2025-06-25
412195.0,4568605.0,2025-06-25
412205.0,4568605.0,2025-06-25
412215.0,4568605.0,2025-06-25
412225.0,4568605.0,2025-06-25
412235.0,4568605.0,2025-06-25
412245.0,4568605.0,2025-06-25
412255.0,4568605.0,2025-06-25
412265.0,4568605.0,2025-06-25
412275.0,4568605.0,2025-06-25
412285.0,4568605.0,2025-06-25
412295.0,4568605.0,2025-06-25
412305.0,4568605.0,2025-06-25
412315.0,4568605.0,2025-06-25
412325.0,4568605.0,2025-06-25
412335.0,4568605.0,2025-06-25
412345.0,4568605.0,2025-06-25
412355.0,4568605.0,2025-06-25
412365.0,4568605.0,2025-06-25
412375.0,4568605.0,2025-06-25
412385.0,4568605.0,2025-06-25
412395.0,4568605.0,2025-06-25
412405.0,4568605.0,2025-06-25
412415.0,4568605.0,2025-06-25
412425.0,4568605.0,2025-06-25
412435.0,4568605.0,2025-06-25
412445.0,4568605.0,2025-06-25
412455.0,4568605.0,2025-06-25
412465.0,4568605.0,2025-06-25
412475.0,4568605.0,2025-06-25
412485.0,4568605.0,2025-06-25
412495.0,4568605.0,2025-06-25
412505.0,4568605.0,2025-06-25
412515.0,4568605.0,2025-06-25
412525.0,4568605.0,2025-06-25
412535.0,4568605.0,2025-06-25
412545.0,4568605.0,2025-06-25
412555.0,4568605.0,2025-06-25
412565.0,4568605.0,2025-06-25
412575.0,4568605.0,2025-06-25
412585.0,4568605.0,2025-06-25
412595.0,4568605.0,2025-06-25
412605.0,4568605.0,2025-06-25
412615.0,4568605.0,2025-06-25
412625.0,4568605.0,2025-06-25
412635.0,4568605.0,2025-06-25
412645.0,4568605.0,2025-06-25
412655.0,4568605.0,2025-06-25
412665.0,4568605.0,2025-06-25
412675.0,4568605.0,2025-06-25
412685.0,4568605.0,2025-06-25
412695.0,4568605.0,2025-06-25
412705.0,4568605.0,2025-06-25
412715.0,4568605.0,2025-06-25
412725.0,4568605.0,2025-06-25
412735.0,4568605.0,2025-06-25
412745.0,4568605.0,2025-06-25
412755.0,4568605.0,2025-06-25
412765.0,4568605.0,2025-06-25
412775.0,4568605.0,2025-06-25
412785.0,4568605.0,2025-06-25
412795.0,4568605.0,2025-06-25
412805.0,4568605.0,2025-06-25
412815.0,4568605.0,2025-06-25
412825.0,4568605.0,2025-06-25
412835.0,4568605.0,2025-06-25
412845.0,4568605.0,2025-06-25
412855.0,4568605.0,2025-06-25
412865.0,4568605.0,2025-06-25
412875.0,4568605.0,2025-06-25
412885.0,4568605.0,2025-06-25
412895.0,4568605.0,2025-06-25
412905.0,4568605.0,2025-06-25
412915.0,4568605.0,2025-06-25
412925.0,4568605.0,2025-06-25
412935.0,4568605.0,2025-06-25
412945.0,4568605.0,2025-06-25
412955.0,4568605.0,2025-06-25
412965.0,4568605.0,2025-06-25
412975.0,4568605.0,2025-06-25
412985.0,4568605.0,2025-06-25
412995.0,4568605.0,2025-06-25
413005.0,4568605.0,2025-06-25
413015.0,4568605.0,2025-06-25
413025.0,4568605.0,2025-06-25
413035.0,4568605.0,2025-06-25
413045.0,4568605.0,2025-06-25
413055.0,4568605.0,2025-06-25
413065.0,4568605.0,2025-06-25
413075.0,4568605.0,2025-06-25
413085.0,4568605.0,2025-06-25
413095.0,4568605.0,2025-06-25
413105.0,4568605.0,2025-06-25
413115.0,4568605.0,2025-06-25
413125.0,4568605.0,2025-06-25
413135.0,4568605.0,2025-06-25
413145.0,4568605.0,2025-06-25
413155.0,4568605.0,2025-06-25
413165.0,4568605.0,2025-06-25
413175.0,4568605.0,2025-06-25
413185.0,4568605.0,2025-06-25
413195.0,4568605.0,2025-06-25
413205.0,4568605.0,2025-06-25
413215.0,4568605.0,2025-06-25
413225.0,4568605.0,2025-06-25
413235.0,4568605.0,2025-06-25
413245.0,4568605.0,2025-06-25
413255.0,4568605.0,2025-06-25
413265.0,4568605.0,2025-06-25
413275.0,4568605.0,2025-06-25
413285.0,4568605.0,2025-06-25
413295.0,4568605.0,2025-06-25
413305.0,4568605.0,2025-06-25
413315.0,4568605.0,2025-06-25
413325.0,4568605.0,2025-06-25
413335.0,4568605.0,2025-06-25
413345.0,4568605.0,2025-06-25
413355.0,4568605.0,2025-06-25
413365.0,4568605.0,2025-06-25
413375.0,4568605.0,2025-06-25
413385.0,4568605.0,2025-06-25
413395.0,4568605.0,2025-06-25
413405.0,4568605.0,2025-06-25
413415.0,4568605.0,2025-06-25
413425.0,4568605.0,2025-06-25
413435.0,4568605.0,2025-06-25
413445.0,4568605.0,2025-06-25
413455.0,4568605.0,2025-06-25
413465.0,4568605.0,2025-06-25
413475.0,4568605.0,2025-06-25
413485.0,4568605.0,2025-06-25
413495.0,4568605.0,2025-06-25
413505.0,4568605.0,2025-06-25
413515.0,4568605.0,2025-06-25
413525.0,4568605.0,2025-06-25
413535.0,4568605.0,2025-06-25
413545.0,4568605.0,2025-06-25
413555.0,4568605.0,2025-06-25
413565.0,4568605.0,2025-06-25
413575.0,4568605.0,2025-06-25
413585.0,4568605.0,2025-06-25
413595.0,4568605.0,2025-06-25
413605.0,4568605.0,2025-06-25
413615.0,4568605.0,2025-06-25
413625.0,4568605.0,2025-06-25
413635.0,4568605.0,2025-06-25
413645.0,4568605.0,2025-06-25
413655.0,4568605.0,2025-06-25
413665.0,4568605.0,2025-06-25
413675.0,4568605.0,2025-06-25
413685.0,4568605.0,2025-06-25
413695.0,4568605.0,2025-06-25
413705.0,4568605.0,2025-06-25
413715.0,4568605.0,2025-06-25
413725.0,4568605.0,2025-06-25
413735.0,4568605.0,2025-06-25
413745.0,4568605.0,2025-06-25
413755.0,4568605.0,2025-06-25
413765.0,4568605.0,2025-06-25
413775.0,4568605.0,2025-06-25
413785.0,4568605.0,2025-06-25
413795.0,4568605.0,2025-06-25
413805.0,4568605.0,2025-06-25
413815.0,4568605.0,2025-06-25
413825.0,4568605.0,2025-06-25
413835.0,4568605.0,2025-06-25
413845.0,4568605.0,2025-06-25
413855.0,4568605.0,2025-06-25
413865.0,4568605.0,2025-06-25
413875.0,4568605.0,2025-06-25
413885.0,4568605.0,2025-06-25
413895.0,4568605.0,2025-06-25
413905.0,4568605.0,2025-06-25
413915.0,4568605.0,2025-06-25
413925.0,4568605.0,2025-06-25
413935.0,4568605.0,2025-06-25
413945.0,4568605.0,2025-06-25
413955.0,4568605.0,2025-06-25
413965.0,4568605.0,2025-06-25
413975.0,4568605.0,2025-06-25
413985.0,4568605.0,2025-06-25
413995.0,4568605.0,2025-06-25
414005.0,4568605.0,2025-06-25
414015.0,4568605.0,2025-06-25
414025.0,4568605.0,2025-06-25
414035.0,4568605.0,2025-06-25
414045.0,4568605.0,2025-06-25
414055.0,4568605.0,2025-06-25
414065.0,4568605.0,2025-06-25
414075.0,4568605.0,2025-06-25
414085.0,4568605.0,2025-06-25
414095.0,4568605.0,2025-06-25
414105.0,4568605.0,2025-06-25
414115.0,4568605.0,2025-06-25
414125.0,4568605.0,2025-06-25
414135.0,4568605.0,2025-06-25
414145.0,4568605.0,2025-06-25
414155.0,4568605.0,2025-06-25
414165.0,4568605.0,2025-06-25
414175.0,4568605.0,2025-06-25
414185.0,4568605.0,2025-06-25
414195.0,4568605.0,2025-06-25
414205.0,4568605.0,2025-06-25
414215.0,4568605.0,2025-06-25
414225.0,4568605.0,2025-06-25
414235.0,4568605.0,2025-06-25
414245.0,4568605.0,2025-06-25
414255.0,4568605.0,2025-06-25
414265.0,4568605.0,2025-06-25
414275.0,4568605.0,2025-06-25
414285.0,4568605.0,2025-06-25
414295.0,4568605.0,2025-06-25
414305.0,4568605.0,2025-06-25
414315.0,4568605.0,2025-06-25
414325.0,4568605.0,2025-06-25
414335.0,4568605.0,2025-06-25
414345.0,4568605.0,2025-06-25
414355.0,4568605.0,2025-06-25
414365.0,4568605.0,2025-06-25
414375.0,4568605.0,2025-06-25
414385.0,4568605.0,2025-06-25
414395.0,4568605.0,2025-06-25
414405.0,4568605.0,2025-06-25
414415.0,4568605.0,2025-06-25
414425.0,4568605.0,2025-06-25
414435.0,4568605.0,2025-06-25
414445.0,4568605.0,2025-06-25
414455.0,4568605.0,2025-06-25
414465.0,4568605.0,2025-06-25
414475.0,4568605.0,2025-06-25
414485.0,4568605.0,2025-06-25
414495.0,4568605.0,2025-06-25
414505.0,4568605.0,2025-06-25
414515.0,4568605.0,2025-06-25
414525.0,4568605.0,2025-06-25
414535.0,4568605.0,2025-06-25
414545.0,4568605.0,2025-06-25
414555.0,4568605.0,2025-06-25
414565.0,4568605.0,2025-06-25
414575.0,4568605.0,2025-06-25
414585.0,4568605.0,2025-06-25
414595.0,4568605.0,2025-06-25
414605.0,4568605.0,2025-06-25
414615.0,4568605.0,2025-06-25
414625.0,4568605.0,2025-06-25
414635.0,4568605.0,2025-06-25
414645.0,4568605.0,2025-06-25
414655.0,4568605.0,2025-06-25
414665.0,4568605.0,2025-06-25
414675.0,4568605.0,2025-06-25
414685.0,4568605.0,2025-06-25
414695.0,4568605.0,2025-06-25
414705.0,4568605.0,2025-06-25
414715.0,4568605.0,2025-06-25
414725.0,4568605.0,2025-06-25
414735.0,4568605.0,2025-06-25
414745.0,4568605.0,2025-06-25
414755.0,4568605.0,2025-06-25
414765.0,4568605.0,2025-06-25
414775.0,4568605.0,2025-06-25
414785.0,4568605.0,2025-06-25
411745.0,4568595.0,2025-06-25
411755.0,4568595.0,2025-06-25
411765.0,4568595.0,2025-06-25
411775.0,4568595.0,2025-06-25
411785.0,4568595.0,2025-06-25
411795.0,4568595.0,2025-06-25
411805.0,4568595.0,2025-06-25
411815.0,4568595.0,2025-06-25
411825.0,4568595.0,2025-06-25
411835.0,4568595.0,2025-06-25
411845.0,4568595.0,2025-06-25
411855.0,4568595.0,2025-06-25
411865.0,4568595.0,2025-06-25
411875.0,4568595.0,2025-06-25
411885.0,4568595.0,2025-06-25
411895.0,4568595.0,2025-06-25
411905.0,4568595.0,2025-06-25
411915.0,4568595.0,2025-06-25
411925.0,4568595.0,2025-06-25
411935.0,4568595.0,2025-06-25
411945.0,4568595.0,2025-06-25
411955.0,4568595.0,2025-06-25
411965.0,4568595.0,2025-06-25
411975.0,4568595.0,2025-06-25
411985.0,4568595.0,2025-06-25
411995.0,4568595.0,2025-06-25
412005.0,4568595.0,2025-06-25
412015.0,4568595.0,2025-06-25
412025.0,4568595.0,2025-06-25
412035.0,4568595.0,2025-06-25
412045.0,4568595.0,2025-06-25
412055.0,4568595.0,2025-06-25
412065.0,4568595.0,2025-06-25
412075.0,4568595.0,2025-06-25
412085.0,4568595.0,2025-06-25
412095.0,4568595.0,2025-06-25
412105.0,4568595.0,2025-06-25
412115.0,4568595.0,2025-06-25
412125.0,4568595.0,2025-06-25
412135.0,4568595.0,2025-06-25
412145.0,4568595.0,2025-06-25
412155.0,4568595.0,2025-06-25
412165.0,4568595.0,2025-06-25
412175.0,4568595.0,2025-06-25
412185.0,4568595.0,2025-06-25
412195.0,4568595.0,2025-06-25
412205.0,4568595.0,2025-06-25
412215.0,4568595.0,2025-06-25
412225.0,4568595.0,2025-06-25
412235.0,4568595.0,2025-06-25
412245.0,4568595.0,2025-06-25
412255.0,4568595.0,2025-06-25
412265.0,4568595.0,2025-06-25
412275.0,4568595.0,2025-06-25
412285.0,4568595.0,2025-06-25
412295.0,4568595.0,2025-06-25
412305.0,4568595.0,2025-06-25
412315.0,4568595.0,2025-06-25
412325.0,4568595.0,2025-06-25
412335.0,4568595.0,2025-06-25
412345.0,4568595.0,2025-06-25
412355.0,4568595.0,2025-06-25
412365.0,4568595.0,2025-06-25
412375.0,4568595.0,2025-06-25
412385.0,4568595.0,2025-06-25
412395.0,4568595.0,2025-06-25
412405.0,4568595.0,2025-06-25
412415.0,4568595.0,2025-06-25
412425.0,4568595.0,2025-06-25
412435.0,4568595.0,2025-06-25
412445.0,4568595.0,2025-06-25
412455.0,4568595.0,2025-06-25
412465.0,4568595.0,2025-06-25
412475.0,4568595.0,2025-06-25
412485.0,4568595.0,2025-06-25
412495.0,4568595.0,2025-06-25
412505.0,4568595.0,2025-06-25
412515.0,4568595.0,2025-06-25
412525.0,4568595.0,2025-06-25
412535.0,4568595.0,2025-06-25
412545.0,4568595.0,2025-06-25
412555.0,4568595.0,2025-06-25
412565.0,4568595.0,2025-06-25
412575.0,4568595.0,2025-06-25
412585.0,4568595.0,2025-06-25
412595.0,4568595.0,2025-06-25
412605.0,4568595.0,2025-06-25
412615.0,4568595.0,2025-06-25
412625.0,4568595.0,2025-06-25
412635.0,4568595.0,2025-06-25
412645.0,4568595.0,2025-06-25
412655.0,4568595.0,2025-06-25
412665.0,4568595.0,2025-06-25
412675.0,4568595.0,2025-06-25
412685.0,4568595.0,2025-06-25
412695.0,4568595.0,2025-06-25
412705.0,4568595.0,2025-06-25
412715.0,4568595.0,2025-06-25
412725.0,4568595.0,2025-06-25
412735.0,4568595.0,2025-06-25
412745.0,4568595.0,2025-06-25
412755.0,4568595.0,2025-06-25
412765.0,4568595.0,2025-06-25
412775.0,4568595.0,2025-06-25
412785.0,4568595.0,2025-06-25
412795.0,4568595.0,2025-06-25
412805.0,4568595.0,2025-06-25
412815.0,4568595.0,2025-06-25
412825.0,4568595.0,2025-06-25
412835.0,4568595.0,2025-06-25
412845.0,4568595.0,2025-06-25
412855.0,4568595.0,2025-06-25
412865.0,4568595.0,2025-06-25
412875.0,4568595.0,2025-06-25
412885.0,4568595.0,2025-06-25
412895.0,4568595.0,2025-06-25
412905.0,4568595.0,2025-06-25
412915.0,4568595.0,2025-06-25
412925.0,4568595.0,2025-06-25
412935.0,4568595.0,2025-06-25
412945.0,4568595.0,2025-06-25
412955.0,4568595.0,2025-06-25
412965.0,4568595.0,2025-06-25
412975.0,4568595.0,2025-06-25
412985.0,4568595.0,2025-06-25
412995.0,4568595.0,2025-06-25
413005.0,4568595.0,2025-06-25
413015.0,4568595.0,2025-06-25
413025.0,4568595.0,2025-06-25
413035.0,4568595.0,2025-06-25
413045.0,4568595.0,2025-06-25
413055.0,4568595.0,2025-06-25
413065.0,4568595.0,2025-06-25
413075.0,4568595.0,2025-06-25
413085.0,4568595.0,2025-06-25
413095.0,4568595.0,2025-06-25
413105.0,4568595.0,2025-06-25
413115.0,4568595.0,2025-06-25
413125.0,4568595.0,2025-06-25
413135.0,4568595.0,2025-06-25
413145.0,4568595.0,2025-06-25
413155.0,4568595.0,2025-06-25
413165.0,4568595.0,2025-06-25
413175.0,4568595.0,2025-06-25
413185.0,4568595.0,2025-06-25
413195.0,4568595.0,2025-06-25
413205.0,4568595.0,2025-06-25
413215.0,4568595.0,2025-06-25
413225.0,4568595.0,2025-06-25
413235.0,4568595.0,2025-06-25
413245.0,4568595.0,2025-06-25
413255.0,4568595.0,2025-06-25
413265.0,4568595.0,2025-06-25
413275.0,4568595.0,2025-06-25
413285.0,4568595.0,2025-06-25
413295.0,4568595.0,2025-06-25
413305.0,4568595.0,2025-06-25
413315.0,4568595.0,2025-06-25
413325.0,4568595.0,2025-06-25
413335.0,4568595.0,2025-06-25
413345.0,4568595.0,2025-06-25
413355.0,4568595.0,2025-06-25
413365.0,4568595.0,2025-06-25
413375.0,4568595.0,2025-06-25
413385.0,4568595.0,2025-06-25
413395.0,4568595.0,2025-06-25
413405.0,4568595.0,2025-06-25
413415.0,4568595.0,2025-06-25
413425.0,4568595.0,2025-06-25
413435.0,4568595.0,2025-06-25
413445.0,4568595.0,2025-06-25
413455.0,4568595.0,2025-06-25
413465.0,4568595.0,2025-06-25
413475.0,4568595.0,2025-06-25
413485.0,4568595.0,2025-06-25
413495.0,4568595.0,2025-06-25
413505.0,4568595.0,2025-06-25
413515.0,4568595.0,2025-06-25
413525.0,4568595.0,2025-06-25
413535.0,4568595.0,2025-06-25
413545.0,4568595.0,2025-06-25
413555.0,4568595.0,2025-06-25
413565.0,4568595.0,2025-06-25
413575.0,4568595.0,2025-06-25
413585.0,4568595.0,2025-06-25
413595.0,4568595.0,2025-06-25
413605.0,4568595.0,2025-06-25
413615.0,4568595.0,2025-06-25
413625.0,4568595.0,2025-06-25
413635.0,4568595.0,2025-06-25
413645.0,4568595.0,2025-06-25
413655.0,4568595.0,2025-06-25
413665.0,4568595.0,2025-06-25
413675.0,4568595.0,2025-06-25
413685.0,4568595.0,2025-06-25
413695.0,4568595.0,2025-06-25
413705.0,4568595.0,2025-06-25
413715.0,4568595.0,2025-06-25
413725.0,4568595.0,2025-06-25
413735.0,4568595.0,2025-06-25
413745.0,4568595.0,2025-06-25
413755.0,4568595.0,2025-06-25
413765.0,4568595.0,2025-06-25
413775.0,4568595.0,2025-06-25
413785.0,4568595.0,2025-06-25
413795.0,4568595.0,2025-06-25
413805.0,4568595.0,2025-06-25
413815.0,4568595.0,2025-06-25
413825.0,4568595.0,2025-06-25
413835.0,4568595.0,2025-06-25
413845.0,4568595.0,2025-06-25
413855.0,4568595.0,2025-06-25
413865.0,4568595.0,2025-06-25
413875.0,4568595.0,2025-06-25
413885.0,4568595.0,2025-06-25
413895.0,4568595.0,2025-06-25
413905.0,4568595.0,2025-06-25
413915.0,4568595.0,2025-06-25
413925.0,4568595.0,2025-06-25
413935.0,4568595.0,2025-06-25
413945.0,4568595.0,2025-06-25
413955.0,4568595.0,2025-06-25
413965.0,4568595.0,2025-06-25
413975.0,4568595.0,2025-06-25
413985.0,4568595.0,2025-06-25
413995.0,4568595.0,2025-06-25
414005.0,4568595.0,2025-06-25
414015.0,4568595.0,2025-06-25
414025.0,4568595.0,2025-06-25
414035.0,4568595.0,2025-06-25
414045.0,4568595.0,2025-06-25
414055.0,4568595.0,2025-06-25
414065.0,4568595.0,2025-06-25
414075.0,4568595.0,2025-06-25
414085.0,4568595.0,2025-06-25
414095.0,4568595.0,2025-06-25
414105.0,4568595.0,2025-06-25
414115.0,4568595.0,2025-06-25
414125.0,4568595.0,2025-06-25
414135.0,4568595.0,2025-06-25
414145.0,4568595.0,2025-06-25
414155.0,4568595.0,2025-06-25
414165.0,4568595.0,2025-06-25
414175.0,4568595.0,2025-06-25
414185.0,4568595.0,2025-06-25
414195.0,4568595.0,2025-06-25
414205.0,4568595.0,2025-06-25
414215.0,4568595.0,2025-06-25
414225.0,4568595.0,2025-06-25
414235.0,4568595.0,2025-06-25
414245.0,4568595.0,2025-06-25
414255.0,4568595.0,2025-06-25
414265.0,4568595.0,2025-06-25
414275.0,4568595.0,2025-06-25
414285.0,4568595.0,2025-06-25
414295.0,4568595.0,2025-06-25
414305.0,4568595.0,2025-06-25
414315.0,4568595.0,2025-06-25
414325.0,4568595.0,2025-06-25
414335.0,4568595.0,2025-06-25
414345.0,4568595.0,2025-06-25
414355.0,4568595.0,2025-06-25
414365.0,4568595.0,2025-06-25
414375.0,4568595.0,2025-06-25
414385.0,4568595.0,2025-06-25
414395.0,4568595.0,2025-06-25
414405.0,4568595.0,2025-06-25
414415.0,4568595.0,2025-06-25
414425.0,4568595.0,2025-06-25
414435.0,4568595.0,2025-06-25
414445.0,4568595.0,2025-06-25
414455.0,4568595.0,2025-06-25
414465.0,4568595.0,2025-06-25
414475.0,4568595.0,2025-06-25
414485.0,4568595.0,2025-06-25
414495.0,4568595.0,2025-06-25
414505.0,4568595.0,2025-06-25
414515.0,4568595.0,2025-06-25
414525.0,4568595.0,2025-06-25
414535.0,4568595.0,2025-06-25
414545.0,4568595.0,2025-06-25
414555.0,4568595.0,2025-06-25
414565.0,4568595.0,2025-06-25
414575.0,4568595.0,2025-06-25
414585.0,4568595.0,2025-06-25
414595.0,4568595.0,2025-06-25
414605.0,4568595.0,2025-06-25
414615.0,4568595.0,2025-06-25
414625.0,4568595.0,2025-06-25
414635.0,4568595.0,2025-06-25
414645.0,4568595.0,2025-06-25
414655.0,4568595.0,2025-06-25
414665.0,4568595.0,2025-06-25
414675.0,4568595.0,2025-06-25
414685.0,4568595.0,2025-06-25
414695.0,4568595.0,2025-06-25
414705.0,4568595.0,2025-06-25
414715.0,4568595.0,2025-06-25
414725.0,4568595.0,2025-06-25
414735.0,4568595.0,2025-06-25
414745.0,4568595.0,2025-06-25
414755.0,4568595.0,2025-06-25
414765.0,4568595.0,2025-06-25
414775.0,4568595.0,2025-06-25
414785.0,4568595.0,2025-06-25
414795.0,4568595.0,2025-06-25
414805.0,4568595.0,2025-06-25
414815.0,4568595.0,2025-06-25
414825.0,4568595.0,2025-06-25
414835.0,4568595.0,2025-06-25
414845.0,4568595.0,2025-06-25
414855.0,4568595.0,2025-06-25
414865.0,4568595.0,2025-06-25
414875.0,4568595.0,2025-06-25
414885.0,4568595.0,2025-06-25
414895.0,4568595.0,2025-06-25
414905.0,4568595.0,2025-06-25
414915.0,4568595.0,2025-06-25
414925.0,4568595.0,2025-06-25
414935.0,4568595.0,2025-06-25
414945.0,4568595.0,2025-06-25
414955.0,4568595.0,2025-06-25
414965.0,4568595.0,2025-06-25
414975.0,4568595.0,2025-06-25
414985.0,4568595.0,2025-06-25
414995.0,4568595.0,2025-06-25
415005.0,4568595.0,2025-06-25
415015.0,4568595.0,2025-06-25
415025.0,4568595.0,2025-06-25
415035.0,4568595.0,2025-06-25
415045.0,4568595.0,2025-06-25
415055.0,4568595.0,2025-06-25
415065.0,4568595.0,2025-06-25
415075.0,4568595.0,2025-06-25
415085.0,4568595.0,2025-06-25
415095.0,4568595.0,2025-06-25
415105.0,4568595.0,2025-06-25
415115.0,4568595.0,2025-06-25
415125.0,4568595.0,2025-06-25
415135.0,4568595.0,2025-06-25
415145.0,4568595.0,2025-06-25
415155.0,4568595.0,2025-06-25
415165.0,4568595.0,2025-06-25
415175.0,4568595.0,2025-06-25
415185.0,4568595.0,2025-06-25
415195.0,4568595.0,2025-06-25
415205.0,4568595.0,2025-06-25
415215.0,4568595.0,2025-06-25
415225.0,4568595.0,2025-06-25
415235.0,4568595.0,2025-06-25
415245.0,4568595.0,2025-06-25
415255.0,4568595.0,2025-06-25
415265.0,4568595.0,2025-06-25
415275.0,4568595.0,2025-06-25
415285.0,4568595.0,2025-06-25
415295.0,4568595.0,2025-06-25
415305.0,4568595.0,2025-06-25
415315.0,4568595.0,2025-06-25
415325.0,4568595.0,2025-06-25
415335.0,4568595.0,2025-06-25
415345.0,4568595.0,2025-06-25
415355.0,4568595.0,2025-06-25
415365.0,4568595.0,2025-06-25
415375.0,4568595.0,2025-06-25
415385.0,4568595.0,2025-06-25
415395.0,4568595.0,2025-06-25
415405.0,4568595.0,2025-06-25
415415.0,4568595.0,2025-06-25
415425.0,4568595.0,2025-06-25
415435.0,4568595.0,2025-06-25
415445.0,4568595.0,2025-06-25
415455.0,4568595.0,2025-06-25
415465.0,4568595.0,2025-06-25
415475.0,4568595.0,2025-06-25
415485.0,4568595.0,2025-06-25
415495.0,4568595.0,2025-06-25
415505.0,4568595.0,2025-06-25
415515.0,4568595.0,2025-06-25
415525.0,4568595.0,2025-06-25
415535.0,4568595.0,2025-06-25
415545.0,4568595.0,2025-06-25
415555.0,4568595.0,2025-06-25
415565.0,4568595.0,2025-06-25
415575.0,4568595.0,2025-06-25
415585.0,4568595.0,2025-06-25
415595.0,4568595.0,2025-06-25
415605.0,4568595.0,2025-06-25
415615.0,4568595.0,2025-06-25
415625.0,4568595.0,2025-06-25
415635.0,4568595.0,2025-06-25
411745.0,4568585.0,2025-06-25
411755.0,4568585.0,2025-06-25
411765.0,4568585.0,2025-06-25
411775.0,4568585.0,2025-06-25
411785.0,4568585.0,2025-06-25
411795.0,4568585.0,2025-06-25
411805.0,4568585.0,2025-06-25
411815.0,4568585.0,2025-06-25
411825.0,4568585.0,2025-06-25
411835.0,4568585.0,2025-06-25
411845.0,4568585.0,2025-06-25
411855.0,4568585.0,2025-06-25
411865.0,4568585.0,2025-06-25
411875.0,4568585.0,2025-06-25
411885.0,4568585.0,2025-06-25
411895.0,4568585.0,2025-06-25
411905.0,4568585.0,2025-06-25
411915.0,4568585.0,2025-06-25
411925.0,4568585.0,2025-06-25
411935.0,4568585.0,2025-06-25
411945.0,4568585.0,2025-06-25
411955.0,4568585.0,2025-06-25
411965.0,4568585.0,2025-06-25
411975.0,4568585.0,2025-06-25
411985.0,4568585.0,2025-06-25
411995.0,4568585.0,2025-06-25
412005.0,4568585.0,2025-06-25
412015.0,4568585.0,2025-06-25
412025.0,4568585.0,2025-06-25
412035.0,4568585.0,2025-06-25
412045.0,4568585.0,2025-06-25
412055.0,4568585.0,2025-06-25
412065.0,4568585.0,2025-06-25
412075.0,4568585.0,2025-06-25
412085.0,4568585.0,2025-06-25
412095.0,4568585.0,2025-06-25
412105.0,4568585.0,2025-06-25
412115.0,4568585.0,2025-06-25
412125.0,4568585.0,2025-06-25
412135.0,4568585.0,2025-06-25
412145.0,4568585.0,2025-06-25
412155.0,4568585.0,2025-06-25
412165.0,4568585.0,2025-06-25
412175.0,4568585.0,2025-06-25
412185.0,4568585.0,2025-06-25
412195.0,4568585.0,2025-06-25
412205.0,4568585.0,2025-06-25
412215.0,4568585.0,2025-06-25
412225.0,4568585.0,2025-06-25
412235.0,4568585.0,2025-06-25
412245.0,4568585.0,2025-06-25
412255.0,4568585.0,2025-06-25
412265.0,4568585.0,2025-06-25
412275.0,4568585.0,2025-06-25
412285.0,4568585.0,2025-06-25
412295.0,4568585.0,2025-06-25
412305.0,4568585.0,2025-06-25
412315.0,4568585.0,2025-06-25
412325.0,4568585.0,2025-06-25
412335.0,4568585.0,2025-06-25
412345.0,4568585.0,2025-06-25
412355.0,4568585.0,2025-06-25
412365.0,4568585.0,2025-06-25
412375.0,4568585.0,2025-06-25
412385.0,4568585.0,2025-06-25
412395.0,4568585.0,2025-06-25
412405.0,4568585.0,2025-06-25
412415.0,4568585.0,2025-06-25
412425.0,4568585.0,2025-06-25
412435.0,4568585.0,2025-06-25
412445.0,4568585.0,2025-06-25
412455.0,4568585.0,2025-06-25
412465.0,4568585.0,2025-06-25
412475.0,4568585.0,2025-06-25
412485.0,4568585.0,2025-06-25
412495.0,4568585.0,2025-06-25
412505.0,4568585.0,2025-06-25
412515.0,4568585.0,2025-06-25
412525.0,4568585.0,2025-06-25
412535.0,4568585.0,2025-06-25
412545.0,4568585.0,2025-06-25
412555.0,4568585.0,2025-06-25
412565.0,4568585.0,2025-06-25
412575.0,4568585.0,2025-06-25
412585.0,4568585.0,2025-06-25
412595.0,4568585.0,2025-06-25
412605.0,4568585.0,2025-06-25
412615.0,4568585.0,2025-06-25
412625.0,4568585.0,2025-06-25
412635.0,4568585.0,2025-06-25
412645.0,4568585.0,2025-06-25
412655.0,4568585.0,2025-06-25
412665.0,4568585.0,2025-06-25
412675.0,4568585.0,2025-06-25
412685.0,4568585.0,2025-06-25
412695.0,4568585.0,2025-06-25
412705.0,4568585.0,2025-06-25
412715.0,4568585.0,2025-06-25
412725.0,4568585.0,2025-06-25
412735.0,4568585.0,2025-06-25
412745.0,4568585.0,2025-06-25
412755.0,4568585.0,2025-06-25
412765.0,4568585.0,2025-06-25
412775.0,4568585.0,2025-06-25
412785.0,4568585.0,2025-06-25
412795.0,4568585.0,2025-06-25
412805.0,4568585.0,2025-06-25
412815.0,4568585.0,2025-06-25
412825.0,4568585.0,2025-06-25
412835.0,4568585.0,2025-06-25
412845.0,4568585.0,2025-06-25
412855.0,4568585.0,2025-06-25
412865.0,4568585.0,2025-06-25
412875.0,4568585.0,2025-06-25
412885.0,4568585.0,2025-06-25
412895.0,4568585.0,2025-06-25
412905.0,4568585.0,2025-06-25
412915.0,4568585.0,2025-06-25
412925.0,4568585.0,2025-06-25
412935.0,4568585.0,2025-06-25
412945.0,4568585.0,2025-06-25
412955.0,4568585.0,2025-06-25
412965.0,4568585.0,2025-06-25
412975.0,4568585.0,2025-06-25
412985.0,4568585.0,2025-06-25
412995.0,4568585.0,2025-06-25
413005.0,4568585.0,2025-06-25
413015.0,4568585.0,2025-06-25
413025.0,4568585.0,2025-06-25
413035.0,4568585.0,2025-06-25
413045.0,4568585.0,2025-06-25
413055.0,4568585.0,2025-06-25
413065.0,4568585.0,2025-06-25
413075.0,4568585.0,2025-06-25
413085.0,4568585.0,2025-06-25
413095.0,4568585.0,2025-06-25
413105.0,4568585.0,2025-06-25
413115.0,4568585.0,2025-06-25
413125.0,4568585.0,2025-06-25
413135.0,4568585.0,2025-06-25
413145.0,4568585.0,2025-06-25
413155.0,4568585.0,2025-06-25
413165.0,4568585.0,2025-06-25
413175.0,4568585.0,2025-06-25
413185.0,4568585.0,2025-06-25
413195.0,4568585.0,2025-06-25
413205.0,4568585.0,2025-06-25
413215.0,4568585.0,2025-06-25
413225.0,4568585.0,2025-06-25
413235.0,4568585.0,2025-06-25
413245.0,4568585.0,2025-06-25
413255.0,4568585.0,2025-06-25
413265.0,4568585.0,2025-06-25
413275.0,4568585.0,2025-06-25
413285.0,4568585.0,2025-06-25
413295.0,4568585.0,2025-06-25
413305.0,4568585.0,2025-06-25
413315.0,4568585.0,2025-06-25
413325.0,4568585.0,2025-06-25
413335.0,4568585.0,2025-06-25
413345.0,4568585.0,2025-06-25
413355.0,4568585.0,2025-06-25
413365.0,4568585.0,2025-06-25
413375.0,4568585.0,2025-06-25
413385.0,4568585.0,2025-06-25
413395.0,4568585.0,2025-06-25
413405.0,4568585.0,2025-06-25
413415.0,4568585.0,2025-06-25
413425.0,4568585.0,2025-06-25
413435.0,4568585.0,2025-06-25
413445.0,4568585.0,2025-06-25
413455.0,4568585.0,2025-06-25
413465.0,4568585.0,2025-06-25
413475.0,4568585.0,2025-06-25
413485.0,4568585.0,2025-06-25
413495.0,4568585.0,2025-06-25
413505.0,4568585.0,2025-06-25
413515.0,4568585.0,2025-06-25
413525.0,4568585.0,2025-06-25
413535.0,4568585.0,2025-06-25
413545.0,4568585.0,2025-06-25
413555.0,4568585.0,2025-06-25
413565.0,4568585.0,2025-06-25
413575.0,4568585.0,2025-06-25
413585.0,4568585.0,2025-06-25
413595.0,4568585.0,2025-06-25
413605.0,4568585.0,2025-06-25
413615.0,4568585.0,2025-06-25
413625.0,4568585.0,2025-06-25
413635.0,4568585.0,2025-06-25
413645.0,4568585.0,2025-06-25
413655.0,4568585.0,2025-06-25
413665.0,4568585.0,2025-06-25
413675.0,4568585.0,2025-06-25
413685.0,4568585.0,2025-06-25
413695.0,4568585.0,2025-06-25
413705.0,4568585.0,2025-06-25
413715.0,4568585.0,2025-06-25
413725.0,4568585.0,2025-06-25
413735.0,4568585.0,2025-06-25
413745.0,4568585.0,2025-06-25
413755.0,4568585.0,2025-06-25
413765.0,4568585.0,2025-06-25
413775.0,4568585.0,2025-06-25
413785.0,4568585.0,2025-06-25
413795.0,4568585.0,2025-06-25
413805.0,4568585.0,2025-06-25
413815.0,4568585.0,2025-06-25
413825.0,4568585.0,2025-06-25
413835.0,4568585.0,2025-06-25
413845.0,4568585.0,2025-06-25
413855.0,4568585.0,2025-06-25
413865.0,4568585.0,2025-06-25
413875.0,4568585.0,2025-06-25
413885.0,4568585.0,2025-06-25
413895.0,4568585.0,2025-06-25
413905.0,4568585.0,2025-06-25
413915.0,4568585.0,2025-06-25
413925.0,4568585.0,2025-06-25
413935.0,4568585.0,2025-06-25
413945.0,4568585.0,2025-06-25
413955.0,4568585.0,2025-06-25
413965.0,4568585.0,2025-06-25
413975.0,4568585.0,2025-06-25
413985.0,4568585.0,2025-06-25
413995.0,4568585.0,2025-06-25
414005.0,4568585.0,2025-06-25
414015.0,4568585.0,2025-06-25
414025.0,4568585.0,2025-06-25
414035.0,4568585.0,2025-06-25
414045.0,4568585.0,2025-06-25
414055.0,4568585.0,2025-06-25
414065.0,4568585.0,2025-06-25
414075.0,4568585.0,2025-06-25
414085.0,4568585.0,2025-06-25
414095.0,4568585.0,2025-06-25
414105.0,4568585.0,2025-06-25
414115.0,4568585.0,2025-06-25
414125.0,4568585.0,2025-06-25
414135.0,4568585.0,2025-06-25
414145.0,4568585.0,2025-06-25
414155.0,4568585.0,2025-06-25
414165.0,4568585.0,2025-06-25
414175.0,4568585.0,2025-06-25
414185.0,4568585.0,2025-06-25
414195.0,4568585.0,2025-06-25
414205.0,4568585.0,2025-06-25
414215.0,4568585.0,2025-06-25
414225.0,4568585.0,2025-06-25
414235.0,4568585.0,2025-06-25
414245.0,4568585.0,2025-06-25
414255.0,4568585.0,2025-06-25
414265.0,4568585.0,2025-06-25
414275.0,4568585.0,2025-06-25
414285.0,4568585.0,2025-06-25
414295.0,4568585.0,2025-06-25
414305.0,4568585.0,2025-06-25
414315.0,4568585.0,2025-06-25
414325.0,4568585.0,2025-06-25
414335.0,4568585.0,2025-06-25
414345.0,4568585.0,2025-06-25
414355.0,4568585.0,2025-06-25
414365.0,4568585.0,2025-06-25
414375.0,4568585.0,2025-06-25
414385.0,4568585.0,2025-06-25
414395.0,4568585.0,2025-06-25
414405.0,4568585.0,2025-06-25
414415.0,4568585.0,2025-06-25
414425.0,4568585.0,2025-06-25
414435.0,4568585.0,2025-06-25
414445.0,4568585.0,2025-06-25
414455.0,4568585.0,2025-06-25
414465.0,4568585.0,2025-06-25
414475.0,4568585.0,2025-06-25
414485.0,4568585.0,2025-06-25
414495.0,4568585.0,2025-06-25
414505.0,4568585.0,2025-06-25
414515.0,4568585.0,2025-06-25
414525.0,4568585.0,2025-06-25
414535.0,4568585.0,2025-06-25
414545.0,4568585.0,2025-06-25
414555.0,4568585.0,2025-06-25
414565.0,4568585.0,2025-06-25
414575.0,4568585.0,2025-06-25
414585.0,4568585.0,2025-06-25
414595.0,4568585.0,2025-06-25
414605.0,4568585.0,2025-06-25
414615.0,4568585.0,2025-06-25
414625.0,4568585.0,2025-06-25
414635.0,4568585.0,2025-06-25
414645.0,4568585.0,2025-06-25
414655.0,4568585.0,2025-06-25
414665.0,4568585.0,2025-06-25
414675.0,4568585.0,2025-06-25
414685.0,4568585.0,2025-06-25
414695.0,4568585.0,2025-06-25
414705.0,4568585.0,2025-06-25
414715.0,4568585.0,2025-06-25
414725.0,4568585.0,2025-06-25
414735.0,4568585.0,2025-06-25
414745.0,4568585.0,2025-06-25
414755.0,4568585.0,2025-06-25
414765.0,4568585.0,2025-06-25
414775.0,4568585.0,2025-06-25
414785.0,4568585.0,2025-06-25
414795.0,4568585.0,2025-06-25
414805.0,4568585.0,2025-06-25
414815.0,4568585.0,2025-06-25
414825.0,4568585.0,2025-06-25
414835.0,4568585.0,2025-06-25
414845.0,4568585.0,2025-06-25
414855.0,4568585.0,2025-06-25
414865.0,4568585.0,2025-06-25
414875.0,4568585.0,2025-06-25
414885.0,4568585.0,2025-06-25
414895.0,4568585.0,2025-06-25
414905.0,4568585.0,2025-06-25
414915.0,4568585.0,2025-06-25
414925.0,4568585.0,2025-06-25
414935.0,4568585.0,2025-06-25
414945.0,4568585.0,2025-06-25
414955.0,4568585.0,2025-06-25
414965.0,4568585.0,2025-06-25
414975.0,4568585.0,2025-06-25
414985.0,4568585.0,2025-06-25
414995.0,4568585.0,2025-06-25
415005.0,4568585.0,2025-06-25
415015.0,4568585.0,2025-06-25
415025.0,4568585.0,2025-06-25
415035.0,4568585.0,2025-06-25
415045.0,4568585.0,2025-06-25
415055.0,4568585.0,2025-06-25
415065.0,4568585.0,2025-06-25
415075.0,4568585.0,2025-06-25
415085.0,4568585.0,2025-06-25
415095.0,4568585.0,2025-06-25
415105.0,4568585.0,2025-06-25
415115.0,4568585.0,2025-06-25
415125.0,4568585.0,2025-06-25
415135.0,4568585.0,2025-06-25
415145.0,4568585.0,2025-06-25
415155.0,4568585.0,2025-06-25
415165.0,4568585.0,2025-06-25
415175.0,4568585.0,2025-06-25
415185.0,4568585.0,2025-06-25
415195.0,4568585.0,2025-06-25
415205.0,4568585.0,2025-06-25
415215.0,4568585.0,2025-06-25
415225.0,4568585.0,2025-06-25
415235.0,4568585.0,2025-06-25
415245.0,4568585.0,2025-06-25
415255.0,4568585.0,2025-06-25
415265.0,4568585.0,2025-06-25
415275.0,4568585.0,2025-06-25
415285.0,4568585.0,2025-06-25
415295.0,4568585.0,2025-06-25
415305.0,4568585.0,2025-06-25
415315.0,4568585.0,2025-06-25
415325.0,4568585.0,2025-06-25
415335.0,4568585.0,2025-06-25
415345.0,4568585.0,2025-06-25
415355.0,4568585.0,2025-06-25
415365.0,4568585.0,2025-06-25
415375.0,4568585.0,2025-06-25
415385.0,4568585.0,2025-06-25
415395.0,4568585.0,2025-06-25
415405.0,4568585.0,2025-06-25
415415.0,4568585.0,2025-06-25
415425.0,4568585.0,2025-06-25
415435.0,4568585.0,2025-06-25
415445.0,4568585.0,2025-06-25
415455.0,4568585.0,2025-06-25
415465.0,4568585.0,2025-06-25
415475.0,4568585.0,2025-06-25
415485.0,4568585.0,2025-06-25
415495.0,4568585.0,2025-06-25
415505.0,4568585.0,2025-06-25
415515.0,4568585.0,2025-06-25
415525.0,4568585.0,2025-06-25
415535.0,4568585.0,2025-06-25
415545.0,4568585.0,2025-06-25
415555.0,4568585.0,2025-06-25
415565.0,4568585.0,2025-06-25
415575.0,4568585.0,2025-06-25
415585.0,4568585.0,2025-06-25
415595.0,4568585.0,2025-06-25
415605.0,4568585.0,2025-06-25
415615.0,4568585.0,2025-06-25
415625.0,4568585.0,2025-06-25
415635.0,4568585.0,2025-06-25
415645.0,4568585.0,2025-06-25
415655.0,4568585.0,2025-06-25
415665.0,4568585.0,2025-06-25
415675.0,4568585.0,2025-06-25
415685.0,4568585.0,2025-06-25
415695.0,4568585.0,2025-06-25
415705.0,4568585.0,2025-06-25
415715.0,4568585.0,2025-06-25
415725.0,4568585.0,2025-06-25
415735.0,4568585.0,2025-06-25
415745.0,4568585.0,2025-06-25
415755.0,4568585.0,2025-06-25
415765.0,4568585.0,2025-06-25
415775.0,4568585.0,2025-06-25
415785.0,4568585.0,2025-06-25
415795.0,4568585.0,2025-06-25
415805.0,4568585.0,2025-06-25
415815.0,4568585.0,2025-06-25
415825.0,4568585.0,2025-06-25
415835.0,4568585.0,2025-06-25
415845.0,4568585.0,2025-06-25
415855.0,4568585.0,2025-06-25
415865.0,4568585.0,2025-06-25
415875.0,4568585.0,2025-06-25
415885.0,4568585.0,2025-06-25
415895.0,4568585.0,2025-06-25
415905.0,4568585.0,2025-06-25
415915.0,4568585.0,2025-06-25
415925.0,4568585.0,2025-06-25
415935.0,4568585.0,2025-06-25
415945.0,4568585.0,2025-06-25
415955.0,4568585.0,2025-06-25
415965.0,4568585.0,2025-06-25
415975.0,4568585.0,2025-06-25
415985.0,4568585.0,2025-06-25
415995.0,4568585.0,2025-06-25
416005.0,4568585.0,2025-06-25
416015.0,4568585.0,2025-06-25
416025.0,4568585.0,2025-06-25
416035.0,4568585.0,2025-06-25
416045.0,4568585.0,2025-06-25
416055.0,4568585.0,2025-06-25
416065.0,4568585.0,2025-06-25
416075.0,4568585.0,2025-06-25
416085.0,4568585.0,2025-06-25
416095.0,4568585.0,2025-06-25
416105.0,4568585.0,2025-06-25
416115.0,4568585.0,2025-06-25
416125.0,4568585.0,2025-06-25
416135.0,4568585.0,2025-06-25
416145.0,4568585.0,2025-06-25
416155.0,4568585.0,2025-06-25
416165.0,4568585.0,2025-06-25
416175.0,4568585.0,2025-06-25
416185.0,4568585.0,2025-06-25
416195.0,4568585.0,2025-06-25
416205.0,4568585.0,2025-06-25
416215.0,4568585.0,2025-06-25
416225.0,4568585.0,2025-06-25
416235.0,4568585.0,2025-06-25
416245.0,4568585.0,2025-06-25
416255.0,4568585.0,2025-06-25
416265.0,4568585.0,2025-06-25
416275.0,4568585.0,2025-06-25
416285.0,4568585.0,2025-06-25
416295.0,4568585.0,2025-06-25
416305.0,4568585.0,2025-06-25
416315.0,4568585.0,2025-06-25
416325.0,4568585.0,2025-06-25
416335.0,4568585.0,2025-06-25
416345.0,4568585.0,2025-06-25
416355.0,4568585.0,2025-06-25
416365.0,4568585.0,2025-06-25
416375.0,4568585.0,2025-06-25
416385.0,4568585.0,2025-06-25
416395.0,4568585.0,2025-06-25
416405.0,4568585.0,2025-06-25
416415.0,4568585.0,2025-06-25
416425.0,4568585.0,2025-06-25
416435.0,4568585.0,2025-06-25
416445.0,4568585.0,2025-06-25
416455.0,4568585.0,2025-06-25
411745.0,4568575.0,2025-06-25
411755.0,4568575.0,2025-06-25
411765.0,4568575.0,2025-06-25
411775.0,4568575.0,2025-06-25
411785.0,4568575.0,2025-06-25
411795.0,4568575.0,2025-06-25
411805.0,4568575.0,2025-06-25
411815.0,4568575.0,2025-06-25
411825.0,4568575.0,2025-06-25
411835.0,4568575.0,2025-06-25
411845.0,4568575.0,2025-06-25
411855.0,4568575.0,2025-06-25
411865.0,4568575.0,2025-06-25
411875.0,4568575.0,2025-06-25
411885.0,4568575.0,2025-06-25
411895.0,4568575.0,2025-06-25
411905.0,4568575.0,2025-06-25
411915.0,4568575.0,2025-06-25
411925.0,4568575.0,2025-06-25
411935.0,4568575.0,2025-06-25
411945.0,4568575.0,2025-06-25
411955.0,4568575.0,2025-06-25
411965.0,4568575.0,2025-06-25
411975.0,4568575.0,2025-06-25
411985.0,4568575.0,2025-06-25
411995.0,4568575.0,2025-06-25
412005.0,4568575.0,2025-06-25
412015.0,4568575.0,2025-06-25
412025.0,4568575.0,2025-06-25
412035.0,4568575.0,2025-06-25
412045.0,4568575.0,2025-06-25
412055.0,4568575.0,2025-06-25
412065.0,4568575.0,2025-06-25
412075.0,4568575.0,2025-06-25
412085.0,4568575.0,2025-06-25
412095.0,4568575.0,2025-06-25
412105.0,4568575.0,2025-06-25
412115.0,4568575.0,2025-06-25
412125.0,4568575.0,2025-06-25
412135.0,4568575.0,2025-06-25
412145.0,4568575.0,2025-06-25
412155.0,4568575.0,2025-06-25
412165.0,4568575.0,2025-06-25
412175.0,4568575.0,2025-06-25
412185.0,4568575.0,2025-06-25
412195.0,4568575.0,2025-06-25
412215.0,4568575.0,2025-06-25
412225.0,4568575.0,2025-06-25
412235.0,4568575.0,2025-06-25
412245.0,4568575.0,2025-06-25
412255.0,4568575.0,2025-06-25
412265.0,4568575.0,2025-06-25
412275.0,4568575.0,2025-06-25
412285.0,4568575.0,2025-06-25
412295.0,4568575.0,2025-06-25
412305.0,4568575.0,2025-06-25
412315.0,4568575.0,2025-06-25
412325.0,4568575.0,2025-06-25
412335.0,4568575.0,2025-06-25
412345.0,4568575.0,2025-06-25
412355.0,4568575.0,2025-06-25
412365.0,4568575.0,2025-06-25
412375.0,4568575.0,2025-06-25
412385.0,4568575.0,2025-06-25
412395.0,4568575.0,2025-06-25
412405.0,4568575.0,2025-06-25
412415.0,4568575.0,2025-06-25
412435.0,4568575.0,2025-06-25
412445.0,4568575.0,2025-06-25
412455.0,4568575.0,2025-06-25
412465.0,4568575.0,2025-06-25
412475.0,4568575.0,2025-06-25
412485.0,4568575.0,2025-06-25
412495.0,4568575.0,2025-06-25
412505.0,4568575.0,2025-06-25
412515.0,4568575.0,2025-06-25
412525.0,4568575.0,2025-06-25
412535.0,4568575.0,2025-06-25
412545.0,4568575.0,2025-06-25
412555.0,4568575.0,2025-06-25
412565.0,4568575.0,2025-06-25
412575.0,4568575.0,2025-06-25
412585.0,4568575.0,2025-06-25
412595.0,4568575.0,2025-06-25
412605.0,4568575.0,2025-06-25
412615.0,4568575.0,2025-06-25
412625.0,4568575.0,2025-06-25
412635.0,4568575.0,2025-06-25
412645.0,4568575.0,2025-06-25
412655.0,4568575.0,2025-06-25
412665.0,4568575.0,2025-06-25
412675.0,4568575.0,2025-06-25
412685.0,4568575.0,2025-06-25
412695.0,4568575.0,2025-06-25
412705.0,4568575.0,2025-06-25
412715.0,4568575.0,2025-06-25
412725.0,4568575.0,2025-06-25
412735.0,4568575.0,2025-06-25
412745.0,4568575.0,2025-06-25
412755.0,4568575.0,2025-06-25
412765.0,4568575.0,2025-06-25
412775.0,4568575.0,2025-06-25
412785.0,4568575.0,2025-06-25
412795.0,4568575.0,2025-06-25
412805.0,4568575.0,2025-06-25
412815.0,4568575.0,2025-06-25
412825.0,4568575.0,2025-06-25
412835.0,4568575.0,2025-06-25
412845.0,4568575.0,2025-06-25
412855.0,4568575.0,2025-06-25
412865.0,4568575.0,2025-06-25
412875.0,4568575.0,2025-06-25
412885.0,4568575.0,2025-06-25
412895.0,4568575.0,2025-06-25
412905.0,4568575.0,2025-06-25
412915.0,4568575.0,2025-06-25
412925.0,4568575.0,2025-06-25
412935.0,4568575.0,2025-06-25
412945.0,4568575.0,2025-06-25
412955.0,4568575.0,2025-06-25
412965.0,4568575.0,2025-06-25
412975.0,4568575.0,2025-06-25
412985.0,4568575.0,2025-06-25
412995.0,4568575.0,2025-06-25
413005.0,4568575.0,2025-06-25
413015.0,4568575.0,2025-06-25
413025.0,4568575.0,2025-06-25
413035.0,4568575.0,2025-06-25
413045.0,4568575.0,2025-06-25
413055.0,4568575.0,2025-06-25
413065.0,4568575.0,2025-06-25
413075.0,4568575.0,2025-06-25
413085.0,4568575.0,2025-06-25
413095.0,4568575.0,2025-06-25
413105.0,4568575.0,2025-06-25
413115.0,4568575.0,2025-06-25
413125.0,4568575.0,2025-06-25
413135.0,4568575.0,2025-06-25
413145.0,4568575.0,2025-06-25
413155.0,4568575.0,2025-06-25
413165.0,4568575.0,2025-06-25
413175.0,4568575.0,2025-06-25
413185.0,4568575.0,2025-06-25
413195.0,4568575.0,2025-06-25
413205.0,4568575.0,2025-06-25
413215.0,4568575.0,2025-06-25
413225.0,4568575.0,2025-06-25
413235.0,4568575.0,2025-06-25
413245.0,4568575.0,2025-06-25
413255.0,4568575.0,2025-06-25
413265.0,4568575.0,2025-06-25
413275.0,4568575.0,2025-06-25
413285.0,4568575.0,2025-06-25
413295.0,4568575.0,2025-06-25
413305.0,4568575.0,2025-06-25
413315.0,4568575.0,2025-06-25
413325.0,4568575.0,2025-06-25
413335.0,4568575.0,2025-06-25
413345.0,4568575.0,2025-06-25
413355.0,4568575.0,2025-06-25
413365.0,4568575.0,2025-06-25
413375.0,4568575.0,2025-06-25
413385.0,4568575.0,2025-06-25
413395.0,4568575.0,2025-06-25
413405.0,4568575.0,2025-06-25
413415.0,4568575.0,2025-06-25
413425.0,4568575.0,2025-06-25
413435.0,4568575.0,2025-06-25
413445.0,4568575.0,2025-06-25
413455.0,4568575.0,2025-06-25
413465.0,4568575.0,2025-06-25
413475.0,4568575.0,2025-06-25
413485.0,4568575.0,2025-06-25
413495.0,4568575.0,2025-06-25
413505.0,4568575.0,2025-06-25
413515.0,4568575.0,2025-06-25
413525.0,4568575.0,2025-06-25
413535.0,4568575.0,2025-06-25
413545.0,4568575.0,2025-06-25
413555.0,4568575.0,2025-06-25
413565.0,4568575.0,2025-06-25
413575.0,4568575.0,2025-06-25
413585.0,4568575.0,2025-06-25
413595.0,4568575.0,2025-06-25
413605.0,4568575.0,2025-06-25
413615.0,4568575.0,2025-06-25
413625.0,4568575.0,2025-06-25
413635.0,4568575.0,2025-06-25
413645.0,4568575.0,2025-06-25
413655.0,4568575.0,2025-06-25
413665.0,4568575.0,2025-06-25
413675.0,4568575.0,2025-06-25
413685.0,4568575.0,2025-06-25
413695.0,4568575.0,2025-06-25
413705.0,4568575.0,2025-06-25
413715.0,4568575.0,2025-06-25
413725.0,4568575.0,2025-06-25
413735.0,4568575.0,2025-06-25
413745.0,4568575.0,2025-06-25
413755.0,4568575.0,2025-06-25
413765.0,4568575.0,2025-06-25
413775.0,4568575.0,2025-06-25
413785.0,4568575.0,2025-06-25
413795.0,4568575.0,2025-06-25
413805.0,4568575.0,2025-06-25
413815.0,4568575.0,2025-06-25
413825.0,4568575.0,2025-06-25
413835.0,4568575.0,2025-06-25
413845.0,4568575.0,2025-06-25
413855.0,4568575.0,2025-06-25
413865.0,4568575.0,2025-06-25
413875.0,4568575.0,2025-06-25
413885.0,4568575.0,2025-06-25
413895.0,4568575.0,2025-06-25
413905.0,4568575.0,2025-06-25
413915.0,4568575.0,2025-06-25
413925.0,4568575.0,2025-06-25
413935.0,4568575.0,2025-06-25
413945.0,4568575.0,2025-06-25
413955.0,4568575.0,2025-06-25
413965.0,4568575.0,2025-06-25
413975.0,4568575.0,2025-06-25
413985.0,4568575.0,2025-06-25
413995.0,4568575.0,2025-06-25
414005.0,4568575.0,2025-06-25
414015.0,4568575.0,2025-06-25
414025.0,4568575.0,2025-06-25
414035.0,4568575.0,2025-06-25
414045.0,4568575.0,2025-06-25
414055.0,4568575.0,2025-06-25
414065.0,4568575.0,2025-06-25
414075.0,4568575.0,2025-06-25
414085.0,4568575.0,2025-06-25
414095.0,4568575.0,2025-06-25
414105.0,4568575.0,2025-06-25
414115.0,4568575.0,2025-06-25
414125.0,4568575.0,2025-06-25
414135.0,4568575.0,2025-06-25
414145.0,4568575.0,2025-06-25
414155.0,4568575.0,2025-06-25
414165.0,4568575.0,2025-06-25
414175.0,4568575.0,2025-06-25
414185.0,4568575.0,2025-06-25
414195.0,4568575.0,2025-06-25
414205.0,4568575.0,2025-06-25
414215.0,4568575.0,2025-06-25
414225.0,4568575.0,2025-06-25
414235.0,4568575.0,2025-06-25
414245.0,4568575.0,2025-06-25
414255.0,4568575.0,2025-06-25
414265.0,4568575.0,2025-06-25
414275.0,4568575.0,2025-06-25
414285.0,4568575.0,2025-06-25
414295.0,4568575.0,2025-06-25
414305.0,4568575.0,2025-06-25
414315.0,4568575.0,2025-06-25
414325.0,4568575.0,2025-06-25
414335.0,4568575.0,2025-06-25
414345.0,4568575.0,2025-06-25
414355.0,4568575.0,2025-06-25
414365.0,4568575.0,2025-06-25
414375.0,4568575.0,2025-06-25
414385.0,4568575.0,2025-06-25
414395.0,4568575.0,2025-06-25
414405.0,4568575.0,2025-06-25
414415.0,4568575.0,2025-06-25
414425.0,4568575.0,2025-06-25
414435.0,4568575.0,2025-06-25
414445.0,4568575.0,2025-06-25
414455.0,4568575.0,2025-06-25
414465.0,4568575.0,2025-06-25
414475.0,4568575.0,2025-06-25
414485.0,4568575.0,2025-06-25
414495.0,4568575.0,2025-06-25
414505.0,4568575.0,2025-06-25
414515.0,4568575.0,2025-06-25
414525.0,4568575.0,2025-06-25
414535.0,4568575.0,2025-06-25
414545.0,4568575.0,2025-06-25
414555.0,4568575.0,2025-06-25
414565.0,4568575.0,2025-06-25
414575.0,4568575.0,2025-06-25
414585.0,4568575.0,2025-06-25
414595.0,4568575.0,2025-06-25
414605.0,4568575.0,2025-06-25
414615.0,4568575.0,2025-06-25
414625.0,4568575.0,2025-06-25
414635.0,4568575.0,2025-06-25
414645.0,4568575.0,2025-06-25
414655.0,4568575.0,2025-06-25
414665.0,4568575.0,2025-06-25
414675.0,4568575.0,2025-06-25
414685.0,4568575.0,2025-06-25
414695.0,4568575.0,2025-06-25
414705.0,4568575.0,2025-06-25
414715.0,4568575.0,2025-06-25
414725.0,4568575.0,2025-06-25
414735.0,4568575.0,2025-06-25
414745.0,4568575.0,2025-06-25
414755.0,4568575.0,2025-06-25
414765.0,4568575.0,2025-06-25
414775.0,4568575.0,2025-06-25
414785.0,4568575.0,2025-06-25
414795.0,4568575.0,2025-06-25
414805.0,4568575.0,2025-06-25
414815.0,4568575.0,2025-06-25
414825.0,4568575.0,2025-06-25
414835.0,4568575.0,2025-06-25
414845.0,4568575.0,2025-06-25
414855.0,4568575.0,2025-06-25
414865.0,4568575.0,2025-06-25
414875.0,4568575.0,2025-06-25
414885.0,4568575.0,2025-06-25
414895.0,4568575.0,2025-06-25
414905.0,4568575.0,2025-06-25
414915.0,4568575.0,2025-06-25
414925.0,4568575.0,2025-06-25
414935.0,4568575.0,2025-06-25
414945.0,4568575.0,2025-06-25
414955.0,4568575.0,2025-06-25
414965.0,4568575.0,2025-06-25
414975.0,4568575.0,2025-06-25
414985.0,4568575.0,2025-06-25
414995.0,4568575.0,2025-06-25
415005.0,4568575.0,2025-06-25
415015.0,4568575.0,2025-06-25
415025.0,4568575.0,2025-06-25
415035.0,4568575.0,2025-06-25
415045.0,4568575.0,2025-06-25
415055.0,4568575.0,2025-06-25
415065.0,4568575.0,2025-06-25
415075.0,4568575.0,2025-06-25
415085.0,4568575.0,2025-06-25
415095.0,4568575.0,2025-06-25
415105.0,4568575.0,2025-06-25
415115.0,4568575.0,2025-06-25
415125.0,4568575.0,2025-06-25
415135.0,4568575.0,2025-06-25
415145.0,4568575.0,2025-06-25
415155.0,4568575.0,2025-06-25
415165.0,4568575.0,2025-06-25
415175.0,4568575.0,2025-06-25
415185.0,4568575.0,2025-06-25
415195.0,4568575.0,2025-06-25
415205.0,4568575.0,2025-06-25
415215.0,4568575.0,2025-06-25
415225.0,4568575.0,2025-06-25
415235.0,4568575.0,2025-06-25
415245.0,4568575.0,2025-06-25
415255.0,4568575.0,2025-06-25
415265.0,4568575.0,2025-06-25
415275.0,4568575.0,2025-06-25
415285.0,4568575.0,2025-06-25
415295.0,4568575.0,2025-06-25
415305.0,4568575.0,2025-06-25
415315.0,4568575.0,2025-06-25
415325.0,4568575.0,2025-06-25
415335.0,4568575.0,2025-06-25
415345.0,4568575.0,2025-06-25
415355.0,4568575.0,2025-06-25
415365.0,4568575.0,2025-06-25
415375.0,4568575.0,2025-06-25
415385.0,4568575.0,2025-06-25
415395.0,4568575.0,2025-06-25
415405.0,4568575.0,2025-06-25
415415.0,4568575.0,2025-06-25
415425.0,4568575.0,2025-06-25
415435.0,4568575.0,2025-06-25
415445.0,4568575.0,2025-06-25
415455.0,4568575.0,2025-06-25
415465.0,4568575.0,2025-06-25
415475.0,4568575.0,2025-06-25
415485.0,4568575.0,2025-06-25
415495.0,4568575.0,2025-06-25
415505.0,4568575.0,2025-06-25
415515.0,4568575.0,2025-06-25
415525.0,4568575.0,2025-06-25
415535.0,4568575.0,2025-06-25
415545.0,4568575.0,2025-06-25
415555.0,4568575.0,2025-06-25
415565.0,4568575.0,2025-06-25
415575.0,4568575.0,2025-06-25
415585.0,4568575.0,2025-06-25
415595.0,4568575.0,2025-06-25
415605.0,4568575.0,2025-06-25
415615.0,4568575.0,2025-06-25
415625.0,4568575.0,2025-06-25
415635.0,4568575.0,2025-06-25
415645.0,4568575.0,2025-06-25
415655.0,4568575.0,2025-06-25
415665.0,4568575.0,2025-06-25
415675.0,4568575.0,2025-06-25
415685.0,4568575.0,2025-06-25
415695.0,4568575.0,2025-06-25
415705.0,4568575.0,2025-06-25
415715.0,4568575.0,2025-06-25
415725.0,4568575.0,2025-06-25
415735.0,4568575.0,2025-06-25
415745.0,4568575.0,2025-06-25
415755.0,4568575.0,2025-06-25
415765.0,4568575.0,2025-06-25
415775.0,4568575.0,2025-06-25
415785.0,4568575.0,2025-06-25
415795.0,4568575.0,2025-06-25
415805.0,4568575.0,2025-06-25
415815.0,4568575.0,2025-06-25
415825.0,4568575.0,2025-06-25
415835.0,4568575.0,2025-06-25
415845.0,4568575.0,2025-06-25
415855.0,4568575.0,2025-06-25
415865.0,4568575.0,2025-06-25
415875.0,4568575.0,2025-06-25
415885.0,4568575.0,2025-06-25
415895.0,4568575.0,2025-06-25
415905.0,4568575.0,2025-06-25
415915.0,4568575.0,2025-06-25
415925.0,4568575.0,2025-06-25
415935.0,4568575.0,2025-06-25
415945.0,4568575.0,2025-06-25
415955.0,4568575.0,2025-06-25
415965.0,4568575.0,2025-06-25
415975.0,4568575.0,2025-06-25
415985.0,4568575.0,2025-06-25
415995.0,4568575.0,2025-06-25
416005.0,4568575.0,2025-06-25
416015.0,4568575.0,2025-06-25
416025.0,4568575.0,2025-06-25
416035.0,4568575.0,2025-06-25
416045.0,4568575.0,2025-06-25
416055.0,4568575.0,2025-06-25
416065.0,4568575.0,2025-06-25
416075.0,4568575.0,2025-06-25
416085.0,4568575.0,2025-06-25
416095.0,4568575.0,2025-06-25
416105.0,4568575.0,2025-06-25
416115.0,4568575.0,2025-06-25
416125.0,4568575.0,2025-06-25
416135.0,4568575.0,2025-06-25
416145.0,4568575.0,2025-06-25
416155.0,4568575.0,2025-06-25
416165.0,4568575.0,2025-06-25
416175.0,4568575.0,2025-06-25
416185.0,4568575.0,2025-06-25
416195.0,4568575.0,2025-06-25
416205.0,4568575.0,2025-06-25
416215.0,4568575.0,2025-06-25
416225.0,4568575.0,2025-06-25
416235.0,4568575.0,2025-06-25
416245.0,4568575.0,2025-06-25
416255.0,4568575.0,2025-06-25
416265.0,4568575.0,2025-06-25
416275.0,4568575.0,2025-06-25
416285.0,4568575.0,2025-06-25
416295.0,4568575.0,2025-06-25
416305.0,4568575.0,2025-06-25
416315.0,4568575.0,2025-06-25
416325.0,4568575.0,2025-06-25
416335.0,4568575.0,2025-06-25
416345.0,4568575.0,2025-06-25
416355.0,4568575.0,2025-06-25
416365.0,4568575.0,2025-06-25
416375.0,4568575.0,2025-06-25
416385.0,4568575.0,2025-06-25
416395.0,4568575.0,2025-06-25
416405.0,4568575.0,2025-06-25
416415.0,4568575.0,2025-06-25
416425.0,4568575.0,2025-06-25
416435.0,4568575.0,2025-06-25
416445.0,4568575.0,2025-06-25
416455.0,4568575.0,2025-06-25
411745.0,4568565.0,2025-06-25
411755.0,4568565.0,2025-06-25
411765.0,4568565.0,2025-06-25
411775.0,4568565.0,2025-06-25
411785.0,4568565.0,2025-06-25
411795.0,4568565.0,2025-06-25
411805.0,4568565.0,2025-06-25
411815.0,4568565.0,2025-06-25
411825.0,4568565.0,2025-06-25
411835.0,4568565.0,2025-06-25
411845.0,4568565.0,2025-06-25
411855.0,4568565.0,2025-06-25
411865.0,4568565.0,2025-06-25
411875.0,4568565.0,2025-06-25
411885.0,4568565.0,2025-06-25
411895.0,4568565.0,2025-06-25
411905.0,4568565.0,2025-06-25
411915.0,4568565.0,2025-06-25
411925.0,4568565.0,2025-06-25
411935.0,4568565.0,2025-06-25
411945.0,4568565.0,2025-06-25
411955.0,4568565.0,2025-06-25
411965.0,4568565.0,2025-06-25
411975.0,4568565.0,2025-06-25
411985.0,4568565.0,2025-06-25
411995.0,4568565.0,2025-06-25
412005.0,4568565.0,2025-06-25
412015.0,4568565.0,2025-06-25
412025.0,4568565.0,2025-06-25
412035.0,4568565.0,2025-06-25
412045.0,4568565.0,2025-06-25
412055.0,4568565.0,2025-06-25
412065.0,4568565.0,2025-06-25
412075.0,4568565.0,2025-06-25
412085.0,4568565.0,2025-06-25
412095.0,4568565.0,2025-06-25
412105.0,4568565.0,2025-06-25
412115.0,4568565.0,2025-06-25
412125.0,4568565.0,2025-06-25
412135.0,4568565.0,2025-06-25
412145.0,4568565.0,2025-06-25
412155.0,4568565.0,2025-06-25
412165.0,4568565.0,2025-06-25
412175.0,4568565.0,2025-06-25
412185.0,4568565.0,2025-06-25
412195.0,4568565.0,2025-06-25
412205.0,4568565.0,2025-06-25
412215.0,4568565.0,2025-06-25
412225.0,4568565.0,2025-06-25
412235.0,4568565.0,2025-06-25
412245.0,4568565.0,2025-06-25
412255.0,4568565.0,2025-06-25
412265.0,4568565.0,2025-06-25
412275.0,4568565.0,2025-06-25
412285.0,4568565.0,2025-06-25
412295.0,4568565.0,2025-06-25
412305.0,4568565.0,2025-06-25
412315.0,4568565.0,2025-06-25
412325.0,4568565.0,2025-06-25
412335.0,4568565.0,2025-06-25
412345.0,4568565.0,2025-06-25
412355.0,4568565.0,2025-06-25
412365.0,4568565.0,2025-06-25
412375.0,4568565.0,2025-06-25
412385.0,4568565.0,2025-06-25
412395.0,4568565.0,2025-06-25
412405.0,4568565.0,2025-06-25
412415.0,4568565.0,2025-06-25
412425.0,4568565.0,2025-06-25
412435.0,4568565.0,2025-06-25
412445.0,4568565.0,2025-06-25
412455.0,4568565.0,2025-06-25
412465.0,4568565.0,2025-06-25
412475.0,4568565.0,2025-06-25
412485.0,4568565.0,2025-06-25
412495.0,4568565.0,2025-06-25
412505.0,4568565.0,2025-06-25
412515.0,4568565.0,2025-06-25
412525.0,4568565.0,2025-06-25
412535.0,4568565.0,2025-06-25
412545.0,4568565.0,2025-06-25
412555.0,4568565.0,2025-06-25
412565.0,4568565.0,2025-06-25
412575.0,4568565.0,2025-06-25
412585.0,4568565.0,2025-06-25
412595.0,4568565.0,2025-06-25
412605.0,4568565.0,2025-06-25
412615.0,4568565.0,2025-06-25
412625.0,4568565.0,2025-06-25
412635.0,4568565.0,2025-06-25
412645.0,4568565.0,2025-06-25
412655.0,4568565.0,2025-06-25
412665.0,4568565.0,2025-06-25
412675.0,4568565.0,2025-06-25
412685.0,4568565.0,2025-06-25
412695.0,4568565.0,2025-06-25
412705.0,4568565.0,2025-06-25
412715.0,4568565.0,2025-06-25
412725.0,4568565.0,2025-06-25
412735.0,4568565.0,2025-06-25
412745.0,4568565.0,2025-06-25
412755.0,4568565.0,2025-06-25
412765.0,4568565.0,2025-06-25
412775.0,4568565.0,2025-06-25
412785.0,4568565.0,2025-06-25
412795.0,4568565.0,2025-06-25
412805.0,4568565.0,2025-06-25
412815.0,4568565.0,2025-06-25
412825.0,4568565.0,2025-06-25
412835.0,4568565.0,2025-06-25
412845.0,4568565.0,2025-06-25
412855.0,4568565.0,2025-06-25
412865.0,4568565.0,2025-06-25
412875.0,4568565.0,2025-06-25
412885.0,4568565.0,2025-06-25
412895.0,4568565.0,2025-06-25
412905.0,4568565.0,2025-06-25
412915.0,4568565.0,2025-06-25
412925.0,4568565.0,2025-06-25
412935.0,4568565.0,2025-06-25
412945.0,4568565.0,2025-06-25
412955.0,4568565.0,2025-06-25
412965.0,4568565.0,2025-06-25
412975.0,4568565.0,2025-06-25
412985.0,4568565.0,2025-06-25
412995.0,4568565.0,2025-06-25
413005.0,4568565.0,2025-06-25
413015.0,4568565.0,2025-06-25
413025.0,4568565.0,2025-06-25
413035.0,4568565.0,2025-06-25
413045.0,4568565.0,2025-06-25
413055.0,4568565.0,2025-06-25
413065.0,4568565.0,2025-06-25
413075.0,4568565.0,2025-06-25
413085.0,4568565.0,2025-06-25
413095.0,4568565.0,2025-06-25
413105.0,4568565.0,2025-06-25
413115.0,4568565.0,2025-06-25
413125.0,4568565.0,2025-06-25
413135.0,4568565.0,2025-06-25
413145.0,4568565.0,2025-06-25
413155.0,4568565.0,2025-06-25
413165.0,4568565.0,2025-06-25
413175.0,4568565.0,2025-06-25
413185.0,4568565.0,2025-06-25
413195.0,4568565.0,2025-06-25
413205.0,4568565.0,2025-06-25
413215.0,4568565.0,2025-06-25
413225.0,4568565.0,2025-06-25
413235.0,4568565.0,2025-06-25
413245.0,4568565.0,2025-06-25
413255.0,4568565.0,2025-06-25
413265.0,4568565.0,2025-06-25
413275.0,4568565.0,2025-06-25
413285.0,4568565.0,2025-06-25
413295.0,4568565.0,2025-06-25
413305.0,4568565.0,2025-06-25
413315.0,4568565.0,2025-06-25
413325.0,4568565.0,2025-06-25
413335.0,4568565.0,2025-06-25
413345.0,4568565.0,2025-06-25
413355.0,4568565.0,2025-06-25
413365.0,4568565.0,2025-06-25
413375.0,4568565.0,2025-06-25
413385.0,4568565.0,2025-06-25
413395.0,4568565.0,2025-06-25
413405.0,4568565.0,2025-06-25
413415.0,4568565.0,2025-06-25
413425.0,4568565.0,2025-06-25
413435.0,4568565.0,2025-06-25
413445.0,4568565.0,2025-06-25
413455.0,4568565.0,2025-06-25
413465.0,4568565.0,2025-06-25
413475.0,4568565.0,2025-06-25
413485.0,4568565.0,2025-06-25
413495.0,4568565.0,2025-06-25
413505.0,4568565.0,2025-06-25
413515.0,4568565.0,2025-06-25
413525.0,4568565.0,2025-06-25
413535.0,4568565.0,2025-06-25
413545.0,4568565.0,2025-06-25
413555.0,4568565.0,2025-06-25
413565.0,4568565.0,2025-06-25
413575.0,4568565.0,2025-06-25
413585.0,4568565.0,2025-06-25
413595.0,4568565.0,2025-06-25
413605.0,4568565.0,2025-06-25
413615.0,4568565.0,2025-06-25
413625.0,4568565.0,2025-06-25
413635.0,4568565.0,2025-06-25
413645.0,4568565.0,2025-06-25
413655.0,4568565.0,2025-06-25
413665.0,4568565.0,2025-06-25
413675.0,4568565.0,2025-06-25
413685.0,4568565.0,2025-06-25
413695.0,4568565.0,2025-06-25
413705.0,4568565.0,2025-06-25
413715.0,4568565.0,2025-06-25
413725.0,4568565.0,2025-06-25
413735.0,4568565.0,2025-06-25
413745.0,4568565.0,2025-06-25
413755.0,4568565.0,2025-06-25
413765.0,4568565.0,2025-06-25
413775.0,4568565.0,2025-06-25
413785.0,4568565.0,2025-06-25
413795.0,4568565.0,2025-06-25
413805.0,4568565.0,2025-06-25
413815.0,4568565.0,2025-06-25
413825.0,4568565.0,2025-06-25
413835.0,4568565.0,2025-06-25
413845.0,4568565.0,2025-06-25
413855.0,4568565.0,2025-06-25
413865.0,4568565.0,2025-06-25
413875.0,4568565.0,2025-06-25
413885.0,4568565.0,2025-06-25
413895.0,4568565.0,2025-06-25
413905.0,4568565.0,2025-06-25
413915.0,4568565.0,2025-06-25
413925.0,4568565.0,2025-06-25
413935.0,4568565.0,2025-06-25
413945.0,4568565.0,2025-06-25
413955.0,4568565.0,2025-06-25
413965.0,4568565.0,2025-06-25
413975.0,4568565.0,2025-06-25
413985.0,4568565.0,2025-06-25
413995.0,4568565.0,2025-06-25
414005.0,4568565.0,2025-06-25
414015.0,4568565.0,2025-06-25
414025.0,4568565.0,2025-06-25
414035.0,4568565.0,2025-06-25
414045.0,4568565.0,2025-06-25
414055.0,4568565.0,2025-06-25
414065.0,4568565.0,2025-06-25
414075.0,4568565.0,2025-06-25
414085.0,4568565.0,2025-06-25
414095.0,4568565.0,2025-06-25
414105.0,4568565.0,2025-06-25
414115.0,4568565.0,2025-06-25
414125.0,4568565.0,2025-06-25
414135.0,4568565.0,2025-06-25
414145.0,4568565.0,2025-06-25
414155.0,4568565.0,2025-06-25
414175.0,4568565.0,2025-06-25
414185.0,4568565.0,2025-06-25
414195.0,4568565.0,2025-06-25
414205.0,4568565.0,2025-06-25
414215.0,4568565.0,2025-06-25
414225.0,4568565.0,2025-06-25
414235.0,4568565.0,2025-06-25
414245.0,4568565.0,2025-06-25
414255.0,4568565.0,2025-06-25
414265.0,4568565.0,2025-06-25
414275.0,4568565.0,2025-06-25
414285.0,4568565.0,2025-06-25
414295.0,4568565.0,2025-06-25
414305.0,4568565.0,2025-06-25
414315.0,4568565.0,2025-06-25
414325.0,4568565.0,2025-06-25
414335.0,4568565.0,2025-06-25
414345.0,4568565.0,2025-06-25
414355.0,4568565.0,2025-06-25
414365.0,4568565.0,2025-06-25
414375.0,4568565.0,2025-06-25
414385.0,4568565.0,2025-06-25
414395.0,4568565.0,2025-06-25
414405.0,4568565.0,2025-06-25
414425.0,4568565.0,2025-06-25
414435.0,4568565.0,2025-06-25
414445.0,4568565.0,2025-06-25
414455.0,4568565.0,2025-06-25
414465.0,4568565.0,2025-06-25
414475.0,4568565.0,2025-06-25
414485.0,4568565.0,2025-06-25
414495.0,4568565.0,2025-06-25
414505.0,4568565.0,2025-06-25
414515.0,4568565.0,2025-06-25
414525.0,4568565.0,2025-06-25
414535.0,4568565.0,2025-06-25
414545.0,4568565.0,2025-06-25
414555.0,4568565.0,2025-06-25
414565.0,4568565.0,2025-06-25
414575.0,4568565.0,2025-06-25
414585.0,4568565.0,2025-06-25
414595.0,4568565.0,2025-06-25
414605.0,4568565.0,2025-06-25
414615.0,4568565.0,2025-06-25
414625.0,4568565.0,2025-06-25
414635.0,4568565.0,2025-06-25
414645.0,4568565.0,2025-06-25
414655.0,4568565.0,2025-06-25
414665.0,4568565.0,2025-06-25
414675.0,4568565.0,2025-06-25
414685.0,4568565.0,2025-06-25
414695.0,4568565.0,2025-06-25
414705.0,4568565.0,2025-06-25
414715.0,4568565.0,2025-06-25
414725.0,4568565.0,2025-06-25
414735.0,4568565.0,2025-06-25
414745.0,4568565.0,2025-06-25
414755.0,4568565.0,2025-06-25
414765.0,4568565.0,2025-06-25
414775.0,4568565.0,2025-06-25
414785.0,4568565.0,2025-06-25
414795.0,4568565.0,2025-06-25
414805.0,4568565.0,2025-06-25
414815.0,4568565.0,2025-06-25
414825.0,4568565.0,2025-06-25
414835.0,4568565.0,2025-06-25
414845.0,4568565.0,2025-06-25
414855.0,4568565.0,2025-06-25
414865.0,4568565.0,2025-06-25
414875.0,4568565.0,2025-06-25
414885.0,4568565.0,2025-06-25
414895.0,4568565.0,2025-06-25
414905.0,4568565.0,2025-06-25
414915.0,4568565.0,2025-06-25
414925.0,4568565.0,2025-06-25
414935.0,4568565.0,2025-06-25
414945.0,4568565.0,2025-06-25
414955.0,4568565.0,2025-06-25
414965.0,4568565.0,2025-06-25
414975.0,4568565.0,2025-06-25
414985.0,4568565.0,2025-06-25
414995.0,4568565.0,2025-06-25
415005.0,4568565.0,2025-06-25
415015.0,4568565.0,2025-06-25
415025.0,4568565.0,2025-06-25
415035.0,4568565.0,2025-06-25
415045.0,4568565.0,2025-06-25
415055.0,4568565.0,2025-06-25
415065.0,4568565.0,2025-06-25
415075.0,4568565.0,2025-06-25
415085.0,4568565.0,2025-06-25
415095.0,4568565.0,2025-06-25
415105.0,4568565.0,2025-06-25
415115.0,4568565.0,2025-06-25
415125.0,4568565.0,2025-06-25
415135.0,4568565.0,2025-06-25
415145.0,4568565.0,2025-06-25
415155.0,4568565.0,2025-06-25
415165.0,4568565.0,2025-06-25
415175.0,4568565.0,2025-06-25
415185.0,4568565.0,2025-06-25
415195.0,4568565.0,2025-06-25
415205.0,4568565.0,2025-06-25
415215.0,4568565.0,2025-06-25
415225.0,4568565.0,2025-06-25
415235.0,4568565.0,2025-06-25
415245.0,4568565.0,2025-06-25
415255.0,4568565.0,2025-06-25
415265.0,4568565.0,2025-06-25
415275.0,4568565.0,2025-06-25
415285.0,4568565.0,2025-06-25
415295.0,4568565.0,2025-06-25
415305.0,4568565.0,2025-06-25
415315.0,4568565.0,2025-06-25
415325.0,4568565.0,2025-06-25
415335.0,4568565.0,2025-06-25
415345.0,4568565.0,2025-06-25
415355.0,4568565.0,2025-06-25
415365.0,4568565.0,2025-06-25
415375.0,4568565.0,2025-06-25
415385.0,4568565.0,2025-06-25
415395.0,4568565.0,2025-06-25
415405.0,4568565.0,2025-06-25
415415.0,4568565.0,2025-06-25
415425.0,4568565.0,2025-06-25
415435.0,4568565.0,2025-06-25
415445.0,4568565.0,2025-06-25
415455.0,4568565.0,2025-06-25
415465.0,4568565.0,2025-06-25
415475.0,4568565.0,2025-06-25
415485.0,4568565.0,2025-06-25
415495.0,4568565.0,2025-06-25
415505.0,4568565.0,2025-06-25
415515.0,4568565.0,2025-06-25
415525.0,4568565.0,2025-06-25
415535.0,4568565.0,2025-06-25
415545.0,4568565.0,2025-06-25
415555.0,4568565.0,2025-06-25
415565.0,4568565.0,2025-06-25
415575.0,4568565.0,2025-06-25
415585.0,4568565.0,2025-06-25
415595.0,4568565.0,2025-06-25
415605.0,4568565.0,2025-06-25
415615.0,4568565.0,2025-06-25
415625.0,4568565.0,2025-06-25
415635.0,4568565.0,2025-06-25
415645.0,4568565.0,2025-06-25
415655.0,4568565.0,2025-06-25
415665.0,4568565.0,2025-06-25
415675.0,4568565.0,2025-06-25
415685.0,4568565.0,2025-06-25
415695.0,4568565.0,2025-06-25
415705.0,4568565.0,2025-06-25
415715.0,4568565.0,2025-06-25
415725.0,4568565.0,2025-06-25
415735.0,4568565.0,2025-06-25
415745.0,4568565.0,2025-06-25
415755.0,4568565.0,2025-06-25
415765.0,4568565.0,2025-06-25
415775.0,4568565.0,2025-06-25
415785.0,4568565.0,2025-06-25
415795.0,4568565.0,2025-06-25
415805.0,4568565.0,2025-06-25
415815.0,4568565.0,2025-06-25
415825.0,4568565.0,2025-06-25
415835.0,4568565.0,2025-06-25
415845.0,4568565.0,2025-06-25
415855.0,4568565.0,2025-06-25
415865.0,4568565.0,2025-06-25
415875.0,4568565.0,2025-06-25
415885.0,4568565.0,2025-06-25
415895.0,4568565.0,2025-06-25
415905.0,4568565.0,2025-06-25
415915.0,4568565.0,2025-06-25
415925.0,4568565.0,2025-06-25
415935.0,4568565.0,2025-06-25
415945.0,4568565.0,2025-06-25
415955.0,4568565.0,2025-06-25
415965.0,4568565.0,2025-06-25
415975.0,4568565.0,2025-06-25
415995.0,4568565.0,2025-06-25
416005.0,4568565.0,2025-06-25
416015.0,4568565.0,2025-06-25
416025.0,4568565.0,2025-06-25
416035.0,4568565.0,2025-06-25
416045.0,4568565.0,2025-06-25
416055.0,4568565.0,2025-06-25
416065.0,4568565.0,2025-06-25
416075.0,4568565.0,2025-06-25
416085.0,4568565.0,2025-06-25
416095.0,4568565.0,2025-06-25
416105.0,4568565.0,2025-06-25
416115.0,4568565.0,2025-06-25
416125.0,4568565.0,2025-06-25
416135.0,4568565.0,2025-06-25
416145.0,4568565.0,2025-06-25
416155.0,4568565.0,2025-06-25
416165.0,4568565.0,2025-06-25
416175.0,4568565.0,2025-06-25
416185.0,4568565.0,2025-06-25
416195.0,4568565.0,2025-06-25
416205.0,4568565.0,2025-06-25
416215.0,4568565.0,2025-06-25
416225.0,4568565.0,2025-06-25
416235.0,4568565.0,2025-06-25
416245.0,4568565.0,2025-06-25
416255.0,4568565.0,2025-06-25
416265.0,4568565.0,2025-06-25
416275.0,4568565.0,2025-06-25
416285.0,4568565.0,2025-06-25
416295.0,4568565.0,2025-06-25
416305.0,4568565.0,2025-06-25
416315.0,4568565.0,2025-06-25
416325.0,4568565.0,2025-06-25
416335.0,4568565.0,2025-06-25
416345.0,4568565.0,2025-06-25
416355.0,4568565.0,2025-06-25
416365.0,4568565.0,2025-06-25
416375.0,4568565.0,2025-06-25
416385.0,4568565.0,2025-06-25
416395.0,4568565.0,2025-06-25
416405.0,4568565.0,2025-06-25
416415.0,4568565.0,2025-06-25
416425.0,4568565.0,2025-06-25
416435.0,4568565.0,2025-06-25
416445.0,4568565.0,2025-06-25
416455.0,4568565.0,2025-06-25
411745.0,4568555.0,2025-06-25
411755.0,4568555.0,2025-06-25
411765.0,4568555.0,2025-06-25
411775.0,4568555.0,2025-06-25
411785.0,4568555.0,2025-06-25
411795.0,4568555.0,2025-06-25
411805.0,4568555.0,2025-06-25
411815.0,4568555.0,2025-06-25
411825.0,4568555.0,2025-06-25
411835.0,4568555.0,2025-06-25
411845.0,4568555.0,2025-06-25
411855.0,4568555.0,2025-06-25
411865.0,4568555.0,2025-06-25
411875.0,4568555.0,2025-06-25
411885.0,4568555.0,2025-06-25
411905.0,4568555.0,2025-06-25
411915.0,4568555.0,2025-06-25
411925.0,4568555.0,2025-06-25
411935.0,4568555.0,2025-06-25
411945.0,4568555.0,2025-06-25
411955.0,4568555.0,2025-06-25
411965.0,4568555.0,2025-06-25
411975.0,4568555.0,2025-06-25
411985.0,4568555.0,2025-06-25
411995.0,4568555.0,2025-06-25
412005.0,4568555.0,2025-06-25
412015.0,4568555.0,2025-06-25
412025.0,4568555.0,2025-06-25
412035.0,4568555.0,2025-06-25
412045.0,4568555.0,2025-06-25
412055.0,4568555.0,2025-06-25
412065.0,4568555.0,2025-06-25
412075.0,4568555.0,2025-06-25
412085.0,4568555.0,2025-06-25
412095.0,4568555.0,2025-06-25
412105.0,4568555.0,2025-06-25
412115.0,4568555.0,2025-06-25
412125.0,4568555.0,2025-06-25
412135.0,4568555.0,2025-06-25
412145.0,4568555.0,2025-06-25
412155.0,4568555.0,2025-06-25
412165.0,4568555.0,2025-06-25
412175.0,4568555.0,2025-06-25
412185.0,4568555.0,2025-06-25
412195.0,4568555.0,2025-06-25
412205.0,4568555.0,2025-06-25
412215.0,4568555.0,2025-06-25
412225.0,4568555.0,2025-06-25
412235.0,4568555.0,2025-06-25
412245.0,4568555.0,2025-06-25
412255.0,4568555.0,2025-06-25
412265.0,4568555.0,2025-06-25
412275.0,4568555.0,2025-06-25
412285.0,4568555.0,2025-06-25
412295.0,4568555.0,2025-06-25
412305.0,4568555.0,2025-06-25
412315.0,4568555.0,2025-06-25
412325.0,4568555.0,2025-06-25
412335.0,4568555.0,2025-06-25
412345.0,4568555.0,2025-06-25
412355.0,4568555.0,2025-06-25
412365.0,4568555.0,2025-06-25
412375.0,4568555.0,2025-06-25
412385.0,4568555.0,2025-06-25
412395.0,4568555.0,2025-06-25
412405.0,4568555.0,2025-06-25
412415.0,4568555.0,2025-06-25
412425.0,4568555.0,2025-06-25
412435.0,4568555.0,2025-06-25
412445.0,4568555.0,2025-06-25
412455.0,4568555.0,2025-06-25
412465.0,4568555.0,2025-06-25
412475.0,4568555.0,2025-06-25
412485.0,4568555.0,2025-06-25
412495.0,4568555.0,2025-06-25
412505.0,4568555.0,2025-06-25
412515.0,4568555.0,2025-06-25
412525.0,4568555.0,2025-06-25
412535.0,4568555.0,2025-06-25
412545.0,4568555.0,2025-06-25
412555.0,4568555.0,2025-06-25
412565.0,4568555.0,2025-06-25
412575.0,4568555.0,2025-06-25
412585.0,4568555.0,2025-06-25
412595.0,4568555.0,2025-06-25
412605.0,4568555.0,2025-06-25
412615.0,4568555.0,2025-06-25
412625.0,4568555.0,2025-06-25
412635.0,4568555.0,2025-06-25
412645.0,4568555.0,2025-06-25
412655.0,4568555.0,2025-06-25
412665.0,4568555.0,2025-06-25
412675.0,4568555.0,2025-06-25
412685.0,4568555.0,2025-06-25
412695.0,4568555.0,2025-06-25
412705.0,4568555.0,2025-06-25
412715.0,4568555.0,2025-06-25
412725.0,4568555.0,2025-06-25
412735.0,4568555.0,2025-06-25
412745.0,4568555.0,2025-06-25
412755.0,4568555.0,2025-06-25
412765.0,4568555.0,2025-06-25
412775.0,4568555.0,2025-06-25
412785.0,4568555.0,2025-06-25
412795.0,4568555.0,2025-06-25
412805.0,4568555.0,2025-06-25
412815.0,4568555.0,2025-06-25
412825.0,4568555.0,2025-06-25
412835.0,4568555.0,2025-06-25
412845.0,4568555.0,2025-06-25
412855.0,4568555.0,2025-06-25
412865.0,4568555.0,2025-06-25
412875.0,4568555.0,2025-06-25
412885.0,4568555.0,2025-06-25
412895.0,4568555.0,2025-06-25
412905.0,4568555.0,2025-06-25
412915.0,4568555.0,2025-06-25
412925.0,4568555.0,2025-06-25
412935.0,4568555.0,2025-06-25
412945.0,4568555.0,2025-06-25
412955.0,4568555.0,2025-06-25
412965.0,4568555.0,2025-06-25
412975.0,4568555.0,2025-06-25
412985.0,4568555.0,2025-06-25
412995.0,4568555.0,2025-06-25
413005.0,4568555.0,2025-06-25
413015.0,4568555.0,2025-06-25
413025.0,4568555.0,2025-06-25
413035.0,4568555.0,2025-06-25
413045.0,4568555.0,2025-06-25
413055.0,4568555.0,2025-06-25
413065.0,4568555.0,2025-06-25
413075.0,4568555.0,2025-06-25
413085.0,4568555.0,2025-06-25
413095.0,4568555.0,2025-06-25
413105.0,4568555.0,2025-06-25
413115.0,4568555.0,2025-06-25
413125.0,4568555.0,2025-06-25
413135.0,4568555.0,2025-06-25
413145.0,4568555.0,2025-06-25
413155.0,4568555.0,2025-06-25
413165.0,4568555.0,2025-06-25
413175.0,4568555.0,2025-06-25
413185.0,4568555.0,2025-06-25
413195.0,4568555.0,2025-06-25
413205.0,4568555.0,2025-06-25
413215.0,4568555.0,2025-06-25
413225.0,4568555.0,2025-06-25
413235.0,4568555.0,2025-06-25
413245.0,4568555.0,2025-06-25
413255.0,4568555.0,2025-06-25
413265.0,4568555.0,2025-06-25
413275.0,4568555.0,2025-06-25
413285.0,4568555.0,2025-06-25
413295.0,4568555.0,2025-06-25
413305.0,4568555.0,2025-06-25
413315.0,4568555.0,2025-06-25
413325.0,4568555.0,2025-06-25
413335.0,4568555.0,2025-06-25
413345.0,4568555.0,2025-06-25
413355.0,4568555.0,2025-06-25
413365.0,4568555.0,2025-06-25
413375.0,4568555.0,2025-06-25
413385.0,4568555.0,2025-06-25
413395.0,4568555.0,2025-06-25
413405.0,4568555.0,2025-06-25
413415.0,4568555.0,2025-06-25
413425.0,4568555.0,2025-06-25
413435.0,4568555.0,2025-06-25
413445.0,4568555.0,2025-06-25
413455.0,4568555.0,2025-06-25
413465.0,4568555.0,2025-06-25
413475.0,4568555.0,2025-06-25
413485.0,4568555.0,2025-06-25
413495.0,4568555.0,2025-06-25
413505.0,4568555.0,2025-06-25
413515.0,4568555.0,2025-06-25
413525.0,4568555.0,2025-06-25
413535.0,4568555.0,2025-06-25
413545.0,4568555.0,2025-06-25
413555.0,4568555.0,2025-06-25
413565.0,4568555.0,2025-06-25
413575.0,4568555.0,2025-06-25
413585.0,4568555.0,2025-06-25
413595.0,4568555.0,2025-06-25
413605.0,4568555.0,2025-06-25
413615.0,4568555.0,2025-06-25
413625.0,4568555.0,2025-06-25
413635.0,4568555.0,2025-06-25
413645.0,4568555.0,2025-06-25
413655.0,4568555.0,2025-06-25
413665.0,4568555.0,2025-06-25
413675.0,4568555.0,2025-06-25
413685.0,4568555.0,2025-06-25
413695.0,4568555.0,2025-06-25
413705.0,4568555.0,2025-06-25
413715.0,4568555.0,2025-06-25
413725.0,4568555.0,2025-06-25
413735.0,4568555.0,2025-06-25
413745.0,4568555.0,2025-06-25
413755.0,4568555.0,2025-06-25
413765.0,4568555.0,2025-06-25
413775.0,4568555.0,2025-06-25
413785.0,4568555.0,2025-06-25
413795.0,4568555.0,2025-06-25
413805.0,4568555.0,2025-06-25
413815.0,4568555.0,2025-06-25
413825.0,4568555.0,2025-06-25
413835.0,4568555.0,2025-06-25
413845.0,4568555.0,2025-06-25
413855.0,4568555.0,2025-06-25
413865.0,4568555.0,2025-06-25
413875.0,4568555.0,2025-06-25
413885.0,4568555.0,2025-06-25
413895.0,4568555.0,2025-06-25
413905.0,4568555.0,2025-06-25
413915.0,4568555.0,2025-06-25
413925.0,4568555.0,2025-06-25
413935.0,4568555.0,2025-06-25
413945.0,4568555.0,2025-06-25
413955.0,4568555.0,2025-06-25
413965.0,4568555.0,2025-06-25
413975.0,4568555.0,2025-06-25
413985.0,4568555.0,2025-06-25
413995.0,4568555.0,2025-06-25
414005.0,4568555.0,2025-06-25
414015.0,4568555.0,2025-06-25
414025.0,4568555.0,2025-06-25
414035.0,4568555.0,2025-06-25
414045.0,4568555.0,2025-06-25
414055.0,4568555.0,2025-06-25
414065.0,4568555.0,2025-06-25
414075.0,4568555.0,2025-06-25
414085.0,4568555.0,2025-06-25
414095.0,4568555.0,2025-06-25
414105.0,4568555.0,2025-06-25
414115.0,4568555.0,2025-06-25
414125.0,4568555.0,2025-06-25
414135.0,4568555.0,2025-06-25
414145.0,4568555.0,2025-06-25
414155.0,4568555.0,2025-06-25
414165.0,4568555.0,2025-06-25
414175.0,4568555.0,2025-06-25
414185.0,4568555.0,2025-06-25
414195.0,4568555.0,2025-06-25
414205.0,4568555.0,2025-06-25
414215.0,4568555.0,2025-06-25
414225.0,4568555.0,2025-06-25
414235.0,4568555.0,2025-06-25
414245.0,4568555.0,2025-06-25
414255.0,4568555.0,2025-06-25
414265.0,4568555.0,2025-06-25
414275.0,4568555.0,2025-06-25
414285.0,4568555.0,2025-06-25
414295.0,4568555.0,2025-06-25
414305.0,4568555.0,2025-06-25
414315.0,4568555.0,2025-06-25
414325.0,4568555.0,2025-06-25
414335.0,4568555.0,2025-06-25
414345.0,4568555.0,2025-06-25
414355.0,4568555.0,2025-06-25
414365.0,4568555.0,2025-06-25
414375.0,4568555.0,2025-06-25
414385.0,4568555.0,2025-06-25
414395.0,4568555.0,2025-06-25
414405.0,4568555.0,2025-06-25
414415.0,4568555.0,2025-06-25
414425.0,4568555.0,2025-06-25
414435.0,4568555.0,2025-06-25
414445.0,4568555.0,2025-06-25
414455.0,4568555.0,2025-06-25
414465.0,4568555.0,2025-06-25
414475.0,4568555.0,2025-06-25
414485.0,4568555.0,2025-06-25
414495.0,4568555.0,2025-06-25
414505.0,4568555.0,2025-06-25
414515.0,4568555.0,2025-06-25
414525.0,4568555.0,2025-06-25
414535.0,4568555.0,2025-06-25
414545.0,4568555.0,2025-06-25
414555.0,4568555.0,2025-06-25
414565.0,4568555.0,2025-06-25
414575.0,4568555.0,2025-06-25
414585.0,4568555.0,2025-06-25
414595.0,4568555.0,2025-06-25
414605.0,4568555.0,2025-06-25
414615.0,4568555.0,2025-06-25
414625.0,4568555.0,2025-06-25
414635.0,4568555.0,2025-06-25
414645.0,4568555.0,2025-06-25
414655.0,4568555.0,2025-06-25
414665.0,4568555.0,2025-06-25
414675.0,4568555.0,2025-06-25
414685.0,4568555.0,2025-06-25
414695.0,4568555.0,2025-06-25
414705.0,4568555.0,2025-06-25
414715.0,4568555.0,2025-06-25
414725.0,4568555.0,2025-06-25
414735.0,4568555.0,2025-06-25
414745.0,4568555.0,2025-06-25
414755.0,4568555.0,2025-06-25
414775.0,4568555.0,2025-06-25
414785.0,4568555.0,2025-06-25
414795.0,4568555.0,2025-06-25
414805.0,4568555.0,2025-06-25
414815.0,4568555.0,2025-06-25
414825.0,4568555.0,2025-06-25
414835.0,4568555.0,2025-06-25
414845.0,4568555.0,2025-06-25
414855.0,4568555.0,2025-06-25
414865.0,4568555.0,2025-06-25
414875.0,4568555.0,2025-06-25
414905.0,4568555.0,2025-06-25
414915.0,4568555.0,2025-06-25
414925.0,4568555.0,2025-06-25
414935.0,4568555.0,2025-06-25
414945.0,4568555.0,2025-06-25
414955.0,4568555.0,2025-06-25
414965.0,4568555.0,2025-06-25
414975.0,4568555.0,2025-06-25
414985.0,4568555.0,2025-06-25
414995.0,4568555.0,2025-06-25
415005.0,4568555.0,2025-06-25
415015.0,4568555.0,2025-06-25
415025.0,4568555.0,2025-06-25
415035.0,4568555.0,2025-06-25
415045.0,4568555.0,2025-06-25
415055.0,4568555.0,2025-06-25
415065.0,4568555.0,2025-06-25
415075.0,4568555.0,2025-06-25
415085.0,4568555.0,2025-06-25
415095.0,4568555.0,2025-06-25
415105.0,4568555.0,2025-06-25
415115.0,4568555.0,2025-06-25
415125.0,4568555.0,2025-06-25
415135.0,4568555.0,2025-06-25
415145.0,4568555.0,2025-06-25
415155.0,4568555.0,2025-06-25
415165.0,4568555.0,2025-06-25
415175.0,4568555.0,2025-06-25
415185.0,4568555.0,2025-06-25
415195.0,4568555.0,2025-06-25
415205.0,4568555.0,2025-06-25
415215.0,4568555.0,2025-06-25
415225.0,4568555.0,2025-06-25
415235.0,4568555.0,2025-06-25
415245.0,4568555.0,2025-06-25
415255.0,4568555.0,2025-06-25
415265.0,4568555.0,2025-06-25
415275.0,4568555.0,2025-06-25
415285.0,4568555.0,2025-06-25
415295.0,4568555.0,2025-06-25
415305.0,4568555.0,2025-06-25
415315.0,4568555.0,2025-06-25
415325.0,4568555.0,2025-06-25
415335.0,4568555.0,2025-06-25
415345.0,4568555.0,2025-06-25
415355.0,4568555.0,2025-06-25
415365.0,4568555.0,2025-06-25
415375.0,4568555.0,2025-06-25
415385.0,4568555.0,2025-06-25
415395.0,4568555.0,2025-06-25
415405.0,4568555.0,2025-06-25
415415.0,4568555.0,2025-06-25
415425.0,4568555.0,2025-06-25
415435.0,4568555.0,2025-06-25
415445.0,4568555.0,2025-06-25
415455.0,4568555.0,2025-06-25
415465.0,4568555.0,2025-06-25
415475.0,4568555.0,2025-06-25
415485.0,4568555.0,2025-06-25
415495.0,4568555.0,2025-06-25
415505.0,4568555.0,2025-06-25
415515.0,4568555.0,2025-06-25
415525.0,4568555.0,2025-06-25
415535.0,4568555.0,2025-06-25
415545.0,4568555.0,2025-06-25
415555.0,4568555.0,2025-06-25
415565.0,4568555.0,2025-06-25
415575.0,4568555.0,2025-06-25
415585.0,4568555.0,2025-06-25
415595.0,4568555.0,2025-06-25
415605.0,4568555.0,2025-06-25
415615.0,4568555.0,2025-06-25
415625.0,4568555.0,2025-06-25
415635.0,4568555.0,2025-06-25
415645.0,4568555.0,2025-06-25
415655.0,4568555.0,2025-06-25
415665.0,4568555.0,2025-06-25
415675.0,4568555.0,2025-06-25
415685.0,4568555.0,2025-06-25
415695.0,4568555.0,2025-06-25
415705.0,4568555.0,2025-06-25
415715.0,4568555.0,2025-06-25
415725.0,4568555.0,2025-06-25
415735.0,4568555.0,2025-06-25
415745.0,4568555.0,2025-06-25
415755.0,4568555.0,2025-06-25
415765.0,4568555.0,2025-06-25
415775.0,4568555.0,2025-06-25
415785.0,4568555.0,2025-06-25
415795.0,4568555.0,2025-06-25
415805.0,4568555.0,2025-06-25
415815.0,4568555.0,2025-06-25
415825.0,4568555.0,2025-06-25
415835.0,4568555.0,2025-06-25
415845.0,4568555.0,2025-06-25
415855.0,4568555.0,2025-06-25
415865.0,4568555.0,2025-06-25
415875.0,4568555.0,2025-06-25
415885.0,4568555.0,2025-06-25
415895.0,4568555.0,2025-06-25
415905.0,4568555.0,2025-06-25
415915.0,4568555.0,2025-06-25
415925.0,4568555.0,2025-06-25
415935.0,4568555.0,2025-06-25
415945.0,4568555.0,2025-06-25
415955.0,4568555.0,2025-06-25
415965.0,4568555.0,2025-06-25
415975.0,4568555.0,2025-06-25
415985.0,4568555.0,2025-06-25
415995.0,4568555.0,2025-06-25
416005.0,4568555.0,2025-06-25
416015.0,4568555.0,2025-06-25
416025.0,4568555.0,2025-06-25
416035.0,4568555.0,2025-06-25
416045.0,4568555.0,2025-06-25
416055.0,4568555.0,2025-06-25
416065.0,4568555.0,2025-06-25
416075.0,4568555.0,2025-06-25
416085.0,4568555.0,2025-06-25
416095.0,4568555.0,2025-06-25
416105.0,4568555.0,2025-06-25
416115.0,4568555.0,2025-06-25
416125.0,4568555.0,2025-06-25
416135.0,4568555.0,2025-06-25
416145.0,4568555.0,2025-06-25
416155.0,4568555.0,2025-06-25
416165.0,4568555.0,2025-06-25
416175.0,4568555.0,2025-06-25
416185.0,4568555.0,2025-06-25
416195.0,4568555.0,2025-06-25
416205.0,4568555.0,2025-06-25
416215.0,4568555.0,2025-06-25
416225.0,4568555.0,2025-06-25
416235.0,4568555.0,2025-06-25
416245.0,4568555.0,2025-06-25
416255.0,4568555.0,2025-06-25
416265.0,4568555.0,2025-06-25
416275.0,4568555.0,2025-06-25
416285.0,4568555.0,2025-06-25
416295.0,4568555.0,2025-06-25
416305.0,4568555.0,2025-06-25
416315.0,4568555.0,2025-06-25
416325.0,4568555.0,2025-06-25
416335.0,4568555.0,2025-06-25
416345.0,4568555.0,2025-06-25
416355.0,4568555.0,2025-06-25
416365.0,4568555.0,2025-06-25
416375.0,4568555.0,2025-06-25
416385.0,4568555.0,2025-06-25
416395.0,4568555.0,2025-06-25
416405.0,4568555.0,2025-06-25
416415.0,4568555.0,2025-06-25
416425.0,4568555.0,2025-06-25
416435.0,4568555.0,2025-06-25
416445.0,4568555.0,2025-06-25
416455.0,4568555.0,2025-06-25
411745.0,4568545.0,2025-06-25
411755.0,4568545.0,2025-06-25
411765.0,4568545.0,2025-06-25
411775.0,4568545.0,2025-06-25
411785.0,4568545.0,2025-06-25
411795.0,4568545.0,2025-06-25
411805.0,4568545.0,2025-06-25
411815.0,4568545.0,2025-06-25
411825.0,4568545.0,2025-06-25
411835.0,4568545.0,2025-06-25
411845.0,4568545.0,2025-06-25
411855.0,4568545.0,2025-06-25
411865.0,4568545.0,2025-06-25
411875.0,4568545.0,2025-06-25
411885.0,4568545.0,2025-06-25
411895.0,4568545.0,2025-06-25
411905.0,4568545.0,2025-06-25
411915.0,4568545.0,2025-06-25
411925.0,4568545.0,2025-06-25
411935.0,4568545.0,2025-06-25
411945.0,4568545.0,2025-06-25
411955.0,4568545.0,2025-06-25
411965.0,4568545.0,2025-06-25
411975.0,4568545.0,2025-06-25
411985.0,4568545.0,2025-06-25
411995.0,4568545.0,2025-06-25
412005.0,4568545.0,2025-06-25
412015.0,4568545.0,2025-06-25
412025.0,4568545.0,2025-06-25
412035.0,4568545.0,2025-06-25
412045.0,4568545.0,2025-06-25
412055.0,4568545.0,2025-06-25
412065.0,4568545.0,2025-06-25
412075.0,4568545.0,2025-06-25
412085.0,4568545.0,2025-06-25
412095.0,4568545.0,2025-06-25
412105.0,4568545.0,2025-06-25
412115.0,4568545.0,2025-06-25
412125.0,4568545.0,2025-06-25
412135.0,4568545.0,2025-06-25
412145.0,4568545.0,2025-06-25
412155.0,4568545.0,2025-06-25
412165.0,4568545.0,2025-06-25
412175.0,4568545.0,2025-06-25
412185.0,4568545.0,2025-06-25
412195.0,4568545.0,2025-06-25
412205.0,4568545.0,2025-06-25
412215.0,4568545.0,2025-06-25
412225.0,4568545.0,2025-06-25
412235.0,4568545.0,2025-06-25
412245.0,4568545.0,2025-06-25
412255.0,4568545.0,2025-06-25
412265.0,4568545.0,2025-06-25
412275.0,4568545.0,2025-06-25
412285.0,4568545.0,2025-06-25
412295.0,4568545.0,2025-06-25
412305.0,4568545.0,2025-06-25
412315.0,4568545.0,2025-06-25
412325.0,4568545.0,2025-06-25
412335.0,4568545.0,2025-06-25
412345.0,4568545.0,2025-06-25
412355.0,4568545.0,2025-06-25
412365.0,4568545.0,2025-06-25
412375.0,4568545.0,2025-06-25
412385.0,4568545.0,2025-06-25
412395.0,4568545.0,2025-06-25
412405.0,4568545.0,2025-06-25
412415.0,4568545.0,2025-06-25
412425.0,4568545.0,2025-06-25
412435.0,4568545.0,2025-06-25
412445.0,4568545.0,2025-06-25
412455.0,4568545.0,2025-06-25
412465.0,4568545.0,2025-06-25
412475.0,4568545.0,2025-06-25
412485.0,4568545.0,2025-06-25
412495.0,4568545.0,2025-06-25
412505.0,4568545.0,2025-06-25
412515.0,4568545.0,2025-06-25
412525.0,4568545.0,2025-06-25
412535.0,4568545.0,2025-06-25
412545.0,4568545.0,2025-06-25
412555.0,4568545.0,2025-06-25
412565.0,4568545.0,2025-06-25
412575.0,4568545.0,2025-06-25
412585.0,4568545.0,2025-06-25
412595.0,4568545.0,2025-06-25
412605.0,4568545.0,2025-06-25
412615.0,4568545.0,2025-06-25
412625.0,4568545.0,2025-06-25
412635.0,4568545.0,2025-06-25
412645.0,4568545.0,2025-06-25
412655.0,4568545.0,2025-06-25
412665.0,4568545.0,2025-06-25
412675.0,4568545.0,2025-06-25
412685.0,4568545.0,2025-06-25
412695.0,4568545.0,2025-06-25
412705.0,4568545.0,2025-06-25
412715.0,4568545.0,2025-06-25
412725.0,4568545.0,2025-06-25
412735.0,4568545.0,2025-06-25
412745.0,4568545.0,2025-06-25
412755.0,4568545.0,2025-06-25
412765.0,4568545.0,2025-06-25
412775.0,4568545.0,2025-06-25
412785.0,4568545.0,2025-06-25
412795.0,4568545.0,2025-06-25
412805.0,4568545.0,2025-06-25
412815.0,4568545.0,2025-06-25
412825.0,4568545.0,2025-06-25
412835.0,4568545.0,2025-06-25
412845.0,4568545.0,2025-06-25
412855.0,4568545.0,2025-06-25
412865.0,4568545.0,2025-06-25
412875.0,4568545.0,2025-06-25
412885.0,4568545.0,2025-06-25
412895.0,4568545.0,2025-06-25
412905.0,4568545.0,2025-06-25
412915.0,4568545.0,2025-06-25
412925.0,4568545.0,2025-06-25
412935.0,4568545.0,2025-06-25
412945.0,4568545.0,2025-06-25
412955.0,4568545.0,2025-06-25
412965.0,4568545.0,2025-06-25
412975.0,4568545.0,2025-06-25
412985.0,4568545.0,2025-06-25
412995.0,4568545.0,2025-06-25
413005.0,4568545.0,2025-06-25
413015.0,4568545.0,2025-06-25
413025.0,4568545.0,2025-06-25
413035.0,4568545.0,2025-06-25
413045.0,4568545.0,2025-06-25
413055.0,4568545.0,2025-06-25
413065.0,4568545.0,2025-06-25
413075.0,4568545.0,2025-06-25
413085.0,4568545.0,2025-06-25
413095.0,4568545.0,2025-06-25
413105.0,4568545.0,2025-06-25
413115.0,4568545.0,2025-06-25
413125.0,4568545.0,2025-06-25
413135.0,4568545.0,2025-06-25
413145.0,4568545.0,2025-06-25
413155.0,4568545.0,2025-06-25
413165.0,4568545.0,2025-06-25
413175.0,4568545.0,2025-06-25
413185.0,4568545.0,2025-06-25
413195.0,4568545.0,2025-06-25
413205.0,4568545.0,2025-06-25
413215.0,4568545.0,2025-06-25
413225.0,4568545.0,2025-06-25
413235.0,4568545.0,2025-06-25
413245.0,4568545.0,2025-06-25
413255.0,4568545.0,2025-06-25
413265.0,4568545.0,2025-06-25
413275.0,4568545.0,2025-06-25
413285.0,4568545.0,2025-06-25
413295.0,4568545.0,2025-06-25
413305.0,4568545.0,2025-06-25
413315.0,4568545.0,2025-06-25
413325.0,4568545.0,2025-06-25
413335.0,4568545.0,2025-06-25
413345.0,4568545.0,2025-06-25
413355.0,4568545.0,2025-06-25
413365.0,4568545.0,2025-06-25
413375.0,4568545.0,2025-06-25
413385.0,4568545.0,2025-06-25
413395.0,4568545.0,2025-06-25
413405.0,4568545.0,2025-06-25
413415.0,4568545.0,2025-06-25
413425.0,4568545.0,2025-06-25
413435.0,4568545.0,2025-06-25
413445.0,4568545.0,2025-06-25
413455.0,4568545.0,2025-06-25
413465.0,4568545.0,2025-06-25
413475.0,4568545.0,2025-06-25
413485.0,4568545.0,2025-06-25
413495.0,4568545.0,2025-06-25
413505.0,4568545.0,2025-06-25
413515.0,4568545.0,2025-06-25
413525.0,4568545.0,2025-06-25
413535.0,4568545.0,2025-06-25
413545.0,4568545.0,2025-06-25
413555.0,4568545.0,2025-06-25
413565.0,4568545.0,2025-06-25
413575.0,4568545.0,2025-06-25
413585.0,4568545.0,2025-06-25
413595.0,4568545.0,2025-06-25
413605.0,4568545.0,2025-06-25
413615.0,4568545.0,2025-06-25
413625.0,4568545.0,2025-06-25
413635.0,4568545.0,2025-06-25
413645.0,4568545.0,2025-06-25
413655.0,4568545.0,2025-06-25
413665.0,4568545.0,2025-06-25
413675.0,4568545.0,2025-06-25
413685.0,4568545.0,2025-06-25
413695.0,4568545.0,2025-06-25
413705.0,4568545.0,2025-06-25
413715.0,4568545.0,2025-06-25
413725.0,4568545.0,2025-06-25
413735.0,4568545.0,2025-06-25
413745.0,4568545.0,2025-06-25
413755.0,4568545.0,2025-06-25
413765.0,4568545.0,2025-06-25
413775.0,4568545.0,2025-06-25
413785.0,4568545.0,2025-06-25
413795.0,4568545.0,2025-06-25
413805.0,4568545.0,2025-06-25
413815.0,4568545.0,2025-06-25
413825.0,4568545.0,2025-06-25
413835.0,4568545.0,2025-06-25
413845.0,4568545.0,2025-06-25
413855.0,4568545.0,2025-06-25
413865.0,4568545.0,2025-06-25
413875.0,4568545.0,2025-06-25
413885.0,4568545.0,2025-06-25
413895.0,4568545.0,2025-06-25
413905.0,4568545.0,2025-06-25
413915.0,4568545.0,2025-06-25
413925.0,4568545.0,2025-06-25
413935.0,4568545.0,2025-06-25
413945.0,4568545.0,2025-06-25
413955.0,4568545.0,2025-06-25
413965.0,4568545.0,2025-06-25
413975.0,4568545.0,2025-06-25
413985.0,4568545.0,2025-06-25
413995.0,4568545.0,2025-06-25
414005.0,4568545.0,2025-06-25
414015.0,4568545.0,2025-06-25
414025.0,4568545.0,2025-06-25
414035.0,4568545.0,2025-06-25
414045.0,4568545.0,2025-06-25
414055.0,4568545.0,2025-06-25
414065.0,4568545.0,2025-06-25
414075.0,4568545.0,2025-06-25
414085.0,4568545.0,2025-06-25
414095.0,4568545.0,2025-06-25
414105.0,4568545.0,2025-06-25
414115.0,4568545.0,2025-06-25
414125.0,4568545.0,2025-06-25
414135.0,4568545.0,2025-06-25
414145.0,4568545.0,2025-06-25
414155.0,4568545.0,2025-06-25
414165.0,4568545.0,2025-06-25
414175.0,4568545.0,2025-06-25
414185.0,4568545.0,2025-06-25
414195.0,4568545.0,2025-06-25
414205.0,4568545.0,2025-06-25
414215.0,4568545.0,2025-06-25
414225.0,4568545.0,2025-06-25
414235.0,4568545.0,2025-06-25
414245.0,4568545.0,2025-06-25
414255.0,4568545.0,2025-06-25
414265.0,4568545.0,2025-06-25
414275.0,4568545.0,2025-06-25
414285.0,4568545.0,2025-06-25
414295.0,4568545.0,2025-06-25
414305.0,4568545.0,2025-06-25
414315.0,4568545.0,2025-06-25
414325.0,4568545.0,2025-06-25
414335.0,4568545.0,2025-06-25
414345.0,4568545.0,2025-06-25
414355.0,4568545.0,2025-06-25
414365.0,4568545.0,2025-06-25
414375.0,4568545.0,2025-06-25
414385.0,4568545.0,2025-06-25
414395.0,4568545.0,2025-06-25
414405.0,4568545.0,2025-06-25
414415.0,4568545.0,2025-06-25
414425.0,4568545.0,2025-06-25
414435.0,4568545.0,2025-06-25
414445.0,4568545.0,2025-06-25
414455.0,4568545.0,2025-06-25
414465.0,4568545.0,2025-06-25
414475.0,4568545.0,2025-06-25
414485.0,4568545.0,2025-06-25
414495.0,4568545.0,2025-06-25
414505.0,4568545.0,2025-06-25
414515.0,4568545.0,2025-06-25
414525.0,4568545.0,2025-06-25
414535.0,4568545.0,2025-06-25
414545.0,4568545.0,2025-06-25
414555.0,4568545.0,2025-06-25
414565.0,4568545.0,2025-06-25
414575.0,4568545.0,2025-06-25
414585.0,4568545.0,2025-06-25
414595.0,4568545.0,2025-06-25
414605.0,4568545.0,2025-06-25
414615.0,4568545.0,2025-06-25
414625.0,4568545.0,2025-06-25
414635.0,4568545.0,2025-06-25
414645.0,4568545.0,2025-06-25
414655.0,4568545.0,2025-06-25
414665.0,4568545.0,2025-06-25
414675.0,4568545.0,2025-06-25
414685.0,4568545.0,2025-06-25
414695.0,4568545.0,2025-06-25
414705.0,4568545.0,2025-06-25
414715.0,4568545.0,2025-06-25
414725.0,4568545.0,2025-06-25
414735.0,4568545.0,2025-06-25
414745.0,4568545.0,2025-06-25
414755.0,4568545.0,2025-06-25
414765.0,4568545.0,2025-06-25
414775.0,4568545.0,2025-06-25
414785.0,4568545.0,2025-06-25
414795.0,4568545.0,2025-06-25
414805.0,4568545.0,2025-06-25
414815.0,4568545.0,2025-06-25
414825.0,4568545.0,2025-06-25
414835.0,4568545.0,2025-06-25
414845.0,4568545.0,2025-06-25
414855.0,4568545.0,2025-06-25
414865.0,4568545.0,2025-06-25
414875.0,4568545.0,2025-06-25
414885.0,4568545.0,2025-06-25
414895.0,4568545.0,2025-06-25
414905.0,4568545.0,2025-06-25
414915.0,4568545.0,2025-06-25
414925.0,4568545.0,2025-06-25
414935.0,4568545.0,2025-06-25
414945.0,4568545.0,2025-06-25
414955.0,4568545.0,2025-06-25
414965.0,4568545.0,2025-06-25
414975.0,4568545.0,2025-06-25
414985.0,4568545.0,2025-06-25
414995.0,4568545.0,2025-06-25
415005.0,4568545.0,2025-06-25
415015.0,4568545.0,2025-06-25
415025.0,4568545.0,2025-06-25
415035.0,4568545.0,2025-06-25
415045.0,4568545.0,2025-06-25
415055.0,4568545.0,2025-06-25
415065.0,4568545.0,2025-06-25
415075.0,4568545.0,2025-06-25
415085.0,4568545.0,2025-06-25
415095.0,4568545.0,2025-06-25
415105.0,4568545.0,2025-06-25
415115.0,4568545.0,2025-06-25
415125.0,4568545.0,2025-06-25
415135.0,4568545.0,2025-06-25
415145.0,4568545.0,2025-06-25
415155.0,4568545.0,2025-06-25
415165.0,4568545.0,2025-06-25
415175.0,4568545.0,2025-06-25
415185.0,4568545.0,2025-06-25
415195.0,4568545.0,2025-06-25
415205.0,4568545.0,2025-06-25
415215.0,4568545.0,2025-06-25
415225.0,4568545.0,2025-06-25
415235.0,4568545.0,2025-06-25
415245.0,4568545.0,2025-06-25
415255.0,4568545.0,2025-06-25
415265.0,4568545.0,2025-06-25
415275.0,4568545.0,2025-06-25
415285.0,4568545.0,2025-06-25
415295.0,4568545.0,2025-06-25
415305.0,4568545.0,2025-06-25
415315.0,4568545.0,2025-06-25
415325.0,4568545.0,2025-06-25
415335.0,4568545.0,2025-06-25
415345.0,4568545.0,2025-06-25
415355.0,4568545.0,2025-06-25
415365.0,4568545.0,2025-06-25
415375.0,4568545.0,2025-06-25
415385.0,4568545.0,2025-06-25
415395.0,4568545.0,2025-06-25
415405.0,4568545.0,2025-06-25
415415.0,4568545.0,2025-06-25
415425.0,4568545.0,2025-06-25
415435.0,4568545.0,2025-06-25
415445.0,4568545.0,2025-06-25
415455.0,4568545.0,2025-06-25
415465.0,4568545.0,2025-06-25
415475.0,4568545.0,2025-06-25
415485.0,4568545.0,2025-06-25
415495.0,4568545.0,2025-06-25
415505.0,4568545.0,2025-06-25
415515.0,4568545.0,2025-06-25
415525.0,4568545.0,2025-06-25
415535.0,4568545.0,2025-06-25
415545.0,4568545.0,2025-06-25
415555.0,4568545.0,2025-06-25
415565.0,4568545.0,2025-06-25
415575.0,4568545.0,2025-06-25
415585.0,4568545.0,2025-06-25
415595.0,4568545.0,2025-06-25
415605.0,4568545.0,2025-06-25
415615.0,4568545.0,2025-06-25
415625.0,4568545.0,2025-06-25
415635.0,4568545.0,2025-06-25
415645.0,4568545.0,2025-06-25
415655.0,4568545.0,2025-06-25
415665.0,4568545.0,2025-06-25
415675.0,4568545.0,2025-06-25
415685.0,4568545.0,2025-06-25
415695.0,4568545.0,2025-06-25
415705.0,4568545.0,2025-06-25
415715.0,4568545.0,2025-06-25
415725.0,4568545.0,2025-06-25
415735.0,4568545.0,2025-06-25
415745.0,4568545.0,2025-06-25
415755.0,4568545.0,2025-06-25
415765.0,4568545.0,2025-06-25
415775.0,4568545.0,2025-06-25
415785.0,4568545.0,2025-06-25
415795.0,4568545.0,2025-06-25
415805.0,4568545.0,2025-06-25
415815.0,4568545.0,2025-06-25
415825.0,4568545.0,2025-06-25
415835.0,4568545.0,2025-06-25
415845.0,4568545.0,2025-06-25
415855.0,4568545.0,2025-06-25
415865.0,4568545.0,2025-06-25
415875.0,4568545.0,2025-06-25
415885.0,4568545.0,2025-06-25
415895.0,4568545.0,2025-06-25
415905.0,4568545.0,2025-06-25
415915.0,4568545.0,2025-06-25
415925.0,4568545.0,2025-06-25
415935.0,4568545.0,2025-06-25
415945.0,4568545.0,2025-06-25
415955.0,4568545.0,2025-06-25
415965.0,4568545.0,2025-06-25
415975.0,4568545.0,2025-06-25
415985.0,4568545.0,2025-06-25
415995.0,4568545.0,2025-06-25
416005.0,4568545.0,2025-06-25
416015.0,4568545.0,2025-06-25
416025.0,4568545.0,2025-06-25
416035.0,4568545.0,2025-06-25
416045.0,4568545.0,2025-06-25
416055.0,4568545.0,2025-06-25
416065.0,4568545.0,2025-06-25
416075.0,4568545.0,2025-06-25
416085.0,4568545.0,2025-06-25
416095.0,4568545.0,2025-06-25
416105.0,4568545.0,2025-06-25
416115.0,4568545.0,2025-06-25
416125.0,4568545.0,2025-06-25
416135.0,4568545.0,2025-06-25
416145.0,4568545.0,2025-06-25
416155.0,4568545.0,2025-06-25
416165.0,4568545.0,2025-06-25
416175.0,4568545.0,2025-06-25
416185.0,4568545.0,2025-06-25
416195.0,4568545.0,2025-06-25
416205.0,4568545.0,2025-06-25
416215.0,4568545.0,2025-06-25
416225.0,4568545.0,2025-06-25
416235.0,4568545.0,2025-06-25
416245.0,4568545.0,2025-06-25
416255.0,4568545.0,2025-06-25
416265.0,4568545.0,2025-06-25
416275.0,4568545.0,2025-06-25
416285.0,4568545.0,2025-06-25
416295.0,4568545.0,2025-06-25
416305.0,4568545.0,2025-06-25
416315.0,4568545.0,2025-06-25
416325.0,4568545.0,2025-06-25
416335.0,4568545.0,2025-06-25
416345.0,4568545.0,2025-06-25
416355.0,4568545.0,2025-06-25
416365.0,4568545.0,2025-06-25
416375.0,4568545.0,2025-06-25
416385.0,4568545.0,2025-06-25
416395.0,4568545.0,2025-06-25
416405.0,4568545.0,2025-06-25
416415.0,4568545.0,2025-06-25
416425.0,4568545.0,2025-06-25
416435.0,4568545.0,2025-06-25
416445.0,4568545.0,2025-06-25
416455.0,4568545.0,2025-06-25
412575.0,4568535.0,2025-06-25
412585.0,4568535.0,2025-06-25
412595.0,4568535.0,2025-06-25
412605.0,4568535.0,2025-06-25
412615.0,4568535.0,2025-06-25
412625.0,4568535.0,2025-06-25
412635.0,4568535.0,2025-06-25
412645.0,4568535.0,2025-06-25
412655.0,4568535.0,2025-06-25
412665.0,4568535.0,2025-06-25
412675.0,4568535.0,2025-06-25
412685.0,4568535.0,2025-06-25
412695.0,4568535.0,2025-06-25
412705.0,4568535.0,2025-06-25
412715.0,4568535.0,2025-06-25
412725.0,4568535.0,2025-06-25
412735.0,4568535.0,2025-06-25
412745.0,4568535.0,2025-06-25
412755.0,4568535.0,2025-06-25
412765.0,4568535.0,2025-06-25
412775.0,4568535.0,2025-06-25
412785.0,4568535.0,2025-06-25
412795.0,4568535.0,2025-06-25
412805.0,4568535.0,2025-06-25
412815.0,4568535.0,2025-06-25
412825.0,4568535.0,2025-06-25
412835.0,4568535.0,2025-06-25
412845.0,4568535.0,2025-06-25
412855.0,4568535.0,2025-06-25
412865.0,4568535.0,2025-06-25
412875.0,4568535.0,2025-06-25
412885.0,4568535.0,2025-06-25
412895.0,4568535.0,2025-06-25
412905.0,4568535.0,2025-06-25
412915.0,4568535.0,2025-06-25
412925.0,4568535.0,2025-06-25
412935.0,4568535.0,2025-06-25
412945.0,4568535.0,2025-06-25
412955.0,4568535.0,2025-06-25
412965.0,4568535.0,2025-06-25
412975.0,4568535.0,2025-06-25
412985.0,4568535.0,2025-06-25
412995.0,4568535.0,2025-06-25
413005.0,4568535.0,2025-06-25
413015.0,4568535.0,2025-06-25
413025.0,4568535.0,2025-06-25
413035.0,4568535.0,2025-06-25
413045.0,4568535.0,2025-06-25
413055.0,4568535.0,2025-06-25
413065.0,4568535.0,2025-06-25
413075.0,4568535.0,2025-06-25
413085.0,4568535.0,2025-06-25
413095.0,4568535.0,2025-06-25
413105.0,4568535.0,2025-06-25
413115.0,4568535.0,2025-06-25
413125.0,4568535.0,2025-06-25
413135.0,4568535.0,2025-06-25
413145.0,4568535.0,2025-06-25
413155.0,4568535.0,2025-06-25
413165.0,4568535.0,2025-06-25
413175.0,4568535.0,2025-06-25
413185.0,4568535.0,2025-06-25
413195.0,4568535.0,2025-06-25
413205.0,4568535.0,2025-06-25
413215.0,4568535.0,2025-06-25
413225.0,4568535.0,2025-06-25
413235.0,4568535.0,2025-06-25
413245.0,4568535.0,2025-06-25
413255.0,4568535.0,2025-06-25
413265.0,4568535.0,2025-06-25
413275.0,4568535.0,2025-06-25
413285.0,4568535.0,2025-06-25
413295.0,4568535.0,2025-06-25
413305.0,4568535.0,2025-06-25
413315.0,4568535.0,2025-06-25
413325.0,4568535.0,2025-06-25
413335.0,4568535.0,2025-06-25
413345.0,4568535.0,2025-06-25
413355.0,4568535.0,2025-06-25
413365.0,4568535.0,2025-06-25
413375.0,4568535.0,2025-06-25
413385.0,4568535.0,2025-06-25
413395.0,4568535.0,2025-06-25
413405.0,4568535.0,2025-06-25
413415.0,4568535.0,2025-06-25
413425.0,4568535.0,2025-06-25
413435.0,4568535.0,2025-06-25
413445.0,4568535.0,2025-06-25
413455.0,4568535.0,2025-06-25
413465.0,4568535.0,2025-06-25
413475.0,4568535.0,2025-06-25
413485.0,4568535.0,2025-06-25
413495.0,4568535.0,2025-06-25
413505.0,4568535.0,2025-06-25
413515.0,4568535.0,2025-06-25
413525.0,4568535.0,2025-06-25
413535.0,4568535.0,2025-06-25
413545.0,4568535.0,2025-06-25
413555.0,4568535.0,2025-06-25
413565.0,4568535.0,2025-06-25
413575.0,4568535.0,2025-06-25
413585.0,4568535.0,2025-06-25
413595.0,4568535.0,2025-06-25
413605.0,4568535.0,2025-06-25
413615.0,4568535.0,2025-06-25
413625.0,4568535.0,2025-06-25
413635.0,4568535.0,2025-06-25
413645.0,4568535.0,2025-06-25
413655.0,4568535.0,2025-06-25
413665.0,4568535.0,2025-06-25
413675.0,4568535.0,2025-06-25
413685.0,4568535.0,2025-06-25
413695.0,4568535.0,2025-06-25
413705.0,4568535.0,2025-06-25
413715.0,4568535.0,2025-06-25
413725.0,4568535.0,2025-06-25
413735.0,4568535.0,2025-06-25
413745.0,4568535.0,2025-06-25
413755.0,4568535.0,2025-06-25
413765.0,4568535.0,2025-06-25
413775.0,4568535.0,2025-06-25
413785.0,4568535.0,2025-06-25
413795.0,4568535.0,2025-06-25
413805.0,4568535.0,2025-06-25
413815.0,4568535.0,2025-06-25
413825.0,4568535.0,2025-06-25
413835.0,4568535.0,2025-06-25
413845.0,4568535.0,2025-06-25
413855.0,4568535.0,2025-06-25
413865.0,4568535.0,2025-06-25
413875.0,4568535.0,2025-06-25
413885.0,4568535.0,2025-06-25
413895.0,4568535.0,2025-06-25
413905.0,4568535.0,2025-06-25
413915.0,4568535.0,2025-06-25
413925.0,4568535.0,2025-06-25
413935.0,4568535.0,2025-06-25
413945.0,4568535.0,2025-06-25
413955.0,4568535.0,2025-06-25
413965.0,4568535.0,2025-06-25
413975.0,4568535.0,2025-06-25
413985.0,4568535.0,2025-06-25
413995.0,4568535.0,2025-06-25
414005.0,4568535.0,2025-06-25
414015.0,4568535.0,2025-06-25
414025.0,4568535.0,2025-06-25
414035.0,4568535.0,2025-06-25
414045.0,4568535.0,2025-06-25
414055.0,4568535.0,2025-06-25
414065.0,4568535.0,2025-06-25
414075.0,4568535.0,2025-06-25
414085.0,4568535.0,2025-06-25
414095.0,4568535.0,2025-06-25
414105.0,4568535.0,2025-06-25
414115.0,4568535.0,2025-06-25
414125.0,4568535.0,2025-06-25
414135.0,4568535.0,2025-06-25
414145.0,4568535.0,2025-06-25
414155.0,4568535.0,2025-06-25
414165.0,4568535.0,2025-06-25
414175.0,4568535.0,2025-06-25
414185.0,4568535.0,2025-06-25
414195.0,4568535.0,2025-06-25
414205.0,4568535.0,2025-06-25
414215.0,4568535.0,2025-06-25
414225.0,4568535.0,2025-06-25
414235.0,4568535.0,2025-06-25
414245.0,4568535.0,2025-06-25
414255.0,4568535.0,2025-06-25
414265.0,4568535.0,2025-06-25
414275.0,4568535.0,2025-06-25
414285.0,4568535.0,2025-06-25
414295.0,4568535.0,2025-06-25
414305.0,4568535.0,2025-06-25
414315.0,4568535.0,2025-06-25
414325.0,4568535.0,2025-06-25
414335.0,4568535.0,2025-06-25
414345.0,4568535.0,2025-06-25
414355.0,4568535.0,2025-06-25
414365.0,4568535.0,2025-06-25
414375.0,4568535.0,2025-06-25
414385.0,4568535.0,2025-06-25
414395.0,4568535.0,2025-06-25
414405.0,4568535.0,2025-06-25
414415.0,4568535.0,2025-06-25
414425.0,4568535.0,2025-06-25
414435.0,4568535.0,2025-06-25
414445.0,4568535.0,2025-06-25
414455.0,4568535.0,2025-06-25
414465.0,4568535.0,2025-06-25
414475.0,4568535.0,2025-06-25
414485.0,4568535.0,2025-06-25
414495.0,4568535.0,2025-06-25
414505.0,4568535.0,2025-06-25
414515.0,4568535.0,2025-06-25
414525.0,4568535.0,2025-06-25
414535.0,4568535.0,2025-06-25
414545.0,4568535.0,2025-06-25
414555.0,4568535.0,2025-06-25
414565.0,4568535.0,2025-06-25
414575.0,4568535.0,2025-06-25
414585.0,4568535.0,2025-06-25
414595.0,4568535.0,2025-06-25
414605.0,4568535.0,2025-06-25
414615.0,4568535.0,2025-06-25
414625.0,4568535.0,2025-06-25
414635.0,4568535.0,2025-06-25
414645.0,4568535.0,2025-06-25
414655.0,4568535.0,2025-06-25
414665.0,4568535.0,2025-06-25
414675.0,4568535.0,2025-06-25
414685.0,4568535.0,2025-06-25
414695.0,4568535.0,2025-06-25
414705.0,4568535.0,2025-06-25
414715.0,4568535.0,2025-06-25
414725.0,4568535.0,2025-06-25
414735.0,4568535.0,2025-06-25
414745.0,4568535.0,2025-06-25
414755.0,4568535.0,2025-06-25
414765.0,4568535.0,2025-06-25
414775.0,4568535.0,2025-06-25
414785.0,4568535.0,2025-06-25
414795.0,4568535.0,2025-06-25
414805.0,4568535.0,2025-06-25
414815.0,4568535.0,2025-06-25
414825.0,4568535.0,2025-06-25
414835.0,4568535.0,2025-06-25
414845.0,4568535.0,2025-06-25
414855.0,4568535.0,2025-06-25
414865.0,4568535.0,2025-06-25
414875.0,4568535.0,2025-06-25
414885.0,4568535.0,2025-06-25
414895.0,4568535.0,2025-06-25
414905.0,4568535.0,2025-06-25
414915.0,4568535.0,2025-06-25
414925.0,4568535.0,2025-06-25
414935.0,4568535.0,2025-06-25
414945.0,4568535.0,2025-06-25
414955.0,4568535.0,2025-06-25
414965.0,4568535.0,2025-06-25
414975.0,4568535.0,2025-06-25
414985.0,4568535.0,2025-06-25
414995.0,4568535.0,2025-06-25
415005.0,4568535.0,2025-06-25
415015.0,4568535.0,2025-06-25
415025.0,4568535.0,2025-06-25
415035.0,4568535.0,2025-06-25
415045.0,4568535.0,2025-06-25
415055.0,4568535.0,2025-06-25
415065.0,4568535.0,2025-06-25
415075.0,4568535.0,2025-06-25
415085.0,4568535.0,2025-06-25
415095.0,4568535.0,2025-06-25
415105.0,4568535.0,2025-06-25
415115.0,4568535.0,2025-06-25
415125.0,4568535.0,2025-06-25
415135.0,4568535.0,2025-06-25
415145.0,4568535.0,2025-06-25
415155.0,4568535.0,2025-06-25
415165.0,4568535.0,2025-06-25
415175.0,4568535.0,2025-06-25
415185.0,4568535.0,2025-06-25
415195.0,4568535.0,2025-06-25
415205.0,4568535.0,2025-06-25
415215.0,4568535.0,2025-06-25
415225.0,4568535.0,2025-06-25
415235.0,4568535.0,2025-06-25
415245.0,4568535.0,2025-06-25
415255.0,4568535.0,2025-06-25
415265.0,4568535.0,2025-06-25
415275.0,4568535.0,2025-06-25
415285.0,4568535.0,2025-06-25
415295.0,4568535.0,2025-06-25
415305.0,4568535.0,2025-06-25
415315.0,4568535.0,2025-06-25
415325.0,4568535.0,2025-06-25
415335.0,4568535.0,2025-06-25
415345.0,4568535.0,2025-06-25
415355.0,4568535.0,2025-06-25
415365.0,4568535.0,2025-06-25
415375.0,4568535.0,2025-06-25
415385.0,4568535.0,2025-06-25
415395.0,4568535.0,2025-06-25
415405.0,4568535.0,2025-06-25
415415.0,4568535.0,2025-06-25
415425.0,4568535.0,2025-06-25
415435.0,4568535.0,2025-06-25
415445.0,4568535.0,2025-06-25
415455.0,4568535.0,2025-06-25
415465.0,4568535.0,2025-06-25
415475.0,4568535.0,2025-06-25
415485.0,4568535.0,2025-06-25
415495.0,4568535.0,2025-06-25
415505.0,4568535.0,2025-06-25
415515.0,4568535.0,2025-06-25
415525.0,4568535.0,2025-06-25
415535.0,4568535.0,2025-06-25
415545.0,4568535.0,2025-06-25
415555.0,4568535.0,2025-06-25
415565.0,4568535.0,2025-06-25
415575.0,4568535.0,2025-06-25
415585.0,4568535.0,2025-06-25
415595.0,4568535.0,2025-06-25
415605.0,4568535.0,2025-06-25
415615.0,4568535.0,2025-06-25
415625.0,4568535.0,2025-06-25
415635.0,4568535.0,2025-06-25
415645.0,4568535.0,2025-06-25
415655.0,4568535.0,2025-06-25
415665.0,4568535.0,2025-06-25
415675.0,4568535.0,2025-06-25
415685.0,4568535.0,2025-06-25
415695.0,4568535.0,2025-06-25
415705.0,4568535.0,2025-06-25
415715.0,4568535.0,2025-06-25
415725.0,4568535.0,2025-06-25
415735.0,4568535.0,2025-06-25
415745.0,4568535.0,2025-06-25
415755.0,4568535.0,2025-06-25
415765.0,4568535.0,2025-06-25
415775.0,4568535.0,2025-06-25
415785.0,4568535.0,2025-06-25
415795.0,4568535.0,2025-06-25
415805.0,4568535.0,2025-06-25
415815.0,4568535.0,2025-06-25
415825.0,4568535.0,2025-06-25
415835.0,4568535.0,2025-06-25
415845.0,4568535.0,2025-06-25
415855.0,4568535.0,2025-06-25
415865.0,4568535.0,2025-06-25
415875.0,4568535.0,2025-06-25
415885.0,4568535.0,2025-06-25
415895.0,4568535.0,2025-06-25
415905.0,4568535.0,2025-06-25
415915.0,4568535.0,2025-06-25
415925.0,4568535.0,2025-06-25
415935.0,4568535.0,2025-06-25
415945.0,4568535.0,2025-06-25
415955.0,4568535.0,2025-06-25
415965.0,4568535.0,2025-06-25
415975.0,4568535.0,2025-06-25
415985.0,4568535.0,2025-06-25
415995.0,4568535.0,2025-06-25
416005.0,4568535.0,2025-06-25
416015.0,4568535.0,2025-06-25
416025.0,4568535.0,2025-06-25
416035.0,4568535.0,2025-06-25
416045.0,4568535.0,2025-06-25
416055.0,4568535.0,2025-06-25
416065.0,4568535.0,2025-06-25
416075.0,4568535.0,2025-06-25
416085.0,4568535.0,2025-06-25
416095.0,4568535.0,2025-06-25
416105.0,4568535.0,2025-06-25
416115.0,4568535.0,2025-06-25
416125.0,4568535.0,2025-06-25
416135.0,4568535.0,2025-06-25
416145.0,4568535.0,2025-06-25
416155.0,4568535.0,2025-06-25
416165.0,4568535.0,2025-06-25
416175.0,4568535.0,2025-06-25
416185.0,4568535.0,2025-06-25
416195.0,4568535.0,2025-06-25
416205.0,4568535.0,2025-06-25
416215.0,4568535.0,2025-06-25
416225.0,4568535.0,2025-06-25
416235.0,4568535.0,2025-06-25
416245.0,4568535.0,2025-06-25
416255.0,4568535.0,2025-06-25
416265.0,4568535.0,2025-06-25
416275.0,4568535.0,2025-06-25
416285.0,4568535.0,2025-06-25
416295.0,4568535.0,2025-06-25
416305.0,4568535.0,2025-06-25
416315.0,4568535.0,2025-06-25
416325.0,4568535.0,2025-06-25
416335.0,4568535.0,2025-06-25
416345.0,4568535.0,2025-06-25
416355.0,4568535.0,2025-06-25
416365.0,4568535.0,2025-06-25
416375.0,4568535.0,2025-06-25
416385.0,4568535.0,2025-06-25
416395.0,4568535.0,2025-06-25
416405.0,4568535.0,2025-06-25
416415.0,4568535.0,2025-06-25
416425.0,4568535.0,2025-06-25
416435.0,4568535.0,2025-06-25
416445.0,4568535.0,2025-06-25
416455.0,4568535.0,2025-06-25
413425.0,4568525.0,2025-06-25
413435.0,4568525.0,2025-06-25
413445.0,4568525.0,2025-06-25
413455.0,4568525.0,2025-06-25
413465.0,4568525.0,2025-06-25
413475.0,4568525.0,2025-06-25
413485.0,4568525.0,2025-06-25
413495.0,4568525.0,2025-06-25
413505.0,4568525.0,2025-06-25
413515.0,4568525.0,2025-06-25
413525.0,4568525.0,2025-06-25
413535.0,4568525.0,2025-06-25
413545.0,4568525.0,2025-06-25
413555.0,4568525.0,2025-06-25
413565.0,4568525.0,2025-06-25
413575.0,4568525.0,2025-06-25
413585.0,4568525.0,2025-06-25
413595.0,4568525.0,2025-06-25
413605.0,4568525.0,2025-06-25
413615.0,4568525.0,2025-06-25
413625.0,4568525.0,2025-06-25
413635.0,4568525.0,2025-06-25
413645.0,4568525.0,2025-06-25
413655.0,4568525.0,2025-06-25
413665.0,4568525.0,2025-06-25
413675.0,4568525.0,2025-06-25
413685.0,4568525.0,2025-06-25
413695.0,4568525.0,2025-06-25
413705.0,4568525.0,2025-06-25
413715.0,4568525.0,2025-06-25
413725.0,4568525.0,2025-06-25
413735.0,4568525.0,2025-06-25
413745.0,4568525.0,2025-06-25
413755.0,4568525.0,2025-06-25
413765.0,4568525.0,2025-06-25
413775.0,4568525.0,2025-06-25
413785.0,4568525.0,2025-06-25
413795.0,4568525.0,2025-06-25
413805.0,4568525.0,2025-06-25
413815.0,4568525.0,2025-06-25
413825.0,4568525.0,2025-06-25
413835.0,4568525.0,2025-06-25
413845.0,4568525.0,2025-06-25
413855.0,4568525.0,2025-06-25
413865.0,4568525.0,2025-06-25
413875.0,4568525.0,2025-06-25
413885.0,4568525.0,2025-06-25
413895.0,4568525.0,2025-06-25
413905.0,4568525.0,2025-06-25
413915.0,4568525.0,2025-06-25
413925.0,4568525.0,2025-06-25
413935.0,4568525.0,2025-06-25
413945.0,4568525.0,2025-06-25
413955.0,4568525.0,2025-06-25
413965.0,4568525.0,2025-06-25
413975.0,4568525.0,2025-06-25
413985.0,4568525.0,2025-06-25
413995.0,4568525.0,2025-06-25
414005.0,4568525.0,2025-06-25
414015.0,4568525.0,2025-06-25
414025.0,4568525.0,2025-06-25
414035.0,4568525.0,2025-06-25
414045.0,4568525.0,2025-06-25
414055.0,4568525.0,2025-06-25
414065.0,4568525.0,2025-06-25
414075.0,4568525.0,2025-06-25
414085.0,4568525.0,2025-06-25
414095.0,4568525.0,2025-06-25
414105.0,4568525.0,2025-06-25
414115.0,4568525.0,2025-06-25
414125.0,4568525.0,2025-06-25
414135.0,4568525.0,2025-06-25
414145.0,4568525.0,2025-06-25
414155.0,4568525.0,2025-06-25
414165.0,4568525.0,2025-06-25
414175.0,4568525.0,2025-06-25
414185.0,4568525.0,2025-06-25
414195.0,4568525.0,2025-06-25
414205.0,4568525.0,2025-06-25
414215.0,4568525.0,2025-06-25
414225.0,4568525.0,2025-06-25
414235.0,4568525.0,2025-06-25
414245.0,4568525.0,2025-06-25
414255.0,4568525.0,2025-06-25
414265.0,4568525.0,2025-06-25
414275.0,4568525.0,2025-06-25
414285.0,4568525.0,2025-06-25
414295.0,4568525.0,2025-06-25
414305.0,4568525.0,2025-06-25
414315.0,4568525.0,2025-06-25
414325.0,4568525.0,2025-06-25
414335.0,4568525.0,2025-06-25
414345.0,4568525.0,2025-06-25
414355.0,4568525.0,2025-06-25
414365.0,4568525.0,2025-06-25
414375.0,4568525.0,2025-06-25
414385.0,4568525.0,2025-06-25
414395.0,4568525.0,2025-06-25
414405.0,4568525.0,2025-06-25
414415.0,4568525.0,2025-06-25
414425.0,4568525.0,2025-06-25
414435.0,4568525.0,2025-06-25
414445.0,4568525.0,2025-06-25
414455.0,4568525.0,2025-06-25
414465.0,4568525.0,2025-06-25
414475.0,4568525.0,2025-06-25
414485.0,4568525.0,2025-06-25
414495.0,4568525.0,2025-06-25
414505.0,4568525.0,2025-06-25
414515.0,4568525.0,2025-06-25
414525.0,4568525.0,2025-06-25
414535.0,4568525.0,2025-06-25
414545.0,4568525.0,2025-06-25
414555.0,4568525.0,2025-06-25
414565.0,4568525.0,2025-06-25
414575.0,4568525.0,2025-06-25
414585.0,4568525.0,2025-06-25
414595.0,4568525.0,2025-06-25
414605.0,4568525.0,2025-06-25
414615.0,4568525.0,2025-06-25
414625.0,4568525.0,2025-06-25
414635.0,4568525.0,2025-06-25
414645.0,4568525.0,2025-06-25
414655.0,4568525.0,2025-06-25
414665.0,4568525.0,2025-06-25
414675.0,4568525.0,2025-06-25
414685.0,4568525.0,2025-06-25
414695.0,4568525.0,2025-06-25
414705.0,4568525.0,2025-06-25
414715.0,4568525.0,2025-06-25
414725.0,4568525.0,2025-06-25
414735.0,4568525.0,2025-06-25
414745.0,4568525.0,2025-06-25
414755.0,4568525.0,2025-06-25
414765.0,4568525.0,2025-06-25
414775.0,4568525.0,2025-06-25
414785.0,4568525.0,2025-06-25
414795.0,4568525.0,2025-06-25
414805.0,4568525.0,2025-06-25
414815.0,4568525.0,2025-06-25
414825.0,4568525.0,2025-06-25
414835.0,4568525.0,2025-06-25
414845.0,4568525.0,2025-06-25
414855.0,4568525.0,2025-06-25
414865.0,4568525.0,2025-06-25
414875.0,4568525.0,2025-06-25
414885.0,4568525.0,2025-06-25
414895.0,4568525.0,2025-06-25
414905.0,4568525.0,2025-06-25
414915.0,4568525.0,2025-06-25
414925.0,4568525.0,2025-06-25
414935.0,4568525.0,2025-06-25
414945.0,4568525.0,2025-06-25
414955.0,4568525.0,2025-06-25
414965.0,4568525.0,2025-06-25
414975.0,4568525.0,2025-06-25
414985.0,4568525.0,2025-06-25
414995.0,4568525.0,2025-06-25
415005.0,4568525.0,2025-06-25
415015.0,4568525.0,2025-06-25
415025.0,4568525.0,2025-06-25
415035.0,4568525.0,2025-06-25
415045.0,4568525.0,2025-06-25
415055.0,4568525.0,2025-06-25
415065.0,4568525.0,2025-06-25
415075.0,4568525.0,2025-06-25
415085.0,4568525.0,2025-06-25
415095.0,4568525.0,2025-06-25
415105.0,4568525.0,2025-06-25
415115.0,4568525.0,2025-06-25
415125.0,4568525.0,2025-06-25
415135.0,4568525.0,2025-06-25
415145.0,4568525.0,2025-06-25
415155.0,4568525.0,2025-06-25
415165.0,4568525.0,2025-06-25
415175.0,4568525.0,2025-06-25
415185.0,4568525.0,2025-06-25
415195.0,4568525.0,2025-06-25
415205.0,4568525.0,2025-06-25
415215.0,4568525.0,2025-06-25
415225.0,4568525.0,2025-06-25
415235.0,4568525.0,2025-06-25
415245.0,4568525.0,2025-06-25
415255.0,4568525.0,2025-06-25
415265.0,4568525.0,2025-06-25
415275.0,4568525.0,2025-06-25
415285.0,4568525.0,2025-06-25
415295.0,4568525.0,2025-06-25
415305.0,4568525.0,2025-06-25
415315.0,4568525.0,2025-06-25
415325.0,4568525.0,2025-06-25
415335.0,4568525.0,2025-06-25
415345.0,4568525.0,2025-06-25
415355.0,4568525.0,2025-06-25
415365.0,4568525.0,2025-06-25
415375.0,4568525.0,2025-06-25
415385.0,4568525.0,2025-06-25
415395.0,4568525.0,2025-06-25
415405.0,4568525.0,2025-06-25
415415.0,4568525.0,2025-06-25
415425.0,4568525.0,2025-06-25
415435.0,4568525.0,2025-06-25
415445.0,4568525.0,2025-06-25
415455.0,4568525.0,2025-06-25
415465.0,4568525.0,2025-06-25
415475.0,4568525.0,2025-06-25
415485.0,4568525.0,2025-06-25
415495.0,4568525.0,2025-06-25
415505.0,4568525.0,2025-06-25
415515.0,4568525.0,2025-06-25
415525.0,4568525.0,2025-06-25
415535.0,4568525.0,2025-06-25
415545.0,4568525.0,2025-06-25
415555.0,4568525.0,2025-06-25
415565.0,4568525.0,2025-06-25
415575.0,4568525.0,2025-06-25
415585.0,4568525.0,2025-06-25
415595.0,4568525.0,2025-06-25
415605.0,4568525.0,2025-06-25
415615.0,4568525.0,2025-06-25
415625.0,4568525.0,2025-06-25
415635.0,4568525.0,2025-06-25
415645.0,4568525.0,2025-06-25
415655.0,4568525.0,2025-06-25
415665.0,4568525.0,2025-06-25
415675.0,4568525.0,2025-06-25
415685.0,4568525.0,2025-06-25
415695.0,4568525.0,2025-06-25
415705.0,4568525.0,2025-06-25
415715.0,4568525.0,2025-06-25
415725.0,4568525.0,2025-06-25
415735.0,4568525.0,2025-06-25
415745.0,4568525.0,2025-06-25
415755.0,4568525.0,2025-06-25
415765.0,4568525.0,2025-06-25
415775.0,4568525.0,2025-06-25
415785.0,4568525.0,2025-06-25
415795.0,4568525.0,2025-06-25
415805.0,4568525.0,2025-06-25
415815.0,4568525.0,2025-06-25
415825.0,4568525.0,2025-06-25
415835.0,4568525.0,2025-06-25
415845.0,4568525.0,2025-06-25
415855.0,4568525.0,2025-06-25
415865.0,4568525.0,2025-06-25
415875.0,4568525.0,2025-06-25
415885.0,4568525.0,2025-06-25
415895.0,4568525.0,2025-06-25
415905.0,4568525.0,2025-06-25
415915.0,4568525.0,2025-06-25
415925.0,4568525.0,2025-06-25
415935.0,4568525.0,2025-06-25
415945.0,4568525.0,2025-06-25
415955.0,4568525.0,2025-06-25
415965.0,4568525.0,2025-06-25
415975.0,4568525.0,2025-06-25
415985.0,4568525.0,2025-06-25
415995.0,4568525.0,2025-06-25
416005.0,4568525.0,2025-06-25
416015.0,4568525.0,2025-06-25
416025.0,4568525.0,2025-06-25
416035.0,4568525.0,2025-06-25
416045.0,4568525.0,2025-06-25
416055.0,4568525.0,2025-06-25
416065.0,4568525.0,2025-06-25
416075.0,4568525.0,2025-06-25
416085.0,4568525.0,2025-06-25
416095.0,4568525.0,2025-06-25
416105.0,4568525.0,2025-06-25
416115.0,4568525.0,2025-06-25
416125.0,4568525.0,2025-06-25
416135.0,4568525.0,2025-06-25
416145.0,4568525.0,2025-06-25
416155.0,4568525.0,2025-06-25
416165.0,4568525.0,2025-06-25
416175.0,4568525.0,2025-06-25
416185.0,4568525.0,2025-06-25
416195.0,4568525.0,2025-06-25
416205.0,4568525.0,2025-06-25
416215.0,4568525.0,2025-06-25
416225.0,4568525.0,2025-06-25
416235.0,4568525.0,2025-06-25
416245.0,4568525.0,2025-06-25
416255.0,4568525.0,2025-06-25
416265.0,4568525.0,2025-06-25
416275.0,4568525.0,2025-06-25
416285.0,4568525.0,2025-06-25
416295.0,4568525.0,2025-06-25
416305.0,4568525.0,2025-06-25
416315.0,4568525.0,2025-06-25
416325.0,4568525.0,2025-06-25
416335.0,4568525.0,2025-06-25
416345.0,4568525.0,2025-06-25
416355.0,4568525.0,2025-06-25
416365.0,4568525.0,2025-06-25
416375.0,4568525.0,2025-06-25
416385.0,4568525.0,2025-06-25
416395.0,4568525.0,2025-06-25
416405.0,4568525.0,2025-06-25
416415.0,4568525.0,2025-06-25
416425.0,4568525.0,2025-06-25
416435.0,4568525.0,2025-06-25
416445.0,4568525.0,2025-06-25
416455.0,4568525.0,2025-06-25
414265.0,4568515.0,2025-06-25
414275.0,4568515.0,2025-06-25
414285.0,4568515.0,2025-06-25
414295.0,4568515.0,2025-06-25
414305.0,4568515.0,2025-06-25
414315.0,4568515.0,2025-06-25
414325.0,4568515.0,2025-06-25
414335.0,4568515.0,2025-06-25
414345.0,4568515.0,2025-06-25
414355.0,4568515.0,2025-06-25
414365.0,4568515.0,2025-06-25
414375.0,4568515.0,2025-06-25
414385.0,4568515.0,2025-06-25
414395.0,4568515.0,2025-06-25
414405.0,4568515.0,2025-06-25
414415.0,4568515.0,2025-06-25
414425.0,4568515.0,2025-06-25
414435.0,4568515.0,2025-06-25
414445.0,4568515.0,2025-06-25
414455.0,4568515.0,2025-06-25
414465.0,4568515.0,2025-06-25
414475.0,4568515.0,2025-06-25
414485.0,4568515.0,2025-06-25
414495.0,4568515.0,2025-06-25
414505.0,4568515.0,2025-06-25
414515.0,4568515.0,2025-06-25
414525.0,4568515.0,2025-06-25
414535.0,4568515.0,2025-06-25
414545.0,4568515.0,2025-06-25
414555.0,4568515.0,2025-06-25
414565.0,4568515.0,2025-06-25
414575.0,4568515.0,2025-06-25
414585.0,4568515.0,2025-06-25
414595.0,4568515.0,2025-06-25
414605.0,4568515.0,2025-06-25
414615.0,4568515.0,2025-06-25
414625.0,4568515.0,2025-06-25
414635.0,4568515.0,2025-06-25
414645.0,4568515.0,2025-06-25
414655.0,4568515.0,2025-06-25
414665.0,4568515.0,2025-06-25
414675.0,4568515.0,2025-06-25
414685.0,4568515.0,2025-06-25
414695.0,4568515.0,2025-06-25
414705.0,4568515.0,2025-06-25
414715.0,4568515.0,2025-06-25
414725.0,4568515.0,2025-06-25
414735.0,4568515.0,2025-06-25
414745.0,4568515.0,2025-06-25
414755.0,4568515.0,2025-06-25
414765.0,4568515.0,2025-06-25
414775.0,4568515.0,2025-06-25
414785.0,4568515.0,2025-06-25
414795.0,4568515.0,2025-06-25
414805.0,4568515.0,2025-06-25
414815.0,4568515.0,2025-06-25
414825.0,4568515.0,2025-06-25
414835.0,4568515.0,2025-06-25
414845.0,4568515.0,2025-06-25
414855.0,4568515.0,2025-06-25
414865.0,4568515.0,2025-06-25
414875.0,4568515.0,2025-06-25
414885.0,4568515.0,2025-06-25
414895.0,4568515.0,2025-06-25
414905.0,4568515.0,2025-06-25
414915.0,4568515.0,2025-06-25
414925.0,4568515.0,2025-06-25
414935.0,4568515.0,2025-06-25
414945.0,4568515.0,2025-06-25
414955.0,4568515.0,2025-06-25
414965.0,4568515.0,2025-06-25
414975.0,4568515.0,2025-06-25
414985.0,4568515.0,2025-06-25
414995.0,4568515.0,2025-06-25
415005.0,4568515.0,2025-06-25
415015.0,4568515.0,2025-06-25
415025.0,4568515.0,2025-06-25
415035.0,4568515.0,2025-06-25
415045.0,4568515.0,2025-06-25
415055.0,4568515.0,2025-06-25
415065.0,4568515.0,2025-06-25
415075.0,4568515.0,2025-06-25
415085.0,4568515.0,2025-06-25
415095.0,4568515.0,2025-06-25
415105.0,4568515.0,2025-06-25
415115.0,4568515.0,2025-06-25
415125.0,4568515.0,2025-06-25
415135.0,4568515.0,2025-06-25
415145.0,4568515.0,2025-06-25
415155.0,4568515.0,2025-06-25
415165.0,4568515.0,2025-06-25
415175.0,4568515.0,2025-06-25
415185.0,4568515.0,2025-06-25
415195.0,4568515.0,2025-06-25
415205.0,4568515.0,2025-06-25
415215.0,4568515.0,2025-06-25
415225.0,4568515.0,2025-06-25
415235.0,4568515.0,2025-06-25
415245.0,4568515.0,2025-06-25
415255.0,4568515.0,2025-06-25
415265.0,4568515.0,2025-06-25
415275.0,4568515.0,2025-06-25
415285.0,4568515.0,2025-06-25
415295.0,4568515.0,2025-06-25
415305.0,4568515.0,2025-06-25
415315.0,4568515.0,2025-06-25
415325.0,4568515.0,2025-06-25
415335.0,4568515.0,2025-06-25
415345.0,4568515.0,2025-06-25
415355.0,4568515.0,2025-06-25
415365.0,4568515.0,2025-06-25
415375.0,4568515.0,2025-06-25
415385.0,4568515.0,2025-06-25
415395.0,4568515.0,2025-06-25
415405.0,4568515.0,2025-06-25
415415.0,4568515.0,2025-06-25
415425.0,4568515.0,2025-06-25
415435.0,4568515.0,2025-06-25
415445.0,4568515.0,2025-06-25
415455.0,4568515.0,2025-06-25
415465.0,4568515.0,2025-06-25
415475.0,4568515.0,2025-06-25
415485.0,4568515.0,2025-06-25
415495.0,4568515.0,2025-06-25
415505.0,4568515.0,2025-06-25
415515.0,4568515.0,2025-06-25
415525.0,4568515.0,2025-06-25
415535.0,4568515.0,2025-06-25
415545.0,4568515.0,2025-06-25
415555.0,4568515.0,2025-06-25
415565.0,4568515.0,2025-06-25
415575.0,4568515.0,2025-06-25
415585.0,4568515.0,2025-06-25
415595.0,4568515.0,2025-06-25
415605.0,4568515.0,2025-06-25
415615.0,4568515.0,2025-06-25
415625.0,4568515.0,2025-06-25
415635.0,4568515.0,2025-06-25
415645.0,4568515.0,2025-06-25
415655.0,4568515.0,2025-06-25
415665.0,4568515.0,2025-06-25
415675.0,4568515.0,2025-06-25
415685.0,4568515.0,2025-06-25
415695.0,4568515.0,2025-06-25
415705.0,4568515.0,2025-06-25
415715.0,4568515.0,2025-06-25
415725.0,4568515.0,2025-06-25
415735.0,4568515.0,2025-06-25
415745.0,4568515.0,2025-06-25
415755.0,4568515.0,2025-06-25
415765.0,4568515.0,2025-06-25
415775.0,4568515.0,2025-06-25
415785.0,4568515.0,2025-06-25
415795.0,4568515.0,2025-06-25
415805.0,4568515.0,2025-06-25
415815.0,4568515.0,2025-06-25
415825.0,4568515.0,2025-06-25
415835.0,4568515.0,2025-06-25
415845.0,4568515.0,2025-06-25
415855.0,4568515.0,2025-06-25
415865.0,4568515.0,2025-06-25
415875.0,4568515.0,2025-06-25
415885.0,4568515.0,2025-06-25
415895.0,4568515.0,2025-06-25
415905.0,4568515.0,2025-06-25
415915.0,4568515.0,2025-06-25
415925.0,4568515.0,2025-06-25
415935.0,4568515.0,2025-06-25
415945.0,4568515.0,2025-06-25
415955.0,4568515.0,2025-06-25
415965.0,4568515.0,2025-06-25
415975.0,4568515.0,2025-06-25
415985.0,4568515.0,2025-06-25
415995.0,4568515.0,2025-06-25
416005.0,4568515.0,2025-06-25
416015.0,4568515.0,2025-06-25
416025.0,4568515.0,2025-06-25
416035.0,4568515.0,2025-06-25
416045.0,4568515.0,2025-06-25
416055.0,4568515.0,2025-06-25
416065.0,4568515.0,2025-06-25
416075.0,4568515.0,2025-06-25
416085.0,4568515.0,2025-06-25
416095.0,4568515.0,2025-06-25
416105.0,4568515.0,2025-06-25
416115.0,4568515.0,2025-06-25
416125.0,4568515.0,2025-06-25
416135.0,4568515.0,2025-06-25
416145.0,4568515.0,2025-06-25
416155.0,4568515.0,2025-06-25
416165.0,4568515.0,2025-06-25
416175.0,4568515.0,2025-06-25
416185.0,4568515.0,2025-06-25
416195.0,4568515.0,2025-06-25
416205.0,4568515.0,2025-06-25
416215.0,4568515.0,2025-06-25
416225.0,4568515.0,2025-06-25
416235.0,4568515.0,2025-06-25
416245.0,4568515.0,2025-06-25
416255.0,4568515.0,2025-06-25
416265.0,4568515.0,2025-06-25
416275.0,4568515.0,2025-06-25
416285.0,4568515.0,2025-06-25
416295.0,4568515.0,2025-06-25
416305.0,4568515.0,2025-06-25
416315.0,4568515.0,2025-06-25
416325.0,4568515.0,2025-06-25
416335.0,4568515.0,2025-06-25
416345.0,4568515.0,2025-06-25
416355.0,4568515.0,2025-06-25
416365.0,4568515.0,2025-06-25
416375.0,4568515.0,2025-06-25
416385.0,4568515.0,2025-06-25
416395.0,4568515.0,2025-06-25
416405.0,4568515.0,2025-06-25
416415.0,4568515.0,2025-06-25
416425.0,4568515.0,2025-06-25
416435.0,4568515.0,2025-06-25
416445.0,4568515.0,2025-06-25
416455.0,4568515.0,2025-06-25
415115.0,4568505.0,2025-06-25
415125.0,4568505.0,2025-06-25
415135.0,4568505.0,2025-06-25
415145.0,4568505.0,2025-06-25
415155.0,4568505.0,2025-06-25
415165.0,4568505.0,2025-06-25
415175.0,4568505.0,2025-06-25
415185.0,4568505.0,2025-06-25
415195.0,4568505.0,2025-06-25
415205.0,4568505.0,2025-06-25
415215.0,4568505.0,2025-06-25
415225.0,4568505.0,2025-06-25
415235.0,4568505.0,2025-06-25
415245.0,4568505.0,2025-06-25
415255.0,4568505.0,2025-06-25
415265.0,4568505.0,2025-06-25
415275.0,4568505.0,2025-06-25
415285.0,4568505.0,2025-06-25
415295.0,4568505.0,2025-06-25
415305.0,4568505.0,2025-06-25
415315.0,4568505.0,2025-06-25
415325.0,4568505.0,2025-06-25
415335.0,4568505.0,2025-06-25
415345.0,4568505.0,2025-06-25
415355.0,4568505.0,2025-06-25
415365.0,4568505.0,2025-06-25
415375.0,4568505.0,2025-06-25
415385.0,4568505.0,2025-06-25
415395.0,4568505.0,2025-06-25
415405.0,4568505.0,2025-06-25
415415.0,4568505.0,2025-06-25
415425.0,4568505.0,2025-06-25
415435.0,4568505.0,2025-06-25
415445.0,4568505.0,2025-06-25
415455.0,4568505.0,2025-06-25
415465.0,4568505.0,2025-06-25
415475.0,4568505.0,2025-06-25
415485.0,4568505.0,2025-06-25
415495.0,4568505.0,2025-06-25
415505.0,4568505.0,2025-06-25
415515.0,4568505.0,2025-06-25
415525.0,4568505.0,2025-06-25
415535.0,4568505.0,2025-06-25
415545.0,4568505.0,2025-06-25
415555.0,4568505.0,2025-06-25
415565.0,4568505.0,2025-06-25
415575.0,4568505.0,2025-06-25
415585.0,4568505.0,2025-06-25
415595.0,4568505.0,2025-06-25
415605.0,4568505.0,2025-06-25
415615.0,4568505.0,2025-06-25
415625.0,4568505.0,2025-06-25
415635.0,4568505.0,2025-06-25
415645.0,4568505.0,2025-06-25
415655.0,4568505.0,2025-06-25
415665.0,4568505.0,2025-06-25
415675.0,4568505.0,2025-06-25
415685.0,4568505.0,2025-06-25
415695.0,4568505.0,2025-06-25
415705.0,4568505.0,2025-06-25
415715.0,4568505.0,2025-06-25
415725.0,4568505.0,2025-06-25
415735.0,4568505.0,2025-06-25
415745.0,4568505.0,2025-06-25
415755.0,4568505.0,2025-06-25
415765.0,4568505.0,2025-06-25
415775.0,4568505.0,2025-06-25
415785.0,4568505.0,2025-06-25
415795.0,4568505.0,2025-06-25
415805.0,4568505.0,2025-06-25
415815.0,4568505.0,2025-06-25
415825.0,4568505.0,2025-06-25
415835.0,4568505.0,2025-06-25
415845.0,4568505.0,2025-06-25
415855.0,4568505.0,2025-06-25
415865.0,4568505.0,2025-06-25
415875.0,4568505.0,2025-06-25
415885.0,4568505.0,2025-06-25
415895.0,4568505.0,2025-06-25
415905.0,4568505.0,2025-06-25
415915.0,4568505.0,2025-06-25
415925.0,4568505.0,2025-06-25
415935.0,4568505.0,2025-06-25
415945.0,4568505.0,2025-06-25
415955.0,4568505.0,2025-06-25
415965.0,4568505.0,2025-06-25
415975.0,4568505.0,2025-06-25
415985.0,4568505.0,2025-06-25
415995.0,4568505.0,2025-06-25
416005.0,4568505.0,2025-06-25
416015.0,4568505.0,2025-06-25
416025.0,4568505.0,2025-06-25
416035.0,4568505.0,2025-06-25
416045.0,4568505.0,2025-06-25
416055.0,4568505.0,2025-06-25
416065.0,4568505.0,2025-06-25
416075.0,4568505.0,2025-06-25
416085.0,4568505.0,2025-06-25
416095.0,4568505.0,2025-06-25
416105.0,4568505.0,2025-06-25
416115.0,4568505.0,2025-06-25
416125.0,4568505.0,2025-06-25
416135.0,4568505.0,2025-06-25
416145.0,4568505.0,2025-06-25
416155.0,4568505.0,2025-06-25
416165.0,4568505.0,2025-06-25
416175.0,4568505.0,2025-06-25
416185.0,4568505.0,2025-06-25
416195.0,4568505.0,2025-06-25
416205.0,4568505.0,2025-06-25
416215.0,4568505.0,2025-06-25
416225.0,4568505.0,2025-06-25
416235.0,4568505.0,2025-06-25
416245.0,4568505.0,2025-06-25
416255.0,4568505.0,2025-06-25
416265.0,4568505.0,2025-06-25
416275.0,4568505.0,2025-06-25
416285.0,4568505.0,2025-06-25
416295.0,4568505.0,2025-06-25
416305.0,4568505.0,2025-06-25
416315.0,4568505.0,2025-06-25
416325.0,4568505.0,2025-06-25
416335.0,4568505.0,2025-06-25
416345.0,4568505.0,2025-06-25
416355.0,4568505.0,2025-06-25
416365.0,4568505.0,2025-06-25
416375.0,4568505.0,2025-06-25
416385.0,4568505.0,2025-06-25
416395.0,4568505.0,2025-06-25
416405.0,4568505.0,2025-06-25
416415.0,4568505.0,2025-06-25
416425.0,4568505.0,2025-06-25
416435.0,4568505.0,2025-06-25
416445.0,4568505.0,2025-06-25
416455.0,4568505.0,2025-06-25
415965.0,4568495.0,2025-06-25
415975.0,4568495.0,2025-06-25
415985.0,4568495.0,2025-06-25
415995.0,4568495.0,2025-06-25
416005.0,4568495.0,2025-06-25
416015.0,4568495.0,2025-06-25
416025.0,4568495.0,2025-06-25
416035.0,4568495.0,2025-06-25
416045.0,4568495.0,2025-06-25
416055.0,4568495.0,2025-06-25
416065.0,4568495.0,2025-06-25
416075.0,4568495.0,2025-06-25
416085.0,4568495.0,2025-06-25
416095.0,4568495.0,2025-06-25
416105.0,4568495.0,2025-06-25
416115.0,4568495.0,2025-06-25
416125.0,4568495.0,2025-06-25
416135.0,4568495.0,2025-06-25
416145.0,4568495.0,2025-06-25
416155.0,4568495.0,2025-06-25
416165.0,4568495.0,2025-06-25
416175.0,4568495.0,2025-06-25
416185.0,4568495.0,2025-06-25
416195.0,4568495.0,2025-06-25
416205.0,4568495.0,2025-06-25
416215.0,4568495.0,2025-06-25
416225.0,4568495.0,2025-06-25
416235.0,4568495.0,2025-06-25
416245.0,4568495.0,2025-06-25
416255.0,4568495.0,2025-06-25
416265.0,4568495.0,2025-06-25
416275.0,4568495.0,2025-06-25
416285.0,4568495.0,2025-06-25
416295.0,4568495.0,2025-06-25
416305.0,4568495.0,2025-06-25
416315.0,4568495.0,2025-06-25
416325.0,4568495.0,2025-06-25
416335.0,4568495.0,2025-06-25
416345.0,4568495.0,2025-06-25
416355.0,4568495.0,2025-06-25
416365.0,4568495.0,2025-06-25
416375.0,4568495.0,2025-06-25
416385.0,4568495.0,2025-06-25
416395.0,4568495.0,2025-06-25
416405.0,4568495.0,2025-06-25
416415.0,4568495.0,2025-06-25
416425.0,4568495.0,2025-06-25
416435.0,4568495.0,2025-06-25
416445.0,4568495.0,2025-06-25
416455.0,4568495.0,2025-06-25
