411745.0,4568635.0,2025-06-18
411755.0,4568635.0,2025-06-18
411765.0,4568635.0,2025-06-18
411775.0,4568635.0,2025-06-18
411785.0,4568635.0,2025-06-18
411795.0,4568635.0,2025-06-18
411805.0,4568635.0,2025-06-18
411815.0,4568635.0,2025-06-18
411825.0,4568635.0,2025-06-18
411835.0,4568635.0,2025-06-18
411845.0,4568635.0,2025-06-18
411855.0,4568635.0,2025-06-18
411865.0,4568635.0,2025-06-18
411875.0,4568635.0,2025-06-18
411885.0,4568635.0,2025-06-18
411895.0,4568635.0,2025-06-18
411905.0,4568635.0,2025-06-18
411915.0,4568635.0,2025-06-18
411925.0,4568635.0,2025-06-18
411935.0,4568635.0,2025-06-18
411945.0,4568635.0,2025-06-18
411955.0,4568635.0,2025-06-18
411965.0,4568635.0,2025-06-18
411975.0,4568635.0,2025-06-18
411985.0,4568635.0,2025-06-18
411995.0,4568635.0,2025-06-18
412005.0,4568635.0,2025-06-18
412015.0,4568635.0,2025-06-18
412025.0,4568635.0,2025-06-18
412035.0,4568635.0,2025-06-18
412045.0,4568635.0,2025-06-18
412055.0,4568635.0,2025-06-18
412065.0,4568635.0,2025-06-18
412075.0,4568635.0,2025-06-18
412085.0,4568635.0,2025-06-18
412095.0,4568635.0,2025-06-18
412105.0,4568635.0,2025-06-18
412115.0,4568635.0,2025-06-18
412125.0,4568635.0,2025-06-18
412135.0,4568635.0,2025-06-18
412145.0,4568635.0,2025-06-18
412155.0,4568635.0,2025-06-18
412165.0,4568635.0,2025-06-18
412175.0,4568635.0,2025-06-18
412185.0,4568635.0,2025-06-18
412195.0,4568635.0,2025-06-18
412205.0,4568635.0,2025-06-18
412215.0,4568635.0,2025-06-18
412225.0,4568635.0,2025-06-18
412235.0,4568635.0,2025-06-18
412245.0,4568635.0,2025-06-18
411745.0,4568625.0,2025-06-18
411755.0,4568625.0,2025-06-18
411765.0,4568625.0,2025-06-18
411775.0,4568625.0,2025-06-18
411785.0,4568625.0,2025-06-18
411795.0,4568625.0,2025-06-18
411805.0,4568625.0,2025-06-18
411815.0,4568625.0,2025-06-18
411825.0,4568625.0,2025-06-18
411835.0,4568625.0,2025-06-18
411845.0,4568625.0,2025-06-18
411855.0,4568625.0,2025-06-18
411865.0,4568625.0,2025-06-18
411875.0,4568625.0,2025-06-18
411885.0,4568625.0,2025-06-18
411895.0,4568625.0,2025-06-18
411905.0,4568625.0,2025-06-18
411915.0,4568625.0,2025-06-18
411925.0,4568625.0,2025-06-18
411935.0,4568625.0,2025-06-18
411945.0,4568625.0,2025-06-18
411955.0,4568625.0,2025-06-18
411965.0,4568625.0,2025-06-18
411975.0,4568625.0,2025-06-18
411985.0,4568625.0,2025-06-18
411995.0,4568625.0,2025-06-18
412005.0,4568625.0,2025-06-18
412015.0,4568625.0,2025-06-18
412025.0,4568625.0,2025-06-18
412035.0,4568625.0,2025-06-18
412045.0,4568625.0,2025-06-18
412055.0,4568625.0,2025-06-18
412065.0,4568625.0,2025-06-18
412075.0,4568625.0,2025-06-18
412085.0,4568625.0,2025-06-18
412095.0,4568625.0,2025-06-18
412105.0,4568625.0,2025-06-18
412115.0,4568625.0,2025-06-18
412125.0,4568625.0,2025-06-18
412135.0,4568625.0,2025-06-18
412145.0,4568625.0,2025-06-18
412155.0,4568625.0,2025-06-18
412165.0,4568625.0,2025-06-18
412175.0,4568625.0,2025-06-18
412185.0,4568625.0,2025-06-18
412195.0,4568625.0,2025-06-18
412205.0,4568625.0,2025-06-18
412215.0,4568625.0,2025-06-18
412225.0,4568625.0,2025-06-18
412235.0,4568625.0,2025-06-18
412245.0,4568625.0,2025-06-18
412255.0,4568625.0,2025-06-18
412265.0,4568625.0,2025-06-18
412275.0,4568625.0,2025-06-18
412285.0,4568625.0,2025-06-18
412295.0,4568625.0,2025-06-18
412305.0,4568625.0,2025-06-18
412315.0,4568625.0,2025-06-18
412325.0,4568625.0,2025-06-18
412335.0,4568625.0,2025-06-18
412345.0,4568625.0,2025-06-18
412355.0,4568625.0,2025-06-18
412365.0,4568625.0,2025-06-18
412375.0,4568625.0,2025-06-18
412385.0,4568625.0,2025-06-18
412395.0,4568625.0,2025-06-18
412405.0,4568625.0,2025-06-18
412415.0,4568625.0,2025-06-18
412425.0,4568625.0,2025-06-18
412435.0,4568625.0,2025-06-18
412445.0,4568625.0,2025-06-18
412455.0,4568625.0,2025-06-18
412465.0,4568625.0,2025-06-18
412475.0,4568625.0,2025-06-18
412485.0,4568625.0,2025-06-18
412495.0,4568625.0,2025-06-18
412505.0,4568625.0,2025-06-18
412515.0,4568625.0,2025-06-18
412525.0,4568625.0,2025-06-18
412535.0,4568625.0,2025-06-18
412545.0,4568625.0,2025-06-18
412555.0,4568625.0,2025-06-18
412565.0,4568625.0,2025-06-18
412575.0,4568625.0,2025-06-18
412585.0,4568625.0,2025-06-18
412595.0,4568625.0,2025-06-18
412605.0,4568625.0,2025-06-18
412615.0,4568625.0,2025-06-18
412625.0,4568625.0,2025-06-18
412635.0,4568625.0,2025-06-18
412645.0,4568625.0,2025-06-18
412655.0,4568625.0,2025-06-18
412665.0,4568625.0,2025-06-18
412675.0,4568625.0,2025-06-18
412685.0,4568625.0,2025-06-18
412695.0,4568625.0,2025-06-18
412705.0,4568625.0,2025-06-18
412715.0,4568625.0,2025-06-18
412725.0,4568625.0,2025-06-18
412735.0,4568625.0,2025-06-18
412745.0,4568625.0,2025-06-18
412755.0,4568625.0,2025-06-18
412765.0,4568625.0,2025-06-18
412775.0,4568625.0,2025-06-18
412785.0,4568625.0,2025-06-18
412795.0,4568625.0,2025-06-18
412805.0,4568625.0,2025-06-18
412815.0,4568625.0,2025-06-18
412825.0,4568625.0,2025-06-18
412835.0,4568625.0,2025-06-18
412845.0,4568625.0,2025-06-18
412855.0,4568625.0,2025-06-18
412865.0,4568625.0,2025-06-18
412875.0,4568625.0,2025-06-18
412885.0,4568625.0,2025-06-18
412895.0,4568625.0,2025-06-18
412905.0,4568625.0,2025-06-18
412915.0,4568625.0,2025-06-18
412925.0,4568625.0,2025-06-18
412935.0,4568625.0,2025-06-18
412945.0,4568625.0,2025-06-18
412955.0,4568625.0,2025-06-18
412965.0,4568625.0,2025-06-18
412975.0,4568625.0,2025-06-18
412985.0,4568625.0,2025-06-18
412995.0,4568625.0,2025-06-18
413005.0,4568625.0,2025-06-18
413015.0,4568625.0,2025-06-18
413025.0,4568625.0,2025-06-18
413035.0,4568625.0,2025-06-18
413045.0,4568625.0,2025-06-18
413055.0,4568625.0,2025-06-18
413065.0,4568625.0,2025-06-18
413075.0,4568625.0,2025-06-18
413085.0,4568625.0,2025-06-18
413095.0,4568625.0,2025-06-18
411745.0,4568615.0,2025-06-18
411755.0,4568615.0,2025-06-18
411765.0,4568615.0,2025-06-18
411775.0,4568615.0,2025-06-18
411785.0,4568615.0,2025-06-18
411795.0,4568615.0,2025-06-18
411805.0,4568615.0,2025-06-18
411815.0,4568615.0,2025-06-18
411825.0,4568615.0,2025-06-18
411835.0,4568615.0,2025-06-18
411845.0,4568615.0,2025-06-18
411855.0,4568615.0,2025-06-18
411865.0,4568615.0,2025-06-18
411875.0,4568615.0,2025-06-18
411885.0,4568615.0,2025-06-18
411895.0,4568615.0,2025-06-18
411905.0,4568615.0,2025-06-18
411915.0,4568615.0,2025-06-18
411925.0,4568615.0,2025-06-18
411935.0,4568615.0,2025-06-18
411945.0,4568615.0,2025-06-18
411955.0,4568615.0,2025-06-18
411965.0,4568615.0,2025-06-18
411975.0,4568615.0,2025-06-18
411985.0,4568615.0,2025-06-18
411995.0,4568615.0,2025-06-18
412005.0,4568615.0,2025-06-18
412015.0,4568615.0,2025-06-18
412025.0,4568615.0,2025-06-18
412035.0,4568615.0,2025-06-18
412045.0,4568615.0,2025-06-18
412055.0,4568615.0,2025-06-18
412065.0,4568615.0,2025-06-18
412075.0,4568615.0,2025-06-18
412085.0,4568615.0,2025-06-18
412095.0,4568615.0,2025-06-18
412105.0,4568615.0,2025-06-18
412115.0,4568615.0,2025-06-18
412125.0,4568615.0,2025-06-18
412135.0,4568615.0,2025-06-18
412145.0,4568615.0,2025-06-18
412155.0,4568615.0,2025-06-18
412165.0,4568615.0,2025-06-18
412175.0,4568615.0,2025-06-18
412185.0,4568615.0,2025-06-18
412195.0,4568615.0,2025-06-18
412205.0,4568615.0,2025-06-18
412215.0,4568615.0,2025-06-18
412225.0,4568615.0,2025-06-18
412235.0,4568615.0,2025-06-18
412245.0,4568615.0,2025-06-18
412255.0,4568615.0,2025-06-18
412265.0,4568615.0,2025-06-18
412275.0,4568615.0,2025-06-18
412285.0,4568615.0,2025-06-18
412295.0,4568615.0,2025-06-18
412305.0,4568615.0,2025-06-18
412315.0,4568615.0,2025-06-18
412325.0,4568615.0,2025-06-18
412335.0,4568615.0,2025-06-18
412345.0,4568615.0,2025-06-18
412355.0,4568615.0,2025-06-18
412365.0,4568615.0,2025-06-18
412375.0,4568615.0,2025-06-18
412385.0,4568615.0,2025-06-18
412395.0,4568615.0,2025-06-18
412405.0,4568615.0,2025-06-18
412415.0,4568615.0,2025-06-18
412425.0,4568615.0,2025-06-18
412435.0,4568615.0,2025-06-18
412445.0,4568615.0,2025-06-18
412455.0,4568615.0,2025-06-18
412465.0,4568615.0,2025-06-18
412475.0,4568615.0,2025-06-18
412485.0,4568615.0,2025-06-18
412495.0,4568615.0,2025-06-18
412505.0,4568615.0,2025-06-18
412515.0,4568615.0,2025-06-18
412525.0,4568615.0,2025-06-18
412535.0,4568615.0,2025-06-18
412545.0,4568615.0,2025-06-18
412555.0,4568615.0,2025-06-18
412565.0,4568615.0,2025-06-18
412575.0,4568615.0,2025-06-18
412585.0,4568615.0,2025-06-18
412595.0,4568615.0,2025-06-18
412605.0,4568615.0,2025-06-18
412615.0,4568615.0,2025-06-18
412625.0,4568615.0,2025-06-18
412635.0,4568615.0,2025-06-18
412645.0,4568615.0,2025-06-18
412655.0,4568615.0,2025-06-18
412665.0,4568615.0,2025-06-18
412675.0,4568615.0,2025-06-18
412685.0,4568615.0,2025-06-18
412695.0,4568615.0,2025-06-18
412705.0,4568615.0,2025-06-18
412715.0,4568615.0,2025-06-18
412725.0,4568615.0,2025-06-18
412735.0,4568615.0,2025-06-18
412745.0,4568615.0,2025-06-18
412755.0,4568615.0,2025-06-18
412765.0,4568615.0,2025-06-18
412775.0,4568615.0,2025-06-18
412785.0,4568615.0,2025-06-18
412795.0,4568615.0,2025-06-18
412805.0,4568615.0,2025-06-18
412815.0,4568615.0,2025-06-18
412825.0,4568615.0,2025-06-18
412835.0,4568615.0,2025-06-18
412845.0,4568615.0,2025-06-18
412855.0,4568615.0,2025-06-18
412865.0,4568615.0,2025-06-18
412875.0,4568615.0,2025-06-18
412885.0,4568615.0,2025-06-18
412895.0,4568615.0,2025-06-18
412905.0,4568615.0,2025-06-18
412915.0,4568615.0,2025-06-18
412925.0,4568615.0,2025-06-18
412935.0,4568615.0,2025-06-18
412945.0,4568615.0,2025-06-18
412955.0,4568615.0,2025-06-18
412965.0,4568615.0,2025-06-18
412975.0,4568615.0,2025-06-18
412985.0,4568615.0,2025-06-18
412995.0,4568615.0,2025-06-18
413005.0,4568615.0,2025-06-18
413015.0,4568615.0,2025-06-18
413025.0,4568615.0,2025-06-18
413035.0,4568615.0,2025-06-18
413045.0,4568615.0,2025-06-18
413055.0,4568615.0,2025-06-18
413065.0,4568615.0,2025-06-18
413075.0,4568615.0,2025-06-18
413085.0,4568615.0,2025-06-18
413095.0,4568615.0,2025-06-18
413105.0,4568615.0,2025-06-18
413115.0,4568615.0,2025-06-18
413125.0,4568615.0,2025-06-18
413135.0,4568615.0,2025-06-18
413145.0,4568615.0,2025-06-18
413155.0,4568615.0,2025-06-18
413165.0,4568615.0,2025-06-18
413175.0,4568615.0,2025-06-18
413185.0,4568615.0,2025-06-18
413195.0,4568615.0,2025-06-18
413205.0,4568615.0,2025-06-18
413215.0,4568615.0,2025-06-18
413225.0,4568615.0,2025-06-18
413235.0,4568615.0,2025-06-18
413245.0,4568615.0,2025-06-18
413255.0,4568615.0,2025-06-18
413265.0,4568615.0,2025-06-18
413275.0,4568615.0,2025-06-18
413285.0,4568615.0,2025-06-18
413295.0,4568615.0,2025-06-18
413305.0,4568615.0,2025-06-18
413315.0,4568615.0,2025-06-18
413325.0,4568615.0,2025-06-18
413335.0,4568615.0,2025-06-18
413345.0,4568615.0,2025-06-18
413355.0,4568615.0,2025-06-18
413365.0,4568615.0,2025-06-18
413375.0,4568615.0,2025-06-18
413385.0,4568615.0,2025-06-18
413395.0,4568615.0,2025-06-18
413405.0,4568615.0,2025-06-18
413415.0,4568615.0,2025-06-18
413425.0,4568615.0,2025-06-18
413435.0,4568615.0,2025-06-18
413445.0,4568615.0,2025-06-18
413455.0,4568615.0,2025-06-18
413465.0,4568615.0,2025-06-18
413475.0,4568615.0,2025-06-18
413485.0,4568615.0,2025-06-18
413495.0,4568615.0,2025-06-18
413505.0,4568615.0,2025-06-18
413515.0,4568615.0,2025-06-18
413525.0,4568615.0,2025-06-18
413535.0,4568615.0,2025-06-18
413545.0,4568615.0,2025-06-18
413555.0,4568615.0,2025-06-18
413565.0,4568615.0,2025-06-18
413575.0,4568615.0,2025-06-18
413585.0,4568615.0,2025-06-18
413595.0,4568615.0,2025-06-18
413605.0,4568615.0,2025-06-18
413615.0,4568615.0,2025-06-18
413625.0,4568615.0,2025-06-18
413635.0,4568615.0,2025-06-18
413645.0,4568615.0,2025-06-18
413655.0,4568615.0,2025-06-18
413665.0,4568615.0,2025-06-18
413675.0,4568615.0,2025-06-18
413685.0,4568615.0,2025-06-18
413695.0,4568615.0,2025-06-18
413705.0,4568615.0,2025-06-18
413715.0,4568615.0,2025-06-18
413725.0,4568615.0,2025-06-18
413735.0,4568615.0,2025-06-18
413745.0,4568615.0,2025-06-18
413755.0,4568615.0,2025-06-18
413765.0,4568615.0,2025-06-18
413775.0,4568615.0,2025-06-18
413785.0,4568615.0,2025-06-18
413795.0,4568615.0,2025-06-18
413805.0,4568615.0,2025-06-18
413815.0,4568615.0,2025-06-18
413825.0,4568615.0,2025-06-18
413835.0,4568615.0,2025-06-18
413845.0,4568615.0,2025-06-18
413855.0,4568615.0,2025-06-18
413865.0,4568615.0,2025-06-18
413875.0,4568615.0,2025-06-18
413885.0,4568615.0,2025-06-18
413895.0,4568615.0,2025-06-18
413905.0,4568615.0,2025-06-18
413915.0,4568615.0,2025-06-18
413925.0,4568615.0,2025-06-18
413935.0,4568615.0,2025-06-18
411745.0,4568605.0,2025-06-18
411755.0,4568605.0,2025-06-18
411765.0,4568605.0,2025-06-18
411775.0,4568605.0,2025-06-18
411785.0,4568605.0,2025-06-18
411795.0,4568605.0,2025-06-18
411805.0,4568605.0,2025-06-18
411815.0,4568605.0,2025-06-18
411825.0,4568605.0,2025-06-18
411835.0,4568605.0,2025-06-18
411845.0,4568605.0,2025-06-18
411855.0,4568605.0,2025-06-18
411865.0,4568605.0,2025-06-18
411875.0,4568605.0,2025-06-18
411885.0,4568605.0,2025-06-18
411895.0,4568605.0,2025-06-18
411905.0,4568605.0,2025-06-18
411915.0,4568605.0,2025-06-18
411925.0,4568605.0,2025-06-18
411935.0,4568605.0,2025-06-18
411945.0,4568605.0,2025-06-18
411955.0,4568605.0,2025-06-18
411965.0,4568605.0,2025-06-18
411975.0,4568605.0,2025-06-18
411985.0,4568605.0,2025-06-18
411995.0,4568605.0,2025-06-18
412005.0,4568605.0,2025-06-18
412015.0,4568605.0,2025-06-18
412025.0,4568605.0,2025-06-18
412035.0,4568605.0,2025-06-18
412045.0,4568605.0,2025-06-18
412055.0,4568605.0,2025-06-18
412065.0,4568605.0,2025-06-18
412075.0,4568605.0,2025-06-18
412085.0,4568605.0,2025-06-18
412095.0,4568605.0,2025-06-18
412105.0,4568605.0,2025-06-18
412115.0,4568605.0,2025-06-18
412125.0,4568605.0,2025-06-18
412135.0,4568605.0,2025-06-18
412145.0,4568605.0,2025-06-18
412155.0,4568605.0,2025-06-18
412165.0,4568605.0,2025-06-18
412175.0,4568605.0,2025-06-18
412185.0,4568605.0,2025-06-18
412195.0,4568605.0,2025-06-18
412205.0,4568605.0,2025-06-18
412215.0,4568605.0,2025-06-18
412225.0,4568605.0,2025-06-18
412235.0,4568605.0,2025-06-18
412245.0,4568605.0,2025-06-18
412255.0,4568605.0,2025-06-18
412265.0,4568605.0,2025-06-18
412275.0,4568605.0,2025-06-18
412285.0,4568605.0,2025-06-18
412295.0,4568605.0,2025-06-18
412305.0,4568605.0,2025-06-18
412315.0,4568605.0,2025-06-18
412325.0,4568605.0,2025-06-18
412335.0,4568605.0,2025-06-18
412345.0,4568605.0,2025-06-18
412355.0,4568605.0,2025-06-18
412365.0,4568605.0,2025-06-18
412375.0,4568605.0,2025-06-18
412385.0,4568605.0,2025-06-18
412395.0,4568605.0,2025-06-18
412405.0,4568605.0,2025-06-18
412415.0,4568605.0,2025-06-18
412425.0,4568605.0,2025-06-18
412435.0,4568605.0,2025-06-18
412445.0,4568605.0,2025-06-18
412455.0,4568605.0,2025-06-18
412465.0,4568605.0,2025-06-18
412475.0,4568605.0,2025-06-18
412485.0,4568605.0,2025-06-18
412495.0,4568605.0,2025-06-18
412505.0,4568605.0,2025-06-18
412515.0,4568605.0,2025-06-18
412525.0,4568605.0,2025-06-18
412535.0,4568605.0,2025-06-18
412545.0,4568605.0,2025-06-18
412555.0,4568605.0,2025-06-18
412565.0,4568605.0,2025-06-18
412575.0,4568605.0,2025-06-18
412585.0,4568605.0,2025-06-18
412595.0,4568605.0,2025-06-18
412605.0,4568605.0,2025-06-18
412615.0,4568605.0,2025-06-18
412625.0,4568605.0,2025-06-18
412635.0,4568605.0,2025-06-18
412645.0,4568605.0,2025-06-18
412655.0,4568605.0,2025-06-18
412665.0,4568605.0,2025-06-18
412675.0,4568605.0,2025-06-18
412685.0,4568605.0,2025-06-18
412695.0,4568605.0,2025-06-18
412705.0,4568605.0,2025-06-18
412715.0,4568605.0,2025-06-18
412725.0,4568605.0,2025-06-18
412735.0,4568605.0,2025-06-18
412745.0,4568605.0,2025-06-18
412755.0,4568605.0,2025-06-18
412765.0,4568605.0,2025-06-18
412775.0,4568605.0,2025-06-18
412785.0,4568605.0,2025-06-18
412795.0,4568605.0,2025-06-18
412805.0,4568605.0,2025-06-18
412815.0,4568605.0,2025-06-18
412825.0,4568605.0,2025-06-18
412835.0,4568605.0,2025-06-18
412845.0,4568605.0,2025-06-18
412855.0,4568605.0,2025-06-18
412865.0,4568605.0,2025-06-18
412875.0,4568605.0,2025-06-18
412885.0,4568605.0,2025-06-18
412895.0,4568605.0,2025-06-18
412905.0,4568605.0,2025-06-18
412915.0,4568605.0,2025-06-18
412925.0,4568605.0,2025-06-18
412935.0,4568605.0,2025-06-18
412945.0,4568605.0,2025-06-18
412955.0,4568605.0,2025-06-18
412965.0,4568605.0,2025-06-18
412975.0,4568605.0,2025-06-18
412985.0,4568605.0,2025-06-18
412995.0,4568605.0,2025-06-18
413005.0,4568605.0,2025-06-18
413015.0,4568605.0,2025-06-18
413025.0,4568605.0,2025-06-18
413035.0,4568605.0,2025-06-18
413045.0,4568605.0,2025-06-18
413055.0,4568605.0,2025-06-18
413065.0,4568605.0,2025-06-18
413075.0,4568605.0,2025-06-18
413085.0,4568605.0,2025-06-18
413095.0,4568605.0,2025-06-18
413105.0,4568605.0,2025-06-18
413115.0,4568605.0,2025-06-18
413125.0,4568605.0,2025-06-18
413135.0,4568605.0,2025-06-18
413145.0,4568605.0,2025-06-18
413155.0,4568605.0,2025-06-18
413165.0,4568605.0,2025-06-18
413175.0,4568605.0,2025-06-18
413185.0,4568605.0,2025-06-18
413195.0,4568605.0,2025-06-18
413205.0,4568605.0,2025-06-18
413215.0,4568605.0,2025-06-18
413225.0,4568605.0,2025-06-18
413235.0,4568605.0,2025-06-18
413245.0,4568605.0,2025-06-18
413255.0,4568605.0,2025-06-18
413265.0,4568605.0,2025-06-18
413275.0,4568605.0,2025-06-18
413285.0,4568605.0,2025-06-18
413295.0,4568605.0,2025-06-18
413305.0,4568605.0,2025-06-18
413315.0,4568605.0,2025-06-18
413325.0,4568605.0,2025-06-18
413335.0,4568605.0,2025-06-18
413345.0,4568605.0,2025-06-18
413355.0,4568605.0,2025-06-18
413365.0,4568605.0,2025-06-18
413375.0,4568605.0,2025-06-18
413385.0,4568605.0,2025-06-18
413395.0,4568605.0,2025-06-18
413405.0,4568605.0,2025-06-18
413415.0,4568605.0,2025-06-18
413425.0,4568605.0,2025-06-18
413435.0,4568605.0,2025-06-18
413445.0,4568605.0,2025-06-18
413455.0,4568605.0,2025-06-18
413465.0,4568605.0,2025-06-18
413475.0,4568605.0,2025-06-18
413485.0,4568605.0,2025-06-18
413495.0,4568605.0,2025-06-18
413505.0,4568605.0,2025-06-18
413515.0,4568605.0,2025-06-18
413525.0,4568605.0,2025-06-18
413535.0,4568605.0,2025-06-18
413545.0,4568605.0,2025-06-18
413555.0,4568605.0,2025-06-18
413565.0,4568605.0,2025-06-18
413575.0,4568605.0,2025-06-18
413585.0,4568605.0,2025-06-18
413595.0,4568605.0,2025-06-18
413605.0,4568605.0,2025-06-18
413615.0,4568605.0,2025-06-18
413625.0,4568605.0,2025-06-18
413635.0,4568605.0,2025-06-18
413645.0,4568605.0,2025-06-18
413655.0,4568605.0,2025-06-18
413665.0,4568605.0,2025-06-18
413675.0,4568605.0,2025-06-18
413685.0,4568605.0,2025-06-18
413695.0,4568605.0,2025-06-18
413705.0,4568605.0,2025-06-18
413715.0,4568605.0,2025-06-18
413725.0,4568605.0,2025-06-18
413735.0,4568605.0,2025-06-18
413745.0,4568605.0,2025-06-18
413755.0,4568605.0,2025-06-18
413765.0,4568605.0,2025-06-18
413775.0,4568605.0,2025-06-18
413785.0,4568605.0,2025-06-18
413795.0,4568605.0,2025-06-18
413805.0,4568605.0,2025-06-18
413815.0,4568605.0,2025-06-18
413825.0,4568605.0,2025-06-18
413835.0,4568605.0,2025-06-18
413845.0,4568605.0,2025-06-18
413855.0,4568605.0,2025-06-18
413865.0,4568605.0,2025-06-18
413875.0,4568605.0,2025-06-18
413885.0,4568605.0,2025-06-18
413895.0,4568605.0,2025-06-18
413905.0,4568605.0,2025-06-18
413915.0,4568605.0,2025-06-18
413925.0,4568605.0,2025-06-18
413935.0,4568605.0,2025-06-18
413945.0,4568605.0,2025-06-18
413955.0,4568605.0,2025-06-18
413965.0,4568605.0,2025-06-18
413975.0,4568605.0,2025-06-18
413985.0,4568605.0,2025-06-18
413995.0,4568605.0,2025-06-18
414005.0,4568605.0,2025-06-18
414015.0,4568605.0,2025-06-18
414025.0,4568605.0,2025-06-18
414035.0,4568605.0,2025-06-18
414045.0,4568605.0,2025-06-18
414055.0,4568605.0,2025-06-18
414065.0,4568605.0,2025-06-18
414075.0,4568605.0,2025-06-18
414085.0,4568605.0,2025-06-18
414095.0,4568605.0,2025-06-18
414105.0,4568605.0,2025-06-18
414115.0,4568605.0,2025-06-18
414125.0,4568605.0,2025-06-18
414135.0,4568605.0,2025-06-18
414145.0,4568605.0,2025-06-18
414155.0,4568605.0,2025-06-18
414165.0,4568605.0,2025-06-18
414175.0,4568605.0,2025-06-18
414185.0,4568605.0,2025-06-18
414195.0,4568605.0,2025-06-18
414205.0,4568605.0,2025-06-18
414215.0,4568605.0,2025-06-18
414225.0,4568605.0,2025-06-18
414235.0,4568605.0,2025-06-18
414245.0,4568605.0,2025-06-18
414255.0,4568605.0,2025-06-18
414265.0,4568605.0,2025-06-18
414275.0,4568605.0,2025-06-18
414285.0,4568605.0,2025-06-18
414295.0,4568605.0,2025-06-18
414305.0,4568605.0,2025-06-18
414315.0,4568605.0,2025-06-18
414325.0,4568605.0,2025-06-18
414335.0,4568605.0,2025-06-18
414345.0,4568605.0,2025-06-18
414355.0,4568605.0,2025-06-18
414365.0,4568605.0,2025-06-18
414375.0,4568605.0,2025-06-18
414385.0,4568605.0,2025-06-18
414395.0,4568605.0,2025-06-18
414405.0,4568605.0,2025-06-18
414415.0,4568605.0,2025-06-18
414425.0,4568605.0,2025-06-18
414435.0,4568605.0,2025-06-18
414445.0,4568605.0,2025-06-18
414455.0,4568605.0,2025-06-18
414465.0,4568605.0,2025-06-18
414475.0,4568605.0,2025-06-18
414485.0,4568605.0,2025-06-18
414495.0,4568605.0,2025-06-18
414505.0,4568605.0,2025-06-18
414515.0,4568605.0,2025-06-18
414525.0,4568605.0,2025-06-18
414535.0,4568605.0,2025-06-18
414545.0,4568605.0,2025-06-18
414555.0,4568605.0,2025-06-18
414565.0,4568605.0,2025-06-18
414575.0,4568605.0,2025-06-18
414585.0,4568605.0,2025-06-18
414595.0,4568605.0,2025-06-18
414605.0,4568605.0,2025-06-18
414615.0,4568605.0,2025-06-18
414625.0,4568605.0,2025-06-18
414635.0,4568605.0,2025-06-18
414645.0,4568605.0,2025-06-18
414655.0,4568605.0,2025-06-18
414665.0,4568605.0,2025-06-18
414675.0,4568605.0,2025-06-18
414685.0,4568605.0,2025-06-18
414695.0,4568605.0,2025-06-18
414705.0,4568605.0,2025-06-18
414715.0,4568605.0,2025-06-18
414725.0,4568605.0,2025-06-18
414735.0,4568605.0,2025-06-18
414745.0,4568605.0,2025-06-18
414755.0,4568605.0,2025-06-18
414765.0,4568605.0,2025-06-18
414775.0,4568605.0,2025-06-18
414785.0,4568605.0,2025-06-18
411745.0,4568595.0,2025-06-18
411755.0,4568595.0,2025-06-18
411765.0,4568595.0,2025-06-18
411775.0,4568595.0,2025-06-18
411785.0,4568595.0,2025-06-18
411795.0,4568595.0,2025-06-18
411805.0,4568595.0,2025-06-18
411815.0,4568595.0,2025-06-18
411825.0,4568595.0,2025-06-18
411835.0,4568595.0,2025-06-18
411845.0,4568595.0,2025-06-18
411855.0,4568595.0,2025-06-18
411865.0,4568595.0,2025-06-18
411875.0,4568595.0,2025-06-18
411885.0,4568595.0,2025-06-18
411895.0,4568595.0,2025-06-18
411905.0,4568595.0,2025-06-18
411915.0,4568595.0,2025-06-18
411925.0,4568595.0,2025-06-18
411935.0,4568595.0,2025-06-18
411945.0,4568595.0,2025-06-18
411955.0,4568595.0,2025-06-18
411965.0,4568595.0,2025-06-18
411975.0,4568595.0,2025-06-18
411985.0,4568595.0,2025-06-18
411995.0,4568595.0,2025-06-18
412005.0,4568595.0,2025-06-18
412015.0,4568595.0,2025-06-18
412025.0,4568595.0,2025-06-18
412035.0,4568595.0,2025-06-18
412045.0,4568595.0,2025-06-18
412055.0,4568595.0,2025-06-18
412065.0,4568595.0,2025-06-18
412075.0,4568595.0,2025-06-18
412085.0,4568595.0,2025-06-18
412095.0,4568595.0,2025-06-18
412105.0,4568595.0,2025-06-18
412115.0,4568595.0,2025-06-18
412125.0,4568595.0,2025-06-18
412135.0,4568595.0,2025-06-18
412145.0,4568595.0,2025-06-18
412155.0,4568595.0,2025-06-18
412165.0,4568595.0,2025-06-18
412175.0,4568595.0,2025-06-18
412185.0,4568595.0,2025-06-18
412195.0,4568595.0,2025-06-18
412205.0,4568595.0,2025-06-18
412215.0,4568595.0,2025-06-18
412225.0,4568595.0,2025-06-18
412235.0,4568595.0,2025-06-18
412245.0,4568595.0,2025-06-18
412255.0,4568595.0,2025-06-18
412265.0,4568595.0,2025-06-18
412275.0,4568595.0,2025-06-18
412285.0,4568595.0,2025-06-18
412295.0,4568595.0,2025-06-18
412305.0,4568595.0,2025-06-18
412315.0,4568595.0,2025-06-18
412325.0,4568595.0,2025-06-18
412335.0,4568595.0,2025-06-18
412345.0,4568595.0,2025-06-18
412355.0,4568595.0,2025-06-18
412365.0,4568595.0,2025-06-18
412375.0,4568595.0,2025-06-18
412385.0,4568595.0,2025-06-18
412395.0,4568595.0,2025-06-18
412405.0,4568595.0,2025-06-18
412415.0,4568595.0,2025-06-18
412425.0,4568595.0,2025-06-18
412435.0,4568595.0,2025-06-18
412445.0,4568595.0,2025-06-18
412455.0,4568595.0,2025-06-18
412465.0,4568595.0,2025-06-18
412475.0,4568595.0,2025-06-18
412485.0,4568595.0,2025-06-18
412495.0,4568595.0,2025-06-18
412505.0,4568595.0,2025-06-18
412515.0,4568595.0,2025-06-18
412525.0,4568595.0,2025-06-18
412535.0,4568595.0,2025-06-18
412545.0,4568595.0,2025-06-18
412555.0,4568595.0,2025-06-18
412565.0,4568595.0,2025-06-18
412575.0,4568595.0,2025-06-18
412585.0,4568595.0,2025-06-18
412595.0,4568595.0,2025-06-18
412605.0,4568595.0,2025-06-18
412615.0,4568595.0,2025-06-18
412625.0,4568595.0,2025-06-18
412635.0,4568595.0,2025-06-18
412645.0,4568595.0,2025-06-18
412655.0,4568595.0,2025-06-18
412665.0,4568595.0,2025-06-18
412675.0,4568595.0,2025-06-18
412685.0,4568595.0,2025-06-18
412695.0,4568595.0,2025-06-18
412705.0,4568595.0,2025-06-18
412715.0,4568595.0,2025-06-18
412725.0,4568595.0,2025-06-18
412735.0,4568595.0,2025-06-18
412745.0,4568595.0,2025-06-18
412755.0,4568595.0,2025-06-18
412765.0,4568595.0,2025-06-18
412775.0,4568595.0,2025-06-18
412785.0,4568595.0,2025-06-18
412795.0,4568595.0,2025-06-18
412805.0,4568595.0,2025-06-18
412815.0,4568595.0,2025-06-18
412825.0,4568595.0,2025-06-18
412835.0,4568595.0,2025-06-18
412845.0,4568595.0,2025-06-18
412855.0,4568595.0,2025-06-18
412865.0,4568595.0,2025-06-18
412875.0,4568595.0,2025-06-18
412885.0,4568595.0,2025-06-18
412895.0,4568595.0,2025-06-18
412905.0,4568595.0,2025-06-18
412915.0,4568595.0,2025-06-18
412925.0,4568595.0,2025-06-18
412935.0,4568595.0,2025-06-18
412945.0,4568595.0,2025-06-18
412955.0,4568595.0,2025-06-18
412965.0,4568595.0,2025-06-18
412975.0,4568595.0,2025-06-18
412985.0,4568595.0,2025-06-18
412995.0,4568595.0,2025-06-18
413005.0,4568595.0,2025-06-18
413015.0,4568595.0,2025-06-18
413025.0,4568595.0,2025-06-18
413035.0,4568595.0,2025-06-18
413045.0,4568595.0,2025-06-18
413055.0,4568595.0,2025-06-18
413065.0,4568595.0,2025-06-18
413075.0,4568595.0,2025-06-18
413085.0,4568595.0,2025-06-18
413095.0,4568595.0,2025-06-18
413105.0,4568595.0,2025-06-18
413115.0,4568595.0,2025-06-18
413125.0,4568595.0,2025-06-18
413135.0,4568595.0,2025-06-18
413145.0,4568595.0,2025-06-18
413155.0,4568595.0,2025-06-18
413165.0,4568595.0,2025-06-18
413175.0,4568595.0,2025-06-18
413185.0,4568595.0,2025-06-18
413195.0,4568595.0,2025-06-18
413205.0,4568595.0,2025-06-18
413215.0,4568595.0,2025-06-18
413225.0,4568595.0,2025-06-18
413235.0,4568595.0,2025-06-18
413245.0,4568595.0,2025-06-18
413255.0,4568595.0,2025-06-18
413265.0,4568595.0,2025-06-18
413275.0,4568595.0,2025-06-18
413285.0,4568595.0,2025-06-18
413295.0,4568595.0,2025-06-18
413305.0,4568595.0,2025-06-18
413315.0,4568595.0,2025-06-18
413325.0,4568595.0,2025-06-18
413335.0,4568595.0,2025-06-18
413345.0,4568595.0,2025-06-18
413355.0,4568595.0,2025-06-18
413365.0,4568595.0,2025-06-18
413375.0,4568595.0,2025-06-18
413385.0,4568595.0,2025-06-18
413395.0,4568595.0,2025-06-18
413405.0,4568595.0,2025-06-18
413415.0,4568595.0,2025-06-18
413425.0,4568595.0,2025-06-18
413435.0,4568595.0,2025-06-18
413445.0,4568595.0,2025-06-18
413455.0,4568595.0,2025-06-18
413465.0,4568595.0,2025-06-18
413475.0,4568595.0,2025-06-18
413485.0,4568595.0,2025-06-18
413495.0,4568595.0,2025-06-18
413505.0,4568595.0,2025-06-18
413515.0,4568595.0,2025-06-18
413525.0,4568595.0,2025-06-18
413535.0,4568595.0,2025-06-18
413545.0,4568595.0,2025-06-18
413555.0,4568595.0,2025-06-18
413565.0,4568595.0,2025-06-18
413575.0,4568595.0,2025-06-18
413585.0,4568595.0,2025-06-18
413595.0,4568595.0,2025-06-18
413605.0,4568595.0,2025-06-18
413615.0,4568595.0,2025-06-18
413625.0,4568595.0,2025-06-18
413635.0,4568595.0,2025-06-18
413645.0,4568595.0,2025-06-18
413655.0,4568595.0,2025-06-18
413665.0,4568595.0,2025-06-18
413675.0,4568595.0,2025-06-18
413685.0,4568595.0,2025-06-18
413695.0,4568595.0,2025-06-18
413705.0,4568595.0,2025-06-18
413715.0,4568595.0,2025-06-18
413725.0,4568595.0,2025-06-18
413735.0,4568595.0,2025-06-18
413745.0,4568595.0,2025-06-18
413755.0,4568595.0,2025-06-18
413765.0,4568595.0,2025-06-18
413775.0,4568595.0,2025-06-18
413785.0,4568595.0,2025-06-18
413795.0,4568595.0,2025-06-18
413805.0,4568595.0,2025-06-18
413815.0,4568595.0,2025-06-18
413825.0,4568595.0,2025-06-18
413835.0,4568595.0,2025-06-18
413845.0,4568595.0,2025-06-18
413855.0,4568595.0,2025-06-18
413865.0,4568595.0,2025-06-18
413875.0,4568595.0,2025-06-18
413885.0,4568595.0,2025-06-18
413895.0,4568595.0,2025-06-18
413905.0,4568595.0,2025-06-18
413915.0,4568595.0,2025-06-18
413925.0,4568595.0,2025-06-18
413935.0,4568595.0,2025-06-18
413945.0,4568595.0,2025-06-18
413955.0,4568595.0,2025-06-18
413965.0,4568595.0,2025-06-18
413975.0,4568595.0,2025-06-18
413985.0,4568595.0,2025-06-18
413995.0,4568595.0,2025-06-18
414005.0,4568595.0,2025-06-18
414015.0,4568595.0,2025-06-18
414025.0,4568595.0,2025-06-18
414035.0,4568595.0,2025-06-18
414045.0,4568595.0,2025-06-18
414055.0,4568595.0,2025-06-18
414065.0,4568595.0,2025-06-18
414075.0,4568595.0,2025-06-18
414085.0,4568595.0,2025-06-18
414095.0,4568595.0,2025-06-18
414105.0,4568595.0,2025-06-18
414115.0,4568595.0,2025-06-18
414125.0,4568595.0,2025-06-18
414135.0,4568595.0,2025-06-18
414145.0,4568595.0,2025-06-18
414155.0,4568595.0,2025-06-18
414165.0,4568595.0,2025-06-18
414175.0,4568595.0,2025-06-18
414185.0,4568595.0,2025-06-18
414195.0,4568595.0,2025-06-18
414205.0,4568595.0,2025-06-18
414215.0,4568595.0,2025-06-18
414225.0,4568595.0,2025-06-18
414235.0,4568595.0,2025-06-18
414245.0,4568595.0,2025-06-18
414255.0,4568595.0,2025-06-18
414265.0,4568595.0,2025-06-18
414275.0,4568595.0,2025-06-18
414285.0,4568595.0,2025-06-18
414295.0,4568595.0,2025-06-18
414305.0,4568595.0,2025-06-18
414315.0,4568595.0,2025-06-18
414325.0,4568595.0,2025-06-18
414335.0,4568595.0,2025-06-18
414345.0,4568595.0,2025-06-18
414355.0,4568595.0,2025-06-18
414365.0,4568595.0,2025-06-18
414375.0,4568595.0,2025-06-18
414385.0,4568595.0,2025-06-18
414395.0,4568595.0,2025-06-18
414405.0,4568595.0,2025-06-18
414415.0,4568595.0,2025-06-18
414425.0,4568595.0,2025-06-18
414435.0,4568595.0,2025-06-18
414445.0,4568595.0,2025-06-18
414455.0,4568595.0,2025-06-18
414465.0,4568595.0,2025-06-18
414475.0,4568595.0,2025-06-18
414485.0,4568595.0,2025-06-18
414495.0,4568595.0,2025-06-18
414505.0,4568595.0,2025-06-18
414515.0,4568595.0,2025-06-18
414525.0,4568595.0,2025-06-18
414535.0,4568595.0,2025-06-18
414545.0,4568595.0,2025-06-18
414555.0,4568595.0,2025-06-18
414565.0,4568595.0,2025-06-18
414575.0,4568595.0,2025-06-18
414585.0,4568595.0,2025-06-18
414595.0,4568595.0,2025-06-18
414605.0,4568595.0,2025-06-18
414615.0,4568595.0,2025-06-18
414625.0,4568595.0,2025-06-18
414635.0,4568595.0,2025-06-18
414645.0,4568595.0,2025-06-18
414655.0,4568595.0,2025-06-18
414665.0,4568595.0,2025-06-18
414675.0,4568595.0,2025-06-18
414685.0,4568595.0,2025-06-18
414695.0,4568595.0,2025-06-18
414705.0,4568595.0,2025-06-18
414715.0,4568595.0,2025-06-18
414725.0,4568595.0,2025-06-18
414735.0,4568595.0,2025-06-18
414745.0,4568595.0,2025-06-18
414755.0,4568595.0,2025-06-18
414765.0,4568595.0,2025-06-18
414775.0,4568595.0,2025-06-18
414785.0,4568595.0,2025-06-18
414795.0,4568595.0,2025-06-18
414805.0,4568595.0,2025-06-18
414815.0,4568595.0,2025-06-18
414825.0,4568595.0,2025-06-18
414835.0,4568595.0,2025-06-18
414845.0,4568595.0,2025-06-18
414855.0,4568595.0,2025-06-18
414865.0,4568595.0,2025-06-18
414875.0,4568595.0,2025-06-18
414885.0,4568595.0,2025-06-18
414895.0,4568595.0,2025-06-18
414905.0,4568595.0,2025-06-18
414915.0,4568595.0,2025-06-18
414925.0,4568595.0,2025-06-18
414935.0,4568595.0,2025-06-18
414945.0,4568595.0,2025-06-18
414955.0,4568595.0,2025-06-18
414965.0,4568595.0,2025-06-18
414975.0,4568595.0,2025-06-18
414985.0,4568595.0,2025-06-18
414995.0,4568595.0,2025-06-18
415005.0,4568595.0,2025-06-18
415015.0,4568595.0,2025-06-18
415025.0,4568595.0,2025-06-18
415035.0,4568595.0,2025-06-18
415045.0,4568595.0,2025-06-18
415055.0,4568595.0,2025-06-18
415065.0,4568595.0,2025-06-18
415075.0,4568595.0,2025-06-18
415085.0,4568595.0,2025-06-18
415095.0,4568595.0,2025-06-18
415105.0,4568595.0,2025-06-18
415115.0,4568595.0,2025-06-18
415125.0,4568595.0,2025-06-18
415135.0,4568595.0,2025-06-18
415145.0,4568595.0,2025-06-18
415155.0,4568595.0,2025-06-18
415165.0,4568595.0,2025-06-18
415175.0,4568595.0,2025-06-18
415185.0,4568595.0,2025-06-18
415195.0,4568595.0,2025-06-18
415205.0,4568595.0,2025-06-18
415215.0,4568595.0,2025-06-18
415225.0,4568595.0,2025-06-18
415235.0,4568595.0,2025-06-18
415245.0,4568595.0,2025-06-18
415255.0,4568595.0,2025-06-18
415265.0,4568595.0,2025-06-18
415275.0,4568595.0,2025-06-18
415285.0,4568595.0,2025-06-18
415295.0,4568595.0,2025-06-18
415305.0,4568595.0,2025-06-18
415315.0,4568595.0,2025-06-18
415325.0,4568595.0,2025-06-18
415335.0,4568595.0,2025-06-18
415345.0,4568595.0,2025-06-18
415355.0,4568595.0,2025-06-18
415365.0,4568595.0,2025-06-18
415375.0,4568595.0,2025-06-18
415385.0,4568595.0,2025-06-18
415395.0,4568595.0,2025-06-18
415405.0,4568595.0,2025-06-18
415415.0,4568595.0,2025-06-18
415425.0,4568595.0,2025-06-18
415435.0,4568595.0,2025-06-18
415445.0,4568595.0,2025-06-18
415455.0,4568595.0,2025-06-18
415465.0,4568595.0,2025-06-18
415475.0,4568595.0,2025-06-18
415485.0,4568595.0,2025-06-18
415495.0,4568595.0,2025-06-18
415505.0,4568595.0,2025-06-18
415515.0,4568595.0,2025-06-18
415525.0,4568595.0,2025-06-18
415535.0,4568595.0,2025-06-18
415545.0,4568595.0,2025-06-18
415555.0,4568595.0,2025-06-18
415565.0,4568595.0,2025-06-18
415575.0,4568595.0,2025-06-18
415585.0,4568595.0,2025-06-18
415595.0,4568595.0,2025-06-18
415605.0,4568595.0,2025-06-18
415615.0,4568595.0,2025-06-18
415625.0,4568595.0,2025-06-18
415635.0,4568595.0,2025-06-18
411745.0,4568585.0,2025-06-18
411755.0,4568585.0,2025-06-18
411765.0,4568585.0,2025-06-18
411775.0,4568585.0,2025-06-18
411785.0,4568585.0,2025-06-18
411795.0,4568585.0,2025-06-18
411805.0,4568585.0,2025-06-18
411815.0,4568585.0,2025-06-18
411825.0,4568585.0,2025-06-18
411835.0,4568585.0,2025-06-18
411845.0,4568585.0,2025-06-18
411855.0,4568585.0,2025-06-18
411865.0,4568585.0,2025-06-18
411875.0,4568585.0,2025-06-18
411885.0,4568585.0,2025-06-18
411895.0,4568585.0,2025-06-18
411905.0,4568585.0,2025-06-18
411915.0,4568585.0,2025-06-18
411925.0,4568585.0,2025-06-18
411935.0,4568585.0,2025-06-18
411945.0,4568585.0,2025-06-18
411955.0,4568585.0,2025-06-18
411965.0,4568585.0,2025-06-18
411975.0,4568585.0,2025-06-18
411985.0,4568585.0,2025-06-18
411995.0,4568585.0,2025-06-18
412005.0,4568585.0,2025-06-18
412015.0,4568585.0,2025-06-18
412025.0,4568585.0,2025-06-18
412035.0,4568585.0,2025-06-18
412045.0,4568585.0,2025-06-18
412055.0,4568585.0,2025-06-18
412065.0,4568585.0,2025-06-18
412075.0,4568585.0,2025-06-18
412085.0,4568585.0,2025-06-18
412095.0,4568585.0,2025-06-18
412105.0,4568585.0,2025-06-18
412115.0,4568585.0,2025-06-18
412125.0,4568585.0,2025-06-18
412135.0,4568585.0,2025-06-18
412145.0,4568585.0,2025-06-18
412155.0,4568585.0,2025-06-18
412165.0,4568585.0,2025-06-18
412175.0,4568585.0,2025-06-18
412185.0,4568585.0,2025-06-18
412195.0,4568585.0,2025-06-18
412205.0,4568585.0,2025-06-18
412215.0,4568585.0,2025-06-18
412225.0,4568585.0,2025-06-18
412235.0,4568585.0,2025-06-18
412245.0,4568585.0,2025-06-18
412255.0,4568585.0,2025-06-18
412265.0,4568585.0,2025-06-18
412275.0,4568585.0,2025-06-18
412285.0,4568585.0,2025-06-18
412295.0,4568585.0,2025-06-18
412305.0,4568585.0,2025-06-18
412315.0,4568585.0,2025-06-18
412325.0,4568585.0,2025-06-18
412335.0,4568585.0,2025-06-18
412345.0,4568585.0,2025-06-18
412355.0,4568585.0,2025-06-18
412365.0,4568585.0,2025-06-18
412375.0,4568585.0,2025-06-18
412385.0,4568585.0,2025-06-18
412395.0,4568585.0,2025-06-18
412405.0,4568585.0,2025-06-18
412415.0,4568585.0,2025-06-18
412425.0,4568585.0,2025-06-18
412435.0,4568585.0,2025-06-18
412445.0,4568585.0,2025-06-18
412455.0,4568585.0,2025-06-18
412465.0,4568585.0,2025-06-18
412475.0,4568585.0,2025-06-18
412485.0,4568585.0,2025-06-18
412495.0,4568585.0,2025-06-18
412505.0,4568585.0,2025-06-18
412515.0,4568585.0,2025-06-18
412525.0,4568585.0,2025-06-18
412535.0,4568585.0,2025-06-18
412545.0,4568585.0,2025-06-18
412555.0,4568585.0,2025-06-18
412565.0,4568585.0,2025-06-18
412575.0,4568585.0,2025-06-18
412585.0,4568585.0,2025-06-18
412595.0,4568585.0,2025-06-18
412605.0,4568585.0,2025-06-18
412615.0,4568585.0,2025-06-18
412625.0,4568585.0,2025-06-18
412635.0,4568585.0,2025-06-18
412645.0,4568585.0,2025-06-18
412655.0,4568585.0,2025-06-18
412665.0,4568585.0,2025-06-18
412675.0,4568585.0,2025-06-18
412685.0,4568585.0,2025-06-18
412695.0,4568585.0,2025-06-18
412705.0,4568585.0,2025-06-18
412715.0,4568585.0,2025-06-18
412725.0,4568585.0,2025-06-18
412735.0,4568585.0,2025-06-18
412745.0,4568585.0,2025-06-18
412755.0,4568585.0,2025-06-18
412765.0,4568585.0,2025-06-18
412775.0,4568585.0,2025-06-18
412785.0,4568585.0,2025-06-18
412795.0,4568585.0,2025-06-18
412805.0,4568585.0,2025-06-18
412815.0,4568585.0,2025-06-18
412825.0,4568585.0,2025-06-18
412835.0,4568585.0,2025-06-18
412845.0,4568585.0,2025-06-18
412855.0,4568585.0,2025-06-18
412865.0,4568585.0,2025-06-18
412875.0,4568585.0,2025-06-18
412885.0,4568585.0,2025-06-18
412895.0,4568585.0,2025-06-18
412905.0,4568585.0,2025-06-18
412915.0,4568585.0,2025-06-18
412925.0,4568585.0,2025-06-18
412935.0,4568585.0,2025-06-18
412945.0,4568585.0,2025-06-18
412955.0,4568585.0,2025-06-18
412965.0,4568585.0,2025-06-18
412975.0,4568585.0,2025-06-18
412985.0,4568585.0,2025-06-18
412995.0,4568585.0,2025-06-18
413005.0,4568585.0,2025-06-18
413015.0,4568585.0,2025-06-18
413025.0,4568585.0,2025-06-18
413035.0,4568585.0,2025-06-18
413045.0,4568585.0,2025-06-18
413055.0,4568585.0,2025-06-18
413065.0,4568585.0,2025-06-18
413075.0,4568585.0,2025-06-18
413085.0,4568585.0,2025-06-18
413095.0,4568585.0,2025-06-18
413105.0,4568585.0,2025-06-18
413115.0,4568585.0,2025-06-18
413125.0,4568585.0,2025-06-18
413135.0,4568585.0,2025-06-18
413145.0,4568585.0,2025-06-18
413155.0,4568585.0,2025-06-18
413165.0,4568585.0,2025-06-18
413175.0,4568585.0,2025-06-18
413185.0,4568585.0,2025-06-18
413195.0,4568585.0,2025-06-18
413205.0,4568585.0,2025-06-18
413215.0,4568585.0,2025-06-18
413225.0,4568585.0,2025-06-18
413235.0,4568585.0,2025-06-18
413245.0,4568585.0,2025-06-18
413255.0,4568585.0,2025-06-18
413265.0,4568585.0,2025-06-18
413275.0,4568585.0,2025-06-18
413285.0,4568585.0,2025-06-18
413305.0,4568585.0,2025-06-18
413315.0,4568585.0,2025-06-18
413325.0,4568585.0,2025-06-18
413335.0,4568585.0,2025-06-18
413345.0,4568585.0,2025-06-18
413355.0,4568585.0,2025-06-18
413365.0,4568585.0,2025-06-18
413375.0,4568585.0,2025-06-18
413385.0,4568585.0,2025-06-18
413395.0,4568585.0,2025-06-18
413405.0,4568585.0,2025-06-18
413415.0,4568585.0,2025-06-18
413425.0,4568585.0,2025-06-18
413435.0,4568585.0,2025-06-18
413445.0,4568585.0,2025-06-18
413455.0,4568585.0,2025-06-18
413465.0,4568585.0,2025-06-18
413475.0,4568585.0,2025-06-18
413485.0,4568585.0,2025-06-18
413495.0,4568585.0,2025-06-18
413505.0,4568585.0,2025-06-18
413515.0,4568585.0,2025-06-18
413525.0,4568585.0,2025-06-18
413535.0,4568585.0,2025-06-18
413545.0,4568585.0,2025-06-18
413555.0,4568585.0,2025-06-18
413565.0,4568585.0,2025-06-18
413575.0,4568585.0,2025-06-18
413585.0,4568585.0,2025-06-18
413595.0,4568585.0,2025-06-18
413605.0,4568585.0,2025-06-18
413615.0,4568585.0,2025-06-18
413625.0,4568585.0,2025-06-18
413635.0,4568585.0,2025-06-18
413645.0,4568585.0,2025-06-18
413655.0,4568585.0,2025-06-18
413665.0,4568585.0,2025-06-18
413675.0,4568585.0,2025-06-18
413685.0,4568585.0,2025-06-18
413695.0,4568585.0,2025-06-18
413705.0,4568585.0,2025-06-18
413715.0,4568585.0,2025-06-18
413725.0,4568585.0,2025-06-18
413735.0,4568585.0,2025-06-18
413745.0,4568585.0,2025-06-18
413755.0,4568585.0,2025-06-18
413765.0,4568585.0,2025-06-18
413775.0,4568585.0,2025-06-18
413785.0,4568585.0,2025-06-18
413795.0,4568585.0,2025-06-18
413805.0,4568585.0,2025-06-18
413815.0,4568585.0,2025-06-18
413825.0,4568585.0,2025-06-18
413835.0,4568585.0,2025-06-18
413845.0,4568585.0,2025-06-18
413855.0,4568585.0,2025-06-18
413865.0,4568585.0,2025-06-18
413875.0,4568585.0,2025-06-18
413885.0,4568585.0,2025-06-18
413895.0,4568585.0,2025-06-18
413905.0,4568585.0,2025-06-18
413915.0,4568585.0,2025-06-18
413925.0,4568585.0,2025-06-18
413935.0,4568585.0,2025-06-18
413945.0,4568585.0,2025-06-18
413955.0,4568585.0,2025-06-18
413965.0,4568585.0,2025-06-18
413975.0,4568585.0,2025-06-18
413985.0,4568585.0,2025-06-18
413995.0,4568585.0,2025-06-18
414005.0,4568585.0,2025-06-18
414015.0,4568585.0,2025-06-18
414025.0,4568585.0,2025-06-18
414035.0,4568585.0,2025-06-18
414045.0,4568585.0,2025-06-18
414055.0,4568585.0,2025-06-18
414065.0,4568585.0,2025-06-18
414075.0,4568585.0,2025-06-18
414085.0,4568585.0,2025-06-18
414095.0,4568585.0,2025-06-18
414105.0,4568585.0,2025-06-18
414115.0,4568585.0,2025-06-18
414125.0,4568585.0,2025-06-18
414135.0,4568585.0,2025-06-18
414145.0,4568585.0,2025-06-18
414155.0,4568585.0,2025-06-18
414165.0,4568585.0,2025-06-18
414175.0,4568585.0,2025-06-18
414185.0,4568585.0,2025-06-18
414195.0,4568585.0,2025-06-18
414205.0,4568585.0,2025-06-18
414215.0,4568585.0,2025-06-18
414225.0,4568585.0,2025-06-18
414235.0,4568585.0,2025-06-18
414245.0,4568585.0,2025-06-18
414255.0,4568585.0,2025-06-18
414265.0,4568585.0,2025-06-18
414275.0,4568585.0,2025-06-18
414285.0,4568585.0,2025-06-18
414295.0,4568585.0,2025-06-18
414305.0,4568585.0,2025-06-18
414315.0,4568585.0,2025-06-18
414325.0,4568585.0,2025-06-18
414335.0,4568585.0,2025-06-18
414345.0,4568585.0,2025-06-18
414355.0,4568585.0,2025-06-18
414365.0,4568585.0,2025-06-18
414375.0,4568585.0,2025-06-18
414385.0,4568585.0,2025-06-18
414395.0,4568585.0,2025-06-18
414405.0,4568585.0,2025-06-18
414415.0,4568585.0,2025-06-18
414425.0,4568585.0,2025-06-18
414435.0,4568585.0,2025-06-18
414445.0,4568585.0,2025-06-18
414455.0,4568585.0,2025-06-18
414465.0,4568585.0,2025-06-18
414475.0,4568585.0,2025-06-18
414485.0,4568585.0,2025-06-18
414495.0,4568585.0,2025-06-18
414505.0,4568585.0,2025-06-18
414515.0,4568585.0,2025-06-18
414525.0,4568585.0,2025-06-18
414535.0,4568585.0,2025-06-18
414545.0,4568585.0,2025-06-18
414555.0,4568585.0,2025-06-18
414565.0,4568585.0,2025-06-18
414575.0,4568585.0,2025-06-18
414585.0,4568585.0,2025-06-18
414595.0,4568585.0,2025-06-18
414605.0,4568585.0,2025-06-18
414615.0,4568585.0,2025-06-18
414625.0,4568585.0,2025-06-18
414635.0,4568585.0,2025-06-18
414645.0,4568585.0,2025-06-18
414655.0,4568585.0,2025-06-18
414665.0,4568585.0,2025-06-18
414675.0,4568585.0,2025-06-18
414685.0,4568585.0,2025-06-18
414695.0,4568585.0,2025-06-18
414705.0,4568585.0,2025-06-18
414715.0,4568585.0,2025-06-18
414725.0,4568585.0,2025-06-18
414735.0,4568585.0,2025-06-18
414745.0,4568585.0,2025-06-18
414755.0,4568585.0,2025-06-18
414765.0,4568585.0,2025-06-18
414775.0,4568585.0,2025-06-18
414785.0,4568585.0,2025-06-18
414795.0,4568585.0,2025-06-18
414805.0,4568585.0,2025-06-18
414815.0,4568585.0,2025-06-18
414825.0,4568585.0,2025-06-18
414835.0,4568585.0,2025-06-18
414845.0,4568585.0,2025-06-18
414855.0,4568585.0,2025-06-18
414865.0,4568585.0,2025-06-18
414875.0,4568585.0,2025-06-18
414885.0,4568585.0,2025-06-18
414895.0,4568585.0,2025-06-18
414905.0,4568585.0,2025-06-18
414915.0,4568585.0,2025-06-18
414925.0,4568585.0,2025-06-18
414935.0,4568585.0,2025-06-18
414945.0,4568585.0,2025-06-18
414955.0,4568585.0,2025-06-18
414965.0,4568585.0,2025-06-18
414975.0,4568585.0,2025-06-18
414985.0,4568585.0,2025-06-18
414995.0,4568585.0,2025-06-18
415005.0,4568585.0,2025-06-18
415015.0,4568585.0,2025-06-18
415025.0,4568585.0,2025-06-18
415035.0,4568585.0,2025-06-18
415045.0,4568585.0,2025-06-18
415055.0,4568585.0,2025-06-18
415065.0,4568585.0,2025-06-18
415075.0,4568585.0,2025-06-18
415085.0,4568585.0,2025-06-18
415095.0,4568585.0,2025-06-18
415105.0,4568585.0,2025-06-18
415115.0,4568585.0,2025-06-18
415125.0,4568585.0,2025-06-18
415135.0,4568585.0,2025-06-18
415145.0,4568585.0,2025-06-18
415155.0,4568585.0,2025-06-18
415165.0,4568585.0,2025-06-18
415175.0,4568585.0,2025-06-18
415185.0,4568585.0,2025-06-18
415195.0,4568585.0,2025-06-18
415205.0,4568585.0,2025-06-18
415215.0,4568585.0,2025-06-18
415225.0,4568585.0,2025-06-18
415235.0,4568585.0,2025-06-18
415245.0,4568585.0,2025-06-18
415255.0,4568585.0,2025-06-18
415265.0,4568585.0,2025-06-18
415275.0,4568585.0,2025-06-18
415285.0,4568585.0,2025-06-18
415295.0,4568585.0,2025-06-18
415305.0,4568585.0,2025-06-18
415315.0,4568585.0,2025-06-18
415325.0,4568585.0,2025-06-18
415335.0,4568585.0,2025-06-18
415345.0,4568585.0,2025-06-18
415355.0,4568585.0,2025-06-18
415365.0,4568585.0,2025-06-18
415375.0,4568585.0,2025-06-18
415385.0,4568585.0,2025-06-18
415395.0,4568585.0,2025-06-18
415405.0,4568585.0,2025-06-18
415415.0,4568585.0,2025-06-18
415425.0,4568585.0,2025-06-18
415435.0,4568585.0,2025-06-18
415445.0,4568585.0,2025-06-18
415455.0,4568585.0,2025-06-18
415465.0,4568585.0,2025-06-18
415475.0,4568585.0,2025-06-18
415485.0,4568585.0,2025-06-18
415495.0,4568585.0,2025-06-18
415505.0,4568585.0,2025-06-18
415515.0,4568585.0,2025-06-18
415525.0,4568585.0,2025-06-18
415535.0,4568585.0,2025-06-18
415545.0,4568585.0,2025-06-18
415555.0,4568585.0,2025-06-18
415565.0,4568585.0,2025-06-18
415575.0,4568585.0,2025-06-18
415585.0,4568585.0,2025-06-18
415595.0,4568585.0,2025-06-18
415605.0,4568585.0,2025-06-18
415615.0,4568585.0,2025-06-18
415625.0,4568585.0,2025-06-18
415635.0,4568585.0,2025-06-18
415645.0,4568585.0,2025-06-18
415655.0,4568585.0,2025-06-18
415665.0,4568585.0,2025-06-18
415675.0,4568585.0,2025-06-18
415685.0,4568585.0,2025-06-18
415695.0,4568585.0,2025-06-18
415705.0,4568585.0,2025-06-18
415715.0,4568585.0,2025-06-18
415725.0,4568585.0,2025-06-18
415735.0,4568585.0,2025-06-18
415745.0,4568585.0,2025-06-18
415755.0,4568585.0,2025-06-18
415765.0,4568585.0,2025-06-18
415775.0,4568585.0,2025-06-18
415785.0,4568585.0,2025-06-18
415795.0,4568585.0,2025-06-18
415805.0,4568585.0,2025-06-18
415815.0,4568585.0,2025-06-18
415825.0,4568585.0,2025-06-18
415835.0,4568585.0,2025-06-18
415845.0,4568585.0,2025-06-18
415855.0,4568585.0,2025-06-18
415865.0,4568585.0,2025-06-18
415875.0,4568585.0,2025-06-18
415885.0,4568585.0,2025-06-18
415895.0,4568585.0,2025-06-18
415905.0,4568585.0,2025-06-18
415915.0,4568585.0,2025-06-18
415925.0,4568585.0,2025-06-18
415935.0,4568585.0,2025-06-18
415945.0,4568585.0,2025-06-18
415955.0,4568585.0,2025-06-18
415965.0,4568585.0,2025-06-18
415975.0,4568585.0,2025-06-18
415985.0,4568585.0,2025-06-18
415995.0,4568585.0,2025-06-18
416005.0,4568585.0,2025-06-18
416015.0,4568585.0,2025-06-18
416025.0,4568585.0,2025-06-18
416035.0,4568585.0,2025-06-18
416045.0,4568585.0,2025-06-18
416055.0,4568585.0,2025-06-18
416065.0,4568585.0,2025-06-18
416075.0,4568585.0,2025-06-18
416085.0,4568585.0,2025-06-18
416095.0,4568585.0,2025-06-18
416105.0,4568585.0,2025-06-18
416115.0,4568585.0,2025-06-18
416125.0,4568585.0,2025-06-18
416135.0,4568585.0,2025-06-18
416145.0,4568585.0,2025-06-18
416155.0,4568585.0,2025-06-18
416165.0,4568585.0,2025-06-18
416175.0,4568585.0,2025-06-18
416185.0,4568585.0,2025-06-18
416195.0,4568585.0,2025-06-18
416205.0,4568585.0,2025-06-18
416215.0,4568585.0,2025-06-18
416225.0,4568585.0,2025-06-18
416235.0,4568585.0,2025-06-18
416245.0,4568585.0,2025-06-18
416255.0,4568585.0,2025-06-18
416265.0,4568585.0,2025-06-18
416275.0,4568585.0,2025-06-18
416285.0,4568585.0,2025-06-18
416295.0,4568585.0,2025-06-18
416305.0,4568585.0,2025-06-18
416315.0,4568585.0,2025-06-18
416325.0,4568585.0,2025-06-18
416335.0,4568585.0,2025-06-18
416345.0,4568585.0,2025-06-18
416355.0,4568585.0,2025-06-18
416365.0,4568585.0,2025-06-18
416375.0,4568585.0,2025-06-18
416385.0,4568585.0,2025-06-18
416395.0,4568585.0,2025-06-18
416405.0,4568585.0,2025-06-18
416415.0,4568585.0,2025-06-18
416425.0,4568585.0,2025-06-18
416435.0,4568585.0,2025-06-18
416445.0,4568585.0,2025-06-18
416455.0,4568585.0,2025-06-18
411745.0,4568575.0,2025-06-18
411755.0,4568575.0,2025-06-18
411765.0,4568575.0,2025-06-18
411775.0,4568575.0,2025-06-18
411785.0,4568575.0,2025-06-18
411795.0,4568575.0,2025-06-18
411805.0,4568575.0,2025-06-18
411815.0,4568575.0,2025-06-18
411825.0,4568575.0,2025-06-18
411835.0,4568575.0,2025-06-18
411845.0,4568575.0,2025-06-18
411855.0,4568575.0,2025-06-18
411865.0,4568575.0,2025-06-18
411875.0,4568575.0,2025-06-18
411885.0,4568575.0,2025-06-18
411895.0,4568575.0,2025-06-18
411905.0,4568575.0,2025-06-18
411915.0,4568575.0,2025-06-18
411925.0,4568575.0,2025-06-18
411935.0,4568575.0,2025-06-18
411945.0,4568575.0,2025-06-18
411955.0,4568575.0,2025-06-18
411965.0,4568575.0,2025-06-18
411975.0,4568575.0,2025-06-18
411985.0,4568575.0,2025-06-18
411995.0,4568575.0,2025-06-18
412005.0,4568575.0,2025-06-18
412015.0,4568575.0,2025-06-18
412025.0,4568575.0,2025-06-18
412035.0,4568575.0,2025-06-18
412045.0,4568575.0,2025-06-18
412055.0,4568575.0,2025-06-18
412065.0,4568575.0,2025-06-18
412075.0,4568575.0,2025-06-18
412085.0,4568575.0,2025-06-18
412095.0,4568575.0,2025-06-18
412105.0,4568575.0,2025-06-18
412115.0,4568575.0,2025-06-18
412125.0,4568575.0,2025-06-18
412135.0,4568575.0,2025-06-18
412145.0,4568575.0,2025-06-18
412155.0,4568575.0,2025-06-18
412165.0,4568575.0,2025-06-18
412175.0,4568575.0,2025-06-18
412185.0,4568575.0,2025-06-18
412195.0,4568575.0,2025-06-18
412205.0,4568575.0,2025-06-18
412215.0,4568575.0,2025-06-18
412225.0,4568575.0,2025-06-18
412235.0,4568575.0,2025-06-18
412245.0,4568575.0,2025-06-18
412255.0,4568575.0,2025-06-18
412265.0,4568575.0,2025-06-18
412275.0,4568575.0,2025-06-18
412285.0,4568575.0,2025-06-18
412295.0,4568575.0,2025-06-18
412305.0,4568575.0,2025-06-18
412315.0,4568575.0,2025-06-18
412325.0,4568575.0,2025-06-18
412335.0,4568575.0,2025-06-18
412345.0,4568575.0,2025-06-18
412355.0,4568575.0,2025-06-18
412365.0,4568575.0,2025-06-18
412375.0,4568575.0,2025-06-18
412385.0,4568575.0,2025-06-18
412395.0,4568575.0,2025-06-18
412405.0,4568575.0,2025-06-18
412415.0,4568575.0,2025-06-18
412425.0,4568575.0,2025-06-18
412435.0,4568575.0,2025-06-18
412445.0,4568575.0,2025-06-18
412455.0,4568575.0,2025-06-18
412465.0,4568575.0,2025-06-18
412475.0,4568575.0,2025-06-18
412485.0,4568575.0,2025-06-18
412495.0,4568575.0,2025-06-18
412505.0,4568575.0,2025-06-18
412515.0,4568575.0,2025-06-18
412525.0,4568575.0,2025-06-18
412535.0,4568575.0,2025-06-18
412545.0,4568575.0,2025-06-18
412555.0,4568575.0,2025-06-18
412565.0,4568575.0,2025-06-18
412575.0,4568575.0,2025-06-18
412585.0,4568575.0,2025-06-18
412595.0,4568575.0,2025-06-18
412605.0,4568575.0,2025-06-18
412615.0,4568575.0,2025-06-18
412625.0,4568575.0,2025-06-18
412635.0,4568575.0,2025-06-18
412645.0,4568575.0,2025-06-18
412655.0,4568575.0,2025-06-18
412665.0,4568575.0,2025-06-18
412675.0,4568575.0,2025-06-18
412685.0,4568575.0,2025-06-18
412695.0,4568575.0,2025-06-18
412705.0,4568575.0,2025-06-18
412715.0,4568575.0,2025-06-18
412725.0,4568575.0,2025-06-18
412735.0,4568575.0,2025-06-18
412745.0,4568575.0,2025-06-18
412755.0,4568575.0,2025-06-18
412765.0,4568575.0,2025-06-18
412775.0,4568575.0,2025-06-18
412785.0,4568575.0,2025-06-18
412795.0,4568575.0,2025-06-18
412805.0,4568575.0,2025-06-18
412815.0,4568575.0,2025-06-18
412825.0,4568575.0,2025-06-18
412835.0,4568575.0,2025-06-18
412845.0,4568575.0,2025-06-18
412855.0,4568575.0,2025-06-18
412865.0,4568575.0,2025-06-18
412875.0,4568575.0,2025-06-18
412885.0,4568575.0,2025-06-18
412895.0,4568575.0,2025-06-18
412905.0,4568575.0,2025-06-18
412915.0,4568575.0,2025-06-18
412925.0,4568575.0,2025-06-18
412935.0,4568575.0,2025-06-18
412945.0,4568575.0,2025-06-18
412955.0,4568575.0,2025-06-18
412965.0,4568575.0,2025-06-18
412975.0,4568575.0,2025-06-18
412985.0,4568575.0,2025-06-18
412995.0,4568575.0,2025-06-18
413005.0,4568575.0,2025-06-18
413015.0,4568575.0,2025-06-18
413025.0,4568575.0,2025-06-18
413035.0,4568575.0,2025-06-18
413045.0,4568575.0,2025-06-18
413055.0,4568575.0,2025-06-18
413065.0,4568575.0,2025-06-18
413075.0,4568575.0,2025-06-18
413085.0,4568575.0,2025-06-18
413095.0,4568575.0,2025-06-18
413105.0,4568575.0,2025-06-18
413115.0,4568575.0,2025-06-18
413125.0,4568575.0,2025-06-18
413135.0,4568575.0,2025-06-18
413145.0,4568575.0,2025-06-18
413155.0,4568575.0,2025-06-18
413165.0,4568575.0,2025-06-18
413175.0,4568575.0,2025-06-18
413185.0,4568575.0,2025-06-18
413195.0,4568575.0,2025-06-18
413205.0,4568575.0,2025-06-18
413215.0,4568575.0,2025-06-18
413225.0,4568575.0,2025-06-18
413235.0,4568575.0,2025-06-18
413245.0,4568575.0,2025-06-18
413255.0,4568575.0,2025-06-18
413265.0,4568575.0,2025-06-18
413275.0,4568575.0,2025-06-18
413285.0,4568575.0,2025-06-18
413295.0,4568575.0,2025-06-18
413305.0,4568575.0,2025-06-18
413315.0,4568575.0,2025-06-18
413325.0,4568575.0,2025-06-18
413335.0,4568575.0,2025-06-18
413345.0,4568575.0,2025-06-18
413355.0,4568575.0,2025-06-18
413365.0,4568575.0,2025-06-18
413375.0,4568575.0,2025-06-18
413385.0,4568575.0,2025-06-18
413395.0,4568575.0,2025-06-18
413405.0,4568575.0,2025-06-18
413415.0,4568575.0,2025-06-18
413425.0,4568575.0,2025-06-18
413435.0,4568575.0,2025-06-18
413445.0,4568575.0,2025-06-18
413455.0,4568575.0,2025-06-18
413465.0,4568575.0,2025-06-18
413475.0,4568575.0,2025-06-18
413485.0,4568575.0,2025-06-18
413495.0,4568575.0,2025-06-18
413505.0,4568575.0,2025-06-18
413515.0,4568575.0,2025-06-18
413525.0,4568575.0,2025-06-18
413535.0,4568575.0,2025-06-18
413545.0,4568575.0,2025-06-18
413555.0,4568575.0,2025-06-18
413565.0,4568575.0,2025-06-18
413575.0,4568575.0,2025-06-18
413585.0,4568575.0,2025-06-18
413595.0,4568575.0,2025-06-18
413605.0,4568575.0,2025-06-18
413615.0,4568575.0,2025-06-18
413625.0,4568575.0,2025-06-18
413635.0,4568575.0,2025-06-18
413645.0,4568575.0,2025-06-18
413655.0,4568575.0,2025-06-18
413665.0,4568575.0,2025-06-18
413675.0,4568575.0,2025-06-18
413685.0,4568575.0,2025-06-18
413695.0,4568575.0,2025-06-18
413705.0,4568575.0,2025-06-18
413715.0,4568575.0,2025-06-18
413725.0,4568575.0,2025-06-18
413735.0,4568575.0,2025-06-18
413745.0,4568575.0,2025-06-18
413755.0,4568575.0,2025-06-18
413765.0,4568575.0,2025-06-18
413775.0,4568575.0,2025-06-18
413785.0,4568575.0,2025-06-18
413795.0,4568575.0,2025-06-18
413805.0,4568575.0,2025-06-18
413815.0,4568575.0,2025-06-18
413825.0,4568575.0,2025-06-18
413835.0,4568575.0,2025-06-18
413845.0,4568575.0,2025-06-18
413855.0,4568575.0,2025-06-18
413865.0,4568575.0,2025-06-18
413875.0,4568575.0,2025-06-18
413885.0,4568575.0,2025-06-18
413895.0,4568575.0,2025-06-18
413905.0,4568575.0,2025-06-18
413915.0,4568575.0,2025-06-18
413925.0,4568575.0,2025-06-18
413935.0,4568575.0,2025-06-18
413945.0,4568575.0,2025-06-18
413955.0,4568575.0,2025-06-18
413965.0,4568575.0,2025-06-18
413975.0,4568575.0,2025-06-18
413985.0,4568575.0,2025-06-18
413995.0,4568575.0,2025-06-18
414005.0,4568575.0,2025-06-18
414015.0,4568575.0,2025-06-18
414025.0,4568575.0,2025-06-18
414035.0,4568575.0,2025-06-18
414045.0,4568575.0,2025-06-18
414055.0,4568575.0,2025-06-18
414065.0,4568575.0,2025-06-18
414075.0,4568575.0,2025-06-18
414085.0,4568575.0,2025-06-18
414095.0,4568575.0,2025-06-18
414105.0,4568575.0,2025-06-18
414115.0,4568575.0,2025-06-18
414125.0,4568575.0,2025-06-18
414135.0,4568575.0,2025-06-18
414145.0,4568575.0,2025-06-18
414155.0,4568575.0,2025-06-18
414165.0,4568575.0,2025-06-18
414175.0,4568575.0,2025-06-18
414185.0,4568575.0,2025-06-18
414195.0,4568575.0,2025-06-18
414205.0,4568575.0,2025-06-18
414215.0,4568575.0,2025-06-18
414225.0,4568575.0,2025-06-18
414235.0,4568575.0,2025-06-18
414245.0,4568575.0,2025-06-18
414255.0,4568575.0,2025-06-18
414265.0,4568575.0,2025-06-18
414275.0,4568575.0,2025-06-18
414285.0,4568575.0,2025-06-18
414295.0,4568575.0,2025-06-18
414305.0,4568575.0,2025-06-18
414315.0,4568575.0,2025-06-18
414325.0,4568575.0,2025-06-18
414335.0,4568575.0,2025-06-18
414345.0,4568575.0,2025-06-18
414355.0,4568575.0,2025-06-18
414365.0,4568575.0,2025-06-18
414375.0,4568575.0,2025-06-18
414385.0,4568575.0,2025-06-18
414395.0,4568575.0,2025-06-18
414405.0,4568575.0,2025-06-18
414415.0,4568575.0,2025-06-18
414425.0,4568575.0,2025-06-18
414435.0,4568575.0,2025-06-18
414445.0,4568575.0,2025-06-18
414455.0,4568575.0,2025-06-18
414465.0,4568575.0,2025-06-18
414475.0,4568575.0,2025-06-18
414485.0,4568575.0,2025-06-18
414495.0,4568575.0,2025-06-18
414505.0,4568575.0,2025-06-18
414515.0,4568575.0,2025-06-18
414525.0,4568575.0,2025-06-18
414535.0,4568575.0,2025-06-18
414545.0,4568575.0,2025-06-18
414555.0,4568575.0,2025-06-18
414565.0,4568575.0,2025-06-18
414575.0,4568575.0,2025-06-18
414585.0,4568575.0,2025-06-18
414595.0,4568575.0,2025-06-18
414605.0,4568575.0,2025-06-18
414615.0,4568575.0,2025-06-18
414625.0,4568575.0,2025-06-18
414635.0,4568575.0,2025-06-18
414645.0,4568575.0,2025-06-18
414655.0,4568575.0,2025-06-18
414665.0,4568575.0,2025-06-18
414675.0,4568575.0,2025-06-18
414685.0,4568575.0,2025-06-18
414695.0,4568575.0,2025-06-18
414705.0,4568575.0,2025-06-18
414715.0,4568575.0,2025-06-18
414725.0,4568575.0,2025-06-18
414735.0,4568575.0,2025-06-18
414745.0,4568575.0,2025-06-18
414755.0,4568575.0,2025-06-18
414765.0,4568575.0,2025-06-18
414775.0,4568575.0,2025-06-18
414785.0,4568575.0,2025-06-18
414795.0,4568575.0,2025-06-18
414805.0,4568575.0,2025-06-18
414815.0,4568575.0,2025-06-18
414825.0,4568575.0,2025-06-18
414835.0,4568575.0,2025-06-18
414845.0,4568575.0,2025-06-18
414855.0,4568575.0,2025-06-18
414865.0,4568575.0,2025-06-18
414875.0,4568575.0,2025-06-18
414885.0,4568575.0,2025-06-18
414895.0,4568575.0,2025-06-18
414905.0,4568575.0,2025-06-18
414915.0,4568575.0,2025-06-18
414925.0,4568575.0,2025-06-18
414935.0,4568575.0,2025-06-18
414945.0,4568575.0,2025-06-18
414955.0,4568575.0,2025-06-18
414965.0,4568575.0,2025-06-18
414975.0,4568575.0,2025-06-18
414985.0,4568575.0,2025-06-18
414995.0,4568575.0,2025-06-18
415005.0,4568575.0,2025-06-18
415015.0,4568575.0,2025-06-18
415025.0,4568575.0,2025-06-18
415035.0,4568575.0,2025-06-18
415045.0,4568575.0,2025-06-18
415055.0,4568575.0,2025-06-18
415065.0,4568575.0,2025-06-18
415075.0,4568575.0,2025-06-18
415085.0,4568575.0,2025-06-18
415095.0,4568575.0,2025-06-18
415105.0,4568575.0,2025-06-18
415115.0,4568575.0,2025-06-18
415125.0,4568575.0,2025-06-18
415135.0,4568575.0,2025-06-18
415145.0,4568575.0,2025-06-18
415155.0,4568575.0,2025-06-18
415165.0,4568575.0,2025-06-18
415175.0,4568575.0,2025-06-18
415185.0,4568575.0,2025-06-18
415195.0,4568575.0,2025-06-18
415205.0,4568575.0,2025-06-18
415215.0,4568575.0,2025-06-18
415225.0,4568575.0,2025-06-18
415235.0,4568575.0,2025-06-18
415245.0,4568575.0,2025-06-18
415255.0,4568575.0,2025-06-18
415265.0,4568575.0,2025-06-18
415275.0,4568575.0,2025-06-18
415285.0,4568575.0,2025-06-18
415295.0,4568575.0,2025-06-18
415305.0,4568575.0,2025-06-18
415315.0,4568575.0,2025-06-18
415325.0,4568575.0,2025-06-18
415335.0,4568575.0,2025-06-18
415345.0,4568575.0,2025-06-18
415355.0,4568575.0,2025-06-18
415365.0,4568575.0,2025-06-18
415375.0,4568575.0,2025-06-18
415385.0,4568575.0,2025-06-18
415395.0,4568575.0,2025-06-18
415405.0,4568575.0,2025-06-18
415415.0,4568575.0,2025-06-18
415425.0,4568575.0,2025-06-18
415435.0,4568575.0,2025-06-18
415445.0,4568575.0,2025-06-18
415455.0,4568575.0,2025-06-18
415465.0,4568575.0,2025-06-18
415475.0,4568575.0,2025-06-18
415485.0,4568575.0,2025-06-18
415495.0,4568575.0,2025-06-18
415505.0,4568575.0,2025-06-18
415515.0,4568575.0,2025-06-18
415525.0,4568575.0,2025-06-18
415535.0,4568575.0,2025-06-18
415545.0,4568575.0,2025-06-18
415555.0,4568575.0,2025-06-18
415565.0,4568575.0,2025-06-18
415575.0,4568575.0,2025-06-18
415585.0,4568575.0,2025-06-18
415595.0,4568575.0,2025-06-18
415605.0,4568575.0,2025-06-18
415615.0,4568575.0,2025-06-18
415625.0,4568575.0,2025-06-18
415635.0,4568575.0,2025-06-18
415645.0,4568575.0,2025-06-18
415655.0,4568575.0,2025-06-18
415665.0,4568575.0,2025-06-18
415675.0,4568575.0,2025-06-18
415685.0,4568575.0,2025-06-18
415695.0,4568575.0,2025-06-18
415705.0,4568575.0,2025-06-18
415715.0,4568575.0,2025-06-18
415725.0,4568575.0,2025-06-18
415735.0,4568575.0,2025-06-18
415745.0,4568575.0,2025-06-18
415755.0,4568575.0,2025-06-18
415765.0,4568575.0,2025-06-18
415775.0,4568575.0,2025-06-18
415785.0,4568575.0,2025-06-18
415795.0,4568575.0,2025-06-18
415805.0,4568575.0,2025-06-18
415815.0,4568575.0,2025-06-18
415825.0,4568575.0,2025-06-18
415835.0,4568575.0,2025-06-18
415845.0,4568575.0,2025-06-18
415855.0,4568575.0,2025-06-18
415865.0,4568575.0,2025-06-18
415875.0,4568575.0,2025-06-18
415885.0,4568575.0,2025-06-18
415895.0,4568575.0,2025-06-18
415905.0,4568575.0,2025-06-18
415915.0,4568575.0,2025-06-18
415925.0,4568575.0,2025-06-18
415935.0,4568575.0,2025-06-18
415945.0,4568575.0,2025-06-18
415955.0,4568575.0,2025-06-18
415965.0,4568575.0,2025-06-18
415975.0,4568575.0,2025-06-18
415985.0,4568575.0,2025-06-18
415995.0,4568575.0,2025-06-18
416005.0,4568575.0,2025-06-18
416015.0,4568575.0,2025-06-18
416025.0,4568575.0,2025-06-18
416035.0,4568575.0,2025-06-18
416045.0,4568575.0,2025-06-18
416055.0,4568575.0,2025-06-18
416065.0,4568575.0,2025-06-18
416075.0,4568575.0,2025-06-18
416085.0,4568575.0,2025-06-18
416095.0,4568575.0,2025-06-18
416105.0,4568575.0,2025-06-18
416115.0,4568575.0,2025-06-18
416125.0,4568575.0,2025-06-18
416135.0,4568575.0,2025-06-18
416145.0,4568575.0,2025-06-18
416155.0,4568575.0,2025-06-18
416165.0,4568575.0,2025-06-18
416175.0,4568575.0,2025-06-18
416185.0,4568575.0,2025-06-18
416195.0,4568575.0,2025-06-18
416205.0,4568575.0,2025-06-18
416215.0,4568575.0,2025-06-18
416225.0,4568575.0,2025-06-18
416235.0,4568575.0,2025-06-18
416245.0,4568575.0,2025-06-18
416255.0,4568575.0,2025-06-18
416265.0,4568575.0,2025-06-18
416275.0,4568575.0,2025-06-18
416285.0,4568575.0,2025-06-18
416295.0,4568575.0,2025-06-18
416305.0,4568575.0,2025-06-18
416315.0,4568575.0,2025-06-18
416325.0,4568575.0,2025-06-18
416335.0,4568575.0,2025-06-18
416345.0,4568575.0,2025-06-18
416355.0,4568575.0,2025-06-18
416365.0,4568575.0,2025-06-18
416375.0,4568575.0,2025-06-18
416385.0,4568575.0,2025-06-18
416395.0,4568575.0,2025-06-18
416405.0,4568575.0,2025-06-18
416415.0,4568575.0,2025-06-18
416425.0,4568575.0,2025-06-18
416435.0,4568575.0,2025-06-18
416445.0,4568575.0,2025-06-18
416455.0,4568575.0,2025-06-18
411745.0,4568565.0,2025-06-18
411755.0,4568565.0,2025-06-18
411765.0,4568565.0,2025-06-18
411775.0,4568565.0,2025-06-18
411785.0,4568565.0,2025-06-18
411795.0,4568565.0,2025-06-18
411805.0,4568565.0,2025-06-18
411815.0,4568565.0,2025-06-18
411825.0,4568565.0,2025-06-18
411835.0,4568565.0,2025-06-18
411845.0,4568565.0,2025-06-18
411855.0,4568565.0,2025-06-18
411865.0,4568565.0,2025-06-18
411875.0,4568565.0,2025-06-18
411885.0,4568565.0,2025-06-18
411895.0,4568565.0,2025-06-18
411905.0,4568565.0,2025-06-18
411915.0,4568565.0,2025-06-18
411925.0,4568565.0,2025-06-18
411935.0,4568565.0,2025-06-18
411945.0,4568565.0,2025-06-18
411955.0,4568565.0,2025-06-18
411965.0,4568565.0,2025-06-18
411975.0,4568565.0,2025-06-18
411985.0,4568565.0,2025-06-18
411995.0,4568565.0,2025-06-18
412005.0,4568565.0,2025-06-18
412015.0,4568565.0,2025-06-18
412025.0,4568565.0,2025-06-18
412035.0,4568565.0,2025-06-18
412045.0,4568565.0,2025-06-18
412055.0,4568565.0,2025-06-18
412065.0,4568565.0,2025-06-18
412075.0,4568565.0,2025-06-18
412085.0,4568565.0,2025-06-18
412095.0,4568565.0,2025-06-18
412105.0,4568565.0,2025-06-18
412115.0,4568565.0,2025-06-18
412125.0,4568565.0,2025-06-18
412135.0,4568565.0,2025-06-18
412145.0,4568565.0,2025-06-18
412155.0,4568565.0,2025-06-18
412165.0,4568565.0,2025-06-18
412175.0,4568565.0,2025-06-18
412185.0,4568565.0,2025-06-18
412195.0,4568565.0,2025-06-18
412205.0,4568565.0,2025-06-18
412215.0,4568565.0,2025-06-18
412225.0,4568565.0,2025-06-18
412235.0,4568565.0,2025-06-18
412245.0,4568565.0,2025-06-18
412255.0,4568565.0,2025-06-18
412265.0,4568565.0,2025-06-18
412275.0,4568565.0,2025-06-18
412285.0,4568565.0,2025-06-18
412295.0,4568565.0,2025-06-18
412305.0,4568565.0,2025-06-18
412315.0,4568565.0,2025-06-18
412325.0,4568565.0,2025-06-18
412335.0,4568565.0,2025-06-18
412345.0,4568565.0,2025-06-18
412355.0,4568565.0,2025-06-18
412365.0,4568565.0,2025-06-18
412375.0,4568565.0,2025-06-18
412385.0,4568565.0,2025-06-18
412395.0,4568565.0,2025-06-18
412405.0,4568565.0,2025-06-18
412415.0,4568565.0,2025-06-18
412425.0,4568565.0,2025-06-18
412435.0,4568565.0,2025-06-18
412445.0,4568565.0,2025-06-18
412455.0,4568565.0,2025-06-18
412465.0,4568565.0,2025-06-18
412475.0,4568565.0,2025-06-18
412485.0,4568565.0,2025-06-18
412495.0,4568565.0,2025-06-18
412505.0,4568565.0,2025-06-18
412515.0,4568565.0,2025-06-18
412525.0,4568565.0,2025-06-18
412535.0,4568565.0,2025-06-18
412545.0,4568565.0,2025-06-18
412555.0,4568565.0,2025-06-18
412565.0,4568565.0,2025-06-18
412575.0,4568565.0,2025-06-18
412585.0,4568565.0,2025-06-18
412595.0,4568565.0,2025-06-18
412605.0,4568565.0,2025-06-18
412615.0,4568565.0,2025-06-18
412625.0,4568565.0,2025-06-18
412635.0,4568565.0,2025-06-18
412645.0,4568565.0,2025-06-18
412655.0,4568565.0,2025-06-18
412665.0,4568565.0,2025-06-18
412675.0,4568565.0,2025-06-18
412685.0,4568565.0,2025-06-18
412695.0,4568565.0,2025-06-18
412705.0,4568565.0,2025-06-18
412715.0,4568565.0,2025-06-18
412725.0,4568565.0,2025-06-18
412735.0,4568565.0,2025-06-18
412745.0,4568565.0,2025-06-18
412755.0,4568565.0,2025-06-18
412765.0,4568565.0,2025-06-18
412775.0,4568565.0,2025-06-18
412785.0,4568565.0,2025-06-18
412795.0,4568565.0,2025-06-18
412805.0,4568565.0,2025-06-18
412815.0,4568565.0,2025-06-18
412825.0,4568565.0,2025-06-18
412835.0,4568565.0,2025-06-18
412845.0,4568565.0,2025-06-18
412855.0,4568565.0,2025-06-18
412865.0,4568565.0,2025-06-18
412875.0,4568565.0,2025-06-18
412885.0,4568565.0,2025-06-18
412895.0,4568565.0,2025-06-18
412905.0,4568565.0,2025-06-18
412915.0,4568565.0,2025-06-18
412925.0,4568565.0,2025-06-18
412935.0,4568565.0,2025-06-18
412945.0,4568565.0,2025-06-18
412955.0,4568565.0,2025-06-18
412965.0,4568565.0,2025-06-18
412975.0,4568565.0,2025-06-18
412985.0,4568565.0,2025-06-18
412995.0,4568565.0,2025-06-18
413005.0,4568565.0,2025-06-18
413015.0,4568565.0,2025-06-18
413025.0,4568565.0,2025-06-18
413035.0,4568565.0,2025-06-18
413045.0,4568565.0,2025-06-18
413055.0,4568565.0,2025-06-18
413065.0,4568565.0,2025-06-18
413075.0,4568565.0,2025-06-18
413085.0,4568565.0,2025-06-18
413095.0,4568565.0,2025-06-18
413105.0,4568565.0,2025-06-18
413115.0,4568565.0,2025-06-18
413125.0,4568565.0,2025-06-18
413135.0,4568565.0,2025-06-18
413145.0,4568565.0,2025-06-18
413155.0,4568565.0,2025-06-18
413165.0,4568565.0,2025-06-18
413175.0,4568565.0,2025-06-18
413185.0,4568565.0,2025-06-18
413195.0,4568565.0,2025-06-18
413205.0,4568565.0,2025-06-18
413215.0,4568565.0,2025-06-18
413225.0,4568565.0,2025-06-18
413235.0,4568565.0,2025-06-18
413245.0,4568565.0,2025-06-18
413255.0,4568565.0,2025-06-18
413265.0,4568565.0,2025-06-18
413275.0,4568565.0,2025-06-18
413285.0,4568565.0,2025-06-18
413295.0,4568565.0,2025-06-18
413305.0,4568565.0,2025-06-18
413315.0,4568565.0,2025-06-18
413325.0,4568565.0,2025-06-18
413335.0,4568565.0,2025-06-18
413345.0,4568565.0,2025-06-18
413355.0,4568565.0,2025-06-18
413365.0,4568565.0,2025-06-18
413375.0,4568565.0,2025-06-18
413385.0,4568565.0,2025-06-18
413395.0,4568565.0,2025-06-18
413405.0,4568565.0,2025-06-18
413415.0,4568565.0,2025-06-18
413425.0,4568565.0,2025-06-18
413435.0,4568565.0,2025-06-18
413445.0,4568565.0,2025-06-18
413455.0,4568565.0,2025-06-18
413465.0,4568565.0,2025-06-18
413475.0,4568565.0,2025-06-18
413485.0,4568565.0,2025-06-18
413495.0,4568565.0,2025-06-18
413505.0,4568565.0,2025-06-18
413515.0,4568565.0,2025-06-18
413525.0,4568565.0,2025-06-18
413535.0,4568565.0,2025-06-18
413545.0,4568565.0,2025-06-18
413555.0,4568565.0,2025-06-18
413565.0,4568565.0,2025-06-18
413575.0,4568565.0,2025-06-18
413585.0,4568565.0,2025-06-18
413595.0,4568565.0,2025-06-18
413605.0,4568565.0,2025-06-18
413615.0,4568565.0,2025-06-18
413625.0,4568565.0,2025-06-18
413635.0,4568565.0,2025-06-18
413645.0,4568565.0,2025-06-18
413655.0,4568565.0,2025-06-18
413665.0,4568565.0,2025-06-18
413675.0,4568565.0,2025-06-18
413685.0,4568565.0,2025-06-18
413695.0,4568565.0,2025-06-18
413705.0,4568565.0,2025-06-18
413715.0,4568565.0,2025-06-18
413725.0,4568565.0,2025-06-18
413735.0,4568565.0,2025-06-18
413745.0,4568565.0,2025-06-18
413755.0,4568565.0,2025-06-18
413765.0,4568565.0,2025-06-18
413775.0,4568565.0,2025-06-18
413785.0,4568565.0,2025-06-18
413795.0,4568565.0,2025-06-18
413805.0,4568565.0,2025-06-18
413815.0,4568565.0,2025-06-18
413825.0,4568565.0,2025-06-18
413835.0,4568565.0,2025-06-18
413845.0,4568565.0,2025-06-18
413855.0,4568565.0,2025-06-18
413865.0,4568565.0,2025-06-18
413875.0,4568565.0,2025-06-18
413885.0,4568565.0,2025-06-18
413895.0,4568565.0,2025-06-18
413905.0,4568565.0,2025-06-18
413915.0,4568565.0,2025-06-18
413925.0,4568565.0,2025-06-18
413935.0,4568565.0,2025-06-18
413945.0,4568565.0,2025-06-18
413955.0,4568565.0,2025-06-18
413965.0,4568565.0,2025-06-18
413975.0,4568565.0,2025-06-18
413985.0,4568565.0,2025-06-18
413995.0,4568565.0,2025-06-18
414005.0,4568565.0,2025-06-18
414015.0,4568565.0,2025-06-18
414025.0,4568565.0,2025-06-18
414035.0,4568565.0,2025-06-18
414045.0,4568565.0,2025-06-18
414055.0,4568565.0,2025-06-18
414065.0,4568565.0,2025-06-18
414075.0,4568565.0,2025-06-18
414085.0,4568565.0,2025-06-18
414095.0,4568565.0,2025-06-18
414105.0,4568565.0,2025-06-18
414115.0,4568565.0,2025-06-18
414125.0,4568565.0,2025-06-18
414135.0,4568565.0,2025-06-18
414145.0,4568565.0,2025-06-18
414155.0,4568565.0,2025-06-18
414165.0,4568565.0,2025-06-18
414175.0,4568565.0,2025-06-18
414185.0,4568565.0,2025-06-18
414195.0,4568565.0,2025-06-18
414205.0,4568565.0,2025-06-18
414215.0,4568565.0,2025-06-18
414225.0,4568565.0,2025-06-18
414235.0,4568565.0,2025-06-18
414245.0,4568565.0,2025-06-18
414255.0,4568565.0,2025-06-18
414265.0,4568565.0,2025-06-18
414275.0,4568565.0,2025-06-18
414285.0,4568565.0,2025-06-18
414295.0,4568565.0,2025-06-18
414305.0,4568565.0,2025-06-18
414315.0,4568565.0,2025-06-18
414325.0,4568565.0,2025-06-18
414335.0,4568565.0,2025-06-18
414345.0,4568565.0,2025-06-18
414355.0,4568565.0,2025-06-18
414365.0,4568565.0,2025-06-18
414375.0,4568565.0,2025-06-18
414385.0,4568565.0,2025-06-18
414395.0,4568565.0,2025-06-18
414405.0,4568565.0,2025-06-18
414415.0,4568565.0,2025-06-18
414425.0,4568565.0,2025-06-18
414435.0,4568565.0,2025-06-18
414445.0,4568565.0,2025-06-18
414455.0,4568565.0,2025-06-18
414465.0,4568565.0,2025-06-18
414475.0,4568565.0,2025-06-18
414485.0,4568565.0,2025-06-18
414495.0,4568565.0,2025-06-18
414505.0,4568565.0,2025-06-18
414515.0,4568565.0,2025-06-18
414525.0,4568565.0,2025-06-18
414535.0,4568565.0,2025-06-18
414545.0,4568565.0,2025-06-18
414555.0,4568565.0,2025-06-18
414565.0,4568565.0,2025-06-18
414575.0,4568565.0,2025-06-18
414585.0,4568565.0,2025-06-18
414595.0,4568565.0,2025-06-18
414605.0,4568565.0,2025-06-18
414615.0,4568565.0,2025-06-18
414625.0,4568565.0,2025-06-18
414635.0,4568565.0,2025-06-18
414645.0,4568565.0,2025-06-18
414655.0,4568565.0,2025-06-18
414665.0,4568565.0,2025-06-18
414675.0,4568565.0,2025-06-18
414685.0,4568565.0,2025-06-18
414695.0,4568565.0,2025-06-18
414705.0,4568565.0,2025-06-18
414715.0,4568565.0,2025-06-18
414725.0,4568565.0,2025-06-18
414735.0,4568565.0,2025-06-18
414745.0,4568565.0,2025-06-18
414755.0,4568565.0,2025-06-18
414765.0,4568565.0,2025-06-18
414775.0,4568565.0,2025-06-18
414785.0,4568565.0,2025-06-18
414795.0,4568565.0,2025-06-18
414805.0,4568565.0,2025-06-18
414815.0,4568565.0,2025-06-18
414825.0,4568565.0,2025-06-18
414835.0,4568565.0,2025-06-18
414845.0,4568565.0,2025-06-18
414855.0,4568565.0,2025-06-18
414865.0,4568565.0,2025-06-18
414875.0,4568565.0,2025-06-18
414885.0,4568565.0,2025-06-18
414895.0,4568565.0,2025-06-18
414905.0,4568565.0,2025-06-18
414915.0,4568565.0,2025-06-18
414925.0,4568565.0,2025-06-18
414935.0,4568565.0,2025-06-18
414945.0,4568565.0,2025-06-18
414955.0,4568565.0,2025-06-18
414965.0,4568565.0,2025-06-18
414975.0,4568565.0,2025-06-18
414985.0,4568565.0,2025-06-18
414995.0,4568565.0,2025-06-18
415005.0,4568565.0,2025-06-18
415015.0,4568565.0,2025-06-18
415025.0,4568565.0,2025-06-18
415035.0,4568565.0,2025-06-18
415045.0,4568565.0,2025-06-18
415055.0,4568565.0,2025-06-18
415065.0,4568565.0,2025-06-18
415075.0,4568565.0,2025-06-18
415085.0,4568565.0,2025-06-18
415095.0,4568565.0,2025-06-18
415105.0,4568565.0,2025-06-18
415115.0,4568565.0,2025-06-18
415125.0,4568565.0,2025-06-18
415135.0,4568565.0,2025-06-18
415145.0,4568565.0,2025-06-18
415155.0,4568565.0,2025-06-18
415165.0,4568565.0,2025-06-18
415175.0,4568565.0,2025-06-18
415185.0,4568565.0,2025-06-18
415195.0,4568565.0,2025-06-18
415205.0,4568565.0,2025-06-18
415215.0,4568565.0,2025-06-18
415225.0,4568565.0,2025-06-18
415235.0,4568565.0,2025-06-18
415245.0,4568565.0,2025-06-18
415255.0,4568565.0,2025-06-18
415265.0,4568565.0,2025-06-18
415275.0,4568565.0,2025-06-18
415285.0,4568565.0,2025-06-18
415295.0,4568565.0,2025-06-18
415305.0,4568565.0,2025-06-18
415315.0,4568565.0,2025-06-18
415325.0,4568565.0,2025-06-18
415335.0,4568565.0,2025-06-18
415345.0,4568565.0,2025-06-18
415355.0,4568565.0,2025-06-18
415365.0,4568565.0,2025-06-18
415375.0,4568565.0,2025-06-18
415385.0,4568565.0,2025-06-18
415395.0,4568565.0,2025-06-18
415405.0,4568565.0,2025-06-18
415415.0,4568565.0,2025-06-18
415425.0,4568565.0,2025-06-18
415435.0,4568565.0,2025-06-18
415445.0,4568565.0,2025-06-18
415455.0,4568565.0,2025-06-18
415465.0,4568565.0,2025-06-18
415475.0,4568565.0,2025-06-18
415485.0,4568565.0,2025-06-18
415495.0,4568565.0,2025-06-18
415505.0,4568565.0,2025-06-18
415515.0,4568565.0,2025-06-18
415525.0,4568565.0,2025-06-18
415535.0,4568565.0,2025-06-18
415545.0,4568565.0,2025-06-18
415555.0,4568565.0,2025-06-18
415565.0,4568565.0,2025-06-18
415575.0,4568565.0,2025-06-18
415585.0,4568565.0,2025-06-18
415595.0,4568565.0,2025-06-18
415605.0,4568565.0,2025-06-18
415615.0,4568565.0,2025-06-18
415625.0,4568565.0,2025-06-18
415635.0,4568565.0,2025-06-18
415645.0,4568565.0,2025-06-18
415655.0,4568565.0,2025-06-18
415665.0,4568565.0,2025-06-18
415675.0,4568565.0,2025-06-18
415685.0,4568565.0,2025-06-18
415695.0,4568565.0,2025-06-18
415705.0,4568565.0,2025-06-18
415715.0,4568565.0,2025-06-18
415725.0,4568565.0,2025-06-18
415735.0,4568565.0,2025-06-18
415745.0,4568565.0,2025-06-18
415755.0,4568565.0,2025-06-18
415765.0,4568565.0,2025-06-18
415775.0,4568565.0,2025-06-18
415785.0,4568565.0,2025-06-18
415795.0,4568565.0,2025-06-18
415805.0,4568565.0,2025-06-18
415815.0,4568565.0,2025-06-18
415825.0,4568565.0,2025-06-18
415835.0,4568565.0,2025-06-18
415845.0,4568565.0,2025-06-18
415855.0,4568565.0,2025-06-18
415865.0,4568565.0,2025-06-18
415875.0,4568565.0,2025-06-18
415885.0,4568565.0,2025-06-18
415895.0,4568565.0,2025-06-18
415905.0,4568565.0,2025-06-18
415915.0,4568565.0,2025-06-18
415925.0,4568565.0,2025-06-18
415935.0,4568565.0,2025-06-18
415945.0,4568565.0,2025-06-18
415955.0,4568565.0,2025-06-18
415965.0,4568565.0,2025-06-18
415975.0,4568565.0,2025-06-18
415985.0,4568565.0,2025-06-18
415995.0,4568565.0,2025-06-18
416005.0,4568565.0,2025-06-18
416015.0,4568565.0,2025-06-18
416025.0,4568565.0,2025-06-18
416035.0,4568565.0,2025-06-18
416045.0,4568565.0,2025-06-18
416055.0,4568565.0,2025-06-18
416065.0,4568565.0,2025-06-18
416075.0,4568565.0,2025-06-18
416085.0,4568565.0,2025-06-18
416095.0,4568565.0,2025-06-18
416105.0,4568565.0,2025-06-18
416115.0,4568565.0,2025-06-18
416125.0,4568565.0,2025-06-18
416135.0,4568565.0,2025-06-18
416145.0,4568565.0,2025-06-18
416155.0,4568565.0,2025-06-18
416165.0,4568565.0,2025-06-18
416175.0,4568565.0,2025-06-18
416185.0,4568565.0,2025-06-18
416195.0,4568565.0,2025-06-18
416205.0,4568565.0,2025-06-18
416215.0,4568565.0,2025-06-18
416225.0,4568565.0,2025-06-18
416235.0,4568565.0,2025-06-18
416245.0,4568565.0,2025-06-18
416255.0,4568565.0,2025-06-18
416265.0,4568565.0,2025-06-18
416275.0,4568565.0,2025-06-18
416285.0,4568565.0,2025-06-18
416295.0,4568565.0,2025-06-18
416305.0,4568565.0,2025-06-18
416315.0,4568565.0,2025-06-18
416325.0,4568565.0,2025-06-18
416335.0,4568565.0,2025-06-18
416345.0,4568565.0,2025-06-18
416355.0,4568565.0,2025-06-18
416365.0,4568565.0,2025-06-18
416375.0,4568565.0,2025-06-18
416385.0,4568565.0,2025-06-18
416395.0,4568565.0,2025-06-18
416405.0,4568565.0,2025-06-18
416415.0,4568565.0,2025-06-18
416425.0,4568565.0,2025-06-18
416435.0,4568565.0,2025-06-18
416445.0,4568565.0,2025-06-18
416455.0,4568565.0,2025-06-18
411745.0,4568555.0,2025-06-18
411755.0,4568555.0,2025-06-18
411765.0,4568555.0,2025-06-18
411775.0,4568555.0,2025-06-18
411785.0,4568555.0,2025-06-18
411795.0,4568555.0,2025-06-18
411805.0,4568555.0,2025-06-18
411815.0,4568555.0,2025-06-18
411825.0,4568555.0,2025-06-18
411835.0,4568555.0,2025-06-18
411845.0,4568555.0,2025-06-18
411855.0,4568555.0,2025-06-18
411865.0,4568555.0,2025-06-18
411875.0,4568555.0,2025-06-18
411885.0,4568555.0,2025-06-18
411895.0,4568555.0,2025-06-18
411905.0,4568555.0,2025-06-18
411915.0,4568555.0,2025-06-18
411925.0,4568555.0,2025-06-18
411935.0,4568555.0,2025-06-18
411945.0,4568555.0,2025-06-18
411955.0,4568555.0,2025-06-18
411965.0,4568555.0,2025-06-18
411975.0,4568555.0,2025-06-18
411985.0,4568555.0,2025-06-18
411995.0,4568555.0,2025-06-18
412005.0,4568555.0,2025-06-18
412015.0,4568555.0,2025-06-18
412025.0,4568555.0,2025-06-18
412035.0,4568555.0,2025-06-18
412045.0,4568555.0,2025-06-18
412055.0,4568555.0,2025-06-18
412065.0,4568555.0,2025-06-18
412075.0,4568555.0,2025-06-18
412085.0,4568555.0,2025-06-18
412095.0,4568555.0,2025-06-18
412105.0,4568555.0,2025-06-18
412115.0,4568555.0,2025-06-18
412125.0,4568555.0,2025-06-18
412135.0,4568555.0,2025-06-18
412145.0,4568555.0,2025-06-18
412155.0,4568555.0,2025-06-18
412165.0,4568555.0,2025-06-18
412175.0,4568555.0,2025-06-18
412185.0,4568555.0,2025-06-18
412195.0,4568555.0,2025-06-18
412205.0,4568555.0,2025-06-18
412215.0,4568555.0,2025-06-18
412225.0,4568555.0,2025-06-18
412235.0,4568555.0,2025-06-18
412245.0,4568555.0,2025-06-18
412255.0,4568555.0,2025-06-18
412265.0,4568555.0,2025-06-18
412275.0,4568555.0,2025-06-18
412285.0,4568555.0,2025-06-18
412295.0,4568555.0,2025-06-18
412305.0,4568555.0,2025-06-18
412315.0,4568555.0,2025-06-18
412325.0,4568555.0,2025-06-18
412335.0,4568555.0,2025-06-18
412345.0,4568555.0,2025-06-18
412355.0,4568555.0,2025-06-18
412365.0,4568555.0,2025-06-18
412375.0,4568555.0,2025-06-18
412385.0,4568555.0,2025-06-18
412395.0,4568555.0,2025-06-18
412405.0,4568555.0,2025-06-18
412415.0,4568555.0,2025-06-18
412425.0,4568555.0,2025-06-18
412435.0,4568555.0,2025-06-18
412445.0,4568555.0,2025-06-18
412455.0,4568555.0,2025-06-18
412465.0,4568555.0,2025-06-18
412475.0,4568555.0,2025-06-18
412485.0,4568555.0,2025-06-18
412495.0,4568555.0,2025-06-18
412505.0,4568555.0,2025-06-18
412515.0,4568555.0,2025-06-18
412525.0,4568555.0,2025-06-18
412535.0,4568555.0,2025-06-18
412545.0,4568555.0,2025-06-18
412555.0,4568555.0,2025-06-18
412565.0,4568555.0,2025-06-18
412575.0,4568555.0,2025-06-18
412585.0,4568555.0,2025-06-18
412595.0,4568555.0,2025-06-18
412605.0,4568555.0,2025-06-18
412615.0,4568555.0,2025-06-18
412625.0,4568555.0,2025-06-18
412635.0,4568555.0,2025-06-18
412645.0,4568555.0,2025-06-18
412655.0,4568555.0,2025-06-18
412665.0,4568555.0,2025-06-18
412675.0,4568555.0,2025-06-18
412685.0,4568555.0,2025-06-18
412695.0,4568555.0,2025-06-18
412705.0,4568555.0,2025-06-18
412715.0,4568555.0,2025-06-18
412725.0,4568555.0,2025-06-18
412735.0,4568555.0,2025-06-18
412745.0,4568555.0,2025-06-18
412755.0,4568555.0,2025-06-18
412765.0,4568555.0,2025-06-18
412775.0,4568555.0,2025-06-18
412785.0,4568555.0,2025-06-18
412795.0,4568555.0,2025-06-18
412805.0,4568555.0,2025-06-18
412815.0,4568555.0,2025-06-18
412825.0,4568555.0,2025-06-18
412835.0,4568555.0,2025-06-18
412845.0,4568555.0,2025-06-18
412855.0,4568555.0,2025-06-18
412865.0,4568555.0,2025-06-18
412875.0,4568555.0,2025-06-18
412885.0,4568555.0,2025-06-18
412895.0,4568555.0,2025-06-18
412905.0,4568555.0,2025-06-18
412915.0,4568555.0,2025-06-18
412925.0,4568555.0,2025-06-18
412935.0,4568555.0,2025-06-18
412945.0,4568555.0,2025-06-18
412955.0,4568555.0,2025-06-18
412965.0,4568555.0,2025-06-18
412975.0,4568555.0,2025-06-18
412985.0,4568555.0,2025-06-18
412995.0,4568555.0,2025-06-18
413005.0,4568555.0,2025-06-18
413015.0,4568555.0,2025-06-18
413025.0,4568555.0,2025-06-18
413035.0,4568555.0,2025-06-18
413045.0,4568555.0,2025-06-18
413055.0,4568555.0,2025-06-18
413065.0,4568555.0,2025-06-18
413075.0,4568555.0,2025-06-18
413085.0,4568555.0,2025-06-18
413095.0,4568555.0,2025-06-18
413105.0,4568555.0,2025-06-18
413115.0,4568555.0,2025-06-18
413125.0,4568555.0,2025-06-18
413135.0,4568555.0,2025-06-18
413145.0,4568555.0,2025-06-18
413155.0,4568555.0,2025-06-18
413165.0,4568555.0,2025-06-18
413175.0,4568555.0,2025-06-18
413185.0,4568555.0,2025-06-18
413195.0,4568555.0,2025-06-18
413205.0,4568555.0,2025-06-18
413215.0,4568555.0,2025-06-18
413225.0,4568555.0,2025-06-18
413235.0,4568555.0,2025-06-18
413245.0,4568555.0,2025-06-18
413255.0,4568555.0,2025-06-18
413265.0,4568555.0,2025-06-18
413275.0,4568555.0,2025-06-18
413285.0,4568555.0,2025-06-18
413295.0,4568555.0,2025-06-18
413305.0,4568555.0,2025-06-18
413315.0,4568555.0,2025-06-18
413325.0,4568555.0,2025-06-18
413335.0,4568555.0,2025-06-18
413345.0,4568555.0,2025-06-18
413355.0,4568555.0,2025-06-18
413365.0,4568555.0,2025-06-18
413375.0,4568555.0,2025-06-18
413385.0,4568555.0,2025-06-18
413395.0,4568555.0,2025-06-18
413405.0,4568555.0,2025-06-18
413415.0,4568555.0,2025-06-18
413425.0,4568555.0,2025-06-18
413435.0,4568555.0,2025-06-18
413445.0,4568555.0,2025-06-18
413455.0,4568555.0,2025-06-18
413465.0,4568555.0,2025-06-18
413475.0,4568555.0,2025-06-18
413485.0,4568555.0,2025-06-18
413495.0,4568555.0,2025-06-18
413505.0,4568555.0,2025-06-18
413515.0,4568555.0,2025-06-18
413525.0,4568555.0,2025-06-18
413535.0,4568555.0,2025-06-18
413545.0,4568555.0,2025-06-18
413555.0,4568555.0,2025-06-18
413565.0,4568555.0,2025-06-18
413575.0,4568555.0,2025-06-18
413585.0,4568555.0,2025-06-18
413595.0,4568555.0,2025-06-18
413605.0,4568555.0,2025-06-18
413615.0,4568555.0,2025-06-18
413625.0,4568555.0,2025-06-18
413635.0,4568555.0,2025-06-18
413645.0,4568555.0,2025-06-18
413655.0,4568555.0,2025-06-18
413665.0,4568555.0,2025-06-18
413675.0,4568555.0,2025-06-18
413685.0,4568555.0,2025-06-18
413695.0,4568555.0,2025-06-18
413705.0,4568555.0,2025-06-18
413715.0,4568555.0,2025-06-18
413725.0,4568555.0,2025-06-18
413735.0,4568555.0,2025-06-18
413745.0,4568555.0,2025-06-18
413755.0,4568555.0,2025-06-18
413765.0,4568555.0,2025-06-18
413775.0,4568555.0,2025-06-18
413785.0,4568555.0,2025-06-18
413795.0,4568555.0,2025-06-18
413805.0,4568555.0,2025-06-18
413815.0,4568555.0,2025-06-18
413825.0,4568555.0,2025-06-18
413835.0,4568555.0,2025-06-18
413845.0,4568555.0,2025-06-18
413855.0,4568555.0,2025-06-18
413865.0,4568555.0,2025-06-18
413875.0,4568555.0,2025-06-18
413885.0,4568555.0,2025-06-18
413895.0,4568555.0,2025-06-18
413905.0,4568555.0,2025-06-18
413915.0,4568555.0,2025-06-18
413925.0,4568555.0,2025-06-18
413935.0,4568555.0,2025-06-18
413945.0,4568555.0,2025-06-18
413955.0,4568555.0,2025-06-18
413965.0,4568555.0,2025-06-18
413975.0,4568555.0,2025-06-18
413985.0,4568555.0,2025-06-18
413995.0,4568555.0,2025-06-18
414005.0,4568555.0,2025-06-18
414015.0,4568555.0,2025-06-18
414025.0,4568555.0,2025-06-18
414035.0,4568555.0,2025-06-18
414045.0,4568555.0,2025-06-18
414055.0,4568555.0,2025-06-18
414065.0,4568555.0,2025-06-18
414075.0,4568555.0,2025-06-18
414085.0,4568555.0,2025-06-18
414095.0,4568555.0,2025-06-18
414105.0,4568555.0,2025-06-18
414115.0,4568555.0,2025-06-18
414125.0,4568555.0,2025-06-18
414135.0,4568555.0,2025-06-18
414145.0,4568555.0,2025-06-18
414155.0,4568555.0,2025-06-18
414165.0,4568555.0,2025-06-18
414175.0,4568555.0,2025-06-18
414185.0,4568555.0,2025-06-18
414195.0,4568555.0,2025-06-18
414205.0,4568555.0,2025-06-18
414215.0,4568555.0,2025-06-18
414225.0,4568555.0,2025-06-18
414235.0,4568555.0,2025-06-18
414245.0,4568555.0,2025-06-18
414255.0,4568555.0,2025-06-18
414265.0,4568555.0,2025-06-18
414275.0,4568555.0,2025-06-18
414285.0,4568555.0,2025-06-18
414295.0,4568555.0,2025-06-18
414305.0,4568555.0,2025-06-18
414315.0,4568555.0,2025-06-18
414325.0,4568555.0,2025-06-18
414335.0,4568555.0,2025-06-18
414345.0,4568555.0,2025-06-18
414355.0,4568555.0,2025-06-18
414365.0,4568555.0,2025-06-18
414375.0,4568555.0,2025-06-18
414385.0,4568555.0,2025-06-18
414395.0,4568555.0,2025-06-18
414405.0,4568555.0,2025-06-18
414415.0,4568555.0,2025-06-18
414425.0,4568555.0,2025-06-18
414435.0,4568555.0,2025-06-18
414445.0,4568555.0,2025-06-18
414455.0,4568555.0,2025-06-18
414465.0,4568555.0,2025-06-18
414475.0,4568555.0,2025-06-18
414485.0,4568555.0,2025-06-18
414495.0,4568555.0,2025-06-18
414505.0,4568555.0,2025-06-18
414515.0,4568555.0,2025-06-18
414525.0,4568555.0,2025-06-18
414535.0,4568555.0,2025-06-18
414545.0,4568555.0,2025-06-18
414555.0,4568555.0,2025-06-18
414565.0,4568555.0,2025-06-18
414575.0,4568555.0,2025-06-18
414585.0,4568555.0,2025-06-18
414595.0,4568555.0,2025-06-18
414605.0,4568555.0,2025-06-18
414615.0,4568555.0,2025-06-18
414625.0,4568555.0,2025-06-18
414635.0,4568555.0,2025-06-18
414645.0,4568555.0,2025-06-18
414655.0,4568555.0,2025-06-18
414665.0,4568555.0,2025-06-18
414675.0,4568555.0,2025-06-18
414685.0,4568555.0,2025-06-18
414695.0,4568555.0,2025-06-18
414705.0,4568555.0,2025-06-18
414715.0,4568555.0,2025-06-18
414725.0,4568555.0,2025-06-18
414735.0,4568555.0,2025-06-18
414745.0,4568555.0,2025-06-18
414755.0,4568555.0,2025-06-18
414765.0,4568555.0,2025-06-18
414775.0,4568555.0,2025-06-18
414785.0,4568555.0,2025-06-18
414795.0,4568555.0,2025-06-18
414805.0,4568555.0,2025-06-18
414815.0,4568555.0,2025-06-18
414825.0,4568555.0,2025-06-18
414835.0,4568555.0,2025-06-18
414845.0,4568555.0,2025-06-18
414855.0,4568555.0,2025-06-18
414865.0,4568555.0,2025-06-18
414875.0,4568555.0,2025-06-18
414885.0,4568555.0,2025-06-18
414895.0,4568555.0,2025-06-18
414905.0,4568555.0,2025-06-18
414915.0,4568555.0,2025-06-18
414925.0,4568555.0,2025-06-18
414935.0,4568555.0,2025-06-18
414945.0,4568555.0,2025-06-18
414955.0,4568555.0,2025-06-18
414965.0,4568555.0,2025-06-18
414975.0,4568555.0,2025-06-18
414985.0,4568555.0,2025-06-18
414995.0,4568555.0,2025-06-18
415005.0,4568555.0,2025-06-18
415015.0,4568555.0,2025-06-18
415025.0,4568555.0,2025-06-18
415035.0,4568555.0,2025-06-18
415045.0,4568555.0,2025-06-18
415055.0,4568555.0,2025-06-18
415065.0,4568555.0,2025-06-18
415075.0,4568555.0,2025-06-18
415085.0,4568555.0,2025-06-18
415095.0,4568555.0,2025-06-18
415105.0,4568555.0,2025-06-18
415115.0,4568555.0,2025-06-18
415125.0,4568555.0,2025-06-18
415135.0,4568555.0,2025-06-18
415145.0,4568555.0,2025-06-18
415155.0,4568555.0,2025-06-18
415165.0,4568555.0,2025-06-18
415175.0,4568555.0,2025-06-18
415185.0,4568555.0,2025-06-18
415195.0,4568555.0,2025-06-18
415205.0,4568555.0,2025-06-18
415215.0,4568555.0,2025-06-18
415225.0,4568555.0,2025-06-18
415235.0,4568555.0,2025-06-18
415245.0,4568555.0,2025-06-18
415255.0,4568555.0,2025-06-18
415265.0,4568555.0,2025-06-18
415275.0,4568555.0,2025-06-18
415285.0,4568555.0,2025-06-18
415295.0,4568555.0,2025-06-18
415305.0,4568555.0,2025-06-18
415315.0,4568555.0,2025-06-18
415325.0,4568555.0,2025-06-18
415335.0,4568555.0,2025-06-18
415345.0,4568555.0,2025-06-18
415355.0,4568555.0,2025-06-18
415365.0,4568555.0,2025-06-18
415375.0,4568555.0,2025-06-18
415385.0,4568555.0,2025-06-18
415395.0,4568555.0,2025-06-18
415405.0,4568555.0,2025-06-18
415415.0,4568555.0,2025-06-18
415425.0,4568555.0,2025-06-18
415435.0,4568555.0,2025-06-18
415445.0,4568555.0,2025-06-18
415455.0,4568555.0,2025-06-18
415465.0,4568555.0,2025-06-18
415475.0,4568555.0,2025-06-18
415485.0,4568555.0,2025-06-18
415495.0,4568555.0,2025-06-18
415505.0,4568555.0,2025-06-18
415515.0,4568555.0,2025-06-18
415525.0,4568555.0,2025-06-18
415535.0,4568555.0,2025-06-18
415545.0,4568555.0,2025-06-18
415555.0,4568555.0,2025-06-18
415565.0,4568555.0,2025-06-18
415575.0,4568555.0,2025-06-18
415585.0,4568555.0,2025-06-18
415595.0,4568555.0,2025-06-18
415605.0,4568555.0,2025-06-18
415615.0,4568555.0,2025-06-18
415625.0,4568555.0,2025-06-18
415635.0,4568555.0,2025-06-18
415645.0,4568555.0,2025-06-18
415655.0,4568555.0,2025-06-18
415665.0,4568555.0,2025-06-18
415675.0,4568555.0,2025-06-18
415685.0,4568555.0,2025-06-18
415695.0,4568555.0,2025-06-18
415705.0,4568555.0,2025-06-18
415715.0,4568555.0,2025-06-18
415725.0,4568555.0,2025-06-18
415735.0,4568555.0,2025-06-18
415745.0,4568555.0,2025-06-18
415755.0,4568555.0,2025-06-18
415765.0,4568555.0,2025-06-18
415775.0,4568555.0,2025-06-18
415785.0,4568555.0,2025-06-18
415795.0,4568555.0,2025-06-18
415805.0,4568555.0,2025-06-18
415815.0,4568555.0,2025-06-18
415825.0,4568555.0,2025-06-18
415835.0,4568555.0,2025-06-18
415845.0,4568555.0,2025-06-18
415855.0,4568555.0,2025-06-18
415865.0,4568555.0,2025-06-18
415875.0,4568555.0,2025-06-18
415885.0,4568555.0,2025-06-18
415895.0,4568555.0,2025-06-18
415905.0,4568555.0,2025-06-18
415915.0,4568555.0,2025-06-18
415925.0,4568555.0,2025-06-18
415935.0,4568555.0,2025-06-18
415945.0,4568555.0,2025-06-18
415955.0,4568555.0,2025-06-18
415965.0,4568555.0,2025-06-18
415975.0,4568555.0,2025-06-18
415985.0,4568555.0,2025-06-18
415995.0,4568555.0,2025-06-18
416005.0,4568555.0,2025-06-18
416015.0,4568555.0,2025-06-18
416025.0,4568555.0,2025-06-18
416035.0,4568555.0,2025-06-18
416045.0,4568555.0,2025-06-18
416055.0,4568555.0,2025-06-18
416065.0,4568555.0,2025-06-18
416075.0,4568555.0,2025-06-18
416085.0,4568555.0,2025-06-18
416095.0,4568555.0,2025-06-18
416105.0,4568555.0,2025-06-18
416115.0,4568555.0,2025-06-18
416125.0,4568555.0,2025-06-18
416135.0,4568555.0,2025-06-18
416145.0,4568555.0,2025-06-18
416155.0,4568555.0,2025-06-18
416165.0,4568555.0,2025-06-18
416175.0,4568555.0,2025-06-18
416185.0,4568555.0,2025-06-18
416195.0,4568555.0,2025-06-18
416205.0,4568555.0,2025-06-18
416215.0,4568555.0,2025-06-18
416225.0,4568555.0,2025-06-18
416235.0,4568555.0,2025-06-18
416245.0,4568555.0,2025-06-18
416255.0,4568555.0,2025-06-18
416265.0,4568555.0,2025-06-18
416275.0,4568555.0,2025-06-18
416285.0,4568555.0,2025-06-18
416295.0,4568555.0,2025-06-18
416305.0,4568555.0,2025-06-18
416315.0,4568555.0,2025-06-18
416325.0,4568555.0,2025-06-18
416335.0,4568555.0,2025-06-18
416345.0,4568555.0,2025-06-18
416355.0,4568555.0,2025-06-18
416365.0,4568555.0,2025-06-18
416375.0,4568555.0,2025-06-18
416385.0,4568555.0,2025-06-18
416395.0,4568555.0,2025-06-18
416405.0,4568555.0,2025-06-18
416415.0,4568555.0,2025-06-18
416425.0,4568555.0,2025-06-18
416435.0,4568555.0,2025-06-18
416445.0,4568555.0,2025-06-18
416455.0,4568555.0,2025-06-18
411745.0,4568545.0,2025-06-18
411755.0,4568545.0,2025-06-18
411765.0,4568545.0,2025-06-18
411775.0,4568545.0,2025-06-18
411785.0,4568545.0,2025-06-18
411795.0,4568545.0,2025-06-18
411805.0,4568545.0,2025-06-18
411815.0,4568545.0,2025-06-18
411825.0,4568545.0,2025-06-18
411835.0,4568545.0,2025-06-18
411845.0,4568545.0,2025-06-18
411855.0,4568545.0,2025-06-18
411865.0,4568545.0,2025-06-18
411875.0,4568545.0,2025-06-18
411885.0,4568545.0,2025-06-18
411895.0,4568545.0,2025-06-18
411905.0,4568545.0,2025-06-18
411915.0,4568545.0,2025-06-18
411925.0,4568545.0,2025-06-18
411935.0,4568545.0,2025-06-18
411945.0,4568545.0,2025-06-18
411955.0,4568545.0,2025-06-18
411965.0,4568545.0,2025-06-18
411975.0,4568545.0,2025-06-18
411985.0,4568545.0,2025-06-18
411995.0,4568545.0,2025-06-18
412005.0,4568545.0,2025-06-18
412015.0,4568545.0,2025-06-18
412025.0,4568545.0,2025-06-18
412035.0,4568545.0,2025-06-18
412045.0,4568545.0,2025-06-18
412055.0,4568545.0,2025-06-18
412065.0,4568545.0,2025-06-18
412075.0,4568545.0,2025-06-18
412085.0,4568545.0,2025-06-18
412095.0,4568545.0,2025-06-18
412105.0,4568545.0,2025-06-18
412115.0,4568545.0,2025-06-18
412125.0,4568545.0,2025-06-18
412135.0,4568545.0,2025-06-18
412145.0,4568545.0,2025-06-18
412155.0,4568545.0,2025-06-18
412165.0,4568545.0,2025-06-18
412175.0,4568545.0,2025-06-18
412185.0,4568545.0,2025-06-18
412195.0,4568545.0,2025-06-18
412205.0,4568545.0,2025-06-18
412215.0,4568545.0,2025-06-18
412225.0,4568545.0,2025-06-18
412235.0,4568545.0,2025-06-18
412245.0,4568545.0,2025-06-18
412255.0,4568545.0,2025-06-18
412265.0,4568545.0,2025-06-18
412275.0,4568545.0,2025-06-18
412285.0,4568545.0,2025-06-18
412295.0,4568545.0,2025-06-18
412305.0,4568545.0,2025-06-18
412315.0,4568545.0,2025-06-18
412325.0,4568545.0,2025-06-18
412335.0,4568545.0,2025-06-18
412345.0,4568545.0,2025-06-18
412355.0,4568545.0,2025-06-18
412365.0,4568545.0,2025-06-18
412375.0,4568545.0,2025-06-18
412385.0,4568545.0,2025-06-18
412395.0,4568545.0,2025-06-18
412405.0,4568545.0,2025-06-18
412415.0,4568545.0,2025-06-18
412425.0,4568545.0,2025-06-18
412435.0,4568545.0,2025-06-18
412445.0,4568545.0,2025-06-18
412455.0,4568545.0,2025-06-18
412465.0,4568545.0,2025-06-18
412475.0,4568545.0,2025-06-18
412485.0,4568545.0,2025-06-18
412495.0,4568545.0,2025-06-18
412505.0,4568545.0,2025-06-18
412515.0,4568545.0,2025-06-18
412525.0,4568545.0,2025-06-18
412535.0,4568545.0,2025-06-18
412545.0,4568545.0,2025-06-18
412555.0,4568545.0,2025-06-18
412565.0,4568545.0,2025-06-18
412575.0,4568545.0,2025-06-18
412585.0,4568545.0,2025-06-18
412595.0,4568545.0,2025-06-18
412605.0,4568545.0,2025-06-18
412615.0,4568545.0,2025-06-18
412625.0,4568545.0,2025-06-18
412635.0,4568545.0,2025-06-18
412645.0,4568545.0,2025-06-18
412655.0,4568545.0,2025-06-18
412665.0,4568545.0,2025-06-18
412675.0,4568545.0,2025-06-18
412685.0,4568545.0,2025-06-18
412695.0,4568545.0,2025-06-18
412705.0,4568545.0,2025-06-18
412715.0,4568545.0,2025-06-18
412725.0,4568545.0,2025-06-18
412735.0,4568545.0,2025-06-18
412745.0,4568545.0,2025-06-18
412755.0,4568545.0,2025-06-18
412765.0,4568545.0,2025-06-18
412775.0,4568545.0,2025-06-18
412785.0,4568545.0,2025-06-18
412795.0,4568545.0,2025-06-18
412805.0,4568545.0,2025-06-18
412815.0,4568545.0,2025-06-18
412825.0,4568545.0,2025-06-18
412835.0,4568545.0,2025-06-18
412845.0,4568545.0,2025-06-18
412855.0,4568545.0,2025-06-18
412865.0,4568545.0,2025-06-18
412875.0,4568545.0,2025-06-18
412885.0,4568545.0,2025-06-18
412895.0,4568545.0,2025-06-18
412905.0,4568545.0,2025-06-18
412915.0,4568545.0,2025-06-18
412925.0,4568545.0,2025-06-18
412935.0,4568545.0,2025-06-18
412945.0,4568545.0,2025-06-18
412955.0,4568545.0,2025-06-18
412965.0,4568545.0,2025-06-18
412975.0,4568545.0,2025-06-18
412985.0,4568545.0,2025-06-18
412995.0,4568545.0,2025-06-18
413005.0,4568545.0,2025-06-18
413015.0,4568545.0,2025-06-18
413025.0,4568545.0,2025-06-18
413035.0,4568545.0,2025-06-18
413045.0,4568545.0,2025-06-18
413055.0,4568545.0,2025-06-18
413065.0,4568545.0,2025-06-18
413075.0,4568545.0,2025-06-18
413085.0,4568545.0,2025-06-18
413095.0,4568545.0,2025-06-18
413105.0,4568545.0,2025-06-18
413115.0,4568545.0,2025-06-18
413125.0,4568545.0,2025-06-18
413135.0,4568545.0,2025-06-18
413145.0,4568545.0,2025-06-18
413155.0,4568545.0,2025-06-18
413165.0,4568545.0,2025-06-18
413175.0,4568545.0,2025-06-18
413185.0,4568545.0,2025-06-18
413195.0,4568545.0,2025-06-18
413205.0,4568545.0,2025-06-18
413215.0,4568545.0,2025-06-18
413225.0,4568545.0,2025-06-18
413235.0,4568545.0,2025-06-18
413245.0,4568545.0,2025-06-18
413255.0,4568545.0,2025-06-18
413265.0,4568545.0,2025-06-18
413275.0,4568545.0,2025-06-18
413285.0,4568545.0,2025-06-18
413295.0,4568545.0,2025-06-18
413305.0,4568545.0,2025-06-18
413315.0,4568545.0,2025-06-18
413325.0,4568545.0,2025-06-18
413335.0,4568545.0,2025-06-18
413345.0,4568545.0,2025-06-18
413355.0,4568545.0,2025-06-18
413365.0,4568545.0,2025-06-18
413375.0,4568545.0,2025-06-18
413385.0,4568545.0,2025-06-18
413395.0,4568545.0,2025-06-18
413405.0,4568545.0,2025-06-18
413415.0,4568545.0,2025-06-18
413425.0,4568545.0,2025-06-18
413435.0,4568545.0,2025-06-18
413445.0,4568545.0,2025-06-18
413455.0,4568545.0,2025-06-18
413465.0,4568545.0,2025-06-18
413475.0,4568545.0,2025-06-18
413485.0,4568545.0,2025-06-18
413495.0,4568545.0,2025-06-18
413505.0,4568545.0,2025-06-18
413515.0,4568545.0,2025-06-18
413525.0,4568545.0,2025-06-18
413535.0,4568545.0,2025-06-18
413545.0,4568545.0,2025-06-18
413555.0,4568545.0,2025-06-18
413565.0,4568545.0,2025-06-18
413575.0,4568545.0,2025-06-18
413585.0,4568545.0,2025-06-18
413595.0,4568545.0,2025-06-18
413605.0,4568545.0,2025-06-18
413615.0,4568545.0,2025-06-18
413625.0,4568545.0,2025-06-18
413635.0,4568545.0,2025-06-18
413645.0,4568545.0,2025-06-18
413655.0,4568545.0,2025-06-18
413665.0,4568545.0,2025-06-18
413675.0,4568545.0,2025-06-18
413685.0,4568545.0,2025-06-18
413695.0,4568545.0,2025-06-18
413705.0,4568545.0,2025-06-18
413715.0,4568545.0,2025-06-18
413725.0,4568545.0,2025-06-18
413735.0,4568545.0,2025-06-18
413745.0,4568545.0,2025-06-18
413755.0,4568545.0,2025-06-18
413765.0,4568545.0,2025-06-18
413775.0,4568545.0,2025-06-18
413785.0,4568545.0,2025-06-18
413795.0,4568545.0,2025-06-18
413805.0,4568545.0,2025-06-18
413815.0,4568545.0,2025-06-18
413825.0,4568545.0,2025-06-18
413835.0,4568545.0,2025-06-18
413845.0,4568545.0,2025-06-18
413855.0,4568545.0,2025-06-18
413865.0,4568545.0,2025-06-18
413875.0,4568545.0,2025-06-18
413885.0,4568545.0,2025-06-18
413895.0,4568545.0,2025-06-18
413905.0,4568545.0,2025-06-18
413915.0,4568545.0,2025-06-18
413925.0,4568545.0,2025-06-18
413935.0,4568545.0,2025-06-18
413945.0,4568545.0,2025-06-18
413955.0,4568545.0,2025-06-18
413965.0,4568545.0,2025-06-18
413975.0,4568545.0,2025-06-18
413985.0,4568545.0,2025-06-18
413995.0,4568545.0,2025-06-18
414005.0,4568545.0,2025-06-18
414015.0,4568545.0,2025-06-18
414025.0,4568545.0,2025-06-18
414035.0,4568545.0,2025-06-18
414045.0,4568545.0,2025-06-18
414055.0,4568545.0,2025-06-18
414065.0,4568545.0,2025-06-18
414075.0,4568545.0,2025-06-18
414085.0,4568545.0,2025-06-18
414095.0,4568545.0,2025-06-18
414105.0,4568545.0,2025-06-18
414115.0,4568545.0,2025-06-18
414125.0,4568545.0,2025-06-18
414135.0,4568545.0,2025-06-18
414145.0,4568545.0,2025-06-18
414155.0,4568545.0,2025-06-18
414165.0,4568545.0,2025-06-18
414175.0,4568545.0,2025-06-18
414185.0,4568545.0,2025-06-18
414195.0,4568545.0,2025-06-18
414205.0,4568545.0,2025-06-18
414215.0,4568545.0,2025-06-18
414225.0,4568545.0,2025-06-18
414235.0,4568545.0,2025-06-18
414245.0,4568545.0,2025-06-18
414255.0,4568545.0,2025-06-18
414265.0,4568545.0,2025-06-18
414275.0,4568545.0,2025-06-18
414285.0,4568545.0,2025-06-18
414295.0,4568545.0,2025-06-18
414305.0,4568545.0,2025-06-18
414315.0,4568545.0,2025-06-18
414325.0,4568545.0,2025-06-18
414335.0,4568545.0,2025-06-18
414345.0,4568545.0,2025-06-18
414355.0,4568545.0,2025-06-18
414365.0,4568545.0,2025-06-18
414375.0,4568545.0,2025-06-18
414385.0,4568545.0,2025-06-18
414395.0,4568545.0,2025-06-18
414405.0,4568545.0,2025-06-18
414415.0,4568545.0,2025-06-18
414425.0,4568545.0,2025-06-18
414435.0,4568545.0,2025-06-18
414445.0,4568545.0,2025-06-18
414455.0,4568545.0,2025-06-18
414465.0,4568545.0,2025-06-18
414475.0,4568545.0,2025-06-18
414485.0,4568545.0,2025-06-18
414495.0,4568545.0,2025-06-18
414505.0,4568545.0,2025-06-18
414515.0,4568545.0,2025-06-18
414525.0,4568545.0,2025-06-18
414535.0,4568545.0,2025-06-18
414545.0,4568545.0,2025-06-18
414555.0,4568545.0,2025-06-18
414565.0,4568545.0,2025-06-18
414575.0,4568545.0,2025-06-18
414585.0,4568545.0,2025-06-18
414595.0,4568545.0,2025-06-18
414605.0,4568545.0,2025-06-18
414615.0,4568545.0,2025-06-18
414625.0,4568545.0,2025-06-18
414635.0,4568545.0,2025-06-18
414645.0,4568545.0,2025-06-18
414655.0,4568545.0,2025-06-18
414665.0,4568545.0,2025-06-18
414675.0,4568545.0,2025-06-18
414685.0,4568545.0,2025-06-18
414695.0,4568545.0,2025-06-18
414705.0,4568545.0,2025-06-18
414715.0,4568545.0,2025-06-18
414725.0,4568545.0,2025-06-18
414735.0,4568545.0,2025-06-18
414745.0,4568545.0,2025-06-18
414755.0,4568545.0,2025-06-18
414765.0,4568545.0,2025-06-18
414775.0,4568545.0,2025-06-18
414785.0,4568545.0,2025-06-18
414795.0,4568545.0,2025-06-18
414805.0,4568545.0,2025-06-18
414815.0,4568545.0,2025-06-18
414825.0,4568545.0,2025-06-18
414835.0,4568545.0,2025-06-18
414845.0,4568545.0,2025-06-18
414855.0,4568545.0,2025-06-18
414865.0,4568545.0,2025-06-18
414875.0,4568545.0,2025-06-18
414885.0,4568545.0,2025-06-18
414895.0,4568545.0,2025-06-18
414905.0,4568545.0,2025-06-18
414915.0,4568545.0,2025-06-18
414925.0,4568545.0,2025-06-18
414935.0,4568545.0,2025-06-18
414945.0,4568545.0,2025-06-18
414955.0,4568545.0,2025-06-18
414965.0,4568545.0,2025-06-18
414975.0,4568545.0,2025-06-18
414985.0,4568545.0,2025-06-18
414995.0,4568545.0,2025-06-18
415005.0,4568545.0,2025-06-18
415015.0,4568545.0,2025-06-18
415025.0,4568545.0,2025-06-18
415035.0,4568545.0,2025-06-18
415045.0,4568545.0,2025-06-18
415055.0,4568545.0,2025-06-18
415065.0,4568545.0,2025-06-18
415075.0,4568545.0,2025-06-18
415085.0,4568545.0,2025-06-18
415095.0,4568545.0,2025-06-18
415105.0,4568545.0,2025-06-18
415115.0,4568545.0,2025-06-18
415125.0,4568545.0,2025-06-18
415135.0,4568545.0,2025-06-18
415145.0,4568545.0,2025-06-18
415155.0,4568545.0,2025-06-18
415165.0,4568545.0,2025-06-18
415175.0,4568545.0,2025-06-18
415185.0,4568545.0,2025-06-18
415195.0,4568545.0,2025-06-18
415205.0,4568545.0,2025-06-18
415215.0,4568545.0,2025-06-18
415225.0,4568545.0,2025-06-18
415235.0,4568545.0,2025-06-18
415245.0,4568545.0,2025-06-18
415255.0,4568545.0,2025-06-18
415265.0,4568545.0,2025-06-18
415275.0,4568545.0,2025-06-18
415285.0,4568545.0,2025-06-18
415295.0,4568545.0,2025-06-18
415305.0,4568545.0,2025-06-18
415315.0,4568545.0,2025-06-18
415325.0,4568545.0,2025-06-18
415335.0,4568545.0,2025-06-18
415345.0,4568545.0,2025-06-18
415355.0,4568545.0,2025-06-18
415365.0,4568545.0,2025-06-18
415375.0,4568545.0,2025-06-18
415385.0,4568545.0,2025-06-18
415395.0,4568545.0,2025-06-18
415405.0,4568545.0,2025-06-18
415415.0,4568545.0,2025-06-18
415425.0,4568545.0,2025-06-18
415435.0,4568545.0,2025-06-18
415445.0,4568545.0,2025-06-18
415455.0,4568545.0,2025-06-18
415465.0,4568545.0,2025-06-18
415475.0,4568545.0,2025-06-18
415485.0,4568545.0,2025-06-18
415495.0,4568545.0,2025-06-18
415505.0,4568545.0,2025-06-18
415515.0,4568545.0,2025-06-18
415525.0,4568545.0,2025-06-18
415535.0,4568545.0,2025-06-18
415545.0,4568545.0,2025-06-18
415555.0,4568545.0,2025-06-18
415565.0,4568545.0,2025-06-18
415575.0,4568545.0,2025-06-18
415585.0,4568545.0,2025-06-18
415595.0,4568545.0,2025-06-18
415605.0,4568545.0,2025-06-18
415615.0,4568545.0,2025-06-18
415625.0,4568545.0,2025-06-18
415635.0,4568545.0,2025-06-18
415645.0,4568545.0,2025-06-18
415655.0,4568545.0,2025-06-18
415665.0,4568545.0,2025-06-18
415675.0,4568545.0,2025-06-18
415685.0,4568545.0,2025-06-18
415695.0,4568545.0,2025-06-18
415705.0,4568545.0,2025-06-18
415715.0,4568545.0,2025-06-18
415725.0,4568545.0,2025-06-18
415735.0,4568545.0,2025-06-18
415745.0,4568545.0,2025-06-18
415755.0,4568545.0,2025-06-18
415765.0,4568545.0,2025-06-18
415775.0,4568545.0,2025-06-18
415785.0,4568545.0,2025-06-18
415795.0,4568545.0,2025-06-18
415805.0,4568545.0,2025-06-18
415815.0,4568545.0,2025-06-18
415825.0,4568545.0,2025-06-18
415835.0,4568545.0,2025-06-18
415845.0,4568545.0,2025-06-18
415855.0,4568545.0,2025-06-18
415865.0,4568545.0,2025-06-18
415875.0,4568545.0,2025-06-18
415885.0,4568545.0,2025-06-18
415895.0,4568545.0,2025-06-18
415905.0,4568545.0,2025-06-18
415915.0,4568545.0,2025-06-18
415925.0,4568545.0,2025-06-18
415935.0,4568545.0,2025-06-18
415945.0,4568545.0,2025-06-18
415955.0,4568545.0,2025-06-18
415965.0,4568545.0,2025-06-18
415975.0,4568545.0,2025-06-18
415985.0,4568545.0,2025-06-18
415995.0,4568545.0,2025-06-18
416005.0,4568545.0,2025-06-18
416015.0,4568545.0,2025-06-18
416025.0,4568545.0,2025-06-18
416035.0,4568545.0,2025-06-18
416045.0,4568545.0,2025-06-18
416055.0,4568545.0,2025-06-18
416065.0,4568545.0,2025-06-18
416075.0,4568545.0,2025-06-18
416085.0,4568545.0,2025-06-18
416095.0,4568545.0,2025-06-18
416105.0,4568545.0,2025-06-18
416115.0,4568545.0,2025-06-18
416125.0,4568545.0,2025-06-18
416135.0,4568545.0,2025-06-18
416145.0,4568545.0,2025-06-18
416155.0,4568545.0,2025-06-18
416165.0,4568545.0,2025-06-18
416175.0,4568545.0,2025-06-18
416185.0,4568545.0,2025-06-18
416195.0,4568545.0,2025-06-18
416205.0,4568545.0,2025-06-18
416215.0,4568545.0,2025-06-18
416225.0,4568545.0,2025-06-18
416235.0,4568545.0,2025-06-18
416245.0,4568545.0,2025-06-18
416255.0,4568545.0,2025-06-18
416265.0,4568545.0,2025-06-18
416275.0,4568545.0,2025-06-18
416285.0,4568545.0,2025-06-18
416295.0,4568545.0,2025-06-18
416305.0,4568545.0,2025-06-18
416315.0,4568545.0,2025-06-18
416325.0,4568545.0,2025-06-18
416335.0,4568545.0,2025-06-18
416345.0,4568545.0,2025-06-18
416355.0,4568545.0,2025-06-18
416365.0,4568545.0,2025-06-18
416375.0,4568545.0,2025-06-18
416385.0,4568545.0,2025-06-18
416395.0,4568545.0,2025-06-18
416405.0,4568545.0,2025-06-18
416415.0,4568545.0,2025-06-18
416425.0,4568545.0,2025-06-18
416435.0,4568545.0,2025-06-18
416445.0,4568545.0,2025-06-18
416455.0,4568545.0,2025-06-18
412575.0,4568535.0,2025-06-18
412585.0,4568535.0,2025-06-18
412595.0,4568535.0,2025-06-18
412605.0,4568535.0,2025-06-18
412615.0,4568535.0,2025-06-18
412625.0,4568535.0,2025-06-18
412635.0,4568535.0,2025-06-18
412645.0,4568535.0,2025-06-18
412655.0,4568535.0,2025-06-18
412665.0,4568535.0,2025-06-18
412675.0,4568535.0,2025-06-18
412685.0,4568535.0,2025-06-18
412695.0,4568535.0,2025-06-18
412705.0,4568535.0,2025-06-18
412715.0,4568535.0,2025-06-18
412725.0,4568535.0,2025-06-18
412735.0,4568535.0,2025-06-18
412745.0,4568535.0,2025-06-18
412755.0,4568535.0,2025-06-18
412765.0,4568535.0,2025-06-18
412775.0,4568535.0,2025-06-18
412785.0,4568535.0,2025-06-18
412795.0,4568535.0,2025-06-18
412805.0,4568535.0,2025-06-18
412815.0,4568535.0,2025-06-18
412825.0,4568535.0,2025-06-18
412835.0,4568535.0,2025-06-18
412845.0,4568535.0,2025-06-18
412855.0,4568535.0,2025-06-18
412865.0,4568535.0,2025-06-18
412875.0,4568535.0,2025-06-18
412885.0,4568535.0,2025-06-18
412895.0,4568535.0,2025-06-18
412905.0,4568535.0,2025-06-18
412915.0,4568535.0,2025-06-18
412925.0,4568535.0,2025-06-18
412935.0,4568535.0,2025-06-18
412945.0,4568535.0,2025-06-18
412955.0,4568535.0,2025-06-18
412965.0,4568535.0,2025-06-18
412975.0,4568535.0,2025-06-18
412985.0,4568535.0,2025-06-18
412995.0,4568535.0,2025-06-18
413005.0,4568535.0,2025-06-18
413015.0,4568535.0,2025-06-18
413025.0,4568535.0,2025-06-18
413035.0,4568535.0,2025-06-18
413045.0,4568535.0,2025-06-18
413055.0,4568535.0,2025-06-18
413065.0,4568535.0,2025-06-18
413075.0,4568535.0,2025-06-18
413085.0,4568535.0,2025-06-18
413095.0,4568535.0,2025-06-18
413105.0,4568535.0,2025-06-18
413115.0,4568535.0,2025-06-18
413125.0,4568535.0,2025-06-18
413135.0,4568535.0,2025-06-18
413145.0,4568535.0,2025-06-18
413155.0,4568535.0,2025-06-18
413165.0,4568535.0,2025-06-18
413175.0,4568535.0,2025-06-18
413185.0,4568535.0,2025-06-18
413195.0,4568535.0,2025-06-18
413205.0,4568535.0,2025-06-18
413215.0,4568535.0,2025-06-18
413225.0,4568535.0,2025-06-18
413235.0,4568535.0,2025-06-18
413245.0,4568535.0,2025-06-18
413255.0,4568535.0,2025-06-18
413265.0,4568535.0,2025-06-18
413275.0,4568535.0,2025-06-18
413285.0,4568535.0,2025-06-18
413295.0,4568535.0,2025-06-18
413305.0,4568535.0,2025-06-18
413315.0,4568535.0,2025-06-18
413325.0,4568535.0,2025-06-18
413335.0,4568535.0,2025-06-18
413345.0,4568535.0,2025-06-18
413355.0,4568535.0,2025-06-18
413365.0,4568535.0,2025-06-18
413375.0,4568535.0,2025-06-18
413385.0,4568535.0,2025-06-18
413395.0,4568535.0,2025-06-18
413405.0,4568535.0,2025-06-18
413415.0,4568535.0,2025-06-18
413425.0,4568535.0,2025-06-18
413435.0,4568535.0,2025-06-18
413445.0,4568535.0,2025-06-18
413455.0,4568535.0,2025-06-18
413465.0,4568535.0,2025-06-18
413475.0,4568535.0,2025-06-18
413485.0,4568535.0,2025-06-18
413495.0,4568535.0,2025-06-18
413505.0,4568535.0,2025-06-18
413515.0,4568535.0,2025-06-18
413525.0,4568535.0,2025-06-18
413535.0,4568535.0,2025-06-18
413545.0,4568535.0,2025-06-18
413555.0,4568535.0,2025-06-18
413565.0,4568535.0,2025-06-18
413575.0,4568535.0,2025-06-18
413585.0,4568535.0,2025-06-18
413595.0,4568535.0,2025-06-18
413605.0,4568535.0,2025-06-18
413615.0,4568535.0,2025-06-18
413625.0,4568535.0,2025-06-18
413635.0,4568535.0,2025-06-18
413645.0,4568535.0,2025-06-18
413655.0,4568535.0,2025-06-18
413665.0,4568535.0,2025-06-18
413675.0,4568535.0,2025-06-18
413685.0,4568535.0,2025-06-18
413695.0,4568535.0,2025-06-18
413705.0,4568535.0,2025-06-18
413715.0,4568535.0,2025-06-18
413725.0,4568535.0,2025-06-18
413735.0,4568535.0,2025-06-18
413745.0,4568535.0,2025-06-18
413755.0,4568535.0,2025-06-18
413765.0,4568535.0,2025-06-18
413775.0,4568535.0,2025-06-18
413785.0,4568535.0,2025-06-18
413795.0,4568535.0,2025-06-18
413805.0,4568535.0,2025-06-18
413815.0,4568535.0,2025-06-18
413825.0,4568535.0,2025-06-18
413835.0,4568535.0,2025-06-18
413845.0,4568535.0,2025-06-18
413855.0,4568535.0,2025-06-18
413865.0,4568535.0,2025-06-18
413875.0,4568535.0,2025-06-18
413885.0,4568535.0,2025-06-18
413895.0,4568535.0,2025-06-18
413905.0,4568535.0,2025-06-18
413915.0,4568535.0,2025-06-18
413925.0,4568535.0,2025-06-18
413935.0,4568535.0,2025-06-18
413945.0,4568535.0,2025-06-18
413955.0,4568535.0,2025-06-18
413965.0,4568535.0,2025-06-18
413975.0,4568535.0,2025-06-18
413985.0,4568535.0,2025-06-18
413995.0,4568535.0,2025-06-18
414005.0,4568535.0,2025-06-18
414015.0,4568535.0,2025-06-18
414025.0,4568535.0,2025-06-18
414035.0,4568535.0,2025-06-18
414045.0,4568535.0,2025-06-18
414055.0,4568535.0,2025-06-18
414065.0,4568535.0,2025-06-18
414075.0,4568535.0,2025-06-18
414085.0,4568535.0,2025-06-18
414095.0,4568535.0,2025-06-18
414105.0,4568535.0,2025-06-18
414115.0,4568535.0,2025-06-18
414125.0,4568535.0,2025-06-18
414135.0,4568535.0,2025-06-18
414145.0,4568535.0,2025-06-18
414155.0,4568535.0,2025-06-18
414165.0,4568535.0,2025-06-18
414175.0,4568535.0,2025-06-18
414185.0,4568535.0,2025-06-18
414195.0,4568535.0,2025-06-18
414205.0,4568535.0,2025-06-18
414215.0,4568535.0,2025-06-18
414225.0,4568535.0,2025-06-18
414235.0,4568535.0,2025-06-18
414245.0,4568535.0,2025-06-18
414255.0,4568535.0,2025-06-18
414265.0,4568535.0,2025-06-18
414275.0,4568535.0,2025-06-18
414285.0,4568535.0,2025-06-18
414295.0,4568535.0,2025-06-18
414305.0,4568535.0,2025-06-18
414315.0,4568535.0,2025-06-18
414325.0,4568535.0,2025-06-18
414335.0,4568535.0,2025-06-18
414345.0,4568535.0,2025-06-18
414355.0,4568535.0,2025-06-18
414365.0,4568535.0,2025-06-18
414375.0,4568535.0,2025-06-18
414385.0,4568535.0,2025-06-18
414395.0,4568535.0,2025-06-18
414405.0,4568535.0,2025-06-18
414415.0,4568535.0,2025-06-18
414425.0,4568535.0,2025-06-18
414435.0,4568535.0,2025-06-18
414445.0,4568535.0,2025-06-18
414455.0,4568535.0,2025-06-18
414465.0,4568535.0,2025-06-18
414475.0,4568535.0,2025-06-18
414485.0,4568535.0,2025-06-18
414495.0,4568535.0,2025-06-18
414505.0,4568535.0,2025-06-18
414515.0,4568535.0,2025-06-18
414525.0,4568535.0,2025-06-18
414535.0,4568535.0,2025-06-18
414545.0,4568535.0,2025-06-18
414555.0,4568535.0,2025-06-18
414565.0,4568535.0,2025-06-18
414575.0,4568535.0,2025-06-18
414585.0,4568535.0,2025-06-18
414595.0,4568535.0,2025-06-18
414605.0,4568535.0,2025-06-18
414615.0,4568535.0,2025-06-18
414625.0,4568535.0,2025-06-18
414635.0,4568535.0,2025-06-18
414645.0,4568535.0,2025-06-18
414655.0,4568535.0,2025-06-18
414665.0,4568535.0,2025-06-18
414675.0,4568535.0,2025-06-18
414685.0,4568535.0,2025-06-18
414695.0,4568535.0,2025-06-18
414705.0,4568535.0,2025-06-18
414715.0,4568535.0,2025-06-18
414725.0,4568535.0,2025-06-18
414735.0,4568535.0,2025-06-18
414745.0,4568535.0,2025-06-18
414755.0,4568535.0,2025-06-18
414765.0,4568535.0,2025-06-18
414775.0,4568535.0,2025-06-18
414785.0,4568535.0,2025-06-18
414795.0,4568535.0,2025-06-18
414805.0,4568535.0,2025-06-18
414815.0,4568535.0,2025-06-18
414825.0,4568535.0,2025-06-18
414835.0,4568535.0,2025-06-18
414845.0,4568535.0,2025-06-18
414855.0,4568535.0,2025-06-18
414865.0,4568535.0,2025-06-18
414875.0,4568535.0,2025-06-18
414885.0,4568535.0,2025-06-18
414895.0,4568535.0,2025-06-18
414905.0,4568535.0,2025-06-18
414915.0,4568535.0,2025-06-18
414925.0,4568535.0,2025-06-18
414935.0,4568535.0,2025-06-18
414945.0,4568535.0,2025-06-18
414955.0,4568535.0,2025-06-18
414965.0,4568535.0,2025-06-18
414975.0,4568535.0,2025-06-18
414985.0,4568535.0,2025-06-18
414995.0,4568535.0,2025-06-18
415005.0,4568535.0,2025-06-18
415015.0,4568535.0,2025-06-18
415025.0,4568535.0,2025-06-18
415035.0,4568535.0,2025-06-18
415045.0,4568535.0,2025-06-18
415055.0,4568535.0,2025-06-18
415065.0,4568535.0,2025-06-18
415075.0,4568535.0,2025-06-18
415085.0,4568535.0,2025-06-18
415095.0,4568535.0,2025-06-18
415105.0,4568535.0,2025-06-18
415115.0,4568535.0,2025-06-18
415125.0,4568535.0,2025-06-18
415135.0,4568535.0,2025-06-18
415145.0,4568535.0,2025-06-18
415155.0,4568535.0,2025-06-18
415165.0,4568535.0,2025-06-18
415175.0,4568535.0,2025-06-18
415185.0,4568535.0,2025-06-18
415195.0,4568535.0,2025-06-18
415205.0,4568535.0,2025-06-18
415215.0,4568535.0,2025-06-18
415225.0,4568535.0,2025-06-18
415235.0,4568535.0,2025-06-18
415245.0,4568535.0,2025-06-18
415255.0,4568535.0,2025-06-18
415265.0,4568535.0,2025-06-18
415275.0,4568535.0,2025-06-18
415285.0,4568535.0,2025-06-18
415295.0,4568535.0,2025-06-18
415305.0,4568535.0,2025-06-18
415315.0,4568535.0,2025-06-18
415325.0,4568535.0,2025-06-18
415335.0,4568535.0,2025-06-18
415345.0,4568535.0,2025-06-18
415355.0,4568535.0,2025-06-18
415365.0,4568535.0,2025-06-18
415375.0,4568535.0,2025-06-18
415385.0,4568535.0,2025-06-18
415395.0,4568535.0,2025-06-18
415405.0,4568535.0,2025-06-18
415415.0,4568535.0,2025-06-18
415425.0,4568535.0,2025-06-18
415435.0,4568535.0,2025-06-18
415445.0,4568535.0,2025-06-18
415455.0,4568535.0,2025-06-18
415465.0,4568535.0,2025-06-18
415475.0,4568535.0,2025-06-18
415485.0,4568535.0,2025-06-18
415495.0,4568535.0,2025-06-18
415505.0,4568535.0,2025-06-18
415515.0,4568535.0,2025-06-18
415525.0,4568535.0,2025-06-18
415535.0,4568535.0,2025-06-18
415545.0,4568535.0,2025-06-18
415555.0,4568535.0,2025-06-18
415565.0,4568535.0,2025-06-18
415575.0,4568535.0,2025-06-18
415585.0,4568535.0,2025-06-18
415595.0,4568535.0,2025-06-18
415605.0,4568535.0,2025-06-18
415615.0,4568535.0,2025-06-18
415625.0,4568535.0,2025-06-18
415635.0,4568535.0,2025-06-18
415645.0,4568535.0,2025-06-18
415655.0,4568535.0,2025-06-18
415665.0,4568535.0,2025-06-18
415675.0,4568535.0,2025-06-18
415685.0,4568535.0,2025-06-18
415695.0,4568535.0,2025-06-18
415705.0,4568535.0,2025-06-18
415715.0,4568535.0,2025-06-18
415725.0,4568535.0,2025-06-18
415735.0,4568535.0,2025-06-18
415745.0,4568535.0,2025-06-18
415755.0,4568535.0,2025-06-18
415765.0,4568535.0,2025-06-18
415775.0,4568535.0,2025-06-18
415785.0,4568535.0,2025-06-18
415795.0,4568535.0,2025-06-18
415805.0,4568535.0,2025-06-18
415815.0,4568535.0,2025-06-18
415825.0,4568535.0,2025-06-18
415835.0,4568535.0,2025-06-18
415845.0,4568535.0,2025-06-18
415855.0,4568535.0,2025-06-18
415865.0,4568535.0,2025-06-18
415875.0,4568535.0,2025-06-18
415885.0,4568535.0,2025-06-18
415895.0,4568535.0,2025-06-18
415905.0,4568535.0,2025-06-18
415915.0,4568535.0,2025-06-18
415925.0,4568535.0,2025-06-18
415935.0,4568535.0,2025-06-18
415945.0,4568535.0,2025-06-18
415955.0,4568535.0,2025-06-18
415965.0,4568535.0,2025-06-18
415975.0,4568535.0,2025-06-18
415985.0,4568535.0,2025-06-18
415995.0,4568535.0,2025-06-18
416005.0,4568535.0,2025-06-18
416015.0,4568535.0,2025-06-18
416025.0,4568535.0,2025-06-18
416035.0,4568535.0,2025-06-18
416045.0,4568535.0,2025-06-18
416055.0,4568535.0,2025-06-18
416065.0,4568535.0,2025-06-18
416075.0,4568535.0,2025-06-18
416085.0,4568535.0,2025-06-18
416095.0,4568535.0,2025-06-18
416105.0,4568535.0,2025-06-18
416115.0,4568535.0,2025-06-18
416125.0,4568535.0,2025-06-18
416135.0,4568535.0,2025-06-18
416145.0,4568535.0,2025-06-18
416155.0,4568535.0,2025-06-18
416165.0,4568535.0,2025-06-18
416175.0,4568535.0,2025-06-18
416185.0,4568535.0,2025-06-18
416195.0,4568535.0,2025-06-18
416205.0,4568535.0,2025-06-18
416215.0,4568535.0,2025-06-18
416225.0,4568535.0,2025-06-18
416235.0,4568535.0,2025-06-18
416245.0,4568535.0,2025-06-18
416255.0,4568535.0,2025-06-18
416265.0,4568535.0,2025-06-18
416275.0,4568535.0,2025-06-18
416285.0,4568535.0,2025-06-18
416295.0,4568535.0,2025-06-18
416305.0,4568535.0,2025-06-18
416315.0,4568535.0,2025-06-18
416325.0,4568535.0,2025-06-18
416335.0,4568535.0,2025-06-18
416345.0,4568535.0,2025-06-18
416355.0,4568535.0,2025-06-18
416365.0,4568535.0,2025-06-18
416375.0,4568535.0,2025-06-18
416385.0,4568535.0,2025-06-18
416395.0,4568535.0,2025-06-18
416405.0,4568535.0,2025-06-18
416415.0,4568535.0,2025-06-18
416425.0,4568535.0,2025-06-18
416435.0,4568535.0,2025-06-18
416445.0,4568535.0,2025-06-18
416455.0,4568535.0,2025-06-18
413425.0,4568525.0,2025-06-18
413435.0,4568525.0,2025-06-18
413445.0,4568525.0,2025-06-18
413455.0,4568525.0,2025-06-18
413465.0,4568525.0,2025-06-18
413475.0,4568525.0,2025-06-18
413485.0,4568525.0,2025-06-18
413495.0,4568525.0,2025-06-18
413505.0,4568525.0,2025-06-18
413515.0,4568525.0,2025-06-18
413525.0,4568525.0,2025-06-18
413535.0,4568525.0,2025-06-18
413545.0,4568525.0,2025-06-18
413555.0,4568525.0,2025-06-18
413565.0,4568525.0,2025-06-18
413575.0,4568525.0,2025-06-18
413585.0,4568525.0,2025-06-18
413595.0,4568525.0,2025-06-18
413605.0,4568525.0,2025-06-18
413615.0,4568525.0,2025-06-18
413625.0,4568525.0,2025-06-18
413635.0,4568525.0,2025-06-18
413645.0,4568525.0,2025-06-18
413655.0,4568525.0,2025-06-18
413665.0,4568525.0,2025-06-18
413675.0,4568525.0,2025-06-18
413685.0,4568525.0,2025-06-18
413695.0,4568525.0,2025-06-18
413705.0,4568525.0,2025-06-18
413715.0,4568525.0,2025-06-18
413725.0,4568525.0,2025-06-18
413735.0,4568525.0,2025-06-18
413745.0,4568525.0,2025-06-18
413755.0,4568525.0,2025-06-18
413765.0,4568525.0,2025-06-18
413775.0,4568525.0,2025-06-18
413785.0,4568525.0,2025-06-18
413795.0,4568525.0,2025-06-18
413805.0,4568525.0,2025-06-18
413815.0,4568525.0,2025-06-18
413825.0,4568525.0,2025-06-18
413835.0,4568525.0,2025-06-18
413845.0,4568525.0,2025-06-18
413855.0,4568525.0,2025-06-18
413865.0,4568525.0,2025-06-18
413875.0,4568525.0,2025-06-18
413885.0,4568525.0,2025-06-18
413895.0,4568525.0,2025-06-18
413905.0,4568525.0,2025-06-18
413915.0,4568525.0,2025-06-18
413925.0,4568525.0,2025-06-18
413935.0,4568525.0,2025-06-18
413945.0,4568525.0,2025-06-18
413955.0,4568525.0,2025-06-18
413965.0,4568525.0,2025-06-18
413975.0,4568525.0,2025-06-18
413985.0,4568525.0,2025-06-18
413995.0,4568525.0,2025-06-18
414005.0,4568525.0,2025-06-18
414015.0,4568525.0,2025-06-18
414025.0,4568525.0,2025-06-18
414035.0,4568525.0,2025-06-18
414045.0,4568525.0,2025-06-18
414055.0,4568525.0,2025-06-18
414065.0,4568525.0,2025-06-18
414075.0,4568525.0,2025-06-18
414085.0,4568525.0,2025-06-18
414095.0,4568525.0,2025-06-18
414105.0,4568525.0,2025-06-18
414115.0,4568525.0,2025-06-18
414125.0,4568525.0,2025-06-18
414135.0,4568525.0,2025-06-18
414145.0,4568525.0,2025-06-18
414155.0,4568525.0,2025-06-18
414165.0,4568525.0,2025-06-18
414175.0,4568525.0,2025-06-18
414185.0,4568525.0,2025-06-18
414195.0,4568525.0,2025-06-18
414205.0,4568525.0,2025-06-18
414215.0,4568525.0,2025-06-18
414225.0,4568525.0,2025-06-18
414235.0,4568525.0,2025-06-18
414245.0,4568525.0,2025-06-18
414255.0,4568525.0,2025-06-18
414265.0,4568525.0,2025-06-18
414275.0,4568525.0,2025-06-18
414285.0,4568525.0,2025-06-18
414295.0,4568525.0,2025-06-18
414305.0,4568525.0,2025-06-18
414315.0,4568525.0,2025-06-18
414325.0,4568525.0,2025-06-18
414335.0,4568525.0,2025-06-18
414345.0,4568525.0,2025-06-18
414355.0,4568525.0,2025-06-18
414365.0,4568525.0,2025-06-18
414375.0,4568525.0,2025-06-18
414385.0,4568525.0,2025-06-18
414395.0,4568525.0,2025-06-18
414405.0,4568525.0,2025-06-18
414415.0,4568525.0,2025-06-18
414425.0,4568525.0,2025-06-18
414435.0,4568525.0,2025-06-18
414445.0,4568525.0,2025-06-18
414455.0,4568525.0,2025-06-18
414465.0,4568525.0,2025-06-18
414475.0,4568525.0,2025-06-18
414485.0,4568525.0,2025-06-18
414495.0,4568525.0,2025-06-18
414505.0,4568525.0,2025-06-18
414515.0,4568525.0,2025-06-18
414525.0,4568525.0,2025-06-18
414535.0,4568525.0,2025-06-18
414545.0,4568525.0,2025-06-18
414555.0,4568525.0,2025-06-18
414565.0,4568525.0,2025-06-18
414575.0,4568525.0,2025-06-18
414585.0,4568525.0,2025-06-18
414595.0,4568525.0,2025-06-18
414605.0,4568525.0,2025-06-18
414615.0,4568525.0,2025-06-18
414625.0,4568525.0,2025-06-18
414635.0,4568525.0,2025-06-18
414645.0,4568525.0,2025-06-18
414655.0,4568525.0,2025-06-18
414665.0,4568525.0,2025-06-18
414675.0,4568525.0,2025-06-18
414685.0,4568525.0,2025-06-18
414695.0,4568525.0,2025-06-18
414705.0,4568525.0,2025-06-18
414715.0,4568525.0,2025-06-18
414725.0,4568525.0,2025-06-18
414735.0,4568525.0,2025-06-18
414745.0,4568525.0,2025-06-18
414755.0,4568525.0,2025-06-18
414765.0,4568525.0,2025-06-18
414775.0,4568525.0,2025-06-18
414785.0,4568525.0,2025-06-18
414795.0,4568525.0,2025-06-18
414805.0,4568525.0,2025-06-18
414815.0,4568525.0,2025-06-18
414825.0,4568525.0,2025-06-18
414835.0,4568525.0,2025-06-18
414845.0,4568525.0,2025-06-18
414855.0,4568525.0,2025-06-18
414865.0,4568525.0,2025-06-18
414875.0,4568525.0,2025-06-18
414885.0,4568525.0,2025-06-18
414895.0,4568525.0,2025-06-18
414905.0,4568525.0,2025-06-18
414915.0,4568525.0,2025-06-18
414925.0,4568525.0,2025-06-18
414935.0,4568525.0,2025-06-18
414945.0,4568525.0,2025-06-18
414955.0,4568525.0,2025-06-18
414965.0,4568525.0,2025-06-18
414975.0,4568525.0,2025-06-18
414985.0,4568525.0,2025-06-18
414995.0,4568525.0,2025-06-18
415005.0,4568525.0,2025-06-18
415015.0,4568525.0,2025-06-18
415025.0,4568525.0,2025-06-18
415035.0,4568525.0,2025-06-18
415045.0,4568525.0,2025-06-18
415055.0,4568525.0,2025-06-18
415065.0,4568525.0,2025-06-18
415075.0,4568525.0,2025-06-18
415085.0,4568525.0,2025-06-18
415095.0,4568525.0,2025-06-18
415105.0,4568525.0,2025-06-18
415115.0,4568525.0,2025-06-18
415125.0,4568525.0,2025-06-18
415135.0,4568525.0,2025-06-18
415145.0,4568525.0,2025-06-18
415155.0,4568525.0,2025-06-18
415165.0,4568525.0,2025-06-18
415175.0,4568525.0,2025-06-18
415185.0,4568525.0,2025-06-18
415195.0,4568525.0,2025-06-18
415205.0,4568525.0,2025-06-18
415215.0,4568525.0,2025-06-18
415225.0,4568525.0,2025-06-18
415235.0,4568525.0,2025-06-18
415245.0,4568525.0,2025-06-18
415255.0,4568525.0,2025-06-18
415265.0,4568525.0,2025-06-18
415275.0,4568525.0,2025-06-18
415285.0,4568525.0,2025-06-18
415295.0,4568525.0,2025-06-18
415305.0,4568525.0,2025-06-18
415315.0,4568525.0,2025-06-18
415325.0,4568525.0,2025-06-18
415335.0,4568525.0,2025-06-18
415345.0,4568525.0,2025-06-18
415355.0,4568525.0,2025-06-18
415365.0,4568525.0,2025-06-18
415375.0,4568525.0,2025-06-18
415385.0,4568525.0,2025-06-18
415395.0,4568525.0,2025-06-18
415405.0,4568525.0,2025-06-18
415415.0,4568525.0,2025-06-18
415425.0,4568525.0,2025-06-18
415435.0,4568525.0,2025-06-18
415445.0,4568525.0,2025-06-18
415455.0,4568525.0,2025-06-18
415465.0,4568525.0,2025-06-18
415475.0,4568525.0,2025-06-18
415485.0,4568525.0,2025-06-18
415495.0,4568525.0,2025-06-18
415505.0,4568525.0,2025-06-18
415515.0,4568525.0,2025-06-18
415525.0,4568525.0,2025-06-18
415535.0,4568525.0,2025-06-18
415545.0,4568525.0,2025-06-18
415555.0,4568525.0,2025-06-18
415565.0,4568525.0,2025-06-18
415575.0,4568525.0,2025-06-18
415585.0,4568525.0,2025-06-18
415595.0,4568525.0,2025-06-18
415605.0,4568525.0,2025-06-18
415615.0,4568525.0,2025-06-18
415625.0,4568525.0,2025-06-18
415635.0,4568525.0,2025-06-18
415645.0,4568525.0,2025-06-18
415655.0,4568525.0,2025-06-18
415665.0,4568525.0,2025-06-18
415675.0,4568525.0,2025-06-18
415685.0,4568525.0,2025-06-18
415695.0,4568525.0,2025-06-18
415705.0,4568525.0,2025-06-18
415715.0,4568525.0,2025-06-18
415725.0,4568525.0,2025-06-18
415735.0,4568525.0,2025-06-18
415745.0,4568525.0,2025-06-18
415755.0,4568525.0,2025-06-18
415765.0,4568525.0,2025-06-18
415775.0,4568525.0,2025-06-18
415785.0,4568525.0,2025-06-18
415795.0,4568525.0,2025-06-18
415805.0,4568525.0,2025-06-18
415815.0,4568525.0,2025-06-18
415825.0,4568525.0,2025-06-18
415835.0,4568525.0,2025-06-18
415845.0,4568525.0,2025-06-18
415855.0,4568525.0,2025-06-18
415865.0,4568525.0,2025-06-18
415875.0,4568525.0,2025-06-18
415885.0,4568525.0,2025-06-18
415895.0,4568525.0,2025-06-18
415905.0,4568525.0,2025-06-18
415915.0,4568525.0,2025-06-18
415925.0,4568525.0,2025-06-18
415935.0,4568525.0,2025-06-18
415945.0,4568525.0,2025-06-18
415955.0,4568525.0,2025-06-18
415965.0,4568525.0,2025-06-18
415975.0,4568525.0,2025-06-18
415985.0,4568525.0,2025-06-18
415995.0,4568525.0,2025-06-18
416005.0,4568525.0,2025-06-18
416015.0,4568525.0,2025-06-18
416025.0,4568525.0,2025-06-18
416035.0,4568525.0,2025-06-18
416045.0,4568525.0,2025-06-18
416055.0,4568525.0,2025-06-18
416065.0,4568525.0,2025-06-18
416075.0,4568525.0,2025-06-18
416085.0,4568525.0,2025-06-18
416095.0,4568525.0,2025-06-18
416105.0,4568525.0,2025-06-18
416115.0,4568525.0,2025-06-18
416125.0,4568525.0,2025-06-18
416135.0,4568525.0,2025-06-18
416145.0,4568525.0,2025-06-18
416155.0,4568525.0,2025-06-18
416165.0,4568525.0,2025-06-18
416175.0,4568525.0,2025-06-18
416185.0,4568525.0,2025-06-18
416195.0,4568525.0,2025-06-18
416205.0,4568525.0,2025-06-18
416215.0,4568525.0,2025-06-18
416225.0,4568525.0,2025-06-18
416235.0,4568525.0,2025-06-18
416245.0,4568525.0,2025-06-18
416255.0,4568525.0,2025-06-18
416265.0,4568525.0,2025-06-18
416275.0,4568525.0,2025-06-18
416285.0,4568525.0,2025-06-18
416295.0,4568525.0,2025-06-18
416305.0,4568525.0,2025-06-18
416315.0,4568525.0,2025-06-18
416325.0,4568525.0,2025-06-18
416335.0,4568525.0,2025-06-18
416345.0,4568525.0,2025-06-18
416355.0,4568525.0,2025-06-18
416365.0,4568525.0,2025-06-18
416375.0,4568525.0,2025-06-18
416385.0,4568525.0,2025-06-18
416395.0,4568525.0,2025-06-18
416405.0,4568525.0,2025-06-18
416415.0,4568525.0,2025-06-18
416425.0,4568525.0,2025-06-18
416435.0,4568525.0,2025-06-18
416445.0,4568525.0,2025-06-18
416455.0,4568525.0,2025-06-18
414265.0,4568515.0,2025-06-18
414275.0,4568515.0,2025-06-18
414285.0,4568515.0,2025-06-18
414295.0,4568515.0,2025-06-18
414305.0,4568515.0,2025-06-18
414315.0,4568515.0,2025-06-18
414325.0,4568515.0,2025-06-18
414335.0,4568515.0,2025-06-18
414345.0,4568515.0,2025-06-18
414355.0,4568515.0,2025-06-18
414365.0,4568515.0,2025-06-18
414375.0,4568515.0,2025-06-18
414385.0,4568515.0,2025-06-18
414395.0,4568515.0,2025-06-18
414405.0,4568515.0,2025-06-18
414415.0,4568515.0,2025-06-18
414425.0,4568515.0,2025-06-18
414435.0,4568515.0,2025-06-18
414445.0,4568515.0,2025-06-18
414455.0,4568515.0,2025-06-18
414465.0,4568515.0,2025-06-18
414475.0,4568515.0,2025-06-18
414485.0,4568515.0,2025-06-18
414495.0,4568515.0,2025-06-18
414505.0,4568515.0,2025-06-18
414515.0,4568515.0,2025-06-18
414525.0,4568515.0,2025-06-18
414535.0,4568515.0,2025-06-18
414545.0,4568515.0,2025-06-18
414555.0,4568515.0,2025-06-18
414565.0,4568515.0,2025-06-18
414575.0,4568515.0,2025-06-18
414585.0,4568515.0,2025-06-18
414595.0,4568515.0,2025-06-18
414605.0,4568515.0,2025-06-18
414615.0,4568515.0,2025-06-18
414625.0,4568515.0,2025-06-18
414635.0,4568515.0,2025-06-18
414645.0,4568515.0,2025-06-18
414655.0,4568515.0,2025-06-18
414665.0,4568515.0,2025-06-18
414675.0,4568515.0,2025-06-18
414685.0,4568515.0,2025-06-18
414695.0,4568515.0,2025-06-18
414705.0,4568515.0,2025-06-18
414715.0,4568515.0,2025-06-18
414725.0,4568515.0,2025-06-18
414735.0,4568515.0,2025-06-18
414745.0,4568515.0,2025-06-18
414755.0,4568515.0,2025-06-18
414765.0,4568515.0,2025-06-18
414775.0,4568515.0,2025-06-18
414785.0,4568515.0,2025-06-18
414795.0,4568515.0,2025-06-18
414805.0,4568515.0,2025-06-18
414815.0,4568515.0,2025-06-18
414825.0,4568515.0,2025-06-18
414835.0,4568515.0,2025-06-18
414845.0,4568515.0,2025-06-18
414855.0,4568515.0,2025-06-18
414865.0,4568515.0,2025-06-18
414875.0,4568515.0,2025-06-18
414885.0,4568515.0,2025-06-18
414895.0,4568515.0,2025-06-18
414905.0,4568515.0,2025-06-18
414915.0,4568515.0,2025-06-18
414925.0,4568515.0,2025-06-18
414935.0,4568515.0,2025-06-18
414945.0,4568515.0,2025-06-18
414955.0,4568515.0,2025-06-18
414965.0,4568515.0,2025-06-18
414975.0,4568515.0,2025-06-18
414985.0,4568515.0,2025-06-18
414995.0,4568515.0,2025-06-18
415005.0,4568515.0,2025-06-18
415015.0,4568515.0,2025-06-18
415025.0,4568515.0,2025-06-18
415035.0,4568515.0,2025-06-18
415045.0,4568515.0,2025-06-18
415055.0,4568515.0,2025-06-18
415065.0,4568515.0,2025-06-18
415075.0,4568515.0,2025-06-18
415085.0,4568515.0,2025-06-18
415095.0,4568515.0,2025-06-18
415105.0,4568515.0,2025-06-18
415115.0,4568515.0,2025-06-18
415125.0,4568515.0,2025-06-18
415135.0,4568515.0,2025-06-18
415145.0,4568515.0,2025-06-18
415155.0,4568515.0,2025-06-18
415165.0,4568515.0,2025-06-18
415175.0,4568515.0,2025-06-18
415185.0,4568515.0,2025-06-18
415195.0,4568515.0,2025-06-18
415205.0,4568515.0,2025-06-18
415215.0,4568515.0,2025-06-18
415225.0,4568515.0,2025-06-18
415235.0,4568515.0,2025-06-18
415245.0,4568515.0,2025-06-18
415255.0,4568515.0,2025-06-18
415265.0,4568515.0,2025-06-18
415275.0,4568515.0,2025-06-18
415285.0,4568515.0,2025-06-18
415295.0,4568515.0,2025-06-18
415305.0,4568515.0,2025-06-18
415315.0,4568515.0,2025-06-18
415325.0,4568515.0,2025-06-18
415335.0,4568515.0,2025-06-18
415345.0,4568515.0,2025-06-18
415355.0,4568515.0,2025-06-18
415365.0,4568515.0,2025-06-18
415375.0,4568515.0,2025-06-18
415385.0,4568515.0,2025-06-18
415395.0,4568515.0,2025-06-18
415405.0,4568515.0,2025-06-18
415415.0,4568515.0,2025-06-18
415425.0,4568515.0,2025-06-18
415435.0,4568515.0,2025-06-18
415445.0,4568515.0,2025-06-18
415455.0,4568515.0,2025-06-18
415465.0,4568515.0,2025-06-18
415475.0,4568515.0,2025-06-18
415485.0,4568515.0,2025-06-18
415495.0,4568515.0,2025-06-18
415505.0,4568515.0,2025-06-18
415515.0,4568515.0,2025-06-18
415525.0,4568515.0,2025-06-18
415535.0,4568515.0,2025-06-18
415545.0,4568515.0,2025-06-18
415555.0,4568515.0,2025-06-18
415565.0,4568515.0,2025-06-18
415575.0,4568515.0,2025-06-18
415585.0,4568515.0,2025-06-18
415595.0,4568515.0,2025-06-18
415605.0,4568515.0,2025-06-18
415615.0,4568515.0,2025-06-18
415625.0,4568515.0,2025-06-18
415635.0,4568515.0,2025-06-18
415645.0,4568515.0,2025-06-18
415655.0,4568515.0,2025-06-18
415665.0,4568515.0,2025-06-18
415675.0,4568515.0,2025-06-18
415685.0,4568515.0,2025-06-18
415695.0,4568515.0,2025-06-18
415705.0,4568515.0,2025-06-18
415715.0,4568515.0,2025-06-18
415725.0,4568515.0,2025-06-18
415735.0,4568515.0,2025-06-18
415745.0,4568515.0,2025-06-18
415755.0,4568515.0,2025-06-18
415765.0,4568515.0,2025-06-18
415775.0,4568515.0,2025-06-18
415785.0,4568515.0,2025-06-18
415795.0,4568515.0,2025-06-18
415805.0,4568515.0,2025-06-18
415815.0,4568515.0,2025-06-18
415825.0,4568515.0,2025-06-18
415835.0,4568515.0,2025-06-18
415845.0,4568515.0,2025-06-18
415855.0,4568515.0,2025-06-18
415865.0,4568515.0,2025-06-18
415875.0,4568515.0,2025-06-18
415885.0,4568515.0,2025-06-18
415895.0,4568515.0,2025-06-18
415905.0,4568515.0,2025-06-18
415915.0,4568515.0,2025-06-18
415925.0,4568515.0,2025-06-18
415935.0,4568515.0,2025-06-18
415945.0,4568515.0,2025-06-18
415955.0,4568515.0,2025-06-18
415965.0,4568515.0,2025-06-18
415975.0,4568515.0,2025-06-18
415985.0,4568515.0,2025-06-18
415995.0,4568515.0,2025-06-18
416005.0,4568515.0,2025-06-18
416015.0,4568515.0,2025-06-18
416025.0,4568515.0,2025-06-18
416035.0,4568515.0,2025-06-18
416045.0,4568515.0,2025-06-18
416055.0,4568515.0,2025-06-18
416065.0,4568515.0,2025-06-18
416075.0,4568515.0,2025-06-18
416085.0,4568515.0,2025-06-18
416095.0,4568515.0,2025-06-18
416105.0,4568515.0,2025-06-18
416115.0,4568515.0,2025-06-18
416125.0,4568515.0,2025-06-18
416135.0,4568515.0,2025-06-18
416145.0,4568515.0,2025-06-18
416155.0,4568515.0,2025-06-18
416165.0,4568515.0,2025-06-18
416175.0,4568515.0,2025-06-18
416185.0,4568515.0,2025-06-18
416195.0,4568515.0,2025-06-18
416205.0,4568515.0,2025-06-18
416215.0,4568515.0,2025-06-18
416225.0,4568515.0,2025-06-18
416235.0,4568515.0,2025-06-18
416245.0,4568515.0,2025-06-18
416255.0,4568515.0,2025-06-18
416265.0,4568515.0,2025-06-18
416275.0,4568515.0,2025-06-18
416285.0,4568515.0,2025-06-18
416295.0,4568515.0,2025-06-18
416305.0,4568515.0,2025-06-18
416315.0,4568515.0,2025-06-18
416325.0,4568515.0,2025-06-18
416335.0,4568515.0,2025-06-18
416345.0,4568515.0,2025-06-18
416355.0,4568515.0,2025-06-18
416365.0,4568515.0,2025-06-18
416375.0,4568515.0,2025-06-18
416385.0,4568515.0,2025-06-18
416395.0,4568515.0,2025-06-18
416405.0,4568515.0,2025-06-18
416415.0,4568515.0,2025-06-18
416425.0,4568515.0,2025-06-18
416435.0,4568515.0,2025-06-18
416445.0,4568515.0,2025-06-18
416455.0,4568515.0,2025-06-18
415115.0,4568505.0,2025-06-18
415125.0,4568505.0,2025-06-18
415135.0,4568505.0,2025-06-18
415145.0,4568505.0,2025-06-18
415155.0,4568505.0,2025-06-18
415165.0,4568505.0,2025-06-18
415175.0,4568505.0,2025-06-18
415185.0,4568505.0,2025-06-18
415195.0,4568505.0,2025-06-18
415205.0,4568505.0,2025-06-18
415215.0,4568505.0,2025-06-18
415225.0,4568505.0,2025-06-18
415235.0,4568505.0,2025-06-18
415245.0,4568505.0,2025-06-18
415255.0,4568505.0,2025-06-18
415265.0,4568505.0,2025-06-18
415275.0,4568505.0,2025-06-18
415285.0,4568505.0,2025-06-18
415295.0,4568505.0,2025-06-18
415305.0,4568505.0,2025-06-18
415315.0,4568505.0,2025-06-18
415325.0,4568505.0,2025-06-18
415335.0,4568505.0,2025-06-18
415345.0,4568505.0,2025-06-18
415355.0,4568505.0,2025-06-18
415365.0,4568505.0,2025-06-18
415375.0,4568505.0,2025-06-18
415385.0,4568505.0,2025-06-18
415395.0,4568505.0,2025-06-18
415405.0,4568505.0,2025-06-18
415415.0,4568505.0,2025-06-18
415425.0,4568505.0,2025-06-18
415435.0,4568505.0,2025-06-18
415445.0,4568505.0,2025-06-18
415455.0,4568505.0,2025-06-18
415465.0,4568505.0,2025-06-18
415475.0,4568505.0,2025-06-18
415485.0,4568505.0,2025-06-18
415495.0,4568505.0,2025-06-18
415505.0,4568505.0,2025-06-18
415515.0,4568505.0,2025-06-18
415525.0,4568505.0,2025-06-18
415535.0,4568505.0,2025-06-18
415545.0,4568505.0,2025-06-18
415555.0,4568505.0,2025-06-18
415565.0,4568505.0,2025-06-18
415575.0,4568505.0,2025-06-18
415585.0,4568505.0,2025-06-18
415595.0,4568505.0,2025-06-18
415605.0,4568505.0,2025-06-18
415615.0,4568505.0,2025-06-18
415625.0,4568505.0,2025-06-18
415635.0,4568505.0,2025-06-18
415645.0,4568505.0,2025-06-18
415655.0,4568505.0,2025-06-18
415665.0,4568505.0,2025-06-18
415675.0,4568505.0,2025-06-18
415685.0,4568505.0,2025-06-18
415695.0,4568505.0,2025-06-18
415705.0,4568505.0,2025-06-18
415715.0,4568505.0,2025-06-18
415725.0,4568505.0,2025-06-18
415735.0,4568505.0,2025-06-18
415745.0,4568505.0,2025-06-18
415755.0,4568505.0,2025-06-18
415765.0,4568505.0,2025-06-18
415775.0,4568505.0,2025-06-18
415785.0,4568505.0,2025-06-18
415795.0,4568505.0,2025-06-18
415805.0,4568505.0,2025-06-18
415815.0,4568505.0,2025-06-18
415825.0,4568505.0,2025-06-18
415835.0,4568505.0,2025-06-18
415845.0,4568505.0,2025-06-18
415855.0,4568505.0,2025-06-18
415865.0,4568505.0,2025-06-18
415875.0,4568505.0,2025-06-18
415885.0,4568505.0,2025-06-18
415895.0,4568505.0,2025-06-18
415905.0,4568505.0,2025-06-18
415915.0,4568505.0,2025-06-18
415925.0,4568505.0,2025-06-18
415935.0,4568505.0,2025-06-18
415945.0,4568505.0,2025-06-18
415955.0,4568505.0,2025-06-18
415965.0,4568505.0,2025-06-18
415975.0,4568505.0,2025-06-18
415985.0,4568505.0,2025-06-18
415995.0,4568505.0,2025-06-18
416005.0,4568505.0,2025-06-18
416015.0,4568505.0,2025-06-18
416025.0,4568505.0,2025-06-18
416035.0,4568505.0,2025-06-18
416045.0,4568505.0,2025-06-18
416055.0,4568505.0,2025-06-18
416065.0,4568505.0,2025-06-18
416075.0,4568505.0,2025-06-18
416085.0,4568505.0,2025-06-18
416095.0,4568505.0,2025-06-18
416105.0,4568505.0,2025-06-18
416115.0,4568505.0,2025-06-18
416125.0,4568505.0,2025-06-18
416135.0,4568505.0,2025-06-18
416145.0,4568505.0,2025-06-18
416155.0,4568505.0,2025-06-18
416165.0,4568505.0,2025-06-18
416175.0,4568505.0,2025-06-18
416185.0,4568505.0,2025-06-18
416195.0,4568505.0,2025-06-18
416205.0,4568505.0,2025-06-18
416215.0,4568505.0,2025-06-18
416225.0,4568505.0,2025-06-18
416235.0,4568505.0,2025-06-18
416245.0,4568505.0,2025-06-18
416255.0,4568505.0,2025-06-18
416265.0,4568505.0,2025-06-18
416275.0,4568505.0,2025-06-18
416285.0,4568505.0,2025-06-18
416295.0,4568505.0,2025-06-18
416305.0,4568505.0,2025-06-18
416315.0,4568505.0,2025-06-18
416325.0,4568505.0,2025-06-18
416335.0,4568505.0,2025-06-18
416345.0,4568505.0,2025-06-18
416355.0,4568505.0,2025-06-18
416365.0,4568505.0,2025-06-18
416375.0,4568505.0,2025-06-18
416385.0,4568505.0,2025-06-18
416395.0,4568505.0,2025-06-18
416405.0,4568505.0,2025-06-18
416415.0,4568505.0,2025-06-18
416425.0,4568505.0,2025-06-18
416435.0,4568505.0,2025-06-18
416445.0,4568505.0,2025-06-18
416455.0,4568505.0,2025-06-18
415965.0,4568495.0,2025-06-18
415975.0,4568495.0,2025-06-18
415985.0,4568495.0,2025-06-18
415995.0,4568495.0,2025-06-18
416005.0,4568495.0,2025-06-18
416015.0,4568495.0,2025-06-18
416025.0,4568495.0,2025-06-18
416035.0,4568495.0,2025-06-18
416045.0,4568495.0,2025-06-18
416055.0,4568495.0,2025-06-18
416065.0,4568495.0,2025-06-18
416075.0,4568495.0,2025-06-18
416085.0,4568495.0,2025-06-18
416095.0,4568495.0,2025-06-18
416105.0,4568495.0,2025-06-18
416115.0,4568495.0,2025-06-18
416125.0,4568495.0,2025-06-18
416135.0,4568495.0,2025-06-18
416145.0,4568495.0,2025-06-18
416155.0,4568495.0,2025-06-18
416165.0,4568495.0,2025-06-18
416175.0,4568495.0,2025-06-18
416185.0,4568495.0,2025-06-18
416195.0,4568495.0,2025-06-18
416205.0,4568495.0,2025-06-18
416215.0,4568495.0,2025-06-18
416225.0,4568495.0,2025-06-18
416235.0,4568495.0,2025-06-18
416245.0,4568495.0,2025-06-18
416255.0,4568495.0,2025-06-18
416265.0,4568495.0,2025-06-18
416275.0,4568495.0,2025-06-18
416285.0,4568495.0,2025-06-18
416295.0,4568495.0,2025-06-18
416305.0,4568495.0,2025-06-18
416315.0,4568495.0,2025-06-18
416325.0,4568495.0,2025-06-18
416335.0,4568495.0,2025-06-18
416345.0,4568495.0,2025-06-18
416355.0,4568495.0,2025-06-18
416365.0,4568495.0,2025-06-18
416375.0,4568495.0,2025-06-18
416385.0,4568495.0,2025-06-18
416395.0,4568495.0,2025-06-18
416405.0,4568495.0,2025-06-18
416415.0,4568495.0,2025-06-18
416425.0,4568495.0,2025-06-18
416435.0,4568495.0,2025-06-18
416445.0,4568495.0,2025-06-18
416455.0,4568495.0,2025-06-18
