411745.0,4568635.0,2025-04-29
411755.0,4568635.0,2025-04-29
411765.0,4568635.0,2025-04-29
411775.0,4568635.0,2025-04-29
411785.0,4568635.0,2025-04-29
411795.0,4568635.0,2025-04-29
411805.0,4568635.0,2025-04-29
411815.0,4568635.0,2025-04-29
411825.0,4568635.0,2025-04-29
411835.0,4568635.0,2025-04-29
411845.0,4568635.0,2025-04-29
411855.0,4568635.0,2025-04-29
411865.0,4568635.0,2025-04-29
411875.0,4568635.0,2025-04-29
411885.0,4568635.0,2025-04-29
411895.0,4568635.0,2025-04-29
411905.0,4568635.0,2025-04-29
411915.0,4568635.0,2025-04-29
411925.0,4568635.0,2025-04-29
411935.0,4568635.0,2025-04-29
411945.0,4568635.0,2025-04-29
411955.0,4568635.0,2025-04-29
411965.0,4568635.0,2025-04-29
411975.0,4568635.0,2025-04-29
411985.0,4568635.0,2025-04-29
411995.0,4568635.0,2025-04-29
412005.0,4568635.0,2025-04-29
412015.0,4568635.0,2025-04-29
412025.0,4568635.0,2025-04-29
412035.0,4568635.0,2025-04-29
412045.0,4568635.0,2025-04-29
412055.0,4568635.0,2025-04-29
412065.0,4568635.0,2025-04-29
412075.0,4568635.0,2025-04-29
412085.0,4568635.0,2025-04-29
412095.0,4568635.0,2025-04-29
412105.0,4568635.0,2025-04-29
412115.0,4568635.0,2025-04-29
412125.0,4568635.0,2025-04-29
412135.0,4568635.0,2025-04-29
412145.0,4568635.0,2025-04-29
412155.0,4568635.0,2025-04-29
412165.0,4568635.0,2025-04-29
412175.0,4568635.0,2025-04-29
412185.0,4568635.0,2025-04-29
412195.0,4568635.0,2025-04-29
412205.0,4568635.0,2025-04-29
412215.0,4568635.0,2025-04-29
412225.0,4568635.0,2025-04-29
412235.0,4568635.0,2025-04-29
412245.0,4568635.0,2025-04-29
411745.0,4568625.0,2025-04-29
411755.0,4568625.0,2025-04-29
411765.0,4568625.0,2025-04-29
411775.0,4568625.0,2025-04-29
411785.0,4568625.0,2025-04-29
411795.0,4568625.0,2025-04-29
411805.0,4568625.0,2025-04-29
411815.0,4568625.0,2025-04-29
411825.0,4568625.0,2025-04-29
411835.0,4568625.0,2025-04-29
411845.0,4568625.0,2025-04-29
411855.0,4568625.0,2025-04-29
411865.0,4568625.0,2025-04-29
411875.0,4568625.0,2025-04-29
411885.0,4568625.0,2025-04-29
411895.0,4568625.0,2025-04-29
411905.0,4568625.0,2025-04-29
411915.0,4568625.0,2025-04-29
411925.0,4568625.0,2025-04-29
411935.0,4568625.0,2025-04-29
411945.0,4568625.0,2025-04-29
411955.0,4568625.0,2025-04-29
411965.0,4568625.0,2025-04-29
411975.0,4568625.0,2025-04-29
411985.0,4568625.0,2025-04-29
411995.0,4568625.0,2025-04-29
412005.0,4568625.0,2025-04-29
412015.0,4568625.0,2025-04-29
412025.0,4568625.0,2025-04-29
412035.0,4568625.0,2025-04-29
412045.0,4568625.0,2025-04-29
412055.0,4568625.0,2025-04-29
412065.0,4568625.0,2025-04-29
412075.0,4568625.0,2025-04-29
412085.0,4568625.0,2025-04-29
412095.0,4568625.0,2025-04-29
412105.0,4568625.0,2025-04-29
412115.0,4568625.0,2025-04-29
412125.0,4568625.0,2025-04-29
412135.0,4568625.0,2025-04-29
412145.0,4568625.0,2025-04-29
412155.0,4568625.0,2025-04-29
412165.0,4568625.0,2025-04-29
412175.0,4568625.0,2025-04-29
412185.0,4568625.0,2025-04-29
412195.0,4568625.0,2025-04-29
412205.0,4568625.0,2025-04-29
412215.0,4568625.0,2025-04-29
412225.0,4568625.0,2025-04-29
412235.0,4568625.0,2025-04-29
412245.0,4568625.0,2025-04-29
412255.0,4568625.0,2025-04-29
412265.0,4568625.0,2025-04-29
412275.0,4568625.0,2025-04-29
412285.0,4568625.0,2025-04-29
412295.0,4568625.0,2025-04-29
412305.0,4568625.0,2025-04-29
412315.0,4568625.0,2025-04-29
412325.0,4568625.0,2025-04-29
412335.0,4568625.0,2025-04-29
412345.0,4568625.0,2025-04-29
412355.0,4568625.0,2025-04-29
412365.0,4568625.0,2025-04-29
412375.0,4568625.0,2025-04-29
412385.0,4568625.0,2025-04-29
412395.0,4568625.0,2025-04-29
412405.0,4568625.0,2025-04-29
412415.0,4568625.0,2025-04-29
412425.0,4568625.0,2025-04-29
412435.0,4568625.0,2025-04-29
412445.0,4568625.0,2025-04-29
412455.0,4568625.0,2025-04-29
412465.0,4568625.0,2025-04-29
412475.0,4568625.0,2025-04-29
412485.0,4568625.0,2025-04-29
412495.0,4568625.0,2025-04-29
412505.0,4568625.0,2025-04-29
412515.0,4568625.0,2025-04-29
412525.0,4568625.0,2025-04-29
412535.0,4568625.0,2025-04-29
412545.0,4568625.0,2025-04-29
412555.0,4568625.0,2025-04-29
412565.0,4568625.0,2025-04-29
412575.0,4568625.0,2025-04-29
412585.0,4568625.0,2025-04-29
412595.0,4568625.0,2025-04-29
412605.0,4568625.0,2025-04-29
412615.0,4568625.0,2025-04-29
412625.0,4568625.0,2025-04-29
412635.0,4568625.0,2025-04-29
412645.0,4568625.0,2025-04-29
412655.0,4568625.0,2025-04-29
412665.0,4568625.0,2025-04-29
412675.0,4568625.0,2025-04-29
412685.0,4568625.0,2025-04-29
412695.0,4568625.0,2025-04-29
412705.0,4568625.0,2025-04-29
412715.0,4568625.0,2025-04-29
412725.0,4568625.0,2025-04-29
412735.0,4568625.0,2025-04-29
412745.0,4568625.0,2025-04-29
412755.0,4568625.0,2025-04-29
412765.0,4568625.0,2025-04-29
412775.0,4568625.0,2025-04-29
412785.0,4568625.0,2025-04-29
412795.0,4568625.0,2025-04-29
412805.0,4568625.0,2025-04-29
412815.0,4568625.0,2025-04-29
412825.0,4568625.0,2025-04-29
412835.0,4568625.0,2025-04-29
412845.0,4568625.0,2025-04-29
412855.0,4568625.0,2025-04-29
412865.0,4568625.0,2025-04-29
412875.0,4568625.0,2025-04-29
412885.0,4568625.0,2025-04-29
412895.0,4568625.0,2025-04-29
412905.0,4568625.0,2025-04-29
412915.0,4568625.0,2025-04-29
412925.0,4568625.0,2025-04-29
412935.0,4568625.0,2025-04-29
412945.0,4568625.0,2025-04-29
412955.0,4568625.0,2025-04-29
412965.0,4568625.0,2025-04-29
412975.0,4568625.0,2025-04-29
412985.0,4568625.0,2025-04-29
412995.0,4568625.0,2025-04-29
413005.0,4568625.0,2025-04-29
413015.0,4568625.0,2025-04-29
413025.0,4568625.0,2025-04-29
413035.0,4568625.0,2025-04-29
413045.0,4568625.0,2025-04-29
413055.0,4568625.0,2025-04-29
413065.0,4568625.0,2025-04-29
413075.0,4568625.0,2025-04-29
413085.0,4568625.0,2025-04-29
413095.0,4568625.0,2025-04-29
411745.0,4568615.0,2025-04-29
411755.0,4568615.0,2025-04-29
411765.0,4568615.0,2025-04-29
411775.0,4568615.0,2025-04-29
411785.0,4568615.0,2025-04-29
411795.0,4568615.0,2025-04-29
411805.0,4568615.0,2025-04-29
411815.0,4568615.0,2025-04-29
411825.0,4568615.0,2025-04-29
411835.0,4568615.0,2025-04-29
411845.0,4568615.0,2025-04-29
411855.0,4568615.0,2025-04-29
411865.0,4568615.0,2025-04-29
411875.0,4568615.0,2025-04-29
411885.0,4568615.0,2025-04-29
411895.0,4568615.0,2025-04-29
411905.0,4568615.0,2025-04-29
411915.0,4568615.0,2025-04-29
411925.0,4568615.0,2025-04-29
411935.0,4568615.0,2025-04-29
411945.0,4568615.0,2025-04-29
411955.0,4568615.0,2025-04-29
411965.0,4568615.0,2025-04-29
411975.0,4568615.0,2025-04-29
411985.0,4568615.0,2025-04-29
411995.0,4568615.0,2025-04-29
412005.0,4568615.0,2025-04-29
412015.0,4568615.0,2025-04-29
412025.0,4568615.0,2025-04-29
412035.0,4568615.0,2025-04-29
412045.0,4568615.0,2025-04-29
412055.0,4568615.0,2025-04-29
412065.0,4568615.0,2025-04-29
412075.0,4568615.0,2025-04-29
412085.0,4568615.0,2025-04-29
412095.0,4568615.0,2025-04-29
412105.0,4568615.0,2025-04-29
412115.0,4568615.0,2025-04-29
412125.0,4568615.0,2025-04-29
412135.0,4568615.0,2025-04-29
412145.0,4568615.0,2025-04-29
412155.0,4568615.0,2025-04-29
412165.0,4568615.0,2025-04-29
412175.0,4568615.0,2025-04-29
412185.0,4568615.0,2025-04-29
412195.0,4568615.0,2025-04-29
412205.0,4568615.0,2025-04-29
412215.0,4568615.0,2025-04-29
412225.0,4568615.0,2025-04-29
412235.0,4568615.0,2025-04-29
412245.0,4568615.0,2025-04-29
412255.0,4568615.0,2025-04-29
412265.0,4568615.0,2025-04-29
412275.0,4568615.0,2025-04-29
412285.0,4568615.0,2025-04-29
412295.0,4568615.0,2025-04-29
412305.0,4568615.0,2025-04-29
412315.0,4568615.0,2025-04-29
412325.0,4568615.0,2025-04-29
412335.0,4568615.0,2025-04-29
412345.0,4568615.0,2025-04-29
412355.0,4568615.0,2025-04-29
412365.0,4568615.0,2025-04-29
412375.0,4568615.0,2025-04-29
412385.0,4568615.0,2025-04-29
412395.0,4568615.0,2025-04-29
412405.0,4568615.0,2025-04-29
412415.0,4568615.0,2025-04-29
412425.0,4568615.0,2025-04-29
412435.0,4568615.0,2025-04-29
412445.0,4568615.0,2025-04-29
412455.0,4568615.0,2025-04-29
412465.0,4568615.0,2025-04-29
412475.0,4568615.0,2025-04-29
412485.0,4568615.0,2025-04-29
412495.0,4568615.0,2025-04-29
412505.0,4568615.0,2025-04-29
412515.0,4568615.0,2025-04-29
412525.0,4568615.0,2025-04-29
412535.0,4568615.0,2025-04-29
412545.0,4568615.0,2025-04-29
412555.0,4568615.0,2025-04-29
412565.0,4568615.0,2025-04-29
412575.0,4568615.0,2025-04-29
412585.0,4568615.0,2025-04-29
412595.0,4568615.0,2025-04-29
412605.0,4568615.0,2025-04-29
412615.0,4568615.0,2025-04-29
412625.0,4568615.0,2025-04-29
412635.0,4568615.0,2025-04-29
412645.0,4568615.0,2025-04-29
412655.0,4568615.0,2025-04-29
412665.0,4568615.0,2025-04-29
412675.0,4568615.0,2025-04-29
412685.0,4568615.0,2025-04-29
412695.0,4568615.0,2025-04-29
412705.0,4568615.0,2025-04-29
412715.0,4568615.0,2025-04-29
412725.0,4568615.0,2025-04-29
412735.0,4568615.0,2025-04-29
412745.0,4568615.0,2025-04-29
412755.0,4568615.0,2025-04-29
412765.0,4568615.0,2025-04-29
412775.0,4568615.0,2025-04-29
412785.0,4568615.0,2025-04-29
412795.0,4568615.0,2025-04-29
412805.0,4568615.0,2025-04-29
412815.0,4568615.0,2025-04-29
412825.0,4568615.0,2025-04-29
412835.0,4568615.0,2025-04-29
412845.0,4568615.0,2025-04-29
412855.0,4568615.0,2025-04-29
412865.0,4568615.0,2025-04-29
412875.0,4568615.0,2025-04-29
412885.0,4568615.0,2025-04-29
412895.0,4568615.0,2025-04-29
412905.0,4568615.0,2025-04-29
412915.0,4568615.0,2025-04-29
412925.0,4568615.0,2025-04-29
412935.0,4568615.0,2025-04-29
412945.0,4568615.0,2025-04-29
412955.0,4568615.0,2025-04-29
412965.0,4568615.0,2025-04-29
412975.0,4568615.0,2025-04-29
412985.0,4568615.0,2025-04-29
412995.0,4568615.0,2025-04-29
413005.0,4568615.0,2025-04-29
413015.0,4568615.0,2025-04-29
413025.0,4568615.0,2025-04-29
413035.0,4568615.0,2025-04-29
413045.0,4568615.0,2025-04-29
413055.0,4568615.0,2025-04-29
413065.0,4568615.0,2025-04-29
413075.0,4568615.0,2025-04-29
413085.0,4568615.0,2025-04-29
413095.0,4568615.0,2025-04-29
413105.0,4568615.0,2025-04-29
413115.0,4568615.0,2025-04-29
413125.0,4568615.0,2025-04-29
413135.0,4568615.0,2025-04-29
413145.0,4568615.0,2025-04-29
413155.0,4568615.0,2025-04-29
413165.0,4568615.0,2025-04-29
413175.0,4568615.0,2025-04-29
413185.0,4568615.0,2025-04-29
413195.0,4568615.0,2025-04-29
413205.0,4568615.0,2025-04-29
413215.0,4568615.0,2025-04-29
413225.0,4568615.0,2025-04-29
413235.0,4568615.0,2025-04-29
413245.0,4568615.0,2025-04-29
413255.0,4568615.0,2025-04-29
413265.0,4568615.0,2025-04-29
413275.0,4568615.0,2025-04-29
413285.0,4568615.0,2025-04-29
413295.0,4568615.0,2025-04-29
413305.0,4568615.0,2025-04-29
413315.0,4568615.0,2025-04-29
413325.0,4568615.0,2025-04-29
413335.0,4568615.0,2025-04-29
413345.0,4568615.0,2025-04-29
413355.0,4568615.0,2025-04-29
413365.0,4568615.0,2025-04-29
413375.0,4568615.0,2025-04-29
413385.0,4568615.0,2025-04-29
413395.0,4568615.0,2025-04-29
413405.0,4568615.0,2025-04-29
413415.0,4568615.0,2025-04-29
413425.0,4568615.0,2025-04-29
413435.0,4568615.0,2025-04-29
413445.0,4568615.0,2025-04-29
413455.0,4568615.0,2025-04-29
413465.0,4568615.0,2025-04-29
413475.0,4568615.0,2025-04-29
413485.0,4568615.0,2025-04-29
413495.0,4568615.0,2025-04-29
413505.0,4568615.0,2025-04-29
413515.0,4568615.0,2025-04-29
413525.0,4568615.0,2025-04-29
413535.0,4568615.0,2025-04-29
413545.0,4568615.0,2025-04-29
413555.0,4568615.0,2025-04-29
413565.0,4568615.0,2025-04-29
413575.0,4568615.0,2025-04-29
413585.0,4568615.0,2025-04-29
413595.0,4568615.0,2025-04-29
413605.0,4568615.0,2025-04-29
413615.0,4568615.0,2025-04-29
413625.0,4568615.0,2025-04-29
413635.0,4568615.0,2025-04-29
413645.0,4568615.0,2025-04-29
413655.0,4568615.0,2025-04-29
413665.0,4568615.0,2025-04-29
413675.0,4568615.0,2025-04-29
413685.0,4568615.0,2025-04-29
413695.0,4568615.0,2025-04-29
413705.0,4568615.0,2025-04-29
413715.0,4568615.0,2025-04-29
413725.0,4568615.0,2025-04-29
413735.0,4568615.0,2025-04-29
413745.0,4568615.0,2025-04-29
413755.0,4568615.0,2025-04-29
413765.0,4568615.0,2025-04-29
413775.0,4568615.0,2025-04-29
413785.0,4568615.0,2025-04-29
413795.0,4568615.0,2025-04-29
413805.0,4568615.0,2025-04-29
413815.0,4568615.0,2025-04-29
413825.0,4568615.0,2025-04-29
413835.0,4568615.0,2025-04-29
413845.0,4568615.0,2025-04-29
413855.0,4568615.0,2025-04-29
413865.0,4568615.0,2025-04-29
413875.0,4568615.0,2025-04-29
413885.0,4568615.0,2025-04-29
413895.0,4568615.0,2025-04-29
413905.0,4568615.0,2025-04-29
413915.0,4568615.0,2025-04-29
413925.0,4568615.0,2025-04-29
413935.0,4568615.0,2025-04-29
411745.0,4568605.0,2025-04-29
411755.0,4568605.0,2025-04-29
411765.0,4568605.0,2025-04-29
411775.0,4568605.0,2025-04-29
411785.0,4568605.0,2025-04-29
411795.0,4568605.0,2025-04-29
411805.0,4568605.0,2025-04-29
411815.0,4568605.0,2025-04-29
411825.0,4568605.0,2025-04-29
411835.0,4568605.0,2025-04-29
411845.0,4568605.0,2025-04-29
411855.0,4568605.0,2025-04-29
411865.0,4568605.0,2025-04-29
411875.0,4568605.0,2025-04-29
411885.0,4568605.0,2025-04-29
411895.0,4568605.0,2025-04-29
411905.0,4568605.0,2025-04-29
411915.0,4568605.0,2025-04-29
411925.0,4568605.0,2025-04-29
411935.0,4568605.0,2025-04-29
411945.0,4568605.0,2025-04-29
411955.0,4568605.0,2025-04-29
411965.0,4568605.0,2025-04-29
411975.0,4568605.0,2025-04-29
411985.0,4568605.0,2025-04-29
411995.0,4568605.0,2025-04-29
412005.0,4568605.0,2025-04-29
412015.0,4568605.0,2025-04-29
412025.0,4568605.0,2025-04-29
412035.0,4568605.0,2025-04-29
412045.0,4568605.0,2025-04-29
412055.0,4568605.0,2025-04-29
412065.0,4568605.0,2025-04-29
412075.0,4568605.0,2025-04-29
412085.0,4568605.0,2025-04-29
412095.0,4568605.0,2025-04-29
412105.0,4568605.0,2025-04-29
412115.0,4568605.0,2025-04-29
412125.0,4568605.0,2025-04-29
412135.0,4568605.0,2025-04-29
412145.0,4568605.0,2025-04-29
412155.0,4568605.0,2025-04-29
412165.0,4568605.0,2025-04-29
412175.0,4568605.0,2025-04-29
412185.0,4568605.0,2025-04-29
412195.0,4568605.0,2025-04-29
412205.0,4568605.0,2025-04-29
412215.0,4568605.0,2025-04-29
412225.0,4568605.0,2025-04-29
412235.0,4568605.0,2025-04-29
412245.0,4568605.0,2025-04-29
412255.0,4568605.0,2025-04-29
412265.0,4568605.0,2025-04-29
412275.0,4568605.0,2025-04-29
412285.0,4568605.0,2025-04-29
412295.0,4568605.0,2025-04-29
412305.0,4568605.0,2025-04-29
412315.0,4568605.0,2025-04-29
412325.0,4568605.0,2025-04-29
412335.0,4568605.0,2025-04-29
412345.0,4568605.0,2025-04-29
412355.0,4568605.0,2025-04-29
412365.0,4568605.0,2025-04-29
412375.0,4568605.0,2025-04-29
412385.0,4568605.0,2025-04-29
412395.0,4568605.0,2025-04-29
412405.0,4568605.0,2025-04-29
412415.0,4568605.0,2025-04-29
412425.0,4568605.0,2025-04-29
412435.0,4568605.0,2025-04-29
412445.0,4568605.0,2025-04-29
412455.0,4568605.0,2025-04-29
412465.0,4568605.0,2025-04-29
412475.0,4568605.0,2025-04-29
412485.0,4568605.0,2025-04-29
412495.0,4568605.0,2025-04-29
412505.0,4568605.0,2025-04-29
412515.0,4568605.0,2025-04-29
412525.0,4568605.0,2025-04-29
412535.0,4568605.0,2025-04-29
412545.0,4568605.0,2025-04-29
412555.0,4568605.0,2025-04-29
412565.0,4568605.0,2025-04-29
412575.0,4568605.0,2025-04-29
412585.0,4568605.0,2025-04-29
412595.0,4568605.0,2025-04-29
412605.0,4568605.0,2025-04-29
412615.0,4568605.0,2025-04-29
412625.0,4568605.0,2025-04-29
412635.0,4568605.0,2025-04-29
412645.0,4568605.0,2025-04-29
412655.0,4568605.0,2025-04-29
412665.0,4568605.0,2025-04-29
412675.0,4568605.0,2025-04-29
412685.0,4568605.0,2025-04-29
412695.0,4568605.0,2025-04-29
412705.0,4568605.0,2025-04-29
412715.0,4568605.0,2025-04-29
412725.0,4568605.0,2025-04-29
412735.0,4568605.0,2025-04-29
412745.0,4568605.0,2025-04-29
412755.0,4568605.0,2025-04-29
412765.0,4568605.0,2025-04-29
412775.0,4568605.0,2025-04-29
412785.0,4568605.0,2025-04-29
412795.0,4568605.0,2025-04-29
412805.0,4568605.0,2025-04-29
412815.0,4568605.0,2025-04-29
412825.0,4568605.0,2025-04-29
412835.0,4568605.0,2025-04-29
412845.0,4568605.0,2025-04-29
412855.0,4568605.0,2025-04-29
412865.0,4568605.0,2025-04-29
412875.0,4568605.0,2025-04-29
412885.0,4568605.0,2025-04-29
412895.0,4568605.0,2025-04-29
412905.0,4568605.0,2025-04-29
412915.0,4568605.0,2025-04-29
412925.0,4568605.0,2025-04-29
412935.0,4568605.0,2025-04-29
412945.0,4568605.0,2025-04-29
412955.0,4568605.0,2025-04-29
412965.0,4568605.0,2025-04-29
412975.0,4568605.0,2025-04-29
412985.0,4568605.0,2025-04-29
412995.0,4568605.0,2025-04-29
413005.0,4568605.0,2025-04-29
413015.0,4568605.0,2025-04-29
413025.0,4568605.0,2025-04-29
413035.0,4568605.0,2025-04-29
413045.0,4568605.0,2025-04-29
413055.0,4568605.0,2025-04-29
413065.0,4568605.0,2025-04-29
413075.0,4568605.0,2025-04-29
413085.0,4568605.0,2025-04-29
413095.0,4568605.0,2025-04-29
413105.0,4568605.0,2025-04-29
413115.0,4568605.0,2025-04-29
413125.0,4568605.0,2025-04-29
413135.0,4568605.0,2025-04-29
413145.0,4568605.0,2025-04-29
413155.0,4568605.0,2025-04-29
413165.0,4568605.0,2025-04-29
413175.0,4568605.0,2025-04-29
413185.0,4568605.0,2025-04-29
413195.0,4568605.0,2025-04-29
413205.0,4568605.0,2025-04-29
413215.0,4568605.0,2025-04-29
413225.0,4568605.0,2025-04-29
413235.0,4568605.0,2025-04-29
413245.0,4568605.0,2025-04-29
413255.0,4568605.0,2025-04-29
413265.0,4568605.0,2025-04-29
413275.0,4568605.0,2025-04-29
413285.0,4568605.0,2025-04-29
413295.0,4568605.0,2025-04-29
413305.0,4568605.0,2025-04-29
413315.0,4568605.0,2025-04-29
413325.0,4568605.0,2025-04-29
413335.0,4568605.0,2025-04-29
413345.0,4568605.0,2025-04-29
413355.0,4568605.0,2025-04-29
413365.0,4568605.0,2025-04-29
413375.0,4568605.0,2025-04-29
413385.0,4568605.0,2025-04-29
413395.0,4568605.0,2025-04-29
413405.0,4568605.0,2025-04-29
413415.0,4568605.0,2025-04-29
413425.0,4568605.0,2025-04-29
413435.0,4568605.0,2025-04-29
413445.0,4568605.0,2025-04-29
413455.0,4568605.0,2025-04-29
413465.0,4568605.0,2025-04-29
413475.0,4568605.0,2025-04-29
413485.0,4568605.0,2025-04-29
413495.0,4568605.0,2025-04-29
413505.0,4568605.0,2025-04-29
413515.0,4568605.0,2025-04-29
413525.0,4568605.0,2025-04-29
413535.0,4568605.0,2025-04-29
413545.0,4568605.0,2025-04-29
413555.0,4568605.0,2025-04-29
413565.0,4568605.0,2025-04-29
413575.0,4568605.0,2025-04-29
413585.0,4568605.0,2025-04-29
413595.0,4568605.0,2025-04-29
413605.0,4568605.0,2025-04-29
413615.0,4568605.0,2025-04-29
413625.0,4568605.0,2025-04-29
413635.0,4568605.0,2025-04-29
413645.0,4568605.0,2025-04-29
413655.0,4568605.0,2025-04-29
413665.0,4568605.0,2025-04-29
413675.0,4568605.0,2025-04-29
413685.0,4568605.0,2025-04-29
413695.0,4568605.0,2025-04-29
413705.0,4568605.0,2025-04-29
413715.0,4568605.0,2025-04-29
413725.0,4568605.0,2025-04-29
413735.0,4568605.0,2025-04-29
413745.0,4568605.0,2025-04-29
413755.0,4568605.0,2025-04-29
413765.0,4568605.0,2025-04-29
413775.0,4568605.0,2025-04-29
413785.0,4568605.0,2025-04-29
413795.0,4568605.0,2025-04-29
413805.0,4568605.0,2025-04-29
413815.0,4568605.0,2025-04-29
413825.0,4568605.0,2025-04-29
413835.0,4568605.0,2025-04-29
413845.0,4568605.0,2025-04-29
413855.0,4568605.0,2025-04-29
413865.0,4568605.0,2025-04-29
413875.0,4568605.0,2025-04-29
413885.0,4568605.0,2025-04-29
413895.0,4568605.0,2025-04-29
413905.0,4568605.0,2025-04-29
413915.0,4568605.0,2025-04-29
413925.0,4568605.0,2025-04-29
413935.0,4568605.0,2025-04-29
413945.0,4568605.0,2025-04-29
413955.0,4568605.0,2025-04-29
413965.0,4568605.0,2025-04-29
413975.0,4568605.0,2025-04-29
413985.0,4568605.0,2025-04-29
413995.0,4568605.0,2025-04-29
414005.0,4568605.0,2025-04-29
414015.0,4568605.0,2025-04-29
414025.0,4568605.0,2025-04-29
414035.0,4568605.0,2025-04-29
414045.0,4568605.0,2025-04-29
414055.0,4568605.0,2025-04-29
414065.0,4568605.0,2025-04-29
414075.0,4568605.0,2025-04-29
414085.0,4568605.0,2025-04-29
414095.0,4568605.0,2025-04-29
414105.0,4568605.0,2025-04-29
414115.0,4568605.0,2025-04-29
414125.0,4568605.0,2025-04-29
414135.0,4568605.0,2025-04-29
414145.0,4568605.0,2025-04-29
414155.0,4568605.0,2025-04-29
414165.0,4568605.0,2025-04-29
414175.0,4568605.0,2025-04-29
414185.0,4568605.0,2025-04-29
414195.0,4568605.0,2025-04-29
414205.0,4568605.0,2025-04-29
414215.0,4568605.0,2025-04-29
414225.0,4568605.0,2025-04-29
414235.0,4568605.0,2025-04-29
414245.0,4568605.0,2025-04-29
414255.0,4568605.0,2025-04-29
414265.0,4568605.0,2025-04-29
414275.0,4568605.0,2025-04-29
414285.0,4568605.0,2025-04-29
414295.0,4568605.0,2025-04-29
414305.0,4568605.0,2025-04-29
414315.0,4568605.0,2025-04-29
414325.0,4568605.0,2025-04-29
414335.0,4568605.0,2025-04-29
414345.0,4568605.0,2025-04-29
414355.0,4568605.0,2025-04-29
414365.0,4568605.0,2025-04-29
414375.0,4568605.0,2025-04-29
414385.0,4568605.0,2025-04-29
414395.0,4568605.0,2025-04-29
414405.0,4568605.0,2025-04-29
414415.0,4568605.0,2025-04-29
414425.0,4568605.0,2025-04-29
414435.0,4568605.0,2025-04-29
414445.0,4568605.0,2025-04-29
414455.0,4568605.0,2025-04-29
414465.0,4568605.0,2025-04-29
414475.0,4568605.0,2025-04-29
414485.0,4568605.0,2025-04-29
414495.0,4568605.0,2025-04-29
414505.0,4568605.0,2025-04-29
414515.0,4568605.0,2025-04-29
414525.0,4568605.0,2025-04-29
414535.0,4568605.0,2025-04-29
414545.0,4568605.0,2025-04-29
414555.0,4568605.0,2025-04-29
414565.0,4568605.0,2025-04-29
414575.0,4568605.0,2025-04-29
414585.0,4568605.0,2025-04-29
414595.0,4568605.0,2025-04-29
414605.0,4568605.0,2025-04-29
414615.0,4568605.0,2025-04-29
414625.0,4568605.0,2025-04-29
414635.0,4568605.0,2025-04-29
414645.0,4568605.0,2025-04-29
414655.0,4568605.0,2025-04-29
414665.0,4568605.0,2025-04-29
414675.0,4568605.0,2025-04-29
414685.0,4568605.0,2025-04-29
414695.0,4568605.0,2025-04-29
414705.0,4568605.0,2025-04-29
414715.0,4568605.0,2025-04-29
414725.0,4568605.0,2025-04-29
414735.0,4568605.0,2025-04-29
414745.0,4568605.0,2025-04-29
414755.0,4568605.0,2025-04-29
414765.0,4568605.0,2025-04-29
414775.0,4568605.0,2025-04-29
414785.0,4568605.0,2025-04-29
411745.0,4568595.0,2025-04-29
411755.0,4568595.0,2025-04-29
411765.0,4568595.0,2025-04-29
411775.0,4568595.0,2025-04-29
411785.0,4568595.0,2025-04-29
411795.0,4568595.0,2025-04-29
411805.0,4568595.0,2025-04-29
411815.0,4568595.0,2025-04-29
411825.0,4568595.0,2025-04-29
411835.0,4568595.0,2025-04-29
411845.0,4568595.0,2025-04-29
411855.0,4568595.0,2025-04-29
411865.0,4568595.0,2025-04-29
411875.0,4568595.0,2025-04-29
411885.0,4568595.0,2025-04-29
411895.0,4568595.0,2025-04-29
411905.0,4568595.0,2025-04-29
411915.0,4568595.0,2025-04-29
411925.0,4568595.0,2025-04-29
411935.0,4568595.0,2025-04-29
411945.0,4568595.0,2025-04-29
411955.0,4568595.0,2025-04-29
411965.0,4568595.0,2025-04-29
411975.0,4568595.0,2025-04-29
411985.0,4568595.0,2025-04-29
411995.0,4568595.0,2025-04-29
412005.0,4568595.0,2025-04-29
412015.0,4568595.0,2025-04-29
412025.0,4568595.0,2025-04-29
412035.0,4568595.0,2025-04-29
412045.0,4568595.0,2025-04-29
412055.0,4568595.0,2025-04-29
412065.0,4568595.0,2025-04-29
412075.0,4568595.0,2025-04-29
412085.0,4568595.0,2025-04-29
412095.0,4568595.0,2025-04-29
412105.0,4568595.0,2025-04-29
412115.0,4568595.0,2025-04-29
412125.0,4568595.0,2025-04-29
412135.0,4568595.0,2025-04-29
412145.0,4568595.0,2025-04-29
412155.0,4568595.0,2025-04-29
412165.0,4568595.0,2025-04-29
412175.0,4568595.0,2025-04-29
412185.0,4568595.0,2025-04-29
412195.0,4568595.0,2025-04-29
412205.0,4568595.0,2025-04-29
412215.0,4568595.0,2025-04-29
412225.0,4568595.0,2025-04-29
412235.0,4568595.0,2025-04-29
412245.0,4568595.0,2025-04-29
412255.0,4568595.0,2025-04-29
412265.0,4568595.0,2025-04-29
412275.0,4568595.0,2025-04-29
412285.0,4568595.0,2025-04-29
412295.0,4568595.0,2025-04-29
412305.0,4568595.0,2025-04-29
412315.0,4568595.0,2025-04-29
412325.0,4568595.0,2025-04-29
412335.0,4568595.0,2025-04-29
412345.0,4568595.0,2025-04-29
412355.0,4568595.0,2025-04-29
412365.0,4568595.0,2025-04-29
412375.0,4568595.0,2025-04-29
412385.0,4568595.0,2025-04-29
412395.0,4568595.0,2025-04-29
412405.0,4568595.0,2025-04-29
412415.0,4568595.0,2025-04-29
412425.0,4568595.0,2025-04-29
412435.0,4568595.0,2025-04-29
412445.0,4568595.0,2025-04-29
412455.0,4568595.0,2025-04-29
412465.0,4568595.0,2025-04-29
412475.0,4568595.0,2025-04-29
412485.0,4568595.0,2025-04-29
412495.0,4568595.0,2025-04-29
412505.0,4568595.0,2025-04-29
412515.0,4568595.0,2025-04-29
412525.0,4568595.0,2025-04-29
412535.0,4568595.0,2025-04-29
412545.0,4568595.0,2025-04-29
412555.0,4568595.0,2025-04-29
412565.0,4568595.0,2025-04-29
412575.0,4568595.0,2025-04-29
412585.0,4568595.0,2025-04-29
412595.0,4568595.0,2025-04-29
412605.0,4568595.0,2025-04-29
412615.0,4568595.0,2025-04-29
412625.0,4568595.0,2025-04-29
412635.0,4568595.0,2025-04-29
412645.0,4568595.0,2025-04-29
412655.0,4568595.0,2025-04-29
412665.0,4568595.0,2025-04-29
412675.0,4568595.0,2025-04-29
412685.0,4568595.0,2025-04-29
412695.0,4568595.0,2025-04-29
412705.0,4568595.0,2025-04-29
412715.0,4568595.0,2025-04-29
412725.0,4568595.0,2025-04-29
412735.0,4568595.0,2025-04-29
412745.0,4568595.0,2025-04-29
412755.0,4568595.0,2025-04-29
412765.0,4568595.0,2025-04-29
412775.0,4568595.0,2025-04-29
412785.0,4568595.0,2025-04-29
412795.0,4568595.0,2025-04-29
412805.0,4568595.0,2025-04-29
412815.0,4568595.0,2025-04-29
412825.0,4568595.0,2025-04-29
412835.0,4568595.0,2025-04-29
412845.0,4568595.0,2025-04-29
412855.0,4568595.0,2025-04-29
412865.0,4568595.0,2025-04-29
412875.0,4568595.0,2025-04-29
412885.0,4568595.0,2025-04-29
412895.0,4568595.0,2025-04-29
412905.0,4568595.0,2025-04-29
412915.0,4568595.0,2025-04-29
412925.0,4568595.0,2025-04-29
412935.0,4568595.0,2025-04-29
412945.0,4568595.0,2025-04-29
412955.0,4568595.0,2025-04-29
412965.0,4568595.0,2025-04-29
412975.0,4568595.0,2025-04-29
412985.0,4568595.0,2025-04-29
412995.0,4568595.0,2025-04-29
413005.0,4568595.0,2025-04-29
413015.0,4568595.0,2025-04-29
413025.0,4568595.0,2025-04-29
413035.0,4568595.0,2025-04-29
413045.0,4568595.0,2025-04-29
413055.0,4568595.0,2025-04-29
413065.0,4568595.0,2025-04-29
413075.0,4568595.0,2025-04-29
413085.0,4568595.0,2025-04-29
413095.0,4568595.0,2025-04-29
413105.0,4568595.0,2025-04-29
413115.0,4568595.0,2025-04-29
413125.0,4568595.0,2025-04-29
413135.0,4568595.0,2025-04-29
413145.0,4568595.0,2025-04-29
413155.0,4568595.0,2025-04-29
413165.0,4568595.0,2025-04-29
413175.0,4568595.0,2025-04-29
413185.0,4568595.0,2025-04-29
413195.0,4568595.0,2025-04-29
413205.0,4568595.0,2025-04-29
413215.0,4568595.0,2025-04-29
413225.0,4568595.0,2025-04-29
413235.0,4568595.0,2025-04-29
413245.0,4568595.0,2025-04-29
413255.0,4568595.0,2025-04-29
413265.0,4568595.0,2025-04-29
413275.0,4568595.0,2025-04-29
413285.0,4568595.0,2025-04-29
413295.0,4568595.0,2025-04-29
413305.0,4568595.0,2025-04-29
413315.0,4568595.0,2025-04-29
413325.0,4568595.0,2025-04-29
413335.0,4568595.0,2025-04-29
413345.0,4568595.0,2025-04-29
413355.0,4568595.0,2025-04-29
413365.0,4568595.0,2025-04-29
413375.0,4568595.0,2025-04-29
413385.0,4568595.0,2025-04-29
413395.0,4568595.0,2025-04-29
413405.0,4568595.0,2025-04-29
413415.0,4568595.0,2025-04-29
413425.0,4568595.0,2025-04-29
413435.0,4568595.0,2025-04-29
413445.0,4568595.0,2025-04-29
413455.0,4568595.0,2025-04-29
413465.0,4568595.0,2025-04-29
413475.0,4568595.0,2025-04-29
413485.0,4568595.0,2025-04-29
413495.0,4568595.0,2025-04-29
413505.0,4568595.0,2025-04-29
413515.0,4568595.0,2025-04-29
413525.0,4568595.0,2025-04-29
413535.0,4568595.0,2025-04-29
413545.0,4568595.0,2025-04-29
413555.0,4568595.0,2025-04-29
413565.0,4568595.0,2025-04-29
413575.0,4568595.0,2025-04-29
413585.0,4568595.0,2025-04-29
413595.0,4568595.0,2025-04-29
413605.0,4568595.0,2025-04-29
413615.0,4568595.0,2025-04-29
413625.0,4568595.0,2025-04-29
413635.0,4568595.0,2025-04-29
413645.0,4568595.0,2025-04-29
413655.0,4568595.0,2025-04-29
413665.0,4568595.0,2025-04-29
413675.0,4568595.0,2025-04-29
413685.0,4568595.0,2025-04-29
413695.0,4568595.0,2025-04-29
413705.0,4568595.0,2025-04-29
413715.0,4568595.0,2025-04-29
413725.0,4568595.0,2025-04-29
413735.0,4568595.0,2025-04-29
413745.0,4568595.0,2025-04-29
413755.0,4568595.0,2025-04-29
413765.0,4568595.0,2025-04-29
413775.0,4568595.0,2025-04-29
413785.0,4568595.0,2025-04-29
413795.0,4568595.0,2025-04-29
413805.0,4568595.0,2025-04-29
413815.0,4568595.0,2025-04-29
413825.0,4568595.0,2025-04-29
413835.0,4568595.0,2025-04-29
413845.0,4568595.0,2025-04-29
413855.0,4568595.0,2025-04-29
413865.0,4568595.0,2025-04-29
413875.0,4568595.0,2025-04-29
413885.0,4568595.0,2025-04-29
413895.0,4568595.0,2025-04-29
413905.0,4568595.0,2025-04-29
413915.0,4568595.0,2025-04-29
413925.0,4568595.0,2025-04-29
413935.0,4568595.0,2025-04-29
413945.0,4568595.0,2025-04-29
413955.0,4568595.0,2025-04-29
413965.0,4568595.0,2025-04-29
413975.0,4568595.0,2025-04-29
413985.0,4568595.0,2025-04-29
413995.0,4568595.0,2025-04-29
414005.0,4568595.0,2025-04-29
414015.0,4568595.0,2025-04-29
414025.0,4568595.0,2025-04-29
414035.0,4568595.0,2025-04-29
414045.0,4568595.0,2025-04-29
414055.0,4568595.0,2025-04-29
414065.0,4568595.0,2025-04-29
414075.0,4568595.0,2025-04-29
414085.0,4568595.0,2025-04-29
414095.0,4568595.0,2025-04-29
414105.0,4568595.0,2025-04-29
414115.0,4568595.0,2025-04-29
414125.0,4568595.0,2025-04-29
414135.0,4568595.0,2025-04-29
414145.0,4568595.0,2025-04-29
414155.0,4568595.0,2025-04-29
414165.0,4568595.0,2025-04-29
414175.0,4568595.0,2025-04-29
414185.0,4568595.0,2025-04-29
414195.0,4568595.0,2025-04-29
414205.0,4568595.0,2025-04-29
414215.0,4568595.0,2025-04-29
414225.0,4568595.0,2025-04-29
414235.0,4568595.0,2025-04-29
414245.0,4568595.0,2025-04-29
414255.0,4568595.0,2025-04-29
414265.0,4568595.0,2025-04-29
414275.0,4568595.0,2025-04-29
414285.0,4568595.0,2025-04-29
414295.0,4568595.0,2025-04-29
414305.0,4568595.0,2025-04-29
414315.0,4568595.0,2025-04-29
414325.0,4568595.0,2025-04-29
414335.0,4568595.0,2025-04-29
414345.0,4568595.0,2025-04-29
414355.0,4568595.0,2025-04-29
414365.0,4568595.0,2025-04-29
414375.0,4568595.0,2025-04-29
414385.0,4568595.0,2025-04-29
414395.0,4568595.0,2025-04-29
414405.0,4568595.0,2025-04-29
414415.0,4568595.0,2025-04-29
414425.0,4568595.0,2025-04-29
414435.0,4568595.0,2025-04-29
414445.0,4568595.0,2025-04-29
414455.0,4568595.0,2025-04-29
414465.0,4568595.0,2025-04-29
414475.0,4568595.0,2025-04-29
414485.0,4568595.0,2025-04-29
414495.0,4568595.0,2025-04-29
414505.0,4568595.0,2025-04-29
414515.0,4568595.0,2025-04-29
414525.0,4568595.0,2025-04-29
414535.0,4568595.0,2025-04-29
414545.0,4568595.0,2025-04-29
414555.0,4568595.0,2025-04-29
414565.0,4568595.0,2025-04-29
414575.0,4568595.0,2025-04-29
414585.0,4568595.0,2025-04-29
414595.0,4568595.0,2025-04-29
414605.0,4568595.0,2025-04-29
414615.0,4568595.0,2025-04-29
414625.0,4568595.0,2025-04-29
414635.0,4568595.0,2025-04-29
414645.0,4568595.0,2025-04-29
414655.0,4568595.0,2025-04-29
414665.0,4568595.0,2025-04-29
414675.0,4568595.0,2025-04-29
414685.0,4568595.0,2025-04-29
414695.0,4568595.0,2025-04-29
414705.0,4568595.0,2025-04-29
414715.0,4568595.0,2025-04-29
414725.0,4568595.0,2025-04-29
414735.0,4568595.0,2025-04-29
414745.0,4568595.0,2025-04-29
414755.0,4568595.0,2025-04-29
414765.0,4568595.0,2025-04-29
414775.0,4568595.0,2025-04-29
414785.0,4568595.0,2025-04-29
414795.0,4568595.0,2025-04-29
414805.0,4568595.0,2025-04-29
414815.0,4568595.0,2025-04-29
414825.0,4568595.0,2025-04-29
414835.0,4568595.0,2025-04-29
414845.0,4568595.0,2025-04-29
414855.0,4568595.0,2025-04-29
414865.0,4568595.0,2025-04-29
414875.0,4568595.0,2025-04-29
414885.0,4568595.0,2025-04-29
414895.0,4568595.0,2025-04-29
414905.0,4568595.0,2025-04-29
414915.0,4568595.0,2025-04-29
414925.0,4568595.0,2025-04-29
414935.0,4568595.0,2025-04-29
414945.0,4568595.0,2025-04-29
414955.0,4568595.0,2025-04-29
414965.0,4568595.0,2025-04-29
414975.0,4568595.0,2025-04-29
414985.0,4568595.0,2025-04-29
414995.0,4568595.0,2025-04-29
415005.0,4568595.0,2025-04-29
415015.0,4568595.0,2025-04-29
415025.0,4568595.0,2025-04-29
415035.0,4568595.0,2025-04-29
415045.0,4568595.0,2025-04-29
415055.0,4568595.0,2025-04-29
415065.0,4568595.0,2025-04-29
415075.0,4568595.0,2025-04-29
415085.0,4568595.0,2025-04-29
415095.0,4568595.0,2025-04-29
415105.0,4568595.0,2025-04-29
415115.0,4568595.0,2025-04-29
415125.0,4568595.0,2025-04-29
415135.0,4568595.0,2025-04-29
415145.0,4568595.0,2025-04-29
415155.0,4568595.0,2025-04-29
415165.0,4568595.0,2025-04-29
415175.0,4568595.0,2025-04-29
415185.0,4568595.0,2025-04-29
415195.0,4568595.0,2025-04-29
415205.0,4568595.0,2025-04-29
415215.0,4568595.0,2025-04-29
415225.0,4568595.0,2025-04-29
415235.0,4568595.0,2025-04-29
415245.0,4568595.0,2025-04-29
415255.0,4568595.0,2025-04-29
415265.0,4568595.0,2025-04-29
415275.0,4568595.0,2025-04-29
415285.0,4568595.0,2025-04-29
415295.0,4568595.0,2025-04-29
415305.0,4568595.0,2025-04-29
415315.0,4568595.0,2025-04-29
415325.0,4568595.0,2025-04-29
415335.0,4568595.0,2025-04-29
415345.0,4568595.0,2025-04-29
415355.0,4568595.0,2025-04-29
415365.0,4568595.0,2025-04-29
415375.0,4568595.0,2025-04-29
415385.0,4568595.0,2025-04-29
415395.0,4568595.0,2025-04-29
415405.0,4568595.0,2025-04-29
415415.0,4568595.0,2025-04-29
415425.0,4568595.0,2025-04-29
415435.0,4568595.0,2025-04-29
415445.0,4568595.0,2025-04-29
415455.0,4568595.0,2025-04-29
415465.0,4568595.0,2025-04-29
415475.0,4568595.0,2025-04-29
415485.0,4568595.0,2025-04-29
415495.0,4568595.0,2025-04-29
415505.0,4568595.0,2025-04-29
415515.0,4568595.0,2025-04-29
415525.0,4568595.0,2025-04-29
415535.0,4568595.0,2025-04-29
415545.0,4568595.0,2025-04-29
415555.0,4568595.0,2025-04-29
415565.0,4568595.0,2025-04-29
415575.0,4568595.0,2025-04-29
415585.0,4568595.0,2025-04-29
415595.0,4568595.0,2025-04-29
415605.0,4568595.0,2025-04-29
415615.0,4568595.0,2025-04-29
415625.0,4568595.0,2025-04-29
415635.0,4568595.0,2025-04-29
411745.0,4568585.0,2025-04-29
411755.0,4568585.0,2025-04-29
411765.0,4568585.0,2025-04-29
411775.0,4568585.0,2025-04-29
411785.0,4568585.0,2025-04-29
411795.0,4568585.0,2025-04-29
411805.0,4568585.0,2025-04-29
411815.0,4568585.0,2025-04-29
411825.0,4568585.0,2025-04-29
411835.0,4568585.0,2025-04-29
411845.0,4568585.0,2025-04-29
411855.0,4568585.0,2025-04-29
411865.0,4568585.0,2025-04-29
411875.0,4568585.0,2025-04-29
411885.0,4568585.0,2025-04-29
411895.0,4568585.0,2025-04-29
411905.0,4568585.0,2025-04-29
411915.0,4568585.0,2025-04-29
411925.0,4568585.0,2025-04-29
411935.0,4568585.0,2025-04-29
411945.0,4568585.0,2025-04-29
411955.0,4568585.0,2025-04-29
411965.0,4568585.0,2025-04-29
411975.0,4568585.0,2025-04-29
411985.0,4568585.0,2025-04-29
411995.0,4568585.0,2025-04-29
412005.0,4568585.0,2025-04-29
412015.0,4568585.0,2025-04-29
412025.0,4568585.0,2025-04-29
412035.0,4568585.0,2025-04-29
412045.0,4568585.0,2025-04-29
412055.0,4568585.0,2025-04-29
412065.0,4568585.0,2025-04-29
412075.0,4568585.0,2025-04-29
412085.0,4568585.0,2025-04-29
412095.0,4568585.0,2025-04-29
412105.0,4568585.0,2025-04-29
412115.0,4568585.0,2025-04-29
412125.0,4568585.0,2025-04-29
412135.0,4568585.0,2025-04-29
412145.0,4568585.0,2025-04-29
412155.0,4568585.0,2025-04-29
412165.0,4568585.0,2025-04-29
412175.0,4568585.0,2025-04-29
412185.0,4568585.0,2025-04-29
412195.0,4568585.0,2025-04-29
412205.0,4568585.0,2025-04-29
412215.0,4568585.0,2025-04-29
412225.0,4568585.0,2025-04-29
412235.0,4568585.0,2025-04-29
412245.0,4568585.0,2025-04-29
412255.0,4568585.0,2025-04-29
412265.0,4568585.0,2025-04-29
412275.0,4568585.0,2025-04-29
412285.0,4568585.0,2025-04-29
412295.0,4568585.0,2025-04-29
412305.0,4568585.0,2025-04-29
412315.0,4568585.0,2025-04-29
412325.0,4568585.0,2025-04-29
412335.0,4568585.0,2025-04-29
412345.0,4568585.0,2025-04-29
412355.0,4568585.0,2025-04-29
412365.0,4568585.0,2025-04-29
412375.0,4568585.0,2025-04-29
412385.0,4568585.0,2025-04-29
412395.0,4568585.0,2025-04-29
412405.0,4568585.0,2025-04-29
412415.0,4568585.0,2025-04-29
412425.0,4568585.0,2025-04-29
412435.0,4568585.0,2025-04-29
412445.0,4568585.0,2025-04-29
412455.0,4568585.0,2025-04-29
412465.0,4568585.0,2025-04-29
412475.0,4568585.0,2025-04-29
412485.0,4568585.0,2025-04-29
412495.0,4568585.0,2025-04-29
412505.0,4568585.0,2025-04-29
412515.0,4568585.0,2025-04-29
412525.0,4568585.0,2025-04-29
412535.0,4568585.0,2025-04-29
412545.0,4568585.0,2025-04-29
412555.0,4568585.0,2025-04-29
412565.0,4568585.0,2025-04-29
412575.0,4568585.0,2025-04-29
412585.0,4568585.0,2025-04-29
412595.0,4568585.0,2025-04-29
412605.0,4568585.0,2025-04-29
412615.0,4568585.0,2025-04-29
412625.0,4568585.0,2025-04-29
412635.0,4568585.0,2025-04-29
412645.0,4568585.0,2025-04-29
412655.0,4568585.0,2025-04-29
412665.0,4568585.0,2025-04-29
412675.0,4568585.0,2025-04-29
412685.0,4568585.0,2025-04-29
412695.0,4568585.0,2025-04-29
412705.0,4568585.0,2025-04-29
412715.0,4568585.0,2025-04-29
412725.0,4568585.0,2025-04-29
412735.0,4568585.0,2025-04-29
412745.0,4568585.0,2025-04-29
412755.0,4568585.0,2025-04-29
412765.0,4568585.0,2025-04-29
412775.0,4568585.0,2025-04-29
412785.0,4568585.0,2025-04-29
412795.0,4568585.0,2025-04-29
412805.0,4568585.0,2025-04-29
412815.0,4568585.0,2025-04-29
412825.0,4568585.0,2025-04-29
412835.0,4568585.0,2025-04-29
412845.0,4568585.0,2025-04-29
412855.0,4568585.0,2025-04-29
412865.0,4568585.0,2025-04-29
412875.0,4568585.0,2025-04-29
412885.0,4568585.0,2025-04-29
412895.0,4568585.0,2025-04-29
412905.0,4568585.0,2025-04-29
412915.0,4568585.0,2025-04-29
412925.0,4568585.0,2025-04-29
412935.0,4568585.0,2025-04-29
412945.0,4568585.0,2025-04-29
412955.0,4568585.0,2025-04-29
412965.0,4568585.0,2025-04-29
412975.0,4568585.0,2025-04-29
412985.0,4568585.0,2025-04-29
412995.0,4568585.0,2025-04-29
413005.0,4568585.0,2025-04-29
413015.0,4568585.0,2025-04-29
413025.0,4568585.0,2025-04-29
413035.0,4568585.0,2025-04-29
413045.0,4568585.0,2025-04-29
413055.0,4568585.0,2025-04-29
413065.0,4568585.0,2025-04-29
413075.0,4568585.0,2025-04-29
413085.0,4568585.0,2025-04-29
413095.0,4568585.0,2025-04-29
413105.0,4568585.0,2025-04-29
413115.0,4568585.0,2025-04-29
413125.0,4568585.0,2025-04-29
413135.0,4568585.0,2025-04-29
413145.0,4568585.0,2025-04-29
413155.0,4568585.0,2025-04-29
413165.0,4568585.0,2025-04-29
413175.0,4568585.0,2025-04-29
413185.0,4568585.0,2025-04-29
413195.0,4568585.0,2025-04-29
413205.0,4568585.0,2025-04-29
413215.0,4568585.0,2025-04-29
413225.0,4568585.0,2025-04-29
413235.0,4568585.0,2025-04-29
413245.0,4568585.0,2025-04-29
413255.0,4568585.0,2025-04-29
413265.0,4568585.0,2025-04-29
413275.0,4568585.0,2025-04-29
413285.0,4568585.0,2025-04-29
413295.0,4568585.0,2025-04-29
413305.0,4568585.0,2025-04-29
413315.0,4568585.0,2025-04-29
413325.0,4568585.0,2025-04-29
413335.0,4568585.0,2025-04-29
413345.0,4568585.0,2025-04-29
413355.0,4568585.0,2025-04-29
413365.0,4568585.0,2025-04-29
413375.0,4568585.0,2025-04-29
413385.0,4568585.0,2025-04-29
413395.0,4568585.0,2025-04-29
413405.0,4568585.0,2025-04-29
413415.0,4568585.0,2025-04-29
413425.0,4568585.0,2025-04-29
413435.0,4568585.0,2025-04-29
413445.0,4568585.0,2025-04-29
413455.0,4568585.0,2025-04-29
413465.0,4568585.0,2025-04-29
413475.0,4568585.0,2025-04-29
413485.0,4568585.0,2025-04-29
413495.0,4568585.0,2025-04-29
413505.0,4568585.0,2025-04-29
413515.0,4568585.0,2025-04-29
413525.0,4568585.0,2025-04-29
413535.0,4568585.0,2025-04-29
413545.0,4568585.0,2025-04-29
413555.0,4568585.0,2025-04-29
413565.0,4568585.0,2025-04-29
413575.0,4568585.0,2025-04-29
413585.0,4568585.0,2025-04-29
413595.0,4568585.0,2025-04-29
413605.0,4568585.0,2025-04-29
413615.0,4568585.0,2025-04-29
413625.0,4568585.0,2025-04-29
413635.0,4568585.0,2025-04-29
413645.0,4568585.0,2025-04-29
413655.0,4568585.0,2025-04-29
413665.0,4568585.0,2025-04-29
413675.0,4568585.0,2025-04-29
413685.0,4568585.0,2025-04-29
413695.0,4568585.0,2025-04-29
413705.0,4568585.0,2025-04-29
413715.0,4568585.0,2025-04-29
413725.0,4568585.0,2025-04-29
413735.0,4568585.0,2025-04-29
413745.0,4568585.0,2025-04-29
413755.0,4568585.0,2025-04-29
413765.0,4568585.0,2025-04-29
413775.0,4568585.0,2025-04-29
413785.0,4568585.0,2025-04-29
413795.0,4568585.0,2025-04-29
413805.0,4568585.0,2025-04-29
413815.0,4568585.0,2025-04-29
413825.0,4568585.0,2025-04-29
413835.0,4568585.0,2025-04-29
413845.0,4568585.0,2025-04-29
413855.0,4568585.0,2025-04-29
413865.0,4568585.0,2025-04-29
413875.0,4568585.0,2025-04-29
413885.0,4568585.0,2025-04-29
413895.0,4568585.0,2025-04-29
413905.0,4568585.0,2025-04-29
413915.0,4568585.0,2025-04-29
413925.0,4568585.0,2025-04-29
413935.0,4568585.0,2025-04-29
413945.0,4568585.0,2025-04-29
413955.0,4568585.0,2025-04-29
413965.0,4568585.0,2025-04-29
413975.0,4568585.0,2025-04-29
413985.0,4568585.0,2025-04-29
413995.0,4568585.0,2025-04-29
414005.0,4568585.0,2025-04-29
414015.0,4568585.0,2025-04-29
414025.0,4568585.0,2025-04-29
414035.0,4568585.0,2025-04-29
414045.0,4568585.0,2025-04-29
414055.0,4568585.0,2025-04-29
414065.0,4568585.0,2025-04-29
414075.0,4568585.0,2025-04-29
414085.0,4568585.0,2025-04-29
414095.0,4568585.0,2025-04-29
414105.0,4568585.0,2025-04-29
414115.0,4568585.0,2025-04-29
414125.0,4568585.0,2025-04-29
414135.0,4568585.0,2025-04-29
414145.0,4568585.0,2025-04-29
414155.0,4568585.0,2025-04-29
414165.0,4568585.0,2025-04-29
414175.0,4568585.0,2025-04-29
414185.0,4568585.0,2025-04-29
414195.0,4568585.0,2025-04-29
414205.0,4568585.0,2025-04-29
414215.0,4568585.0,2025-04-29
414225.0,4568585.0,2025-04-29
414235.0,4568585.0,2025-04-29
414245.0,4568585.0,2025-04-29
414255.0,4568585.0,2025-04-29
414265.0,4568585.0,2025-04-29
414275.0,4568585.0,2025-04-29
414285.0,4568585.0,2025-04-29
414295.0,4568585.0,2025-04-29
414305.0,4568585.0,2025-04-29
414315.0,4568585.0,2025-04-29
414325.0,4568585.0,2025-04-29
414335.0,4568585.0,2025-04-29
414345.0,4568585.0,2025-04-29
414355.0,4568585.0,2025-04-29
414365.0,4568585.0,2025-04-29
414375.0,4568585.0,2025-04-29
414385.0,4568585.0,2025-04-29
414395.0,4568585.0,2025-04-29
414405.0,4568585.0,2025-04-29
414415.0,4568585.0,2025-04-29
414425.0,4568585.0,2025-04-29
414435.0,4568585.0,2025-04-29
414445.0,4568585.0,2025-04-29
414455.0,4568585.0,2025-04-29
414465.0,4568585.0,2025-04-29
414475.0,4568585.0,2025-04-29
414485.0,4568585.0,2025-04-29
414495.0,4568585.0,2025-04-29
414505.0,4568585.0,2025-04-29
414515.0,4568585.0,2025-04-29
414525.0,4568585.0,2025-04-29
414535.0,4568585.0,2025-04-29
414545.0,4568585.0,2025-04-29
414555.0,4568585.0,2025-04-29
414565.0,4568585.0,2025-04-29
414575.0,4568585.0,2025-04-29
414585.0,4568585.0,2025-04-29
414595.0,4568585.0,2025-04-29
414605.0,4568585.0,2025-04-29
414615.0,4568585.0,2025-04-29
414625.0,4568585.0,2025-04-29
414635.0,4568585.0,2025-04-29
414645.0,4568585.0,2025-04-29
414655.0,4568585.0,2025-04-29
414665.0,4568585.0,2025-04-29
414675.0,4568585.0,2025-04-29
414685.0,4568585.0,2025-04-29
414695.0,4568585.0,2025-04-29
414705.0,4568585.0,2025-04-29
414715.0,4568585.0,2025-04-29
414725.0,4568585.0,2025-04-29
414735.0,4568585.0,2025-04-29
414745.0,4568585.0,2025-04-29
414755.0,4568585.0,2025-04-29
414765.0,4568585.0,2025-04-29
414775.0,4568585.0,2025-04-29
414785.0,4568585.0,2025-04-29
414795.0,4568585.0,2025-04-29
414805.0,4568585.0,2025-04-29
414815.0,4568585.0,2025-04-29
414825.0,4568585.0,2025-04-29
414835.0,4568585.0,2025-04-29
414845.0,4568585.0,2025-04-29
414855.0,4568585.0,2025-04-29
414865.0,4568585.0,2025-04-29
414875.0,4568585.0,2025-04-29
414885.0,4568585.0,2025-04-29
414895.0,4568585.0,2025-04-29
414905.0,4568585.0,2025-04-29
414915.0,4568585.0,2025-04-29
414925.0,4568585.0,2025-04-29
414935.0,4568585.0,2025-04-29
414945.0,4568585.0,2025-04-29
414955.0,4568585.0,2025-04-29
414965.0,4568585.0,2025-04-29
414975.0,4568585.0,2025-04-29
414985.0,4568585.0,2025-04-29
414995.0,4568585.0,2025-04-29
415005.0,4568585.0,2025-04-29
415015.0,4568585.0,2025-04-29
415025.0,4568585.0,2025-04-29
415035.0,4568585.0,2025-04-29
415045.0,4568585.0,2025-04-29
415055.0,4568585.0,2025-04-29
415065.0,4568585.0,2025-04-29
415075.0,4568585.0,2025-04-29
415085.0,4568585.0,2025-04-29
415095.0,4568585.0,2025-04-29
415105.0,4568585.0,2025-04-29
415115.0,4568585.0,2025-04-29
415125.0,4568585.0,2025-04-29
415135.0,4568585.0,2025-04-29
415145.0,4568585.0,2025-04-29
415155.0,4568585.0,2025-04-29
415165.0,4568585.0,2025-04-29
415175.0,4568585.0,2025-04-29
415185.0,4568585.0,2025-04-29
415195.0,4568585.0,2025-04-29
415205.0,4568585.0,2025-04-29
415215.0,4568585.0,2025-04-29
415225.0,4568585.0,2025-04-29
415235.0,4568585.0,2025-04-29
415245.0,4568585.0,2025-04-29
415255.0,4568585.0,2025-04-29
415265.0,4568585.0,2025-04-29
415275.0,4568585.0,2025-04-29
415285.0,4568585.0,2025-04-29
415295.0,4568585.0,2025-04-29
415305.0,4568585.0,2025-04-29
415315.0,4568585.0,2025-04-29
415325.0,4568585.0,2025-04-29
415335.0,4568585.0,2025-04-29
415345.0,4568585.0,2025-04-29
415355.0,4568585.0,2025-04-29
415365.0,4568585.0,2025-04-29
415375.0,4568585.0,2025-04-29
415385.0,4568585.0,2025-04-29
415395.0,4568585.0,2025-04-29
415405.0,4568585.0,2025-04-29
415415.0,4568585.0,2025-04-29
415425.0,4568585.0,2025-04-29
415435.0,4568585.0,2025-04-29
415445.0,4568585.0,2025-04-29
415455.0,4568585.0,2025-04-29
415465.0,4568585.0,2025-04-29
415475.0,4568585.0,2025-04-29
415485.0,4568585.0,2025-04-29
415495.0,4568585.0,2025-04-29
415505.0,4568585.0,2025-04-29
415515.0,4568585.0,2025-04-29
415525.0,4568585.0,2025-04-29
415535.0,4568585.0,2025-04-29
415545.0,4568585.0,2025-04-29
415555.0,4568585.0,2025-04-29
415565.0,4568585.0,2025-04-29
415575.0,4568585.0,2025-04-29
415585.0,4568585.0,2025-04-29
415595.0,4568585.0,2025-04-29
415605.0,4568585.0,2025-04-29
415615.0,4568585.0,2025-04-29
415625.0,4568585.0,2025-04-29
415635.0,4568585.0,2025-04-29
415645.0,4568585.0,2025-04-29
415655.0,4568585.0,2025-04-29
415665.0,4568585.0,2025-04-29
415675.0,4568585.0,2025-04-29
415685.0,4568585.0,2025-04-29
415695.0,4568585.0,2025-04-29
415705.0,4568585.0,2025-04-29
415715.0,4568585.0,2025-04-29
415725.0,4568585.0,2025-04-29
415735.0,4568585.0,2025-04-29
415745.0,4568585.0,2025-04-29
415755.0,4568585.0,2025-04-29
415765.0,4568585.0,2025-04-29
415775.0,4568585.0,2025-04-29
415785.0,4568585.0,2025-04-29
415795.0,4568585.0,2025-04-29
415805.0,4568585.0,2025-04-29
415815.0,4568585.0,2025-04-29
415825.0,4568585.0,2025-04-29
415835.0,4568585.0,2025-04-29
415845.0,4568585.0,2025-04-29
415855.0,4568585.0,2025-04-29
415865.0,4568585.0,2025-04-29
415875.0,4568585.0,2025-04-29
415885.0,4568585.0,2025-04-29
415895.0,4568585.0,2025-04-29
415905.0,4568585.0,2025-04-29
415915.0,4568585.0,2025-04-29
415925.0,4568585.0,2025-04-29
415935.0,4568585.0,2025-04-29
415945.0,4568585.0,2025-04-29
415955.0,4568585.0,2025-04-29
415965.0,4568585.0,2025-04-29
415975.0,4568585.0,2025-04-29
415985.0,4568585.0,2025-04-29
415995.0,4568585.0,2025-04-29
416005.0,4568585.0,2025-04-29
416015.0,4568585.0,2025-04-29
416025.0,4568585.0,2025-04-29
416035.0,4568585.0,2025-04-29
416045.0,4568585.0,2025-04-29
416055.0,4568585.0,2025-04-29
416065.0,4568585.0,2025-04-29
416075.0,4568585.0,2025-04-29
416085.0,4568585.0,2025-04-29
416095.0,4568585.0,2025-04-29
416105.0,4568585.0,2025-04-29
416115.0,4568585.0,2025-04-29
416125.0,4568585.0,2025-04-29
416135.0,4568585.0,2025-04-29
416145.0,4568585.0,2025-04-29
416155.0,4568585.0,2025-04-29
416165.0,4568585.0,2025-04-29
416175.0,4568585.0,2025-04-29
416185.0,4568585.0,2025-04-29
416195.0,4568585.0,2025-04-29
416205.0,4568585.0,2025-04-29
416215.0,4568585.0,2025-04-29
416225.0,4568585.0,2025-04-29
416235.0,4568585.0,2025-04-29
416245.0,4568585.0,2025-04-29
416255.0,4568585.0,2025-04-29
416265.0,4568585.0,2025-04-29
416275.0,4568585.0,2025-04-29
416285.0,4568585.0,2025-04-29
416295.0,4568585.0,2025-04-29
416305.0,4568585.0,2025-04-29
416315.0,4568585.0,2025-04-29
416325.0,4568585.0,2025-04-29
416335.0,4568585.0,2025-04-29
416345.0,4568585.0,2025-04-29
416355.0,4568585.0,2025-04-29
416365.0,4568585.0,2025-04-29
416375.0,4568585.0,2025-04-29
416385.0,4568585.0,2025-04-29
416395.0,4568585.0,2025-04-29
416405.0,4568585.0,2025-04-29
416415.0,4568585.0,2025-04-29
416425.0,4568585.0,2025-04-29
416435.0,4568585.0,2025-04-29
416445.0,4568585.0,2025-04-29
416455.0,4568585.0,2025-04-29
411745.0,4568575.0,2025-04-29
411755.0,4568575.0,2025-04-29
411765.0,4568575.0,2025-04-29
411775.0,4568575.0,2025-04-29
411785.0,4568575.0,2025-04-29
411795.0,4568575.0,2025-04-29
411805.0,4568575.0,2025-04-29
411815.0,4568575.0,2025-04-29
411825.0,4568575.0,2025-04-29
411835.0,4568575.0,2025-04-29
411845.0,4568575.0,2025-04-29
411855.0,4568575.0,2025-04-29
411865.0,4568575.0,2025-04-29
411875.0,4568575.0,2025-04-29
411885.0,4568575.0,2025-04-29
411895.0,4568575.0,2025-04-29
411905.0,4568575.0,2025-04-29
411915.0,4568575.0,2025-04-29
411925.0,4568575.0,2025-04-29
411935.0,4568575.0,2025-04-29
411945.0,4568575.0,2025-04-29
411955.0,4568575.0,2025-04-29
411965.0,4568575.0,2025-04-29
411975.0,4568575.0,2025-04-29
411985.0,4568575.0,2025-04-29
411995.0,4568575.0,2025-04-29
412005.0,4568575.0,2025-04-29
412015.0,4568575.0,2025-04-29
412025.0,4568575.0,2025-04-29
412035.0,4568575.0,2025-04-29
412045.0,4568575.0,2025-04-29
412055.0,4568575.0,2025-04-29
412065.0,4568575.0,2025-04-29
412075.0,4568575.0,2025-04-29
412085.0,4568575.0,2025-04-29
412095.0,4568575.0,2025-04-29
412105.0,4568575.0,2025-04-29
412115.0,4568575.0,2025-04-29
412125.0,4568575.0,2025-04-29
412135.0,4568575.0,2025-04-29
412145.0,4568575.0,2025-04-29
412155.0,4568575.0,2025-04-29
412165.0,4568575.0,2025-04-29
412175.0,4568575.0,2025-04-29
412185.0,4568575.0,2025-04-29
412195.0,4568575.0,2025-04-29
412205.0,4568575.0,2025-04-29
412215.0,4568575.0,2025-04-29
412225.0,4568575.0,2025-04-29
412235.0,4568575.0,2025-04-29
412245.0,4568575.0,2025-04-29
412255.0,4568575.0,2025-04-29
412265.0,4568575.0,2025-04-29
412275.0,4568575.0,2025-04-29
412285.0,4568575.0,2025-04-29
412295.0,4568575.0,2025-04-29
412305.0,4568575.0,2025-04-29
412315.0,4568575.0,2025-04-29
412325.0,4568575.0,2025-04-29
412335.0,4568575.0,2025-04-29
412345.0,4568575.0,2025-04-29
412355.0,4568575.0,2025-04-29
412365.0,4568575.0,2025-04-29
412375.0,4568575.0,2025-04-29
412385.0,4568575.0,2025-04-29
412395.0,4568575.0,2025-04-29
412405.0,4568575.0,2025-04-29
412415.0,4568575.0,2025-04-29
412425.0,4568575.0,2025-04-29
412435.0,4568575.0,2025-04-29
412445.0,4568575.0,2025-04-29
412455.0,4568575.0,2025-04-29
412465.0,4568575.0,2025-04-29
412475.0,4568575.0,2025-04-29
412485.0,4568575.0,2025-04-29
412495.0,4568575.0,2025-04-29
412505.0,4568575.0,2025-04-29
412515.0,4568575.0,2025-04-29
412525.0,4568575.0,2025-04-29
412535.0,4568575.0,2025-04-29
412545.0,4568575.0,2025-04-29
412555.0,4568575.0,2025-04-29
412565.0,4568575.0,2025-04-29
412575.0,4568575.0,2025-04-29
412585.0,4568575.0,2025-04-29
412595.0,4568575.0,2025-04-29
412605.0,4568575.0,2025-04-29
412615.0,4568575.0,2025-04-29
412625.0,4568575.0,2025-04-29
412635.0,4568575.0,2025-04-29
412645.0,4568575.0,2025-04-29
412655.0,4568575.0,2025-04-29
412665.0,4568575.0,2025-04-29
412675.0,4568575.0,2025-04-29
412685.0,4568575.0,2025-04-29
412695.0,4568575.0,2025-04-29
412705.0,4568575.0,2025-04-29
412715.0,4568575.0,2025-04-29
412725.0,4568575.0,2025-04-29
412735.0,4568575.0,2025-04-29
412745.0,4568575.0,2025-04-29
412755.0,4568575.0,2025-04-29
412765.0,4568575.0,2025-04-29
412775.0,4568575.0,2025-04-29
412785.0,4568575.0,2025-04-29
412795.0,4568575.0,2025-04-29
412805.0,4568575.0,2025-04-29
412815.0,4568575.0,2025-04-29
412825.0,4568575.0,2025-04-29
412835.0,4568575.0,2025-04-29
412845.0,4568575.0,2025-04-29
412855.0,4568575.0,2025-04-29
412865.0,4568575.0,2025-04-29
412875.0,4568575.0,2025-04-29
412885.0,4568575.0,2025-04-29
412895.0,4568575.0,2025-04-29
412905.0,4568575.0,2025-04-29
412915.0,4568575.0,2025-04-29
412925.0,4568575.0,2025-04-29
412935.0,4568575.0,2025-04-29
412945.0,4568575.0,2025-04-29
412955.0,4568575.0,2025-04-29
412965.0,4568575.0,2025-04-29
412975.0,4568575.0,2025-04-29
412985.0,4568575.0,2025-04-29
412995.0,4568575.0,2025-04-29
413005.0,4568575.0,2025-04-29
413015.0,4568575.0,2025-04-29
413025.0,4568575.0,2025-04-29
413035.0,4568575.0,2025-04-29
413045.0,4568575.0,2025-04-29
413055.0,4568575.0,2025-04-29
413065.0,4568575.0,2025-04-29
413075.0,4568575.0,2025-04-29
413085.0,4568575.0,2025-04-29
413095.0,4568575.0,2025-04-29
413105.0,4568575.0,2025-04-29
413115.0,4568575.0,2025-04-29
413125.0,4568575.0,2025-04-29
413135.0,4568575.0,2025-04-29
413145.0,4568575.0,2025-04-29
413155.0,4568575.0,2025-04-29
413165.0,4568575.0,2025-04-29
413175.0,4568575.0,2025-04-29
413185.0,4568575.0,2025-04-29
413195.0,4568575.0,2025-04-29
413205.0,4568575.0,2025-04-29
413215.0,4568575.0,2025-04-29
413225.0,4568575.0,2025-04-29
413235.0,4568575.0,2025-04-29
413245.0,4568575.0,2025-04-29
413255.0,4568575.0,2025-04-29
413265.0,4568575.0,2025-04-29
413275.0,4568575.0,2025-04-29
413285.0,4568575.0,2025-04-29
413295.0,4568575.0,2025-04-29
413305.0,4568575.0,2025-04-29
413315.0,4568575.0,2025-04-29
413325.0,4568575.0,2025-04-29
413335.0,4568575.0,2025-04-29
413345.0,4568575.0,2025-04-29
413355.0,4568575.0,2025-04-29
413365.0,4568575.0,2025-04-29
413375.0,4568575.0,2025-04-29
413385.0,4568575.0,2025-04-29
413395.0,4568575.0,2025-04-29
413405.0,4568575.0,2025-04-29
413415.0,4568575.0,2025-04-29
413425.0,4568575.0,2025-04-29
413435.0,4568575.0,2025-04-29
413445.0,4568575.0,2025-04-29
413455.0,4568575.0,2025-04-29
413465.0,4568575.0,2025-04-29
413475.0,4568575.0,2025-04-29
413485.0,4568575.0,2025-04-29
413495.0,4568575.0,2025-04-29
413505.0,4568575.0,2025-04-29
413515.0,4568575.0,2025-04-29
413525.0,4568575.0,2025-04-29
413535.0,4568575.0,2025-04-29
413545.0,4568575.0,2025-04-29
413555.0,4568575.0,2025-04-29
413565.0,4568575.0,2025-04-29
413575.0,4568575.0,2025-04-29
413585.0,4568575.0,2025-04-29
413595.0,4568575.0,2025-04-29
413605.0,4568575.0,2025-04-29
413615.0,4568575.0,2025-04-29
413625.0,4568575.0,2025-04-29
413635.0,4568575.0,2025-04-29
413645.0,4568575.0,2025-04-29
413655.0,4568575.0,2025-04-29
413665.0,4568575.0,2025-04-29
413675.0,4568575.0,2025-04-29
413685.0,4568575.0,2025-04-29
413695.0,4568575.0,2025-04-29
413705.0,4568575.0,2025-04-29
413715.0,4568575.0,2025-04-29
413725.0,4568575.0,2025-04-29
413735.0,4568575.0,2025-04-29
413745.0,4568575.0,2025-04-29
413755.0,4568575.0,2025-04-29
413765.0,4568575.0,2025-04-29
413775.0,4568575.0,2025-04-29
413785.0,4568575.0,2025-04-29
413795.0,4568575.0,2025-04-29
413805.0,4568575.0,2025-04-29
413815.0,4568575.0,2025-04-29
413825.0,4568575.0,2025-04-29
413835.0,4568575.0,2025-04-29
413845.0,4568575.0,2025-04-29
413855.0,4568575.0,2025-04-29
413865.0,4568575.0,2025-04-29
413875.0,4568575.0,2025-04-29
413885.0,4568575.0,2025-04-29
413895.0,4568575.0,2025-04-29
413905.0,4568575.0,2025-04-29
413915.0,4568575.0,2025-04-29
413925.0,4568575.0,2025-04-29
413935.0,4568575.0,2025-04-29
413945.0,4568575.0,2025-04-29
413955.0,4568575.0,2025-04-29
413965.0,4568575.0,2025-04-29
413975.0,4568575.0,2025-04-29
413985.0,4568575.0,2025-04-29
413995.0,4568575.0,2025-04-29
414005.0,4568575.0,2025-04-29
414015.0,4568575.0,2025-04-29
414025.0,4568575.0,2025-04-29
414035.0,4568575.0,2025-04-29
414045.0,4568575.0,2025-04-29
414055.0,4568575.0,2025-04-29
414065.0,4568575.0,2025-04-29
414075.0,4568575.0,2025-04-29
414085.0,4568575.0,2025-04-29
414095.0,4568575.0,2025-04-29
414105.0,4568575.0,2025-04-29
414115.0,4568575.0,2025-04-29
414125.0,4568575.0,2025-04-29
414135.0,4568575.0,2025-04-29
414145.0,4568575.0,2025-04-29
414155.0,4568575.0,2025-04-29
414165.0,4568575.0,2025-04-29
414175.0,4568575.0,2025-04-29
414185.0,4568575.0,2025-04-29
414195.0,4568575.0,2025-04-29
414205.0,4568575.0,2025-04-29
414215.0,4568575.0,2025-04-29
414225.0,4568575.0,2025-04-29
414235.0,4568575.0,2025-04-29
414245.0,4568575.0,2025-04-29
414255.0,4568575.0,2025-04-29
414265.0,4568575.0,2025-04-29
414275.0,4568575.0,2025-04-29
414285.0,4568575.0,2025-04-29
414295.0,4568575.0,2025-04-29
414305.0,4568575.0,2025-04-29
414315.0,4568575.0,2025-04-29
414325.0,4568575.0,2025-04-29
414335.0,4568575.0,2025-04-29
414345.0,4568575.0,2025-04-29
414355.0,4568575.0,2025-04-29
414365.0,4568575.0,2025-04-29
414375.0,4568575.0,2025-04-29
414385.0,4568575.0,2025-04-29
414395.0,4568575.0,2025-04-29
414405.0,4568575.0,2025-04-29
414415.0,4568575.0,2025-04-29
414425.0,4568575.0,2025-04-29
414435.0,4568575.0,2025-04-29
414445.0,4568575.0,2025-04-29
414455.0,4568575.0,2025-04-29
414465.0,4568575.0,2025-04-29
414475.0,4568575.0,2025-04-29
414485.0,4568575.0,2025-04-29
414495.0,4568575.0,2025-04-29
414505.0,4568575.0,2025-04-29
414515.0,4568575.0,2025-04-29
414525.0,4568575.0,2025-04-29
414535.0,4568575.0,2025-04-29
414545.0,4568575.0,2025-04-29
414555.0,4568575.0,2025-04-29
414565.0,4568575.0,2025-04-29
414575.0,4568575.0,2025-04-29
414585.0,4568575.0,2025-04-29
414595.0,4568575.0,2025-04-29
414605.0,4568575.0,2025-04-29
414615.0,4568575.0,2025-04-29
414625.0,4568575.0,2025-04-29
414635.0,4568575.0,2025-04-29
414645.0,4568575.0,2025-04-29
414655.0,4568575.0,2025-04-29
414665.0,4568575.0,2025-04-29
414675.0,4568575.0,2025-04-29
414685.0,4568575.0,2025-04-29
414695.0,4568575.0,2025-04-29
414705.0,4568575.0,2025-04-29
414715.0,4568575.0,2025-04-29
414725.0,4568575.0,2025-04-29
414735.0,4568575.0,2025-04-29
414745.0,4568575.0,2025-04-29
414755.0,4568575.0,2025-04-29
414765.0,4568575.0,2025-04-29
414775.0,4568575.0,2025-04-29
414785.0,4568575.0,2025-04-29
414795.0,4568575.0,2025-04-29
414805.0,4568575.0,2025-04-29
414815.0,4568575.0,2025-04-29
414825.0,4568575.0,2025-04-29
414835.0,4568575.0,2025-04-29
414845.0,4568575.0,2025-04-29
414855.0,4568575.0,2025-04-29
414865.0,4568575.0,2025-04-29
414875.0,4568575.0,2025-04-29
414885.0,4568575.0,2025-04-29
414895.0,4568575.0,2025-04-29
414905.0,4568575.0,2025-04-29
414915.0,4568575.0,2025-04-29
414925.0,4568575.0,2025-04-29
414935.0,4568575.0,2025-04-29
414945.0,4568575.0,2025-04-29
414955.0,4568575.0,2025-04-29
414965.0,4568575.0,2025-04-29
414975.0,4568575.0,2025-04-29
414985.0,4568575.0,2025-04-29
414995.0,4568575.0,2025-04-29
415005.0,4568575.0,2025-04-29
415015.0,4568575.0,2025-04-29
415025.0,4568575.0,2025-04-29
415035.0,4568575.0,2025-04-29
415045.0,4568575.0,2025-04-29
415055.0,4568575.0,2025-04-29
415065.0,4568575.0,2025-04-29
415075.0,4568575.0,2025-04-29
415085.0,4568575.0,2025-04-29
415095.0,4568575.0,2025-04-29
415105.0,4568575.0,2025-04-29
415115.0,4568575.0,2025-04-29
415125.0,4568575.0,2025-04-29
415135.0,4568575.0,2025-04-29
415145.0,4568575.0,2025-04-29
415155.0,4568575.0,2025-04-29
415165.0,4568575.0,2025-04-29
415175.0,4568575.0,2025-04-29
415185.0,4568575.0,2025-04-29
415195.0,4568575.0,2025-04-29
415205.0,4568575.0,2025-04-29
415215.0,4568575.0,2025-04-29
415225.0,4568575.0,2025-04-29
415235.0,4568575.0,2025-04-29
415245.0,4568575.0,2025-04-29
415255.0,4568575.0,2025-04-29
415265.0,4568575.0,2025-04-29
415275.0,4568575.0,2025-04-29
415285.0,4568575.0,2025-04-29
415295.0,4568575.0,2025-04-29
415305.0,4568575.0,2025-04-29
415315.0,4568575.0,2025-04-29
415325.0,4568575.0,2025-04-29
415335.0,4568575.0,2025-04-29
415345.0,4568575.0,2025-04-29
415355.0,4568575.0,2025-04-29
415365.0,4568575.0,2025-04-29
415375.0,4568575.0,2025-04-29
415385.0,4568575.0,2025-04-29
415395.0,4568575.0,2025-04-29
415405.0,4568575.0,2025-04-29
415415.0,4568575.0,2025-04-29
415425.0,4568575.0,2025-04-29
415435.0,4568575.0,2025-04-29
415445.0,4568575.0,2025-04-29
415455.0,4568575.0,2025-04-29
415465.0,4568575.0,2025-04-29
415475.0,4568575.0,2025-04-29
415485.0,4568575.0,2025-04-29
415495.0,4568575.0,2025-04-29
415505.0,4568575.0,2025-04-29
415515.0,4568575.0,2025-04-29
415525.0,4568575.0,2025-04-29
415535.0,4568575.0,2025-04-29
415545.0,4568575.0,2025-04-29
415555.0,4568575.0,2025-04-29
415565.0,4568575.0,2025-04-29
415575.0,4568575.0,2025-04-29
415585.0,4568575.0,2025-04-29
415595.0,4568575.0,2025-04-29
415605.0,4568575.0,2025-04-29
415615.0,4568575.0,2025-04-29
415625.0,4568575.0,2025-04-29
415635.0,4568575.0,2025-04-29
415645.0,4568575.0,2025-04-29
415655.0,4568575.0,2025-04-29
415665.0,4568575.0,2025-04-29
415675.0,4568575.0,2025-04-29
415685.0,4568575.0,2025-04-29
415695.0,4568575.0,2025-04-29
415705.0,4568575.0,2025-04-29
415715.0,4568575.0,2025-04-29
415725.0,4568575.0,2025-04-29
415735.0,4568575.0,2025-04-29
415745.0,4568575.0,2025-04-29
415755.0,4568575.0,2025-04-29
415765.0,4568575.0,2025-04-29
415775.0,4568575.0,2025-04-29
415785.0,4568575.0,2025-04-29
415795.0,4568575.0,2025-04-29
415805.0,4568575.0,2025-04-29
415815.0,4568575.0,2025-04-29
415825.0,4568575.0,2025-04-29
415835.0,4568575.0,2025-04-29
415845.0,4568575.0,2025-04-29
415855.0,4568575.0,2025-04-29
415865.0,4568575.0,2025-04-29
415875.0,4568575.0,2025-04-29
415885.0,4568575.0,2025-04-29
415895.0,4568575.0,2025-04-29
415905.0,4568575.0,2025-04-29
415915.0,4568575.0,2025-04-29
415925.0,4568575.0,2025-04-29
415935.0,4568575.0,2025-04-29
415945.0,4568575.0,2025-04-29
415955.0,4568575.0,2025-04-29
415965.0,4568575.0,2025-04-29
415975.0,4568575.0,2025-04-29
415985.0,4568575.0,2025-04-29
415995.0,4568575.0,2025-04-29
416005.0,4568575.0,2025-04-29
416015.0,4568575.0,2025-04-29
416025.0,4568575.0,2025-04-29
416035.0,4568575.0,2025-04-29
416045.0,4568575.0,2025-04-29
416055.0,4568575.0,2025-04-29
416065.0,4568575.0,2025-04-29
416075.0,4568575.0,2025-04-29
416085.0,4568575.0,2025-04-29
416095.0,4568575.0,2025-04-29
416105.0,4568575.0,2025-04-29
416115.0,4568575.0,2025-04-29
416125.0,4568575.0,2025-04-29
416135.0,4568575.0,2025-04-29
416145.0,4568575.0,2025-04-29
416155.0,4568575.0,2025-04-29
416165.0,4568575.0,2025-04-29
416175.0,4568575.0,2025-04-29
416185.0,4568575.0,2025-04-29
416195.0,4568575.0,2025-04-29
416205.0,4568575.0,2025-04-29
416215.0,4568575.0,2025-04-29
416225.0,4568575.0,2025-04-29
416235.0,4568575.0,2025-04-29
416245.0,4568575.0,2025-04-29
416255.0,4568575.0,2025-04-29
416265.0,4568575.0,2025-04-29
416275.0,4568575.0,2025-04-29
416285.0,4568575.0,2025-04-29
416295.0,4568575.0,2025-04-29
416305.0,4568575.0,2025-04-29
416315.0,4568575.0,2025-04-29
416325.0,4568575.0,2025-04-29
416335.0,4568575.0,2025-04-29
416345.0,4568575.0,2025-04-29
416355.0,4568575.0,2025-04-29
416365.0,4568575.0,2025-04-29
416375.0,4568575.0,2025-04-29
416385.0,4568575.0,2025-04-29
416395.0,4568575.0,2025-04-29
416405.0,4568575.0,2025-04-29
416415.0,4568575.0,2025-04-29
416425.0,4568575.0,2025-04-29
416435.0,4568575.0,2025-04-29
416445.0,4568575.0,2025-04-29
416455.0,4568575.0,2025-04-29
411745.0,4568565.0,2025-04-29
411755.0,4568565.0,2025-04-29
411765.0,4568565.0,2025-04-29
411775.0,4568565.0,2025-04-29
411785.0,4568565.0,2025-04-29
411795.0,4568565.0,2025-04-29
411805.0,4568565.0,2025-04-29
411815.0,4568565.0,2025-04-29
411825.0,4568565.0,2025-04-29
411835.0,4568565.0,2025-04-29
411845.0,4568565.0,2025-04-29
411855.0,4568565.0,2025-04-29
411865.0,4568565.0,2025-04-29
411875.0,4568565.0,2025-04-29
411885.0,4568565.0,2025-04-29
411895.0,4568565.0,2025-04-29
411905.0,4568565.0,2025-04-29
411915.0,4568565.0,2025-04-29
411925.0,4568565.0,2025-04-29
411935.0,4568565.0,2025-04-29
411945.0,4568565.0,2025-04-29
411955.0,4568565.0,2025-04-29
411965.0,4568565.0,2025-04-29
411975.0,4568565.0,2025-04-29
411985.0,4568565.0,2025-04-29
411995.0,4568565.0,2025-04-29
412005.0,4568565.0,2025-04-29
412015.0,4568565.0,2025-04-29
412025.0,4568565.0,2025-04-29
412035.0,4568565.0,2025-04-29
412045.0,4568565.0,2025-04-29
412055.0,4568565.0,2025-04-29
412065.0,4568565.0,2025-04-29
412075.0,4568565.0,2025-04-29
412085.0,4568565.0,2025-04-29
412095.0,4568565.0,2025-04-29
412105.0,4568565.0,2025-04-29
412115.0,4568565.0,2025-04-29
412125.0,4568565.0,2025-04-29
412135.0,4568565.0,2025-04-29
412145.0,4568565.0,2025-04-29
412155.0,4568565.0,2025-04-29
412165.0,4568565.0,2025-04-29
412175.0,4568565.0,2025-04-29
412185.0,4568565.0,2025-04-29
412195.0,4568565.0,2025-04-29
412205.0,4568565.0,2025-04-29
412215.0,4568565.0,2025-04-29
412225.0,4568565.0,2025-04-29
412235.0,4568565.0,2025-04-29
412245.0,4568565.0,2025-04-29
412255.0,4568565.0,2025-04-29
412265.0,4568565.0,2025-04-29
412275.0,4568565.0,2025-04-29
412285.0,4568565.0,2025-04-29
412295.0,4568565.0,2025-04-29
412305.0,4568565.0,2025-04-29
412315.0,4568565.0,2025-04-29
412325.0,4568565.0,2025-04-29
412335.0,4568565.0,2025-04-29
412345.0,4568565.0,2025-04-29
412355.0,4568565.0,2025-04-29
412365.0,4568565.0,2025-04-29
412375.0,4568565.0,2025-04-29
412385.0,4568565.0,2025-04-29
412395.0,4568565.0,2025-04-29
412405.0,4568565.0,2025-04-29
412415.0,4568565.0,2025-04-29
412425.0,4568565.0,2025-04-29
412435.0,4568565.0,2025-04-29
412445.0,4568565.0,2025-04-29
412455.0,4568565.0,2025-04-29
412465.0,4568565.0,2025-04-29
412475.0,4568565.0,2025-04-29
412485.0,4568565.0,2025-04-29
412495.0,4568565.0,2025-04-29
412505.0,4568565.0,2025-04-29
412515.0,4568565.0,2025-04-29
412525.0,4568565.0,2025-04-29
412535.0,4568565.0,2025-04-29
412545.0,4568565.0,2025-04-29
412555.0,4568565.0,2025-04-29
412565.0,4568565.0,2025-04-29
412575.0,4568565.0,2025-04-29
412585.0,4568565.0,2025-04-29
412595.0,4568565.0,2025-04-29
412605.0,4568565.0,2025-04-29
412615.0,4568565.0,2025-04-29
412625.0,4568565.0,2025-04-29
412635.0,4568565.0,2025-04-29
412645.0,4568565.0,2025-04-29
412655.0,4568565.0,2025-04-29
412665.0,4568565.0,2025-04-29
412675.0,4568565.0,2025-04-29
412685.0,4568565.0,2025-04-29
412695.0,4568565.0,2025-04-29
412705.0,4568565.0,2025-04-29
412715.0,4568565.0,2025-04-29
412725.0,4568565.0,2025-04-29
412735.0,4568565.0,2025-04-29
412745.0,4568565.0,2025-04-29
412755.0,4568565.0,2025-04-29
412765.0,4568565.0,2025-04-29
412775.0,4568565.0,2025-04-29
412785.0,4568565.0,2025-04-29
412795.0,4568565.0,2025-04-29
412805.0,4568565.0,2025-04-29
412815.0,4568565.0,2025-04-29
412825.0,4568565.0,2025-04-29
412835.0,4568565.0,2025-04-29
412845.0,4568565.0,2025-04-29
412855.0,4568565.0,2025-04-29
412865.0,4568565.0,2025-04-29
412875.0,4568565.0,2025-04-29
412885.0,4568565.0,2025-04-29
412895.0,4568565.0,2025-04-29
412905.0,4568565.0,2025-04-29
412915.0,4568565.0,2025-04-29
412925.0,4568565.0,2025-04-29
412935.0,4568565.0,2025-04-29
412945.0,4568565.0,2025-04-29
412955.0,4568565.0,2025-04-29
412965.0,4568565.0,2025-04-29
412975.0,4568565.0,2025-04-29
412985.0,4568565.0,2025-04-29
412995.0,4568565.0,2025-04-29
413005.0,4568565.0,2025-04-29
413015.0,4568565.0,2025-04-29
413025.0,4568565.0,2025-04-29
413035.0,4568565.0,2025-04-29
413045.0,4568565.0,2025-04-29
413055.0,4568565.0,2025-04-29
413065.0,4568565.0,2025-04-29
413075.0,4568565.0,2025-04-29
413085.0,4568565.0,2025-04-29
413095.0,4568565.0,2025-04-29
413105.0,4568565.0,2025-04-29
413115.0,4568565.0,2025-04-29
413125.0,4568565.0,2025-04-29
413135.0,4568565.0,2025-04-29
413145.0,4568565.0,2025-04-29
413155.0,4568565.0,2025-04-29
413165.0,4568565.0,2025-04-29
413175.0,4568565.0,2025-04-29
413185.0,4568565.0,2025-04-29
413195.0,4568565.0,2025-04-29
413205.0,4568565.0,2025-04-29
413215.0,4568565.0,2025-04-29
413225.0,4568565.0,2025-04-29
413235.0,4568565.0,2025-04-29
413245.0,4568565.0,2025-04-29
413255.0,4568565.0,2025-04-29
413265.0,4568565.0,2025-04-29
413275.0,4568565.0,2025-04-29
413285.0,4568565.0,2025-04-29
413295.0,4568565.0,2025-04-29
413305.0,4568565.0,2025-04-29
413315.0,4568565.0,2025-04-29
413325.0,4568565.0,2025-04-29
413335.0,4568565.0,2025-04-29
413345.0,4568565.0,2025-04-29
413355.0,4568565.0,2025-04-29
413365.0,4568565.0,2025-04-29
413375.0,4568565.0,2025-04-29
413385.0,4568565.0,2025-04-29
413395.0,4568565.0,2025-04-29
413405.0,4568565.0,2025-04-29
413415.0,4568565.0,2025-04-29
413425.0,4568565.0,2025-04-29
413435.0,4568565.0,2025-04-29
413445.0,4568565.0,2025-04-29
413455.0,4568565.0,2025-04-29
413465.0,4568565.0,2025-04-29
413475.0,4568565.0,2025-04-29
413485.0,4568565.0,2025-04-29
413495.0,4568565.0,2025-04-29
413505.0,4568565.0,2025-04-29
413515.0,4568565.0,2025-04-29
413525.0,4568565.0,2025-04-29
413535.0,4568565.0,2025-04-29
413545.0,4568565.0,2025-04-29
413555.0,4568565.0,2025-04-29
413565.0,4568565.0,2025-04-29
413575.0,4568565.0,2025-04-29
413585.0,4568565.0,2025-04-29
413595.0,4568565.0,2025-04-29
413605.0,4568565.0,2025-04-29
413615.0,4568565.0,2025-04-29
413625.0,4568565.0,2025-04-29
413635.0,4568565.0,2025-04-29
413645.0,4568565.0,2025-04-29
413655.0,4568565.0,2025-04-29
413665.0,4568565.0,2025-04-29
413675.0,4568565.0,2025-04-29
413685.0,4568565.0,2025-04-29
413695.0,4568565.0,2025-04-29
413705.0,4568565.0,2025-04-29
413715.0,4568565.0,2025-04-29
413725.0,4568565.0,2025-04-29
413735.0,4568565.0,2025-04-29
413745.0,4568565.0,2025-04-29
413755.0,4568565.0,2025-04-29
413765.0,4568565.0,2025-04-29
413775.0,4568565.0,2025-04-29
413785.0,4568565.0,2025-04-29
413795.0,4568565.0,2025-04-29
413805.0,4568565.0,2025-04-29
413815.0,4568565.0,2025-04-29
413825.0,4568565.0,2025-04-29
413835.0,4568565.0,2025-04-29
413845.0,4568565.0,2025-04-29
413855.0,4568565.0,2025-04-29
413865.0,4568565.0,2025-04-29
413875.0,4568565.0,2025-04-29
413885.0,4568565.0,2025-04-29
413895.0,4568565.0,2025-04-29
413905.0,4568565.0,2025-04-29
413915.0,4568565.0,2025-04-29
413925.0,4568565.0,2025-04-29
413935.0,4568565.0,2025-04-29
413945.0,4568565.0,2025-04-29
413955.0,4568565.0,2025-04-29
413965.0,4568565.0,2025-04-29
413975.0,4568565.0,2025-04-29
413985.0,4568565.0,2025-04-29
413995.0,4568565.0,2025-04-29
414005.0,4568565.0,2025-04-29
414015.0,4568565.0,2025-04-29
414025.0,4568565.0,2025-04-29
414035.0,4568565.0,2025-04-29
414045.0,4568565.0,2025-04-29
414055.0,4568565.0,2025-04-29
414065.0,4568565.0,2025-04-29
414075.0,4568565.0,2025-04-29
414085.0,4568565.0,2025-04-29
414095.0,4568565.0,2025-04-29
414105.0,4568565.0,2025-04-29
414115.0,4568565.0,2025-04-29
414125.0,4568565.0,2025-04-29
414135.0,4568565.0,2025-04-29
414145.0,4568565.0,2025-04-29
414155.0,4568565.0,2025-04-29
414165.0,4568565.0,2025-04-29
414175.0,4568565.0,2025-04-29
414185.0,4568565.0,2025-04-29
414195.0,4568565.0,2025-04-29
414205.0,4568565.0,2025-04-29
414215.0,4568565.0,2025-04-29
414225.0,4568565.0,2025-04-29
414235.0,4568565.0,2025-04-29
414245.0,4568565.0,2025-04-29
414255.0,4568565.0,2025-04-29
414265.0,4568565.0,2025-04-29
414275.0,4568565.0,2025-04-29
414285.0,4568565.0,2025-04-29
414295.0,4568565.0,2025-04-29
414305.0,4568565.0,2025-04-29
414315.0,4568565.0,2025-04-29
414325.0,4568565.0,2025-04-29
414335.0,4568565.0,2025-04-29
414345.0,4568565.0,2025-04-29
414355.0,4568565.0,2025-04-29
414365.0,4568565.0,2025-04-29
414375.0,4568565.0,2025-04-29
414385.0,4568565.0,2025-04-29
414395.0,4568565.0,2025-04-29
414405.0,4568565.0,2025-04-29
414415.0,4568565.0,2025-04-29
414425.0,4568565.0,2025-04-29
414435.0,4568565.0,2025-04-29
414445.0,4568565.0,2025-04-29
414455.0,4568565.0,2025-04-29
414465.0,4568565.0,2025-04-29
414475.0,4568565.0,2025-04-29
414485.0,4568565.0,2025-04-29
414495.0,4568565.0,2025-04-29
414505.0,4568565.0,2025-04-29
414515.0,4568565.0,2025-04-29
414525.0,4568565.0,2025-04-29
414535.0,4568565.0,2025-04-29
414545.0,4568565.0,2025-04-29
414555.0,4568565.0,2025-04-29
414565.0,4568565.0,2025-04-29
414575.0,4568565.0,2025-04-29
414585.0,4568565.0,2025-04-29
414595.0,4568565.0,2025-04-29
414605.0,4568565.0,2025-04-29
414615.0,4568565.0,2025-04-29
414625.0,4568565.0,2025-04-29
414635.0,4568565.0,2025-04-29
414645.0,4568565.0,2025-04-29
414655.0,4568565.0,2025-04-29
414665.0,4568565.0,2025-04-29
414675.0,4568565.0,2025-04-29
414685.0,4568565.0,2025-04-29
414695.0,4568565.0,2025-04-29
414705.0,4568565.0,2025-04-29
414715.0,4568565.0,2025-04-29
414725.0,4568565.0,2025-04-29
414735.0,4568565.0,2025-04-29
414745.0,4568565.0,2025-04-29
414755.0,4568565.0,2025-04-29
414765.0,4568565.0,2025-04-29
414775.0,4568565.0,2025-04-29
414785.0,4568565.0,2025-04-29
414795.0,4568565.0,2025-04-29
414805.0,4568565.0,2025-04-29
414815.0,4568565.0,2025-04-29
414825.0,4568565.0,2025-04-29
414835.0,4568565.0,2025-04-29
414845.0,4568565.0,2025-04-29
414855.0,4568565.0,2025-04-29
414865.0,4568565.0,2025-04-29
414875.0,4568565.0,2025-04-29
414885.0,4568565.0,2025-04-29
414895.0,4568565.0,2025-04-29
414905.0,4568565.0,2025-04-29
414915.0,4568565.0,2025-04-29
414925.0,4568565.0,2025-04-29
414935.0,4568565.0,2025-04-29
414945.0,4568565.0,2025-04-29
414955.0,4568565.0,2025-04-29
414965.0,4568565.0,2025-04-29
414975.0,4568565.0,2025-04-29
414985.0,4568565.0,2025-04-29
414995.0,4568565.0,2025-04-29
415005.0,4568565.0,2025-04-29
415015.0,4568565.0,2025-04-29
415025.0,4568565.0,2025-04-29
415035.0,4568565.0,2025-04-29
415045.0,4568565.0,2025-04-29
415055.0,4568565.0,2025-04-29
415065.0,4568565.0,2025-04-29
415075.0,4568565.0,2025-04-29
415085.0,4568565.0,2025-04-29
415095.0,4568565.0,2025-04-29
415105.0,4568565.0,2025-04-29
415115.0,4568565.0,2025-04-29
415125.0,4568565.0,2025-04-29
415135.0,4568565.0,2025-04-29
415145.0,4568565.0,2025-04-29
415155.0,4568565.0,2025-04-29
415165.0,4568565.0,2025-04-29
415175.0,4568565.0,2025-04-29
415185.0,4568565.0,2025-04-29
415195.0,4568565.0,2025-04-29
415205.0,4568565.0,2025-04-29
415215.0,4568565.0,2025-04-29
415225.0,4568565.0,2025-04-29
415235.0,4568565.0,2025-04-29
415245.0,4568565.0,2025-04-29
415255.0,4568565.0,2025-04-29
415265.0,4568565.0,2025-04-29
415275.0,4568565.0,2025-04-29
415285.0,4568565.0,2025-04-29
415295.0,4568565.0,2025-04-29
415305.0,4568565.0,2025-04-29
415315.0,4568565.0,2025-04-29
415325.0,4568565.0,2025-04-29
415335.0,4568565.0,2025-04-29
415345.0,4568565.0,2025-04-29
415355.0,4568565.0,2025-04-29
415365.0,4568565.0,2025-04-29
415375.0,4568565.0,2025-04-29
415385.0,4568565.0,2025-04-29
415395.0,4568565.0,2025-04-29
415405.0,4568565.0,2025-04-29
415415.0,4568565.0,2025-04-29
415425.0,4568565.0,2025-04-29
415435.0,4568565.0,2025-04-29
415445.0,4568565.0,2025-04-29
415455.0,4568565.0,2025-04-29
415465.0,4568565.0,2025-04-29
415475.0,4568565.0,2025-04-29
415485.0,4568565.0,2025-04-29
415495.0,4568565.0,2025-04-29
415505.0,4568565.0,2025-04-29
415515.0,4568565.0,2025-04-29
415525.0,4568565.0,2025-04-29
415535.0,4568565.0,2025-04-29
415545.0,4568565.0,2025-04-29
415555.0,4568565.0,2025-04-29
415565.0,4568565.0,2025-04-29
415575.0,4568565.0,2025-04-29
415585.0,4568565.0,2025-04-29
415595.0,4568565.0,2025-04-29
415605.0,4568565.0,2025-04-29
415615.0,4568565.0,2025-04-29
415625.0,4568565.0,2025-04-29
415635.0,4568565.0,2025-04-29
415645.0,4568565.0,2025-04-29
415655.0,4568565.0,2025-04-29
415665.0,4568565.0,2025-04-29
415675.0,4568565.0,2025-04-29
415685.0,4568565.0,2025-04-29
415695.0,4568565.0,2025-04-29
415705.0,4568565.0,2025-04-29
415715.0,4568565.0,2025-04-29
415725.0,4568565.0,2025-04-29
415735.0,4568565.0,2025-04-29
415745.0,4568565.0,2025-04-29
415755.0,4568565.0,2025-04-29
415765.0,4568565.0,2025-04-29
415775.0,4568565.0,2025-04-29
415785.0,4568565.0,2025-04-29
415795.0,4568565.0,2025-04-29
415805.0,4568565.0,2025-04-29
415815.0,4568565.0,2025-04-29
415825.0,4568565.0,2025-04-29
415835.0,4568565.0,2025-04-29
415845.0,4568565.0,2025-04-29
415855.0,4568565.0,2025-04-29
415865.0,4568565.0,2025-04-29
415875.0,4568565.0,2025-04-29
415885.0,4568565.0,2025-04-29
415895.0,4568565.0,2025-04-29
415905.0,4568565.0,2025-04-29
415915.0,4568565.0,2025-04-29
415925.0,4568565.0,2025-04-29
415935.0,4568565.0,2025-04-29
415945.0,4568565.0,2025-04-29
415955.0,4568565.0,2025-04-29
415965.0,4568565.0,2025-04-29
415975.0,4568565.0,2025-04-29
415985.0,4568565.0,2025-04-29
415995.0,4568565.0,2025-04-29
416005.0,4568565.0,2025-04-29
416015.0,4568565.0,2025-04-29
416025.0,4568565.0,2025-04-29
416035.0,4568565.0,2025-04-29
416045.0,4568565.0,2025-04-29
416055.0,4568565.0,2025-04-29
416065.0,4568565.0,2025-04-29
416075.0,4568565.0,2025-04-29
416085.0,4568565.0,2025-04-29
416095.0,4568565.0,2025-04-29
416105.0,4568565.0,2025-04-29
416115.0,4568565.0,2025-04-29
416125.0,4568565.0,2025-04-29
416135.0,4568565.0,2025-04-29
416145.0,4568565.0,2025-04-29
416155.0,4568565.0,2025-04-29
416165.0,4568565.0,2025-04-29
416175.0,4568565.0,2025-04-29
416185.0,4568565.0,2025-04-29
416195.0,4568565.0,2025-04-29
416205.0,4568565.0,2025-04-29
416215.0,4568565.0,2025-04-29
416225.0,4568565.0,2025-04-29
416235.0,4568565.0,2025-04-29
416245.0,4568565.0,2025-04-29
416255.0,4568565.0,2025-04-29
416265.0,4568565.0,2025-04-29
416275.0,4568565.0,2025-04-29
416285.0,4568565.0,2025-04-29
416295.0,4568565.0,2025-04-29
416305.0,4568565.0,2025-04-29
416315.0,4568565.0,2025-04-29
416325.0,4568565.0,2025-04-29
416335.0,4568565.0,2025-04-29
416345.0,4568565.0,2025-04-29
416355.0,4568565.0,2025-04-29
416365.0,4568565.0,2025-04-29
416375.0,4568565.0,2025-04-29
416385.0,4568565.0,2025-04-29
416395.0,4568565.0,2025-04-29
416405.0,4568565.0,2025-04-29
416415.0,4568565.0,2025-04-29
416425.0,4568565.0,2025-04-29
416435.0,4568565.0,2025-04-29
416445.0,4568565.0,2025-04-29
416455.0,4568565.0,2025-04-29
411745.0,4568555.0,2025-04-29
411755.0,4568555.0,2025-04-29
411765.0,4568555.0,2025-04-29
411775.0,4568555.0,2025-04-29
411785.0,4568555.0,2025-04-29
411795.0,4568555.0,2025-04-29
411805.0,4568555.0,2025-04-29
411815.0,4568555.0,2025-04-29
411825.0,4568555.0,2025-04-29
411835.0,4568555.0,2025-04-29
411845.0,4568555.0,2025-04-29
411855.0,4568555.0,2025-04-29
411865.0,4568555.0,2025-04-29
411875.0,4568555.0,2025-04-29
411885.0,4568555.0,2025-04-29
411895.0,4568555.0,2025-04-29
411905.0,4568555.0,2025-04-29
411915.0,4568555.0,2025-04-29
411925.0,4568555.0,2025-04-29
411935.0,4568555.0,2025-04-29
411945.0,4568555.0,2025-04-29
411955.0,4568555.0,2025-04-29
411965.0,4568555.0,2025-04-29
411975.0,4568555.0,2025-04-29
411985.0,4568555.0,2025-04-29
411995.0,4568555.0,2025-04-29
412005.0,4568555.0,2025-04-29
412015.0,4568555.0,2025-04-29
412025.0,4568555.0,2025-04-29
412035.0,4568555.0,2025-04-29
412045.0,4568555.0,2025-04-29
412055.0,4568555.0,2025-04-29
412065.0,4568555.0,2025-04-29
412075.0,4568555.0,2025-04-29
412085.0,4568555.0,2025-04-29
412095.0,4568555.0,2025-04-29
412105.0,4568555.0,2025-04-29
412115.0,4568555.0,2025-04-29
412125.0,4568555.0,2025-04-29
412135.0,4568555.0,2025-04-29
412145.0,4568555.0,2025-04-29
412155.0,4568555.0,2025-04-29
412165.0,4568555.0,2025-04-29
412175.0,4568555.0,2025-04-29
412185.0,4568555.0,2025-04-29
412195.0,4568555.0,2025-04-29
412205.0,4568555.0,2025-04-29
412215.0,4568555.0,2025-04-29
412225.0,4568555.0,2025-04-29
412235.0,4568555.0,2025-04-29
412245.0,4568555.0,2025-04-29
412255.0,4568555.0,2025-04-29
412265.0,4568555.0,2025-04-29
412275.0,4568555.0,2025-04-29
412285.0,4568555.0,2025-04-29
412295.0,4568555.0,2025-04-29
412305.0,4568555.0,2025-04-29
412315.0,4568555.0,2025-04-29
412325.0,4568555.0,2025-04-29
412335.0,4568555.0,2025-04-29
412345.0,4568555.0,2025-04-29
412355.0,4568555.0,2025-04-29
412365.0,4568555.0,2025-04-29
412375.0,4568555.0,2025-04-29
412385.0,4568555.0,2025-04-29
412395.0,4568555.0,2025-04-29
412405.0,4568555.0,2025-04-29
412415.0,4568555.0,2025-04-29
412425.0,4568555.0,2025-04-29
412435.0,4568555.0,2025-04-29
412445.0,4568555.0,2025-04-29
412455.0,4568555.0,2025-04-29
412465.0,4568555.0,2025-04-29
412475.0,4568555.0,2025-04-29
412485.0,4568555.0,2025-04-29
412495.0,4568555.0,2025-04-29
412505.0,4568555.0,2025-04-29
412515.0,4568555.0,2025-04-29
412525.0,4568555.0,2025-04-29
412535.0,4568555.0,2025-04-29
412545.0,4568555.0,2025-04-29
412555.0,4568555.0,2025-04-29
412565.0,4568555.0,2025-04-29
412575.0,4568555.0,2025-04-29
412585.0,4568555.0,2025-04-29
412595.0,4568555.0,2025-04-29
412605.0,4568555.0,2025-04-29
412615.0,4568555.0,2025-04-29
412625.0,4568555.0,2025-04-29
412635.0,4568555.0,2025-04-29
412645.0,4568555.0,2025-04-29
412655.0,4568555.0,2025-04-29
412665.0,4568555.0,2025-04-29
412675.0,4568555.0,2025-04-29
412685.0,4568555.0,2025-04-29
412695.0,4568555.0,2025-04-29
412705.0,4568555.0,2025-04-29
412715.0,4568555.0,2025-04-29
412725.0,4568555.0,2025-04-29
412735.0,4568555.0,2025-04-29
412745.0,4568555.0,2025-04-29
412755.0,4568555.0,2025-04-29
412765.0,4568555.0,2025-04-29
412775.0,4568555.0,2025-04-29
412785.0,4568555.0,2025-04-29
412795.0,4568555.0,2025-04-29
412805.0,4568555.0,2025-04-29
412815.0,4568555.0,2025-04-29
412825.0,4568555.0,2025-04-29
412835.0,4568555.0,2025-04-29
412845.0,4568555.0,2025-04-29
412855.0,4568555.0,2025-04-29
412865.0,4568555.0,2025-04-29
412875.0,4568555.0,2025-04-29
412885.0,4568555.0,2025-04-29
412895.0,4568555.0,2025-04-29
412905.0,4568555.0,2025-04-29
412915.0,4568555.0,2025-04-29
412925.0,4568555.0,2025-04-29
412935.0,4568555.0,2025-04-29
412945.0,4568555.0,2025-04-29
412955.0,4568555.0,2025-04-29
412965.0,4568555.0,2025-04-29
412975.0,4568555.0,2025-04-29
412985.0,4568555.0,2025-04-29
412995.0,4568555.0,2025-04-29
413005.0,4568555.0,2025-04-29
413015.0,4568555.0,2025-04-29
413025.0,4568555.0,2025-04-29
413035.0,4568555.0,2025-04-29
413045.0,4568555.0,2025-04-29
413055.0,4568555.0,2025-04-29
413065.0,4568555.0,2025-04-29
413075.0,4568555.0,2025-04-29
413085.0,4568555.0,2025-04-29
413095.0,4568555.0,2025-04-29
413105.0,4568555.0,2025-04-29
413115.0,4568555.0,2025-04-29
413125.0,4568555.0,2025-04-29
413135.0,4568555.0,2025-04-29
413145.0,4568555.0,2025-04-29
413155.0,4568555.0,2025-04-29
413165.0,4568555.0,2025-04-29
413175.0,4568555.0,2025-04-29
413185.0,4568555.0,2025-04-29
413195.0,4568555.0,2025-04-29
413205.0,4568555.0,2025-04-29
413215.0,4568555.0,2025-04-29
413225.0,4568555.0,2025-04-29
413235.0,4568555.0,2025-04-29
413245.0,4568555.0,2025-04-29
413255.0,4568555.0,2025-04-29
413265.0,4568555.0,2025-04-29
413275.0,4568555.0,2025-04-29
413285.0,4568555.0,2025-04-29
413295.0,4568555.0,2025-04-29
413305.0,4568555.0,2025-04-29
413315.0,4568555.0,2025-04-29
413325.0,4568555.0,2025-04-29
413335.0,4568555.0,2025-04-29
413345.0,4568555.0,2025-04-29
413355.0,4568555.0,2025-04-29
413365.0,4568555.0,2025-04-29
413375.0,4568555.0,2025-04-29
413385.0,4568555.0,2025-04-29
413395.0,4568555.0,2025-04-29
413405.0,4568555.0,2025-04-29
413415.0,4568555.0,2025-04-29
413425.0,4568555.0,2025-04-29
413435.0,4568555.0,2025-04-29
413445.0,4568555.0,2025-04-29
413455.0,4568555.0,2025-04-29
413465.0,4568555.0,2025-04-29
413475.0,4568555.0,2025-04-29
413485.0,4568555.0,2025-04-29
413495.0,4568555.0,2025-04-29
413505.0,4568555.0,2025-04-29
413515.0,4568555.0,2025-04-29
413525.0,4568555.0,2025-04-29
413535.0,4568555.0,2025-04-29
413545.0,4568555.0,2025-04-29
413555.0,4568555.0,2025-04-29
413565.0,4568555.0,2025-04-29
413575.0,4568555.0,2025-04-29
413585.0,4568555.0,2025-04-29
413595.0,4568555.0,2025-04-29
413605.0,4568555.0,2025-04-29
413615.0,4568555.0,2025-04-29
413625.0,4568555.0,2025-04-29
413635.0,4568555.0,2025-04-29
413645.0,4568555.0,2025-04-29
413655.0,4568555.0,2025-04-29
413665.0,4568555.0,2025-04-29
413675.0,4568555.0,2025-04-29
413685.0,4568555.0,2025-04-29
413695.0,4568555.0,2025-04-29
413705.0,4568555.0,2025-04-29
413715.0,4568555.0,2025-04-29
413725.0,4568555.0,2025-04-29
413735.0,4568555.0,2025-04-29
413745.0,4568555.0,2025-04-29
413755.0,4568555.0,2025-04-29
413765.0,4568555.0,2025-04-29
413775.0,4568555.0,2025-04-29
413785.0,4568555.0,2025-04-29
413795.0,4568555.0,2025-04-29
413805.0,4568555.0,2025-04-29
413815.0,4568555.0,2025-04-29
413825.0,4568555.0,2025-04-29
413835.0,4568555.0,2025-04-29
413845.0,4568555.0,2025-04-29
413855.0,4568555.0,2025-04-29
413865.0,4568555.0,2025-04-29
413875.0,4568555.0,2025-04-29
413885.0,4568555.0,2025-04-29
413895.0,4568555.0,2025-04-29
413905.0,4568555.0,2025-04-29
413915.0,4568555.0,2025-04-29
413925.0,4568555.0,2025-04-29
413935.0,4568555.0,2025-04-29
413945.0,4568555.0,2025-04-29
413955.0,4568555.0,2025-04-29
413965.0,4568555.0,2025-04-29
413975.0,4568555.0,2025-04-29
413985.0,4568555.0,2025-04-29
413995.0,4568555.0,2025-04-29
414005.0,4568555.0,2025-04-29
414015.0,4568555.0,2025-04-29
414025.0,4568555.0,2025-04-29
414035.0,4568555.0,2025-04-29
414045.0,4568555.0,2025-04-29
414055.0,4568555.0,2025-04-29
414065.0,4568555.0,2025-04-29
414075.0,4568555.0,2025-04-29
414085.0,4568555.0,2025-04-29
414095.0,4568555.0,2025-04-29
414105.0,4568555.0,2025-04-29
414115.0,4568555.0,2025-04-29
414125.0,4568555.0,2025-04-29
414135.0,4568555.0,2025-04-29
414145.0,4568555.0,2025-04-29
414155.0,4568555.0,2025-04-29
414165.0,4568555.0,2025-04-29
414175.0,4568555.0,2025-04-29
414185.0,4568555.0,2025-04-29
414195.0,4568555.0,2025-04-29
414205.0,4568555.0,2025-04-29
414215.0,4568555.0,2025-04-29
414225.0,4568555.0,2025-04-29
414235.0,4568555.0,2025-04-29
414245.0,4568555.0,2025-04-29
414255.0,4568555.0,2025-04-29
414265.0,4568555.0,2025-04-29
414275.0,4568555.0,2025-04-29
414285.0,4568555.0,2025-04-29
414295.0,4568555.0,2025-04-29
414305.0,4568555.0,2025-04-29
414315.0,4568555.0,2025-04-29
414325.0,4568555.0,2025-04-29
414335.0,4568555.0,2025-04-29
414345.0,4568555.0,2025-04-29
414355.0,4568555.0,2025-04-29
414365.0,4568555.0,2025-04-29
414375.0,4568555.0,2025-04-29
414385.0,4568555.0,2025-04-29
414395.0,4568555.0,2025-04-29
414405.0,4568555.0,2025-04-29
414415.0,4568555.0,2025-04-29
414425.0,4568555.0,2025-04-29
414435.0,4568555.0,2025-04-29
414445.0,4568555.0,2025-04-29
414455.0,4568555.0,2025-04-29
414465.0,4568555.0,2025-04-29
414475.0,4568555.0,2025-04-29
414485.0,4568555.0,2025-04-29
414495.0,4568555.0,2025-04-29
414505.0,4568555.0,2025-04-29
414515.0,4568555.0,2025-04-29
414525.0,4568555.0,2025-04-29
414535.0,4568555.0,2025-04-29
414545.0,4568555.0,2025-04-29
414555.0,4568555.0,2025-04-29
414565.0,4568555.0,2025-04-29
414575.0,4568555.0,2025-04-29
414585.0,4568555.0,2025-04-29
414595.0,4568555.0,2025-04-29
414605.0,4568555.0,2025-04-29
414615.0,4568555.0,2025-04-29
414625.0,4568555.0,2025-04-29
414635.0,4568555.0,2025-04-29
414645.0,4568555.0,2025-04-29
414655.0,4568555.0,2025-04-29
414665.0,4568555.0,2025-04-29
414675.0,4568555.0,2025-04-29
414685.0,4568555.0,2025-04-29
414695.0,4568555.0,2025-04-29
414705.0,4568555.0,2025-04-29
414715.0,4568555.0,2025-04-29
414725.0,4568555.0,2025-04-29
414735.0,4568555.0,2025-04-29
414745.0,4568555.0,2025-04-29
414755.0,4568555.0,2025-04-29
414765.0,4568555.0,2025-04-29
414775.0,4568555.0,2025-04-29
414785.0,4568555.0,2025-04-29
414795.0,4568555.0,2025-04-29
414805.0,4568555.0,2025-04-29
414815.0,4568555.0,2025-04-29
414825.0,4568555.0,2025-04-29
414835.0,4568555.0,2025-04-29
414845.0,4568555.0,2025-04-29
414855.0,4568555.0,2025-04-29
414865.0,4568555.0,2025-04-29
414875.0,4568555.0,2025-04-29
414885.0,4568555.0,2025-04-29
414895.0,4568555.0,2025-04-29
414905.0,4568555.0,2025-04-29
414915.0,4568555.0,2025-04-29
414925.0,4568555.0,2025-04-29
414935.0,4568555.0,2025-04-29
414945.0,4568555.0,2025-04-29
414955.0,4568555.0,2025-04-29
414965.0,4568555.0,2025-04-29
414975.0,4568555.0,2025-04-29
414985.0,4568555.0,2025-04-29
414995.0,4568555.0,2025-04-29
415005.0,4568555.0,2025-04-29
415015.0,4568555.0,2025-04-29
415025.0,4568555.0,2025-04-29
415035.0,4568555.0,2025-04-29
415045.0,4568555.0,2025-04-29
415055.0,4568555.0,2025-04-29
415065.0,4568555.0,2025-04-29
415075.0,4568555.0,2025-04-29
415085.0,4568555.0,2025-04-29
415095.0,4568555.0,2025-04-29
415105.0,4568555.0,2025-04-29
415115.0,4568555.0,2025-04-29
415125.0,4568555.0,2025-04-29
415135.0,4568555.0,2025-04-29
415145.0,4568555.0,2025-04-29
415155.0,4568555.0,2025-04-29
415165.0,4568555.0,2025-04-29
415175.0,4568555.0,2025-04-29
415185.0,4568555.0,2025-04-29
415195.0,4568555.0,2025-04-29
415205.0,4568555.0,2025-04-29
415215.0,4568555.0,2025-04-29
415225.0,4568555.0,2025-04-29
415235.0,4568555.0,2025-04-29
415245.0,4568555.0,2025-04-29
415255.0,4568555.0,2025-04-29
415265.0,4568555.0,2025-04-29
415275.0,4568555.0,2025-04-29
415285.0,4568555.0,2025-04-29
415295.0,4568555.0,2025-04-29
415305.0,4568555.0,2025-04-29
415315.0,4568555.0,2025-04-29
415325.0,4568555.0,2025-04-29
415335.0,4568555.0,2025-04-29
415345.0,4568555.0,2025-04-29
415355.0,4568555.0,2025-04-29
415365.0,4568555.0,2025-04-29
415375.0,4568555.0,2025-04-29
415385.0,4568555.0,2025-04-29
415395.0,4568555.0,2025-04-29
415405.0,4568555.0,2025-04-29
415415.0,4568555.0,2025-04-29
415425.0,4568555.0,2025-04-29
415435.0,4568555.0,2025-04-29
415445.0,4568555.0,2025-04-29
415455.0,4568555.0,2025-04-29
415465.0,4568555.0,2025-04-29
415475.0,4568555.0,2025-04-29
415485.0,4568555.0,2025-04-29
415495.0,4568555.0,2025-04-29
415505.0,4568555.0,2025-04-29
415515.0,4568555.0,2025-04-29
415525.0,4568555.0,2025-04-29
415535.0,4568555.0,2025-04-29
415545.0,4568555.0,2025-04-29
415555.0,4568555.0,2025-04-29
415565.0,4568555.0,2025-04-29
415575.0,4568555.0,2025-04-29
415585.0,4568555.0,2025-04-29
415595.0,4568555.0,2025-04-29
415605.0,4568555.0,2025-04-29
415615.0,4568555.0,2025-04-29
415625.0,4568555.0,2025-04-29
415635.0,4568555.0,2025-04-29
415645.0,4568555.0,2025-04-29
415655.0,4568555.0,2025-04-29
415665.0,4568555.0,2025-04-29
415675.0,4568555.0,2025-04-29
415685.0,4568555.0,2025-04-29
415695.0,4568555.0,2025-04-29
415705.0,4568555.0,2025-04-29
415715.0,4568555.0,2025-04-29
415725.0,4568555.0,2025-04-29
415735.0,4568555.0,2025-04-29
415745.0,4568555.0,2025-04-29
415755.0,4568555.0,2025-04-29
415765.0,4568555.0,2025-04-29
415775.0,4568555.0,2025-04-29
415785.0,4568555.0,2025-04-29
415795.0,4568555.0,2025-04-29
415805.0,4568555.0,2025-04-29
415815.0,4568555.0,2025-04-29
415825.0,4568555.0,2025-04-29
415835.0,4568555.0,2025-04-29
415845.0,4568555.0,2025-04-29
415855.0,4568555.0,2025-04-29
415865.0,4568555.0,2025-04-29
415875.0,4568555.0,2025-04-29
415885.0,4568555.0,2025-04-29
415895.0,4568555.0,2025-04-29
415905.0,4568555.0,2025-04-29
415915.0,4568555.0,2025-04-29
415925.0,4568555.0,2025-04-29
415935.0,4568555.0,2025-04-29
415945.0,4568555.0,2025-04-29
415955.0,4568555.0,2025-04-29
415965.0,4568555.0,2025-04-29
415975.0,4568555.0,2025-04-29
415985.0,4568555.0,2025-04-29
415995.0,4568555.0,2025-04-29
416005.0,4568555.0,2025-04-29
416015.0,4568555.0,2025-04-29
416025.0,4568555.0,2025-04-29
416035.0,4568555.0,2025-04-29
416045.0,4568555.0,2025-04-29
416055.0,4568555.0,2025-04-29
416065.0,4568555.0,2025-04-29
416075.0,4568555.0,2025-04-29
416085.0,4568555.0,2025-04-29
416095.0,4568555.0,2025-04-29
416105.0,4568555.0,2025-04-29
416115.0,4568555.0,2025-04-29
416125.0,4568555.0,2025-04-29
416135.0,4568555.0,2025-04-29
416145.0,4568555.0,2025-04-29
416155.0,4568555.0,2025-04-29
416165.0,4568555.0,2025-04-29
416175.0,4568555.0,2025-04-29
416185.0,4568555.0,2025-04-29
416195.0,4568555.0,2025-04-29
416205.0,4568555.0,2025-04-29
416215.0,4568555.0,2025-04-29
416225.0,4568555.0,2025-04-29
416235.0,4568555.0,2025-04-29
416245.0,4568555.0,2025-04-29
416255.0,4568555.0,2025-04-29
416265.0,4568555.0,2025-04-29
416275.0,4568555.0,2025-04-29
416285.0,4568555.0,2025-04-29
416295.0,4568555.0,2025-04-29
416305.0,4568555.0,2025-04-29
416315.0,4568555.0,2025-04-29
416325.0,4568555.0,2025-04-29
416335.0,4568555.0,2025-04-29
416345.0,4568555.0,2025-04-29
416355.0,4568555.0,2025-04-29
416365.0,4568555.0,2025-04-29
416375.0,4568555.0,2025-04-29
416385.0,4568555.0,2025-04-29
416395.0,4568555.0,2025-04-29
416405.0,4568555.0,2025-04-29
416415.0,4568555.0,2025-04-29
416425.0,4568555.0,2025-04-29
416435.0,4568555.0,2025-04-29
416445.0,4568555.0,2025-04-29
416455.0,4568555.0,2025-04-29
411745.0,4568545.0,2025-04-29
411755.0,4568545.0,2025-04-29
411765.0,4568545.0,2025-04-29
411775.0,4568545.0,2025-04-29
411785.0,4568545.0,2025-04-29
411795.0,4568545.0,2025-04-29
411805.0,4568545.0,2025-04-29
411815.0,4568545.0,2025-04-29
411825.0,4568545.0,2025-04-29
411835.0,4568545.0,2025-04-29
411845.0,4568545.0,2025-04-29
411855.0,4568545.0,2025-04-29
411865.0,4568545.0,2025-04-29
411875.0,4568545.0,2025-04-29
411885.0,4568545.0,2025-04-29
411895.0,4568545.0,2025-04-29
411905.0,4568545.0,2025-04-29
411915.0,4568545.0,2025-04-29
411925.0,4568545.0,2025-04-29
411935.0,4568545.0,2025-04-29
411945.0,4568545.0,2025-04-29
411955.0,4568545.0,2025-04-29
411965.0,4568545.0,2025-04-29
411975.0,4568545.0,2025-04-29
411985.0,4568545.0,2025-04-29
411995.0,4568545.0,2025-04-29
412005.0,4568545.0,2025-04-29
412015.0,4568545.0,2025-04-29
412025.0,4568545.0,2025-04-29
412035.0,4568545.0,2025-04-29
412045.0,4568545.0,2025-04-29
412055.0,4568545.0,2025-04-29
412065.0,4568545.0,2025-04-29
412075.0,4568545.0,2025-04-29
412085.0,4568545.0,2025-04-29
412095.0,4568545.0,2025-04-29
412105.0,4568545.0,2025-04-29
412115.0,4568545.0,2025-04-29
412125.0,4568545.0,2025-04-29
412135.0,4568545.0,2025-04-29
412145.0,4568545.0,2025-04-29
412155.0,4568545.0,2025-04-29
412165.0,4568545.0,2025-04-29
412175.0,4568545.0,2025-04-29
412185.0,4568545.0,2025-04-29
412195.0,4568545.0,2025-04-29
412205.0,4568545.0,2025-04-29
412215.0,4568545.0,2025-04-29
412225.0,4568545.0,2025-04-29
412235.0,4568545.0,2025-04-29
412245.0,4568545.0,2025-04-29
412255.0,4568545.0,2025-04-29
412265.0,4568545.0,2025-04-29
412275.0,4568545.0,2025-04-29
412285.0,4568545.0,2025-04-29
412295.0,4568545.0,2025-04-29
412305.0,4568545.0,2025-04-29
412315.0,4568545.0,2025-04-29
412325.0,4568545.0,2025-04-29
412335.0,4568545.0,2025-04-29
412345.0,4568545.0,2025-04-29
412355.0,4568545.0,2025-04-29
412365.0,4568545.0,2025-04-29
412375.0,4568545.0,2025-04-29
412385.0,4568545.0,2025-04-29
412395.0,4568545.0,2025-04-29
412405.0,4568545.0,2025-04-29
412415.0,4568545.0,2025-04-29
412425.0,4568545.0,2025-04-29
412435.0,4568545.0,2025-04-29
412445.0,4568545.0,2025-04-29
412455.0,4568545.0,2025-04-29
412465.0,4568545.0,2025-04-29
412475.0,4568545.0,2025-04-29
412485.0,4568545.0,2025-04-29
412495.0,4568545.0,2025-04-29
412505.0,4568545.0,2025-04-29
412515.0,4568545.0,2025-04-29
412525.0,4568545.0,2025-04-29
412535.0,4568545.0,2025-04-29
412545.0,4568545.0,2025-04-29
412555.0,4568545.0,2025-04-29
412565.0,4568545.0,2025-04-29
412575.0,4568545.0,2025-04-29
412585.0,4568545.0,2025-04-29
412595.0,4568545.0,2025-04-29
412605.0,4568545.0,2025-04-29
412615.0,4568545.0,2025-04-29
412625.0,4568545.0,2025-04-29
412635.0,4568545.0,2025-04-29
412645.0,4568545.0,2025-04-29
412655.0,4568545.0,2025-04-29
412665.0,4568545.0,2025-04-29
412675.0,4568545.0,2025-04-29
412685.0,4568545.0,2025-04-29
412695.0,4568545.0,2025-04-29
412705.0,4568545.0,2025-04-29
412715.0,4568545.0,2025-04-29
412725.0,4568545.0,2025-04-29
412735.0,4568545.0,2025-04-29
412745.0,4568545.0,2025-04-29
412755.0,4568545.0,2025-04-29
412765.0,4568545.0,2025-04-29
412775.0,4568545.0,2025-04-29
412785.0,4568545.0,2025-04-29
412795.0,4568545.0,2025-04-29
412805.0,4568545.0,2025-04-29
412815.0,4568545.0,2025-04-29
412825.0,4568545.0,2025-04-29
412835.0,4568545.0,2025-04-29
412845.0,4568545.0,2025-04-29
412855.0,4568545.0,2025-04-29
412865.0,4568545.0,2025-04-29
412875.0,4568545.0,2025-04-29
412885.0,4568545.0,2025-04-29
412895.0,4568545.0,2025-04-29
412905.0,4568545.0,2025-04-29
412915.0,4568545.0,2025-04-29
412925.0,4568545.0,2025-04-29
412935.0,4568545.0,2025-04-29
412945.0,4568545.0,2025-04-29
412955.0,4568545.0,2025-04-29
412965.0,4568545.0,2025-04-29
412975.0,4568545.0,2025-04-29
412985.0,4568545.0,2025-04-29
412995.0,4568545.0,2025-04-29
413005.0,4568545.0,2025-04-29
413015.0,4568545.0,2025-04-29
413025.0,4568545.0,2025-04-29
413035.0,4568545.0,2025-04-29
413045.0,4568545.0,2025-04-29
413055.0,4568545.0,2025-04-29
413065.0,4568545.0,2025-04-29
413075.0,4568545.0,2025-04-29
413085.0,4568545.0,2025-04-29
413095.0,4568545.0,2025-04-29
413105.0,4568545.0,2025-04-29
413115.0,4568545.0,2025-04-29
413125.0,4568545.0,2025-04-29
413135.0,4568545.0,2025-04-29
413145.0,4568545.0,2025-04-29
413155.0,4568545.0,2025-04-29
413165.0,4568545.0,2025-04-29
413175.0,4568545.0,2025-04-29
413185.0,4568545.0,2025-04-29
413195.0,4568545.0,2025-04-29
413205.0,4568545.0,2025-04-29
413215.0,4568545.0,2025-04-29
413225.0,4568545.0,2025-04-29
413235.0,4568545.0,2025-04-29
413245.0,4568545.0,2025-04-29
413255.0,4568545.0,2025-04-29
413265.0,4568545.0,2025-04-29
413275.0,4568545.0,2025-04-29
413285.0,4568545.0,2025-04-29
413295.0,4568545.0,2025-04-29
413305.0,4568545.0,2025-04-29
413315.0,4568545.0,2025-04-29
413325.0,4568545.0,2025-04-29
413335.0,4568545.0,2025-04-29
413345.0,4568545.0,2025-04-29
413355.0,4568545.0,2025-04-29
413365.0,4568545.0,2025-04-29
413375.0,4568545.0,2025-04-29
413385.0,4568545.0,2025-04-29
413395.0,4568545.0,2025-04-29
413405.0,4568545.0,2025-04-29
413415.0,4568545.0,2025-04-29
413425.0,4568545.0,2025-04-29
413435.0,4568545.0,2025-04-29
413445.0,4568545.0,2025-04-29
413455.0,4568545.0,2025-04-29
413465.0,4568545.0,2025-04-29
413475.0,4568545.0,2025-04-29
413485.0,4568545.0,2025-04-29
413495.0,4568545.0,2025-04-29
413505.0,4568545.0,2025-04-29
413515.0,4568545.0,2025-04-29
413525.0,4568545.0,2025-04-29
413535.0,4568545.0,2025-04-29
413545.0,4568545.0,2025-04-29
413555.0,4568545.0,2025-04-29
413565.0,4568545.0,2025-04-29
413575.0,4568545.0,2025-04-29
413585.0,4568545.0,2025-04-29
413595.0,4568545.0,2025-04-29
413605.0,4568545.0,2025-04-29
413615.0,4568545.0,2025-04-29
413625.0,4568545.0,2025-04-29
413635.0,4568545.0,2025-04-29
413645.0,4568545.0,2025-04-29
413655.0,4568545.0,2025-04-29
413665.0,4568545.0,2025-04-29
413675.0,4568545.0,2025-04-29
413685.0,4568545.0,2025-04-29
413695.0,4568545.0,2025-04-29
413705.0,4568545.0,2025-04-29
413715.0,4568545.0,2025-04-29
413725.0,4568545.0,2025-04-29
413735.0,4568545.0,2025-04-29
413745.0,4568545.0,2025-04-29
413755.0,4568545.0,2025-04-29
413765.0,4568545.0,2025-04-29
413775.0,4568545.0,2025-04-29
413785.0,4568545.0,2025-04-29
413795.0,4568545.0,2025-04-29
413805.0,4568545.0,2025-04-29
413815.0,4568545.0,2025-04-29
413825.0,4568545.0,2025-04-29
413835.0,4568545.0,2025-04-29
413845.0,4568545.0,2025-04-29
413855.0,4568545.0,2025-04-29
413865.0,4568545.0,2025-04-29
413875.0,4568545.0,2025-04-29
413885.0,4568545.0,2025-04-29
413895.0,4568545.0,2025-04-29
413905.0,4568545.0,2025-04-29
413915.0,4568545.0,2025-04-29
413925.0,4568545.0,2025-04-29
413935.0,4568545.0,2025-04-29
413945.0,4568545.0,2025-04-29
413955.0,4568545.0,2025-04-29
413965.0,4568545.0,2025-04-29
413975.0,4568545.0,2025-04-29
413985.0,4568545.0,2025-04-29
413995.0,4568545.0,2025-04-29
414005.0,4568545.0,2025-04-29
414015.0,4568545.0,2025-04-29
414025.0,4568545.0,2025-04-29
414035.0,4568545.0,2025-04-29
414045.0,4568545.0,2025-04-29
414055.0,4568545.0,2025-04-29
414065.0,4568545.0,2025-04-29
414075.0,4568545.0,2025-04-29
414085.0,4568545.0,2025-04-29
414095.0,4568545.0,2025-04-29
414105.0,4568545.0,2025-04-29
414115.0,4568545.0,2025-04-29
414125.0,4568545.0,2025-04-29
414135.0,4568545.0,2025-04-29
414145.0,4568545.0,2025-04-29
414155.0,4568545.0,2025-04-29
414165.0,4568545.0,2025-04-29
414175.0,4568545.0,2025-04-29
414185.0,4568545.0,2025-04-29
414195.0,4568545.0,2025-04-29
414205.0,4568545.0,2025-04-29
414215.0,4568545.0,2025-04-29
414225.0,4568545.0,2025-04-29
414235.0,4568545.0,2025-04-29
414245.0,4568545.0,2025-04-29
414255.0,4568545.0,2025-04-29
414265.0,4568545.0,2025-04-29
414275.0,4568545.0,2025-04-29
414285.0,4568545.0,2025-04-29
414295.0,4568545.0,2025-04-29
414305.0,4568545.0,2025-04-29
414315.0,4568545.0,2025-04-29
414325.0,4568545.0,2025-04-29
414335.0,4568545.0,2025-04-29
414345.0,4568545.0,2025-04-29
414355.0,4568545.0,2025-04-29
414365.0,4568545.0,2025-04-29
414375.0,4568545.0,2025-04-29
414385.0,4568545.0,2025-04-29
414395.0,4568545.0,2025-04-29
414405.0,4568545.0,2025-04-29
414415.0,4568545.0,2025-04-29
414425.0,4568545.0,2025-04-29
414435.0,4568545.0,2025-04-29
414445.0,4568545.0,2025-04-29
414455.0,4568545.0,2025-04-29
414465.0,4568545.0,2025-04-29
414475.0,4568545.0,2025-04-29
414485.0,4568545.0,2025-04-29
414495.0,4568545.0,2025-04-29
414505.0,4568545.0,2025-04-29
414515.0,4568545.0,2025-04-29
414525.0,4568545.0,2025-04-29
414535.0,4568545.0,2025-04-29
414545.0,4568545.0,2025-04-29
414555.0,4568545.0,2025-04-29
414565.0,4568545.0,2025-04-29
414575.0,4568545.0,2025-04-29
414585.0,4568545.0,2025-04-29
414595.0,4568545.0,2025-04-29
414605.0,4568545.0,2025-04-29
414615.0,4568545.0,2025-04-29
414625.0,4568545.0,2025-04-29
414635.0,4568545.0,2025-04-29
414645.0,4568545.0,2025-04-29
414655.0,4568545.0,2025-04-29
414665.0,4568545.0,2025-04-29
414675.0,4568545.0,2025-04-29
414685.0,4568545.0,2025-04-29
414695.0,4568545.0,2025-04-29
414705.0,4568545.0,2025-04-29
414715.0,4568545.0,2025-04-29
414725.0,4568545.0,2025-04-29
414735.0,4568545.0,2025-04-29
414745.0,4568545.0,2025-04-29
414755.0,4568545.0,2025-04-29
414765.0,4568545.0,2025-04-29
414775.0,4568545.0,2025-04-29
414785.0,4568545.0,2025-04-29
414795.0,4568545.0,2025-04-29
414805.0,4568545.0,2025-04-29
414815.0,4568545.0,2025-04-29
414825.0,4568545.0,2025-04-29
414835.0,4568545.0,2025-04-29
414845.0,4568545.0,2025-04-29
414855.0,4568545.0,2025-04-29
414865.0,4568545.0,2025-04-29
414875.0,4568545.0,2025-04-29
414885.0,4568545.0,2025-04-29
414895.0,4568545.0,2025-04-29
414905.0,4568545.0,2025-04-29
414915.0,4568545.0,2025-04-29
414925.0,4568545.0,2025-04-29
414935.0,4568545.0,2025-04-29
414945.0,4568545.0,2025-04-29
414955.0,4568545.0,2025-04-29
414965.0,4568545.0,2025-04-29
414975.0,4568545.0,2025-04-29
414985.0,4568545.0,2025-04-29
414995.0,4568545.0,2025-04-29
415005.0,4568545.0,2025-04-29
415015.0,4568545.0,2025-04-29
415025.0,4568545.0,2025-04-29
415035.0,4568545.0,2025-04-29
415045.0,4568545.0,2025-04-29
415055.0,4568545.0,2025-04-29
415065.0,4568545.0,2025-04-29
415075.0,4568545.0,2025-04-29
415085.0,4568545.0,2025-04-29
415095.0,4568545.0,2025-04-29
415105.0,4568545.0,2025-04-29
415115.0,4568545.0,2025-04-29
415125.0,4568545.0,2025-04-29
415135.0,4568545.0,2025-04-29
415145.0,4568545.0,2025-04-29
415155.0,4568545.0,2025-04-29
415165.0,4568545.0,2025-04-29
415175.0,4568545.0,2025-04-29
415185.0,4568545.0,2025-04-29
415195.0,4568545.0,2025-04-29
415205.0,4568545.0,2025-04-29
415215.0,4568545.0,2025-04-29
415225.0,4568545.0,2025-04-29
415235.0,4568545.0,2025-04-29
415245.0,4568545.0,2025-04-29
415255.0,4568545.0,2025-04-29
415265.0,4568545.0,2025-04-29
415275.0,4568545.0,2025-04-29
415285.0,4568545.0,2025-04-29
415295.0,4568545.0,2025-04-29
415305.0,4568545.0,2025-04-29
415315.0,4568545.0,2025-04-29
415325.0,4568545.0,2025-04-29
415335.0,4568545.0,2025-04-29
415345.0,4568545.0,2025-04-29
415355.0,4568545.0,2025-04-29
415365.0,4568545.0,2025-04-29
415375.0,4568545.0,2025-04-29
415385.0,4568545.0,2025-04-29
415395.0,4568545.0,2025-04-29
415405.0,4568545.0,2025-04-29
415415.0,4568545.0,2025-04-29
415425.0,4568545.0,2025-04-29
415435.0,4568545.0,2025-04-29
415445.0,4568545.0,2025-04-29
415455.0,4568545.0,2025-04-29
415465.0,4568545.0,2025-04-29
415475.0,4568545.0,2025-04-29
415485.0,4568545.0,2025-04-29
415495.0,4568545.0,2025-04-29
415505.0,4568545.0,2025-04-29
415515.0,4568545.0,2025-04-29
415525.0,4568545.0,2025-04-29
415535.0,4568545.0,2025-04-29
415545.0,4568545.0,2025-04-29
415555.0,4568545.0,2025-04-29
415565.0,4568545.0,2025-04-29
415575.0,4568545.0,2025-04-29
415585.0,4568545.0,2025-04-29
415595.0,4568545.0,2025-04-29
415605.0,4568545.0,2025-04-29
415615.0,4568545.0,2025-04-29
415625.0,4568545.0,2025-04-29
415635.0,4568545.0,2025-04-29
415645.0,4568545.0,2025-04-29
415655.0,4568545.0,2025-04-29
415665.0,4568545.0,2025-04-29
415675.0,4568545.0,2025-04-29
415685.0,4568545.0,2025-04-29
415695.0,4568545.0,2025-04-29
415705.0,4568545.0,2025-04-29
415715.0,4568545.0,2025-04-29
415725.0,4568545.0,2025-04-29
415735.0,4568545.0,2025-04-29
415745.0,4568545.0,2025-04-29
415755.0,4568545.0,2025-04-29
415765.0,4568545.0,2025-04-29
415775.0,4568545.0,2025-04-29
415785.0,4568545.0,2025-04-29
415795.0,4568545.0,2025-04-29
415805.0,4568545.0,2025-04-29
415815.0,4568545.0,2025-04-29
415825.0,4568545.0,2025-04-29
415835.0,4568545.0,2025-04-29
415845.0,4568545.0,2025-04-29
415855.0,4568545.0,2025-04-29
415865.0,4568545.0,2025-04-29
415875.0,4568545.0,2025-04-29
415885.0,4568545.0,2025-04-29
415895.0,4568545.0,2025-04-29
415905.0,4568545.0,2025-04-29
415915.0,4568545.0,2025-04-29
415925.0,4568545.0,2025-04-29
415935.0,4568545.0,2025-04-29
415945.0,4568545.0,2025-04-29
415955.0,4568545.0,2025-04-29
415965.0,4568545.0,2025-04-29
415975.0,4568545.0,2025-04-29
415985.0,4568545.0,2025-04-29
415995.0,4568545.0,2025-04-29
416005.0,4568545.0,2025-04-29
416015.0,4568545.0,2025-04-29
416025.0,4568545.0,2025-04-29
416035.0,4568545.0,2025-04-29
416045.0,4568545.0,2025-04-29
416055.0,4568545.0,2025-04-29
416065.0,4568545.0,2025-04-29
416075.0,4568545.0,2025-04-29
416085.0,4568545.0,2025-04-29
416095.0,4568545.0,2025-04-29
416105.0,4568545.0,2025-04-29
416115.0,4568545.0,2025-04-29
416125.0,4568545.0,2025-04-29
416135.0,4568545.0,2025-04-29
416145.0,4568545.0,2025-04-29
416155.0,4568545.0,2025-04-29
416165.0,4568545.0,2025-04-29
416175.0,4568545.0,2025-04-29
416185.0,4568545.0,2025-04-29
416195.0,4568545.0,2025-04-29
416205.0,4568545.0,2025-04-29
416215.0,4568545.0,2025-04-29
416225.0,4568545.0,2025-04-29
416235.0,4568545.0,2025-04-29
416245.0,4568545.0,2025-04-29
416255.0,4568545.0,2025-04-29
416265.0,4568545.0,2025-04-29
416275.0,4568545.0,2025-04-29
416285.0,4568545.0,2025-04-29
416295.0,4568545.0,2025-04-29
416305.0,4568545.0,2025-04-29
416315.0,4568545.0,2025-04-29
416325.0,4568545.0,2025-04-29
416335.0,4568545.0,2025-04-29
416345.0,4568545.0,2025-04-29
416355.0,4568545.0,2025-04-29
416365.0,4568545.0,2025-04-29
416375.0,4568545.0,2025-04-29
416385.0,4568545.0,2025-04-29
416395.0,4568545.0,2025-04-29
416405.0,4568545.0,2025-04-29
416415.0,4568545.0,2025-04-29
416425.0,4568545.0,2025-04-29
416435.0,4568545.0,2025-04-29
416445.0,4568545.0,2025-04-29
416455.0,4568545.0,2025-04-29
412575.0,4568535.0,2025-04-29
412585.0,4568535.0,2025-04-29
412595.0,4568535.0,2025-04-29
412605.0,4568535.0,2025-04-29
412615.0,4568535.0,2025-04-29
412625.0,4568535.0,2025-04-29
412635.0,4568535.0,2025-04-29
412645.0,4568535.0,2025-04-29
412655.0,4568535.0,2025-04-29
412665.0,4568535.0,2025-04-29
412675.0,4568535.0,2025-04-29
412685.0,4568535.0,2025-04-29
412695.0,4568535.0,2025-04-29
412705.0,4568535.0,2025-04-29
412715.0,4568535.0,2025-04-29
412725.0,4568535.0,2025-04-29
412735.0,4568535.0,2025-04-29
412745.0,4568535.0,2025-04-29
412755.0,4568535.0,2025-04-29
412765.0,4568535.0,2025-04-29
412775.0,4568535.0,2025-04-29
412785.0,4568535.0,2025-04-29
412795.0,4568535.0,2025-04-29
412805.0,4568535.0,2025-04-29
412815.0,4568535.0,2025-04-29
412825.0,4568535.0,2025-04-29
412835.0,4568535.0,2025-04-29
412845.0,4568535.0,2025-04-29
412855.0,4568535.0,2025-04-29
412865.0,4568535.0,2025-04-29
412875.0,4568535.0,2025-04-29
412885.0,4568535.0,2025-04-29
412895.0,4568535.0,2025-04-29
412905.0,4568535.0,2025-04-29
412915.0,4568535.0,2025-04-29
412925.0,4568535.0,2025-04-29
412935.0,4568535.0,2025-04-29
412945.0,4568535.0,2025-04-29
412955.0,4568535.0,2025-04-29
412965.0,4568535.0,2025-04-29
412975.0,4568535.0,2025-04-29
412985.0,4568535.0,2025-04-29
412995.0,4568535.0,2025-04-29
413005.0,4568535.0,2025-04-29
413015.0,4568535.0,2025-04-29
413025.0,4568535.0,2025-04-29
413035.0,4568535.0,2025-04-29
413045.0,4568535.0,2025-04-29
413055.0,4568535.0,2025-04-29
413065.0,4568535.0,2025-04-29
413075.0,4568535.0,2025-04-29
413085.0,4568535.0,2025-04-29
413095.0,4568535.0,2025-04-29
413105.0,4568535.0,2025-04-29
413115.0,4568535.0,2025-04-29
413125.0,4568535.0,2025-04-29
413135.0,4568535.0,2025-04-29
413145.0,4568535.0,2025-04-29
413155.0,4568535.0,2025-04-29
413165.0,4568535.0,2025-04-29
413175.0,4568535.0,2025-04-29
413185.0,4568535.0,2025-04-29
413195.0,4568535.0,2025-04-29
413205.0,4568535.0,2025-04-29
413215.0,4568535.0,2025-04-29
413225.0,4568535.0,2025-04-29
413235.0,4568535.0,2025-04-29
413245.0,4568535.0,2025-04-29
413255.0,4568535.0,2025-04-29
413265.0,4568535.0,2025-04-29
413275.0,4568535.0,2025-04-29
413285.0,4568535.0,2025-04-29
413295.0,4568535.0,2025-04-29
413305.0,4568535.0,2025-04-29
413315.0,4568535.0,2025-04-29
413325.0,4568535.0,2025-04-29
413335.0,4568535.0,2025-04-29
413345.0,4568535.0,2025-04-29
413355.0,4568535.0,2025-04-29
413365.0,4568535.0,2025-04-29
413375.0,4568535.0,2025-04-29
413385.0,4568535.0,2025-04-29
413395.0,4568535.0,2025-04-29
413405.0,4568535.0,2025-04-29
413415.0,4568535.0,2025-04-29
413425.0,4568535.0,2025-04-29
413435.0,4568535.0,2025-04-29
413445.0,4568535.0,2025-04-29
413455.0,4568535.0,2025-04-29
413465.0,4568535.0,2025-04-29
413475.0,4568535.0,2025-04-29
413485.0,4568535.0,2025-04-29
413495.0,4568535.0,2025-04-29
413505.0,4568535.0,2025-04-29
413515.0,4568535.0,2025-04-29
413525.0,4568535.0,2025-04-29
413535.0,4568535.0,2025-04-29
413545.0,4568535.0,2025-04-29
413555.0,4568535.0,2025-04-29
413565.0,4568535.0,2025-04-29
413575.0,4568535.0,2025-04-29
413585.0,4568535.0,2025-04-29
413595.0,4568535.0,2025-04-29
413605.0,4568535.0,2025-04-29
413615.0,4568535.0,2025-04-29
413625.0,4568535.0,2025-04-29
413635.0,4568535.0,2025-04-29
413645.0,4568535.0,2025-04-29
413655.0,4568535.0,2025-04-29
413665.0,4568535.0,2025-04-29
413675.0,4568535.0,2025-04-29
413685.0,4568535.0,2025-04-29
413695.0,4568535.0,2025-04-29
413705.0,4568535.0,2025-04-29
413715.0,4568535.0,2025-04-29
413725.0,4568535.0,2025-04-29
413735.0,4568535.0,2025-04-29
413745.0,4568535.0,2025-04-29
413755.0,4568535.0,2025-04-29
413765.0,4568535.0,2025-04-29
413775.0,4568535.0,2025-04-29
413785.0,4568535.0,2025-04-29
413795.0,4568535.0,2025-04-29
413805.0,4568535.0,2025-04-29
413815.0,4568535.0,2025-04-29
413825.0,4568535.0,2025-04-29
413835.0,4568535.0,2025-04-29
413845.0,4568535.0,2025-04-29
413855.0,4568535.0,2025-04-29
413865.0,4568535.0,2025-04-29
413875.0,4568535.0,2025-04-29
413885.0,4568535.0,2025-04-29
413895.0,4568535.0,2025-04-29
413905.0,4568535.0,2025-04-29
413915.0,4568535.0,2025-04-29
413925.0,4568535.0,2025-04-29
413935.0,4568535.0,2025-04-29
413945.0,4568535.0,2025-04-29
413955.0,4568535.0,2025-04-29
413965.0,4568535.0,2025-04-29
413975.0,4568535.0,2025-04-29
413985.0,4568535.0,2025-04-29
413995.0,4568535.0,2025-04-29
414005.0,4568535.0,2025-04-29
414015.0,4568535.0,2025-04-29
414025.0,4568535.0,2025-04-29
414035.0,4568535.0,2025-04-29
414045.0,4568535.0,2025-04-29
414055.0,4568535.0,2025-04-29
414065.0,4568535.0,2025-04-29
414075.0,4568535.0,2025-04-29
414085.0,4568535.0,2025-04-29
414095.0,4568535.0,2025-04-29
414105.0,4568535.0,2025-04-29
414115.0,4568535.0,2025-04-29
414125.0,4568535.0,2025-04-29
414135.0,4568535.0,2025-04-29
414145.0,4568535.0,2025-04-29
414155.0,4568535.0,2025-04-29
414165.0,4568535.0,2025-04-29
414175.0,4568535.0,2025-04-29
414185.0,4568535.0,2025-04-29
414195.0,4568535.0,2025-04-29
414205.0,4568535.0,2025-04-29
414215.0,4568535.0,2025-04-29
414225.0,4568535.0,2025-04-29
414235.0,4568535.0,2025-04-29
414245.0,4568535.0,2025-04-29
414255.0,4568535.0,2025-04-29
414265.0,4568535.0,2025-04-29
414275.0,4568535.0,2025-04-29
414285.0,4568535.0,2025-04-29
414295.0,4568535.0,2025-04-29
414305.0,4568535.0,2025-04-29
414315.0,4568535.0,2025-04-29
414325.0,4568535.0,2025-04-29
414335.0,4568535.0,2025-04-29
414345.0,4568535.0,2025-04-29
414355.0,4568535.0,2025-04-29
414365.0,4568535.0,2025-04-29
414375.0,4568535.0,2025-04-29
414385.0,4568535.0,2025-04-29
414395.0,4568535.0,2025-04-29
414405.0,4568535.0,2025-04-29
414415.0,4568535.0,2025-04-29
414425.0,4568535.0,2025-04-29
414435.0,4568535.0,2025-04-29
414445.0,4568535.0,2025-04-29
414455.0,4568535.0,2025-04-29
414465.0,4568535.0,2025-04-29
414475.0,4568535.0,2025-04-29
414485.0,4568535.0,2025-04-29
414495.0,4568535.0,2025-04-29
414505.0,4568535.0,2025-04-29
414515.0,4568535.0,2025-04-29
414525.0,4568535.0,2025-04-29
414535.0,4568535.0,2025-04-29
414545.0,4568535.0,2025-04-29
414555.0,4568535.0,2025-04-29
414565.0,4568535.0,2025-04-29
414575.0,4568535.0,2025-04-29
414585.0,4568535.0,2025-04-29
414595.0,4568535.0,2025-04-29
414605.0,4568535.0,2025-04-29
414615.0,4568535.0,2025-04-29
414625.0,4568535.0,2025-04-29
414635.0,4568535.0,2025-04-29
414645.0,4568535.0,2025-04-29
414655.0,4568535.0,2025-04-29
414665.0,4568535.0,2025-04-29
414675.0,4568535.0,2025-04-29
414685.0,4568535.0,2025-04-29
414695.0,4568535.0,2025-04-29
414705.0,4568535.0,2025-04-29
414715.0,4568535.0,2025-04-29
414725.0,4568535.0,2025-04-29
414735.0,4568535.0,2025-04-29
414745.0,4568535.0,2025-04-29
414755.0,4568535.0,2025-04-29
414765.0,4568535.0,2025-04-29
414775.0,4568535.0,2025-04-29
414785.0,4568535.0,2025-04-29
414795.0,4568535.0,2025-04-29
414805.0,4568535.0,2025-04-29
414815.0,4568535.0,2025-04-29
414825.0,4568535.0,2025-04-29
414835.0,4568535.0,2025-04-29
414845.0,4568535.0,2025-04-29
414855.0,4568535.0,2025-04-29
414865.0,4568535.0,2025-04-29
414875.0,4568535.0,2025-04-29
414885.0,4568535.0,2025-04-29
414895.0,4568535.0,2025-04-29
414905.0,4568535.0,2025-04-29
414915.0,4568535.0,2025-04-29
414925.0,4568535.0,2025-04-29
414935.0,4568535.0,2025-04-29
414945.0,4568535.0,2025-04-29
414955.0,4568535.0,2025-04-29
414965.0,4568535.0,2025-04-29
414975.0,4568535.0,2025-04-29
414985.0,4568535.0,2025-04-29
414995.0,4568535.0,2025-04-29
415005.0,4568535.0,2025-04-29
415015.0,4568535.0,2025-04-29
415025.0,4568535.0,2025-04-29
415035.0,4568535.0,2025-04-29
415045.0,4568535.0,2025-04-29
415055.0,4568535.0,2025-04-29
415065.0,4568535.0,2025-04-29
415075.0,4568535.0,2025-04-29
415085.0,4568535.0,2025-04-29
415095.0,4568535.0,2025-04-29
415105.0,4568535.0,2025-04-29
415115.0,4568535.0,2025-04-29
415125.0,4568535.0,2025-04-29
415135.0,4568535.0,2025-04-29
415145.0,4568535.0,2025-04-29
415155.0,4568535.0,2025-04-29
415165.0,4568535.0,2025-04-29
415175.0,4568535.0,2025-04-29
415185.0,4568535.0,2025-04-29
415195.0,4568535.0,2025-04-29
415205.0,4568535.0,2025-04-29
415215.0,4568535.0,2025-04-29
415225.0,4568535.0,2025-04-29
415235.0,4568535.0,2025-04-29
415245.0,4568535.0,2025-04-29
415255.0,4568535.0,2025-04-29
415265.0,4568535.0,2025-04-29
415275.0,4568535.0,2025-04-29
415285.0,4568535.0,2025-04-29
415295.0,4568535.0,2025-04-29
415305.0,4568535.0,2025-04-29
415315.0,4568535.0,2025-04-29
415325.0,4568535.0,2025-04-29
415335.0,4568535.0,2025-04-29
415345.0,4568535.0,2025-04-29
415355.0,4568535.0,2025-04-29
415365.0,4568535.0,2025-04-29
415375.0,4568535.0,2025-04-29
415385.0,4568535.0,2025-04-29
415395.0,4568535.0,2025-04-29
415405.0,4568535.0,2025-04-29
415415.0,4568535.0,2025-04-29
415425.0,4568535.0,2025-04-29
415435.0,4568535.0,2025-04-29
415445.0,4568535.0,2025-04-29
415455.0,4568535.0,2025-04-29
415465.0,4568535.0,2025-04-29
415475.0,4568535.0,2025-04-29
415485.0,4568535.0,2025-04-29
415495.0,4568535.0,2025-04-29
415505.0,4568535.0,2025-04-29
415515.0,4568535.0,2025-04-29
415525.0,4568535.0,2025-04-29
415535.0,4568535.0,2025-04-29
415545.0,4568535.0,2025-04-29
415555.0,4568535.0,2025-04-29
415565.0,4568535.0,2025-04-29
415575.0,4568535.0,2025-04-29
415585.0,4568535.0,2025-04-29
415595.0,4568535.0,2025-04-29
415605.0,4568535.0,2025-04-29
415615.0,4568535.0,2025-04-29
415625.0,4568535.0,2025-04-29
415635.0,4568535.0,2025-04-29
415645.0,4568535.0,2025-04-29
415655.0,4568535.0,2025-04-29
415665.0,4568535.0,2025-04-29
415675.0,4568535.0,2025-04-29
415685.0,4568535.0,2025-04-29
415695.0,4568535.0,2025-04-29
415705.0,4568535.0,2025-04-29
415715.0,4568535.0,2025-04-29
415725.0,4568535.0,2025-04-29
415735.0,4568535.0,2025-04-29
415745.0,4568535.0,2025-04-29
415755.0,4568535.0,2025-04-29
415765.0,4568535.0,2025-04-29
415775.0,4568535.0,2025-04-29
415785.0,4568535.0,2025-04-29
415795.0,4568535.0,2025-04-29
415805.0,4568535.0,2025-04-29
415815.0,4568535.0,2025-04-29
415825.0,4568535.0,2025-04-29
415835.0,4568535.0,2025-04-29
415845.0,4568535.0,2025-04-29
415855.0,4568535.0,2025-04-29
415865.0,4568535.0,2025-04-29
415875.0,4568535.0,2025-04-29
415885.0,4568535.0,2025-04-29
415895.0,4568535.0,2025-04-29
415905.0,4568535.0,2025-04-29
415915.0,4568535.0,2025-04-29
415925.0,4568535.0,2025-04-29
415935.0,4568535.0,2025-04-29
415945.0,4568535.0,2025-04-29
415955.0,4568535.0,2025-04-29
415965.0,4568535.0,2025-04-29
415975.0,4568535.0,2025-04-29
415985.0,4568535.0,2025-04-29
415995.0,4568535.0,2025-04-29
416005.0,4568535.0,2025-04-29
416015.0,4568535.0,2025-04-29
416025.0,4568535.0,2025-04-29
416035.0,4568535.0,2025-04-29
416045.0,4568535.0,2025-04-29
416055.0,4568535.0,2025-04-29
416065.0,4568535.0,2025-04-29
416075.0,4568535.0,2025-04-29
416085.0,4568535.0,2025-04-29
416095.0,4568535.0,2025-04-29
416105.0,4568535.0,2025-04-29
416115.0,4568535.0,2025-04-29
416125.0,4568535.0,2025-04-29
416135.0,4568535.0,2025-04-29
416145.0,4568535.0,2025-04-29
416155.0,4568535.0,2025-04-29
416165.0,4568535.0,2025-04-29
416175.0,4568535.0,2025-04-29
416185.0,4568535.0,2025-04-29
416195.0,4568535.0,2025-04-29
416205.0,4568535.0,2025-04-29
416215.0,4568535.0,2025-04-29
416225.0,4568535.0,2025-04-29
416235.0,4568535.0,2025-04-29
416245.0,4568535.0,2025-04-29
416255.0,4568535.0,2025-04-29
416265.0,4568535.0,2025-04-29
416275.0,4568535.0,2025-04-29
416285.0,4568535.0,2025-04-29
416295.0,4568535.0,2025-04-29
416305.0,4568535.0,2025-04-29
416315.0,4568535.0,2025-04-29
416325.0,4568535.0,2025-04-29
416335.0,4568535.0,2025-04-29
416345.0,4568535.0,2025-04-29
416355.0,4568535.0,2025-04-29
416365.0,4568535.0,2025-04-29
416375.0,4568535.0,2025-04-29
416385.0,4568535.0,2025-04-29
416395.0,4568535.0,2025-04-29
416405.0,4568535.0,2025-04-29
416415.0,4568535.0,2025-04-29
416425.0,4568535.0,2025-04-29
416435.0,4568535.0,2025-04-29
416445.0,4568535.0,2025-04-29
416455.0,4568535.0,2025-04-29
413425.0,4568525.0,2025-04-29
413435.0,4568525.0,2025-04-29
413445.0,4568525.0,2025-04-29
413455.0,4568525.0,2025-04-29
413465.0,4568525.0,2025-04-29
413475.0,4568525.0,2025-04-29
413485.0,4568525.0,2025-04-29
413495.0,4568525.0,2025-04-29
413505.0,4568525.0,2025-04-29
413515.0,4568525.0,2025-04-29
413525.0,4568525.0,2025-04-29
413535.0,4568525.0,2025-04-29
413545.0,4568525.0,2025-04-29
413555.0,4568525.0,2025-04-29
413565.0,4568525.0,2025-04-29
413575.0,4568525.0,2025-04-29
413585.0,4568525.0,2025-04-29
413595.0,4568525.0,2025-04-29
413605.0,4568525.0,2025-04-29
413615.0,4568525.0,2025-04-29
413625.0,4568525.0,2025-04-29
413635.0,4568525.0,2025-04-29
413645.0,4568525.0,2025-04-29
413655.0,4568525.0,2025-04-29
413665.0,4568525.0,2025-04-29
413675.0,4568525.0,2025-04-29
413685.0,4568525.0,2025-04-29
413695.0,4568525.0,2025-04-29
413705.0,4568525.0,2025-04-29
413715.0,4568525.0,2025-04-29
413725.0,4568525.0,2025-04-29
413735.0,4568525.0,2025-04-29
413745.0,4568525.0,2025-04-29
413755.0,4568525.0,2025-04-29
413765.0,4568525.0,2025-04-29
413775.0,4568525.0,2025-04-29
413785.0,4568525.0,2025-04-29
413795.0,4568525.0,2025-04-29
413805.0,4568525.0,2025-04-29
413815.0,4568525.0,2025-04-29
413825.0,4568525.0,2025-04-29
413835.0,4568525.0,2025-04-29
413845.0,4568525.0,2025-04-29
413855.0,4568525.0,2025-04-29
413865.0,4568525.0,2025-04-29
413875.0,4568525.0,2025-04-29
413885.0,4568525.0,2025-04-29
413895.0,4568525.0,2025-04-29
413905.0,4568525.0,2025-04-29
413915.0,4568525.0,2025-04-29
413925.0,4568525.0,2025-04-29
413935.0,4568525.0,2025-04-29
413945.0,4568525.0,2025-04-29
413955.0,4568525.0,2025-04-29
413965.0,4568525.0,2025-04-29
413975.0,4568525.0,2025-04-29
413985.0,4568525.0,2025-04-29
413995.0,4568525.0,2025-04-29
414005.0,4568525.0,2025-04-29
414015.0,4568525.0,2025-04-29
414025.0,4568525.0,2025-04-29
414035.0,4568525.0,2025-04-29
414045.0,4568525.0,2025-04-29
414055.0,4568525.0,2025-04-29
414065.0,4568525.0,2025-04-29
414075.0,4568525.0,2025-04-29
414085.0,4568525.0,2025-04-29
414095.0,4568525.0,2025-04-29
414105.0,4568525.0,2025-04-29
414115.0,4568525.0,2025-04-29
414125.0,4568525.0,2025-04-29
414135.0,4568525.0,2025-04-29
414145.0,4568525.0,2025-04-29
414155.0,4568525.0,2025-04-29
414165.0,4568525.0,2025-04-29
414175.0,4568525.0,2025-04-29
414185.0,4568525.0,2025-04-29
414195.0,4568525.0,2025-04-29
414205.0,4568525.0,2025-04-29
414215.0,4568525.0,2025-04-29
414225.0,4568525.0,2025-04-29
414235.0,4568525.0,2025-04-29
414245.0,4568525.0,2025-04-29
414255.0,4568525.0,2025-04-29
414265.0,4568525.0,2025-04-29
414275.0,4568525.0,2025-04-29
414285.0,4568525.0,2025-04-29
414295.0,4568525.0,2025-04-29
414305.0,4568525.0,2025-04-29
414315.0,4568525.0,2025-04-29
414325.0,4568525.0,2025-04-29
414335.0,4568525.0,2025-04-29
414345.0,4568525.0,2025-04-29
414355.0,4568525.0,2025-04-29
414365.0,4568525.0,2025-04-29
414375.0,4568525.0,2025-04-29
414385.0,4568525.0,2025-04-29
414395.0,4568525.0,2025-04-29
414405.0,4568525.0,2025-04-29
414415.0,4568525.0,2025-04-29
414425.0,4568525.0,2025-04-29
414435.0,4568525.0,2025-04-29
414445.0,4568525.0,2025-04-29
414455.0,4568525.0,2025-04-29
414465.0,4568525.0,2025-04-29
414475.0,4568525.0,2025-04-29
414485.0,4568525.0,2025-04-29
414495.0,4568525.0,2025-04-29
414505.0,4568525.0,2025-04-29
414515.0,4568525.0,2025-04-29
414525.0,4568525.0,2025-04-29
414535.0,4568525.0,2025-04-29
414545.0,4568525.0,2025-04-29
414555.0,4568525.0,2025-04-29
414565.0,4568525.0,2025-04-29
414575.0,4568525.0,2025-04-29
414585.0,4568525.0,2025-04-29
414595.0,4568525.0,2025-04-29
414605.0,4568525.0,2025-04-29
414615.0,4568525.0,2025-04-29
414625.0,4568525.0,2025-04-29
414635.0,4568525.0,2025-04-29
414645.0,4568525.0,2025-04-29
414655.0,4568525.0,2025-04-29
414665.0,4568525.0,2025-04-29
414675.0,4568525.0,2025-04-29
414685.0,4568525.0,2025-04-29
414695.0,4568525.0,2025-04-29
414705.0,4568525.0,2025-04-29
414715.0,4568525.0,2025-04-29
414725.0,4568525.0,2025-04-29
414735.0,4568525.0,2025-04-29
414745.0,4568525.0,2025-04-29
414755.0,4568525.0,2025-04-29
414765.0,4568525.0,2025-04-29
414775.0,4568525.0,2025-04-29
414785.0,4568525.0,2025-04-29
414795.0,4568525.0,2025-04-29
414805.0,4568525.0,2025-04-29
414815.0,4568525.0,2025-04-29
414825.0,4568525.0,2025-04-29
414835.0,4568525.0,2025-04-29
414845.0,4568525.0,2025-04-29
414855.0,4568525.0,2025-04-29
414865.0,4568525.0,2025-04-29
414875.0,4568525.0,2025-04-29
414885.0,4568525.0,2025-04-29
414895.0,4568525.0,2025-04-29
414905.0,4568525.0,2025-04-29
414915.0,4568525.0,2025-04-29
414925.0,4568525.0,2025-04-29
414935.0,4568525.0,2025-04-29
414945.0,4568525.0,2025-04-29
414955.0,4568525.0,2025-04-29
414965.0,4568525.0,2025-04-29
414975.0,4568525.0,2025-04-29
414985.0,4568525.0,2025-04-29
414995.0,4568525.0,2025-04-29
415005.0,4568525.0,2025-04-29
415015.0,4568525.0,2025-04-29
415025.0,4568525.0,2025-04-29
415035.0,4568525.0,2025-04-29
415045.0,4568525.0,2025-04-29
415055.0,4568525.0,2025-04-29
415065.0,4568525.0,2025-04-29
415075.0,4568525.0,2025-04-29
415085.0,4568525.0,2025-04-29
415095.0,4568525.0,2025-04-29
415105.0,4568525.0,2025-04-29
415115.0,4568525.0,2025-04-29
415125.0,4568525.0,2025-04-29
415135.0,4568525.0,2025-04-29
415145.0,4568525.0,2025-04-29
415155.0,4568525.0,2025-04-29
415165.0,4568525.0,2025-04-29
415175.0,4568525.0,2025-04-29
415185.0,4568525.0,2025-04-29
415195.0,4568525.0,2025-04-29
415205.0,4568525.0,2025-04-29
415215.0,4568525.0,2025-04-29
415225.0,4568525.0,2025-04-29
415235.0,4568525.0,2025-04-29
415245.0,4568525.0,2025-04-29
415255.0,4568525.0,2025-04-29
415265.0,4568525.0,2025-04-29
415275.0,4568525.0,2025-04-29
415285.0,4568525.0,2025-04-29
415295.0,4568525.0,2025-04-29
415305.0,4568525.0,2025-04-29
415315.0,4568525.0,2025-04-29
415325.0,4568525.0,2025-04-29
415335.0,4568525.0,2025-04-29
415345.0,4568525.0,2025-04-29
415355.0,4568525.0,2025-04-29
415365.0,4568525.0,2025-04-29
415375.0,4568525.0,2025-04-29
415385.0,4568525.0,2025-04-29
415395.0,4568525.0,2025-04-29
415405.0,4568525.0,2025-04-29
415415.0,4568525.0,2025-04-29
415425.0,4568525.0,2025-04-29
415435.0,4568525.0,2025-04-29
415445.0,4568525.0,2025-04-29
415455.0,4568525.0,2025-04-29
415465.0,4568525.0,2025-04-29
415475.0,4568525.0,2025-04-29
415485.0,4568525.0,2025-04-29
415495.0,4568525.0,2025-04-29
415505.0,4568525.0,2025-04-29
415515.0,4568525.0,2025-04-29
415525.0,4568525.0,2025-04-29
415535.0,4568525.0,2025-04-29
415545.0,4568525.0,2025-04-29
415555.0,4568525.0,2025-04-29
415565.0,4568525.0,2025-04-29
415575.0,4568525.0,2025-04-29
415585.0,4568525.0,2025-04-29
415595.0,4568525.0,2025-04-29
415605.0,4568525.0,2025-04-29
415615.0,4568525.0,2025-04-29
415625.0,4568525.0,2025-04-29
415635.0,4568525.0,2025-04-29
415645.0,4568525.0,2025-04-29
415655.0,4568525.0,2025-04-29
415665.0,4568525.0,2025-04-29
415675.0,4568525.0,2025-04-29
415685.0,4568525.0,2025-04-29
415695.0,4568525.0,2025-04-29
415705.0,4568525.0,2025-04-29
415715.0,4568525.0,2025-04-29
415725.0,4568525.0,2025-04-29
415735.0,4568525.0,2025-04-29
415745.0,4568525.0,2025-04-29
415755.0,4568525.0,2025-04-29
415765.0,4568525.0,2025-04-29
415775.0,4568525.0,2025-04-29
415785.0,4568525.0,2025-04-29
415795.0,4568525.0,2025-04-29
415805.0,4568525.0,2025-04-29
415815.0,4568525.0,2025-04-29
415825.0,4568525.0,2025-04-29
415835.0,4568525.0,2025-04-29
415845.0,4568525.0,2025-04-29
415855.0,4568525.0,2025-04-29
415865.0,4568525.0,2025-04-29
415875.0,4568525.0,2025-04-29
415885.0,4568525.0,2025-04-29
415895.0,4568525.0,2025-04-29
415905.0,4568525.0,2025-04-29
415915.0,4568525.0,2025-04-29
415925.0,4568525.0,2025-04-29
415935.0,4568525.0,2025-04-29
415945.0,4568525.0,2025-04-29
415955.0,4568525.0,2025-04-29
415965.0,4568525.0,2025-04-29
415975.0,4568525.0,2025-04-29
415985.0,4568525.0,2025-04-29
415995.0,4568525.0,2025-04-29
416005.0,4568525.0,2025-04-29
416015.0,4568525.0,2025-04-29
416025.0,4568525.0,2025-04-29
416035.0,4568525.0,2025-04-29
416045.0,4568525.0,2025-04-29
416055.0,4568525.0,2025-04-29
416065.0,4568525.0,2025-04-29
416075.0,4568525.0,2025-04-29
416085.0,4568525.0,2025-04-29
416095.0,4568525.0,2025-04-29
416105.0,4568525.0,2025-04-29
416115.0,4568525.0,2025-04-29
416125.0,4568525.0,2025-04-29
416135.0,4568525.0,2025-04-29
416145.0,4568525.0,2025-04-29
416155.0,4568525.0,2025-04-29
416165.0,4568525.0,2025-04-29
416175.0,4568525.0,2025-04-29
416185.0,4568525.0,2025-04-29
416195.0,4568525.0,2025-04-29
416205.0,4568525.0,2025-04-29
416215.0,4568525.0,2025-04-29
416225.0,4568525.0,2025-04-29
416235.0,4568525.0,2025-04-29
416245.0,4568525.0,2025-04-29
416255.0,4568525.0,2025-04-29
416265.0,4568525.0,2025-04-29
416275.0,4568525.0,2025-04-29
416285.0,4568525.0,2025-04-29
416295.0,4568525.0,2025-04-29
416305.0,4568525.0,2025-04-29
416315.0,4568525.0,2025-04-29
416325.0,4568525.0,2025-04-29
416335.0,4568525.0,2025-04-29
416345.0,4568525.0,2025-04-29
416355.0,4568525.0,2025-04-29
416365.0,4568525.0,2025-04-29
416375.0,4568525.0,2025-04-29
416385.0,4568525.0,2025-04-29
416395.0,4568525.0,2025-04-29
416405.0,4568525.0,2025-04-29
416415.0,4568525.0,2025-04-29
416425.0,4568525.0,2025-04-29
416435.0,4568525.0,2025-04-29
416445.0,4568525.0,2025-04-29
416455.0,4568525.0,2025-04-29
414265.0,4568515.0,2025-04-29
414275.0,4568515.0,2025-04-29
414285.0,4568515.0,2025-04-29
414295.0,4568515.0,2025-04-29
414305.0,4568515.0,2025-04-29
414315.0,4568515.0,2025-04-29
414325.0,4568515.0,2025-04-29
414335.0,4568515.0,2025-04-29
414345.0,4568515.0,2025-04-29
414355.0,4568515.0,2025-04-29
414365.0,4568515.0,2025-04-29
414375.0,4568515.0,2025-04-29
414385.0,4568515.0,2025-04-29
414395.0,4568515.0,2025-04-29
414405.0,4568515.0,2025-04-29
414415.0,4568515.0,2025-04-29
414425.0,4568515.0,2025-04-29
414435.0,4568515.0,2025-04-29
414445.0,4568515.0,2025-04-29
414455.0,4568515.0,2025-04-29
414465.0,4568515.0,2025-04-29
414475.0,4568515.0,2025-04-29
414485.0,4568515.0,2025-04-29
414495.0,4568515.0,2025-04-29
414505.0,4568515.0,2025-04-29
414515.0,4568515.0,2025-04-29
414525.0,4568515.0,2025-04-29
414535.0,4568515.0,2025-04-29
414545.0,4568515.0,2025-04-29
414555.0,4568515.0,2025-04-29
414565.0,4568515.0,2025-04-29
414575.0,4568515.0,2025-04-29
414585.0,4568515.0,2025-04-29
414595.0,4568515.0,2025-04-29
414605.0,4568515.0,2025-04-29
414615.0,4568515.0,2025-04-29
414625.0,4568515.0,2025-04-29
414635.0,4568515.0,2025-04-29
414645.0,4568515.0,2025-04-29
414655.0,4568515.0,2025-04-29
414665.0,4568515.0,2025-04-29
414675.0,4568515.0,2025-04-29
414685.0,4568515.0,2025-04-29
414695.0,4568515.0,2025-04-29
414705.0,4568515.0,2025-04-29
414715.0,4568515.0,2025-04-29
414725.0,4568515.0,2025-04-29
414735.0,4568515.0,2025-04-29
414745.0,4568515.0,2025-04-29
414755.0,4568515.0,2025-04-29
414765.0,4568515.0,2025-04-29
414775.0,4568515.0,2025-04-29
414785.0,4568515.0,2025-04-29
414795.0,4568515.0,2025-04-29
414805.0,4568515.0,2025-04-29
414815.0,4568515.0,2025-04-29
414825.0,4568515.0,2025-04-29
414835.0,4568515.0,2025-04-29
414845.0,4568515.0,2025-04-29
414855.0,4568515.0,2025-04-29
414865.0,4568515.0,2025-04-29
414875.0,4568515.0,2025-04-29
414885.0,4568515.0,2025-04-29
414895.0,4568515.0,2025-04-29
414905.0,4568515.0,2025-04-29
414915.0,4568515.0,2025-04-29
414925.0,4568515.0,2025-04-29
414935.0,4568515.0,2025-04-29
414945.0,4568515.0,2025-04-29
414955.0,4568515.0,2025-04-29
414965.0,4568515.0,2025-04-29
414975.0,4568515.0,2025-04-29
414985.0,4568515.0,2025-04-29
414995.0,4568515.0,2025-04-29
415005.0,4568515.0,2025-04-29
415015.0,4568515.0,2025-04-29
415025.0,4568515.0,2025-04-29
415035.0,4568515.0,2025-04-29
415045.0,4568515.0,2025-04-29
415055.0,4568515.0,2025-04-29
415065.0,4568515.0,2025-04-29
415075.0,4568515.0,2025-04-29
415085.0,4568515.0,2025-04-29
415095.0,4568515.0,2025-04-29
415105.0,4568515.0,2025-04-29
415115.0,4568515.0,2025-04-29
415125.0,4568515.0,2025-04-29
415135.0,4568515.0,2025-04-29
415145.0,4568515.0,2025-04-29
415155.0,4568515.0,2025-04-29
415165.0,4568515.0,2025-04-29
415175.0,4568515.0,2025-04-29
415185.0,4568515.0,2025-04-29
415195.0,4568515.0,2025-04-29
415205.0,4568515.0,2025-04-29
415215.0,4568515.0,2025-04-29
415225.0,4568515.0,2025-04-29
415235.0,4568515.0,2025-04-29
415245.0,4568515.0,2025-04-29
415255.0,4568515.0,2025-04-29
415265.0,4568515.0,2025-04-29
415275.0,4568515.0,2025-04-29
415285.0,4568515.0,2025-04-29
415295.0,4568515.0,2025-04-29
415305.0,4568515.0,2025-04-29
415315.0,4568515.0,2025-04-29
415325.0,4568515.0,2025-04-29
415335.0,4568515.0,2025-04-29
415345.0,4568515.0,2025-04-29
415355.0,4568515.0,2025-04-29
415365.0,4568515.0,2025-04-29
415375.0,4568515.0,2025-04-29
415385.0,4568515.0,2025-04-29
415395.0,4568515.0,2025-04-29
415405.0,4568515.0,2025-04-29
415415.0,4568515.0,2025-04-29
415425.0,4568515.0,2025-04-29
415435.0,4568515.0,2025-04-29
415445.0,4568515.0,2025-04-29
415455.0,4568515.0,2025-04-29
415465.0,4568515.0,2025-04-29
415475.0,4568515.0,2025-04-29
415485.0,4568515.0,2025-04-29
415495.0,4568515.0,2025-04-29
415505.0,4568515.0,2025-04-29
415515.0,4568515.0,2025-04-29
415525.0,4568515.0,2025-04-29
415535.0,4568515.0,2025-04-29
415545.0,4568515.0,2025-04-29
415555.0,4568515.0,2025-04-29
415565.0,4568515.0,2025-04-29
415575.0,4568515.0,2025-04-29
415585.0,4568515.0,2025-04-29
415595.0,4568515.0,2025-04-29
415605.0,4568515.0,2025-04-29
415615.0,4568515.0,2025-04-29
415625.0,4568515.0,2025-04-29
415635.0,4568515.0,2025-04-29
415645.0,4568515.0,2025-04-29
415655.0,4568515.0,2025-04-29
415665.0,4568515.0,2025-04-29
415675.0,4568515.0,2025-04-29
415685.0,4568515.0,2025-04-29
415695.0,4568515.0,2025-04-29
415705.0,4568515.0,2025-04-29
415715.0,4568515.0,2025-04-29
415725.0,4568515.0,2025-04-29
415735.0,4568515.0,2025-04-29
415745.0,4568515.0,2025-04-29
415755.0,4568515.0,2025-04-29
415765.0,4568515.0,2025-04-29
415775.0,4568515.0,2025-04-29
415785.0,4568515.0,2025-04-29
415795.0,4568515.0,2025-04-29
415805.0,4568515.0,2025-04-29
415815.0,4568515.0,2025-04-29
415825.0,4568515.0,2025-04-29
415835.0,4568515.0,2025-04-29
415845.0,4568515.0,2025-04-29
415855.0,4568515.0,2025-04-29
415865.0,4568515.0,2025-04-29
415875.0,4568515.0,2025-04-29
415885.0,4568515.0,2025-04-29
415895.0,4568515.0,2025-04-29
415905.0,4568515.0,2025-04-29
415915.0,4568515.0,2025-04-29
415925.0,4568515.0,2025-04-29
415935.0,4568515.0,2025-04-29
415945.0,4568515.0,2025-04-29
415955.0,4568515.0,2025-04-29
415965.0,4568515.0,2025-04-29
415975.0,4568515.0,2025-04-29
415985.0,4568515.0,2025-04-29
415995.0,4568515.0,2025-04-29
416005.0,4568515.0,2025-04-29
416015.0,4568515.0,2025-04-29
416025.0,4568515.0,2025-04-29
416035.0,4568515.0,2025-04-29
416045.0,4568515.0,2025-04-29
416055.0,4568515.0,2025-04-29
416065.0,4568515.0,2025-04-29
416075.0,4568515.0,2025-04-29
416085.0,4568515.0,2025-04-29
416095.0,4568515.0,2025-04-29
416105.0,4568515.0,2025-04-29
416115.0,4568515.0,2025-04-29
416125.0,4568515.0,2025-04-29
416135.0,4568515.0,2025-04-29
416145.0,4568515.0,2025-04-29
416155.0,4568515.0,2025-04-29
416165.0,4568515.0,2025-04-29
416175.0,4568515.0,2025-04-29
416185.0,4568515.0,2025-04-29
416195.0,4568515.0,2025-04-29
416205.0,4568515.0,2025-04-29
416215.0,4568515.0,2025-04-29
416225.0,4568515.0,2025-04-29
416235.0,4568515.0,2025-04-29
416245.0,4568515.0,2025-04-29
416255.0,4568515.0,2025-04-29
416265.0,4568515.0,2025-04-29
416275.0,4568515.0,2025-04-29
416285.0,4568515.0,2025-04-29
416295.0,4568515.0,2025-04-29
416305.0,4568515.0,2025-04-29
416315.0,4568515.0,2025-04-29
416325.0,4568515.0,2025-04-29
416335.0,4568515.0,2025-04-29
416345.0,4568515.0,2025-04-29
416355.0,4568515.0,2025-04-29
416365.0,4568515.0,2025-04-29
416375.0,4568515.0,2025-04-29
416385.0,4568515.0,2025-04-29
416395.0,4568515.0,2025-04-29
416405.0,4568515.0,2025-04-29
416415.0,4568515.0,2025-04-29
416425.0,4568515.0,2025-04-29
416435.0,4568515.0,2025-04-29
416445.0,4568515.0,2025-04-29
416455.0,4568515.0,2025-04-29
415115.0,4568505.0,2025-04-29
415125.0,4568505.0,2025-04-29
415135.0,4568505.0,2025-04-29
415145.0,4568505.0,2025-04-29
415155.0,4568505.0,2025-04-29
415165.0,4568505.0,2025-04-29
415175.0,4568505.0,2025-04-29
415185.0,4568505.0,2025-04-29
415195.0,4568505.0,2025-04-29
415205.0,4568505.0,2025-04-29
415215.0,4568505.0,2025-04-29
415225.0,4568505.0,2025-04-29
415235.0,4568505.0,2025-04-29
415245.0,4568505.0,2025-04-29
415255.0,4568505.0,2025-04-29
415265.0,4568505.0,2025-04-29
415275.0,4568505.0,2025-04-29
415285.0,4568505.0,2025-04-29
415295.0,4568505.0,2025-04-29
415305.0,4568505.0,2025-04-29
415315.0,4568505.0,2025-04-29
415325.0,4568505.0,2025-04-29
415335.0,4568505.0,2025-04-29
415345.0,4568505.0,2025-04-29
415355.0,4568505.0,2025-04-29
415365.0,4568505.0,2025-04-29
415375.0,4568505.0,2025-04-29
415385.0,4568505.0,2025-04-29
415395.0,4568505.0,2025-04-29
415405.0,4568505.0,2025-04-29
415415.0,4568505.0,2025-04-29
415425.0,4568505.0,2025-04-29
415435.0,4568505.0,2025-04-29
415445.0,4568505.0,2025-04-29
415455.0,4568505.0,2025-04-29
415465.0,4568505.0,2025-04-29
415475.0,4568505.0,2025-04-29
415485.0,4568505.0,2025-04-29
415495.0,4568505.0,2025-04-29
415505.0,4568505.0,2025-04-29
415515.0,4568505.0,2025-04-29
415525.0,4568505.0,2025-04-29
415535.0,4568505.0,2025-04-29
415545.0,4568505.0,2025-04-29
415555.0,4568505.0,2025-04-29
415565.0,4568505.0,2025-04-29
415575.0,4568505.0,2025-04-29
415585.0,4568505.0,2025-04-29
415595.0,4568505.0,2025-04-29
415605.0,4568505.0,2025-04-29
415615.0,4568505.0,2025-04-29
415625.0,4568505.0,2025-04-29
415635.0,4568505.0,2025-04-29
415645.0,4568505.0,2025-04-29
415655.0,4568505.0,2025-04-29
415665.0,4568505.0,2025-04-29
415675.0,4568505.0,2025-04-29
415685.0,4568505.0,2025-04-29
415695.0,4568505.0,2025-04-29
415705.0,4568505.0,2025-04-29
415715.0,4568505.0,2025-04-29
415725.0,4568505.0,2025-04-29
415735.0,4568505.0,2025-04-29
415745.0,4568505.0,2025-04-29
415755.0,4568505.0,2025-04-29
415765.0,4568505.0,2025-04-29
415775.0,4568505.0,2025-04-29
415785.0,4568505.0,2025-04-29
415795.0,4568505.0,2025-04-29
415805.0,4568505.0,2025-04-29
415815.0,4568505.0,2025-04-29
415825.0,4568505.0,2025-04-29
415835.0,4568505.0,2025-04-29
415845.0,4568505.0,2025-04-29
415855.0,4568505.0,2025-04-29
415865.0,4568505.0,2025-04-29
415875.0,4568505.0,2025-04-29
415885.0,4568505.0,2025-04-29
415895.0,4568505.0,2025-04-29
415905.0,4568505.0,2025-04-29
415915.0,4568505.0,2025-04-29
415925.0,4568505.0,2025-04-29
415935.0,4568505.0,2025-04-29
415945.0,4568505.0,2025-04-29
415955.0,4568505.0,2025-04-29
415965.0,4568505.0,2025-04-29
415975.0,4568505.0,2025-04-29
415985.0,4568505.0,2025-04-29
415995.0,4568505.0,2025-04-29
416005.0,4568505.0,2025-04-29
416015.0,4568505.0,2025-04-29
416025.0,4568505.0,2025-04-29
416035.0,4568505.0,2025-04-29
416045.0,4568505.0,2025-04-29
416055.0,4568505.0,2025-04-29
416065.0,4568505.0,2025-04-29
416075.0,4568505.0,2025-04-29
416085.0,4568505.0,2025-04-29
416095.0,4568505.0,2025-04-29
416105.0,4568505.0,2025-04-29
416115.0,4568505.0,2025-04-29
416125.0,4568505.0,2025-04-29
416135.0,4568505.0,2025-04-29
416145.0,4568505.0,2025-04-29
416155.0,4568505.0,2025-04-29
416165.0,4568505.0,2025-04-29
416175.0,4568505.0,2025-04-29
416185.0,4568505.0,2025-04-29
416195.0,4568505.0,2025-04-29
416205.0,4568505.0,2025-04-29
416215.0,4568505.0,2025-04-29
416225.0,4568505.0,2025-04-29
416235.0,4568505.0,2025-04-29
416245.0,4568505.0,2025-04-29
416255.0,4568505.0,2025-04-29
416265.0,4568505.0,2025-04-29
416275.0,4568505.0,2025-04-29
416285.0,4568505.0,2025-04-29
416295.0,4568505.0,2025-04-29
416305.0,4568505.0,2025-04-29
416315.0,4568505.0,2025-04-29
416325.0,4568505.0,2025-04-29
416335.0,4568505.0,2025-04-29
416345.0,4568505.0,2025-04-29
416355.0,4568505.0,2025-04-29
416365.0,4568505.0,2025-04-29
416375.0,4568505.0,2025-04-29
416385.0,4568505.0,2025-04-29
416395.0,4568505.0,2025-04-29
416405.0,4568505.0,2025-04-29
416415.0,4568505.0,2025-04-29
416425.0,4568505.0,2025-04-29
416435.0,4568505.0,2025-04-29
416445.0,4568505.0,2025-04-29
416455.0,4568505.0,2025-04-29
415965.0,4568495.0,2025-04-29
415975.0,4568495.0,2025-04-29
415985.0,4568495.0,2025-04-29
415995.0,4568495.0,2025-04-29
416005.0,4568495.0,2025-04-29
416015.0,4568495.0,2025-04-29
416025.0,4568495.0,2025-04-29
416035.0,4568495.0,2025-04-29
416045.0,4568495.0,2025-04-29
416055.0,4568495.0,2025-04-29
416065.0,4568495.0,2025-04-29
416075.0,4568495.0,2025-04-29
416085.0,4568495.0,2025-04-29
416095.0,4568495.0,2025-04-29
416105.0,4568495.0,2025-04-29
416115.0,4568495.0,2025-04-29
416125.0,4568495.0,2025-04-29
416135.0,4568495.0,2025-04-29
416145.0,4568495.0,2025-04-29
416155.0,4568495.0,2025-04-29
416165.0,4568495.0,2025-04-29
416175.0,4568495.0,2025-04-29
416185.0,4568495.0,2025-04-29
416195.0,4568495.0,2025-04-29
416205.0,4568495.0,2025-04-29
416215.0,4568495.0,2025-04-29
416225.0,4568495.0,2025-04-29
416235.0,4568495.0,2025-04-29
416245.0,4568495.0,2025-04-29
416255.0,4568495.0,2025-04-29
416265.0,4568495.0,2025-04-29
416275.0,4568495.0,2025-04-29
416285.0,4568495.0,2025-04-29
416295.0,4568495.0,2025-04-29
416305.0,4568495.0,2025-04-29
416315.0,4568495.0,2025-04-29
416325.0,4568495.0,2025-04-29
416335.0,4568495.0,2025-04-29
416345.0,4568495.0,2025-04-29
416355.0,4568495.0,2025-04-29
416365.0,4568495.0,2025-04-29
416375.0,4568495.0,2025-04-29
416385.0,4568495.0,2025-04-29
416395.0,4568495.0,2025-04-29
416405.0,4568495.0,2025-04-29
416415.0,4568495.0,2025-04-29
416425.0,4568495.0,2025-04-29
416435.0,4568495.0,2025-04-29
416445.0,4568495.0,2025-04-29
416455.0,4568495.0,2025-04-29
