{
  "type": "FeatureCollection",
  "features": [
    {
      "type": "Feature",
      "geometry": {
        "type": "Point",
        "coordinates": [
          1.9558365143875824,
          41.264045878951094
        ]
      },
      "properties": {
        "date": "2025-04-06"
      }
    },
    {
      "type": "Feature",
      "geometry": {
        "type": "Point",
        "coordinates": [
          1.956194599603447,
          41.26404912625808
        ]
      },
      "properties": {
        "date": "2025-04-06"
      }
    },
    {
      "type": "Feature",
      "geometry": {
        "type": "Point",
        "coordinates": [
          1.956313961355091,
          41.264050208446314
        ]
      },
      "properties": {
        "date": "2025-04-06"
      }
    },
    {
      "type": "Feature",
      "geometry": {
        "type": "Point",
        "coordinates": [
          1.9564333231132462,
          41.264051290510814
        ]
      },
      "properties": {
        "date": "2025-04-06"
      }
    },
    {
      "type": "Feature",
      "geometry": {
        "type": "Point",
        "coordinates": [
          1.9565526848779102,
          41.26405237245158
        ]
      },
      "properties": {
        "date": "2025-04-06"
      }
    },
    {
      "type": "Feature",
      "geometry": {
        "type": "Point",
        "coordinates": [
          1.9566720466490837,
          41.26405345426864
        ]
      },
      "properties": {
        "date": "2025-04-06"
      }
    },
    {
      "type": "Feature",
      "geometry": {
        "type": "Point",
        "coordinates": [
          1.9567914084267646,
          41.26405453596198
        ]
      },
      "properties": {
        "date": "2025-04-06"
      }
    },
    {
      "type": "Feature",
      "geometry": {
        "type": "Point",
        "coordinates": [
          1.9569107702109534,
          41.2640556175316
        ]
      },
      "properties": {
        "date": "2025-04-06"
      }
    },
    {
      "type": "Feature",
      "geometry": {
        "type": "Point",
        "coordinates": [
          1.9570301320016488,
          41.264056698977484
        ]
      },
      "properties": {
        "date": "2025-04-06"
      }
    },
    {
      "type": "Feature",
      "geometry": {
        "type": "Point",
        "coordinates": [
          1.9571494937988494,
          41.26405778029966
        ]
      },
      "properties": {
        "date": "2025-04-06"
      }
    },
    {
      "type": "Feature",
      "geometry": {
        "type": "Point",
        "coordinates": [
          1.9572688556025553,
          41.26405886149811
        ]
      },
      "properties": {
        "date": "2025-04-06"
      }
    },
    {
      "type": "Feature",
      "geometry": {
        "type": "Point",
        "coordinates": [
          1.957388217412766,
          41.264059942572835
        ]
      },
      "properties": {
        "date": "2025-04-06"
      }
    },
    {
      "type": "Feature",
      "geometry": {
        "type": "Point",
        "coordinates": [
          1.9575075792294794,
          41.264061023523844
        ]
      },
      "properties": {
        "date": "2025-04-06"
      }
    },
    {
      "type": "Feature",
      "geometry": {
        "type": "Point",
        "coordinates": [
          1.9576269410526963,
          41.264062104351126
        ]
      },
      "properties": {
        "date": "2025-04-06"
      }
    },
    {
      "type": "Feature",
      "geometry": {
        "type": "Point",
        "coordinates": [
          1.9577463028824151,
          41.26406318505469
        ]
      },
      "properties": {
        "date": "2025-04-06"
      }
    },
    {
      "type": "Feature",
      "geometry": {
        "type": "Point",
        "coordinates": [
          1.9578656647186352,
          41.26406426563453
        ]
      },
      "properties": {
        "date": "2025-04-06"
      }
    },
    {
      "type": "Feature",
      "geometry": {
        "type": "Point",
        "coordinates": [
          1.9579850265613565,
          41.26406534609066
        ]
      },
      "properties": {
        "date": "2025-04-06"
      }
    },
    {
      "type": "Feature",
      "geometry": {
        "type": "Point",
        "coordinates": [
          1.9581043884105769,
          41.26406642642306
        ]
      },
      "properties": {
        "date": "2025-04-06"
      }
    },
    {
      "type": "Feature",
      "geometry": {
        "type": "Point",
        "coordinates": [
          1.9582237502662967,
          41.264067506631726
        ]
      },
      "properties": {
        "date": "2025-04-06"
      }
    },
    {
      "type": "Feature",
      "geometry": {
        "type": "Point",
        "coordinates": [
          1.9583431121285146,
          41.26406858671669
        ]
      },
      "properties": {
        "date": "2025-04-06"
      }
    },
    {
      "type": "Feature",
      "geometry": {
        "type": "Point",
        "coordinates": [
          1.9584624739972305,
          41.26406966667792
        ]
      },
      "properties": {
        "date": "2025-04-06"
      }
    },
    {
      "type": "Feature",
      "geometry": {
        "type": "Point",
        "coordinates": [
          1.9585818358724432,
          41.264070746515436
        ]
      },
      "properties": {
        "date": "2025-04-06"
      }
    },
    {
      "type": "Feature",
      "geometry": {
        "type": "Point",
        "coordinates": [
          1.958701197754152,
          41.26407182622923
        ]
      },
      "properties": {
        "date": "2025-04-06"
      }
    },
    {
      "type": "Feature",
      "geometry": {
        "type": "Point",
        "coordinates": [
          1.9509441305146642,
          41.2639113243732
        ]
      },
      "properties": {
        "date": "2025-04-06"
      }
    },
    {
      "type": "Feature",
      "geometry": {
        "type": "Point",
        "coordinates": [
          1.9510634918151764,
          41.263912412001716
        ]
      },
      "properties": {
        "date": "2025-04-06"
      }
    },
    {
      "type": "Feature",
      "geometry": {
        "type": "Point",
        "coordinates": [
          1.9511828531222322,
          41.263913499506515
        ]
      },
      "properties": {
        "date": "2025-04-06"
      }
    },
    {
      "type": "Feature",
      "geometry": {
        "type": "Point",
        "coordinates": [
          1.9513022144358296,
          41.26391458688758
        ]
      },
      "properties": {
        "date": "2025-04-06"
      }
    },
    {
      "type": "Feature",
      "geometry": {
        "type": "Point",
        "coordinates": [
          1.9514215757559683,
          41.26391567414493
        ]
      },
      "properties": {
        "date": "2025-04-06"
      }
    },
    {
      "type": "Feature",
      "geometry": {
        "type": "Point",
        "coordinates": [
          1.9515409370826484,
          41.26391676127856
        ]
      },
      "properties": {
        "date": "2025-04-06"
      }
    },
    {
      "type": "Feature",
      "geometry": {
        "type": "Point",
        "coordinates": [
          1.9516602984158684,
          41.263917848288486
        ]
      },
      "properties": {
        "date": "2025-04-06"
      }
    },
    {
      "type": "Feature",
      "geometry": {
        "type": "Point",
        "coordinates": [
          1.9517796597556274,
          41.26391893517468
        ]
      },
      "properties": {
        "date": "2025-04-06"
      }
    },
    {
      "type": "Feature",
      "geometry": {
        "type": "Point",
        "coordinates": [
          1.951899021101925,
          41.26392002193715
        ]
      },
      "properties": {
        "date": "2025-04-06"
      }
    },
    {
      "type": "Feature",
      "geometry": {
        "type": "Point",
        "coordinates": [
          1.9520183824547601,
          41.26392110857591
        ]
      },
      "properties": {
        "date": "2025-04-06"
      }
    },
    {
      "type": "Feature",
      "geometry": {
        "type": "Point",
        "coordinates": [
          1.9521377438141327,
          41.26392219509093
        ]
      },
      "properties": {
        "date": "2025-04-06"
      }
    },
    {
      "type": "Feature",
      "geometry": {
        "type": "Point",
        "coordinates": [
          1.9522571051800413,
          41.26392328148224
        ]
      },
      "properties": {
        "date": "2025-04-06"
      }
    },
    {
      "type": "Feature",
      "geometry": {
        "type": "Point",
        "coordinates": [
          1.9523764665524852,
          41.26392436774984
        ]
      },
      "properties": {
        "date": "2025-04-06"
      }
    },
    {
      "type": "Feature",
      "geometry": {
        "type": "Point",
        "coordinates": [
          1.9524958279314644,
          41.263925453893705
        ]
      },
      "properties": {
        "date": "2025-04-06"
      }
    },
    {
      "type": "Feature",
      "geometry": {
        "type": "Point",
        "coordinates": [
          1.9526151893169774,
          41.26392653991386
        ]
      },
      "properties": {
        "date": "2025-04-06"
      }
    },
    {
      "type": "Feature",
      "geometry": {
        "type": "Point",
        "coordinates": [
          1.9527345507090235,
          41.2639276258103
        ]
      },
      "properties": {
        "date": "2025-04-06"
      }
    },
    {
      "type": "Feature",
      "geometry": {
        "type": "Point",
        "coordinates": [
          1.9528539121076027,
          41.263928711583
        ]
      },
      "properties": {
        "date": "2025-04-06"
      }
    },
    {
      "type": "Feature",
      "geometry": {
        "type": "Point",
        "coordinates": [
          1.9529732735127137,
          41.26392979723199
        ]
      },
      "properties": {
        "date": "2025-04-06"
      }
    },
    {
      "type": "Feature",
      "geometry": {
        "type": "Point",
        "coordinates": [
          1.9530926349243554,
          41.26393088275726
        ]
      },
      "properties": {
        "date": "2025-04-06"
      }
    },
    {
      "type": "Feature",
      "geometry": {
        "type": "Point",
        "coordinates": [
          1.9532119963425274,
          41.26393196815881
        ]
      },
      "properties": {
        "date": "2025-04-06"
      }
    },
    {
      "type": "Feature",
      "geometry": {
        "type": "Point",
        "coordinates": [
          1.9533313577672295,
          41.26393305343664
        ]
      },
      "properties": {
        "date": "2025-04-06"
      }
    },
    {
      "type": "Feature",
      "geometry": {
        "type": "Point",
        "coordinates": [
          1.95345071919846,
          41.263934138590756
        ]
      },
      "properties": {
        "date": "2025-04-06"
      }
    },
    {
      "type": "Feature",
      "geometry": {
        "type": "Point",
        "coordinates": [
          1.9535700806362188,
          41.26393522362114
        ]
      },
      "properties": {
        "date": "2025-04-06"
      }
    },
    {
      "type": "Feature",
      "geometry": {
        "type": "Point",
        "coordinates": [
          1.9545249723732108,
          41.26394389941031
        ]
      },
      "properties": {
        "date": "2025-04-06"
      }
    },
    {
      "type": "Feature",
      "geometry": {
        "type": "Point",
        "coordinates": [
          1.9548830568822066,
          41.26394715078985
        ]
      },
      "properties": {
        "date": "2025-04-06"
      }
    },
    {
      "type": "Feature",
      "geometry": {
        "type": "Point",
        "coordinates": [
          1.9550024183982446,
          41.26394823433559
        ]
      },
      "properties": {
        "date": "2025-04-06"
      }
    },
    {
      "type": "Feature",
      "geometry": {
        "type": "Point",
        "coordinates": [
          1.9551217799208005,
          41.26394931775762
        ]
      },
      "properties": {
        "date": "2025-04-06"
      }
    },
    {
      "type": "Feature",
      "geometry": {
        "type": "Point",
        "coordinates": [
          1.955241141449875,
          41.263950401055915
        ]
      },
      "properties": {
        "date": "2025-04-06"
      }
    },
    {
      "type": "Feature",
      "geometry": {
        "type": "Point",
        "coordinates": [
          1.955360502985466,
          41.263951484230496
        ]
      },
      "properties": {
        "date": "2025-04-06"
      }
    },
    {
      "type": "Feature",
      "geometry": {
        "type": "Point",
        "coordinates": [
          1.955479864527573,
          41.26395256728135
        ]
      },
      "properties": {
        "date": "2025-04-06"
      }
    },
    {
      "type": "Feature",
      "geometry": {
        "type": "Point",
        "coordinates": [
          1.955599226076196,
          41.263953650208485
        ]
      },
      "properties": {
        "date": "2025-04-06"
      }
    },
    {
      "type": "Feature",
      "geometry": {
        "type": "Point",
        "coordinates": [
          1.9557185876313332,
          41.263954733011914
        ]
      },
      "properties": {
        "date": "2025-04-06"
      }
    },
    {
      "type": "Feature",
      "geometry": {
        "type": "Point",
        "coordinates": [
          1.9558379491929847,
          41.26395581569161
        ]
      },
      "properties": {
        "date": "2025-04-06"
      }
    },
    {
      "type": "Feature",
      "geometry": {
        "type": "Point",
        "coordinates": [
          1.955957310761149,
          41.26395689824758
        ]
      },
      "properties": {
        "date": "2025-04-06"
      }
    },
    {
      "type": "Feature",
      "geometry": {
        "type": "Point",
        "coordinates": [
          1.9560766723358263,
          41.26395798067983
        ]
      },
      "properties": {
        "date": "2025-04-06"
      }
    },
    {
      "type": "Feature",
      "geometry": {
        "type": "Point",
        "coordinates": [
          1.9561960339170148,
          41.26395906298837
        ]
      },
      "properties": {
        "date": "2025-04-06"
      }
    },
    {
      "type": "Feature",
      "geometry": {
        "type": "Point",
        "coordinates": [
          1.9587026286248737,
          41.263981762888
        ]
      },
      "properties": {
        "date": "2025-04-06"
      }
    },
    {
      "type": "Feature",
      "geometry": {
        "type": "Point",
        "coordinates": [
          1.9588219903491322,
          41.26398284247468
        ]
      },
      "properties": {
        "date": "2025-04-06"
      }
    },
    {
      "type": "Feature",
      "geometry": {
        "type": "Point",
        "coordinates": [
          1.9589413520798857,
          41.263983921937616
        ]
      },
      "properties": {
        "date": "2025-04-06"
      }
    },
    {
      "type": "Feature",
      "geometry": {
        "type": "Point",
        "coordinates": [
          1.959060713817133,
          41.26398500127684
        ]
      },
      "properties": {
        "date": "2025-04-06"
      }
    },
    {
      "type": "Feature",
      "geometry": {
        "type": "Point",
        "coordinates": [
          1.9591800755608733,
          41.263986080492344
        ]
      },
      "properties": {
        "date": "2025-04-06"
      }
    },
    {
      "type": "Feature",
      "geometry": {
        "type": "Point",
        "coordinates": [
          1.9592994373111061,
          41.26398715958413
        ]
      },
      "properties": {
        "date": "2025-04-06"
      }
    },
    {
      "type": "Feature",
      "geometry": {
        "type": "Point",
        "coordinates": [
          1.9594187990678307,
          41.263988238552194
        ]
      },
      "properties": {
        "date": "2025-04-06"
      }
    },
    {
      "type": "Feature",
      "geometry": {
        "type": "Point",
        "coordinates": [
          1.959538160831046,
          41.263989317396536
        ]
      },
      "properties": {
        "date": "2025-04-06"
      }
    },
    {
      "type": "Feature",
      "geometry": {
        "type": "Point",
        "coordinates": [
          1.9596575226007515,
          41.26399039611716
        ]
      },
      "properties": {
        "date": "2025-04-06"
      }
    },
    {
      "type": "Feature",
      "geometry": {
        "type": "Point",
        "coordinates": [
          1.9597768843769463,
          41.263991474714054
        ]
      },
      "properties": {
        "date": "2025-04-06"
      }
    },
    {
      "type": "Feature",
      "geometry": {
        "type": "Point",
        "coordinates": [
          1.9598962461596303,
          41.26399255318723
        ]
      },
      "properties": {
        "date": "2025-04-06"
      }
    },
    {
      "type": "Feature",
      "geometry": {
        "type": "Point",
        "coordinates": [
          1.9600156079488018,
          41.26399363153668
        ]
      },
      "properties": {
        "date": "2025-04-06"
      }
    },
    {
      "type": "Feature",
      "geometry": {
        "type": "Point",
        "coordinates": [
          1.9601349697444608,
          41.263994709762414
        ]
      },
      "properties": {
        "date": "2025-04-06"
      }
    },
    {
      "type": "Feature",
      "geometry": {
        "type": "Point",
        "coordinates": [
          1.960254331546606,
          41.263995787864424
        ]
      },
      "properties": {
        "date": "2025-04-06"
      }
    },
    {
      "type": "Feature",
      "geometry": {
        "type": "Point",
        "coordinates": [
          1.960373693355237,
          41.263996865842714
        ]
      },
      "properties": {
        "date": "2025-04-06"
      }
    },
    {
      "type": "Feature",
      "geometry": {
        "type": "Point",
        "coordinates": [
          1.9604930551703525,
          41.26399794369729
        ]
      },
      "properties": {
        "date": "2025-04-06"
      }
    },
    {
      "type": "Feature",
      "geometry": {
        "type": "Point",
        "coordinates": [
          1.960612416991953,
          41.26399902142813
        ]
      },
      "properties": {
        "date": "2025-04-06"
      }
    },
    {
      "type": "Feature",
      "geometry": {
        "type": "Point",
        "coordinates": [
          1.9607317788200365,
          41.26400009903525
        ]
      },
      "properties": {
        "date": "2025-04-06"
      }
    },
    {
      "type": "Feature",
      "geometry": {
        "type": "Point",
        "coordinates": [
          1.9608511406546028,
          41.26400117651866
        ]
      },
      "properties": {
        "date": "2025-04-06"
      }
    },
    {
      "type": "Feature",
      "geometry": {
        "type": "Point",
        "coordinates": [
          1.9609705024956514,
          41.26400225387834
        ]
      },
      "properties": {
        "date": "2025-04-06"
      }
    },
    {
      "type": "Feature",
      "geometry": {
        "type": "Point",
        "coordinates": [
          1.9610898643431804,
          41.2640033311143
        ]
      },
      "properties": {
        "date": "2025-04-06"
      }
    },
    {
      "type": "Feature",
      "geometry": {
        "type": "Point",
        "coordinates": [
          1.9612092261971907,
          41.26400440822653
        ]
      },
      "properties": {
        "date": "2025-04-06"
      }
    },
    {
      "type": "Feature",
      "geometry": {
        "type": "Point",
        "coordinates": [
          1.96132858805768,
          41.26400548521505
        ]
      },
      "properties": {
        "date": "2025-04-06"
      }
    },
    {
      "type": "Feature",
      "geometry": {
        "type": "Point",
        "coordinates": [
          1.961447949924649,
          41.26400656207986
        ]
      },
      "properties": {
        "date": "2025-04-06"
      }
    },
    {
      "type": "Feature",
      "geometry": {
        "type": "Point",
        "coordinates": [
          1.9615673117980956,
          41.26400763882092
        ]
      },
      "properties": {
        "date": "2025-04-06"
      }
    },
    {
      "type": "Feature",
      "geometry": {
        "type": "Point",
        "coordinates": [
          1.9616866736780203,
          41.26400871543827
        ]
      },
      "properties": {
        "date": "2025-04-06"
      }
    },
    {
      "type": "Feature",
      "geometry": {
        "type": "Point",
        "coordinates": [
          1.9618060355644213,
          41.26400979193191
        ]
      },
      "properties": {
        "date": "2025-04-06"
      }
    },
    {
      "type": "Feature",
      "geometry": {
        "type": "Point",
        "coordinates": [
          1.962641568950518,
          41.264017323923106
        ]
      },
      "properties": {
        "date": "2025-04-06"
      }
    },
    {
      "type": "Feature",
      "geometry": {
        "type": "Point",
        "coordinates": [
          1.9627609308887066,
          41.26401839942696
        ]
      },
      "properties": {
        "date": "2025-04-06"
      }
    },
    {
      "type": "Feature",
      "geometry": {
        "type": "Point",
        "coordinates": [
          1.9628802928333655,
          41.26401947480709
        ]
      },
      "properties": {
        "date": "2025-04-06"
      }
    },
    {
      "type": "Feature",
      "geometry": {
        "type": "Point",
        "coordinates": [
          1.9632383787061547,
          41.26402270020515
        ]
      },
      "properties": {
        "date": "2025-04-06"
      }
    },
    {
      "type": "Feature",
      "geometry": {
        "type": "Point",
        "coordinates": [
          1.9633577406766864,
          41.2640237750904
        ]
      },
      "properties": {
        "date": "2025-04-06"
      }
    },
    {
      "type": "Feature",
      "geometry": {
        "type": "Point",
        "coordinates": [
          1.9634771026536848,
          41.26402484985192
        ]
      },
      "properties": {
        "date": "2025-04-06"
      }
    },
    {
      "type": "Feature",
      "geometry": {
        "type": "Point",
        "coordinates": [
          1.9638351886234688,
          41.264028073394165
        ]
      },
      "properties": {
        "date": "2025-04-06"
      }
    },
    {
      "type": "Feature",
      "geometry": {
        "type": "Point",
        "coordinates": [
          1.9639545506263252,
          41.26402914766079
        ]
      },
      "properties": {
        "date": "2025-04-06"
      }
    },
    {
      "type": "Feature",
      "geometry": {
        "type": "Point",
        "coordinates": [
          1.9640739126356435,
          41.264030221803715
        ]
      },
      "properties": {
        "date": "2025-04-06"
      }
    },
    {
      "type": "Feature",
      "geometry": {
        "type": "Point",
        "coordinates": [
          1.9641932746514241,
          41.2640312958229
        ]
      },
      "properties": {
        "date": "2025-04-06"
      }
    },
    {
      "type": "Feature",
      "geometry": {
        "type": "Point",
        "coordinates": [
          1.9643126366736663,
          41.264032369718365
        ]
      },
      "properties": {
        "date": "2025-04-06"
      }
    },
    {
      "type": "Feature",
      "geometry": {
        "type": "Point",
        "coordinates": [
          1.9644319987023682,
          41.264033443490106
        ]
      },
      "properties": {
        "date": "2025-04-06"
      }
    },
    {
      "type": "Feature",
      "geometry": {
        "type": "Point",
        "coordinates": [
          1.9645513607375296,
          41.264034517138136
        ]
      },
      "properties": {
        "date": "2025-04-06"
      }
    },
    {
      "type": "Feature",
      "geometry": {
        "type": "Point",
        "coordinates": [
          1.9646707227791504,
          41.26403559066243
        ]
      },
      "properties": {
        "date": "2025-04-06"
      }
    },
    {
      "type": "Feature",
      "geometry": {
        "type": "Point",
        "coordinates": [
          1.9647900848272293,
          41.26403666406301
        ]
      },
      "properties": {
        "date": "2025-04-06"
      }
    },
    {
      "type": "Feature",
      "geometry": {
        "type": "Point",
        "coordinates": [
          1.9649094468817656,
          41.26403773733987
        ]
      },
      "properties": {
        "date": "2025-04-06"
      }
    },
    {
      "type": "Feature",
      "geometry": {
        "type": "Point",
        "coordinates": [
          1.9650288089427583,
          41.264038810493
        ]
      },
      "properties": {
        "date": "2025-04-06"
      }
    },
    {
      "type": "Feature",
      "geometry": {
        "type": "Point",
        "coordinates": [
          1.9651481710102077,
          41.264039883522415
        ]
      },
      "properties": {
        "date": "2025-04-06"
      }
    },
    {
      "type": "Feature",
      "geometry": {
        "type": "Point",
        "coordinates": [
          1.9653868951644702,
          41.26404202921007
        ]
      },
      "properties": {
        "date": "2025-04-06"
      }
    },
    {
      "type": "Feature",
      "geometry": {
        "type": "Point",
        "coordinates": [
          1.9655062572512825,
          41.26404310186831
        ]
      },
      "properties": {
        "date": "2025-04-06"
      }
    },
    {
      "type": "Feature",
      "geometry": {
        "type": "Point",
        "coordinates": [
          1.9656256193445478,
          41.264044174402834
        ]
      },
      "properties": {
        "date": "2025-04-06"
      }
    },
    {
      "type": "Feature",
      "geometry": {
        "type": "Point",
        "coordinates": [
          1.9657449814442651,
          41.26404524681364
        ]
      },
      "properties": {
        "date": "2025-04-06"
      }
    },
    {
      "type": "Feature",
      "geometry": {
        "type": "Point",
        "coordinates": [
          1.9658643435504342,
          41.26404631910071
        ]
      },
      "properties": {
        "date": "2025-04-06"
      }
    },
    {
      "type": "Feature",
      "geometry": {
        "type": "Point",
        "coordinates": [
          1.9659837056630536,
          41.26404739126407
        ]
      },
      "properties": {
        "date": "2025-04-06"
      }
    },
    {
      "type": "Feature",
      "geometry": {
        "type": "Point",
        "coordinates": [
          1.9661030677821232,
          41.2640484633037
        ]
      },
      "properties": {
        "date": "2025-04-06"
      }
    },
    {
      "type": "Feature",
      "geometry": {
        "type": "Point",
        "coordinates": [
          1.9662224299076423,
          41.26404953521961
        ]
      },
      "properties": {
        "date": "2025-04-06"
      }
    },
    {
      "type": "Feature",
      "geometry": {
        "type": "Point",
        "coordinates": [
          1.9663417920396091,
          41.2640506070118
        ]
      },
      "properties": {
        "date": "2025-04-06"
      }
    },
    {
      "type": "Feature",
      "geometry": {
        "type": "Point",
        "coordinates": [
          1.9664611541780246,
          41.26405167868026
        ]
      },
      "properties": {
        "date": "2025-04-06"
      }
    },
    {
      "type": "Feature",
      "geometry": {
        "type": "Point",
        "coordinates": [
          1.966580516322887,
          41.264052750225005
        ]
      },
      "properties": {
        "date": "2025-04-06"
      }
    },
    {
      "type": "Feature",
      "geometry": {
        "type": "Point",
        "coordinates": [
          1.9666998784741956,
          41.26405382164602
        ]
      },
      "properties": {
        "date": "2025-04-06"
      }
    },
    {
      "type": "Feature",
      "geometry": {
        "type": "Point",
        "coordinates": [
          1.9668192406319496,
          41.26405489294332
        ]
      },
      "properties": {
        "date": "2025-04-06"
      }
    },
    {
      "type": "Feature",
      "geometry": {
        "type": "Point",
        "coordinates": [
          1.9671773271438773,
          41.264058106092875
        ]
      },
      "properties": {
        "date": "2025-04-06"
      }
    },
    {
      "type": "Feature",
      "geometry": {
        "type": "Point",
        "coordinates": [
          1.967535413713788,
          41.26406131812893
        ]
      },
      "properties": {
        "date": "2025-04-06"
      }
    },
    {
      "type": "Feature",
      "geometry": {
        "type": "Point",
        "coordinates": [
          1.9676547759166398,
          41.26406238856016
        ]
      },
      "properties": {
        "date": "2025-04-06"
      }
    },
    {
      "type": "Feature",
      "geometry": {
        "type": "Point",
        "coordinates": [
          1.9677741381259306,
          41.26406345886768
        ]
      },
      "properties": {
        "date": "2025-04-06"
      }
    },
    {
      "type": "Feature",
      "geometry": {
        "type": "Point",
        "coordinates": [
          1.967893500341661,
          41.26406452905148
        ]
      },
      "properties": {
        "date": "2025-04-06"
      }
    },
    {
      "type": "Feature",
      "geometry": {
        "type": "Point",
        "coordinates": [
          1.9688483982992115,
          41.264073086067796
        ]
      },
      "properties": {
        "date": "2025-04-06"
      }
    },
    {
      "type": "Feature",
      "geometry": {
        "type": "Point",
        "coordinates": [
          1.9994053482173506,
          41.26434272969133
        ]
      },
      "properties": {
        "date": "2025-04-06"
      }
    },
    {
      "type": "Feature",
      "geometry": {
        "type": "Point",
        "coordinates": [
          1.99952471211315,
          41.26434376708794
        ]
      },
      "properties": {
        "date": "2025-04-06"
      }
    },
    {
      "type": "Feature",
      "geometry": {
        "type": "Point",
        "coordinates": [
          1.9996440760151908,
          41.26434480436079
        ]
      },
      "properties": {
        "date": "2025-04-06"
      }
    },
    {
      "type": "Feature",
      "geometry": {
        "type": "Point",
        "coordinates": [
          1.9997634399234714,
          41.26434584150993
        ]
      },
      "properties": {
        "date": "2025-04-06"
      }
    },
    {
      "type": "Feature",
      "geometry": {
        "type": "Point",
        "coordinates": [
          1.9998828038379914,
          41.264346878535335
        ]
      },
      "properties": {
        "date": "2025-04-06"
      }
    },
    {
      "type": "Feature",
      "geometry": {
        "type": "Point",
        "coordinates": [
          2.0000021677587507,
          41.264347915437014
        ]
      },
      "properties": {
        "date": "2025-04-06"
      }
    },
    {
      "type": "Feature",
      "geometry": {
        "type": "Point",
        "coordinates": [
          2.0001215316857475,
          41.26434895221497
        ]
      },
      "properties": {
        "date": "2025-04-06"
      }
    },
    {
      "type": "Feature",
      "geometry": {
        "type": "Point",
        "coordinates": [
          2.000240895618982,
          41.264349988869185
        ]
      },
      "properties": {
        "date": "2025-04-06"
      }
    },
    {
      "type": "Feature",
      "geometry": {
        "type": "Point",
        "coordinates": [
          2.0003602595584518,
          41.26435102539969
        ]
      },
      "properties": {
        "date": "2025-04-06"
      }
    },
    {
      "type": "Feature",
      "geometry": {
        "type": "Point",
        "coordinates": [
          2.0004796235041584,
          41.264352061806456
        ]
      },
      "properties": {
        "date": "2025-04-06"
      }
    },
    {
      "type": "Feature",
      "geometry": {
        "type": "Point",
        "coordinates": [
          2.000598987456099,
          41.2643530980895
        ]
      },
      "properties": {
        "date": "2025-04-06"
      }
    },
    {
      "type": "Feature",
      "geometry": {
        "type": "Point",
        "coordinates": [
          2.000718351414275,
          41.26435413424881
        ]
      },
      "properties": {
        "date": "2025-04-06"
      }
    },
    {
      "type": "Feature",
      "geometry": {
        "type": "Point",
        "coordinates": [
          2.000837715378684,
          41.2643551702844
        ]
      },
      "properties": {
        "date": "2025-04-06"
      }
    },
    {
      "type": "Feature",
      "geometry": {
        "type": "Point",
        "coordinates": [
          2.000957079349326,
          41.264356206196254
        ]
      },
      "properties": {
        "date": "2025-04-06"
      }
    },
    {
      "type": "Feature",
      "geometry": {
        "type": "Point",
        "coordinates": [
          2.0010764433261996,
          41.26435724198437
        ]
      },
      "properties": {
        "date": "2025-04-06"
      }
    },
    {
      "type": "Feature",
      "geometry": {
        "type": "Point",
        "coordinates": [
          2.0011958073093044,
          41.26435827764878
        ]
      },
      "properties": {
        "date": "2025-04-06"
      }
    },
    {
      "type": "Feature",
      "geometry": {
        "type": "Point",
        "coordinates": [
          2.00131517129864,
          41.26435931318945
        ]
      },
      "properties": {
        "date": "2025-04-06"
      }
    },
    {
      "type": "Feature",
      "geometry": {
        "type": "Point",
        "coordinates": [
          2.001434535294205,
          41.264360348606395
        ]
      },
      "properties": {
        "date": "2025-04-06"
      }
    },
    {
      "type": "Feature",
      "geometry": {
        "type": "Point",
        "coordinates": [
          2.001553899296,
          41.264361383899605
        ]
      },
      "properties": {
        "date": "2025-04-06"
      }
    },
    {
      "type": "Feature",
      "geometry": {
        "type": "Point",
        "coordinates": [
          2.0016732633040224,
          41.264362419069094
        ]
      },
      "properties": {
        "date": "2025-04-06"
      }
    },
    {
      "type": "Feature",
      "geometry": {
        "type": "Point",
        "coordinates": [
          2.0017926273182725,
          41.26436345411486
        ]
      },
      "properties": {
        "date": "2025-04-06"
      }
    },
    {
      "type": "Feature",
      "geometry": {
        "type": "Point",
        "coordinates": [
          2.0019119913387495,
          41.264364489036886
        ]
      },
      "properties": {
        "date": "2025-04-06"
      }
    },
    {
      "type": "Feature",
      "geometry": {
        "type": "Point",
        "coordinates": [
          2.0020313553654523,
          41.264365523835195
        ]
      },
      "properties": {
        "date": "2025-04-06"
      }
    },
    {
      "type": "Feature",
      "geometry": {
        "type": "Point",
        "coordinates": [
          2.0021507193983807,
          41.26436655850978
        ]
      },
      "properties": {
        "date": "2025-04-06"
      }
    },
    {
      "type": "Feature",
      "geometry": {
        "type": "Point",
        "coordinates": [
          2.0022700834375335,
          41.26436759306061
        ]
      },
      "properties": {
        "date": "2025-04-06"
      }
    },
    {
      "type": "Feature",
      "geometry": {
        "type": "Point",
        "coordinates": [
          1.949513238907008,
          41.263808200101195
        ]
      },
      "properties": {
        "date": "2025-04-06"
      }
    },
    {
      "type": "Feature",
      "geometry": {
        "type": "Point",
        "coordinates": [
          1.9496325999650042,
          41.263809289210926
        ]
      },
      "properties": {
        "date": "2025-04-06"
      }
    },
    {
      "type": "Feature",
      "geometry": {
        "type": "Point",
        "coordinates": [
          1.9497519610295526,
          41.26381037819692
        ]
      },
      "properties": {
        "date": "2025-04-06"
      }
    },
    {
      "type": "Feature",
      "geometry": {
        "type": "Point",
        "coordinates": [
          1.9498713221006523,
          41.263811467059206
        ]
      },
      "properties": {
        "date": "2025-04-06"
      }
    },
    {
      "type": "Feature",
      "geometry": {
        "type": "Point",
        "coordinates": [
          1.9499906831783018,
          41.26381255579778
        ]
      },
      "properties": {
        "date": "2025-04-06"
      }
    },
    {
      "type": "Feature",
      "geometry": {
        "type": "Point",
        "coordinates": [
          1.9501100442625012,
          41.263813644412615
        ]
      },
      "properties": {
        "date": "2025-04-06"
      }
    },
    {
      "type": "Feature",
      "geometry": {
        "type": "Point",
        "coordinates": [
          1.9502294053532496,
          41.26381473290374
        ]
      },
      "properties": {
        "date": "2025-04-06"
      }
    },
    {
      "type": "Feature",
      "geometry": {
        "type": "Point",
        "coordinates": [
          1.9503487664505461,
          41.26381582127115
        ]
      },
      "properties": {
        "date": "2025-04-06"
      }
    },
    {
      "type": "Feature",
      "geometry": {
        "type": "Point",
        "coordinates": [
          1.95046812755439,
          41.26381690951483
        ]
      },
      "properties": {
        "date": "2025-04-06"
      }
    },
    {
      "type": "Feature",
      "geometry": {
        "type": "Point",
        "coordinates": [
          1.9505874886647805,
          41.2638179976348
        ]
      },
      "properties": {
        "date": "2025-04-06"
      }
    },
    {
      "type": "Feature",
      "geometry": {
        "type": "Point",
        "coordinates": [
          1.950706849781717,
          41.26381908563105
        ]
      },
      "properties": {
        "date": "2025-04-06"
      }
    },
    {
      "type": "Feature",
      "geometry": {
        "type": "Point",
        "coordinates": [
          1.9508262109051984,
          41.263820173503575
        ]
      },
      "properties": {
        "date": "2025-04-06"
      }
    },
    {
      "type": "Feature",
      "geometry": {
        "type": "Point",
        "coordinates": [
          1.950945572035225,
          41.26382126125238
        ]
      },
      "properties": {
        "date": "2025-04-06"
      }
    },
    {
      "type": "Feature",
      "geometry": {
        "type": "Point",
        "coordinates": [
          1.9535715185500357,
          41.263845160425035
        ]
      },
      "properties": {
        "date": "2025-04-06"
      }
    },
    {
      "type": "Feature",
      "geometry": {
        "type": "Point",
        "coordinates": [
          1.9536908798303785,
          41.263846245328295
        ]
      },
      "properties": {
        "date": "2025-04-06"
      }
    },
    {
      "type": "Feature",
      "geometry": {
        "type": "Point",
        "coordinates": [
          1.9538102411172482,
          41.26384733010783
        ]
      },
      "properties": {
        "date": "2025-04-06"
      }
    },
    {
      "type": "Feature",
      "geometry": {
        "type": "Point",
        "coordinates": [
          1.9539296024106434,
          41.263848414763636
        ]
      },
      "properties": {
        "date": "2025-04-06"
      }
    },
    {
      "type": "Feature",
      "geometry": {
        "type": "Point",
        "coordinates": [
          1.9540489637105636,
          41.263849499295716
        ]
      },
      "properties": {
        "date": "2025-04-06"
      }
    },
    {
      "type": "Feature",
      "geometry": {
        "type": "Point",
        "coordinates": [
          1.9541683250170083,
          41.2638505837041
        ]
      },
      "properties": {
        "date": "2025-04-06"
      }
    },
    {
      "type": "Feature",
      "geometry": {
        "type": "Point",
        "coordinates": [
          1.9542876863299765,
          41.26385166798874
        ]
      },
      "properties": {
        "date": "2025-04-06"
      }
    },
    {
      "type": "Feature",
      "geometry": {
        "type": "Point",
        "coordinates": [
          1.954407047649468,
          41.26385275214966
        ]
      },
      "properties": {
        "date": "2025-04-06"
      }
    },
    {
      "type": "Feature",
      "geometry": {
        "type": "Point",
        "coordinates": [
          1.954526408975481,
          41.26385383618689
        ]
      },
      "properties": {
        "date": "2025-04-06"
      }
    },
    {
      "type": "Feature",
      "geometry": {
        "type": "Point",
        "coordinates": [
          1.9546457703080153,
          41.26385492010038
        ]
      },
      "properties": {
        "date": "2025-04-06"
      }
    },
    {
      "type": "Feature",
      "geometry": {
        "type": "Point",
        "coordinates": [
          1.9547651316470707,
          41.26385600389014
        ]
      },
      "properties": {
        "date": "2025-04-06"
      }
    },
    {
      "type": "Feature",
      "geometry": {
        "type": "Point",
        "coordinates": [
          1.9548844929926463,
          41.26385708755618
        ]
      },
      "properties": {
        "date": "2025-04-06"
      }
    },
    {
      "type": "Feature",
      "geometry": {
        "type": "Point",
        "coordinates": [
          1.9618074621660735,
          41.26391972850094
        ]
      },
      "properties": {
        "date": "2025-04-06"
      }
    },
    {
      "type": "Feature",
      "geometry": {
        "type": "Point",
        "coordinates": [
          1.9619268238950056,
          41.26392080486745
        ]
      },
      "properties": {
        "date": "2025-04-06"
      }
    },
    {
      "type": "Feature",
      "geometry": {
        "type": "Point",
        "coordinates": [
          1.9620461856304126,
          41.26392188111025
        ]
      },
      "properties": {
        "date": "2025-04-06"
      }
    },
    {
      "type": "Feature",
      "geometry": {
        "type": "Point",
        "coordinates": [
          1.9621655473722939,
          41.26392295722932
        ]
      },
      "properties": {
        "date": "2025-04-06"
      }
    },
    {
      "type": "Feature",
      "geometry": {
        "type": "Point",
        "coordinates": [
          1.9622849091206493,
          41.263924033224676
        ]
      },
      "properties": {
        "date": "2025-04-06"
      }
    },
    {
      "type": "Feature",
      "geometry": {
        "type": "Point",
        "coordinates": [
          1.9624042708754774,
          41.26392510909631
        ]
      },
      "properties": {
        "date": "2025-04-06"
      }
    },
    {
      "type": "Feature",
      "geometry": {
        "type": "Point",
        "coordinates": [
          1.962523632636778,
          41.26392618484422
        ]
      },
      "properties": {
        "date": "2025-04-06"
      }
    },
    {
      "type": "Feature",
      "geometry": {
        "type": "Point",
        "coordinates": [
          1.96264299440455,
          41.26392726046841
        ]
      },
      "properties": {
        "date": "2025-04-06"
      }
    },
    {
      "type": "Feature",
      "geometry": {
        "type": "Point",
        "coordinates": [
          1.962881717959506,
          41.26392941134563
        ]
      },
      "properties": {
        "date": "2025-04-06"
      }
    },
    {
      "type": "Feature",
      "geometry": {
        "type": "Point",
        "coordinates": [
          1.9630010797466884,
          41.26393048659864
        ]
      },
      "properties": {
        "date": "2025-04-06"
      }
    },
    {
      "type": "Feature",
      "geometry": {
        "type": "Point",
        "coordinates": [
          1.9631204415403387,
          41.263931561727944
        ]
      },
      "properties": {
        "date": "2025-04-06"
      }
    },
    {
      "type": "Feature",
      "geometry": {
        "type": "Point",
        "coordinates": [
          1.9632398033404572,
          41.263932636733536
        ]
      },
      "properties": {
        "date": "2025-04-06"
      }
    },
    {
      "type": "Feature",
      "geometry": {
        "type": "Point",
        "coordinates": [
          1.9634785269600952,
          41.263934786373525
        ]
      },
      "properties": {
        "date": "2025-04-06"
      }
    },
    {
      "type": "Feature",
      "geometry": {
        "type": "Point",
        "coordinates": [
          1.9635978887796128,
          41.26393586100794
        ]
      },
      "properties": {
        "date": "2025-04-06"
      }
    },
    {
      "type": "Feature",
      "geometry": {
        "type": "Point",
        "coordinates": [
          1.9637172506055947,
          41.263936935518636
        ]
      },
      "properties": {
        "date": "2025-04-06"
      }
    },
    {
      "type": "Feature",
      "geometry": {
        "type": "Point",
        "coordinates": [
          1.9638366124380415,
          41.2639380099056
        ]
      },
      "properties": {
        "date": "2025-04-06"
      }
    },
    {
      "type": "Feature",
      "geometry": {
        "type": "Point",
        "coordinates": [
          1.9651495930213696,
          41.26394981999667
        ]
      },
      "properties": {
        "date": "2025-04-06"
      }
    },
    {
      "type": "Feature",
      "geometry": {
        "type": "Point",
        "coordinates": [
          1.9652689549313274,
          41.26395089289896
        ]
      },
      "properties": {
        "date": "2025-04-06"
      }
    },
    {
      "type": "Feature",
      "geometry": {
        "type": "Point",
        "coordinates": [
          1.9653883168477397,
          41.263951965677556
        ]
      },
      "properties": {
        "date": "2025-04-06"
      }
    },
    {
      "type": "Feature",
      "geometry": {
        "type": "Point",
        "coordinates": [
          1.966820660347857,
          41.26396482937029
        ]
      },
      "properties": {
        "date": "2025-04-06"
      }
    },
    {
      "type": "Feature",
      "geometry": {
        "type": "Point",
        "coordinates": [
          1.9669400223481088,
          41.26396590054049
        ]
      },
      "properties": {
        "date": "2025-04-06"
      }
    },
    {
      "type": "Feature",
      "geometry": {
        "type": "Point",
        "coordinates": [
          1.9670593843548048,
          41.26396697158696
        ]
      },
      "properties": {
        "date": "2025-04-06"
      }
    },
    {
      "type": "Feature",
      "geometry": {
        "type": "Point",
        "coordinates": [
          1.9671787463679438,
          41.263968042509724
        ]
      },
      "properties": {
        "date": "2025-04-06"
      }
    },
    {
      "type": "Feature",
      "geometry": {
        "type": "Point",
        "coordinates": [
          1.9672981083875254,
          41.26396911330876
        ]
      },
      "properties": {
        "date": "2025-04-06"
      }
    },
    {
      "type": "Feature",
      "geometry": {
        "type": "Point",
        "coordinates": [
          1.9674174704135488,
          41.26397018398407
        ]
      },
      "properties": {
        "date": "2025-04-06"
      }
    },
    {
      "type": "Feature",
      "geometry": {
        "type": "Point",
        "coordinates": [
          1.9675368324460132,
          41.26397125453566
        ]
      },
      "properties": {
        "date": "2025-04-06"
      }
    },
    {
      "type": "Feature",
      "geometry": {
        "type": "Point",
        "coordinates": [
          1.967894918582045,
          41.263974465448094
        ]
      },
      "properties": {
        "date": "2025-04-06"
      }
    },
    {
      "type": "Feature",
      "geometry": {
        "type": "Point",
        "coordinates": [
          1.9680142806402658,
          41.26397553550479
        ]
      },
      "properties": {
        "date": "2025-04-06"
      }
    },
    {
      "type": "Feature",
      "geometry": {
        "type": "Point",
        "coordinates": [
          1.968133642704924,
          41.26397660543777
        ]
      },
      "properties": {
        "date": "2025-04-06"
      }
    },
    {
      "type": "Feature",
      "geometry": {
        "type": "Point",
        "coordinates": [
          1.9682530047760192,
          41.26397767524702
        ]
      },
      "properties": {
        "date": "2025-04-06"
      }
    },
    {
      "type": "Feature",
      "geometry": {
        "type": "Point",
        "coordinates": [
          1.96837236685355,
          41.26397874493255
        ]
      },
      "properties": {
        "date": "2025-04-06"
      }
    },
    {
      "type": "Feature",
      "geometry": {
        "type": "Point",
        "coordinates": [
          1.9684917289375155,
          41.26397981449437
        ]
      },
      "properties": {
        "date": "2025-04-06"
      }
    },
    {
      "type": "Feature",
      "geometry": {
        "type": "Point",
        "coordinates": [
          1.9686110910279153,
          41.263980883932454
        ]
      },
      "properties": {
        "date": "2025-04-06"
      }
    },
    {
      "type": "Feature",
      "geometry": {
        "type": "Point",
        "coordinates": [
          1.9687304531247494,
          41.26398195324682
        ]
      },
      "properties": {
        "date": "2025-04-06"
      }
    },
    {
      "type": "Feature",
      "geometry": {
        "type": "Point",
        "coordinates": [
          1.968849815228016,
          41.26398302243746
        ]
      },
      "properties": {
        "date": "2025-04-06"
      }
    },
    {
      "type": "Feature",
      "geometry": {
        "type": "Point",
        "coordinates": [
          1.9689691773377147,
          41.263984091504376
        ]
      },
      "properties": {
        "date": "2025-04-06"
      }
    },
    {
      "type": "Feature",
      "geometry": {
        "type": "Point",
        "coordinates": [
          1.9690885394538444,
          41.263985160447575
        ]
      },
      "properties": {
        "date": "2025-04-06"
      }
    },
    {
      "type": "Feature",
      "geometry": {
        "type": "Point",
        "coordinates": [
          1.9692079015764055,
          41.26398622926705
        ]
      },
      "properties": {
        "date": "2025-04-06"
      }
    },
    {
      "type": "Feature",
      "geometry": {
        "type": "Point",
        "coordinates": [
          1.9693272637053958,
          41.2639872979628
        ]
      },
      "properties": {
        "date": "2025-04-06"
      }
    },
    {
      "type": "Feature",
      "geometry": {
        "type": "Point",
        "coordinates": [
          1.9694466258408154,
          41.26398836653483
        ]
      },
      "properties": {
        "date": "2025-04-06"
      }
    },
    {
      "type": "Feature",
      "geometry": {
        "type": "Point",
        "coordinates": [
          1.9695659879826635,
          41.26398943498314
        ]
      },
      "properties": {
        "date": "2025-04-06"
      }
    },
    {
      "type": "Feature",
      "geometry": {
        "type": "Point",
        "coordinates": [
          1.969685350130939,
          41.263990503307724
        ]
      },
      "properties": {
        "date": "2025-04-06"
      }
    },
    {
      "type": "Feature",
      "geometry": {
        "type": "Point",
        "coordinates": [
          1.9698047122856417,
          41.26399157150858
        ]
      },
      "properties": {
        "date": "2025-04-06"
      }
    },
    {
      "type": "Feature",
      "geometry": {
        "type": "Point",
        "coordinates": [
          1.9699240744467703,
          41.26399263958572
        ]
      },
      "properties": {
        "date": "2025-04-06"
      }
    },
    {
      "type": "Feature",
      "geometry": {
        "type": "Point",
        "coordinates": [
          1.9700434366143245,
          41.263993707539136
        ]
      },
      "properties": {
        "date": "2025-04-06"
      }
    },
    {
      "type": "Feature",
      "geometry": {
        "type": "Point",
        "coordinates": [
          1.9701627987883032,
          41.263994775368836
        ]
      },
      "properties": {
        "date": "2025-04-06"
      }
    },
    {
      "type": "Feature",
      "geometry": {
        "type": "Point",
        "coordinates": [
          1.9702821609687062,
          41.263995843074795
        ]
      },
      "properties": {
        "date": "2025-04-06"
      }
    },
    {
      "type": "Feature",
      "geometry": {
        "type": "Point",
        "coordinates": [
          1.970401523155532,
          41.26399691065705
        ]
      },
      "properties": {
        "date": "2025-04-06"
      }
    },
    {
      "type": "Feature",
      "geometry": {
        "type": "Point",
        "coordinates": [
          1.97052088534878,
          41.263997978115576
        ]
      },
      "properties": {
        "date": "2025-04-06"
      }
    },
    {
      "type": "Feature",
      "geometry": {
        "type": "Point",
        "coordinates": [
          1.9706402475484504,
          41.26399904545037
        ]
      },
      "properties": {
        "date": "2025-04-06"
      }
    },
    {
      "type": "Feature",
      "geometry": {
        "type": "Point",
        "coordinates": [
          1.9707596097545412,
          41.26400011266145
        ]
      },
      "properties": {
        "date": "2025-04-06"
      }
    },
    {
      "type": "Feature",
      "geometry": {
        "type": "Point",
        "coordinates": [
          1.9708789719670525,
          41.26400117974881
        ]
      },
      "properties": {
        "date": "2025-04-06"
      }
    },
    {
      "type": "Feature",
      "geometry": {
        "type": "Point",
        "coordinates": [
          1.9709983341859834,
          41.264002246712444
        ]
      },
      "properties": {
        "date": "2025-04-06"
      }
    },
    {
      "type": "Feature",
      "geometry": {
        "type": "Point",
        "coordinates": [
          1.9711176964113324,
          41.26400331355236
        ]
      },
      "properties": {
        "date": "2025-04-06"
      }
    },
    {
      "type": "Feature",
      "geometry": {
        "type": "Point",
        "coordinates": [
          1.9712370586430998,
          41.264004380268545
        ]
      },
      "properties": {
        "date": "2025-04-06"
      }
    },
    {
      "type": "Feature",
      "geometry": {
        "type": "Point",
        "coordinates": [
          1.9713564208812842,
          41.264005446861
        ]
      },
      "properties": {
        "date": "2025-04-06"
      }
    },
    {
      "type": "Feature",
      "geometry": {
        "type": "Point",
        "coordinates": [
          1.9714757831258851,
          41.26400651332974
        ]
      },
      "properties": {
        "date": "2025-04-06"
      }
    },
    {
      "type": "Feature",
      "geometry": {
        "type": "Point",
        "coordinates": [
          1.9715951453769018,
          41.264007579674754
        ]
      },
      "properties": {
        "date": "2025-04-06"
      }
    },
    {
      "type": "Feature",
      "geometry": {
        "type": "Point",
        "coordinates": [
          1.9717145076343336,
          41.264008645896055
        ]
      },
      "properties": {
        "date": "2025-04-06"
      }
    },
    {
      "type": "Feature",
      "geometry": {
        "type": "Point",
        "coordinates": [
          1.9718338698981799,
          41.26400971199363
        ]
      },
      "properties": {
        "date": "2025-04-06"
      }
    },
    {
      "type": "Feature",
      "geometry": {
        "type": "Point",
        "coordinates": [
          1.9719532321684392,
          41.26401077796748
        ]
      },
      "properties": {
        "date": "2025-04-06"
      }
    },
    {
      "type": "Feature",
      "geometry": {
        "type": "Point",
        "coordinates": [
          1.9720725944451112,
          41.264011843817606
        ]
      },
      "properties": {
        "date": "2025-04-06"
      }
    },
    {
      "type": "Feature",
      "geometry": {
        "type": "Point",
        "coordinates": [
          1.9963032683395532,
          41.26422564955701
        ]
      },
      "properties": {
        "date": "2025-04-06"
      }
    },
    {
      "type": "Feature",
      "geometry": {
        "type": "Point",
        "coordinates": [
          1.9965419954844512,
          41.264227730653744
        ]
      },
      "properties": {
        "date": "2025-04-06"
      }
    },
    {
      "type": "Feature",
      "geometry": {
        "type": "Point",
        "coordinates": [
          1.99666135906629,
          41.26422877101651
        ]
      },
      "properties": {
        "date": "2025-04-06"
      }
    },
    {
      "type": "Feature",
      "geometry": {
        "type": "Point",
        "coordinates": [
          1.9978549952287867,
          41.264239167839285
        ]
      },
      "properties": {
        "date": "2025-04-06"
      }
    },
    {
      "type": "Feature",
      "geometry": {
        "type": "Point",
        "coordinates": [
          1.9979743588794312,
          41.264240206841066
        ]
      },
      "properties": {
        "date": "2025-04-06"
      }
    },
    {
      "type": "Feature",
      "geometry": {
        "type": "Point",
        "coordinates": [
          1.9982130861994702,
          41.26424228447344
        ]
      },
      "properties": {
        "date": "2025-04-06"
      }
    },
    {
      "type": "Feature",
      "geometry": {
        "type": "Point",
        "coordinates": [
          1.998332449868864,
          41.26424332310403
        ]
      },
      "properties": {
        "date": "2025-04-06"
      }
    },
    {
      "type": "Feature",
      "geometry": {
        "type": "Point",
        "coordinates": [
          1.998451813544506,
          41.264244361610906
        ]
      },
      "properties": {
        "date": "2025-04-06"
      }
    },
    {
      "type": "Feature",
      "geometry": {
        "type": "Point",
        "coordinates": [
          1.9985711772263952,
          41.26424539999404
        ]
      },
      "properties": {
        "date": "2025-04-06"
      }
    },
    {
      "type": "Feature",
      "geometry": {
        "type": "Point",
        "coordinates": [
          1.998690540914532,
          41.264246438253465
        ]
      },
      "properties": {
        "date": "2025-04-06"
      }
    },
    {
      "type": "Feature",
      "geometry": {
        "type": "Point",
        "coordinates": [
          1.9988099046089145,
          41.26424747638915
        ]
      },
      "properties": {
        "date": "2025-04-06"
      }
    },
    {
      "type": "Feature",
      "geometry": {
        "type": "Point",
        "coordinates": [
          1.9989292683095425,
          41.26424851440111
        ]
      },
      "properties": {
        "date": "2025-04-06"
      }
    },
    {
      "type": "Feature",
      "geometry": {
        "type": "Point",
        "coordinates": [
          1.9990486320164151,
          41.26424955228934
        ]
      },
      "properties": {
        "date": "2025-04-06"
      }
    },
    {
      "type": "Feature",
      "geometry": {
        "type": "Point",
        "coordinates": [
          1.9991679957295314,
          41.26425059005384
        ]
      },
      "properties": {
        "date": "2025-04-06"
      }
    },
    {
      "type": "Feature",
      "geometry": {
        "type": "Point",
        "coordinates": [
          1.999287359448891,
          41.26425162769462
        ]
      },
      "properties": {
        "date": "2025-04-06"
      }
    },
    {
      "type": "Feature",
      "geometry": {
        "type": "Point",
        "coordinates": [
          1.999406723174493,
          41.26425266521167
        ]
      },
      "properties": {
        "date": "2025-04-06"
      }
    },
    {
      "type": "Feature",
      "geometry": {
        "type": "Point",
        "coordinates": [
          1.948917878016352,
          41.26371268963282
        ]
      },
      "properties": {
        "date": "2025-04-06"
      }
    },
    {
      "type": "Feature",
      "geometry": {
        "type": "Point",
        "coordinates": [
          1.949037238877637,
          41.26371377935771
        ]
      },
      "properties": {
        "date": "2025-04-06"
      }
    },
    {
      "type": "Feature",
      "geometry": {
        "type": "Point",
        "coordinates": [
          1.9491565997454772,
          41.26371486895887
        ]
      },
      "properties": {
        "date": "2025-04-06"
      }
    },
    {
      "type": "Feature",
      "geometry": {
        "type": "Point",
        "coordinates": [
          1.9492759606198717,
          41.26371595843632
        ]
      },
      "properties": {
        "date": "2025-04-06"
      }
    },
    {
      "type": "Feature",
      "geometry": {
        "type": "Point",
        "coordinates": [
          1.949395321500821,
          41.26371704779006
        ]
      },
      "properties": {
        "date": "2025-04-06"
      }
    },
    {
      "type": "Feature",
      "geometry": {
        "type": "Point",
        "coordinates": [
          1.9495146823883232,
          41.263718137020064
        ]
      },
      "properties": {
        "date": "2025-04-06"
      }
    },
    {
      "type": "Feature",
      "geometry": {
        "type": "Point",
        "coordinates": [
          1.9720740069409068,
          41.263921780095046
        ]
      },
      "properties": {
        "date": "2025-04-06"
      }
    },
    {
      "type": "Feature",
      "geometry": {
        "type": "Point",
        "coordinates": [
          1.9721933690600428,
          41.26392284581809
        ]
      },
      "properties": {
        "date": "2025-04-06"
      }
    },
    {
      "type": "Feature",
      "geometry": {
        "type": "Point",
        "coordinates": [
          1.972312731185591,
          41.263923911417415
        ]
      },
      "properties": {
        "date": "2025-04-06"
      }
    },
    {
      "type": "Feature",
      "geometry": {
        "type": "Point",
        "coordinates": [
          1.9724320933175494,
          41.263924976893
        ]
      },
      "properties": {
        "date": "2025-04-06"
      }
    },
    {
      "type": "Feature",
      "geometry": {
        "type": "Point",
        "coordinates": [
          1.9725514554559171,
          41.26392604224489
        ]
      },
      "properties": {
        "date": "2025-04-06"
      }
    },
    {
      "type": "Feature",
      "geometry": {
        "type": "Point",
        "coordinates": [
          1.9726708176006946,
          41.26392710747304
        ]
      },
      "properties": {
        "date": "2025-04-06"
      }
    },
    {
      "type": "Feature",
      "geometry": {
        "type": "Point",
        "coordinates": [
          1.9727901797518796,
          41.26392817257747
        ]
      },
      "properties": {
        "date": "2025-04-06"
      }
    },
    {
      "type": "Feature",
      "geometry": {
        "type": "Point",
        "coordinates": [
          1.9729095419094724,
          41.263929237558195
        ]
      },
      "properties": {
        "date": "2025-04-06"
      }
    },
    {
      "type": "Feature",
      "geometry": {
        "type": "Point",
        "coordinates": [
          1.9730289040734719,
          41.263930302415176
        ]
      },
      "properties": {
        "date": "2025-04-06"
      }
    },
    {
      "type": "Feature",
      "geometry": {
        "type": "Point",
        "coordinates": [
          1.9731482662438777,
          41.26393136714844
        ]
      },
      "properties": {
        "date": "2025-04-06"
      }
    },
    {
      "type": "Feature",
      "geometry": {
        "type": "Point",
        "coordinates": [
          1.973267628420688,
          41.263932431757986
        ]
      },
      "properties": {
        "date": "2025-04-06"
      }
    },
    {
      "type": "Feature",
      "geometry": {
        "type": "Point",
        "coordinates": [
          1.9733869906039037,
          41.26393349624381
        ]
      },
      "properties": {
        "date": "2025-04-06"
      }
    },
    {
      "type": "Feature",
      "geometry": {
        "type": "Point",
        "coordinates": [
          1.9735063527935233,
          41.263934560605904
        ]
      },
      "properties": {
        "date": "2025-04-06"
      }
    },
    {
      "type": "Feature",
      "geometry": {
        "type": "Point",
        "coordinates": [
          1.9736257149895455,
          41.26393562484427
        ]
      },
      "properties": {
        "date": "2025-04-06"
      }
    },
    {
      "type": "Feature",
      "geometry": {
        "type": "Point",
        "coordinates": [
          1.9737450771919696,
          41.26393668895892
        ]
      },
      "properties": {
        "date": "2025-04-06"
      }
    },
    {
      "type": "Feature",
      "geometry": {
        "type": "Point",
        "coordinates": [
          1.9738644394007963,
          41.26393775294985
        ]
      },
      "properties": {
        "date": "2025-04-06"
      }
    },
    {
      "type": "Feature",
      "geometry": {
        "type": "Point",
        "coordinates": [
          1.9739838016160232,
          41.263938816817046
        ]
      },
      "properties": {
        "date": "2025-04-06"
      }
    },
    {
      "type": "Feature",
      "geometry": {
        "type": "Point",
        "coordinates": [
          1.9741031638376498,
          41.263939880560535
        ]
      },
      "properties": {
        "date": "2025-04-06"
      }
    },
    {
      "type": "Feature",
      "geometry": {
        "type": "Point",
        "coordinates": [
          1.9742225260656763,
          41.263940944180284
        ]
      },
      "properties": {
        "date": "2025-04-06"
      }
    },
    {
      "type": "Feature",
      "geometry": {
        "type": "Point",
        "coordinates": [
          1.9743418883001016,
          41.26394200767633
        ]
      },
      "properties": {
        "date": "2025-04-06"
      }
    },
    {
      "type": "Feature",
      "geometry": {
        "type": "Point",
        "coordinates": [
          1.9744612505409245,
          41.26394307104863
        ]
      },
      "properties": {
        "date": "2025-04-06"
      }
    },
    {
      "type": "Feature",
      "geometry": {
        "type": "Point",
        "coordinates": [
          1.9745806127881442,
          41.26394413429723
        ]
      },
      "properties": {
        "date": "2025-04-06"
      }
    },
    {
      "type": "Feature",
      "geometry": {
        "type": "Point",
        "coordinates": [
          1.9746999750417606,
          41.263945197422096
        ]
      },
      "properties": {
        "date": "2025-04-06"
      }
    },
    {
      "type": "Feature",
      "geometry": {
        "type": "Point",
        "coordinates": [
          1.9748193373017726,
          41.26394626042324
        ]
      },
      "properties": {
        "date": "2025-04-06"
      }
    },
    {
      "type": "Feature",
      "geometry": {
        "type": "Point",
        "coordinates": [
          1.9749386995681795,
          41.26394732330066
        ]
      },
      "properties": {
        "date": "2025-04-06"
      }
    },
    {
      "type": "Feature",
      "geometry": {
        "type": "Point",
        "coordinates": [
          1.9750580618409805,
          41.26394838605435
        ]
      },
      "properties": {
        "date": "2025-04-06"
      }
    },
    {
      "type": "Feature",
      "geometry": {
        "type": "Point",
        "coordinates": [
          1.9751774241201745,
          41.26394944868432
        ]
      },
      "properties": {
        "date": "2025-04-06"
      }
    },
    {
      "type": "Feature",
      "geometry": {
        "type": "Point",
        "coordinates": [
          1.9752967864057613,
          41.26395051119057
        ]
      },
      "properties": {
        "date": "2025-04-06"
      }
    },
    {
      "type": "Feature",
      "geometry": {
        "type": "Point",
        "coordinates": [
          1.9754161486977402,
          41.263951573573095
        ]
      },
      "properties": {
        "date": "2025-04-06"
      }
    },
    {
      "type": "Feature",
      "geometry": {
        "type": "Point",
        "coordinates": [
          1.9755355109961101,
          41.263952635831906
        ]
      },
      "properties": {
        "date": "2025-04-06"
      }
    },
    {
      "type": "Feature",
      "geometry": {
        "type": "Point",
        "coordinates": [
          1.9756548733008705,
          41.26395369796699
        ]
      },
      "properties": {
        "date": "2025-04-06"
      }
    },
    {
      "type": "Feature",
      "geometry": {
        "type": "Point",
        "coordinates": [
          1.9757742356120211,
          41.26395475997834
        ]
      },
      "properties": {
        "date": "2025-04-06"
      }
    },
    {
      "type": "Feature",
      "geometry": {
        "type": "Point",
        "coordinates": [
          1.9758935979295598,
          41.26395582186598
        ]
      },
      "properties": {
        "date": "2025-04-06"
      }
    },
    {
      "type": "Feature",
      "geometry": {
        "type": "Point",
        "coordinates": [
          1.9760129602534866,
          41.26395688362989
        ]
      },
      "properties": {
        "date": "2025-04-06"
      }
    },
    {
      "type": "Feature",
      "geometry": {
        "type": "Point",
        "coordinates": [
          1.9761323225838017,
          41.26395794527007
        ]
      },
      "properties": {
        "date": "2025-04-06"
      }
    },
    {
      "type": "Feature",
      "geometry": {
        "type": "Point",
        "coordinates": [
          1.9762516849205027,
          41.263959006786536
        ]
      },
      "properties": {
        "date": "2025-04-06"
      }
    },
    {
      "type": "Feature",
      "geometry": {
        "type": "Point",
        "coordinates": [
          1.97637104726359,
          41.26396006817928
        ]
      },
      "properties": {
        "date": "2025-04-06"
      }
    },
    {
      "type": "Feature",
      "geometry": {
        "type": "Point",
        "coordinates": [
          1.9764904096130627,
          41.26396112944829
        ]
      },
      "properties": {
        "date": "2025-04-06"
      }
    },
    {
      "type": "Feature",
      "geometry": {
        "type": "Point",
        "coordinates": [
          1.9766097719689193,
          41.26396219059359
        ]
      },
      "properties": {
        "date": "2025-04-06"
      }
    },
    {
      "type": "Feature",
      "geometry": {
        "type": "Point",
        "coordinates": [
          1.9767291343311597,
          41.26396325161516
        ]
      },
      "properties": {
        "date": "2025-04-06"
      }
    },
    {
      "type": "Feature",
      "geometry": {
        "type": "Point",
        "coordinates": [
          1.9768484966997837,
          41.263964312513004
        ]
      },
      "properties": {
        "date": "2025-04-06"
      }
    },
    {
      "type": "Feature",
      "geometry": {
        "type": "Point",
        "coordinates": [
          1.9769678590747894,
          41.26396537328713
        ]
      },
      "properties": {
        "date": "2025-04-06"
      }
    },
    {
      "type": "Feature",
      "geometry": {
        "type": "Point",
        "coordinates": [
          1.9770872214561768,
          41.26396643393754
        ]
      },
      "properties": {
        "date": "2025-04-06"
      }
    },
    {
      "type": "Feature",
      "geometry": {
        "type": "Point",
        "coordinates": [
          1.9772065838439448,
          41.263967494464204
        ]
      },
      "properties": {
        "date": "2025-04-06"
      }
    },
    {
      "type": "Feature",
      "geometry": {
        "type": "Point",
        "coordinates": [
          1.9773259462380928,
          41.26396855486716
        ]
      },
      "properties": {
        "date": "2025-04-06"
      }
    },
    {
      "type": "Feature",
      "geometry": {
        "type": "Point",
        "coordinates": [
          1.977564671045526,
          41.263970675301906
        ]
      },
      "properties": {
        "date": "2025-04-06"
      }
    },
    {
      "type": "Feature",
      "geometry": {
        "type": "Point",
        "coordinates": [
          1.9776840334588088,
          41.26397173533369
        ]
      },
      "properties": {
        "date": "2025-04-06"
      }
    },
    {
      "type": "Feature",
      "geometry": {
        "type": "Point",
        "coordinates": [
          1.9778033958784698,
          41.26397279524174
        ]
      },
      "properties": {
        "date": "2025-04-06"
      }
    },
    {
      "type": "Feature",
      "geometry": {
        "type": "Point",
        "coordinates": [
          1.9779227583045067,
          41.26397385502609
        ]
      },
      "properties": {
        "date": "2025-04-06"
      }
    },
    {
      "type": "Feature",
      "geometry": {
        "type": "Point",
        "coordinates": [
          1.978042120736919,
          41.263974914686685
        ]
      },
      "properties": {
        "date": "2025-04-06"
      }
    },
    {
      "type": "Feature",
      "geometry": {
        "type": "Point",
        "coordinates": [
          1.978161483175706,
          41.26397597422358
        ]
      },
      "properties": {
        "date": "2025-04-06"
      }
    },
    {
      "type": "Feature",
      "geometry": {
        "type": "Point",
        "coordinates": [
          1.9782808456208671,
          41.26397703363674
        ]
      },
      "properties": {
        "date": "2025-04-06"
      }
    },
    {
      "type": "Feature",
      "geometry": {
        "type": "Point",
        "coordinates": [
          1.9784002080724015,
          41.26397809292619
        ]
      },
      "properties": {
        "date": "2025-04-06"
      }
    },
    {
      "type": "Feature",
      "geometry": {
        "type": "Point",
        "coordinates": [
          1.9785195705303085,
          41.263979152091906
        ]
      },
      "properties": {
        "date": "2025-04-06"
      }
    },
    {
      "type": "Feature",
      "geometry": {
        "type": "Point",
        "coordinates": [
          1.9786389329945875,
          41.26398021113389
        ]
      },
      "properties": {
        "date": "2025-04-06"
      }
    },
    {
      "type": "Feature",
      "geometry": {
        "type": "Point",
        "coordinates": [
          1.9787582954652374,
          41.26398127005216
        ]
      },
      "properties": {
        "date": "2025-04-06"
      }
    },
    {
      "type": "Feature",
      "geometry": {
        "type": "Point",
        "coordinates": [
          1.9788776579422578,
          41.263982328846716
        ]
      },
      "properties": {
        "date": "2025-04-06"
      }
    },
    {
      "type": "Feature",
      "geometry": {
        "type": "Point",
        "coordinates": [
          1.9789970204256473,
          41.263983387517534
        ]
      },
      "properties": {
        "date": "2025-04-06"
      }
    },
    {
      "type": "Feature",
      "geometry": {
        "type": "Point",
        "coordinates": [
          1.979116382915406,
          41.26398444606463
        ]
      },
      "properties": {
        "date": "2025-04-06"
      }
    },
    {
      "type": "Feature",
      "geometry": {
        "type": "Point",
        "coordinates": [
          1.9792357454115328,
          41.263985504488005
        ]
      },
      "properties": {
        "date": "2025-04-06"
      }
    },
    {
      "type": "Feature",
      "geometry": {
        "type": "Point",
        "coordinates": [
          1.979355107914027,
          41.26398656278765
        ]
      },
      "properties": {
        "date": "2025-04-06"
      }
    },
    {
      "type": "Feature",
      "geometry": {
        "type": "Point",
        "coordinates": [
          1.9794744704228877,
          41.26398762096358
        ]
      },
      "properties": {
        "date": "2025-04-06"
      }
    },
    {
      "type": "Feature",
      "geometry": {
        "type": "Point",
        "coordinates": [
          1.9795938329381142,
          41.263988679015796
        ]
      },
      "properties": {
        "date": "2025-04-06"
      }
    },
    {
      "type": "Feature",
      "geometry": {
        "type": "Point",
        "coordinates": [
          1.9797131954597058,
          41.263989736944275
        ]
      },
      "properties": {
        "date": "2025-04-06"
      }
    },
    {
      "type": "Feature",
      "geometry": {
        "type": "Point",
        "coordinates": [
          1.979832557987662,
          41.26399079474902
        ]
      },
      "properties": {
        "date": "2025-04-06"
      }
    },
    {
      "type": "Feature",
      "geometry": {
        "type": "Point",
        "coordinates": [
          1.9799519205219813,
          41.26399185243005
        ]
      },
      "properties": {
        "date": "2025-04-06"
      }
    },
    {
      "type": "Feature",
      "geometry": {
        "type": "Point",
        "coordinates": [
          1.9800712830626641,
          41.26399290998736
        ]
      },
      "properties": {
        "date": "2025-04-06"
      }
    },
    {
      "type": "Feature",
      "geometry": {
        "type": "Point",
        "coordinates": [
          1.980190645609709,
          41.263993967420944
        ]
      },
      "properties": {
        "date": "2025-04-06"
      }
    },
    {
      "type": "Feature",
      "geometry": {
        "type": "Point",
        "coordinates": [
          1.980310008163115,
          41.263995024730804
        ]
      },
      "properties": {
        "date": "2025-04-06"
      }
    },
    {
      "type": "Feature",
      "geometry": {
        "type": "Point",
        "coordinates": [
          1.9804293707228817,
          41.263996081916936
        ]
      },
      "properties": {
        "date": "2025-04-06"
      }
    },
    {
      "type": "Feature",
      "geometry": {
        "type": "Point",
        "coordinates": [
          1.9805487332890077,
          41.26399713897935
        ]
      },
      "properties": {
        "date": "2025-04-06"
      }
    },
    {
      "type": "Feature",
      "geometry": {
        "type": "Point",
        "coordinates": [
          1.9806680958614935,
          41.26399819591804
        ]
      },
      "properties": {
        "date": "2025-04-06"
      }
    },
    {
      "type": "Feature",
      "geometry": {
        "type": "Point",
        "coordinates": [
          1.9807874584403378,
          41.26399925273301
        ]
      },
      "properties": {
        "date": "2025-04-06"
      }
    },
    {
      "type": "Feature",
      "geometry": {
        "type": "Point",
        "coordinates": [
          1.98090682102554,
          41.26400030942424
        ]
      },
      "properties": {
        "date": "2025-04-06"
      }
    },
    {
      "type": "Feature",
      "geometry": {
        "type": "Point",
        "coordinates": [
          1.9810261836170986,
          41.26400136599175
        ]
      },
      "properties": {
        "date": "2025-04-06"
      }
    },
    {
      "type": "Feature",
      "geometry": {
        "type": "Point",
        "coordinates": [
          1.9811455462150138,
          41.264002422435546
        ]
      },
      "properties": {
        "date": "2025-04-06"
      }
    },
    {
      "type": "Feature",
      "geometry": {
        "type": "Point",
        "coordinates": [
          1.981264908819284,
          41.26400347875562
        ]
      },
      "properties": {
        "date": "2025-04-06"
      }
    },
    {
      "type": "Feature",
      "geometry": {
        "type": "Point",
        "coordinates": [
          1.9813842714299092,
          41.26400453495196
        ]
      },
      "properties": {
        "date": "2025-04-06"
      }
    },
    {
      "type": "Feature",
      "geometry": {
        "type": "Point",
        "coordinates": [
          1.9819810845783294,
          41.26400981407782
        ]
      },
      "properties": {
        "date": "2025-04-06"
      }
    },
    {
      "type": "Feature",
      "geometry": {
        "type": "Point",
        "coordinates": [
          1.9825778978855055,
          41.26401509011056
        ]
      },
      "properties": {
        "date": "2025-04-06"
      }
    },
    {
      "type": "Feature",
      "geometry": {
        "type": "Point",
        "coordinates": [
          1.982697260565983,
          41.26401614494594
        ]
      },
      "properties": {
        "date": "2025-04-06"
      }
    },
    {
      "type": "Feature",
      "geometry": {
        "type": "Point",
        "coordinates": [
          1.985442603966897,
          41.26404037201163
        ]
      },
      "properties": {
        "date": "2025-04-06"
      }
    },
    {
      "type": "Feature",
      "geometry": {
        "type": "Point",
        "coordinates": [
          1.9855619667994682,
          41.264041423877615
        ]
      },
      "properties": {
        "date": "2025-04-06"
      }
    },
    {
      "type": "Feature",
      "geometry": {
        "type": "Point",
        "coordinates": [
          1.985681329638367,
          41.26404247561988
        ]
      },
      "properties": {
        "date": "2025-04-06"
      }
    },
    {
      "type": "Feature",
      "geometry": {
        "type": "Point",
        "coordinates": [
          1.9858006924835931,
          41.264043527238414
        ]
      },
      "properties": {
        "date": "2025-04-06"
      }
    },
    {
      "type": "Feature",
      "geometry": {
        "type": "Point",
        "coordinates": [
          1.9859200553351453,
          41.26404457873323
        ]
      },
      "properties": {
        "date": "2025-04-06"
      }
    },
    {
      "type": "Feature",
      "geometry": {
        "type": "Point",
        "coordinates": [
          1.9860394181930232,
          41.26404563010433
        ]
      },
      "properties": {
        "date": "2025-04-06"
      }
    },
    {
      "type": "Feature",
      "geometry": {
        "type": "Point",
        "coordinates": [
          1.9861587810572265,
          41.26404668135168
        ]
      },
      "properties": {
        "date": "2025-04-06"
      }
    },
    {
      "type": "Feature",
      "geometry": {
        "type": "Point",
        "coordinates": [
          1.9862781439277537,
          41.26404773247532
        ]
      },
      "properties": {
        "date": "2025-04-06"
      }
    },
    {
      "type": "Feature",
      "geometry": {
        "type": "Point",
        "coordinates": [
          1.9863975068046045,
          41.264048783475225
        ]
      },
      "properties": {
        "date": "2025-04-06"
      }
    },
    {
      "type": "Feature",
      "geometry": {
        "type": "Point",
        "coordinates": [
          1.9865168696877777,
          41.264049834351404
        ]
      },
      "properties": {
        "date": "2025-04-06"
      }
    },
    {
      "type": "Feature",
      "geometry": {
        "type": "Point",
        "coordinates": [
          1.986636232577273,
          41.26405088510388
        ]
      },
      "properties": {
        "date": "2025-04-06"
      }
    },
    {
      "type": "Feature",
      "geometry": {
        "type": "Point",
        "coordinates": [
          1.986755595473089,
          41.26405193573262
        ]
      },
      "properties": {
        "date": "2025-04-06"
      }
    },
    {
      "type": "Feature",
      "geometry": {
        "type": "Point",
        "coordinates": [
          1.9868749583752265,
          41.26405298623762
        ]
      },
      "properties": {
        "date": "2025-04-06"
      }
    },
    {
      "type": "Feature",
      "geometry": {
        "type": "Point",
        "coordinates": [
          1.9869943212836834,
          41.264054036618916
        ]
      },
      "properties": {
        "date": "2025-04-06"
      }
    },
    {
      "type": "Feature",
      "geometry": {
        "type": "Point",
        "coordinates": [
          1.987113684198459,
          41.264055086876475
        ]
      },
      "properties": {
        "date": "2025-04-06"
      }
    },
    {
      "type": "Feature",
      "geometry": {
        "type": "Point",
        "coordinates": [
          1.992843111524243,
          41.26410535373845
        ]
      },
      "properties": {
        "date": "2025-04-06"
      }
    },
    {
      "type": "Feature",
      "geometry": {
        "type": "Point",
        "coordinates": [
          1.99332056445591,
          41.26410952977615
        ]
      },
      "properties": {
        "date": "2025-04-06"
      }
    },
    {
      "type": "Feature",
      "geometry": {
        "type": "Point",
        "coordinates": [
          1.9934399277045274,
          41.26411057347626
        ]
      },
      "properties": {
        "date": "2025-04-06"
      }
    },
    {
      "type": "Feature",
      "geometry": {
        "type": "Point",
        "coordinates": [
          1.9940367440417819,
          41.26411579012091
        ]
      },
      "properties": {
        "date": "2025-04-06"
      }
    },
    {
      "type": "Feature",
      "geometry": {
        "type": "Point",
        "coordinates": [
          1.9948722871774716,
          41.26412308822691
        ]
      },
      "properties": {
        "date": "2025-04-06"
      }
    },
    {
      "type": "Feature",
      "geometry": {
        "type": "Point",
        "coordinates": [
          1.9949916505076555,
          41.26412413031858
        ]
      },
      "properties": {
        "date": "2025-04-06"
      }
    },
    {
      "type": "Feature",
      "geometry": {
        "type": "Point",
        "coordinates": [
          1.9951110138441084,
          41.26412517228652
        ]
      },
      "properties": {
        "date": "2025-04-06"
      }
    },
    {
      "type": "Feature",
      "geometry": {
        "type": "Point",
        "coordinates": [
          1.9952303771868305,
          41.26412621413074
        ]
      },
      "properties": {
        "date": "2025-04-06"
      }
    },
    {
      "type": "Feature",
      "geometry": {
        "type": "Point",
        "coordinates": [
          1.99534974053582,
          41.264127255851236
        ]
      },
      "properties": {
        "date": "2025-04-06"
      }
    },
    {
      "type": "Feature",
      "geometry": {
        "type": "Point",
        "coordinates": [
          1.995469103891076,
          41.26412829744799
        ]
      },
      "properties": {
        "date": "2025-04-06"
      }
    },
    {
      "type": "Feature",
      "geometry": {
        "type": "Point",
        "coordinates": [
          1.9955884672525983,
          41.26412933892103
        ]
      },
      "properties": {
        "date": "2025-04-06"
      }
    },
    {
      "type": "Feature",
      "geometry": {
        "type": "Point",
        "coordinates": [
          1.9957078306203855,
          41.26413038027034
        ]
      },
      "properties": {
        "date": "2025-04-06"
      }
    },
    {
      "type": "Feature",
      "geometry": {
        "type": "Point",
        "coordinates": [
          1.995827193994438,
          41.26413142149593
        ]
      },
      "properties": {
        "date": "2025-04-06"
      }
    },
    {
      "type": "Feature",
      "geometry": {
        "type": "Point",
        "coordinates": [
          1.9959465573747548,
          41.26413246259777
        ]
      },
      "properties": {
        "date": "2025-04-06"
      }
    },
    {
      "type": "Feature",
      "geometry": {
        "type": "Point",
        "coordinates": [
          1.9960659207613338,
          41.26413350357591
        ]
      },
      "properties": {
        "date": "2025-04-06"
      }
    },
    {
      "type": "Feature",
      "geometry": {
        "type": "Point",
        "coordinates": [
          1.9961852841541756,
          41.26413454443032
        ]
      },
      "properties": {
        "date": "2025-04-06"
      }
    },
    {
      "type": "Feature",
      "geometry": {
        "type": "Point",
        "coordinates": [
          1.9963046475532795,
          41.264135585160986
        ]
      },
      "properties": {
        "date": "2025-04-06"
      }
    },
    {
      "type": "Feature",
      "geometry": {
        "type": "Point",
        "coordinates": [
          1.9964240109586442,
          41.264136625767954
        ]
      },
      "properties": {
        "date": "2025-04-06"
      }
    },
    {
      "type": "Feature",
      "geometry": {
        "type": "Point",
        "coordinates": [
          1.996543374370269,
          41.26413766625118
        ]
      },
      "properties": {
        "date": "2025-04-06"
      }
    },
    {
      "type": "Feature",
      "geometry": {
        "type": "Point",
        "coordinates": [
          1.9966627377881536,
          41.264138706610666
        ]
      },
      "properties": {
        "date": "2025-04-06"
      }
    },
    {
      "type": "Feature",
      "geometry": {
        "type": "Point",
        "coordinates": [
          1.996782101212296,
          41.26413974684644
        ]
      },
      "properties": {
        "date": "2025-04-06"
      }
    },
    {
      "type": "Feature",
      "geometry": {
        "type": "Point",
        "coordinates": [
          1.9969014646426972,
          41.26414078695848
        ]
      },
      "properties": {
        "date": "2025-04-06"
      }
    },
    {
      "type": "Feature",
      "geometry": {
        "type": "Point",
        "coordinates": [
          1.9970208280793553,
          41.2641418269468
        ]
      },
      "properties": {
        "date": "2025-04-06"
      }
    },
    {
      "type": "Feature",
      "geometry": {
        "type": "Point",
        "coordinates": [
          1.9971401915222706,
          41.26414286681139
        ]
      },
      "properties": {
        "date": "2025-04-06"
      }
    },
    {
      "type": "Feature",
      "geometry": {
        "type": "Point",
        "coordinates": [
          1.9972595549714407,
          41.264143906552256
        ]
      },
      "properties": {
        "date": "2025-04-06"
      }
    },
    {
      "type": "Feature",
      "geometry": {
        "type": "Point",
        "coordinates": [
          1.9973789184268662,
          41.264144946169395
        ]
      },
      "properties": {
        "date": "2025-04-06"
      }
    },
    {
      "type": "Feature",
      "geometry": {
        "type": "Point",
        "coordinates": [
          1.9974982818885458,
          41.26414598566281
        ]
      },
      "properties": {
        "date": "2025-04-06"
      }
    },
    {
      "type": "Feature",
      "geometry": {
        "type": "Point",
        "coordinates": [
          1.9976176453564791,
          41.26414702503249
        ]
      },
      "properties": {
        "date": "2025-04-06"
      }
    },
    {
      "type": "Feature",
      "geometry": {
        "type": "Point",
        "coordinates": [
          1.9977370088306647,
          41.26414806427846
        ]
      },
      "properties": {
        "date": "2025-04-06"
      }
    },
    {
      "type": "Feature",
      "geometry": {
        "type": "Point",
        "coordinates": [
          1.9978563723111034,
          41.26414910340069
        ]
      },
      "properties": {
        "date": "2025-04-06"
      }
    },
    {
      "type": "Feature",
      "geometry": {
        "type": "Point",
        "coordinates": [
          1.9979757357977925,
          41.26415014239919
        ]
      },
      "properties": {
        "date": "2025-04-06"
      }
    },
    {
      "type": "Feature",
      "geometry": {
        "type": "Point",
        "coordinates": [
          1.9980950992907323,
          41.26415118127397
        ]
      },
      "properties": {
        "date": "2025-04-06"
      }
    },
    {
      "type": "Feature",
      "geometry": {
        "type": "Point",
        "coordinates": [
          1.998214462789922,
          41.26415222002502
        ]
      },
      "properties": {
        "date": "2025-04-06"
      }
    },
    {
      "type": "Feature",
      "geometry": {
        "type": "Point",
        "coordinates": [
          1.947367633842234,
          41.26360844893011
        ]
      },
      "properties": {
        "date": "2025-04-06"
      }
    },
    {
      "type": "Feature",
      "geometry": {
        "type": "Point",
        "coordinates": [
          1.9476063550729086,
          41.26361063146597
        ]
      },
      "properties": {
        "date": "2025-04-06"
      }
    },
    {
      "type": "Feature",
      "geometry": {
        "type": "Point",
        "coordinates": [
          1.9477257156980925,
          41.26361172254833
        ]
      },
      "properties": {
        "date": "2025-04-06"
      }
    },
    {
      "type": "Feature",
      "geometry": {
        "type": "Point",
        "coordinates": [
          1.947845076329841,
          41.26361281350697
        ]
      },
      "properties": {
        "date": "2025-04-06"
      }
    },
    {
      "type": "Feature",
      "geometry": {
        "type": "Point",
        "coordinates": [
          1.9479644369681517,
          41.26361390434189
        ]
      },
      "properties": {
        "date": "2025-04-06"
      }
    },
    {
      "type": "Feature",
      "geometry": {
        "type": "Point",
        "coordinates": [
          1.9480837976130252,
          41.263614995053096
        ]
      },
      "properties": {
        "date": "2025-04-06"
      }
    },
    {
      "type": "Feature",
      "geometry": {
        "type": "Point",
        "coordinates": [
          1.9482031582644597,
          41.26361608564057
        ]
      },
      "properties": {
        "date": "2025-04-06"
      }
    },
    {
      "type": "Feature",
      "geometry": {
        "type": "Point",
        "coordinates": [
          1.9483225189224553,
          41.26361717610434
        ]
      },
      "properties": {
        "date": "2025-04-06"
      }
    },
    {
      "type": "Feature",
      "geometry": {
        "type": "Point",
        "coordinates": [
          1.9484418795870109,
          41.2636182664444
        ]
      },
      "properties": {
        "date": "2025-04-06"
      }
    },
    {
      "type": "Feature",
      "geometry": {
        "type": "Point",
        "coordinates": [
          1.9485612402581256,
          41.263619356660726
        ]
      },
      "properties": {
        "date": "2025-04-06"
      }
    },
    {
      "type": "Feature",
      "geometry": {
        "type": "Point",
        "coordinates": [
          1.9486806009357989,
          41.26362044675333
        ]
      },
      "properties": {
        "date": "2025-04-06"
      }
    },
    {
      "type": "Feature",
      "geometry": {
        "type": "Point",
        "coordinates": [
          1.9487999616200298,
          41.26362153672222
        ]
      },
      "properties": {
        "date": "2025-04-06"
      }
    },
    {
      "type": "Feature",
      "geometry": {
        "type": "Point",
        "coordinates": [
          1.9489193223108172,
          41.2636226265674
        ]
      },
      "properties": {
        "date": "2025-04-06"
      }
    },
    {
      "type": "Feature",
      "geometry": {
        "type": "Point",
        "coordinates": [
          1.9773273515137768,
          41.263878490995815
        ]
      },
      "properties": {
        "date": "2025-04-06"
      }
    },
    {
      "type": "Feature",
      "geometry": {
        "type": "Point",
        "coordinates": [
          1.9774467137503555,
          41.26387955127171
        ]
      },
      "properties": {
        "date": "2025-04-06"
      }
    },
    {
      "type": "Feature",
      "geometry": {
        "type": "Point",
        "coordinates": [
          1.9775660759933131,
          41.26388061142387
        ]
      },
      "properties": {
        "date": "2025-04-06"
      }
    },
    {
      "type": "Feature",
      "geometry": {
        "type": "Point",
        "coordinates": [
          1.9813856711313271,
          41.26391447096729
        ]
      },
      "properties": {
        "date": "2025-04-06"
      }
    },
    {
      "type": "Feature",
      "geometry": {
        "type": "Point",
        "coordinates": [
          1.9815050335843563,
          41.26391552703658
        ]
      },
      "properties": {
        "date": "2025-04-06"
      }
    },
    {
      "type": "Feature",
      "geometry": {
        "type": "Point",
        "coordinates": [
          1.9816243960437394,
          41.26391658298215
        ]
      },
      "properties": {
        "date": "2025-04-06"
      }
    },
    {
      "type": "Feature",
      "geometry": {
        "type": "Point",
        "coordinates": [
          1.9817437585094748,
          41.26391763880399
        ]
      },
      "properties": {
        "date": "2025-04-06"
      }
    },
    {
      "type": "Feature",
      "geometry": {
        "type": "Point",
        "coordinates": [
          1.9818631209815616,
          41.26391869450211
        ]
      },
      "properties": {
        "date": "2025-04-06"
      }
    },
    {
      "type": "Feature",
      "geometry": {
        "type": "Point",
        "coordinates": [
          1.9819824834599988,
          41.26391975007651
        ]
      },
      "properties": {
        "date": "2025-04-06"
      }
    },
    {
      "type": "Feature",
      "geometry": {
        "type": "Point",
        "coordinates": [
          1.982101845944787,
          41.26392080552718
        ]
      },
      "properties": {
        "date": "2025-04-06"
      }
    },
    {
      "type": "Feature",
      "geometry": {
        "type": "Point",
        "coordinates": [
          1.9822212084359245,
          41.26392186085413
        ]
      },
      "properties": {
        "date": "2025-04-06"
      }
    },
    {
      "type": "Feature",
      "geometry": {
        "type": "Point",
        "coordinates": [
          1.9823405709334105,
          41.26392291605735
        ]
      },
      "properties": {
        "date": "2025-04-06"
      }
    },
    {
      "type": "Feature",
      "geometry": {
        "type": "Point",
        "coordinates": [
          1.9824599334372446,
          41.26392397113686
        ]
      },
      "properties": {
        "date": "2025-04-06"
      }
    },
    {
      "type": "Feature",
      "geometry": {
        "type": "Point",
        "coordinates": [
          1.982579295947426,
          41.26392502609264
        ]
      },
      "properties": {
        "date": "2025-04-06"
      }
    },
    {
      "type": "Feature",
      "geometry": {
        "type": "Point",
        "coordinates": [
          1.9826986584639537,
          41.26392608092469
        ]
      },
      "properties": {
        "date": "2025-04-06"
      }
    },
    {
      "type": "Feature",
      "geometry": {
        "type": "Point",
        "coordinates": [
          1.9828180209868274,
          41.26392713563302
        ]
      },
      "properties": {
        "date": "2025-04-06"
      }
    },
    {
      "type": "Feature",
      "geometry": {
        "type": "Point",
        "coordinates": [
          1.9829373835160455,
          41.26392819021763
        ]
      },
      "properties": {
        "date": "2025-04-06"
      }
    },
    {
      "type": "Feature",
      "geometry": {
        "type": "Point",
        "coordinates": [
          1.9830567460516089,
          41.263929244678515
        ]
      },
      "properties": {
        "date": "2025-04-06"
      }
    },
    {
      "type": "Feature",
      "geometry": {
        "type": "Point",
        "coordinates": [
          1.9831761085935151,
          41.26393029901566
        ]
      },
      "properties": {
        "date": "2025-04-06"
      }
    },
    {
      "type": "Feature",
      "geometry": {
        "type": "Point",
        "coordinates": [
          1.983295471141764,
          41.2639313532291
        ]
      },
      "properties": {
        "date": "2025-04-06"
      }
    },
    {
      "type": "Feature",
      "geometry": {
        "type": "Point",
        "coordinates": [
          1.983414833696355,
          41.263932407318805
        ]
      },
      "properties": {
        "date": "2025-04-06"
      }
    },
    {
      "type": "Feature",
      "geometry": {
        "type": "Point",
        "coordinates": [
          1.9835341962572872,
          41.26393346128479
        ]
      },
      "properties": {
        "date": "2025-04-06"
      }
    },
    {
      "type": "Feature",
      "geometry": {
        "type": "Point",
        "coordinates": [
          1.98365355882456,
          41.263934515127055
        ]
      },
      "properties": {
        "date": "2025-04-06"
      }
    },
    {
      "type": "Feature",
      "geometry": {
        "type": "Point",
        "coordinates": [
          1.983772921398173,
          41.26393556884559
        ]
      },
      "properties": {
        "date": "2025-04-06"
      }
    },
    {
      "type": "Feature",
      "geometry": {
        "type": "Point",
        "coordinates": [
          1.9838922839781246,
          41.263936622440404
        ]
      },
      "properties": {
        "date": "2025-04-06"
      }
    },
    {
      "type": "Feature",
      "geometry": {
        "type": "Point",
        "coordinates": [
          1.9841310091570423,
          41.26393872925886
        ]
      },
      "properties": {
        "date": "2025-04-06"
      }
    },
    {
      "type": "Feature",
      "geometry": {
        "type": "Point",
        "coordinates": [
          1.9842503717560067,
          41.2639397824825
        ]
      },
      "properties": {
        "date": "2025-04-06"
      }
    },
    {
      "type": "Feature",
      "geometry": {
        "type": "Point",
        "coordinates": [
          1.984369734361307,
          41.26394083558242
        ]
      },
      "properties": {
        "date": "2025-04-06"
      }
    },
    {
      "type": "Feature",
      "geometry": {
        "type": "Point",
        "coordinates": [
          1.9844890969729427,
          41.263941888558605
        ]
      },
      "properties": {
        "date": "2025-04-06"
      }
    },
    {
      "type": "Feature",
      "geometry": {
        "type": "Point",
        "coordinates": [
          1.9846084595909128,
          41.26394294141108
        ]
      },
      "properties": {
        "date": "2025-04-06"
      }
    },
    {
      "type": "Feature",
      "geometry": {
        "type": "Point",
        "coordinates": [
          1.9847278222152172,
          41.26394399413983
        ]
      },
      "properties": {
        "date": "2025-04-06"
      }
    },
    {
      "type": "Feature",
      "geometry": {
        "type": "Point",
        "coordinates": [
          1.9848471848458544,
          41.263945046744844
        ]
      },
      "properties": {
        "date": "2025-04-06"
      }
    },
    {
      "type": "Feature",
      "geometry": {
        "type": "Point",
        "coordinates": [
          1.9849665474828242,
          41.26394609922613
        ]
      },
      "properties": {
        "date": "2025-04-06"
      }
    },
    {
      "type": "Feature",
      "geometry": {
        "type": "Point",
        "coordinates": [
          1.9850859101261251,
          41.26394715158371
        ]
      },
      "properties": {
        "date": "2025-04-06"
      }
    },
    {
      "type": "Feature",
      "geometry": {
        "type": "Point",
        "coordinates": [
          1.9852052727757572,
          41.26394820381755
        ]
      },
      "properties": {
        "date": "2025-04-06"
      }
    },
    {
      "type": "Feature",
      "geometry": {
        "type": "Point",
        "coordinates": [
          1.9853246354317196,
          41.26394925592767
        ]
      },
      "properties": {
        "date": "2025-04-06"
      }
    },
    {
      "type": "Feature",
      "geometry": {
        "type": "Point",
        "coordinates": [
          1.9854439980940108,
          41.26395030791408
        ]
      },
      "properties": {
        "date": "2025-04-06"
      }
    },
    {
      "type": "Feature",
      "geometry": {
        "type": "Point",
        "coordinates": [
          1.9871150760302596,
          41.26396502273258
        ]
      },
      "properties": {
        "date": "2025-04-06"
      }
    },
    {
      "type": "Feature",
      "geometry": {
        "type": "Point",
        "coordinates": [
          1.9872344387874026,
          41.263966072863106
        ]
      },
      "properties": {
        "date": "2025-04-06"
      }
    },
    {
      "type": "Feature",
      "geometry": {
        "type": "Point",
        "coordinates": [
          1.987353801550863,
          41.2639671228699
        ]
      },
      "properties": {
        "date": "2025-04-06"
      }
    },
    {
      "type": "Feature",
      "geometry": {
        "type": "Point",
        "coordinates": [
          1.98747316432064,
          41.26396817275298
        ]
      },
      "properties": {
        "date": "2025-04-06"
      }
    },
    {
      "type": "Feature",
      "geometry": {
        "type": "Point",
        "coordinates": [
          1.9875925270967327,
          41.263969222512344
        ]
      },
      "properties": {
        "date": "2025-04-06"
      }
    },
    {
      "type": "Feature",
      "geometry": {
        "type": "Point",
        "coordinates": [
          1.9877118898791415,
          41.26397027214797
        ]
      },
      "properties": {
        "date": "2025-04-06"
      }
    },
    {
      "type": "Feature",
      "geometry": {
        "type": "Point",
        "coordinates": [
          1.987831252667864,
          41.263971321659874
        ]
      },
      "properties": {
        "date": "2025-04-06"
      }
    },
    {
      "type": "Feature",
      "geometry": {
        "type": "Point",
        "coordinates": [
          1.9879506154629003,
          41.26397237104806
        ]
      },
      "properties": {
        "date": "2025-04-06"
      }
    },
    {
      "type": "Feature",
      "geometry": {
        "type": "Point",
        "coordinates": [
          1.9884280667061691,
          41.263976567363535
        ]
      },
      "properties": {
        "date": "2025-04-06"
      }
    },
    {
      "type": "Feature",
      "geometry": {
        "type": "Point",
        "coordinates": [
          1.9885474295327632,
          41.2639776161331
        ]
      },
      "properties": {
        "date": "2025-04-06"
      }
    },
    {
      "type": "Feature",
      "geometry": {
        "type": "Point",
        "coordinates": [
          1.9886667923656662,
          41.26397866477892
        ]
      },
      "properties": {
        "date": "2025-04-06"
      }
    },
    {
      "type": "Feature",
      "geometry": {
        "type": "Point",
        "coordinates": [
          1.9887861552048782,
          41.26397971330103
        ]
      },
      "properties": {
        "date": "2025-04-06"
      }
    },
    {
      "type": "Feature",
      "geometry": {
        "type": "Point",
        "coordinates": [
          1.9889055180503983,
          41.263980761699415
        ]
      },
      "properties": {
        "date": "2025-04-06"
      }
    },
    {
      "type": "Feature",
      "geometry": {
        "type": "Point",
        "coordinates": [
          1.9890248809022248,
          41.26398180997407
        ]
      },
      "properties": {
        "date": "2025-04-06"
      }
    },
    {
      "type": "Feature",
      "geometry": {
        "type": "Point",
        "coordinates": [
          1.9891442437603575,
          41.263982858125
        ]
      },
      "properties": {
        "date": "2025-04-06"
      }
    },
    {
      "type": "Feature",
      "geometry": {
        "type": "Point",
        "coordinates": [
          1.9892636066247966,
          41.26398390615221
        ]
      },
      "properties": {
        "date": "2025-04-06"
      }
    },
    {
      "type": "Feature",
      "geometry": {
        "type": "Point",
        "coordinates": [
          1.9893829694955398,
          41.26398495405569
        ]
      },
      "properties": {
        "date": "2025-04-06"
      }
    },
    {
      "type": "Feature",
      "geometry": {
        "type": "Point",
        "coordinates": [
          1.9895023323725871,
          41.26398600183545
        ]
      },
      "properties": {
        "date": "2025-04-06"
      }
    },
    {
      "type": "Feature",
      "geometry": {
        "type": "Point",
        "coordinates": [
          1.9896216952559378,
          41.263987049491476
        ]
      },
      "properties": {
        "date": "2025-04-06"
      }
    },
    {
      "type": "Feature",
      "geometry": {
        "type": "Point",
        "coordinates": [
          1.9897410581455914,
          41.263988097023784
        ]
      },
      "properties": {
        "date": "2025-04-06"
      }
    },
    {
      "type": "Feature",
      "geometry": {
        "type": "Point",
        "coordinates": [
          1.9898604210415465,
          41.26398914443237
        ]
      },
      "properties": {
        "date": "2025-04-06"
      }
    },
    {
      "type": "Feature",
      "geometry": {
        "type": "Point",
        "coordinates": [
          1.9899797839438031,
          41.263990191717234
        ]
      },
      "properties": {
        "date": "2025-04-06"
      }
    },
    {
      "type": "Feature",
      "geometry": {
        "type": "Point",
        "coordinates": [
          1.9900991468523597,
          41.26399123887836
        ]
      },
      "properties": {
        "date": "2025-04-06"
      }
    },
    {
      "type": "Feature",
      "geometry": {
        "type": "Point",
        "coordinates": [
          1.9902185097672163,
          41.26399228591576
        ]
      },
      "properties": {
        "date": "2025-04-06"
      }
    },
    {
      "type": "Feature",
      "geometry": {
        "type": "Point",
        "coordinates": [
          1.9903378726883711,
          41.26399333282945
        ]
      },
      "properties": {
        "date": "2025-04-06"
      }
    },
    {
      "type": "Feature",
      "geometry": {
        "type": "Point",
        "coordinates": [
          1.9904572356158245,
          41.263994379619405
        ]
      },
      "properties": {
        "date": "2025-04-06"
      }
    },
    {
      "type": "Feature",
      "geometry": {
        "type": "Point",
        "coordinates": [
          1.9905765985495751,
          41.26399542628564
        ]
      },
      "properties": {
        "date": "2025-04-06"
      }
    },
    {
      "type": "Feature",
      "geometry": {
        "type": "Point",
        "coordinates": [
          1.9906959614896227,
          41.26399647282814
        ]
      },
      "properties": {
        "date": "2025-04-06"
      }
    },
    {
      "type": "Feature",
      "geometry": {
        "type": "Point",
        "coordinates": [
          1.9908153244359663,
          41.26399751924692
        ]
      },
      "properties": {
        "date": "2025-04-06"
      }
    },
    {
      "type": "Feature",
      "geometry": {
        "type": "Point",
        "coordinates": [
          1.990934687388604,
          41.263998565541975
        ]
      },
      "properties": {
        "date": "2025-04-06"
      }
    },
    {
      "type": "Feature",
      "geometry": {
        "type": "Point",
        "coordinates": [
          1.991054050347537,
          41.2639996117133
        ]
      },
      "properties": {
        "date": "2025-04-06"
      }
    },
    {
      "type": "Feature",
      "geometry": {
        "type": "Point",
        "coordinates": [
          1.9911734133127634,
          41.26400065776092
        ]
      },
      "properties": {
        "date": "2025-04-06"
      }
    },
    {
      "type": "Feature",
      "geometry": {
        "type": "Point",
        "coordinates": [
          1.9912927762842827,
          41.2640017036848
        ]
      },
      "properties": {
        "date": "2025-04-06"
      }
    },
    {
      "type": "Feature",
      "geometry": {
        "type": "Point",
        "coordinates": [
          1.9914121392620943,
          41.264002749484945
        ]
      },
      "properties": {
        "date": "2025-04-06"
      }
    },
    {
      "type": "Feature",
      "geometry": {
        "type": "Point",
        "coordinates": [
          1.9915315022461972,
          41.26400379516137
        ]
      },
      "properties": {
        "date": "2025-04-06"
      }
    },
    {
      "type": "Feature",
      "geometry": {
        "type": "Point",
        "coordinates": [
          1.991650865236591,
          41.26400484071408
        ]
      },
      "properties": {
        "date": "2025-04-06"
      }
    },
    {
      "type": "Feature",
      "geometry": {
        "type": "Point",
        "coordinates": [
          1.9917702282332748,
          41.264005886143046
        ]
      },
      "properties": {
        "date": "2025-04-06"
      }
    },
    {
      "type": "Feature",
      "geometry": {
        "type": "Point",
        "coordinates": [
          1.9918895912362475,
          41.26400693144831
        ]
      },
      "properties": {
        "date": "2025-04-06"
      }
    },
    {
      "type": "Feature",
      "geometry": {
        "type": "Point",
        "coordinates": [
          1.9920089542455084,
          41.264007976629834
        ]
      },
      "properties": {
        "date": "2025-04-06"
      }
    },
    {
      "type": "Feature",
      "geometry": {
        "type": "Point",
        "coordinates": [
          1.9921283172610573,
          41.26400902168764
        ]
      },
      "properties": {
        "date": "2025-04-06"
      }
    },
    {
      "type": "Feature",
      "geometry": {
        "type": "Point",
        "coordinates": [
          1.9922476802828932,
          41.264010066621715
        ]
      },
      "properties": {
        "date": "2025-04-06"
      }
    },
    {
      "type": "Feature",
      "geometry": {
        "type": "Point",
        "coordinates": [
          1.9923670433110152,
          41.26401111143207
        ]
      },
      "properties": {
        "date": "2025-04-06"
      }
    },
    {
      "type": "Feature",
      "geometry": {
        "type": "Point",
        "coordinates": [
          1.9924864063454226,
          41.264012156118696
        ]
      },
      "properties": {
        "date": "2025-04-06"
      }
    },
    {
      "type": "Feature",
      "geometry": {
        "type": "Point",
        "coordinates": [
          1.9926057693861152,
          41.264013200681596
        ]
      },
      "properties": {
        "date": "2025-04-06"
      }
    },
    {
      "type": "Feature",
      "geometry": {
        "type": "Point",
        "coordinates": [
          1.9927251324330915,
          41.26401424512076
        ]
      },
      "properties": {
        "date": "2025-04-06"
      }
    },
    {
      "type": "Feature",
      "geometry": {
        "type": "Point",
        "coordinates": [
          1.992844495486351,
          41.26401528943621
        ]
      },
      "properties": {
        "date": "2025-04-06"
      }
    },
    {
      "type": "Feature",
      "geometry": {
        "type": "Point",
        "coordinates": [
          1.9929638585458933,
          41.264016333627936
        ]
      },
      "properties": {
        "date": "2025-04-06"
      }
    },
    {
      "type": "Feature",
      "geometry": {
        "type": "Point",
        "coordinates": [
          1.9930832216117171,
          41.264017377695936
        ]
      },
      "properties": {
        "date": "2025-04-06"
      }
    },
    {
      "type": "Feature",
      "geometry": {
        "type": "Point",
        "coordinates": [
          1.9932025846838217,
          41.26401842164021
        ]
      },
      "properties": {
        "date": "2025-04-06"
      }
    },
    {
      "type": "Feature",
      "geometry": {
        "type": "Point",
        "coordinates": [
          1.9933219477622066,
          41.26401946546075
        ]
      },
      "properties": {
        "date": "2025-04-06"
      }
    },
    {
      "type": "Feature",
      "geometry": {
        "type": "Point",
        "coordinates": [
          1.9934413108468718,
          41.264020509157575
        ]
      },
      "properties": {
        "date": "2025-04-06"
      }
    },
    {
      "type": "Feature",
      "geometry": {
        "type": "Point",
        "coordinates": [
          1.9935606739378149,
          41.264021552730675
        ]
      },
      "properties": {
        "date": "2025-04-06"
      }
    },
    {
      "type": "Feature",
      "geometry": {
        "type": "Point",
        "coordinates": [
          1.9936800370350363,
          41.264022596180034
        ]
      },
      "properties": {
        "date": "2025-04-06"
      }
    },
    {
      "type": "Feature",
      "geometry": {
        "type": "Point",
        "coordinates": [
          1.9937994001385348,
          41.26402363950568
        ]
      },
      "properties": {
        "date": "2025-04-06"
      }
    },
    {
      "type": "Feature",
      "geometry": {
        "type": "Point",
        "coordinates": [
          1.9939187632483104,
          41.2640246827076
        ]
      },
      "properties": {
        "date": "2025-04-06"
      }
    },
    {
      "type": "Feature",
      "geometry": {
        "type": "Point",
        "coordinates": [
          1.9940381263643616,
          41.26402572578578
        ]
      },
      "properties": {
        "date": "2025-04-06"
      }
    },
    {
      "type": "Feature",
      "geometry": {
        "type": "Point",
        "coordinates": [
          1.9941574894866876,
          41.26402676874026
        ]
      },
      "properties": {
        "date": "2025-04-06"
      }
    },
    {
      "type": "Feature",
      "geometry": {
        "type": "Point",
        "coordinates": [
          1.994276852615288,
          41.264027811571
        ]
      },
      "properties": {
        "date": "2025-04-06"
      }
    },
    {
      "type": "Feature",
      "geometry": {
        "type": "Point",
        "coordinates": [
          1.994396215750162,
          41.26402885427802
        ]
      },
      "properties": {
        "date": "2025-04-06"
      }
    },
    {
      "type": "Feature",
      "geometry": {
        "type": "Point",
        "coordinates": [
          1.994515578891309,
          41.2640298968613
        ]
      },
      "properties": {
        "date": "2025-04-06"
      }
    },
    {
      "type": "Feature",
      "geometry": {
        "type": "Point",
        "coordinates": [
          1.9946349420387275,
          41.26403093932086
        ]
      },
      "properties": {
        "date": "2025-04-06"
      }
    },
    {
      "type": "Feature",
      "geometry": {
        "type": "Point",
        "coordinates": [
          1.9947543051924181,
          41.2640319816567
        ]
      },
      "properties": {
        "date": "2025-04-06"
      }
    },
    {
      "type": "Feature",
      "geometry": {
        "type": "Point",
        "coordinates": [
          1.994873668352379,
          41.26403302386881
        ]
      },
      "properties": {
        "date": "2025-04-06"
      }
    },
    {
      "type": "Feature",
      "geometry": {
        "type": "Point",
        "coordinates": [
          1.946414196912868,
          41.263509650843176
        ]
      },
      "properties": {
        "date": "2025-04-06"
      }
    },
    {
      "type": "Feature",
      "geometry": {
        "type": "Point",
        "coordinates": [
          1.9465335573084352,
          41.26351074315927
        ]
      },
      "properties": {
        "date": "2025-04-06"
      }
    },
    {
      "type": "Feature",
      "geometry": {
        "type": "Point",
        "coordinates": [
          1.946652917710574,
          41.263511835351665
        ]
      },
      "properties": {
        "date": "2025-04-06"
      }
    },
    {
      "type": "Feature",
      "geometry": {
        "type": "Point",
        "coordinates": [
          1.9467722781192829,
          41.26351292742033
        ]
      },
      "properties": {
        "date": "2025-04-06"
      }
    },
    {
      "type": "Feature",
      "geometry": {
        "type": "Point",
        "coordinates": [
          1.9468916385345614,
          41.26351401936527
        ]
      },
      "properties": {
        "date": "2025-04-06"
      }
    },
    {
      "type": "Feature",
      "geometry": {
        "type": "Point",
        "coordinates": [
          1.9470109989564084,
          41.26351511118649
        ]
      },
      "properties": {
        "date": "2025-04-06"
      }
    },
    {
      "type": "Feature",
      "geometry": {
        "type": "Point",
        "coordinates": [
          1.947130359384824,
          41.263516202884006
        ]
      },
      "properties": {
        "date": "2025-04-06"
      }
    },
    {
      "type": "Feature",
      "geometry": {
        "type": "Point",
        "coordinates": [
          1.9472497198198067,
          41.263517294457806
        ]
      },
      "properties": {
        "date": "2025-04-06"
      }
    },
    {
      "type": "Feature",
      "geometry": {
        "type": "Point",
        "coordinates": [
          1.9473690802613564,
          41.26351838590789
        ]
      },
      "properties": {
        "date": "2025-04-06"
      }
    },
    {
      "type": "Feature",
      "geometry": {
        "type": "Point",
        "coordinates": [
          1.9474884407094717,
          41.26351947723423
        ]
      },
      "properties": {
        "date": "2025-04-06"
      }
    },
    {
      "type": "Feature",
      "geometry": {
        "type": "Point",
        "coordinates": [
          1.9476078011641522,
          41.26352056843688
        ]
      },
      "properties": {
        "date": "2025-04-06"
      }
    },
    {
      "type": "Feature",
      "geometry": {
        "type": "Point",
        "coordinates": [
          1.9838936802302565,
          41.2638465583845
        ]
      },
      "properties": {
        "date": "2025-04-06"
      }
    },
    {
      "type": "Feature",
      "geometry": {
        "type": "Point",
        "coordinates": [
          1.9840130426525968,
          41.26384761185227
        ]
      },
      "properties": {
        "date": "2025-04-06"
      }
    },
    {
      "type": "Feature",
      "geometry": {
        "type": "Point",
        "coordinates": [
          1.9841324050812745,
          41.26384866519631
        ]
      },
      "properties": {
        "date": "2025-04-06"
      }
    },
    {
      "type": "Feature",
      "geometry": {
        "type": "Point",
        "coordinates": [
          1.9879520061407296,
          41.26388230687955
        ]
      },
      "properties": {
        "date": "2025-04-06"
      }
    },
    {
      "type": "Feature",
      "geometry": {
        "type": "Point",
        "coordinates": [
          1.9880713687781288,
          41.2638833561407
        ]
      },
      "properties": {
        "date": "2025-04-06"
      }
    },
    {
      "type": "Feature",
      "geometry": {
        "type": "Point",
        "coordinates": [
          1.9881907314218394,
          41.263884405278134
        ]
      },
      "properties": {
        "date": "2025-04-06"
      }
    },
    {
      "type": "Feature",
      "geometry": {
        "type": "Point",
        "coordinates": [
          1.988310094071862,
          41.26388545429183
        ]
      },
      "properties": {
        "date": "2025-04-06"
      }
    },
    {
      "type": "Feature",
      "geometry": {
        "type": "Point",
        "coordinates": [
          1.9884294567281955,
          41.26388650318181
        ]
      },
      "properties": {
        "date": "2025-04-06"
      }
    },
    {
      "type": "Feature",
      "geometry": {
        "type": "Polygon",
        "coordinates": [
          [
            [
              1.9462356856159317,
              41.264465013042155
            ],
            [
              1.9462356856159317,
              41.26341613943984
            ],
            [
              2.0028501773516894,
              41.26341613943984
            ],
            [
              2.0028501773516894,
              41.264465013042155
            ],
            [
              1.9462356856159317,
              41.264465013042155
            ]
          ]
        ]
      },
      "properties": {
        "name": "AOI"
      }
    }
  ]
}