411745.0,4568635.0,2025-01-09
411755.0,4568635.0,2025-01-09
411765.0,4568635.0,2025-01-09
411775.0,4568635.0,2025-01-09
411785.0,4568635.0,2025-01-09
411795.0,4568635.0,2025-01-09
411805.0,4568635.0,2025-01-09
411815.0,4568635.0,2025-01-09
411825.0,4568635.0,2025-01-09
411835.0,4568635.0,2025-01-09
411845.0,4568635.0,2025-01-09
411855.0,4568635.0,2025-01-09
411865.0,4568635.0,2025-01-09
411875.0,4568635.0,2025-01-09
411885.0,4568635.0,2025-01-09
411895.0,4568635.0,2025-01-09
411905.0,4568635.0,2025-01-09
411915.0,4568635.0,2025-01-09
411925.0,4568635.0,2025-01-09
411935.0,4568635.0,2025-01-09
411945.0,4568635.0,2025-01-09
411955.0,4568635.0,2025-01-09
411965.0,4568635.0,2025-01-09
411975.0,4568635.0,2025-01-09
411985.0,4568635.0,2025-01-09
411995.0,4568635.0,2025-01-09
412005.0,4568635.0,2025-01-09
412015.0,4568635.0,2025-01-09
412025.0,4568635.0,2025-01-09
412035.0,4568635.0,2025-01-09
412045.0,4568635.0,2025-01-09
412055.0,4568635.0,2025-01-09
412065.0,4568635.0,2025-01-09
412075.0,4568635.0,2025-01-09
412085.0,4568635.0,2025-01-09
412095.0,4568635.0,2025-01-09
412105.0,4568635.0,2025-01-09
412115.0,4568635.0,2025-01-09
412125.0,4568635.0,2025-01-09
412135.0,4568635.0,2025-01-09
412145.0,4568635.0,2025-01-09
412155.0,4568635.0,2025-01-09
412165.0,4568635.0,2025-01-09
412175.0,4568635.0,2025-01-09
412185.0,4568635.0,2025-01-09
412195.0,4568635.0,2025-01-09
412205.0,4568635.0,2025-01-09
412215.0,4568635.0,2025-01-09
412225.0,4568635.0,2025-01-09
412235.0,4568635.0,2025-01-09
412245.0,4568635.0,2025-01-09
411745.0,4568625.0,2025-01-09
411755.0,4568625.0,2025-01-09
411765.0,4568625.0,2025-01-09
411775.0,4568625.0,2025-01-09
411785.0,4568625.0,2025-01-09
411795.0,4568625.0,2025-01-09
411805.0,4568625.0,2025-01-09
411815.0,4568625.0,2025-01-09
411825.0,4568625.0,2025-01-09
411835.0,4568625.0,2025-01-09
411845.0,4568625.0,2025-01-09
411855.0,4568625.0,2025-01-09
411865.0,4568625.0,2025-01-09
411875.0,4568625.0,2025-01-09
411885.0,4568625.0,2025-01-09
411895.0,4568625.0,2025-01-09
411905.0,4568625.0,2025-01-09
411915.0,4568625.0,2025-01-09
411925.0,4568625.0,2025-01-09
411935.0,4568625.0,2025-01-09
411945.0,4568625.0,2025-01-09
411955.0,4568625.0,2025-01-09
411965.0,4568625.0,2025-01-09
411975.0,4568625.0,2025-01-09
411985.0,4568625.0,2025-01-09
411995.0,4568625.0,2025-01-09
412005.0,4568625.0,2025-01-09
412015.0,4568625.0,2025-01-09
412025.0,4568625.0,2025-01-09
412035.0,4568625.0,2025-01-09
412045.0,4568625.0,2025-01-09
412055.0,4568625.0,2025-01-09
412065.0,4568625.0,2025-01-09
412075.0,4568625.0,2025-01-09
412085.0,4568625.0,2025-01-09
412095.0,4568625.0,2025-01-09
412105.0,4568625.0,2025-01-09
412115.0,4568625.0,2025-01-09
412125.0,4568625.0,2025-01-09
412135.0,4568625.0,2025-01-09
412145.0,4568625.0,2025-01-09
412155.0,4568625.0,2025-01-09
412165.0,4568625.0,2025-01-09
412175.0,4568625.0,2025-01-09
412185.0,4568625.0,2025-01-09
412195.0,4568625.0,2025-01-09
412205.0,4568625.0,2025-01-09
412215.0,4568625.0,2025-01-09
412225.0,4568625.0,2025-01-09
412235.0,4568625.0,2025-01-09
412245.0,4568625.0,2025-01-09
412255.0,4568625.0,2025-01-09
412265.0,4568625.0,2025-01-09
412275.0,4568625.0,2025-01-09
412285.0,4568625.0,2025-01-09
412295.0,4568625.0,2025-01-09
412305.0,4568625.0,2025-01-09
412315.0,4568625.0,2025-01-09
412325.0,4568625.0,2025-01-09
412335.0,4568625.0,2025-01-09
412345.0,4568625.0,2025-01-09
412355.0,4568625.0,2025-01-09
412365.0,4568625.0,2025-01-09
412375.0,4568625.0,2025-01-09
412385.0,4568625.0,2025-01-09
412395.0,4568625.0,2025-01-09
412405.0,4568625.0,2025-01-09
412415.0,4568625.0,2025-01-09
412425.0,4568625.0,2025-01-09
412435.0,4568625.0,2025-01-09
412445.0,4568625.0,2025-01-09
412455.0,4568625.0,2025-01-09
412465.0,4568625.0,2025-01-09
412475.0,4568625.0,2025-01-09
412485.0,4568625.0,2025-01-09
412495.0,4568625.0,2025-01-09
412505.0,4568625.0,2025-01-09
412515.0,4568625.0,2025-01-09
412525.0,4568625.0,2025-01-09
412535.0,4568625.0,2025-01-09
412545.0,4568625.0,2025-01-09
412555.0,4568625.0,2025-01-09
412565.0,4568625.0,2025-01-09
412575.0,4568625.0,2025-01-09
412585.0,4568625.0,2025-01-09
412595.0,4568625.0,2025-01-09
412605.0,4568625.0,2025-01-09
412615.0,4568625.0,2025-01-09
412625.0,4568625.0,2025-01-09
412635.0,4568625.0,2025-01-09
412645.0,4568625.0,2025-01-09
412655.0,4568625.0,2025-01-09
412665.0,4568625.0,2025-01-09
412675.0,4568625.0,2025-01-09
412685.0,4568625.0,2025-01-09
412695.0,4568625.0,2025-01-09
412705.0,4568625.0,2025-01-09
412715.0,4568625.0,2025-01-09
412725.0,4568625.0,2025-01-09
412735.0,4568625.0,2025-01-09
412745.0,4568625.0,2025-01-09
412755.0,4568625.0,2025-01-09
412765.0,4568625.0,2025-01-09
412775.0,4568625.0,2025-01-09
412785.0,4568625.0,2025-01-09
412795.0,4568625.0,2025-01-09
412805.0,4568625.0,2025-01-09
412815.0,4568625.0,2025-01-09
412825.0,4568625.0,2025-01-09
412835.0,4568625.0,2025-01-09
412845.0,4568625.0,2025-01-09
412855.0,4568625.0,2025-01-09
412865.0,4568625.0,2025-01-09
412875.0,4568625.0,2025-01-09
412885.0,4568625.0,2025-01-09
412895.0,4568625.0,2025-01-09
412905.0,4568625.0,2025-01-09
412915.0,4568625.0,2025-01-09
412925.0,4568625.0,2025-01-09
412935.0,4568625.0,2025-01-09
412945.0,4568625.0,2025-01-09
412955.0,4568625.0,2025-01-09
412965.0,4568625.0,2025-01-09
412975.0,4568625.0,2025-01-09
412985.0,4568625.0,2025-01-09
412995.0,4568625.0,2025-01-09
413005.0,4568625.0,2025-01-09
413015.0,4568625.0,2025-01-09
413025.0,4568625.0,2025-01-09
413035.0,4568625.0,2025-01-09
413045.0,4568625.0,2025-01-09
413055.0,4568625.0,2025-01-09
413065.0,4568625.0,2025-01-09
413075.0,4568625.0,2025-01-09
413085.0,4568625.0,2025-01-09
413095.0,4568625.0,2025-01-09
411745.0,4568615.0,2025-01-09
411755.0,4568615.0,2025-01-09
411765.0,4568615.0,2025-01-09
411775.0,4568615.0,2025-01-09
411785.0,4568615.0,2025-01-09
411795.0,4568615.0,2025-01-09
411805.0,4568615.0,2025-01-09
411815.0,4568615.0,2025-01-09
411825.0,4568615.0,2025-01-09
411835.0,4568615.0,2025-01-09
411845.0,4568615.0,2025-01-09
411855.0,4568615.0,2025-01-09
411865.0,4568615.0,2025-01-09
411875.0,4568615.0,2025-01-09
411885.0,4568615.0,2025-01-09
411895.0,4568615.0,2025-01-09
411905.0,4568615.0,2025-01-09
411915.0,4568615.0,2025-01-09
411925.0,4568615.0,2025-01-09
411935.0,4568615.0,2025-01-09
411945.0,4568615.0,2025-01-09
411955.0,4568615.0,2025-01-09
411965.0,4568615.0,2025-01-09
411975.0,4568615.0,2025-01-09
411985.0,4568615.0,2025-01-09
411995.0,4568615.0,2025-01-09
412005.0,4568615.0,2025-01-09
412015.0,4568615.0,2025-01-09
412025.0,4568615.0,2025-01-09
412035.0,4568615.0,2025-01-09
412045.0,4568615.0,2025-01-09
412055.0,4568615.0,2025-01-09
412065.0,4568615.0,2025-01-09
412075.0,4568615.0,2025-01-09
412085.0,4568615.0,2025-01-09
412095.0,4568615.0,2025-01-09
412105.0,4568615.0,2025-01-09
412115.0,4568615.0,2025-01-09
412125.0,4568615.0,2025-01-09
412135.0,4568615.0,2025-01-09
412145.0,4568615.0,2025-01-09
412155.0,4568615.0,2025-01-09
412165.0,4568615.0,2025-01-09
412175.0,4568615.0,2025-01-09
412185.0,4568615.0,2025-01-09
412195.0,4568615.0,2025-01-09
412205.0,4568615.0,2025-01-09
412215.0,4568615.0,2025-01-09
412225.0,4568615.0,2025-01-09
412235.0,4568615.0,2025-01-09
412245.0,4568615.0,2025-01-09
412255.0,4568615.0,2025-01-09
412265.0,4568615.0,2025-01-09
412275.0,4568615.0,2025-01-09
412285.0,4568615.0,2025-01-09
412295.0,4568615.0,2025-01-09
412305.0,4568615.0,2025-01-09
412315.0,4568615.0,2025-01-09
412325.0,4568615.0,2025-01-09
412335.0,4568615.0,2025-01-09
412345.0,4568615.0,2025-01-09
412355.0,4568615.0,2025-01-09
412365.0,4568615.0,2025-01-09
412375.0,4568615.0,2025-01-09
412385.0,4568615.0,2025-01-09
412395.0,4568615.0,2025-01-09
412405.0,4568615.0,2025-01-09
412415.0,4568615.0,2025-01-09
412425.0,4568615.0,2025-01-09
412435.0,4568615.0,2025-01-09
412445.0,4568615.0,2025-01-09
412455.0,4568615.0,2025-01-09
412465.0,4568615.0,2025-01-09
412475.0,4568615.0,2025-01-09
412485.0,4568615.0,2025-01-09
412495.0,4568615.0,2025-01-09
412505.0,4568615.0,2025-01-09
412515.0,4568615.0,2025-01-09
412525.0,4568615.0,2025-01-09
412535.0,4568615.0,2025-01-09
412545.0,4568615.0,2025-01-09
412555.0,4568615.0,2025-01-09
412565.0,4568615.0,2025-01-09
412575.0,4568615.0,2025-01-09
412585.0,4568615.0,2025-01-09
412595.0,4568615.0,2025-01-09
412605.0,4568615.0,2025-01-09
412615.0,4568615.0,2025-01-09
412625.0,4568615.0,2025-01-09
412635.0,4568615.0,2025-01-09
412645.0,4568615.0,2025-01-09
412655.0,4568615.0,2025-01-09
412665.0,4568615.0,2025-01-09
412675.0,4568615.0,2025-01-09
412685.0,4568615.0,2025-01-09
412695.0,4568615.0,2025-01-09
412705.0,4568615.0,2025-01-09
412715.0,4568615.0,2025-01-09
412725.0,4568615.0,2025-01-09
412735.0,4568615.0,2025-01-09
412745.0,4568615.0,2025-01-09
412755.0,4568615.0,2025-01-09
412765.0,4568615.0,2025-01-09
412775.0,4568615.0,2025-01-09
412785.0,4568615.0,2025-01-09
412795.0,4568615.0,2025-01-09
412805.0,4568615.0,2025-01-09
412815.0,4568615.0,2025-01-09
412825.0,4568615.0,2025-01-09
412835.0,4568615.0,2025-01-09
412845.0,4568615.0,2025-01-09
412855.0,4568615.0,2025-01-09
412865.0,4568615.0,2025-01-09
412875.0,4568615.0,2025-01-09
412885.0,4568615.0,2025-01-09
412895.0,4568615.0,2025-01-09
412905.0,4568615.0,2025-01-09
412915.0,4568615.0,2025-01-09
412925.0,4568615.0,2025-01-09
412935.0,4568615.0,2025-01-09
412945.0,4568615.0,2025-01-09
412955.0,4568615.0,2025-01-09
412965.0,4568615.0,2025-01-09
412975.0,4568615.0,2025-01-09
412985.0,4568615.0,2025-01-09
412995.0,4568615.0,2025-01-09
413005.0,4568615.0,2025-01-09
413015.0,4568615.0,2025-01-09
413025.0,4568615.0,2025-01-09
413035.0,4568615.0,2025-01-09
413045.0,4568615.0,2025-01-09
413055.0,4568615.0,2025-01-09
413065.0,4568615.0,2025-01-09
413075.0,4568615.0,2025-01-09
413085.0,4568615.0,2025-01-09
413095.0,4568615.0,2025-01-09
413105.0,4568615.0,2025-01-09
413115.0,4568615.0,2025-01-09
413125.0,4568615.0,2025-01-09
413135.0,4568615.0,2025-01-09
413145.0,4568615.0,2025-01-09
413155.0,4568615.0,2025-01-09
413165.0,4568615.0,2025-01-09
413175.0,4568615.0,2025-01-09
413185.0,4568615.0,2025-01-09
413195.0,4568615.0,2025-01-09
413205.0,4568615.0,2025-01-09
413215.0,4568615.0,2025-01-09
413225.0,4568615.0,2025-01-09
413235.0,4568615.0,2025-01-09
413245.0,4568615.0,2025-01-09
413255.0,4568615.0,2025-01-09
413265.0,4568615.0,2025-01-09
413275.0,4568615.0,2025-01-09
413285.0,4568615.0,2025-01-09
413295.0,4568615.0,2025-01-09
413305.0,4568615.0,2025-01-09
413315.0,4568615.0,2025-01-09
413325.0,4568615.0,2025-01-09
413335.0,4568615.0,2025-01-09
413345.0,4568615.0,2025-01-09
413355.0,4568615.0,2025-01-09
413365.0,4568615.0,2025-01-09
413375.0,4568615.0,2025-01-09
413385.0,4568615.0,2025-01-09
413395.0,4568615.0,2025-01-09
413405.0,4568615.0,2025-01-09
413415.0,4568615.0,2025-01-09
413425.0,4568615.0,2025-01-09
413435.0,4568615.0,2025-01-09
413445.0,4568615.0,2025-01-09
413455.0,4568615.0,2025-01-09
413465.0,4568615.0,2025-01-09
413475.0,4568615.0,2025-01-09
413485.0,4568615.0,2025-01-09
413495.0,4568615.0,2025-01-09
413505.0,4568615.0,2025-01-09
413515.0,4568615.0,2025-01-09
413525.0,4568615.0,2025-01-09
413535.0,4568615.0,2025-01-09
413545.0,4568615.0,2025-01-09
413555.0,4568615.0,2025-01-09
413565.0,4568615.0,2025-01-09
413575.0,4568615.0,2025-01-09
413585.0,4568615.0,2025-01-09
413595.0,4568615.0,2025-01-09
413605.0,4568615.0,2025-01-09
413615.0,4568615.0,2025-01-09
413625.0,4568615.0,2025-01-09
413635.0,4568615.0,2025-01-09
413645.0,4568615.0,2025-01-09
413655.0,4568615.0,2025-01-09
413665.0,4568615.0,2025-01-09
413675.0,4568615.0,2025-01-09
413685.0,4568615.0,2025-01-09
413695.0,4568615.0,2025-01-09
413705.0,4568615.0,2025-01-09
413715.0,4568615.0,2025-01-09
413725.0,4568615.0,2025-01-09
413735.0,4568615.0,2025-01-09
413745.0,4568615.0,2025-01-09
413755.0,4568615.0,2025-01-09
413765.0,4568615.0,2025-01-09
413775.0,4568615.0,2025-01-09
413785.0,4568615.0,2025-01-09
413795.0,4568615.0,2025-01-09
413805.0,4568615.0,2025-01-09
413815.0,4568615.0,2025-01-09
413825.0,4568615.0,2025-01-09
413835.0,4568615.0,2025-01-09
413845.0,4568615.0,2025-01-09
413855.0,4568615.0,2025-01-09
413865.0,4568615.0,2025-01-09
413875.0,4568615.0,2025-01-09
413885.0,4568615.0,2025-01-09
413895.0,4568615.0,2025-01-09
413905.0,4568615.0,2025-01-09
413915.0,4568615.0,2025-01-09
413925.0,4568615.0,2025-01-09
413935.0,4568615.0,2025-01-09
411745.0,4568605.0,2025-01-09
411755.0,4568605.0,2025-01-09
411765.0,4568605.0,2025-01-09
411775.0,4568605.0,2025-01-09
411785.0,4568605.0,2025-01-09
411795.0,4568605.0,2025-01-09
411805.0,4568605.0,2025-01-09
411815.0,4568605.0,2025-01-09
411825.0,4568605.0,2025-01-09
411835.0,4568605.0,2025-01-09
411845.0,4568605.0,2025-01-09
411855.0,4568605.0,2025-01-09
411865.0,4568605.0,2025-01-09
411875.0,4568605.0,2025-01-09
411885.0,4568605.0,2025-01-09
411895.0,4568605.0,2025-01-09
411905.0,4568605.0,2025-01-09
411915.0,4568605.0,2025-01-09
411925.0,4568605.0,2025-01-09
411935.0,4568605.0,2025-01-09
411945.0,4568605.0,2025-01-09
411955.0,4568605.0,2025-01-09
411965.0,4568605.0,2025-01-09
411975.0,4568605.0,2025-01-09
411985.0,4568605.0,2025-01-09
411995.0,4568605.0,2025-01-09
412005.0,4568605.0,2025-01-09
412015.0,4568605.0,2025-01-09
412025.0,4568605.0,2025-01-09
412035.0,4568605.0,2025-01-09
412045.0,4568605.0,2025-01-09
412055.0,4568605.0,2025-01-09
412065.0,4568605.0,2025-01-09
412075.0,4568605.0,2025-01-09
412085.0,4568605.0,2025-01-09
412095.0,4568605.0,2025-01-09
412105.0,4568605.0,2025-01-09
412115.0,4568605.0,2025-01-09
412125.0,4568605.0,2025-01-09
412135.0,4568605.0,2025-01-09
412145.0,4568605.0,2025-01-09
412155.0,4568605.0,2025-01-09
412165.0,4568605.0,2025-01-09
412175.0,4568605.0,2025-01-09
412185.0,4568605.0,2025-01-09
412195.0,4568605.0,2025-01-09
412205.0,4568605.0,2025-01-09
412215.0,4568605.0,2025-01-09
412225.0,4568605.0,2025-01-09
412235.0,4568605.0,2025-01-09
412245.0,4568605.0,2025-01-09
412255.0,4568605.0,2025-01-09
412265.0,4568605.0,2025-01-09
412275.0,4568605.0,2025-01-09
412285.0,4568605.0,2025-01-09
412295.0,4568605.0,2025-01-09
412305.0,4568605.0,2025-01-09
412315.0,4568605.0,2025-01-09
412325.0,4568605.0,2025-01-09
412335.0,4568605.0,2025-01-09
412345.0,4568605.0,2025-01-09
412355.0,4568605.0,2025-01-09
412365.0,4568605.0,2025-01-09
412375.0,4568605.0,2025-01-09
412385.0,4568605.0,2025-01-09
412395.0,4568605.0,2025-01-09
412405.0,4568605.0,2025-01-09
412415.0,4568605.0,2025-01-09
412425.0,4568605.0,2025-01-09
412435.0,4568605.0,2025-01-09
412445.0,4568605.0,2025-01-09
412455.0,4568605.0,2025-01-09
412465.0,4568605.0,2025-01-09
412475.0,4568605.0,2025-01-09
412485.0,4568605.0,2025-01-09
412495.0,4568605.0,2025-01-09
412505.0,4568605.0,2025-01-09
412515.0,4568605.0,2025-01-09
412525.0,4568605.0,2025-01-09
412535.0,4568605.0,2025-01-09
412545.0,4568605.0,2025-01-09
412555.0,4568605.0,2025-01-09
412565.0,4568605.0,2025-01-09
412575.0,4568605.0,2025-01-09
412585.0,4568605.0,2025-01-09
412595.0,4568605.0,2025-01-09
412605.0,4568605.0,2025-01-09
412615.0,4568605.0,2025-01-09
412625.0,4568605.0,2025-01-09
412635.0,4568605.0,2025-01-09
412645.0,4568605.0,2025-01-09
412655.0,4568605.0,2025-01-09
412665.0,4568605.0,2025-01-09
412675.0,4568605.0,2025-01-09
412685.0,4568605.0,2025-01-09
412695.0,4568605.0,2025-01-09
412705.0,4568605.0,2025-01-09
412715.0,4568605.0,2025-01-09
412725.0,4568605.0,2025-01-09
412735.0,4568605.0,2025-01-09
412745.0,4568605.0,2025-01-09
412755.0,4568605.0,2025-01-09
412765.0,4568605.0,2025-01-09
412775.0,4568605.0,2025-01-09
412785.0,4568605.0,2025-01-09
412795.0,4568605.0,2025-01-09
412805.0,4568605.0,2025-01-09
412815.0,4568605.0,2025-01-09
412825.0,4568605.0,2025-01-09
412835.0,4568605.0,2025-01-09
412845.0,4568605.0,2025-01-09
412855.0,4568605.0,2025-01-09
412865.0,4568605.0,2025-01-09
412875.0,4568605.0,2025-01-09
412885.0,4568605.0,2025-01-09
412895.0,4568605.0,2025-01-09
412905.0,4568605.0,2025-01-09
412915.0,4568605.0,2025-01-09
412925.0,4568605.0,2025-01-09
412935.0,4568605.0,2025-01-09
412945.0,4568605.0,2025-01-09
412955.0,4568605.0,2025-01-09
412965.0,4568605.0,2025-01-09
412975.0,4568605.0,2025-01-09
412985.0,4568605.0,2025-01-09
412995.0,4568605.0,2025-01-09
413005.0,4568605.0,2025-01-09
413015.0,4568605.0,2025-01-09
413025.0,4568605.0,2025-01-09
413035.0,4568605.0,2025-01-09
413045.0,4568605.0,2025-01-09
413055.0,4568605.0,2025-01-09
413065.0,4568605.0,2025-01-09
413075.0,4568605.0,2025-01-09
413085.0,4568605.0,2025-01-09
413095.0,4568605.0,2025-01-09
413105.0,4568605.0,2025-01-09
413115.0,4568605.0,2025-01-09
413125.0,4568605.0,2025-01-09
413135.0,4568605.0,2025-01-09
413145.0,4568605.0,2025-01-09
413155.0,4568605.0,2025-01-09
413165.0,4568605.0,2025-01-09
413175.0,4568605.0,2025-01-09
413185.0,4568605.0,2025-01-09
413195.0,4568605.0,2025-01-09
413205.0,4568605.0,2025-01-09
413215.0,4568605.0,2025-01-09
413225.0,4568605.0,2025-01-09
413235.0,4568605.0,2025-01-09
413245.0,4568605.0,2025-01-09
413255.0,4568605.0,2025-01-09
413265.0,4568605.0,2025-01-09
413275.0,4568605.0,2025-01-09
413285.0,4568605.0,2025-01-09
413295.0,4568605.0,2025-01-09
413305.0,4568605.0,2025-01-09
413315.0,4568605.0,2025-01-09
413325.0,4568605.0,2025-01-09
413335.0,4568605.0,2025-01-09
413345.0,4568605.0,2025-01-09
413355.0,4568605.0,2025-01-09
413365.0,4568605.0,2025-01-09
413375.0,4568605.0,2025-01-09
413385.0,4568605.0,2025-01-09
413395.0,4568605.0,2025-01-09
413405.0,4568605.0,2025-01-09
413415.0,4568605.0,2025-01-09
413425.0,4568605.0,2025-01-09
413435.0,4568605.0,2025-01-09
413445.0,4568605.0,2025-01-09
413455.0,4568605.0,2025-01-09
413465.0,4568605.0,2025-01-09
413475.0,4568605.0,2025-01-09
413485.0,4568605.0,2025-01-09
413495.0,4568605.0,2025-01-09
413505.0,4568605.0,2025-01-09
413515.0,4568605.0,2025-01-09
413525.0,4568605.0,2025-01-09
413535.0,4568605.0,2025-01-09
413545.0,4568605.0,2025-01-09
413555.0,4568605.0,2025-01-09
413565.0,4568605.0,2025-01-09
413575.0,4568605.0,2025-01-09
413585.0,4568605.0,2025-01-09
413595.0,4568605.0,2025-01-09
413605.0,4568605.0,2025-01-09
413615.0,4568605.0,2025-01-09
413625.0,4568605.0,2025-01-09
413635.0,4568605.0,2025-01-09
413645.0,4568605.0,2025-01-09
413655.0,4568605.0,2025-01-09
413665.0,4568605.0,2025-01-09
413675.0,4568605.0,2025-01-09
413685.0,4568605.0,2025-01-09
413695.0,4568605.0,2025-01-09
413705.0,4568605.0,2025-01-09
413715.0,4568605.0,2025-01-09
413725.0,4568605.0,2025-01-09
413735.0,4568605.0,2025-01-09
413745.0,4568605.0,2025-01-09
413755.0,4568605.0,2025-01-09
413765.0,4568605.0,2025-01-09
413775.0,4568605.0,2025-01-09
413785.0,4568605.0,2025-01-09
413795.0,4568605.0,2025-01-09
413805.0,4568605.0,2025-01-09
413815.0,4568605.0,2025-01-09
413825.0,4568605.0,2025-01-09
413835.0,4568605.0,2025-01-09
413845.0,4568605.0,2025-01-09
413855.0,4568605.0,2025-01-09
413865.0,4568605.0,2025-01-09
413875.0,4568605.0,2025-01-09
413885.0,4568605.0,2025-01-09
413895.0,4568605.0,2025-01-09
413905.0,4568605.0,2025-01-09
413915.0,4568605.0,2025-01-09
413925.0,4568605.0,2025-01-09
413935.0,4568605.0,2025-01-09
413945.0,4568605.0,2025-01-09
413955.0,4568605.0,2025-01-09
413965.0,4568605.0,2025-01-09
413975.0,4568605.0,2025-01-09
413985.0,4568605.0,2025-01-09
413995.0,4568605.0,2025-01-09
414005.0,4568605.0,2025-01-09
414015.0,4568605.0,2025-01-09
414025.0,4568605.0,2025-01-09
414035.0,4568605.0,2025-01-09
414045.0,4568605.0,2025-01-09
414055.0,4568605.0,2025-01-09
414065.0,4568605.0,2025-01-09
414075.0,4568605.0,2025-01-09
414085.0,4568605.0,2025-01-09
414095.0,4568605.0,2025-01-09
414105.0,4568605.0,2025-01-09
414115.0,4568605.0,2025-01-09
414125.0,4568605.0,2025-01-09
414135.0,4568605.0,2025-01-09
414145.0,4568605.0,2025-01-09
414155.0,4568605.0,2025-01-09
414165.0,4568605.0,2025-01-09
414175.0,4568605.0,2025-01-09
414185.0,4568605.0,2025-01-09
414195.0,4568605.0,2025-01-09
414205.0,4568605.0,2025-01-09
414215.0,4568605.0,2025-01-09
414225.0,4568605.0,2025-01-09
414235.0,4568605.0,2025-01-09
414245.0,4568605.0,2025-01-09
414255.0,4568605.0,2025-01-09
414265.0,4568605.0,2025-01-09
414275.0,4568605.0,2025-01-09
414285.0,4568605.0,2025-01-09
414295.0,4568605.0,2025-01-09
414305.0,4568605.0,2025-01-09
414315.0,4568605.0,2025-01-09
414325.0,4568605.0,2025-01-09
414335.0,4568605.0,2025-01-09
414345.0,4568605.0,2025-01-09
414355.0,4568605.0,2025-01-09
414365.0,4568605.0,2025-01-09
414375.0,4568605.0,2025-01-09
414385.0,4568605.0,2025-01-09
414395.0,4568605.0,2025-01-09
414405.0,4568605.0,2025-01-09
414415.0,4568605.0,2025-01-09
414425.0,4568605.0,2025-01-09
414435.0,4568605.0,2025-01-09
414445.0,4568605.0,2025-01-09
414455.0,4568605.0,2025-01-09
414465.0,4568605.0,2025-01-09
414475.0,4568605.0,2025-01-09
414485.0,4568605.0,2025-01-09
414495.0,4568605.0,2025-01-09
414505.0,4568605.0,2025-01-09
414515.0,4568605.0,2025-01-09
414525.0,4568605.0,2025-01-09
414535.0,4568605.0,2025-01-09
414545.0,4568605.0,2025-01-09
414555.0,4568605.0,2025-01-09
414565.0,4568605.0,2025-01-09
414575.0,4568605.0,2025-01-09
414585.0,4568605.0,2025-01-09
414595.0,4568605.0,2025-01-09
414605.0,4568605.0,2025-01-09
414615.0,4568605.0,2025-01-09
414625.0,4568605.0,2025-01-09
414635.0,4568605.0,2025-01-09
414645.0,4568605.0,2025-01-09
414655.0,4568605.0,2025-01-09
414665.0,4568605.0,2025-01-09
414675.0,4568605.0,2025-01-09
414685.0,4568605.0,2025-01-09
414695.0,4568605.0,2025-01-09
414705.0,4568605.0,2025-01-09
414715.0,4568605.0,2025-01-09
414725.0,4568605.0,2025-01-09
414735.0,4568605.0,2025-01-09
414745.0,4568605.0,2025-01-09
414755.0,4568605.0,2025-01-09
414765.0,4568605.0,2025-01-09
414775.0,4568605.0,2025-01-09
414785.0,4568605.0,2025-01-09
411745.0,4568595.0,2025-01-09
411755.0,4568595.0,2025-01-09
411765.0,4568595.0,2025-01-09
411775.0,4568595.0,2025-01-09
411785.0,4568595.0,2025-01-09
411795.0,4568595.0,2025-01-09
411805.0,4568595.0,2025-01-09
411815.0,4568595.0,2025-01-09
411825.0,4568595.0,2025-01-09
411835.0,4568595.0,2025-01-09
411845.0,4568595.0,2025-01-09
411855.0,4568595.0,2025-01-09
411865.0,4568595.0,2025-01-09
411875.0,4568595.0,2025-01-09
411885.0,4568595.0,2025-01-09
411895.0,4568595.0,2025-01-09
411905.0,4568595.0,2025-01-09
411915.0,4568595.0,2025-01-09
411925.0,4568595.0,2025-01-09
411935.0,4568595.0,2025-01-09
411945.0,4568595.0,2025-01-09
411955.0,4568595.0,2025-01-09
411965.0,4568595.0,2025-01-09
411975.0,4568595.0,2025-01-09
411985.0,4568595.0,2025-01-09
411995.0,4568595.0,2025-01-09
412005.0,4568595.0,2025-01-09
412015.0,4568595.0,2025-01-09
412025.0,4568595.0,2025-01-09
412035.0,4568595.0,2025-01-09
412045.0,4568595.0,2025-01-09
412055.0,4568595.0,2025-01-09
412065.0,4568595.0,2025-01-09
412075.0,4568595.0,2025-01-09
412085.0,4568595.0,2025-01-09
412095.0,4568595.0,2025-01-09
412105.0,4568595.0,2025-01-09
412115.0,4568595.0,2025-01-09
412125.0,4568595.0,2025-01-09
412135.0,4568595.0,2025-01-09
412145.0,4568595.0,2025-01-09
412155.0,4568595.0,2025-01-09
412165.0,4568595.0,2025-01-09
412175.0,4568595.0,2025-01-09
412185.0,4568595.0,2025-01-09
412195.0,4568595.0,2025-01-09
412205.0,4568595.0,2025-01-09
412215.0,4568595.0,2025-01-09
412225.0,4568595.0,2025-01-09
412235.0,4568595.0,2025-01-09
412245.0,4568595.0,2025-01-09
412255.0,4568595.0,2025-01-09
412265.0,4568595.0,2025-01-09
412275.0,4568595.0,2025-01-09
412285.0,4568595.0,2025-01-09
412295.0,4568595.0,2025-01-09
412305.0,4568595.0,2025-01-09
412315.0,4568595.0,2025-01-09
412325.0,4568595.0,2025-01-09
412335.0,4568595.0,2025-01-09
412345.0,4568595.0,2025-01-09
412355.0,4568595.0,2025-01-09
412365.0,4568595.0,2025-01-09
412375.0,4568595.0,2025-01-09
412385.0,4568595.0,2025-01-09
412395.0,4568595.0,2025-01-09
412405.0,4568595.0,2025-01-09
412415.0,4568595.0,2025-01-09
412425.0,4568595.0,2025-01-09
412435.0,4568595.0,2025-01-09
412445.0,4568595.0,2025-01-09
412455.0,4568595.0,2025-01-09
412465.0,4568595.0,2025-01-09
412475.0,4568595.0,2025-01-09
412485.0,4568595.0,2025-01-09
412495.0,4568595.0,2025-01-09
412505.0,4568595.0,2025-01-09
412515.0,4568595.0,2025-01-09
412525.0,4568595.0,2025-01-09
412535.0,4568595.0,2025-01-09
412545.0,4568595.0,2025-01-09
412555.0,4568595.0,2025-01-09
412565.0,4568595.0,2025-01-09
412575.0,4568595.0,2025-01-09
412585.0,4568595.0,2025-01-09
412595.0,4568595.0,2025-01-09
412605.0,4568595.0,2025-01-09
412615.0,4568595.0,2025-01-09
412625.0,4568595.0,2025-01-09
412635.0,4568595.0,2025-01-09
412645.0,4568595.0,2025-01-09
412655.0,4568595.0,2025-01-09
412665.0,4568595.0,2025-01-09
412675.0,4568595.0,2025-01-09
412685.0,4568595.0,2025-01-09
412695.0,4568595.0,2025-01-09
412705.0,4568595.0,2025-01-09
412715.0,4568595.0,2025-01-09
412725.0,4568595.0,2025-01-09
412735.0,4568595.0,2025-01-09
412745.0,4568595.0,2025-01-09
412755.0,4568595.0,2025-01-09
412765.0,4568595.0,2025-01-09
412775.0,4568595.0,2025-01-09
412785.0,4568595.0,2025-01-09
412795.0,4568595.0,2025-01-09
412805.0,4568595.0,2025-01-09
412815.0,4568595.0,2025-01-09
412825.0,4568595.0,2025-01-09
412835.0,4568595.0,2025-01-09
412845.0,4568595.0,2025-01-09
412855.0,4568595.0,2025-01-09
412865.0,4568595.0,2025-01-09
412875.0,4568595.0,2025-01-09
412885.0,4568595.0,2025-01-09
412895.0,4568595.0,2025-01-09
412905.0,4568595.0,2025-01-09
412915.0,4568595.0,2025-01-09
412925.0,4568595.0,2025-01-09
412935.0,4568595.0,2025-01-09
412945.0,4568595.0,2025-01-09
412955.0,4568595.0,2025-01-09
412965.0,4568595.0,2025-01-09
412975.0,4568595.0,2025-01-09
412985.0,4568595.0,2025-01-09
412995.0,4568595.0,2025-01-09
413005.0,4568595.0,2025-01-09
413015.0,4568595.0,2025-01-09
413025.0,4568595.0,2025-01-09
413035.0,4568595.0,2025-01-09
413045.0,4568595.0,2025-01-09
413055.0,4568595.0,2025-01-09
413065.0,4568595.0,2025-01-09
413075.0,4568595.0,2025-01-09
413085.0,4568595.0,2025-01-09
413095.0,4568595.0,2025-01-09
413105.0,4568595.0,2025-01-09
413115.0,4568595.0,2025-01-09
413125.0,4568595.0,2025-01-09
413135.0,4568595.0,2025-01-09
413145.0,4568595.0,2025-01-09
413155.0,4568595.0,2025-01-09
413165.0,4568595.0,2025-01-09
413175.0,4568595.0,2025-01-09
413185.0,4568595.0,2025-01-09
413195.0,4568595.0,2025-01-09
413205.0,4568595.0,2025-01-09
413215.0,4568595.0,2025-01-09
413225.0,4568595.0,2025-01-09
413235.0,4568595.0,2025-01-09
413245.0,4568595.0,2025-01-09
413255.0,4568595.0,2025-01-09
413265.0,4568595.0,2025-01-09
413275.0,4568595.0,2025-01-09
413285.0,4568595.0,2025-01-09
413295.0,4568595.0,2025-01-09
413305.0,4568595.0,2025-01-09
413315.0,4568595.0,2025-01-09
413325.0,4568595.0,2025-01-09
413335.0,4568595.0,2025-01-09
413345.0,4568595.0,2025-01-09
413355.0,4568595.0,2025-01-09
413365.0,4568595.0,2025-01-09
413375.0,4568595.0,2025-01-09
413385.0,4568595.0,2025-01-09
413395.0,4568595.0,2025-01-09
413405.0,4568595.0,2025-01-09
413415.0,4568595.0,2025-01-09
413425.0,4568595.0,2025-01-09
413435.0,4568595.0,2025-01-09
413445.0,4568595.0,2025-01-09
413455.0,4568595.0,2025-01-09
413465.0,4568595.0,2025-01-09
413475.0,4568595.0,2025-01-09
413485.0,4568595.0,2025-01-09
413495.0,4568595.0,2025-01-09
413505.0,4568595.0,2025-01-09
413515.0,4568595.0,2025-01-09
413525.0,4568595.0,2025-01-09
413535.0,4568595.0,2025-01-09
413545.0,4568595.0,2025-01-09
413555.0,4568595.0,2025-01-09
413565.0,4568595.0,2025-01-09
413575.0,4568595.0,2025-01-09
413585.0,4568595.0,2025-01-09
413595.0,4568595.0,2025-01-09
413605.0,4568595.0,2025-01-09
413615.0,4568595.0,2025-01-09
413625.0,4568595.0,2025-01-09
413635.0,4568595.0,2025-01-09
413645.0,4568595.0,2025-01-09
413655.0,4568595.0,2025-01-09
413665.0,4568595.0,2025-01-09
413675.0,4568595.0,2025-01-09
413685.0,4568595.0,2025-01-09
413695.0,4568595.0,2025-01-09
413705.0,4568595.0,2025-01-09
413715.0,4568595.0,2025-01-09
413725.0,4568595.0,2025-01-09
413735.0,4568595.0,2025-01-09
413745.0,4568595.0,2025-01-09
413755.0,4568595.0,2025-01-09
413765.0,4568595.0,2025-01-09
413775.0,4568595.0,2025-01-09
413785.0,4568595.0,2025-01-09
413795.0,4568595.0,2025-01-09
413805.0,4568595.0,2025-01-09
413815.0,4568595.0,2025-01-09
413825.0,4568595.0,2025-01-09
413835.0,4568595.0,2025-01-09
413845.0,4568595.0,2025-01-09
413855.0,4568595.0,2025-01-09
413865.0,4568595.0,2025-01-09
413875.0,4568595.0,2025-01-09
413885.0,4568595.0,2025-01-09
413895.0,4568595.0,2025-01-09
413905.0,4568595.0,2025-01-09
413915.0,4568595.0,2025-01-09
413925.0,4568595.0,2025-01-09
413935.0,4568595.0,2025-01-09
413945.0,4568595.0,2025-01-09
413955.0,4568595.0,2025-01-09
413965.0,4568595.0,2025-01-09
413975.0,4568595.0,2025-01-09
413985.0,4568595.0,2025-01-09
413995.0,4568595.0,2025-01-09
414005.0,4568595.0,2025-01-09
414015.0,4568595.0,2025-01-09
414025.0,4568595.0,2025-01-09
414035.0,4568595.0,2025-01-09
414045.0,4568595.0,2025-01-09
414055.0,4568595.0,2025-01-09
414065.0,4568595.0,2025-01-09
414075.0,4568595.0,2025-01-09
414085.0,4568595.0,2025-01-09
414095.0,4568595.0,2025-01-09
414105.0,4568595.0,2025-01-09
414115.0,4568595.0,2025-01-09
414125.0,4568595.0,2025-01-09
414135.0,4568595.0,2025-01-09
414145.0,4568595.0,2025-01-09
414155.0,4568595.0,2025-01-09
414165.0,4568595.0,2025-01-09
414175.0,4568595.0,2025-01-09
414185.0,4568595.0,2025-01-09
414195.0,4568595.0,2025-01-09
414205.0,4568595.0,2025-01-09
414215.0,4568595.0,2025-01-09
414225.0,4568595.0,2025-01-09
414235.0,4568595.0,2025-01-09
414245.0,4568595.0,2025-01-09
414255.0,4568595.0,2025-01-09
414265.0,4568595.0,2025-01-09
414275.0,4568595.0,2025-01-09
414285.0,4568595.0,2025-01-09
414295.0,4568595.0,2025-01-09
414305.0,4568595.0,2025-01-09
414315.0,4568595.0,2025-01-09
414325.0,4568595.0,2025-01-09
414335.0,4568595.0,2025-01-09
414345.0,4568595.0,2025-01-09
414355.0,4568595.0,2025-01-09
414365.0,4568595.0,2025-01-09
414375.0,4568595.0,2025-01-09
414385.0,4568595.0,2025-01-09
414395.0,4568595.0,2025-01-09
414405.0,4568595.0,2025-01-09
414415.0,4568595.0,2025-01-09
414425.0,4568595.0,2025-01-09
414435.0,4568595.0,2025-01-09
414445.0,4568595.0,2025-01-09
414455.0,4568595.0,2025-01-09
414465.0,4568595.0,2025-01-09
414475.0,4568595.0,2025-01-09
414485.0,4568595.0,2025-01-09
414495.0,4568595.0,2025-01-09
414505.0,4568595.0,2025-01-09
414515.0,4568595.0,2025-01-09
414525.0,4568595.0,2025-01-09
414535.0,4568595.0,2025-01-09
414545.0,4568595.0,2025-01-09
414555.0,4568595.0,2025-01-09
414565.0,4568595.0,2025-01-09
414575.0,4568595.0,2025-01-09
414585.0,4568595.0,2025-01-09
414595.0,4568595.0,2025-01-09
414605.0,4568595.0,2025-01-09
414615.0,4568595.0,2025-01-09
414625.0,4568595.0,2025-01-09
414635.0,4568595.0,2025-01-09
414645.0,4568595.0,2025-01-09
414655.0,4568595.0,2025-01-09
414665.0,4568595.0,2025-01-09
414675.0,4568595.0,2025-01-09
414685.0,4568595.0,2025-01-09
414695.0,4568595.0,2025-01-09
414705.0,4568595.0,2025-01-09
414715.0,4568595.0,2025-01-09
414725.0,4568595.0,2025-01-09
414735.0,4568595.0,2025-01-09
414745.0,4568595.0,2025-01-09
414755.0,4568595.0,2025-01-09
414765.0,4568595.0,2025-01-09
414775.0,4568595.0,2025-01-09
414785.0,4568595.0,2025-01-09
414795.0,4568595.0,2025-01-09
414805.0,4568595.0,2025-01-09
414815.0,4568595.0,2025-01-09
414825.0,4568595.0,2025-01-09
414835.0,4568595.0,2025-01-09
414845.0,4568595.0,2025-01-09
414855.0,4568595.0,2025-01-09
414865.0,4568595.0,2025-01-09
414875.0,4568595.0,2025-01-09
414885.0,4568595.0,2025-01-09
414895.0,4568595.0,2025-01-09
414905.0,4568595.0,2025-01-09
414915.0,4568595.0,2025-01-09
414925.0,4568595.0,2025-01-09
414935.0,4568595.0,2025-01-09
414945.0,4568595.0,2025-01-09
414955.0,4568595.0,2025-01-09
414965.0,4568595.0,2025-01-09
414975.0,4568595.0,2025-01-09
414985.0,4568595.0,2025-01-09
414995.0,4568595.0,2025-01-09
415005.0,4568595.0,2025-01-09
415015.0,4568595.0,2025-01-09
415025.0,4568595.0,2025-01-09
415035.0,4568595.0,2025-01-09
415045.0,4568595.0,2025-01-09
415055.0,4568595.0,2025-01-09
415065.0,4568595.0,2025-01-09
415075.0,4568595.0,2025-01-09
415085.0,4568595.0,2025-01-09
415095.0,4568595.0,2025-01-09
415105.0,4568595.0,2025-01-09
415115.0,4568595.0,2025-01-09
415125.0,4568595.0,2025-01-09
415135.0,4568595.0,2025-01-09
415145.0,4568595.0,2025-01-09
415155.0,4568595.0,2025-01-09
415165.0,4568595.0,2025-01-09
415175.0,4568595.0,2025-01-09
415185.0,4568595.0,2025-01-09
415195.0,4568595.0,2025-01-09
415205.0,4568595.0,2025-01-09
415215.0,4568595.0,2025-01-09
415225.0,4568595.0,2025-01-09
415235.0,4568595.0,2025-01-09
415245.0,4568595.0,2025-01-09
415255.0,4568595.0,2025-01-09
415265.0,4568595.0,2025-01-09
415275.0,4568595.0,2025-01-09
415285.0,4568595.0,2025-01-09
415295.0,4568595.0,2025-01-09
415305.0,4568595.0,2025-01-09
415315.0,4568595.0,2025-01-09
415325.0,4568595.0,2025-01-09
415335.0,4568595.0,2025-01-09
415345.0,4568595.0,2025-01-09
415355.0,4568595.0,2025-01-09
415365.0,4568595.0,2025-01-09
415375.0,4568595.0,2025-01-09
415385.0,4568595.0,2025-01-09
415395.0,4568595.0,2025-01-09
415405.0,4568595.0,2025-01-09
415415.0,4568595.0,2025-01-09
415425.0,4568595.0,2025-01-09
415435.0,4568595.0,2025-01-09
415445.0,4568595.0,2025-01-09
415455.0,4568595.0,2025-01-09
415465.0,4568595.0,2025-01-09
415475.0,4568595.0,2025-01-09
415485.0,4568595.0,2025-01-09
415495.0,4568595.0,2025-01-09
415505.0,4568595.0,2025-01-09
415515.0,4568595.0,2025-01-09
415525.0,4568595.0,2025-01-09
415535.0,4568595.0,2025-01-09
415545.0,4568595.0,2025-01-09
415555.0,4568595.0,2025-01-09
415565.0,4568595.0,2025-01-09
415575.0,4568595.0,2025-01-09
415585.0,4568595.0,2025-01-09
415595.0,4568595.0,2025-01-09
415605.0,4568595.0,2025-01-09
415615.0,4568595.0,2025-01-09
415625.0,4568595.0,2025-01-09
415635.0,4568595.0,2025-01-09
411745.0,4568585.0,2025-01-09
411755.0,4568585.0,2025-01-09
411765.0,4568585.0,2025-01-09
411775.0,4568585.0,2025-01-09
411785.0,4568585.0,2025-01-09
411795.0,4568585.0,2025-01-09
411805.0,4568585.0,2025-01-09
411815.0,4568585.0,2025-01-09
411825.0,4568585.0,2025-01-09
411835.0,4568585.0,2025-01-09
411845.0,4568585.0,2025-01-09
411855.0,4568585.0,2025-01-09
411865.0,4568585.0,2025-01-09
411875.0,4568585.0,2025-01-09
411885.0,4568585.0,2025-01-09
411895.0,4568585.0,2025-01-09
411905.0,4568585.0,2025-01-09
411915.0,4568585.0,2025-01-09
411925.0,4568585.0,2025-01-09
411935.0,4568585.0,2025-01-09
411945.0,4568585.0,2025-01-09
411955.0,4568585.0,2025-01-09
411965.0,4568585.0,2025-01-09
411975.0,4568585.0,2025-01-09
411985.0,4568585.0,2025-01-09
411995.0,4568585.0,2025-01-09
412005.0,4568585.0,2025-01-09
412015.0,4568585.0,2025-01-09
412025.0,4568585.0,2025-01-09
412035.0,4568585.0,2025-01-09
412045.0,4568585.0,2025-01-09
412055.0,4568585.0,2025-01-09
412065.0,4568585.0,2025-01-09
412075.0,4568585.0,2025-01-09
412085.0,4568585.0,2025-01-09
412095.0,4568585.0,2025-01-09
412105.0,4568585.0,2025-01-09
412115.0,4568585.0,2025-01-09
412125.0,4568585.0,2025-01-09
412135.0,4568585.0,2025-01-09
412145.0,4568585.0,2025-01-09
412155.0,4568585.0,2025-01-09
412165.0,4568585.0,2025-01-09
412175.0,4568585.0,2025-01-09
412185.0,4568585.0,2025-01-09
412195.0,4568585.0,2025-01-09
412205.0,4568585.0,2025-01-09
412215.0,4568585.0,2025-01-09
412225.0,4568585.0,2025-01-09
412235.0,4568585.0,2025-01-09
412245.0,4568585.0,2025-01-09
412255.0,4568585.0,2025-01-09
412265.0,4568585.0,2025-01-09
412275.0,4568585.0,2025-01-09
412285.0,4568585.0,2025-01-09
412295.0,4568585.0,2025-01-09
412305.0,4568585.0,2025-01-09
412315.0,4568585.0,2025-01-09
412325.0,4568585.0,2025-01-09
412335.0,4568585.0,2025-01-09
412345.0,4568585.0,2025-01-09
412355.0,4568585.0,2025-01-09
412365.0,4568585.0,2025-01-09
412375.0,4568585.0,2025-01-09
412385.0,4568585.0,2025-01-09
412395.0,4568585.0,2025-01-09
412405.0,4568585.0,2025-01-09
412415.0,4568585.0,2025-01-09
412425.0,4568585.0,2025-01-09
412435.0,4568585.0,2025-01-09
412445.0,4568585.0,2025-01-09
412455.0,4568585.0,2025-01-09
412465.0,4568585.0,2025-01-09
412475.0,4568585.0,2025-01-09
412485.0,4568585.0,2025-01-09
412495.0,4568585.0,2025-01-09
412505.0,4568585.0,2025-01-09
412515.0,4568585.0,2025-01-09
412525.0,4568585.0,2025-01-09
412535.0,4568585.0,2025-01-09
412545.0,4568585.0,2025-01-09
412555.0,4568585.0,2025-01-09
412565.0,4568585.0,2025-01-09
412575.0,4568585.0,2025-01-09
412585.0,4568585.0,2025-01-09
412595.0,4568585.0,2025-01-09
412605.0,4568585.0,2025-01-09
412615.0,4568585.0,2025-01-09
412625.0,4568585.0,2025-01-09
412635.0,4568585.0,2025-01-09
412645.0,4568585.0,2025-01-09
412655.0,4568585.0,2025-01-09
412665.0,4568585.0,2025-01-09
412675.0,4568585.0,2025-01-09
412685.0,4568585.0,2025-01-09
412695.0,4568585.0,2025-01-09
412705.0,4568585.0,2025-01-09
412715.0,4568585.0,2025-01-09
412725.0,4568585.0,2025-01-09
412735.0,4568585.0,2025-01-09
412745.0,4568585.0,2025-01-09
412755.0,4568585.0,2025-01-09
412765.0,4568585.0,2025-01-09
412775.0,4568585.0,2025-01-09
412785.0,4568585.0,2025-01-09
412795.0,4568585.0,2025-01-09
412805.0,4568585.0,2025-01-09
412815.0,4568585.0,2025-01-09
412825.0,4568585.0,2025-01-09
412835.0,4568585.0,2025-01-09
412845.0,4568585.0,2025-01-09
412855.0,4568585.0,2025-01-09
412865.0,4568585.0,2025-01-09
412875.0,4568585.0,2025-01-09
412885.0,4568585.0,2025-01-09
412895.0,4568585.0,2025-01-09
412905.0,4568585.0,2025-01-09
412915.0,4568585.0,2025-01-09
412925.0,4568585.0,2025-01-09
412935.0,4568585.0,2025-01-09
412945.0,4568585.0,2025-01-09
412955.0,4568585.0,2025-01-09
412965.0,4568585.0,2025-01-09
412975.0,4568585.0,2025-01-09
412985.0,4568585.0,2025-01-09
412995.0,4568585.0,2025-01-09
413005.0,4568585.0,2025-01-09
413015.0,4568585.0,2025-01-09
413025.0,4568585.0,2025-01-09
413035.0,4568585.0,2025-01-09
413045.0,4568585.0,2025-01-09
413055.0,4568585.0,2025-01-09
413065.0,4568585.0,2025-01-09
413075.0,4568585.0,2025-01-09
413085.0,4568585.0,2025-01-09
413095.0,4568585.0,2025-01-09
413105.0,4568585.0,2025-01-09
413115.0,4568585.0,2025-01-09
413125.0,4568585.0,2025-01-09
413135.0,4568585.0,2025-01-09
413145.0,4568585.0,2025-01-09
413155.0,4568585.0,2025-01-09
413165.0,4568585.0,2025-01-09
413175.0,4568585.0,2025-01-09
413185.0,4568585.0,2025-01-09
413195.0,4568585.0,2025-01-09
413205.0,4568585.0,2025-01-09
413215.0,4568585.0,2025-01-09
413225.0,4568585.0,2025-01-09
413235.0,4568585.0,2025-01-09
413245.0,4568585.0,2025-01-09
413255.0,4568585.0,2025-01-09
413265.0,4568585.0,2025-01-09
413275.0,4568585.0,2025-01-09
413285.0,4568585.0,2025-01-09
413295.0,4568585.0,2025-01-09
413305.0,4568585.0,2025-01-09
413315.0,4568585.0,2025-01-09
413325.0,4568585.0,2025-01-09
413335.0,4568585.0,2025-01-09
413345.0,4568585.0,2025-01-09
413355.0,4568585.0,2025-01-09
413365.0,4568585.0,2025-01-09
413375.0,4568585.0,2025-01-09
413385.0,4568585.0,2025-01-09
413395.0,4568585.0,2025-01-09
413405.0,4568585.0,2025-01-09
413415.0,4568585.0,2025-01-09
413425.0,4568585.0,2025-01-09
413435.0,4568585.0,2025-01-09
413445.0,4568585.0,2025-01-09
413455.0,4568585.0,2025-01-09
413465.0,4568585.0,2025-01-09
413475.0,4568585.0,2025-01-09
413485.0,4568585.0,2025-01-09
413495.0,4568585.0,2025-01-09
413505.0,4568585.0,2025-01-09
413515.0,4568585.0,2025-01-09
413525.0,4568585.0,2025-01-09
413535.0,4568585.0,2025-01-09
413545.0,4568585.0,2025-01-09
413555.0,4568585.0,2025-01-09
413565.0,4568585.0,2025-01-09
413575.0,4568585.0,2025-01-09
413585.0,4568585.0,2025-01-09
413595.0,4568585.0,2025-01-09
413605.0,4568585.0,2025-01-09
413615.0,4568585.0,2025-01-09
413625.0,4568585.0,2025-01-09
413635.0,4568585.0,2025-01-09
413645.0,4568585.0,2025-01-09
413655.0,4568585.0,2025-01-09
413665.0,4568585.0,2025-01-09
413675.0,4568585.0,2025-01-09
413685.0,4568585.0,2025-01-09
413695.0,4568585.0,2025-01-09
413705.0,4568585.0,2025-01-09
413715.0,4568585.0,2025-01-09
413725.0,4568585.0,2025-01-09
413735.0,4568585.0,2025-01-09
413745.0,4568585.0,2025-01-09
413755.0,4568585.0,2025-01-09
413765.0,4568585.0,2025-01-09
413775.0,4568585.0,2025-01-09
413785.0,4568585.0,2025-01-09
413795.0,4568585.0,2025-01-09
413805.0,4568585.0,2025-01-09
413815.0,4568585.0,2025-01-09
413825.0,4568585.0,2025-01-09
413835.0,4568585.0,2025-01-09
413845.0,4568585.0,2025-01-09
413855.0,4568585.0,2025-01-09
413865.0,4568585.0,2025-01-09
413875.0,4568585.0,2025-01-09
413885.0,4568585.0,2025-01-09
413895.0,4568585.0,2025-01-09
413905.0,4568585.0,2025-01-09
413915.0,4568585.0,2025-01-09
413925.0,4568585.0,2025-01-09
413935.0,4568585.0,2025-01-09
413945.0,4568585.0,2025-01-09
413955.0,4568585.0,2025-01-09
413965.0,4568585.0,2025-01-09
413975.0,4568585.0,2025-01-09
413985.0,4568585.0,2025-01-09
413995.0,4568585.0,2025-01-09
414005.0,4568585.0,2025-01-09
414015.0,4568585.0,2025-01-09
414025.0,4568585.0,2025-01-09
414035.0,4568585.0,2025-01-09
414045.0,4568585.0,2025-01-09
414055.0,4568585.0,2025-01-09
414065.0,4568585.0,2025-01-09
414075.0,4568585.0,2025-01-09
414085.0,4568585.0,2025-01-09
414095.0,4568585.0,2025-01-09
414105.0,4568585.0,2025-01-09
414115.0,4568585.0,2025-01-09
414125.0,4568585.0,2025-01-09
414135.0,4568585.0,2025-01-09
414145.0,4568585.0,2025-01-09
414155.0,4568585.0,2025-01-09
414165.0,4568585.0,2025-01-09
414175.0,4568585.0,2025-01-09
414185.0,4568585.0,2025-01-09
414195.0,4568585.0,2025-01-09
414205.0,4568585.0,2025-01-09
414215.0,4568585.0,2025-01-09
414225.0,4568585.0,2025-01-09
414235.0,4568585.0,2025-01-09
414245.0,4568585.0,2025-01-09
414255.0,4568585.0,2025-01-09
414265.0,4568585.0,2025-01-09
414275.0,4568585.0,2025-01-09
414285.0,4568585.0,2025-01-09
414295.0,4568585.0,2025-01-09
414305.0,4568585.0,2025-01-09
414315.0,4568585.0,2025-01-09
414325.0,4568585.0,2025-01-09
414335.0,4568585.0,2025-01-09
414345.0,4568585.0,2025-01-09
414355.0,4568585.0,2025-01-09
414365.0,4568585.0,2025-01-09
414375.0,4568585.0,2025-01-09
414385.0,4568585.0,2025-01-09
414395.0,4568585.0,2025-01-09
414405.0,4568585.0,2025-01-09
414415.0,4568585.0,2025-01-09
414425.0,4568585.0,2025-01-09
414435.0,4568585.0,2025-01-09
414445.0,4568585.0,2025-01-09
414455.0,4568585.0,2025-01-09
414465.0,4568585.0,2025-01-09
414475.0,4568585.0,2025-01-09
414485.0,4568585.0,2025-01-09
414495.0,4568585.0,2025-01-09
414505.0,4568585.0,2025-01-09
414515.0,4568585.0,2025-01-09
414525.0,4568585.0,2025-01-09
414535.0,4568585.0,2025-01-09
414545.0,4568585.0,2025-01-09
414555.0,4568585.0,2025-01-09
414565.0,4568585.0,2025-01-09
414575.0,4568585.0,2025-01-09
414585.0,4568585.0,2025-01-09
414595.0,4568585.0,2025-01-09
414605.0,4568585.0,2025-01-09
414615.0,4568585.0,2025-01-09
414625.0,4568585.0,2025-01-09
414635.0,4568585.0,2025-01-09
414645.0,4568585.0,2025-01-09
414655.0,4568585.0,2025-01-09
414665.0,4568585.0,2025-01-09
414675.0,4568585.0,2025-01-09
414685.0,4568585.0,2025-01-09
414695.0,4568585.0,2025-01-09
414705.0,4568585.0,2025-01-09
414715.0,4568585.0,2025-01-09
414725.0,4568585.0,2025-01-09
414735.0,4568585.0,2025-01-09
414745.0,4568585.0,2025-01-09
414755.0,4568585.0,2025-01-09
414765.0,4568585.0,2025-01-09
414775.0,4568585.0,2025-01-09
414785.0,4568585.0,2025-01-09
414795.0,4568585.0,2025-01-09
414805.0,4568585.0,2025-01-09
414815.0,4568585.0,2025-01-09
414825.0,4568585.0,2025-01-09
414835.0,4568585.0,2025-01-09
414845.0,4568585.0,2025-01-09
414855.0,4568585.0,2025-01-09
414865.0,4568585.0,2025-01-09
414875.0,4568585.0,2025-01-09
414885.0,4568585.0,2025-01-09
414895.0,4568585.0,2025-01-09
414905.0,4568585.0,2025-01-09
414915.0,4568585.0,2025-01-09
414925.0,4568585.0,2025-01-09
414935.0,4568585.0,2025-01-09
414945.0,4568585.0,2025-01-09
414955.0,4568585.0,2025-01-09
414965.0,4568585.0,2025-01-09
414975.0,4568585.0,2025-01-09
414985.0,4568585.0,2025-01-09
414995.0,4568585.0,2025-01-09
415005.0,4568585.0,2025-01-09
415015.0,4568585.0,2025-01-09
415025.0,4568585.0,2025-01-09
415035.0,4568585.0,2025-01-09
415045.0,4568585.0,2025-01-09
415055.0,4568585.0,2025-01-09
415065.0,4568585.0,2025-01-09
415075.0,4568585.0,2025-01-09
415085.0,4568585.0,2025-01-09
415095.0,4568585.0,2025-01-09
415105.0,4568585.0,2025-01-09
415115.0,4568585.0,2025-01-09
415125.0,4568585.0,2025-01-09
415135.0,4568585.0,2025-01-09
415145.0,4568585.0,2025-01-09
415155.0,4568585.0,2025-01-09
415165.0,4568585.0,2025-01-09
415175.0,4568585.0,2025-01-09
415185.0,4568585.0,2025-01-09
415195.0,4568585.0,2025-01-09
415205.0,4568585.0,2025-01-09
415215.0,4568585.0,2025-01-09
415225.0,4568585.0,2025-01-09
415235.0,4568585.0,2025-01-09
415245.0,4568585.0,2025-01-09
415255.0,4568585.0,2025-01-09
415265.0,4568585.0,2025-01-09
415275.0,4568585.0,2025-01-09
415285.0,4568585.0,2025-01-09
415295.0,4568585.0,2025-01-09
415305.0,4568585.0,2025-01-09
415315.0,4568585.0,2025-01-09
415325.0,4568585.0,2025-01-09
415335.0,4568585.0,2025-01-09
415345.0,4568585.0,2025-01-09
415355.0,4568585.0,2025-01-09
415365.0,4568585.0,2025-01-09
415375.0,4568585.0,2025-01-09
415385.0,4568585.0,2025-01-09
415395.0,4568585.0,2025-01-09
415405.0,4568585.0,2025-01-09
415415.0,4568585.0,2025-01-09
415425.0,4568585.0,2025-01-09
415435.0,4568585.0,2025-01-09
415445.0,4568585.0,2025-01-09
415455.0,4568585.0,2025-01-09
415465.0,4568585.0,2025-01-09
415475.0,4568585.0,2025-01-09
415485.0,4568585.0,2025-01-09
415495.0,4568585.0,2025-01-09
415505.0,4568585.0,2025-01-09
415515.0,4568585.0,2025-01-09
415525.0,4568585.0,2025-01-09
415535.0,4568585.0,2025-01-09
415545.0,4568585.0,2025-01-09
415555.0,4568585.0,2025-01-09
415565.0,4568585.0,2025-01-09
415575.0,4568585.0,2025-01-09
415585.0,4568585.0,2025-01-09
415595.0,4568585.0,2025-01-09
415605.0,4568585.0,2025-01-09
415615.0,4568585.0,2025-01-09
415625.0,4568585.0,2025-01-09
415635.0,4568585.0,2025-01-09
415645.0,4568585.0,2025-01-09
415655.0,4568585.0,2025-01-09
415665.0,4568585.0,2025-01-09
415675.0,4568585.0,2025-01-09
415685.0,4568585.0,2025-01-09
415695.0,4568585.0,2025-01-09
415705.0,4568585.0,2025-01-09
415715.0,4568585.0,2025-01-09
415725.0,4568585.0,2025-01-09
415735.0,4568585.0,2025-01-09
415745.0,4568585.0,2025-01-09
415755.0,4568585.0,2025-01-09
415765.0,4568585.0,2025-01-09
415775.0,4568585.0,2025-01-09
415785.0,4568585.0,2025-01-09
415795.0,4568585.0,2025-01-09
415805.0,4568585.0,2025-01-09
415815.0,4568585.0,2025-01-09
415825.0,4568585.0,2025-01-09
415835.0,4568585.0,2025-01-09
415845.0,4568585.0,2025-01-09
415855.0,4568585.0,2025-01-09
415865.0,4568585.0,2025-01-09
415875.0,4568585.0,2025-01-09
415885.0,4568585.0,2025-01-09
415895.0,4568585.0,2025-01-09
415905.0,4568585.0,2025-01-09
415915.0,4568585.0,2025-01-09
415925.0,4568585.0,2025-01-09
415935.0,4568585.0,2025-01-09
415945.0,4568585.0,2025-01-09
415955.0,4568585.0,2025-01-09
415965.0,4568585.0,2025-01-09
415975.0,4568585.0,2025-01-09
415985.0,4568585.0,2025-01-09
415995.0,4568585.0,2025-01-09
416005.0,4568585.0,2025-01-09
416015.0,4568585.0,2025-01-09
416025.0,4568585.0,2025-01-09
416035.0,4568585.0,2025-01-09
416045.0,4568585.0,2025-01-09
416055.0,4568585.0,2025-01-09
416065.0,4568585.0,2025-01-09
416075.0,4568585.0,2025-01-09
416085.0,4568585.0,2025-01-09
416095.0,4568585.0,2025-01-09
416105.0,4568585.0,2025-01-09
416115.0,4568585.0,2025-01-09
416125.0,4568585.0,2025-01-09
416135.0,4568585.0,2025-01-09
416145.0,4568585.0,2025-01-09
416155.0,4568585.0,2025-01-09
416165.0,4568585.0,2025-01-09
416175.0,4568585.0,2025-01-09
416185.0,4568585.0,2025-01-09
416195.0,4568585.0,2025-01-09
416205.0,4568585.0,2025-01-09
416215.0,4568585.0,2025-01-09
416225.0,4568585.0,2025-01-09
416235.0,4568585.0,2025-01-09
416245.0,4568585.0,2025-01-09
416255.0,4568585.0,2025-01-09
416265.0,4568585.0,2025-01-09
416275.0,4568585.0,2025-01-09
416285.0,4568585.0,2025-01-09
416295.0,4568585.0,2025-01-09
416305.0,4568585.0,2025-01-09
416315.0,4568585.0,2025-01-09
416325.0,4568585.0,2025-01-09
416335.0,4568585.0,2025-01-09
416345.0,4568585.0,2025-01-09
416355.0,4568585.0,2025-01-09
416365.0,4568585.0,2025-01-09
416375.0,4568585.0,2025-01-09
416385.0,4568585.0,2025-01-09
416395.0,4568585.0,2025-01-09
416405.0,4568585.0,2025-01-09
416415.0,4568585.0,2025-01-09
416425.0,4568585.0,2025-01-09
416435.0,4568585.0,2025-01-09
416445.0,4568585.0,2025-01-09
416455.0,4568585.0,2025-01-09
411745.0,4568575.0,2025-01-09
411755.0,4568575.0,2025-01-09
411765.0,4568575.0,2025-01-09
411775.0,4568575.0,2025-01-09
411785.0,4568575.0,2025-01-09
411795.0,4568575.0,2025-01-09
411805.0,4568575.0,2025-01-09
411815.0,4568575.0,2025-01-09
411825.0,4568575.0,2025-01-09
411835.0,4568575.0,2025-01-09
411845.0,4568575.0,2025-01-09
411855.0,4568575.0,2025-01-09
411865.0,4568575.0,2025-01-09
411875.0,4568575.0,2025-01-09
411885.0,4568575.0,2025-01-09
411895.0,4568575.0,2025-01-09
411905.0,4568575.0,2025-01-09
411915.0,4568575.0,2025-01-09
411925.0,4568575.0,2025-01-09
411935.0,4568575.0,2025-01-09
411945.0,4568575.0,2025-01-09
411955.0,4568575.0,2025-01-09
411965.0,4568575.0,2025-01-09
411975.0,4568575.0,2025-01-09
411985.0,4568575.0,2025-01-09
411995.0,4568575.0,2025-01-09
412005.0,4568575.0,2025-01-09
412015.0,4568575.0,2025-01-09
412025.0,4568575.0,2025-01-09
412035.0,4568575.0,2025-01-09
412045.0,4568575.0,2025-01-09
412055.0,4568575.0,2025-01-09
412065.0,4568575.0,2025-01-09
412075.0,4568575.0,2025-01-09
412085.0,4568575.0,2025-01-09
412095.0,4568575.0,2025-01-09
412105.0,4568575.0,2025-01-09
412115.0,4568575.0,2025-01-09
412125.0,4568575.0,2025-01-09
412135.0,4568575.0,2025-01-09
412145.0,4568575.0,2025-01-09
412155.0,4568575.0,2025-01-09
412165.0,4568575.0,2025-01-09
412175.0,4568575.0,2025-01-09
412185.0,4568575.0,2025-01-09
412195.0,4568575.0,2025-01-09
412205.0,4568575.0,2025-01-09
412215.0,4568575.0,2025-01-09
412225.0,4568575.0,2025-01-09
412235.0,4568575.0,2025-01-09
412245.0,4568575.0,2025-01-09
412255.0,4568575.0,2025-01-09
412265.0,4568575.0,2025-01-09
412275.0,4568575.0,2025-01-09
412285.0,4568575.0,2025-01-09
412295.0,4568575.0,2025-01-09
412305.0,4568575.0,2025-01-09
412315.0,4568575.0,2025-01-09
412325.0,4568575.0,2025-01-09
412335.0,4568575.0,2025-01-09
412345.0,4568575.0,2025-01-09
412355.0,4568575.0,2025-01-09
412365.0,4568575.0,2025-01-09
412375.0,4568575.0,2025-01-09
412385.0,4568575.0,2025-01-09
412395.0,4568575.0,2025-01-09
412405.0,4568575.0,2025-01-09
412415.0,4568575.0,2025-01-09
412425.0,4568575.0,2025-01-09
412435.0,4568575.0,2025-01-09
412445.0,4568575.0,2025-01-09
412455.0,4568575.0,2025-01-09
412465.0,4568575.0,2025-01-09
412475.0,4568575.0,2025-01-09
412485.0,4568575.0,2025-01-09
412495.0,4568575.0,2025-01-09
412505.0,4568575.0,2025-01-09
412515.0,4568575.0,2025-01-09
412525.0,4568575.0,2025-01-09
412535.0,4568575.0,2025-01-09
412545.0,4568575.0,2025-01-09
412555.0,4568575.0,2025-01-09
412565.0,4568575.0,2025-01-09
412575.0,4568575.0,2025-01-09
412585.0,4568575.0,2025-01-09
412595.0,4568575.0,2025-01-09
412605.0,4568575.0,2025-01-09
412615.0,4568575.0,2025-01-09
412625.0,4568575.0,2025-01-09
412635.0,4568575.0,2025-01-09
412645.0,4568575.0,2025-01-09
412655.0,4568575.0,2025-01-09
412665.0,4568575.0,2025-01-09
412675.0,4568575.0,2025-01-09
412685.0,4568575.0,2025-01-09
412695.0,4568575.0,2025-01-09
412705.0,4568575.0,2025-01-09
412715.0,4568575.0,2025-01-09
412725.0,4568575.0,2025-01-09
412735.0,4568575.0,2025-01-09
412745.0,4568575.0,2025-01-09
412755.0,4568575.0,2025-01-09
412765.0,4568575.0,2025-01-09
412775.0,4568575.0,2025-01-09
412785.0,4568575.0,2025-01-09
412795.0,4568575.0,2025-01-09
412805.0,4568575.0,2025-01-09
412815.0,4568575.0,2025-01-09
412825.0,4568575.0,2025-01-09
412835.0,4568575.0,2025-01-09
412845.0,4568575.0,2025-01-09
412855.0,4568575.0,2025-01-09
412865.0,4568575.0,2025-01-09
412875.0,4568575.0,2025-01-09
412885.0,4568575.0,2025-01-09
412895.0,4568575.0,2025-01-09
412905.0,4568575.0,2025-01-09
412915.0,4568575.0,2025-01-09
412925.0,4568575.0,2025-01-09
412935.0,4568575.0,2025-01-09
412945.0,4568575.0,2025-01-09
412955.0,4568575.0,2025-01-09
412965.0,4568575.0,2025-01-09
412975.0,4568575.0,2025-01-09
412985.0,4568575.0,2025-01-09
412995.0,4568575.0,2025-01-09
413005.0,4568575.0,2025-01-09
413015.0,4568575.0,2025-01-09
413025.0,4568575.0,2025-01-09
413035.0,4568575.0,2025-01-09
413045.0,4568575.0,2025-01-09
413055.0,4568575.0,2025-01-09
413065.0,4568575.0,2025-01-09
413075.0,4568575.0,2025-01-09
413085.0,4568575.0,2025-01-09
413095.0,4568575.0,2025-01-09
413105.0,4568575.0,2025-01-09
413115.0,4568575.0,2025-01-09
413125.0,4568575.0,2025-01-09
413135.0,4568575.0,2025-01-09
413145.0,4568575.0,2025-01-09
413155.0,4568575.0,2025-01-09
413165.0,4568575.0,2025-01-09
413175.0,4568575.0,2025-01-09
413185.0,4568575.0,2025-01-09
413195.0,4568575.0,2025-01-09
413205.0,4568575.0,2025-01-09
413215.0,4568575.0,2025-01-09
413225.0,4568575.0,2025-01-09
413235.0,4568575.0,2025-01-09
413245.0,4568575.0,2025-01-09
413255.0,4568575.0,2025-01-09
413265.0,4568575.0,2025-01-09
413275.0,4568575.0,2025-01-09
413285.0,4568575.0,2025-01-09
413295.0,4568575.0,2025-01-09
413305.0,4568575.0,2025-01-09
413315.0,4568575.0,2025-01-09
413325.0,4568575.0,2025-01-09
413335.0,4568575.0,2025-01-09
413345.0,4568575.0,2025-01-09
413355.0,4568575.0,2025-01-09
413365.0,4568575.0,2025-01-09
413375.0,4568575.0,2025-01-09
413385.0,4568575.0,2025-01-09
413395.0,4568575.0,2025-01-09
413405.0,4568575.0,2025-01-09
413415.0,4568575.0,2025-01-09
413425.0,4568575.0,2025-01-09
413435.0,4568575.0,2025-01-09
413445.0,4568575.0,2025-01-09
413455.0,4568575.0,2025-01-09
413465.0,4568575.0,2025-01-09
413475.0,4568575.0,2025-01-09
413485.0,4568575.0,2025-01-09
413495.0,4568575.0,2025-01-09
413505.0,4568575.0,2025-01-09
413515.0,4568575.0,2025-01-09
413525.0,4568575.0,2025-01-09
413535.0,4568575.0,2025-01-09
413545.0,4568575.0,2025-01-09
413555.0,4568575.0,2025-01-09
413565.0,4568575.0,2025-01-09
413575.0,4568575.0,2025-01-09
413585.0,4568575.0,2025-01-09
413595.0,4568575.0,2025-01-09
413605.0,4568575.0,2025-01-09
413615.0,4568575.0,2025-01-09
413625.0,4568575.0,2025-01-09
413635.0,4568575.0,2025-01-09
413645.0,4568575.0,2025-01-09
413655.0,4568575.0,2025-01-09
413665.0,4568575.0,2025-01-09
413675.0,4568575.0,2025-01-09
413685.0,4568575.0,2025-01-09
413695.0,4568575.0,2025-01-09
413705.0,4568575.0,2025-01-09
413715.0,4568575.0,2025-01-09
413725.0,4568575.0,2025-01-09
413735.0,4568575.0,2025-01-09
413745.0,4568575.0,2025-01-09
413755.0,4568575.0,2025-01-09
413765.0,4568575.0,2025-01-09
413775.0,4568575.0,2025-01-09
413785.0,4568575.0,2025-01-09
413795.0,4568575.0,2025-01-09
413805.0,4568575.0,2025-01-09
413815.0,4568575.0,2025-01-09
413825.0,4568575.0,2025-01-09
413835.0,4568575.0,2025-01-09
413845.0,4568575.0,2025-01-09
413855.0,4568575.0,2025-01-09
413865.0,4568575.0,2025-01-09
413875.0,4568575.0,2025-01-09
413885.0,4568575.0,2025-01-09
413895.0,4568575.0,2025-01-09
413905.0,4568575.0,2025-01-09
413915.0,4568575.0,2025-01-09
413925.0,4568575.0,2025-01-09
413935.0,4568575.0,2025-01-09
413945.0,4568575.0,2025-01-09
413955.0,4568575.0,2025-01-09
413965.0,4568575.0,2025-01-09
413975.0,4568575.0,2025-01-09
413985.0,4568575.0,2025-01-09
413995.0,4568575.0,2025-01-09
414005.0,4568575.0,2025-01-09
414015.0,4568575.0,2025-01-09
414025.0,4568575.0,2025-01-09
414035.0,4568575.0,2025-01-09
414045.0,4568575.0,2025-01-09
414055.0,4568575.0,2025-01-09
414065.0,4568575.0,2025-01-09
414075.0,4568575.0,2025-01-09
414085.0,4568575.0,2025-01-09
414095.0,4568575.0,2025-01-09
414105.0,4568575.0,2025-01-09
414115.0,4568575.0,2025-01-09
414125.0,4568575.0,2025-01-09
414135.0,4568575.0,2025-01-09
414145.0,4568575.0,2025-01-09
414155.0,4568575.0,2025-01-09
414165.0,4568575.0,2025-01-09
414175.0,4568575.0,2025-01-09
414185.0,4568575.0,2025-01-09
414195.0,4568575.0,2025-01-09
414205.0,4568575.0,2025-01-09
414215.0,4568575.0,2025-01-09
414225.0,4568575.0,2025-01-09
414235.0,4568575.0,2025-01-09
414245.0,4568575.0,2025-01-09
414255.0,4568575.0,2025-01-09
414265.0,4568575.0,2025-01-09
414275.0,4568575.0,2025-01-09
414285.0,4568575.0,2025-01-09
414295.0,4568575.0,2025-01-09
414305.0,4568575.0,2025-01-09
414315.0,4568575.0,2025-01-09
414325.0,4568575.0,2025-01-09
414335.0,4568575.0,2025-01-09
414345.0,4568575.0,2025-01-09
414355.0,4568575.0,2025-01-09
414365.0,4568575.0,2025-01-09
414375.0,4568575.0,2025-01-09
414385.0,4568575.0,2025-01-09
414395.0,4568575.0,2025-01-09
414405.0,4568575.0,2025-01-09
414415.0,4568575.0,2025-01-09
414425.0,4568575.0,2025-01-09
414435.0,4568575.0,2025-01-09
414445.0,4568575.0,2025-01-09
414455.0,4568575.0,2025-01-09
414465.0,4568575.0,2025-01-09
414475.0,4568575.0,2025-01-09
414485.0,4568575.0,2025-01-09
414495.0,4568575.0,2025-01-09
414505.0,4568575.0,2025-01-09
414515.0,4568575.0,2025-01-09
414525.0,4568575.0,2025-01-09
414535.0,4568575.0,2025-01-09
414545.0,4568575.0,2025-01-09
414555.0,4568575.0,2025-01-09
414565.0,4568575.0,2025-01-09
414575.0,4568575.0,2025-01-09
414585.0,4568575.0,2025-01-09
414595.0,4568575.0,2025-01-09
414605.0,4568575.0,2025-01-09
414615.0,4568575.0,2025-01-09
414625.0,4568575.0,2025-01-09
414635.0,4568575.0,2025-01-09
414645.0,4568575.0,2025-01-09
414655.0,4568575.0,2025-01-09
414665.0,4568575.0,2025-01-09
414675.0,4568575.0,2025-01-09
414685.0,4568575.0,2025-01-09
414695.0,4568575.0,2025-01-09
414705.0,4568575.0,2025-01-09
414715.0,4568575.0,2025-01-09
414725.0,4568575.0,2025-01-09
414735.0,4568575.0,2025-01-09
414745.0,4568575.0,2025-01-09
414755.0,4568575.0,2025-01-09
414765.0,4568575.0,2025-01-09
414775.0,4568575.0,2025-01-09
414785.0,4568575.0,2025-01-09
414795.0,4568575.0,2025-01-09
414805.0,4568575.0,2025-01-09
414815.0,4568575.0,2025-01-09
414825.0,4568575.0,2025-01-09
414835.0,4568575.0,2025-01-09
414845.0,4568575.0,2025-01-09
414855.0,4568575.0,2025-01-09
414865.0,4568575.0,2025-01-09
414875.0,4568575.0,2025-01-09
414885.0,4568575.0,2025-01-09
414895.0,4568575.0,2025-01-09
414905.0,4568575.0,2025-01-09
414915.0,4568575.0,2025-01-09
414925.0,4568575.0,2025-01-09
414935.0,4568575.0,2025-01-09
414945.0,4568575.0,2025-01-09
414955.0,4568575.0,2025-01-09
414965.0,4568575.0,2025-01-09
414975.0,4568575.0,2025-01-09
414985.0,4568575.0,2025-01-09
414995.0,4568575.0,2025-01-09
415005.0,4568575.0,2025-01-09
415015.0,4568575.0,2025-01-09
415025.0,4568575.0,2025-01-09
415035.0,4568575.0,2025-01-09
415045.0,4568575.0,2025-01-09
415055.0,4568575.0,2025-01-09
415065.0,4568575.0,2025-01-09
415075.0,4568575.0,2025-01-09
415085.0,4568575.0,2025-01-09
415095.0,4568575.0,2025-01-09
415105.0,4568575.0,2025-01-09
415115.0,4568575.0,2025-01-09
415125.0,4568575.0,2025-01-09
415135.0,4568575.0,2025-01-09
415145.0,4568575.0,2025-01-09
415155.0,4568575.0,2025-01-09
415165.0,4568575.0,2025-01-09
415175.0,4568575.0,2025-01-09
415185.0,4568575.0,2025-01-09
415195.0,4568575.0,2025-01-09
415205.0,4568575.0,2025-01-09
415215.0,4568575.0,2025-01-09
415225.0,4568575.0,2025-01-09
415235.0,4568575.0,2025-01-09
415245.0,4568575.0,2025-01-09
415255.0,4568575.0,2025-01-09
415265.0,4568575.0,2025-01-09
415275.0,4568575.0,2025-01-09
415285.0,4568575.0,2025-01-09
415295.0,4568575.0,2025-01-09
415305.0,4568575.0,2025-01-09
415315.0,4568575.0,2025-01-09
415325.0,4568575.0,2025-01-09
415335.0,4568575.0,2025-01-09
415345.0,4568575.0,2025-01-09
415355.0,4568575.0,2025-01-09
415365.0,4568575.0,2025-01-09
415375.0,4568575.0,2025-01-09
415385.0,4568575.0,2025-01-09
415395.0,4568575.0,2025-01-09
415405.0,4568575.0,2025-01-09
415415.0,4568575.0,2025-01-09
415425.0,4568575.0,2025-01-09
415435.0,4568575.0,2025-01-09
415445.0,4568575.0,2025-01-09
415455.0,4568575.0,2025-01-09
415465.0,4568575.0,2025-01-09
415475.0,4568575.0,2025-01-09
415485.0,4568575.0,2025-01-09
415495.0,4568575.0,2025-01-09
415505.0,4568575.0,2025-01-09
415515.0,4568575.0,2025-01-09
415525.0,4568575.0,2025-01-09
415535.0,4568575.0,2025-01-09
415545.0,4568575.0,2025-01-09
415555.0,4568575.0,2025-01-09
415565.0,4568575.0,2025-01-09
415575.0,4568575.0,2025-01-09
415585.0,4568575.0,2025-01-09
415595.0,4568575.0,2025-01-09
415605.0,4568575.0,2025-01-09
415615.0,4568575.0,2025-01-09
415625.0,4568575.0,2025-01-09
415635.0,4568575.0,2025-01-09
415645.0,4568575.0,2025-01-09
415655.0,4568575.0,2025-01-09
415665.0,4568575.0,2025-01-09
415675.0,4568575.0,2025-01-09
415685.0,4568575.0,2025-01-09
415695.0,4568575.0,2025-01-09
415705.0,4568575.0,2025-01-09
415715.0,4568575.0,2025-01-09
415725.0,4568575.0,2025-01-09
415735.0,4568575.0,2025-01-09
415745.0,4568575.0,2025-01-09
415755.0,4568575.0,2025-01-09
415765.0,4568575.0,2025-01-09
415775.0,4568575.0,2025-01-09
415785.0,4568575.0,2025-01-09
415795.0,4568575.0,2025-01-09
415805.0,4568575.0,2025-01-09
415815.0,4568575.0,2025-01-09
415825.0,4568575.0,2025-01-09
415835.0,4568575.0,2025-01-09
415845.0,4568575.0,2025-01-09
415855.0,4568575.0,2025-01-09
415865.0,4568575.0,2025-01-09
415875.0,4568575.0,2025-01-09
415885.0,4568575.0,2025-01-09
415895.0,4568575.0,2025-01-09
415905.0,4568575.0,2025-01-09
415915.0,4568575.0,2025-01-09
415925.0,4568575.0,2025-01-09
415935.0,4568575.0,2025-01-09
415945.0,4568575.0,2025-01-09
415955.0,4568575.0,2025-01-09
415965.0,4568575.0,2025-01-09
415975.0,4568575.0,2025-01-09
415985.0,4568575.0,2025-01-09
415995.0,4568575.0,2025-01-09
416005.0,4568575.0,2025-01-09
416015.0,4568575.0,2025-01-09
416025.0,4568575.0,2025-01-09
416035.0,4568575.0,2025-01-09
416045.0,4568575.0,2025-01-09
416055.0,4568575.0,2025-01-09
416065.0,4568575.0,2025-01-09
416075.0,4568575.0,2025-01-09
416085.0,4568575.0,2025-01-09
416095.0,4568575.0,2025-01-09
416105.0,4568575.0,2025-01-09
416115.0,4568575.0,2025-01-09
416125.0,4568575.0,2025-01-09
416135.0,4568575.0,2025-01-09
416145.0,4568575.0,2025-01-09
416155.0,4568575.0,2025-01-09
416165.0,4568575.0,2025-01-09
416175.0,4568575.0,2025-01-09
416185.0,4568575.0,2025-01-09
416195.0,4568575.0,2025-01-09
416205.0,4568575.0,2025-01-09
416215.0,4568575.0,2025-01-09
416225.0,4568575.0,2025-01-09
416235.0,4568575.0,2025-01-09
416245.0,4568575.0,2025-01-09
416255.0,4568575.0,2025-01-09
416265.0,4568575.0,2025-01-09
416275.0,4568575.0,2025-01-09
416285.0,4568575.0,2025-01-09
416295.0,4568575.0,2025-01-09
416305.0,4568575.0,2025-01-09
416315.0,4568575.0,2025-01-09
416325.0,4568575.0,2025-01-09
416335.0,4568575.0,2025-01-09
416345.0,4568575.0,2025-01-09
416355.0,4568575.0,2025-01-09
416365.0,4568575.0,2025-01-09
416375.0,4568575.0,2025-01-09
416385.0,4568575.0,2025-01-09
416395.0,4568575.0,2025-01-09
416405.0,4568575.0,2025-01-09
416415.0,4568575.0,2025-01-09
416425.0,4568575.0,2025-01-09
416435.0,4568575.0,2025-01-09
416445.0,4568575.0,2025-01-09
416455.0,4568575.0,2025-01-09
411745.0,4568565.0,2025-01-09
411755.0,4568565.0,2025-01-09
411765.0,4568565.0,2025-01-09
411775.0,4568565.0,2025-01-09
411785.0,4568565.0,2025-01-09
411795.0,4568565.0,2025-01-09
411805.0,4568565.0,2025-01-09
411815.0,4568565.0,2025-01-09
411825.0,4568565.0,2025-01-09
411835.0,4568565.0,2025-01-09
411845.0,4568565.0,2025-01-09
411855.0,4568565.0,2025-01-09
411865.0,4568565.0,2025-01-09
411875.0,4568565.0,2025-01-09
411885.0,4568565.0,2025-01-09
411895.0,4568565.0,2025-01-09
411905.0,4568565.0,2025-01-09
411915.0,4568565.0,2025-01-09
411925.0,4568565.0,2025-01-09
411935.0,4568565.0,2025-01-09
411945.0,4568565.0,2025-01-09
411955.0,4568565.0,2025-01-09
411965.0,4568565.0,2025-01-09
411975.0,4568565.0,2025-01-09
411985.0,4568565.0,2025-01-09
411995.0,4568565.0,2025-01-09
412005.0,4568565.0,2025-01-09
412015.0,4568565.0,2025-01-09
412025.0,4568565.0,2025-01-09
412035.0,4568565.0,2025-01-09
412045.0,4568565.0,2025-01-09
412055.0,4568565.0,2025-01-09
412065.0,4568565.0,2025-01-09
412075.0,4568565.0,2025-01-09
412085.0,4568565.0,2025-01-09
412095.0,4568565.0,2025-01-09
412105.0,4568565.0,2025-01-09
412115.0,4568565.0,2025-01-09
412125.0,4568565.0,2025-01-09
412135.0,4568565.0,2025-01-09
412145.0,4568565.0,2025-01-09
412155.0,4568565.0,2025-01-09
412165.0,4568565.0,2025-01-09
412175.0,4568565.0,2025-01-09
412185.0,4568565.0,2025-01-09
412195.0,4568565.0,2025-01-09
412205.0,4568565.0,2025-01-09
412215.0,4568565.0,2025-01-09
412225.0,4568565.0,2025-01-09
412235.0,4568565.0,2025-01-09
412245.0,4568565.0,2025-01-09
412255.0,4568565.0,2025-01-09
412265.0,4568565.0,2025-01-09
412275.0,4568565.0,2025-01-09
412285.0,4568565.0,2025-01-09
412295.0,4568565.0,2025-01-09
412305.0,4568565.0,2025-01-09
412315.0,4568565.0,2025-01-09
412325.0,4568565.0,2025-01-09
412335.0,4568565.0,2025-01-09
412345.0,4568565.0,2025-01-09
412355.0,4568565.0,2025-01-09
412365.0,4568565.0,2025-01-09
412375.0,4568565.0,2025-01-09
412385.0,4568565.0,2025-01-09
412395.0,4568565.0,2025-01-09
412405.0,4568565.0,2025-01-09
412415.0,4568565.0,2025-01-09
412425.0,4568565.0,2025-01-09
412435.0,4568565.0,2025-01-09
412445.0,4568565.0,2025-01-09
412455.0,4568565.0,2025-01-09
412465.0,4568565.0,2025-01-09
412475.0,4568565.0,2025-01-09
412485.0,4568565.0,2025-01-09
412495.0,4568565.0,2025-01-09
412505.0,4568565.0,2025-01-09
412515.0,4568565.0,2025-01-09
412525.0,4568565.0,2025-01-09
412535.0,4568565.0,2025-01-09
412545.0,4568565.0,2025-01-09
412555.0,4568565.0,2025-01-09
412565.0,4568565.0,2025-01-09
412575.0,4568565.0,2025-01-09
412585.0,4568565.0,2025-01-09
412595.0,4568565.0,2025-01-09
412605.0,4568565.0,2025-01-09
412615.0,4568565.0,2025-01-09
412625.0,4568565.0,2025-01-09
412635.0,4568565.0,2025-01-09
412645.0,4568565.0,2025-01-09
412655.0,4568565.0,2025-01-09
412665.0,4568565.0,2025-01-09
412675.0,4568565.0,2025-01-09
412685.0,4568565.0,2025-01-09
412695.0,4568565.0,2025-01-09
412705.0,4568565.0,2025-01-09
412715.0,4568565.0,2025-01-09
412725.0,4568565.0,2025-01-09
412735.0,4568565.0,2025-01-09
412745.0,4568565.0,2025-01-09
412755.0,4568565.0,2025-01-09
412765.0,4568565.0,2025-01-09
412775.0,4568565.0,2025-01-09
412785.0,4568565.0,2025-01-09
412795.0,4568565.0,2025-01-09
412805.0,4568565.0,2025-01-09
412815.0,4568565.0,2025-01-09
412825.0,4568565.0,2025-01-09
412835.0,4568565.0,2025-01-09
412845.0,4568565.0,2025-01-09
412855.0,4568565.0,2025-01-09
412865.0,4568565.0,2025-01-09
412875.0,4568565.0,2025-01-09
412885.0,4568565.0,2025-01-09
412895.0,4568565.0,2025-01-09
412905.0,4568565.0,2025-01-09
412915.0,4568565.0,2025-01-09
412925.0,4568565.0,2025-01-09
412935.0,4568565.0,2025-01-09
412945.0,4568565.0,2025-01-09
412955.0,4568565.0,2025-01-09
412965.0,4568565.0,2025-01-09
412975.0,4568565.0,2025-01-09
412985.0,4568565.0,2025-01-09
412995.0,4568565.0,2025-01-09
413005.0,4568565.0,2025-01-09
413015.0,4568565.0,2025-01-09
413025.0,4568565.0,2025-01-09
413035.0,4568565.0,2025-01-09
413045.0,4568565.0,2025-01-09
413055.0,4568565.0,2025-01-09
413065.0,4568565.0,2025-01-09
413075.0,4568565.0,2025-01-09
413085.0,4568565.0,2025-01-09
413095.0,4568565.0,2025-01-09
413105.0,4568565.0,2025-01-09
413115.0,4568565.0,2025-01-09
413125.0,4568565.0,2025-01-09
413135.0,4568565.0,2025-01-09
413145.0,4568565.0,2025-01-09
413155.0,4568565.0,2025-01-09
413165.0,4568565.0,2025-01-09
413175.0,4568565.0,2025-01-09
413185.0,4568565.0,2025-01-09
413195.0,4568565.0,2025-01-09
413205.0,4568565.0,2025-01-09
413215.0,4568565.0,2025-01-09
413225.0,4568565.0,2025-01-09
413235.0,4568565.0,2025-01-09
413245.0,4568565.0,2025-01-09
413255.0,4568565.0,2025-01-09
413265.0,4568565.0,2025-01-09
413275.0,4568565.0,2025-01-09
413285.0,4568565.0,2025-01-09
413295.0,4568565.0,2025-01-09
413305.0,4568565.0,2025-01-09
413315.0,4568565.0,2025-01-09
413325.0,4568565.0,2025-01-09
413335.0,4568565.0,2025-01-09
413345.0,4568565.0,2025-01-09
413355.0,4568565.0,2025-01-09
413365.0,4568565.0,2025-01-09
413375.0,4568565.0,2025-01-09
413385.0,4568565.0,2025-01-09
413395.0,4568565.0,2025-01-09
413405.0,4568565.0,2025-01-09
413415.0,4568565.0,2025-01-09
413425.0,4568565.0,2025-01-09
413435.0,4568565.0,2025-01-09
413445.0,4568565.0,2025-01-09
413455.0,4568565.0,2025-01-09
413465.0,4568565.0,2025-01-09
413475.0,4568565.0,2025-01-09
413485.0,4568565.0,2025-01-09
413495.0,4568565.0,2025-01-09
413505.0,4568565.0,2025-01-09
413515.0,4568565.0,2025-01-09
413525.0,4568565.0,2025-01-09
413535.0,4568565.0,2025-01-09
413545.0,4568565.0,2025-01-09
413555.0,4568565.0,2025-01-09
413565.0,4568565.0,2025-01-09
413575.0,4568565.0,2025-01-09
413585.0,4568565.0,2025-01-09
413595.0,4568565.0,2025-01-09
413605.0,4568565.0,2025-01-09
413615.0,4568565.0,2025-01-09
413625.0,4568565.0,2025-01-09
413635.0,4568565.0,2025-01-09
413645.0,4568565.0,2025-01-09
413655.0,4568565.0,2025-01-09
413665.0,4568565.0,2025-01-09
413675.0,4568565.0,2025-01-09
413685.0,4568565.0,2025-01-09
413695.0,4568565.0,2025-01-09
413705.0,4568565.0,2025-01-09
413715.0,4568565.0,2025-01-09
413725.0,4568565.0,2025-01-09
413735.0,4568565.0,2025-01-09
413745.0,4568565.0,2025-01-09
413755.0,4568565.0,2025-01-09
413765.0,4568565.0,2025-01-09
413775.0,4568565.0,2025-01-09
413785.0,4568565.0,2025-01-09
413795.0,4568565.0,2025-01-09
413805.0,4568565.0,2025-01-09
413815.0,4568565.0,2025-01-09
413825.0,4568565.0,2025-01-09
413835.0,4568565.0,2025-01-09
413845.0,4568565.0,2025-01-09
413855.0,4568565.0,2025-01-09
413865.0,4568565.0,2025-01-09
413875.0,4568565.0,2025-01-09
413885.0,4568565.0,2025-01-09
413895.0,4568565.0,2025-01-09
413905.0,4568565.0,2025-01-09
413915.0,4568565.0,2025-01-09
413925.0,4568565.0,2025-01-09
413935.0,4568565.0,2025-01-09
413945.0,4568565.0,2025-01-09
413955.0,4568565.0,2025-01-09
413965.0,4568565.0,2025-01-09
413975.0,4568565.0,2025-01-09
413985.0,4568565.0,2025-01-09
413995.0,4568565.0,2025-01-09
414005.0,4568565.0,2025-01-09
414015.0,4568565.0,2025-01-09
414025.0,4568565.0,2025-01-09
414035.0,4568565.0,2025-01-09
414045.0,4568565.0,2025-01-09
414055.0,4568565.0,2025-01-09
414065.0,4568565.0,2025-01-09
414075.0,4568565.0,2025-01-09
414085.0,4568565.0,2025-01-09
414095.0,4568565.0,2025-01-09
414105.0,4568565.0,2025-01-09
414115.0,4568565.0,2025-01-09
414125.0,4568565.0,2025-01-09
414135.0,4568565.0,2025-01-09
414145.0,4568565.0,2025-01-09
414155.0,4568565.0,2025-01-09
414165.0,4568565.0,2025-01-09
414175.0,4568565.0,2025-01-09
414185.0,4568565.0,2025-01-09
414195.0,4568565.0,2025-01-09
414205.0,4568565.0,2025-01-09
414215.0,4568565.0,2025-01-09
414225.0,4568565.0,2025-01-09
414235.0,4568565.0,2025-01-09
414245.0,4568565.0,2025-01-09
414255.0,4568565.0,2025-01-09
414265.0,4568565.0,2025-01-09
414275.0,4568565.0,2025-01-09
414285.0,4568565.0,2025-01-09
414295.0,4568565.0,2025-01-09
414305.0,4568565.0,2025-01-09
414315.0,4568565.0,2025-01-09
414325.0,4568565.0,2025-01-09
414335.0,4568565.0,2025-01-09
414345.0,4568565.0,2025-01-09
414355.0,4568565.0,2025-01-09
414365.0,4568565.0,2025-01-09
414375.0,4568565.0,2025-01-09
414385.0,4568565.0,2025-01-09
414395.0,4568565.0,2025-01-09
414405.0,4568565.0,2025-01-09
414415.0,4568565.0,2025-01-09
414425.0,4568565.0,2025-01-09
414435.0,4568565.0,2025-01-09
414445.0,4568565.0,2025-01-09
414455.0,4568565.0,2025-01-09
414465.0,4568565.0,2025-01-09
414475.0,4568565.0,2025-01-09
414485.0,4568565.0,2025-01-09
414495.0,4568565.0,2025-01-09
414505.0,4568565.0,2025-01-09
414515.0,4568565.0,2025-01-09
414525.0,4568565.0,2025-01-09
414535.0,4568565.0,2025-01-09
414545.0,4568565.0,2025-01-09
414555.0,4568565.0,2025-01-09
414565.0,4568565.0,2025-01-09
414575.0,4568565.0,2025-01-09
414585.0,4568565.0,2025-01-09
414595.0,4568565.0,2025-01-09
414605.0,4568565.0,2025-01-09
414615.0,4568565.0,2025-01-09
414625.0,4568565.0,2025-01-09
414635.0,4568565.0,2025-01-09
414645.0,4568565.0,2025-01-09
414655.0,4568565.0,2025-01-09
414665.0,4568565.0,2025-01-09
414675.0,4568565.0,2025-01-09
414685.0,4568565.0,2025-01-09
414695.0,4568565.0,2025-01-09
414705.0,4568565.0,2025-01-09
414715.0,4568565.0,2025-01-09
414725.0,4568565.0,2025-01-09
414735.0,4568565.0,2025-01-09
414745.0,4568565.0,2025-01-09
414755.0,4568565.0,2025-01-09
414765.0,4568565.0,2025-01-09
414775.0,4568565.0,2025-01-09
414785.0,4568565.0,2025-01-09
414795.0,4568565.0,2025-01-09
414805.0,4568565.0,2025-01-09
414815.0,4568565.0,2025-01-09
414825.0,4568565.0,2025-01-09
414835.0,4568565.0,2025-01-09
414845.0,4568565.0,2025-01-09
414855.0,4568565.0,2025-01-09
414865.0,4568565.0,2025-01-09
414875.0,4568565.0,2025-01-09
414885.0,4568565.0,2025-01-09
414895.0,4568565.0,2025-01-09
414905.0,4568565.0,2025-01-09
414915.0,4568565.0,2025-01-09
414925.0,4568565.0,2025-01-09
414935.0,4568565.0,2025-01-09
414945.0,4568565.0,2025-01-09
414955.0,4568565.0,2025-01-09
414965.0,4568565.0,2025-01-09
414975.0,4568565.0,2025-01-09
414985.0,4568565.0,2025-01-09
414995.0,4568565.0,2025-01-09
415005.0,4568565.0,2025-01-09
415015.0,4568565.0,2025-01-09
415025.0,4568565.0,2025-01-09
415035.0,4568565.0,2025-01-09
415045.0,4568565.0,2025-01-09
415055.0,4568565.0,2025-01-09
415065.0,4568565.0,2025-01-09
415075.0,4568565.0,2025-01-09
415085.0,4568565.0,2025-01-09
415095.0,4568565.0,2025-01-09
415105.0,4568565.0,2025-01-09
415115.0,4568565.0,2025-01-09
415125.0,4568565.0,2025-01-09
415135.0,4568565.0,2025-01-09
415145.0,4568565.0,2025-01-09
415155.0,4568565.0,2025-01-09
415165.0,4568565.0,2025-01-09
415175.0,4568565.0,2025-01-09
415185.0,4568565.0,2025-01-09
415195.0,4568565.0,2025-01-09
415205.0,4568565.0,2025-01-09
415215.0,4568565.0,2025-01-09
415225.0,4568565.0,2025-01-09
415235.0,4568565.0,2025-01-09
415245.0,4568565.0,2025-01-09
415255.0,4568565.0,2025-01-09
415265.0,4568565.0,2025-01-09
415275.0,4568565.0,2025-01-09
415285.0,4568565.0,2025-01-09
415295.0,4568565.0,2025-01-09
415305.0,4568565.0,2025-01-09
415315.0,4568565.0,2025-01-09
415325.0,4568565.0,2025-01-09
415335.0,4568565.0,2025-01-09
415345.0,4568565.0,2025-01-09
415355.0,4568565.0,2025-01-09
415365.0,4568565.0,2025-01-09
415375.0,4568565.0,2025-01-09
415385.0,4568565.0,2025-01-09
415395.0,4568565.0,2025-01-09
415405.0,4568565.0,2025-01-09
415415.0,4568565.0,2025-01-09
415425.0,4568565.0,2025-01-09
415435.0,4568565.0,2025-01-09
415445.0,4568565.0,2025-01-09
415455.0,4568565.0,2025-01-09
415465.0,4568565.0,2025-01-09
415475.0,4568565.0,2025-01-09
415485.0,4568565.0,2025-01-09
415495.0,4568565.0,2025-01-09
415505.0,4568565.0,2025-01-09
415515.0,4568565.0,2025-01-09
415525.0,4568565.0,2025-01-09
415535.0,4568565.0,2025-01-09
415545.0,4568565.0,2025-01-09
415555.0,4568565.0,2025-01-09
415565.0,4568565.0,2025-01-09
415575.0,4568565.0,2025-01-09
415585.0,4568565.0,2025-01-09
415595.0,4568565.0,2025-01-09
415605.0,4568565.0,2025-01-09
415615.0,4568565.0,2025-01-09
415625.0,4568565.0,2025-01-09
415635.0,4568565.0,2025-01-09
415645.0,4568565.0,2025-01-09
415655.0,4568565.0,2025-01-09
415665.0,4568565.0,2025-01-09
415675.0,4568565.0,2025-01-09
415685.0,4568565.0,2025-01-09
415695.0,4568565.0,2025-01-09
415705.0,4568565.0,2025-01-09
415715.0,4568565.0,2025-01-09
415725.0,4568565.0,2025-01-09
415735.0,4568565.0,2025-01-09
415745.0,4568565.0,2025-01-09
415755.0,4568565.0,2025-01-09
415765.0,4568565.0,2025-01-09
415775.0,4568565.0,2025-01-09
415785.0,4568565.0,2025-01-09
415795.0,4568565.0,2025-01-09
415805.0,4568565.0,2025-01-09
415815.0,4568565.0,2025-01-09
415825.0,4568565.0,2025-01-09
415835.0,4568565.0,2025-01-09
415845.0,4568565.0,2025-01-09
415855.0,4568565.0,2025-01-09
415865.0,4568565.0,2025-01-09
415875.0,4568565.0,2025-01-09
415885.0,4568565.0,2025-01-09
415895.0,4568565.0,2025-01-09
415905.0,4568565.0,2025-01-09
415915.0,4568565.0,2025-01-09
415925.0,4568565.0,2025-01-09
415935.0,4568565.0,2025-01-09
415945.0,4568565.0,2025-01-09
415955.0,4568565.0,2025-01-09
415965.0,4568565.0,2025-01-09
415975.0,4568565.0,2025-01-09
415985.0,4568565.0,2025-01-09
415995.0,4568565.0,2025-01-09
416005.0,4568565.0,2025-01-09
416015.0,4568565.0,2025-01-09
416025.0,4568565.0,2025-01-09
416035.0,4568565.0,2025-01-09
416045.0,4568565.0,2025-01-09
416055.0,4568565.0,2025-01-09
416065.0,4568565.0,2025-01-09
416075.0,4568565.0,2025-01-09
416085.0,4568565.0,2025-01-09
416095.0,4568565.0,2025-01-09
416105.0,4568565.0,2025-01-09
416115.0,4568565.0,2025-01-09
416125.0,4568565.0,2025-01-09
416135.0,4568565.0,2025-01-09
416145.0,4568565.0,2025-01-09
416155.0,4568565.0,2025-01-09
416165.0,4568565.0,2025-01-09
416175.0,4568565.0,2025-01-09
416185.0,4568565.0,2025-01-09
416195.0,4568565.0,2025-01-09
416205.0,4568565.0,2025-01-09
416215.0,4568565.0,2025-01-09
416225.0,4568565.0,2025-01-09
416235.0,4568565.0,2025-01-09
416245.0,4568565.0,2025-01-09
416255.0,4568565.0,2025-01-09
416265.0,4568565.0,2025-01-09
416275.0,4568565.0,2025-01-09
416285.0,4568565.0,2025-01-09
416295.0,4568565.0,2025-01-09
416305.0,4568565.0,2025-01-09
416315.0,4568565.0,2025-01-09
416325.0,4568565.0,2025-01-09
416335.0,4568565.0,2025-01-09
416345.0,4568565.0,2025-01-09
416355.0,4568565.0,2025-01-09
416365.0,4568565.0,2025-01-09
416375.0,4568565.0,2025-01-09
416385.0,4568565.0,2025-01-09
416395.0,4568565.0,2025-01-09
416405.0,4568565.0,2025-01-09
416415.0,4568565.0,2025-01-09
416425.0,4568565.0,2025-01-09
416435.0,4568565.0,2025-01-09
416445.0,4568565.0,2025-01-09
416455.0,4568565.0,2025-01-09
411745.0,4568555.0,2025-01-09
411755.0,4568555.0,2025-01-09
411765.0,4568555.0,2025-01-09
411775.0,4568555.0,2025-01-09
411785.0,4568555.0,2025-01-09
411795.0,4568555.0,2025-01-09
411805.0,4568555.0,2025-01-09
411815.0,4568555.0,2025-01-09
411825.0,4568555.0,2025-01-09
411835.0,4568555.0,2025-01-09
411845.0,4568555.0,2025-01-09
411855.0,4568555.0,2025-01-09
411865.0,4568555.0,2025-01-09
411875.0,4568555.0,2025-01-09
411885.0,4568555.0,2025-01-09
411895.0,4568555.0,2025-01-09
411905.0,4568555.0,2025-01-09
411915.0,4568555.0,2025-01-09
411925.0,4568555.0,2025-01-09
411935.0,4568555.0,2025-01-09
411945.0,4568555.0,2025-01-09
411955.0,4568555.0,2025-01-09
411965.0,4568555.0,2025-01-09
411975.0,4568555.0,2025-01-09
411985.0,4568555.0,2025-01-09
411995.0,4568555.0,2025-01-09
412005.0,4568555.0,2025-01-09
412015.0,4568555.0,2025-01-09
412025.0,4568555.0,2025-01-09
412035.0,4568555.0,2025-01-09
412045.0,4568555.0,2025-01-09
412055.0,4568555.0,2025-01-09
412065.0,4568555.0,2025-01-09
412075.0,4568555.0,2025-01-09
412085.0,4568555.0,2025-01-09
412095.0,4568555.0,2025-01-09
412105.0,4568555.0,2025-01-09
412115.0,4568555.0,2025-01-09
412125.0,4568555.0,2025-01-09
412135.0,4568555.0,2025-01-09
412145.0,4568555.0,2025-01-09
412155.0,4568555.0,2025-01-09
412165.0,4568555.0,2025-01-09
412175.0,4568555.0,2025-01-09
412185.0,4568555.0,2025-01-09
412195.0,4568555.0,2025-01-09
412205.0,4568555.0,2025-01-09
412215.0,4568555.0,2025-01-09
412225.0,4568555.0,2025-01-09
412235.0,4568555.0,2025-01-09
412245.0,4568555.0,2025-01-09
412255.0,4568555.0,2025-01-09
412265.0,4568555.0,2025-01-09
412275.0,4568555.0,2025-01-09
412285.0,4568555.0,2025-01-09
412295.0,4568555.0,2025-01-09
412305.0,4568555.0,2025-01-09
412315.0,4568555.0,2025-01-09
412325.0,4568555.0,2025-01-09
412335.0,4568555.0,2025-01-09
412345.0,4568555.0,2025-01-09
412355.0,4568555.0,2025-01-09
412365.0,4568555.0,2025-01-09
412375.0,4568555.0,2025-01-09
412385.0,4568555.0,2025-01-09
412395.0,4568555.0,2025-01-09
412405.0,4568555.0,2025-01-09
412415.0,4568555.0,2025-01-09
412425.0,4568555.0,2025-01-09
412435.0,4568555.0,2025-01-09
412445.0,4568555.0,2025-01-09
412455.0,4568555.0,2025-01-09
412465.0,4568555.0,2025-01-09
412475.0,4568555.0,2025-01-09
412485.0,4568555.0,2025-01-09
412495.0,4568555.0,2025-01-09
412505.0,4568555.0,2025-01-09
412515.0,4568555.0,2025-01-09
412525.0,4568555.0,2025-01-09
412535.0,4568555.0,2025-01-09
412545.0,4568555.0,2025-01-09
412555.0,4568555.0,2025-01-09
412565.0,4568555.0,2025-01-09
412575.0,4568555.0,2025-01-09
412585.0,4568555.0,2025-01-09
412595.0,4568555.0,2025-01-09
412605.0,4568555.0,2025-01-09
412615.0,4568555.0,2025-01-09
412625.0,4568555.0,2025-01-09
412635.0,4568555.0,2025-01-09
412645.0,4568555.0,2025-01-09
412655.0,4568555.0,2025-01-09
412665.0,4568555.0,2025-01-09
412675.0,4568555.0,2025-01-09
412685.0,4568555.0,2025-01-09
412695.0,4568555.0,2025-01-09
412705.0,4568555.0,2025-01-09
412715.0,4568555.0,2025-01-09
412725.0,4568555.0,2025-01-09
412735.0,4568555.0,2025-01-09
412745.0,4568555.0,2025-01-09
412755.0,4568555.0,2025-01-09
412765.0,4568555.0,2025-01-09
412775.0,4568555.0,2025-01-09
412785.0,4568555.0,2025-01-09
412795.0,4568555.0,2025-01-09
412805.0,4568555.0,2025-01-09
412815.0,4568555.0,2025-01-09
412825.0,4568555.0,2025-01-09
412835.0,4568555.0,2025-01-09
412845.0,4568555.0,2025-01-09
412855.0,4568555.0,2025-01-09
412865.0,4568555.0,2025-01-09
412875.0,4568555.0,2025-01-09
412885.0,4568555.0,2025-01-09
412895.0,4568555.0,2025-01-09
412905.0,4568555.0,2025-01-09
412915.0,4568555.0,2025-01-09
412925.0,4568555.0,2025-01-09
412935.0,4568555.0,2025-01-09
412945.0,4568555.0,2025-01-09
412955.0,4568555.0,2025-01-09
412965.0,4568555.0,2025-01-09
412975.0,4568555.0,2025-01-09
412985.0,4568555.0,2025-01-09
412995.0,4568555.0,2025-01-09
413005.0,4568555.0,2025-01-09
413015.0,4568555.0,2025-01-09
413025.0,4568555.0,2025-01-09
413035.0,4568555.0,2025-01-09
413045.0,4568555.0,2025-01-09
413055.0,4568555.0,2025-01-09
413065.0,4568555.0,2025-01-09
413075.0,4568555.0,2025-01-09
413085.0,4568555.0,2025-01-09
413095.0,4568555.0,2025-01-09
413105.0,4568555.0,2025-01-09
413115.0,4568555.0,2025-01-09
413125.0,4568555.0,2025-01-09
413135.0,4568555.0,2025-01-09
413145.0,4568555.0,2025-01-09
413155.0,4568555.0,2025-01-09
413165.0,4568555.0,2025-01-09
413175.0,4568555.0,2025-01-09
413185.0,4568555.0,2025-01-09
413195.0,4568555.0,2025-01-09
413205.0,4568555.0,2025-01-09
413215.0,4568555.0,2025-01-09
413225.0,4568555.0,2025-01-09
413235.0,4568555.0,2025-01-09
413245.0,4568555.0,2025-01-09
413255.0,4568555.0,2025-01-09
413265.0,4568555.0,2025-01-09
413275.0,4568555.0,2025-01-09
413285.0,4568555.0,2025-01-09
413295.0,4568555.0,2025-01-09
413305.0,4568555.0,2025-01-09
413315.0,4568555.0,2025-01-09
413325.0,4568555.0,2025-01-09
413335.0,4568555.0,2025-01-09
413345.0,4568555.0,2025-01-09
413355.0,4568555.0,2025-01-09
413365.0,4568555.0,2025-01-09
413375.0,4568555.0,2025-01-09
413385.0,4568555.0,2025-01-09
413395.0,4568555.0,2025-01-09
413405.0,4568555.0,2025-01-09
413415.0,4568555.0,2025-01-09
413425.0,4568555.0,2025-01-09
413435.0,4568555.0,2025-01-09
413445.0,4568555.0,2025-01-09
413455.0,4568555.0,2025-01-09
413465.0,4568555.0,2025-01-09
413475.0,4568555.0,2025-01-09
413485.0,4568555.0,2025-01-09
413495.0,4568555.0,2025-01-09
413505.0,4568555.0,2025-01-09
413515.0,4568555.0,2025-01-09
413525.0,4568555.0,2025-01-09
413535.0,4568555.0,2025-01-09
413545.0,4568555.0,2025-01-09
413555.0,4568555.0,2025-01-09
413565.0,4568555.0,2025-01-09
413575.0,4568555.0,2025-01-09
413585.0,4568555.0,2025-01-09
413595.0,4568555.0,2025-01-09
413605.0,4568555.0,2025-01-09
413615.0,4568555.0,2025-01-09
413625.0,4568555.0,2025-01-09
413635.0,4568555.0,2025-01-09
413645.0,4568555.0,2025-01-09
413655.0,4568555.0,2025-01-09
413665.0,4568555.0,2025-01-09
413675.0,4568555.0,2025-01-09
413685.0,4568555.0,2025-01-09
413695.0,4568555.0,2025-01-09
413705.0,4568555.0,2025-01-09
413715.0,4568555.0,2025-01-09
413725.0,4568555.0,2025-01-09
413735.0,4568555.0,2025-01-09
413745.0,4568555.0,2025-01-09
413755.0,4568555.0,2025-01-09
413765.0,4568555.0,2025-01-09
413775.0,4568555.0,2025-01-09
413785.0,4568555.0,2025-01-09
413795.0,4568555.0,2025-01-09
413805.0,4568555.0,2025-01-09
413815.0,4568555.0,2025-01-09
413825.0,4568555.0,2025-01-09
413835.0,4568555.0,2025-01-09
413845.0,4568555.0,2025-01-09
413855.0,4568555.0,2025-01-09
413865.0,4568555.0,2025-01-09
413875.0,4568555.0,2025-01-09
413885.0,4568555.0,2025-01-09
413895.0,4568555.0,2025-01-09
413905.0,4568555.0,2025-01-09
413915.0,4568555.0,2025-01-09
413925.0,4568555.0,2025-01-09
413935.0,4568555.0,2025-01-09
413945.0,4568555.0,2025-01-09
413955.0,4568555.0,2025-01-09
413965.0,4568555.0,2025-01-09
413975.0,4568555.0,2025-01-09
413985.0,4568555.0,2025-01-09
413995.0,4568555.0,2025-01-09
414005.0,4568555.0,2025-01-09
414015.0,4568555.0,2025-01-09
414025.0,4568555.0,2025-01-09
414035.0,4568555.0,2025-01-09
414045.0,4568555.0,2025-01-09
414055.0,4568555.0,2025-01-09
414065.0,4568555.0,2025-01-09
414075.0,4568555.0,2025-01-09
414085.0,4568555.0,2025-01-09
414095.0,4568555.0,2025-01-09
414105.0,4568555.0,2025-01-09
414115.0,4568555.0,2025-01-09
414125.0,4568555.0,2025-01-09
414135.0,4568555.0,2025-01-09
414145.0,4568555.0,2025-01-09
414155.0,4568555.0,2025-01-09
414165.0,4568555.0,2025-01-09
414175.0,4568555.0,2025-01-09
414185.0,4568555.0,2025-01-09
414195.0,4568555.0,2025-01-09
414205.0,4568555.0,2025-01-09
414215.0,4568555.0,2025-01-09
414225.0,4568555.0,2025-01-09
414235.0,4568555.0,2025-01-09
414245.0,4568555.0,2025-01-09
414255.0,4568555.0,2025-01-09
414265.0,4568555.0,2025-01-09
414275.0,4568555.0,2025-01-09
414285.0,4568555.0,2025-01-09
414295.0,4568555.0,2025-01-09
414305.0,4568555.0,2025-01-09
414315.0,4568555.0,2025-01-09
414325.0,4568555.0,2025-01-09
414335.0,4568555.0,2025-01-09
414345.0,4568555.0,2025-01-09
414355.0,4568555.0,2025-01-09
414365.0,4568555.0,2025-01-09
414375.0,4568555.0,2025-01-09
414385.0,4568555.0,2025-01-09
414395.0,4568555.0,2025-01-09
414405.0,4568555.0,2025-01-09
414415.0,4568555.0,2025-01-09
414425.0,4568555.0,2025-01-09
414435.0,4568555.0,2025-01-09
414445.0,4568555.0,2025-01-09
414455.0,4568555.0,2025-01-09
414465.0,4568555.0,2025-01-09
414475.0,4568555.0,2025-01-09
414485.0,4568555.0,2025-01-09
414495.0,4568555.0,2025-01-09
414505.0,4568555.0,2025-01-09
414515.0,4568555.0,2025-01-09
414525.0,4568555.0,2025-01-09
414535.0,4568555.0,2025-01-09
414545.0,4568555.0,2025-01-09
414555.0,4568555.0,2025-01-09
414565.0,4568555.0,2025-01-09
414575.0,4568555.0,2025-01-09
414585.0,4568555.0,2025-01-09
414595.0,4568555.0,2025-01-09
414605.0,4568555.0,2025-01-09
414615.0,4568555.0,2025-01-09
414625.0,4568555.0,2025-01-09
414635.0,4568555.0,2025-01-09
414645.0,4568555.0,2025-01-09
414655.0,4568555.0,2025-01-09
414665.0,4568555.0,2025-01-09
414675.0,4568555.0,2025-01-09
414685.0,4568555.0,2025-01-09
414695.0,4568555.0,2025-01-09
414705.0,4568555.0,2025-01-09
414715.0,4568555.0,2025-01-09
414725.0,4568555.0,2025-01-09
414735.0,4568555.0,2025-01-09
414745.0,4568555.0,2025-01-09
414755.0,4568555.0,2025-01-09
414765.0,4568555.0,2025-01-09
414775.0,4568555.0,2025-01-09
414785.0,4568555.0,2025-01-09
414795.0,4568555.0,2025-01-09
414805.0,4568555.0,2025-01-09
414815.0,4568555.0,2025-01-09
414825.0,4568555.0,2025-01-09
414835.0,4568555.0,2025-01-09
414845.0,4568555.0,2025-01-09
414855.0,4568555.0,2025-01-09
414865.0,4568555.0,2025-01-09
414875.0,4568555.0,2025-01-09
414885.0,4568555.0,2025-01-09
414895.0,4568555.0,2025-01-09
414905.0,4568555.0,2025-01-09
414915.0,4568555.0,2025-01-09
414925.0,4568555.0,2025-01-09
414935.0,4568555.0,2025-01-09
414945.0,4568555.0,2025-01-09
414955.0,4568555.0,2025-01-09
414965.0,4568555.0,2025-01-09
414975.0,4568555.0,2025-01-09
414985.0,4568555.0,2025-01-09
414995.0,4568555.0,2025-01-09
415005.0,4568555.0,2025-01-09
415015.0,4568555.0,2025-01-09
415025.0,4568555.0,2025-01-09
415035.0,4568555.0,2025-01-09
415045.0,4568555.0,2025-01-09
415055.0,4568555.0,2025-01-09
415065.0,4568555.0,2025-01-09
415075.0,4568555.0,2025-01-09
415085.0,4568555.0,2025-01-09
415095.0,4568555.0,2025-01-09
415105.0,4568555.0,2025-01-09
415115.0,4568555.0,2025-01-09
415125.0,4568555.0,2025-01-09
415135.0,4568555.0,2025-01-09
415145.0,4568555.0,2025-01-09
415155.0,4568555.0,2025-01-09
415165.0,4568555.0,2025-01-09
415175.0,4568555.0,2025-01-09
415185.0,4568555.0,2025-01-09
415195.0,4568555.0,2025-01-09
415205.0,4568555.0,2025-01-09
415215.0,4568555.0,2025-01-09
415225.0,4568555.0,2025-01-09
415235.0,4568555.0,2025-01-09
415245.0,4568555.0,2025-01-09
415255.0,4568555.0,2025-01-09
415265.0,4568555.0,2025-01-09
415275.0,4568555.0,2025-01-09
415285.0,4568555.0,2025-01-09
415295.0,4568555.0,2025-01-09
415305.0,4568555.0,2025-01-09
415315.0,4568555.0,2025-01-09
415325.0,4568555.0,2025-01-09
415335.0,4568555.0,2025-01-09
415345.0,4568555.0,2025-01-09
415355.0,4568555.0,2025-01-09
415365.0,4568555.0,2025-01-09
415375.0,4568555.0,2025-01-09
415385.0,4568555.0,2025-01-09
415395.0,4568555.0,2025-01-09
415405.0,4568555.0,2025-01-09
415415.0,4568555.0,2025-01-09
415425.0,4568555.0,2025-01-09
415435.0,4568555.0,2025-01-09
415445.0,4568555.0,2025-01-09
415455.0,4568555.0,2025-01-09
415465.0,4568555.0,2025-01-09
415475.0,4568555.0,2025-01-09
415485.0,4568555.0,2025-01-09
415495.0,4568555.0,2025-01-09
415505.0,4568555.0,2025-01-09
415515.0,4568555.0,2025-01-09
415525.0,4568555.0,2025-01-09
415535.0,4568555.0,2025-01-09
415545.0,4568555.0,2025-01-09
415555.0,4568555.0,2025-01-09
415565.0,4568555.0,2025-01-09
415575.0,4568555.0,2025-01-09
415585.0,4568555.0,2025-01-09
415595.0,4568555.0,2025-01-09
415605.0,4568555.0,2025-01-09
415615.0,4568555.0,2025-01-09
415625.0,4568555.0,2025-01-09
415635.0,4568555.0,2025-01-09
415645.0,4568555.0,2025-01-09
415655.0,4568555.0,2025-01-09
415665.0,4568555.0,2025-01-09
415675.0,4568555.0,2025-01-09
415685.0,4568555.0,2025-01-09
415695.0,4568555.0,2025-01-09
415705.0,4568555.0,2025-01-09
415715.0,4568555.0,2025-01-09
415725.0,4568555.0,2025-01-09
415735.0,4568555.0,2025-01-09
415745.0,4568555.0,2025-01-09
415755.0,4568555.0,2025-01-09
415765.0,4568555.0,2025-01-09
415775.0,4568555.0,2025-01-09
415785.0,4568555.0,2025-01-09
415795.0,4568555.0,2025-01-09
415805.0,4568555.0,2025-01-09
415815.0,4568555.0,2025-01-09
415825.0,4568555.0,2025-01-09
415835.0,4568555.0,2025-01-09
415845.0,4568555.0,2025-01-09
415855.0,4568555.0,2025-01-09
415865.0,4568555.0,2025-01-09
415875.0,4568555.0,2025-01-09
415885.0,4568555.0,2025-01-09
415895.0,4568555.0,2025-01-09
415905.0,4568555.0,2025-01-09
415915.0,4568555.0,2025-01-09
415925.0,4568555.0,2025-01-09
415935.0,4568555.0,2025-01-09
415945.0,4568555.0,2025-01-09
415955.0,4568555.0,2025-01-09
415965.0,4568555.0,2025-01-09
415975.0,4568555.0,2025-01-09
415985.0,4568555.0,2025-01-09
415995.0,4568555.0,2025-01-09
416005.0,4568555.0,2025-01-09
416015.0,4568555.0,2025-01-09
416025.0,4568555.0,2025-01-09
416035.0,4568555.0,2025-01-09
416045.0,4568555.0,2025-01-09
416055.0,4568555.0,2025-01-09
416065.0,4568555.0,2025-01-09
416075.0,4568555.0,2025-01-09
416085.0,4568555.0,2025-01-09
416095.0,4568555.0,2025-01-09
416105.0,4568555.0,2025-01-09
416115.0,4568555.0,2025-01-09
416125.0,4568555.0,2025-01-09
416135.0,4568555.0,2025-01-09
416145.0,4568555.0,2025-01-09
416155.0,4568555.0,2025-01-09
416165.0,4568555.0,2025-01-09
416175.0,4568555.0,2025-01-09
416185.0,4568555.0,2025-01-09
416195.0,4568555.0,2025-01-09
416205.0,4568555.0,2025-01-09
416215.0,4568555.0,2025-01-09
416225.0,4568555.0,2025-01-09
416235.0,4568555.0,2025-01-09
416245.0,4568555.0,2025-01-09
416255.0,4568555.0,2025-01-09
416265.0,4568555.0,2025-01-09
416275.0,4568555.0,2025-01-09
416285.0,4568555.0,2025-01-09
416295.0,4568555.0,2025-01-09
416305.0,4568555.0,2025-01-09
416315.0,4568555.0,2025-01-09
416325.0,4568555.0,2025-01-09
416335.0,4568555.0,2025-01-09
416345.0,4568555.0,2025-01-09
416355.0,4568555.0,2025-01-09
416365.0,4568555.0,2025-01-09
416375.0,4568555.0,2025-01-09
416385.0,4568555.0,2025-01-09
416395.0,4568555.0,2025-01-09
416405.0,4568555.0,2025-01-09
416415.0,4568555.0,2025-01-09
416425.0,4568555.0,2025-01-09
416435.0,4568555.0,2025-01-09
416445.0,4568555.0,2025-01-09
416455.0,4568555.0,2025-01-09
411745.0,4568545.0,2025-01-09
411755.0,4568545.0,2025-01-09
411765.0,4568545.0,2025-01-09
411775.0,4568545.0,2025-01-09
411785.0,4568545.0,2025-01-09
411795.0,4568545.0,2025-01-09
411805.0,4568545.0,2025-01-09
411815.0,4568545.0,2025-01-09
411825.0,4568545.0,2025-01-09
411835.0,4568545.0,2025-01-09
411845.0,4568545.0,2025-01-09
411855.0,4568545.0,2025-01-09
411865.0,4568545.0,2025-01-09
411875.0,4568545.0,2025-01-09
411885.0,4568545.0,2025-01-09
411895.0,4568545.0,2025-01-09
411905.0,4568545.0,2025-01-09
411915.0,4568545.0,2025-01-09
411925.0,4568545.0,2025-01-09
411935.0,4568545.0,2025-01-09
411945.0,4568545.0,2025-01-09
411955.0,4568545.0,2025-01-09
411965.0,4568545.0,2025-01-09
411975.0,4568545.0,2025-01-09
411985.0,4568545.0,2025-01-09
411995.0,4568545.0,2025-01-09
412005.0,4568545.0,2025-01-09
412015.0,4568545.0,2025-01-09
412025.0,4568545.0,2025-01-09
412035.0,4568545.0,2025-01-09
412045.0,4568545.0,2025-01-09
412055.0,4568545.0,2025-01-09
412065.0,4568545.0,2025-01-09
412075.0,4568545.0,2025-01-09
412085.0,4568545.0,2025-01-09
412095.0,4568545.0,2025-01-09
412105.0,4568545.0,2025-01-09
412115.0,4568545.0,2025-01-09
412125.0,4568545.0,2025-01-09
412135.0,4568545.0,2025-01-09
412145.0,4568545.0,2025-01-09
412155.0,4568545.0,2025-01-09
412165.0,4568545.0,2025-01-09
412175.0,4568545.0,2025-01-09
412185.0,4568545.0,2025-01-09
412195.0,4568545.0,2025-01-09
412205.0,4568545.0,2025-01-09
412215.0,4568545.0,2025-01-09
412225.0,4568545.0,2025-01-09
412235.0,4568545.0,2025-01-09
412245.0,4568545.0,2025-01-09
412255.0,4568545.0,2025-01-09
412265.0,4568545.0,2025-01-09
412275.0,4568545.0,2025-01-09
412285.0,4568545.0,2025-01-09
412295.0,4568545.0,2025-01-09
412305.0,4568545.0,2025-01-09
412315.0,4568545.0,2025-01-09
412325.0,4568545.0,2025-01-09
412335.0,4568545.0,2025-01-09
412345.0,4568545.0,2025-01-09
412355.0,4568545.0,2025-01-09
412365.0,4568545.0,2025-01-09
412375.0,4568545.0,2025-01-09
412385.0,4568545.0,2025-01-09
412395.0,4568545.0,2025-01-09
412405.0,4568545.0,2025-01-09
412415.0,4568545.0,2025-01-09
412425.0,4568545.0,2025-01-09
412435.0,4568545.0,2025-01-09
412445.0,4568545.0,2025-01-09
412455.0,4568545.0,2025-01-09
412465.0,4568545.0,2025-01-09
412475.0,4568545.0,2025-01-09
412485.0,4568545.0,2025-01-09
412495.0,4568545.0,2025-01-09
412505.0,4568545.0,2025-01-09
412515.0,4568545.0,2025-01-09
412525.0,4568545.0,2025-01-09
412535.0,4568545.0,2025-01-09
412545.0,4568545.0,2025-01-09
412555.0,4568545.0,2025-01-09
412565.0,4568545.0,2025-01-09
412575.0,4568545.0,2025-01-09
412585.0,4568545.0,2025-01-09
412595.0,4568545.0,2025-01-09
412605.0,4568545.0,2025-01-09
412615.0,4568545.0,2025-01-09
412625.0,4568545.0,2025-01-09
412635.0,4568545.0,2025-01-09
412645.0,4568545.0,2025-01-09
412655.0,4568545.0,2025-01-09
412665.0,4568545.0,2025-01-09
412675.0,4568545.0,2025-01-09
412685.0,4568545.0,2025-01-09
412695.0,4568545.0,2025-01-09
412705.0,4568545.0,2025-01-09
412715.0,4568545.0,2025-01-09
412725.0,4568545.0,2025-01-09
412735.0,4568545.0,2025-01-09
412745.0,4568545.0,2025-01-09
412755.0,4568545.0,2025-01-09
412765.0,4568545.0,2025-01-09
412775.0,4568545.0,2025-01-09
412785.0,4568545.0,2025-01-09
412795.0,4568545.0,2025-01-09
412805.0,4568545.0,2025-01-09
412815.0,4568545.0,2025-01-09
412825.0,4568545.0,2025-01-09
412835.0,4568545.0,2025-01-09
412845.0,4568545.0,2025-01-09
412855.0,4568545.0,2025-01-09
412865.0,4568545.0,2025-01-09
412875.0,4568545.0,2025-01-09
412885.0,4568545.0,2025-01-09
412895.0,4568545.0,2025-01-09
412905.0,4568545.0,2025-01-09
412915.0,4568545.0,2025-01-09
412925.0,4568545.0,2025-01-09
412935.0,4568545.0,2025-01-09
412945.0,4568545.0,2025-01-09
412955.0,4568545.0,2025-01-09
412965.0,4568545.0,2025-01-09
412975.0,4568545.0,2025-01-09
412985.0,4568545.0,2025-01-09
412995.0,4568545.0,2025-01-09
413005.0,4568545.0,2025-01-09
413015.0,4568545.0,2025-01-09
413025.0,4568545.0,2025-01-09
413035.0,4568545.0,2025-01-09
413045.0,4568545.0,2025-01-09
413055.0,4568545.0,2025-01-09
413065.0,4568545.0,2025-01-09
413075.0,4568545.0,2025-01-09
413085.0,4568545.0,2025-01-09
413095.0,4568545.0,2025-01-09
413105.0,4568545.0,2025-01-09
413115.0,4568545.0,2025-01-09
413125.0,4568545.0,2025-01-09
413135.0,4568545.0,2025-01-09
413145.0,4568545.0,2025-01-09
413155.0,4568545.0,2025-01-09
413165.0,4568545.0,2025-01-09
413175.0,4568545.0,2025-01-09
413185.0,4568545.0,2025-01-09
413195.0,4568545.0,2025-01-09
413205.0,4568545.0,2025-01-09
413215.0,4568545.0,2025-01-09
413225.0,4568545.0,2025-01-09
413235.0,4568545.0,2025-01-09
413245.0,4568545.0,2025-01-09
413255.0,4568545.0,2025-01-09
413265.0,4568545.0,2025-01-09
413275.0,4568545.0,2025-01-09
413285.0,4568545.0,2025-01-09
413295.0,4568545.0,2025-01-09
413305.0,4568545.0,2025-01-09
413315.0,4568545.0,2025-01-09
413325.0,4568545.0,2025-01-09
413335.0,4568545.0,2025-01-09
413345.0,4568545.0,2025-01-09
413355.0,4568545.0,2025-01-09
413365.0,4568545.0,2025-01-09
413375.0,4568545.0,2025-01-09
413385.0,4568545.0,2025-01-09
413395.0,4568545.0,2025-01-09
413405.0,4568545.0,2025-01-09
413415.0,4568545.0,2025-01-09
413425.0,4568545.0,2025-01-09
413435.0,4568545.0,2025-01-09
413445.0,4568545.0,2025-01-09
413455.0,4568545.0,2025-01-09
413465.0,4568545.0,2025-01-09
413475.0,4568545.0,2025-01-09
413485.0,4568545.0,2025-01-09
413495.0,4568545.0,2025-01-09
413505.0,4568545.0,2025-01-09
413515.0,4568545.0,2025-01-09
413525.0,4568545.0,2025-01-09
413535.0,4568545.0,2025-01-09
413545.0,4568545.0,2025-01-09
413555.0,4568545.0,2025-01-09
413565.0,4568545.0,2025-01-09
413575.0,4568545.0,2025-01-09
413585.0,4568545.0,2025-01-09
413595.0,4568545.0,2025-01-09
413605.0,4568545.0,2025-01-09
413615.0,4568545.0,2025-01-09
413625.0,4568545.0,2025-01-09
413635.0,4568545.0,2025-01-09
413645.0,4568545.0,2025-01-09
413655.0,4568545.0,2025-01-09
413665.0,4568545.0,2025-01-09
413675.0,4568545.0,2025-01-09
413685.0,4568545.0,2025-01-09
413695.0,4568545.0,2025-01-09
413705.0,4568545.0,2025-01-09
413715.0,4568545.0,2025-01-09
413725.0,4568545.0,2025-01-09
413735.0,4568545.0,2025-01-09
413745.0,4568545.0,2025-01-09
413755.0,4568545.0,2025-01-09
413765.0,4568545.0,2025-01-09
413775.0,4568545.0,2025-01-09
413785.0,4568545.0,2025-01-09
413795.0,4568545.0,2025-01-09
413805.0,4568545.0,2025-01-09
413815.0,4568545.0,2025-01-09
413825.0,4568545.0,2025-01-09
413835.0,4568545.0,2025-01-09
413845.0,4568545.0,2025-01-09
413855.0,4568545.0,2025-01-09
413865.0,4568545.0,2025-01-09
413875.0,4568545.0,2025-01-09
413885.0,4568545.0,2025-01-09
413895.0,4568545.0,2025-01-09
413905.0,4568545.0,2025-01-09
413915.0,4568545.0,2025-01-09
413925.0,4568545.0,2025-01-09
413935.0,4568545.0,2025-01-09
413945.0,4568545.0,2025-01-09
413955.0,4568545.0,2025-01-09
413965.0,4568545.0,2025-01-09
413975.0,4568545.0,2025-01-09
413985.0,4568545.0,2025-01-09
413995.0,4568545.0,2025-01-09
414005.0,4568545.0,2025-01-09
414015.0,4568545.0,2025-01-09
414025.0,4568545.0,2025-01-09
414035.0,4568545.0,2025-01-09
414045.0,4568545.0,2025-01-09
414055.0,4568545.0,2025-01-09
414065.0,4568545.0,2025-01-09
414075.0,4568545.0,2025-01-09
414085.0,4568545.0,2025-01-09
414095.0,4568545.0,2025-01-09
414105.0,4568545.0,2025-01-09
414115.0,4568545.0,2025-01-09
414125.0,4568545.0,2025-01-09
414135.0,4568545.0,2025-01-09
414145.0,4568545.0,2025-01-09
414155.0,4568545.0,2025-01-09
414165.0,4568545.0,2025-01-09
414175.0,4568545.0,2025-01-09
414185.0,4568545.0,2025-01-09
414195.0,4568545.0,2025-01-09
414205.0,4568545.0,2025-01-09
414215.0,4568545.0,2025-01-09
414225.0,4568545.0,2025-01-09
414235.0,4568545.0,2025-01-09
414245.0,4568545.0,2025-01-09
414255.0,4568545.0,2025-01-09
414265.0,4568545.0,2025-01-09
414275.0,4568545.0,2025-01-09
414285.0,4568545.0,2025-01-09
414295.0,4568545.0,2025-01-09
414305.0,4568545.0,2025-01-09
414315.0,4568545.0,2025-01-09
414325.0,4568545.0,2025-01-09
414335.0,4568545.0,2025-01-09
414345.0,4568545.0,2025-01-09
414355.0,4568545.0,2025-01-09
414365.0,4568545.0,2025-01-09
414375.0,4568545.0,2025-01-09
414385.0,4568545.0,2025-01-09
414395.0,4568545.0,2025-01-09
414405.0,4568545.0,2025-01-09
414415.0,4568545.0,2025-01-09
414425.0,4568545.0,2025-01-09
414435.0,4568545.0,2025-01-09
414445.0,4568545.0,2025-01-09
414455.0,4568545.0,2025-01-09
414465.0,4568545.0,2025-01-09
414475.0,4568545.0,2025-01-09
414485.0,4568545.0,2025-01-09
414495.0,4568545.0,2025-01-09
414505.0,4568545.0,2025-01-09
414515.0,4568545.0,2025-01-09
414525.0,4568545.0,2025-01-09
414535.0,4568545.0,2025-01-09
414545.0,4568545.0,2025-01-09
414555.0,4568545.0,2025-01-09
414565.0,4568545.0,2025-01-09
414575.0,4568545.0,2025-01-09
414585.0,4568545.0,2025-01-09
414595.0,4568545.0,2025-01-09
414605.0,4568545.0,2025-01-09
414615.0,4568545.0,2025-01-09
414625.0,4568545.0,2025-01-09
414635.0,4568545.0,2025-01-09
414645.0,4568545.0,2025-01-09
414655.0,4568545.0,2025-01-09
414665.0,4568545.0,2025-01-09
414675.0,4568545.0,2025-01-09
414685.0,4568545.0,2025-01-09
414695.0,4568545.0,2025-01-09
414705.0,4568545.0,2025-01-09
414715.0,4568545.0,2025-01-09
414725.0,4568545.0,2025-01-09
414735.0,4568545.0,2025-01-09
414745.0,4568545.0,2025-01-09
414755.0,4568545.0,2025-01-09
414765.0,4568545.0,2025-01-09
414775.0,4568545.0,2025-01-09
414785.0,4568545.0,2025-01-09
414795.0,4568545.0,2025-01-09
414805.0,4568545.0,2025-01-09
414815.0,4568545.0,2025-01-09
414825.0,4568545.0,2025-01-09
414835.0,4568545.0,2025-01-09
414845.0,4568545.0,2025-01-09
414855.0,4568545.0,2025-01-09
414865.0,4568545.0,2025-01-09
414875.0,4568545.0,2025-01-09
414885.0,4568545.0,2025-01-09
414895.0,4568545.0,2025-01-09
414905.0,4568545.0,2025-01-09
414915.0,4568545.0,2025-01-09
414925.0,4568545.0,2025-01-09
414935.0,4568545.0,2025-01-09
414945.0,4568545.0,2025-01-09
414955.0,4568545.0,2025-01-09
414965.0,4568545.0,2025-01-09
414975.0,4568545.0,2025-01-09
414985.0,4568545.0,2025-01-09
414995.0,4568545.0,2025-01-09
415005.0,4568545.0,2025-01-09
415015.0,4568545.0,2025-01-09
415025.0,4568545.0,2025-01-09
415035.0,4568545.0,2025-01-09
415045.0,4568545.0,2025-01-09
415055.0,4568545.0,2025-01-09
415065.0,4568545.0,2025-01-09
415075.0,4568545.0,2025-01-09
415085.0,4568545.0,2025-01-09
415095.0,4568545.0,2025-01-09
415105.0,4568545.0,2025-01-09
415115.0,4568545.0,2025-01-09
415125.0,4568545.0,2025-01-09
415135.0,4568545.0,2025-01-09
415145.0,4568545.0,2025-01-09
415155.0,4568545.0,2025-01-09
415165.0,4568545.0,2025-01-09
415175.0,4568545.0,2025-01-09
415185.0,4568545.0,2025-01-09
415195.0,4568545.0,2025-01-09
415205.0,4568545.0,2025-01-09
415215.0,4568545.0,2025-01-09
415225.0,4568545.0,2025-01-09
415235.0,4568545.0,2025-01-09
415245.0,4568545.0,2025-01-09
415255.0,4568545.0,2025-01-09
415265.0,4568545.0,2025-01-09
415275.0,4568545.0,2025-01-09
415285.0,4568545.0,2025-01-09
415295.0,4568545.0,2025-01-09
415305.0,4568545.0,2025-01-09
415315.0,4568545.0,2025-01-09
415325.0,4568545.0,2025-01-09
415335.0,4568545.0,2025-01-09
415345.0,4568545.0,2025-01-09
415355.0,4568545.0,2025-01-09
415365.0,4568545.0,2025-01-09
415375.0,4568545.0,2025-01-09
415385.0,4568545.0,2025-01-09
415395.0,4568545.0,2025-01-09
415405.0,4568545.0,2025-01-09
415415.0,4568545.0,2025-01-09
415425.0,4568545.0,2025-01-09
415435.0,4568545.0,2025-01-09
415445.0,4568545.0,2025-01-09
415455.0,4568545.0,2025-01-09
415465.0,4568545.0,2025-01-09
415475.0,4568545.0,2025-01-09
415485.0,4568545.0,2025-01-09
415495.0,4568545.0,2025-01-09
415505.0,4568545.0,2025-01-09
415515.0,4568545.0,2025-01-09
415525.0,4568545.0,2025-01-09
415535.0,4568545.0,2025-01-09
415545.0,4568545.0,2025-01-09
415555.0,4568545.0,2025-01-09
415565.0,4568545.0,2025-01-09
415575.0,4568545.0,2025-01-09
415585.0,4568545.0,2025-01-09
415595.0,4568545.0,2025-01-09
415605.0,4568545.0,2025-01-09
415615.0,4568545.0,2025-01-09
415625.0,4568545.0,2025-01-09
415635.0,4568545.0,2025-01-09
415645.0,4568545.0,2025-01-09
415655.0,4568545.0,2025-01-09
415665.0,4568545.0,2025-01-09
415675.0,4568545.0,2025-01-09
415685.0,4568545.0,2025-01-09
415695.0,4568545.0,2025-01-09
415705.0,4568545.0,2025-01-09
415715.0,4568545.0,2025-01-09
415725.0,4568545.0,2025-01-09
415735.0,4568545.0,2025-01-09
415745.0,4568545.0,2025-01-09
415755.0,4568545.0,2025-01-09
415765.0,4568545.0,2025-01-09
415775.0,4568545.0,2025-01-09
415785.0,4568545.0,2025-01-09
415795.0,4568545.0,2025-01-09
415805.0,4568545.0,2025-01-09
415815.0,4568545.0,2025-01-09
415825.0,4568545.0,2025-01-09
415835.0,4568545.0,2025-01-09
415845.0,4568545.0,2025-01-09
415855.0,4568545.0,2025-01-09
415865.0,4568545.0,2025-01-09
415875.0,4568545.0,2025-01-09
415885.0,4568545.0,2025-01-09
415895.0,4568545.0,2025-01-09
415905.0,4568545.0,2025-01-09
415915.0,4568545.0,2025-01-09
415925.0,4568545.0,2025-01-09
415935.0,4568545.0,2025-01-09
415945.0,4568545.0,2025-01-09
415955.0,4568545.0,2025-01-09
415965.0,4568545.0,2025-01-09
415975.0,4568545.0,2025-01-09
415985.0,4568545.0,2025-01-09
415995.0,4568545.0,2025-01-09
416005.0,4568545.0,2025-01-09
416015.0,4568545.0,2025-01-09
416025.0,4568545.0,2025-01-09
416035.0,4568545.0,2025-01-09
416045.0,4568545.0,2025-01-09
416055.0,4568545.0,2025-01-09
416065.0,4568545.0,2025-01-09
416075.0,4568545.0,2025-01-09
416085.0,4568545.0,2025-01-09
416095.0,4568545.0,2025-01-09
416105.0,4568545.0,2025-01-09
416115.0,4568545.0,2025-01-09
416125.0,4568545.0,2025-01-09
416135.0,4568545.0,2025-01-09
416145.0,4568545.0,2025-01-09
416155.0,4568545.0,2025-01-09
416165.0,4568545.0,2025-01-09
416175.0,4568545.0,2025-01-09
416185.0,4568545.0,2025-01-09
416195.0,4568545.0,2025-01-09
416205.0,4568545.0,2025-01-09
416215.0,4568545.0,2025-01-09
416225.0,4568545.0,2025-01-09
416235.0,4568545.0,2025-01-09
416245.0,4568545.0,2025-01-09
416255.0,4568545.0,2025-01-09
416265.0,4568545.0,2025-01-09
416275.0,4568545.0,2025-01-09
416285.0,4568545.0,2025-01-09
416295.0,4568545.0,2025-01-09
416305.0,4568545.0,2025-01-09
416315.0,4568545.0,2025-01-09
416325.0,4568545.0,2025-01-09
416335.0,4568545.0,2025-01-09
416345.0,4568545.0,2025-01-09
416355.0,4568545.0,2025-01-09
416365.0,4568545.0,2025-01-09
416375.0,4568545.0,2025-01-09
416385.0,4568545.0,2025-01-09
416395.0,4568545.0,2025-01-09
416405.0,4568545.0,2025-01-09
416415.0,4568545.0,2025-01-09
416425.0,4568545.0,2025-01-09
416435.0,4568545.0,2025-01-09
416445.0,4568545.0,2025-01-09
416455.0,4568545.0,2025-01-09
412575.0,4568535.0,2025-01-09
412585.0,4568535.0,2025-01-09
412595.0,4568535.0,2025-01-09
412605.0,4568535.0,2025-01-09
412615.0,4568535.0,2025-01-09
412625.0,4568535.0,2025-01-09
412635.0,4568535.0,2025-01-09
412645.0,4568535.0,2025-01-09
412655.0,4568535.0,2025-01-09
412665.0,4568535.0,2025-01-09
412675.0,4568535.0,2025-01-09
412685.0,4568535.0,2025-01-09
412695.0,4568535.0,2025-01-09
412705.0,4568535.0,2025-01-09
412715.0,4568535.0,2025-01-09
412725.0,4568535.0,2025-01-09
412735.0,4568535.0,2025-01-09
412745.0,4568535.0,2025-01-09
412755.0,4568535.0,2025-01-09
412765.0,4568535.0,2025-01-09
412775.0,4568535.0,2025-01-09
412785.0,4568535.0,2025-01-09
412795.0,4568535.0,2025-01-09
412805.0,4568535.0,2025-01-09
412815.0,4568535.0,2025-01-09
412825.0,4568535.0,2025-01-09
412835.0,4568535.0,2025-01-09
412845.0,4568535.0,2025-01-09
412855.0,4568535.0,2025-01-09
412865.0,4568535.0,2025-01-09
412875.0,4568535.0,2025-01-09
412885.0,4568535.0,2025-01-09
412895.0,4568535.0,2025-01-09
412905.0,4568535.0,2025-01-09
412915.0,4568535.0,2025-01-09
412925.0,4568535.0,2025-01-09
412935.0,4568535.0,2025-01-09
412945.0,4568535.0,2025-01-09
412955.0,4568535.0,2025-01-09
412965.0,4568535.0,2025-01-09
412975.0,4568535.0,2025-01-09
412985.0,4568535.0,2025-01-09
412995.0,4568535.0,2025-01-09
413005.0,4568535.0,2025-01-09
413015.0,4568535.0,2025-01-09
413025.0,4568535.0,2025-01-09
413035.0,4568535.0,2025-01-09
413045.0,4568535.0,2025-01-09
413055.0,4568535.0,2025-01-09
413065.0,4568535.0,2025-01-09
413075.0,4568535.0,2025-01-09
413085.0,4568535.0,2025-01-09
413095.0,4568535.0,2025-01-09
413105.0,4568535.0,2025-01-09
413115.0,4568535.0,2025-01-09
413125.0,4568535.0,2025-01-09
413135.0,4568535.0,2025-01-09
413145.0,4568535.0,2025-01-09
413155.0,4568535.0,2025-01-09
413165.0,4568535.0,2025-01-09
413175.0,4568535.0,2025-01-09
413185.0,4568535.0,2025-01-09
413195.0,4568535.0,2025-01-09
413205.0,4568535.0,2025-01-09
413215.0,4568535.0,2025-01-09
413225.0,4568535.0,2025-01-09
413235.0,4568535.0,2025-01-09
413245.0,4568535.0,2025-01-09
413255.0,4568535.0,2025-01-09
413265.0,4568535.0,2025-01-09
413275.0,4568535.0,2025-01-09
413285.0,4568535.0,2025-01-09
413295.0,4568535.0,2025-01-09
413305.0,4568535.0,2025-01-09
413315.0,4568535.0,2025-01-09
413325.0,4568535.0,2025-01-09
413335.0,4568535.0,2025-01-09
413345.0,4568535.0,2025-01-09
413355.0,4568535.0,2025-01-09
413365.0,4568535.0,2025-01-09
413375.0,4568535.0,2025-01-09
413385.0,4568535.0,2025-01-09
413395.0,4568535.0,2025-01-09
413405.0,4568535.0,2025-01-09
413415.0,4568535.0,2025-01-09
413425.0,4568535.0,2025-01-09
413435.0,4568535.0,2025-01-09
413445.0,4568535.0,2025-01-09
413455.0,4568535.0,2025-01-09
413465.0,4568535.0,2025-01-09
413475.0,4568535.0,2025-01-09
413485.0,4568535.0,2025-01-09
413495.0,4568535.0,2025-01-09
413505.0,4568535.0,2025-01-09
413515.0,4568535.0,2025-01-09
413525.0,4568535.0,2025-01-09
413535.0,4568535.0,2025-01-09
413545.0,4568535.0,2025-01-09
413555.0,4568535.0,2025-01-09
413565.0,4568535.0,2025-01-09
413575.0,4568535.0,2025-01-09
413585.0,4568535.0,2025-01-09
413595.0,4568535.0,2025-01-09
413605.0,4568535.0,2025-01-09
413615.0,4568535.0,2025-01-09
413625.0,4568535.0,2025-01-09
413635.0,4568535.0,2025-01-09
413645.0,4568535.0,2025-01-09
413655.0,4568535.0,2025-01-09
413665.0,4568535.0,2025-01-09
413675.0,4568535.0,2025-01-09
413685.0,4568535.0,2025-01-09
413695.0,4568535.0,2025-01-09
413705.0,4568535.0,2025-01-09
413715.0,4568535.0,2025-01-09
413725.0,4568535.0,2025-01-09
413735.0,4568535.0,2025-01-09
413745.0,4568535.0,2025-01-09
413755.0,4568535.0,2025-01-09
413765.0,4568535.0,2025-01-09
413775.0,4568535.0,2025-01-09
413785.0,4568535.0,2025-01-09
413795.0,4568535.0,2025-01-09
413805.0,4568535.0,2025-01-09
413815.0,4568535.0,2025-01-09
413825.0,4568535.0,2025-01-09
413835.0,4568535.0,2025-01-09
413845.0,4568535.0,2025-01-09
413855.0,4568535.0,2025-01-09
413865.0,4568535.0,2025-01-09
413875.0,4568535.0,2025-01-09
413885.0,4568535.0,2025-01-09
413895.0,4568535.0,2025-01-09
413905.0,4568535.0,2025-01-09
413915.0,4568535.0,2025-01-09
413925.0,4568535.0,2025-01-09
413935.0,4568535.0,2025-01-09
413945.0,4568535.0,2025-01-09
413955.0,4568535.0,2025-01-09
413965.0,4568535.0,2025-01-09
413975.0,4568535.0,2025-01-09
413985.0,4568535.0,2025-01-09
413995.0,4568535.0,2025-01-09
414005.0,4568535.0,2025-01-09
414015.0,4568535.0,2025-01-09
414025.0,4568535.0,2025-01-09
414035.0,4568535.0,2025-01-09
414045.0,4568535.0,2025-01-09
414055.0,4568535.0,2025-01-09
414065.0,4568535.0,2025-01-09
414075.0,4568535.0,2025-01-09
414085.0,4568535.0,2025-01-09
414095.0,4568535.0,2025-01-09
414105.0,4568535.0,2025-01-09
414115.0,4568535.0,2025-01-09
414125.0,4568535.0,2025-01-09
414135.0,4568535.0,2025-01-09
414145.0,4568535.0,2025-01-09
414155.0,4568535.0,2025-01-09
414165.0,4568535.0,2025-01-09
414175.0,4568535.0,2025-01-09
414185.0,4568535.0,2025-01-09
414195.0,4568535.0,2025-01-09
414205.0,4568535.0,2025-01-09
414215.0,4568535.0,2025-01-09
414225.0,4568535.0,2025-01-09
414235.0,4568535.0,2025-01-09
414245.0,4568535.0,2025-01-09
414255.0,4568535.0,2025-01-09
414265.0,4568535.0,2025-01-09
414275.0,4568535.0,2025-01-09
414285.0,4568535.0,2025-01-09
414295.0,4568535.0,2025-01-09
414305.0,4568535.0,2025-01-09
414315.0,4568535.0,2025-01-09
414325.0,4568535.0,2025-01-09
414335.0,4568535.0,2025-01-09
414345.0,4568535.0,2025-01-09
414355.0,4568535.0,2025-01-09
414365.0,4568535.0,2025-01-09
414375.0,4568535.0,2025-01-09
414385.0,4568535.0,2025-01-09
414395.0,4568535.0,2025-01-09
414405.0,4568535.0,2025-01-09
414415.0,4568535.0,2025-01-09
414425.0,4568535.0,2025-01-09
414435.0,4568535.0,2025-01-09
414445.0,4568535.0,2025-01-09
414455.0,4568535.0,2025-01-09
414465.0,4568535.0,2025-01-09
414475.0,4568535.0,2025-01-09
414485.0,4568535.0,2025-01-09
414495.0,4568535.0,2025-01-09
414505.0,4568535.0,2025-01-09
414515.0,4568535.0,2025-01-09
414525.0,4568535.0,2025-01-09
414535.0,4568535.0,2025-01-09
414545.0,4568535.0,2025-01-09
414555.0,4568535.0,2025-01-09
414565.0,4568535.0,2025-01-09
414575.0,4568535.0,2025-01-09
414585.0,4568535.0,2025-01-09
414595.0,4568535.0,2025-01-09
414605.0,4568535.0,2025-01-09
414615.0,4568535.0,2025-01-09
414625.0,4568535.0,2025-01-09
414635.0,4568535.0,2025-01-09
414645.0,4568535.0,2025-01-09
414655.0,4568535.0,2025-01-09
414665.0,4568535.0,2025-01-09
414675.0,4568535.0,2025-01-09
414685.0,4568535.0,2025-01-09
414695.0,4568535.0,2025-01-09
414705.0,4568535.0,2025-01-09
414715.0,4568535.0,2025-01-09
414725.0,4568535.0,2025-01-09
414735.0,4568535.0,2025-01-09
414745.0,4568535.0,2025-01-09
414755.0,4568535.0,2025-01-09
414765.0,4568535.0,2025-01-09
414775.0,4568535.0,2025-01-09
414785.0,4568535.0,2025-01-09
414795.0,4568535.0,2025-01-09
414805.0,4568535.0,2025-01-09
414815.0,4568535.0,2025-01-09
414825.0,4568535.0,2025-01-09
414835.0,4568535.0,2025-01-09
414845.0,4568535.0,2025-01-09
414855.0,4568535.0,2025-01-09
414865.0,4568535.0,2025-01-09
414875.0,4568535.0,2025-01-09
414885.0,4568535.0,2025-01-09
414895.0,4568535.0,2025-01-09
414905.0,4568535.0,2025-01-09
414915.0,4568535.0,2025-01-09
414925.0,4568535.0,2025-01-09
414935.0,4568535.0,2025-01-09
414945.0,4568535.0,2025-01-09
414955.0,4568535.0,2025-01-09
414965.0,4568535.0,2025-01-09
414975.0,4568535.0,2025-01-09
414985.0,4568535.0,2025-01-09
414995.0,4568535.0,2025-01-09
415005.0,4568535.0,2025-01-09
415015.0,4568535.0,2025-01-09
415025.0,4568535.0,2025-01-09
415035.0,4568535.0,2025-01-09
415045.0,4568535.0,2025-01-09
415055.0,4568535.0,2025-01-09
415065.0,4568535.0,2025-01-09
415075.0,4568535.0,2025-01-09
415085.0,4568535.0,2025-01-09
415095.0,4568535.0,2025-01-09
415105.0,4568535.0,2025-01-09
415115.0,4568535.0,2025-01-09
415125.0,4568535.0,2025-01-09
415135.0,4568535.0,2025-01-09
415145.0,4568535.0,2025-01-09
415155.0,4568535.0,2025-01-09
415165.0,4568535.0,2025-01-09
415175.0,4568535.0,2025-01-09
415185.0,4568535.0,2025-01-09
415195.0,4568535.0,2025-01-09
415205.0,4568535.0,2025-01-09
415215.0,4568535.0,2025-01-09
415225.0,4568535.0,2025-01-09
415235.0,4568535.0,2025-01-09
415245.0,4568535.0,2025-01-09
415255.0,4568535.0,2025-01-09
415265.0,4568535.0,2025-01-09
415275.0,4568535.0,2025-01-09
415285.0,4568535.0,2025-01-09
415295.0,4568535.0,2025-01-09
415305.0,4568535.0,2025-01-09
415315.0,4568535.0,2025-01-09
415325.0,4568535.0,2025-01-09
415335.0,4568535.0,2025-01-09
415345.0,4568535.0,2025-01-09
415355.0,4568535.0,2025-01-09
415365.0,4568535.0,2025-01-09
415375.0,4568535.0,2025-01-09
415385.0,4568535.0,2025-01-09
415395.0,4568535.0,2025-01-09
415405.0,4568535.0,2025-01-09
415415.0,4568535.0,2025-01-09
415425.0,4568535.0,2025-01-09
415435.0,4568535.0,2025-01-09
415445.0,4568535.0,2025-01-09
415455.0,4568535.0,2025-01-09
415465.0,4568535.0,2025-01-09
415475.0,4568535.0,2025-01-09
415485.0,4568535.0,2025-01-09
415495.0,4568535.0,2025-01-09
415505.0,4568535.0,2025-01-09
415515.0,4568535.0,2025-01-09
415525.0,4568535.0,2025-01-09
415535.0,4568535.0,2025-01-09
415545.0,4568535.0,2025-01-09
415555.0,4568535.0,2025-01-09
415565.0,4568535.0,2025-01-09
415575.0,4568535.0,2025-01-09
415585.0,4568535.0,2025-01-09
415595.0,4568535.0,2025-01-09
415605.0,4568535.0,2025-01-09
415615.0,4568535.0,2025-01-09
415625.0,4568535.0,2025-01-09
415635.0,4568535.0,2025-01-09
415645.0,4568535.0,2025-01-09
415655.0,4568535.0,2025-01-09
415665.0,4568535.0,2025-01-09
415675.0,4568535.0,2025-01-09
415685.0,4568535.0,2025-01-09
415695.0,4568535.0,2025-01-09
415705.0,4568535.0,2025-01-09
415715.0,4568535.0,2025-01-09
415725.0,4568535.0,2025-01-09
415735.0,4568535.0,2025-01-09
415745.0,4568535.0,2025-01-09
415755.0,4568535.0,2025-01-09
415765.0,4568535.0,2025-01-09
415775.0,4568535.0,2025-01-09
415785.0,4568535.0,2025-01-09
415795.0,4568535.0,2025-01-09
415805.0,4568535.0,2025-01-09
415815.0,4568535.0,2025-01-09
415825.0,4568535.0,2025-01-09
415835.0,4568535.0,2025-01-09
415845.0,4568535.0,2025-01-09
415855.0,4568535.0,2025-01-09
415865.0,4568535.0,2025-01-09
415875.0,4568535.0,2025-01-09
415885.0,4568535.0,2025-01-09
415895.0,4568535.0,2025-01-09
415905.0,4568535.0,2025-01-09
415915.0,4568535.0,2025-01-09
415925.0,4568535.0,2025-01-09
415935.0,4568535.0,2025-01-09
415945.0,4568535.0,2025-01-09
415955.0,4568535.0,2025-01-09
415965.0,4568535.0,2025-01-09
415975.0,4568535.0,2025-01-09
415985.0,4568535.0,2025-01-09
415995.0,4568535.0,2025-01-09
416005.0,4568535.0,2025-01-09
416015.0,4568535.0,2025-01-09
416025.0,4568535.0,2025-01-09
416035.0,4568535.0,2025-01-09
416045.0,4568535.0,2025-01-09
416055.0,4568535.0,2025-01-09
416065.0,4568535.0,2025-01-09
416075.0,4568535.0,2025-01-09
416085.0,4568535.0,2025-01-09
416095.0,4568535.0,2025-01-09
416105.0,4568535.0,2025-01-09
416115.0,4568535.0,2025-01-09
416125.0,4568535.0,2025-01-09
416135.0,4568535.0,2025-01-09
416145.0,4568535.0,2025-01-09
416155.0,4568535.0,2025-01-09
416165.0,4568535.0,2025-01-09
416175.0,4568535.0,2025-01-09
416185.0,4568535.0,2025-01-09
416195.0,4568535.0,2025-01-09
416205.0,4568535.0,2025-01-09
416215.0,4568535.0,2025-01-09
416225.0,4568535.0,2025-01-09
416235.0,4568535.0,2025-01-09
416245.0,4568535.0,2025-01-09
416255.0,4568535.0,2025-01-09
416265.0,4568535.0,2025-01-09
416275.0,4568535.0,2025-01-09
416285.0,4568535.0,2025-01-09
416295.0,4568535.0,2025-01-09
416305.0,4568535.0,2025-01-09
416315.0,4568535.0,2025-01-09
416325.0,4568535.0,2025-01-09
416335.0,4568535.0,2025-01-09
416345.0,4568535.0,2025-01-09
416355.0,4568535.0,2025-01-09
416365.0,4568535.0,2025-01-09
416375.0,4568535.0,2025-01-09
416385.0,4568535.0,2025-01-09
416395.0,4568535.0,2025-01-09
416405.0,4568535.0,2025-01-09
416415.0,4568535.0,2025-01-09
416425.0,4568535.0,2025-01-09
416435.0,4568535.0,2025-01-09
416445.0,4568535.0,2025-01-09
416455.0,4568535.0,2025-01-09
413425.0,4568525.0,2025-01-09
413435.0,4568525.0,2025-01-09
413445.0,4568525.0,2025-01-09
413455.0,4568525.0,2025-01-09
413465.0,4568525.0,2025-01-09
413475.0,4568525.0,2025-01-09
413485.0,4568525.0,2025-01-09
413495.0,4568525.0,2025-01-09
413505.0,4568525.0,2025-01-09
413515.0,4568525.0,2025-01-09
413525.0,4568525.0,2025-01-09
413535.0,4568525.0,2025-01-09
413545.0,4568525.0,2025-01-09
413555.0,4568525.0,2025-01-09
413565.0,4568525.0,2025-01-09
413575.0,4568525.0,2025-01-09
413585.0,4568525.0,2025-01-09
413595.0,4568525.0,2025-01-09
413605.0,4568525.0,2025-01-09
413615.0,4568525.0,2025-01-09
413625.0,4568525.0,2025-01-09
413635.0,4568525.0,2025-01-09
413645.0,4568525.0,2025-01-09
413655.0,4568525.0,2025-01-09
413665.0,4568525.0,2025-01-09
413675.0,4568525.0,2025-01-09
413685.0,4568525.0,2025-01-09
413695.0,4568525.0,2025-01-09
413705.0,4568525.0,2025-01-09
413715.0,4568525.0,2025-01-09
413725.0,4568525.0,2025-01-09
413735.0,4568525.0,2025-01-09
413745.0,4568525.0,2025-01-09
413755.0,4568525.0,2025-01-09
413765.0,4568525.0,2025-01-09
413775.0,4568525.0,2025-01-09
413785.0,4568525.0,2025-01-09
413795.0,4568525.0,2025-01-09
413805.0,4568525.0,2025-01-09
413815.0,4568525.0,2025-01-09
413825.0,4568525.0,2025-01-09
413835.0,4568525.0,2025-01-09
413845.0,4568525.0,2025-01-09
413855.0,4568525.0,2025-01-09
413865.0,4568525.0,2025-01-09
413875.0,4568525.0,2025-01-09
413885.0,4568525.0,2025-01-09
413895.0,4568525.0,2025-01-09
413905.0,4568525.0,2025-01-09
413915.0,4568525.0,2025-01-09
413925.0,4568525.0,2025-01-09
413935.0,4568525.0,2025-01-09
413945.0,4568525.0,2025-01-09
413955.0,4568525.0,2025-01-09
413965.0,4568525.0,2025-01-09
413975.0,4568525.0,2025-01-09
413985.0,4568525.0,2025-01-09
413995.0,4568525.0,2025-01-09
414005.0,4568525.0,2025-01-09
414015.0,4568525.0,2025-01-09
414025.0,4568525.0,2025-01-09
414035.0,4568525.0,2025-01-09
414045.0,4568525.0,2025-01-09
414055.0,4568525.0,2025-01-09
414065.0,4568525.0,2025-01-09
414075.0,4568525.0,2025-01-09
414085.0,4568525.0,2025-01-09
414095.0,4568525.0,2025-01-09
414105.0,4568525.0,2025-01-09
414115.0,4568525.0,2025-01-09
414125.0,4568525.0,2025-01-09
414135.0,4568525.0,2025-01-09
414145.0,4568525.0,2025-01-09
414155.0,4568525.0,2025-01-09
414165.0,4568525.0,2025-01-09
414175.0,4568525.0,2025-01-09
414185.0,4568525.0,2025-01-09
414195.0,4568525.0,2025-01-09
414205.0,4568525.0,2025-01-09
414215.0,4568525.0,2025-01-09
414225.0,4568525.0,2025-01-09
414235.0,4568525.0,2025-01-09
414245.0,4568525.0,2025-01-09
414255.0,4568525.0,2025-01-09
414265.0,4568525.0,2025-01-09
414275.0,4568525.0,2025-01-09
414285.0,4568525.0,2025-01-09
414295.0,4568525.0,2025-01-09
414305.0,4568525.0,2025-01-09
414315.0,4568525.0,2025-01-09
414325.0,4568525.0,2025-01-09
414335.0,4568525.0,2025-01-09
414345.0,4568525.0,2025-01-09
414355.0,4568525.0,2025-01-09
414365.0,4568525.0,2025-01-09
414375.0,4568525.0,2025-01-09
414385.0,4568525.0,2025-01-09
414395.0,4568525.0,2025-01-09
414405.0,4568525.0,2025-01-09
414415.0,4568525.0,2025-01-09
414425.0,4568525.0,2025-01-09
414435.0,4568525.0,2025-01-09
414445.0,4568525.0,2025-01-09
414455.0,4568525.0,2025-01-09
414465.0,4568525.0,2025-01-09
414475.0,4568525.0,2025-01-09
414485.0,4568525.0,2025-01-09
414495.0,4568525.0,2025-01-09
414505.0,4568525.0,2025-01-09
414515.0,4568525.0,2025-01-09
414525.0,4568525.0,2025-01-09
414535.0,4568525.0,2025-01-09
414545.0,4568525.0,2025-01-09
414555.0,4568525.0,2025-01-09
414565.0,4568525.0,2025-01-09
414575.0,4568525.0,2025-01-09
414585.0,4568525.0,2025-01-09
414595.0,4568525.0,2025-01-09
414605.0,4568525.0,2025-01-09
414615.0,4568525.0,2025-01-09
414625.0,4568525.0,2025-01-09
414635.0,4568525.0,2025-01-09
414645.0,4568525.0,2025-01-09
414655.0,4568525.0,2025-01-09
414665.0,4568525.0,2025-01-09
414675.0,4568525.0,2025-01-09
414685.0,4568525.0,2025-01-09
414695.0,4568525.0,2025-01-09
414705.0,4568525.0,2025-01-09
414715.0,4568525.0,2025-01-09
414725.0,4568525.0,2025-01-09
414735.0,4568525.0,2025-01-09
414745.0,4568525.0,2025-01-09
414755.0,4568525.0,2025-01-09
414765.0,4568525.0,2025-01-09
414775.0,4568525.0,2025-01-09
414785.0,4568525.0,2025-01-09
414795.0,4568525.0,2025-01-09
414805.0,4568525.0,2025-01-09
414815.0,4568525.0,2025-01-09
414825.0,4568525.0,2025-01-09
414835.0,4568525.0,2025-01-09
414845.0,4568525.0,2025-01-09
414855.0,4568525.0,2025-01-09
414865.0,4568525.0,2025-01-09
414875.0,4568525.0,2025-01-09
414885.0,4568525.0,2025-01-09
414895.0,4568525.0,2025-01-09
414905.0,4568525.0,2025-01-09
414915.0,4568525.0,2025-01-09
414925.0,4568525.0,2025-01-09
414935.0,4568525.0,2025-01-09
414945.0,4568525.0,2025-01-09
414955.0,4568525.0,2025-01-09
414965.0,4568525.0,2025-01-09
414975.0,4568525.0,2025-01-09
414985.0,4568525.0,2025-01-09
414995.0,4568525.0,2025-01-09
415005.0,4568525.0,2025-01-09
415015.0,4568525.0,2025-01-09
415025.0,4568525.0,2025-01-09
415035.0,4568525.0,2025-01-09
415045.0,4568525.0,2025-01-09
415055.0,4568525.0,2025-01-09
415065.0,4568525.0,2025-01-09
415075.0,4568525.0,2025-01-09
415085.0,4568525.0,2025-01-09
415095.0,4568525.0,2025-01-09
415105.0,4568525.0,2025-01-09
415115.0,4568525.0,2025-01-09
415125.0,4568525.0,2025-01-09
415135.0,4568525.0,2025-01-09
415145.0,4568525.0,2025-01-09
415155.0,4568525.0,2025-01-09
415165.0,4568525.0,2025-01-09
415175.0,4568525.0,2025-01-09
415185.0,4568525.0,2025-01-09
415195.0,4568525.0,2025-01-09
415205.0,4568525.0,2025-01-09
415215.0,4568525.0,2025-01-09
415225.0,4568525.0,2025-01-09
415235.0,4568525.0,2025-01-09
415245.0,4568525.0,2025-01-09
415255.0,4568525.0,2025-01-09
415265.0,4568525.0,2025-01-09
415275.0,4568525.0,2025-01-09
415285.0,4568525.0,2025-01-09
415295.0,4568525.0,2025-01-09
415305.0,4568525.0,2025-01-09
415315.0,4568525.0,2025-01-09
415325.0,4568525.0,2025-01-09
415335.0,4568525.0,2025-01-09
415345.0,4568525.0,2025-01-09
415355.0,4568525.0,2025-01-09
415365.0,4568525.0,2025-01-09
415375.0,4568525.0,2025-01-09
415385.0,4568525.0,2025-01-09
415395.0,4568525.0,2025-01-09
415405.0,4568525.0,2025-01-09
415415.0,4568525.0,2025-01-09
415425.0,4568525.0,2025-01-09
415435.0,4568525.0,2025-01-09
415445.0,4568525.0,2025-01-09
415455.0,4568525.0,2025-01-09
415465.0,4568525.0,2025-01-09
415475.0,4568525.0,2025-01-09
415485.0,4568525.0,2025-01-09
415495.0,4568525.0,2025-01-09
415505.0,4568525.0,2025-01-09
415515.0,4568525.0,2025-01-09
415525.0,4568525.0,2025-01-09
415535.0,4568525.0,2025-01-09
415545.0,4568525.0,2025-01-09
415555.0,4568525.0,2025-01-09
415565.0,4568525.0,2025-01-09
415575.0,4568525.0,2025-01-09
415585.0,4568525.0,2025-01-09
415595.0,4568525.0,2025-01-09
415605.0,4568525.0,2025-01-09
415615.0,4568525.0,2025-01-09
415625.0,4568525.0,2025-01-09
415635.0,4568525.0,2025-01-09
415645.0,4568525.0,2025-01-09
415655.0,4568525.0,2025-01-09
415665.0,4568525.0,2025-01-09
415675.0,4568525.0,2025-01-09
415685.0,4568525.0,2025-01-09
415695.0,4568525.0,2025-01-09
415705.0,4568525.0,2025-01-09
415715.0,4568525.0,2025-01-09
415725.0,4568525.0,2025-01-09
415735.0,4568525.0,2025-01-09
415745.0,4568525.0,2025-01-09
415755.0,4568525.0,2025-01-09
415765.0,4568525.0,2025-01-09
415775.0,4568525.0,2025-01-09
415785.0,4568525.0,2025-01-09
415795.0,4568525.0,2025-01-09
415805.0,4568525.0,2025-01-09
415815.0,4568525.0,2025-01-09
415825.0,4568525.0,2025-01-09
415835.0,4568525.0,2025-01-09
415845.0,4568525.0,2025-01-09
415855.0,4568525.0,2025-01-09
415865.0,4568525.0,2025-01-09
415875.0,4568525.0,2025-01-09
415885.0,4568525.0,2025-01-09
415895.0,4568525.0,2025-01-09
415905.0,4568525.0,2025-01-09
415915.0,4568525.0,2025-01-09
415925.0,4568525.0,2025-01-09
415935.0,4568525.0,2025-01-09
415945.0,4568525.0,2025-01-09
415955.0,4568525.0,2025-01-09
415965.0,4568525.0,2025-01-09
415975.0,4568525.0,2025-01-09
415985.0,4568525.0,2025-01-09
415995.0,4568525.0,2025-01-09
416005.0,4568525.0,2025-01-09
416015.0,4568525.0,2025-01-09
416025.0,4568525.0,2025-01-09
416035.0,4568525.0,2025-01-09
416045.0,4568525.0,2025-01-09
416055.0,4568525.0,2025-01-09
416065.0,4568525.0,2025-01-09
416075.0,4568525.0,2025-01-09
416085.0,4568525.0,2025-01-09
416095.0,4568525.0,2025-01-09
416105.0,4568525.0,2025-01-09
416115.0,4568525.0,2025-01-09
416125.0,4568525.0,2025-01-09
416135.0,4568525.0,2025-01-09
416145.0,4568525.0,2025-01-09
416155.0,4568525.0,2025-01-09
416165.0,4568525.0,2025-01-09
416175.0,4568525.0,2025-01-09
416185.0,4568525.0,2025-01-09
416195.0,4568525.0,2025-01-09
416205.0,4568525.0,2025-01-09
416215.0,4568525.0,2025-01-09
416225.0,4568525.0,2025-01-09
416235.0,4568525.0,2025-01-09
416245.0,4568525.0,2025-01-09
416255.0,4568525.0,2025-01-09
416265.0,4568525.0,2025-01-09
416275.0,4568525.0,2025-01-09
416285.0,4568525.0,2025-01-09
416295.0,4568525.0,2025-01-09
416305.0,4568525.0,2025-01-09
416315.0,4568525.0,2025-01-09
416325.0,4568525.0,2025-01-09
416335.0,4568525.0,2025-01-09
416345.0,4568525.0,2025-01-09
416355.0,4568525.0,2025-01-09
416365.0,4568525.0,2025-01-09
416375.0,4568525.0,2025-01-09
416385.0,4568525.0,2025-01-09
416395.0,4568525.0,2025-01-09
416405.0,4568525.0,2025-01-09
416415.0,4568525.0,2025-01-09
416425.0,4568525.0,2025-01-09
416435.0,4568525.0,2025-01-09
416445.0,4568525.0,2025-01-09
416455.0,4568525.0,2025-01-09
414265.0,4568515.0,2025-01-09
414275.0,4568515.0,2025-01-09
414285.0,4568515.0,2025-01-09
414295.0,4568515.0,2025-01-09
414305.0,4568515.0,2025-01-09
414315.0,4568515.0,2025-01-09
414325.0,4568515.0,2025-01-09
414335.0,4568515.0,2025-01-09
414345.0,4568515.0,2025-01-09
414355.0,4568515.0,2025-01-09
414365.0,4568515.0,2025-01-09
414375.0,4568515.0,2025-01-09
414385.0,4568515.0,2025-01-09
414395.0,4568515.0,2025-01-09
414405.0,4568515.0,2025-01-09
414415.0,4568515.0,2025-01-09
414425.0,4568515.0,2025-01-09
414435.0,4568515.0,2025-01-09
414445.0,4568515.0,2025-01-09
414455.0,4568515.0,2025-01-09
414465.0,4568515.0,2025-01-09
414475.0,4568515.0,2025-01-09
414485.0,4568515.0,2025-01-09
414495.0,4568515.0,2025-01-09
414505.0,4568515.0,2025-01-09
414515.0,4568515.0,2025-01-09
414525.0,4568515.0,2025-01-09
414535.0,4568515.0,2025-01-09
414545.0,4568515.0,2025-01-09
414555.0,4568515.0,2025-01-09
414565.0,4568515.0,2025-01-09
414575.0,4568515.0,2025-01-09
414585.0,4568515.0,2025-01-09
414595.0,4568515.0,2025-01-09
414605.0,4568515.0,2025-01-09
414615.0,4568515.0,2025-01-09
414625.0,4568515.0,2025-01-09
414635.0,4568515.0,2025-01-09
414645.0,4568515.0,2025-01-09
414655.0,4568515.0,2025-01-09
414665.0,4568515.0,2025-01-09
414675.0,4568515.0,2025-01-09
414685.0,4568515.0,2025-01-09
414695.0,4568515.0,2025-01-09
414705.0,4568515.0,2025-01-09
414715.0,4568515.0,2025-01-09
414725.0,4568515.0,2025-01-09
414735.0,4568515.0,2025-01-09
414745.0,4568515.0,2025-01-09
414755.0,4568515.0,2025-01-09
414765.0,4568515.0,2025-01-09
414775.0,4568515.0,2025-01-09
414785.0,4568515.0,2025-01-09
414795.0,4568515.0,2025-01-09
414805.0,4568515.0,2025-01-09
414815.0,4568515.0,2025-01-09
414825.0,4568515.0,2025-01-09
414835.0,4568515.0,2025-01-09
414845.0,4568515.0,2025-01-09
414855.0,4568515.0,2025-01-09
414865.0,4568515.0,2025-01-09
414875.0,4568515.0,2025-01-09
414885.0,4568515.0,2025-01-09
414895.0,4568515.0,2025-01-09
414905.0,4568515.0,2025-01-09
414915.0,4568515.0,2025-01-09
414925.0,4568515.0,2025-01-09
414935.0,4568515.0,2025-01-09
414945.0,4568515.0,2025-01-09
414955.0,4568515.0,2025-01-09
414965.0,4568515.0,2025-01-09
414975.0,4568515.0,2025-01-09
414985.0,4568515.0,2025-01-09
414995.0,4568515.0,2025-01-09
415005.0,4568515.0,2025-01-09
415015.0,4568515.0,2025-01-09
415025.0,4568515.0,2025-01-09
415035.0,4568515.0,2025-01-09
415045.0,4568515.0,2025-01-09
415055.0,4568515.0,2025-01-09
415065.0,4568515.0,2025-01-09
415075.0,4568515.0,2025-01-09
415085.0,4568515.0,2025-01-09
415095.0,4568515.0,2025-01-09
415105.0,4568515.0,2025-01-09
415115.0,4568515.0,2025-01-09
415125.0,4568515.0,2025-01-09
415135.0,4568515.0,2025-01-09
415145.0,4568515.0,2025-01-09
415155.0,4568515.0,2025-01-09
415165.0,4568515.0,2025-01-09
415175.0,4568515.0,2025-01-09
415185.0,4568515.0,2025-01-09
415195.0,4568515.0,2025-01-09
415205.0,4568515.0,2025-01-09
415215.0,4568515.0,2025-01-09
415225.0,4568515.0,2025-01-09
415235.0,4568515.0,2025-01-09
415245.0,4568515.0,2025-01-09
415255.0,4568515.0,2025-01-09
415265.0,4568515.0,2025-01-09
415275.0,4568515.0,2025-01-09
415285.0,4568515.0,2025-01-09
415295.0,4568515.0,2025-01-09
415305.0,4568515.0,2025-01-09
415315.0,4568515.0,2025-01-09
415325.0,4568515.0,2025-01-09
415335.0,4568515.0,2025-01-09
415345.0,4568515.0,2025-01-09
415355.0,4568515.0,2025-01-09
415365.0,4568515.0,2025-01-09
415375.0,4568515.0,2025-01-09
415385.0,4568515.0,2025-01-09
415395.0,4568515.0,2025-01-09
415405.0,4568515.0,2025-01-09
415415.0,4568515.0,2025-01-09
415425.0,4568515.0,2025-01-09
415435.0,4568515.0,2025-01-09
415445.0,4568515.0,2025-01-09
415455.0,4568515.0,2025-01-09
415465.0,4568515.0,2025-01-09
415475.0,4568515.0,2025-01-09
415485.0,4568515.0,2025-01-09
415495.0,4568515.0,2025-01-09
415505.0,4568515.0,2025-01-09
415515.0,4568515.0,2025-01-09
415525.0,4568515.0,2025-01-09
415535.0,4568515.0,2025-01-09
415545.0,4568515.0,2025-01-09
415555.0,4568515.0,2025-01-09
415565.0,4568515.0,2025-01-09
415575.0,4568515.0,2025-01-09
415585.0,4568515.0,2025-01-09
415595.0,4568515.0,2025-01-09
415605.0,4568515.0,2025-01-09
415615.0,4568515.0,2025-01-09
415625.0,4568515.0,2025-01-09
415635.0,4568515.0,2025-01-09
415645.0,4568515.0,2025-01-09
415655.0,4568515.0,2025-01-09
415665.0,4568515.0,2025-01-09
415675.0,4568515.0,2025-01-09
415685.0,4568515.0,2025-01-09
415695.0,4568515.0,2025-01-09
415705.0,4568515.0,2025-01-09
415715.0,4568515.0,2025-01-09
415725.0,4568515.0,2025-01-09
415735.0,4568515.0,2025-01-09
415745.0,4568515.0,2025-01-09
415755.0,4568515.0,2025-01-09
415765.0,4568515.0,2025-01-09
415775.0,4568515.0,2025-01-09
415785.0,4568515.0,2025-01-09
415795.0,4568515.0,2025-01-09
415805.0,4568515.0,2025-01-09
415815.0,4568515.0,2025-01-09
415825.0,4568515.0,2025-01-09
415835.0,4568515.0,2025-01-09
415845.0,4568515.0,2025-01-09
415855.0,4568515.0,2025-01-09
415865.0,4568515.0,2025-01-09
415875.0,4568515.0,2025-01-09
415885.0,4568515.0,2025-01-09
415895.0,4568515.0,2025-01-09
415905.0,4568515.0,2025-01-09
415915.0,4568515.0,2025-01-09
415925.0,4568515.0,2025-01-09
415935.0,4568515.0,2025-01-09
415945.0,4568515.0,2025-01-09
415955.0,4568515.0,2025-01-09
415965.0,4568515.0,2025-01-09
415975.0,4568515.0,2025-01-09
415985.0,4568515.0,2025-01-09
415995.0,4568515.0,2025-01-09
416005.0,4568515.0,2025-01-09
416015.0,4568515.0,2025-01-09
416025.0,4568515.0,2025-01-09
416035.0,4568515.0,2025-01-09
416045.0,4568515.0,2025-01-09
416055.0,4568515.0,2025-01-09
416065.0,4568515.0,2025-01-09
416075.0,4568515.0,2025-01-09
416085.0,4568515.0,2025-01-09
416095.0,4568515.0,2025-01-09
416105.0,4568515.0,2025-01-09
416115.0,4568515.0,2025-01-09
416125.0,4568515.0,2025-01-09
416135.0,4568515.0,2025-01-09
416145.0,4568515.0,2025-01-09
416155.0,4568515.0,2025-01-09
416165.0,4568515.0,2025-01-09
416175.0,4568515.0,2025-01-09
416185.0,4568515.0,2025-01-09
416195.0,4568515.0,2025-01-09
416205.0,4568515.0,2025-01-09
416215.0,4568515.0,2025-01-09
416225.0,4568515.0,2025-01-09
416235.0,4568515.0,2025-01-09
416245.0,4568515.0,2025-01-09
416255.0,4568515.0,2025-01-09
416265.0,4568515.0,2025-01-09
416275.0,4568515.0,2025-01-09
416285.0,4568515.0,2025-01-09
416295.0,4568515.0,2025-01-09
416305.0,4568515.0,2025-01-09
416315.0,4568515.0,2025-01-09
416325.0,4568515.0,2025-01-09
416335.0,4568515.0,2025-01-09
416345.0,4568515.0,2025-01-09
416355.0,4568515.0,2025-01-09
416365.0,4568515.0,2025-01-09
416375.0,4568515.0,2025-01-09
416385.0,4568515.0,2025-01-09
416395.0,4568515.0,2025-01-09
416405.0,4568515.0,2025-01-09
416415.0,4568515.0,2025-01-09
416425.0,4568515.0,2025-01-09
416435.0,4568515.0,2025-01-09
416445.0,4568515.0,2025-01-09
416455.0,4568515.0,2025-01-09
415115.0,4568505.0,2025-01-09
415125.0,4568505.0,2025-01-09
415135.0,4568505.0,2025-01-09
415145.0,4568505.0,2025-01-09
415155.0,4568505.0,2025-01-09
415165.0,4568505.0,2025-01-09
415175.0,4568505.0,2025-01-09
415185.0,4568505.0,2025-01-09
415195.0,4568505.0,2025-01-09
415205.0,4568505.0,2025-01-09
415215.0,4568505.0,2025-01-09
415225.0,4568505.0,2025-01-09
415235.0,4568505.0,2025-01-09
415245.0,4568505.0,2025-01-09
415255.0,4568505.0,2025-01-09
415265.0,4568505.0,2025-01-09
415275.0,4568505.0,2025-01-09
415285.0,4568505.0,2025-01-09
415295.0,4568505.0,2025-01-09
415305.0,4568505.0,2025-01-09
415315.0,4568505.0,2025-01-09
415325.0,4568505.0,2025-01-09
415335.0,4568505.0,2025-01-09
415345.0,4568505.0,2025-01-09
415355.0,4568505.0,2025-01-09
415365.0,4568505.0,2025-01-09
415375.0,4568505.0,2025-01-09
415385.0,4568505.0,2025-01-09
415395.0,4568505.0,2025-01-09
415405.0,4568505.0,2025-01-09
415415.0,4568505.0,2025-01-09
415425.0,4568505.0,2025-01-09
415435.0,4568505.0,2025-01-09
415445.0,4568505.0,2025-01-09
415455.0,4568505.0,2025-01-09
415465.0,4568505.0,2025-01-09
415475.0,4568505.0,2025-01-09
415485.0,4568505.0,2025-01-09
415495.0,4568505.0,2025-01-09
415505.0,4568505.0,2025-01-09
415515.0,4568505.0,2025-01-09
415525.0,4568505.0,2025-01-09
415535.0,4568505.0,2025-01-09
415545.0,4568505.0,2025-01-09
415555.0,4568505.0,2025-01-09
415565.0,4568505.0,2025-01-09
415575.0,4568505.0,2025-01-09
415585.0,4568505.0,2025-01-09
415595.0,4568505.0,2025-01-09
415605.0,4568505.0,2025-01-09
415615.0,4568505.0,2025-01-09
415625.0,4568505.0,2025-01-09
415635.0,4568505.0,2025-01-09
415645.0,4568505.0,2025-01-09
415655.0,4568505.0,2025-01-09
415665.0,4568505.0,2025-01-09
415675.0,4568505.0,2025-01-09
415685.0,4568505.0,2025-01-09
415695.0,4568505.0,2025-01-09
415705.0,4568505.0,2025-01-09
415715.0,4568505.0,2025-01-09
415725.0,4568505.0,2025-01-09
415735.0,4568505.0,2025-01-09
415745.0,4568505.0,2025-01-09
415755.0,4568505.0,2025-01-09
415765.0,4568505.0,2025-01-09
415775.0,4568505.0,2025-01-09
415785.0,4568505.0,2025-01-09
415795.0,4568505.0,2025-01-09
415805.0,4568505.0,2025-01-09
415815.0,4568505.0,2025-01-09
415825.0,4568505.0,2025-01-09
415835.0,4568505.0,2025-01-09
415845.0,4568505.0,2025-01-09
415855.0,4568505.0,2025-01-09
415865.0,4568505.0,2025-01-09
415875.0,4568505.0,2025-01-09
415885.0,4568505.0,2025-01-09
415895.0,4568505.0,2025-01-09
415905.0,4568505.0,2025-01-09
415915.0,4568505.0,2025-01-09
415925.0,4568505.0,2025-01-09
415935.0,4568505.0,2025-01-09
415945.0,4568505.0,2025-01-09
415955.0,4568505.0,2025-01-09
415965.0,4568505.0,2025-01-09
415975.0,4568505.0,2025-01-09
415985.0,4568505.0,2025-01-09
415995.0,4568505.0,2025-01-09
416005.0,4568505.0,2025-01-09
416015.0,4568505.0,2025-01-09
416025.0,4568505.0,2025-01-09
416035.0,4568505.0,2025-01-09
416045.0,4568505.0,2025-01-09
416055.0,4568505.0,2025-01-09
416065.0,4568505.0,2025-01-09
416075.0,4568505.0,2025-01-09
416085.0,4568505.0,2025-01-09
416095.0,4568505.0,2025-01-09
416105.0,4568505.0,2025-01-09
416115.0,4568505.0,2025-01-09
416125.0,4568505.0,2025-01-09
416135.0,4568505.0,2025-01-09
416145.0,4568505.0,2025-01-09
416155.0,4568505.0,2025-01-09
416165.0,4568505.0,2025-01-09
416175.0,4568505.0,2025-01-09
416185.0,4568505.0,2025-01-09
416195.0,4568505.0,2025-01-09
416205.0,4568505.0,2025-01-09
416215.0,4568505.0,2025-01-09
416225.0,4568505.0,2025-01-09
416235.0,4568505.0,2025-01-09
416245.0,4568505.0,2025-01-09
416255.0,4568505.0,2025-01-09
416265.0,4568505.0,2025-01-09
416275.0,4568505.0,2025-01-09
416285.0,4568505.0,2025-01-09
416295.0,4568505.0,2025-01-09
416305.0,4568505.0,2025-01-09
416315.0,4568505.0,2025-01-09
416325.0,4568505.0,2025-01-09
416335.0,4568505.0,2025-01-09
416345.0,4568505.0,2025-01-09
416355.0,4568505.0,2025-01-09
416365.0,4568505.0,2025-01-09
416375.0,4568505.0,2025-01-09
416385.0,4568505.0,2025-01-09
416395.0,4568505.0,2025-01-09
416405.0,4568505.0,2025-01-09
416415.0,4568505.0,2025-01-09
416425.0,4568505.0,2025-01-09
416435.0,4568505.0,2025-01-09
416445.0,4568505.0,2025-01-09
416455.0,4568505.0,2025-01-09
415965.0,4568495.0,2025-01-09
415975.0,4568495.0,2025-01-09
415985.0,4568495.0,2025-01-09
415995.0,4568495.0,2025-01-09
416005.0,4568495.0,2025-01-09
416015.0,4568495.0,2025-01-09
416025.0,4568495.0,2025-01-09
416035.0,4568495.0,2025-01-09
416045.0,4568495.0,2025-01-09
416055.0,4568495.0,2025-01-09
416065.0,4568495.0,2025-01-09
416075.0,4568495.0,2025-01-09
416085.0,4568495.0,2025-01-09
416095.0,4568495.0,2025-01-09
416105.0,4568495.0,2025-01-09
416115.0,4568495.0,2025-01-09
416125.0,4568495.0,2025-01-09
416135.0,4568495.0,2025-01-09
416145.0,4568495.0,2025-01-09
416155.0,4568495.0,2025-01-09
416165.0,4568495.0,2025-01-09
416175.0,4568495.0,2025-01-09
416185.0,4568495.0,2025-01-09
416195.0,4568495.0,2025-01-09
416205.0,4568495.0,2025-01-09
416215.0,4568495.0,2025-01-09
416225.0,4568495.0,2025-01-09
416235.0,4568495.0,2025-01-09
416245.0,4568495.0,2025-01-09
416255.0,4568495.0,2025-01-09
416265.0,4568495.0,2025-01-09
416275.0,4568495.0,2025-01-09
416285.0,4568495.0,2025-01-09
416295.0,4568495.0,2025-01-09
416305.0,4568495.0,2025-01-09
416315.0,4568495.0,2025-01-09
416325.0,4568495.0,2025-01-09
416335.0,4568495.0,2025-01-09
416345.0,4568495.0,2025-01-09
416355.0,4568495.0,2025-01-09
416365.0,4568495.0,2025-01-09
416375.0,4568495.0,2025-01-09
416385.0,4568495.0,2025-01-09
416395.0,4568495.0,2025-01-09
416405.0,4568495.0,2025-01-09
416415.0,4568495.0,2025-01-09
416425.0,4568495.0,2025-01-09
416435.0,4568495.0,2025-01-09
416445.0,4568495.0,2025-01-09
416455.0,4568495.0,2025-01-09
