{
  "type": "FeatureCollection",
  "features": [
    {
      "type": "Feature",
      "geometry": {
        "type": "Point",
        "coordinates": [
          1.955360502985466,
          41.263951484230496
        ]
      },
      "properties": {
        "date": "2025-06-25"
      }
    },
    {
      "type": "Feature",
      "geometry": {
        "type": "Point",
        "coordinates": [
          1.955479864527573,
          41.26395256728135
        ]
      },
      "properties": {
        "date": "2025-06-25"
      }
    },
    {
      "type": "Feature",
      "geometry": {
        "type": "Point",
        "coordinates": [
          1.955599226076196,
          41.263953650208485
        ]
      },
      "properties": {
        "date": "2025-06-25"
      }
    },
    {
      "type": "Feature",
      "geometry": {
        "type": "Point",
        "coordinates": [
          1.9557185876313332,
          41.263954733011914
        ]
      },
      "properties": {
        "date": "2025-06-25"
      }
    },
    {
      "type": "Feature",
      "geometry": {
        "type": "Point",
        "coordinates": [
          1.9558379491929847,
          41.26395581569161
        ]
      },
      "properties": {
        "date": "2025-06-25"
      }
    },
    {
      "type": "Feature",
      "geometry": {
        "type": "Point",
        "coordinates": [
          1.955957310761149,
          41.26395689824758
        ]
      },
      "properties": {
        "date": "2025-06-25"
      }
    },
    {
      "type": "Feature",
      "geometry": {
        "type": "Point",
        "coordinates": [
          1.9560766723358263,
          41.26395798067983
        ]
      },
      "properties": {
        "date": "2025-06-25"
      }
    },
    {
      "type": "Feature",
      "geometry": {
        "type": "Point",
        "coordinates": [
          1.9561960339170148,
          41.26395906298837
        ]
      },
      "properties": {
        "date": "2025-06-25"
      }
    },
    {
      "type": "Feature",
      "geometry": {
        "type": "Point",
        "coordinates": [
          1.9563153955047148,
          41.26396014517318
        ]
      },
      "properties": {
        "date": "2025-06-25"
      }
    },
    {
      "type": "Feature",
      "geometry": {
        "type": "Point",
        "coordinates": [
          1.9564347570989251,
          41.26396122723426
        ]
      },
      "properties": {
        "date": "2025-06-25"
      }
    },
    {
      "type": "Feature",
      "geometry": {
        "type": "Point",
        "coordinates": [
          1.9565541186996442,
          41.26396230917164
        ]
      },
      "properties": {
        "date": "2025-06-25"
      }
    },
    {
      "type": "Feature",
      "geometry": {
        "type": "Point",
        "coordinates": [
          1.9566734803068728,
          41.26396339098529
        ]
      },
      "properties": {
        "date": "2025-06-25"
      }
    },
    {
      "type": "Feature",
      "geometry": {
        "type": "Point",
        "coordinates": [
          1.9567928419206089,
          41.26396447267521
        ]
      },
      "properties": {
        "date": "2025-06-25"
      }
    },
    {
      "type": "Feature",
      "geometry": {
        "type": "Point",
        "coordinates": [
          1.9569122035408524,
          41.263965554241416
        ]
      },
      "properties": {
        "date": "2025-06-25"
      }
    },
    {
      "type": "Feature",
      "geometry": {
        "type": "Point",
        "coordinates": [
          1.9570315651676027,
          41.263966635683914
        ]
      },
      "properties": {
        "date": "2025-06-25"
      }
    },
    {
      "type": "Feature",
      "geometry": {
        "type": "Point",
        "coordinates": [
          1.9571509268008587,
          41.26396771700267
        ]
      },
      "properties": {
        "date": "2025-06-25"
      }
    },
    {
      "type": "Feature",
      "geometry": {
        "type": "Point",
        "coordinates": [
          1.9572702884406195,
          41.26396879819772
        ]
      },
      "properties": {
        "date": "2025-06-25"
      }
    },
    {
      "type": "Feature",
      "geometry": {
        "type": "Point",
        "coordinates": [
          1.957389650086885,
          41.26396987926905
        ]
      },
      "properties": {
        "date": "2025-06-25"
      }
    },
    {
      "type": "Feature",
      "geometry": {
        "type": "Point",
        "coordinates": [
          1.9575090117396536,
          41.263970960216646
        ]
      },
      "properties": {
        "date": "2025-06-25"
      }
    },
    {
      "type": "Feature",
      "geometry": {
        "type": "Point",
        "coordinates": [
          1.9576283733989253,
          41.26397204104052
        ]
      },
      "properties": {
        "date": "2025-06-25"
      }
    },
    {
      "type": "Feature",
      "geometry": {
        "type": "Point",
        "coordinates": [
          1.9577477350646988,
          41.26397312174069
        ]
      },
      "properties": {
        "date": "2025-06-25"
      }
    },
    {
      "type": "Feature",
      "geometry": {
        "type": "Point",
        "coordinates": [
          1.9578670967369736,
          41.26397420231712
        ]
      },
      "properties": {
        "date": "2025-06-25"
      }
    },
    {
      "type": "Feature",
      "geometry": {
        "type": "Point",
        "coordinates": [
          1.9579864584157496,
          41.26397528276984
        ]
      },
      "properties": {
        "date": "2025-06-25"
      }
    },
    {
      "type": "Feature",
      "geometry": {
        "type": "Point",
        "coordinates": [
          1.958105820101025,
          41.26397636309884
        ]
      },
      "properties": {
        "date": "2025-06-25"
      }
    },
    {
      "type": "Feature",
      "geometry": {
        "type": "Point",
        "coordinates": [
          1.9582251817927991,
          41.26397744330412
        ]
      },
      "properties": {
        "date": "2025-06-25"
      }
    },
    {
      "type": "Feature",
      "geometry": {
        "type": "Point",
        "coordinates": [
          1.958344543491072,
          41.26397852338567
        ]
      },
      "properties": {
        "date": "2025-06-25"
      }
    },
    {
      "type": "Feature",
      "geometry": {
        "type": "Point",
        "coordinates": [
          1.9584639051958426,
          41.2639796033435
        ]
      },
      "properties": {
        "date": "2025-06-25"
      }
    },
    {
      "type": "Feature",
      "geometry": {
        "type": "Point",
        "coordinates": [
          1.9991666204444771,
          41.264340654526976
        ]
      },
      "properties": {
        "date": "2025-06-25"
      }
    },
    {
      "type": "Feature",
      "geometry": {
        "type": "Point",
        "coordinates": [
          1.9992859843277926,
          41.264341692171016
        ]
      },
      "properties": {
        "date": "2025-06-25"
      }
    },
    {
      "type": "Feature",
      "geometry": {
        "type": "Point",
        "coordinates": [
          1.9994053482173506,
          41.26434272969133
        ]
      },
      "properties": {
        "date": "2025-06-25"
      }
    },
    {
      "type": "Feature",
      "geometry": {
        "type": "Point",
        "coordinates": [
          2.0017926273182725,
          41.26436345411486
        ]
      },
      "properties": {
        "date": "2025-06-25"
      }
    },
    {
      "type": "Feature",
      "geometry": {
        "type": "Point",
        "coordinates": [
          2.0019119913387495,
          41.264364489036886
        ]
      },
      "properties": {
        "date": "2025-06-25"
      }
    },
    {
      "type": "Feature",
      "geometry": {
        "type": "Point",
        "coordinates": [
          2.0020313553654523,
          41.264365523835195
        ]
      },
      "properties": {
        "date": "2025-06-25"
      }
    },
    {
      "type": "Feature",
      "geometry": {
        "type": "Point",
        "coordinates": [
          2.0021507193983807,
          41.26436655850978
        ]
      },
      "properties": {
        "date": "2025-06-25"
      }
    },
    {
      "type": "Feature",
      "geometry": {
        "type": "Point",
        "coordinates": [
          2.0022700834375335,
          41.26436759306061
        ]
      },
      "properties": {
        "date": "2025-06-25"
      }
    },
    {
      "type": "Feature",
      "geometry": {
        "type": "Point",
        "coordinates": [
          2.00238944748291,
          41.26436862748774
        ]
      },
      "properties": {
        "date": "2025-06-25"
      }
    },
    {
      "type": "Feature",
      "geometry": {
        "type": "Point",
        "coordinates": [
          2.00250881153451,
          41.264369661791115
        ]
      },
      "properties": {
        "date": "2025-06-25"
      }
    },
    {
      "type": "Feature",
      "geometry": {
        "type": "Point",
        "coordinates": [
          2.002628175592332,
          41.2643706959708
        ]
      },
      "properties": {
        "date": "2025-06-25"
      }
    },
    {
      "type": "Feature",
      "geometry": {
        "type": "Point",
        "coordinates": [
          1.951542377783496,
          41.263826698140626
        ]
      },
      "properties": {
        "date": "2025-06-25"
      }
    },
    {
      "type": "Feature",
      "geometry": {
        "type": "Point",
        "coordinates": [
          1.9520198224998369,
          41.26383104542427
        ]
      },
      "properties": {
        "date": "2025-06-25"
      }
    },
    {
      "type": "Feature",
      "geometry": {
        "type": "Point",
        "coordinates": [
          1.9521391836952662,
          41.26383213193588
        ]
      },
      "properties": {
        "date": "2025-06-25"
      }
    },
    {
      "type": "Feature",
      "geometry": {
        "type": "Point",
        "coordinates": [
          1.9526166285423399,
          41.26383647674512
        ]
      },
      "properties": {
        "date": "2025-06-25"
      }
    },
    {
      "type": "Feature",
      "geometry": {
        "type": "Point",
        "coordinates": [
          1.952735989770443,
          41.26383756263812
        ]
      },
      "properties": {
        "date": "2025-06-25"
      }
    },
    {
      "type": "Feature",
      "geometry": {
        "type": "Point",
        "coordinates": [
          1.9528553510050783,
          41.26383864840742
        ]
      },
      "properties": {
        "date": "2025-06-25"
      }
    },
    {
      "type": "Feature",
      "geometry": {
        "type": "Point",
        "coordinates": [
          1.9530940734939453,
          41.26384081957484
        ]
      },
      "properties": {
        "date": "2025-06-25"
      }
    },
    {
      "type": "Feature",
      "geometry": {
        "type": "Point",
        "coordinates": [
          1.9532134347481744,
          41.26384190497298
        ]
      },
      "properties": {
        "date": "2025-06-25"
      }
    },
    {
      "type": "Feature",
      "geometry": {
        "type": "Point",
        "coordinates": [
          1.953332796008933,
          41.263842990247376
        ]
      },
      "properties": {
        "date": "2025-06-25"
      }
    },
    {
      "type": "Feature",
      "geometry": {
        "type": "Point",
        "coordinates": [
          1.9534521572762202,
          41.26384407539807
        ]
      },
      "properties": {
        "date": "2025-06-25"
      }
    },
    {
      "type": "Feature",
      "geometry": {
        "type": "Point",
        "coordinates": [
          1.9535715185500357,
          41.263845160425035
        ]
      },
      "properties": {
        "date": "2025-06-25"
      }
    },
    {
      "type": "Feature",
      "geometry": {
        "type": "Point",
        "coordinates": [
          1.9536908798303785,
          41.263846245328295
        ]
      },
      "properties": {
        "date": "2025-06-25"
      }
    },
    {
      "type": "Feature",
      "geometry": {
        "type": "Point",
        "coordinates": [
          1.9541683250170083,
          41.2638505837041
        ]
      },
      "properties": {
        "date": "2025-06-25"
      }
    },
    {
      "type": "Feature",
      "geometry": {
        "type": "Point",
        "coordinates": [
          1.9542876863299765,
          41.26385166798874
        ]
      },
      "properties": {
        "date": "2025-06-25"
      }
    },
    {
      "type": "Feature",
      "geometry": {
        "type": "Point",
        "coordinates": [
          1.9546457703080153,
          41.26385492010038
        ]
      },
      "properties": {
        "date": "2025-06-25"
      }
    },
    {
      "type": "Feature",
      "geometry": {
        "type": "Point",
        "coordinates": [
          1.9547651316470707,
          41.26385600389014
        ]
      },
      "properties": {
        "date": "2025-06-25"
      }
    },
    {
      "type": "Feature",
      "geometry": {
        "type": "Point",
        "coordinates": [
          1.9548844929926463,
          41.26385708755618
        ]
      },
      "properties": {
        "date": "2025-06-25"
      }
    },
    {
      "type": "Feature",
      "geometry": {
        "type": "Point",
        "coordinates": [
          1.9550038543447403,
          41.26385817109851
        ]
      },
      "properties": {
        "date": "2025-06-25"
      }
    },
    {
      "type": "Feature",
      "geometry": {
        "type": "Point",
        "coordinates": [
          1.955123215703353,
          41.26385925451712
        ]
      },
      "properties": {
        "date": "2025-06-25"
      }
    },
    {
      "type": "Feature",
      "geometry": {
        "type": "Point",
        "coordinates": [
          1.9552425770684831,
          41.26386033781202
        ]
      },
      "properties": {
        "date": "2025-06-25"
      }
    },
    {
      "type": "Feature",
      "geometry": {
        "type": "Point",
        "coordinates": [
          1.9553619384401306,
          41.26386142098318
        ]
      },
      "properties": {
        "date": "2025-06-25"
      }
    },
    {
      "type": "Feature",
      "geometry": {
        "type": "Point",
        "coordinates": [
          1.958465336387958,
          41.26388954000762
        ]
      },
      "properties": {
        "date": "2025-06-25"
      }
    },
    {
      "type": "Feature",
      "geometry": {
        "type": "Point",
        "coordinates": [
          1.9585846979352803,
          41.26389061983833
        ]
      },
      "properties": {
        "date": "2025-06-25"
      }
    },
    {
      "type": "Feature",
      "geometry": {
        "type": "Point",
        "coordinates": [
          1.9587040594890996,
          41.26389169954532
        ]
      },
      "properties": {
        "date": "2025-06-25"
      }
    },
    {
      "type": "Feature",
      "geometry": {
        "type": "Point",
        "coordinates": [
          1.9588234210494133,
          41.26389277912858
        ]
      },
      "properties": {
        "date": "2025-06-25"
      }
    },
    {
      "type": "Feature",
      "geometry": {
        "type": "Point",
        "coordinates": [
          1.958942782616222,
          41.26389385858813
        ]
      },
      "properties": {
        "date": "2025-06-25"
      }
    },
    {
      "type": "Feature",
      "geometry": {
        "type": "Point",
        "coordinates": [
          1.9590621441895246,
          41.26389493792396
        ]
      },
      "properties": {
        "date": "2025-06-25"
      }
    },
    {
      "type": "Feature",
      "geometry": {
        "type": "Point",
        "coordinates": [
          1.9591815057693198,
          41.26389601713606
        ]
      },
      "properties": {
        "date": "2025-06-25"
      }
    },
    {
      "type": "Feature",
      "geometry": {
        "type": "Point",
        "coordinates": [
          1.9593008673556085,
          41.26389709622445
        ]
      },
      "properties": {
        "date": "2025-06-25"
      }
    },
    {
      "type": "Feature",
      "geometry": {
        "type": "Point",
        "coordinates": [
          1.9595395905476582,
          41.26389925403006
        ]
      },
      "properties": {
        "date": "2025-06-25"
      }
    },
    {
      "type": "Feature",
      "geometry": {
        "type": "Point",
        "coordinates": [
          1.9596589521534187,
          41.26390033274727
        ]
      },
      "properties": {
        "date": "2025-06-25"
      }
    },
    {
      "type": "Feature",
      "geometry": {
        "type": "Point",
        "coordinates": [
          1.9597783137656686,
          41.263901411340775
        ]
      },
      "properties": {
        "date": "2025-06-25"
      }
    },
    {
      "type": "Feature",
      "geometry": {
        "type": "Point",
        "coordinates": [
          1.960613845233059,
          41.26390895803109
        ]
      },
      "properties": {
        "date": "2025-06-25"
      }
    },
    {
      "type": "Feature",
      "geometry": {
        "type": "Point",
        "coordinates": [
          1.9607332068971977,
          41.263910035634815
        ]
      },
      "properties": {
        "date": "2025-06-25"
      }
    },
    {
      "type": "Feature",
      "geometry": {
        "type": "Point",
        "coordinates": [
          1.9608525685678186,
          41.26391111311483
        ]
      },
      "properties": {
        "date": "2025-06-25"
      }
    },
    {
      "type": "Feature",
      "geometry": {
        "type": "Point",
        "coordinates": [
          1.9609719302449213,
          41.26391219047111
        ]
      },
      "properties": {
        "date": "2025-06-25"
      }
    },
    {
      "type": "Feature",
      "geometry": {
        "type": "Point",
        "coordinates": [
          1.961091291928505,
          41.263913267703686
        ]
      },
      "properties": {
        "date": "2025-06-25"
      }
    },
    {
      "type": "Feature",
      "geometry": {
        "type": "Point",
        "coordinates": [
          1.96121065361857,
          41.26391434481253
        ]
      },
      "properties": {
        "date": "2025-06-25"
      }
    },
    {
      "type": "Feature",
      "geometry": {
        "type": "Point",
        "coordinates": [
          1.961330015315114,
          41.263915421797655
        ]
      },
      "properties": {
        "date": "2025-06-25"
      }
    },
    {
      "type": "Feature",
      "geometry": {
        "type": "Point",
        "coordinates": [
          1.9614493770181376,
          41.26391649865905
        ]
      },
      "properties": {
        "date": "2025-06-25"
      }
    },
    {
      "type": "Feature",
      "geometry": {
        "type": "Point",
        "coordinates": [
          1.9615687387276393,
          41.26391757539673
        ]
      },
      "properties": {
        "date": "2025-06-25"
      }
    },
    {
      "type": "Feature",
      "geometry": {
        "type": "Point",
        "coordinates": [
          1.9616881004436182,
          41.2639186520107
        ]
      },
      "properties": {
        "date": "2025-06-25"
      }
    },
    {
      "type": "Feature",
      "geometry": {
        "type": "Point",
        "coordinates": [
          1.9618074621660735,
          41.26391972850094
        ]
      },
      "properties": {
        "date": "2025-06-25"
      }
    },
    {
      "type": "Feature",
      "geometry": {
        "type": "Point",
        "coordinates": [
          1.9619268238950056,
          41.26392080486745
        ]
      },
      "properties": {
        "date": "2025-06-25"
      }
    },
    {
      "type": "Feature",
      "geometry": {
        "type": "Point",
        "coordinates": [
          1.9620461856304126,
          41.26392188111025
        ]
      },
      "properties": {
        "date": "2025-06-25"
      }
    },
    {
      "type": "Feature",
      "geometry": {
        "type": "Point",
        "coordinates": [
          1.9621655473722939,
          41.26392295722932
        ]
      },
      "properties": {
        "date": "2025-06-25"
      }
    },
    {
      "type": "Feature",
      "geometry": {
        "type": "Point",
        "coordinates": [
          1.9622849091206493,
          41.263924033224676
        ]
      },
      "properties": {
        "date": "2025-06-25"
      }
    },
    {
      "type": "Feature",
      "geometry": {
        "type": "Point",
        "coordinates": [
          1.9624042708754774,
          41.26392510909631
        ]
      },
      "properties": {
        "date": "2025-06-25"
      }
    },
    {
      "type": "Feature",
      "geometry": {
        "type": "Point",
        "coordinates": [
          1.962523632636778,
          41.26392618484422
        ]
      },
      "properties": {
        "date": "2025-06-25"
      }
    },
    {
      "type": "Feature",
      "geometry": {
        "type": "Point",
        "coordinates": [
          1.96264299440455,
          41.26392726046841
        ]
      },
      "properties": {
        "date": "2025-06-25"
      }
    },
    {
      "type": "Feature",
      "geometry": {
        "type": "Point",
        "coordinates": [
          1.9627623561787928,
          41.26392833596888
        ]
      },
      "properties": {
        "date": "2025-06-25"
      }
    },
    {
      "type": "Feature",
      "geometry": {
        "type": "Point",
        "coordinates": [
          1.962881717959506,
          41.26392941134563
        ]
      },
      "properties": {
        "date": "2025-06-25"
      }
    },
    {
      "type": "Feature",
      "geometry": {
        "type": "Point",
        "coordinates": [
          1.9630010797466884,
          41.26393048659864
        ]
      },
      "properties": {
        "date": "2025-06-25"
      }
    },
    {
      "type": "Feature",
      "geometry": {
        "type": "Point",
        "coordinates": [
          1.9631204415403387,
          41.263931561727944
        ]
      },
      "properties": {
        "date": "2025-06-25"
      }
    },
    {
      "type": "Feature",
      "geometry": {
        "type": "Point",
        "coordinates": [
          1.9632398033404572,
          41.263932636733536
        ]
      },
      "properties": {
        "date": "2025-06-25"
      }
    },
    {
      "type": "Feature",
      "geometry": {
        "type": "Point",
        "coordinates": [
          1.963359165147043,
          41.26393371161539
        ]
      },
      "properties": {
        "date": "2025-06-25"
      }
    },
    {
      "type": "Feature",
      "geometry": {
        "type": "Point",
        "coordinates": [
          1.9634785269600952,
          41.263934786373525
        ]
      },
      "properties": {
        "date": "2025-06-25"
      }
    },
    {
      "type": "Feature",
      "geometry": {
        "type": "Point",
        "coordinates": [
          1.9635978887796128,
          41.26393586100794
        ]
      },
      "properties": {
        "date": "2025-06-25"
      }
    },
    {
      "type": "Feature",
      "geometry": {
        "type": "Point",
        "coordinates": [
          1.9637172506055947,
          41.263936935518636
        ]
      },
      "properties": {
        "date": "2025-06-25"
      }
    },
    {
      "type": "Feature",
      "geometry": {
        "type": "Point",
        "coordinates": [
          1.9638366124380415,
          41.2639380099056
        ]
      },
      "properties": {
        "date": "2025-06-25"
      }
    },
    {
      "type": "Feature",
      "geometry": {
        "type": "Point",
        "coordinates": [
          1.9639559742769512,
          41.263939084168854
        ]
      },
      "properties": {
        "date": "2025-06-25"
      }
    },
    {
      "type": "Feature",
      "geometry": {
        "type": "Point",
        "coordinates": [
          1.9640753361223235,
          41.26394015830839
        ]
      },
      "properties": {
        "date": "2025-06-25"
      }
    },
    {
      "type": "Feature",
      "geometry": {
        "type": "Point",
        "coordinates": [
          1.9641946979741578,
          41.263941232324186
        ]
      },
      "properties": {
        "date": "2025-06-25"
      }
    },
    {
      "type": "Feature",
      "geometry": {
        "type": "Point",
        "coordinates": [
          1.9643140598324536,
          41.26394230621628
        ]
      },
      "properties": {
        "date": "2025-06-25"
      }
    },
    {
      "type": "Feature",
      "geometry": {
        "type": "Point",
        "coordinates": [
          1.9644334216972088,
          41.26394337998464
        ]
      },
      "properties": {
        "date": "2025-06-25"
      }
    },
    {
      "type": "Feature",
      "geometry": {
        "type": "Point",
        "coordinates": [
          1.9645527835684242,
          41.263944453629286
        ]
      },
      "properties": {
        "date": "2025-06-25"
      }
    },
    {
      "type": "Feature",
      "geometry": {
        "type": "Point",
        "coordinates": [
          1.9646721454460987,
          41.2639455271502
        ]
      },
      "properties": {
        "date": "2025-06-25"
      }
    },
    {
      "type": "Feature",
      "geometry": {
        "type": "Point",
        "coordinates": [
          1.9647915073302311,
          41.26394660054739
        ]
      },
      "properties": {
        "date": "2025-06-25"
      }
    },
    {
      "type": "Feature",
      "geometry": {
        "type": "Point",
        "coordinates": [
          1.9649108692208208,
          41.26394767382088
        ]
      },
      "properties": {
        "date": "2025-06-25"
      }
    },
    {
      "type": "Feature",
      "geometry": {
        "type": "Point",
        "coordinates": [
          1.9650302311178676,
          41.26394874697063
        ]
      },
      "properties": {
        "date": "2025-06-25"
      }
    },
    {
      "type": "Feature",
      "geometry": {
        "type": "Point",
        "coordinates": [
          1.9651495930213696,
          41.26394981999667
        ]
      },
      "properties": {
        "date": "2025-06-25"
      }
    },
    {
      "type": "Feature",
      "geometry": {
        "type": "Point",
        "coordinates": [
          1.9652689549313274,
          41.26395089289896
        ]
      },
      "properties": {
        "date": "2025-06-25"
      }
    },
    {
      "type": "Feature",
      "geometry": {
        "type": "Point",
        "coordinates": [
          1.9653883168477397,
          41.263951965677556
        ]
      },
      "properties": {
        "date": "2025-06-25"
      }
    },
    {
      "type": "Feature",
      "geometry": {
        "type": "Point",
        "coordinates": [
          1.965507678770605,
          41.26395303833242
        ]
      },
      "properties": {
        "date": "2025-06-25"
      }
    },
    {
      "type": "Feature",
      "geometry": {
        "type": "Point",
        "coordinates": [
          1.9656270406999237,
          41.263954110863565
        ]
      },
      "properties": {
        "date": "2025-06-25"
      }
    },
    {
      "type": "Feature",
      "geometry": {
        "type": "Point",
        "coordinates": [
          1.9657464026356948,
          41.263955183270994
        ]
      },
      "properties": {
        "date": "2025-06-25"
      }
    },
    {
      "type": "Feature",
      "geometry": {
        "type": "Point",
        "coordinates": [
          1.965865764577917,
          41.26395625555468
        ]
      },
      "properties": {
        "date": "2025-06-25"
      }
    },
    {
      "type": "Feature",
      "geometry": {
        "type": "Point",
        "coordinates": [
          1.96598512652659,
          41.26395732771467
        ]
      },
      "properties": {
        "date": "2025-06-25"
      }
    },
    {
      "type": "Feature",
      "geometry": {
        "type": "Point",
        "coordinates": [
          1.9661044884817125,
          41.26395839975093
        ]
      },
      "properties": {
        "date": "2025-06-25"
      }
    },
    {
      "type": "Feature",
      "geometry": {
        "type": "Point",
        "coordinates": [
          1.9662238504432845,
          41.263959471663455
        ]
      },
      "properties": {
        "date": "2025-06-25"
      }
    },
    {
      "type": "Feature",
      "geometry": {
        "type": "Point",
        "coordinates": [
          1.966343212411305,
          41.26396054345227
        ]
      },
      "properties": {
        "date": "2025-06-25"
      }
    },
    {
      "type": "Feature",
      "geometry": {
        "type": "Point",
        "coordinates": [
          1.9664625743857735,
          41.26396161511736
        ]
      },
      "properties": {
        "date": "2025-06-25"
      }
    },
    {
      "type": "Feature",
      "geometry": {
        "type": "Point",
        "coordinates": [
          1.9665819363666888,
          41.26396268665872
        ]
      },
      "properties": {
        "date": "2025-06-25"
      }
    },
    {
      "type": "Feature",
      "geometry": {
        "type": "Point",
        "coordinates": [
          1.96670129835405,
          41.263963758076365
        ]
      },
      "properties": {
        "date": "2025-06-25"
      }
    },
    {
      "type": "Feature",
      "geometry": {
        "type": "Point",
        "coordinates": [
          1.966820660347857,
          41.26396482937029
        ]
      },
      "properties": {
        "date": "2025-06-25"
      }
    },
    {
      "type": "Feature",
      "geometry": {
        "type": "Point",
        "coordinates": [
          1.9671787463679438,
          41.263968042509724
        ]
      },
      "properties": {
        "date": "2025-06-25"
      }
    },
    {
      "type": "Feature",
      "geometry": {
        "type": "Point",
        "coordinates": [
          1.9672981083875254,
          41.26396911330876
        ]
      },
      "properties": {
        "date": "2025-06-25"
      }
    },
    {
      "type": "Feature",
      "geometry": {
        "type": "Point",
        "coordinates": [
          1.9674174704135488,
          41.26397018398407
        ]
      },
      "properties": {
        "date": "2025-06-25"
      }
    },
    {
      "type": "Feature",
      "geometry": {
        "type": "Point",
        "coordinates": [
          1.9675368324460132,
          41.26397125453566
        ]
      },
      "properties": {
        "date": "2025-06-25"
      }
    },
    {
      "type": "Feature",
      "geometry": {
        "type": "Point",
        "coordinates": [
          1.967894918582045,
          41.263974465448094
        ]
      },
      "properties": {
        "date": "2025-06-25"
      }
    },
    {
      "type": "Feature",
      "geometry": {
        "type": "Point",
        "coordinates": [
          1.9680142806402658,
          41.26397553550479
        ]
      },
      "properties": {
        "date": "2025-06-25"
      }
    },
    {
      "type": "Feature",
      "geometry": {
        "type": "Point",
        "coordinates": [
          1.968133642704924,
          41.26397660543777
        ]
      },
      "properties": {
        "date": "2025-06-25"
      }
    },
    {
      "type": "Feature",
      "geometry": {
        "type": "Point",
        "coordinates": [
          1.9682530047760192,
          41.26397767524702
        ]
      },
      "properties": {
        "date": "2025-06-25"
      }
    },
    {
      "type": "Feature",
      "geometry": {
        "type": "Point",
        "coordinates": [
          1.96837236685355,
          41.26397874493255
        ]
      },
      "properties": {
        "date": "2025-06-25"
      }
    },
    {
      "type": "Feature",
      "geometry": {
        "type": "Point",
        "coordinates": [
          1.9684917289375155,
          41.26397981449437
        ]
      },
      "properties": {
        "date": "2025-06-25"
      }
    },
    {
      "type": "Feature",
      "geometry": {
        "type": "Point",
        "coordinates": [
          1.9686110910279153,
          41.263980883932454
        ]
      },
      "properties": {
        "date": "2025-06-25"
      }
    },
    {
      "type": "Feature",
      "geometry": {
        "type": "Point",
        "coordinates": [
          1.9687304531247494,
          41.26398195324682
        ]
      },
      "properties": {
        "date": "2025-06-25"
      }
    },
    {
      "type": "Feature",
      "geometry": {
        "type": "Point",
        "coordinates": [
          1.968849815228016,
          41.26398302243746
        ]
      },
      "properties": {
        "date": "2025-06-25"
      }
    },
    {
      "type": "Feature",
      "geometry": {
        "type": "Point",
        "coordinates": [
          1.9689691773377147,
          41.263984091504376
        ]
      },
      "properties": {
        "date": "2025-06-25"
      }
    },
    {
      "type": "Feature",
      "geometry": {
        "type": "Point",
        "coordinates": [
          1.998451813544506,
          41.264244361610906
        ]
      },
      "properties": {
        "date": "2025-06-25"
      }
    },
    {
      "type": "Feature",
      "geometry": {
        "type": "Point",
        "coordinates": [
          1.9985711772263952,
          41.26424539999404
        ]
      },
      "properties": {
        "date": "2025-06-25"
      }
    },
    {
      "type": "Feature",
      "geometry": {
        "type": "Point",
        "coordinates": [
          1.998690540914532,
          41.264246438253465
        ]
      },
      "properties": {
        "date": "2025-06-25"
      }
    },
    {
      "type": "Feature",
      "geometry": {
        "type": "Point",
        "coordinates": [
          1.9988099046089145,
          41.26424747638915
        ]
      },
      "properties": {
        "date": "2025-06-25"
      }
    },
    {
      "type": "Feature",
      "geometry": {
        "type": "Point",
        "coordinates": [
          1.9989292683095425,
          41.26424851440111
        ]
      },
      "properties": {
        "date": "2025-06-25"
      }
    },
    {
      "type": "Feature",
      "geometry": {
        "type": "Point",
        "coordinates": [
          1.9990486320164151,
          41.26424955228934
        ]
      },
      "properties": {
        "date": "2025-06-25"
      }
    },
    {
      "type": "Feature",
      "geometry": {
        "type": "Point",
        "coordinates": [
          1.9991679957295314,
          41.26425059005384
        ]
      },
      "properties": {
        "date": "2025-06-25"
      }
    },
    {
      "type": "Feature",
      "geometry": {
        "type": "Point",
        "coordinates": [
          1.999406723174493,
          41.26425266521167
        ]
      },
      "properties": {
        "date": "2025-06-25"
      }
    },
    {
      "type": "Feature",
      "geometry": {
        "type": "Point",
        "coordinates": [
          1.999526086906337,
          41.264253702605
        ]
      },
      "properties": {
        "date": "2025-06-25"
      }
    },
    {
      "type": "Feature",
      "geometry": {
        "type": "Point",
        "coordinates": [
          1.9996454506444215,
          41.264254739874595
        ]
      },
      "properties": {
        "date": "2025-06-25"
      }
    },
    {
      "type": "Feature",
      "geometry": {
        "type": "Point",
        "coordinates": [
          1.999764814388746,
          41.26425577702046
        ]
      },
      "properties": {
        "date": "2025-06-25"
      }
    },
    {
      "type": "Feature",
      "geometry": {
        "type": "Point",
        "coordinates": [
          1.99988417813931,
          41.26425681404261
        ]
      },
      "properties": {
        "date": "2025-06-25"
      }
    },
    {
      "type": "Feature",
      "geometry": {
        "type": "Point",
        "coordinates": [
          2.0000035418961124,
          41.264257850941014
        ]
      },
      "properties": {
        "date": "2025-06-25"
      }
    },
    {
      "type": "Feature",
      "geometry": {
        "type": "Point",
        "coordinates": [
          2.000122905659153,
          41.2642588877157
        ]
      },
      "properties": {
        "date": "2025-06-25"
      }
    },
    {
      "type": "Feature",
      "geometry": {
        "type": "Point",
        "coordinates": [
          2.0002422694284316,
          41.26425992436666
        ]
      },
      "properties": {
        "date": "2025-06-25"
      }
    },
    {
      "type": "Feature",
      "geometry": {
        "type": "Point",
        "coordinates": [
          2.0003616332039456,
          41.26426096089389
        ]
      },
      "properties": {
        "date": "2025-06-25"
      }
    },
    {
      "type": "Feature",
      "geometry": {
        "type": "Point",
        "coordinates": [
          2.00060036077368,
          41.26426303357717
        ]
      },
      "properties": {
        "date": "2025-06-25"
      }
    },
    {
      "type": "Feature",
      "geometry": {
        "type": "Point",
        "coordinates": [
          2.0007197245678996,
          41.26426406973322
        ]
      },
      "properties": {
        "date": "2025-06-25"
      }
    },
    {
      "type": "Feature",
      "geometry": {
        "type": "Point",
        "coordinates": [
          2.0010778159879545,
          41.264267177459004
        ]
      },
      "properties": {
        "date": "2025-06-25"
      }
    },
    {
      "type": "Feature",
      "geometry": {
        "type": "Point",
        "coordinates": [
          2.0011971798071038,
          41.26426821312013
        ]
      },
      "properties": {
        "date": "2025-06-25"
      }
    },
    {
      "type": "Feature",
      "geometry": {
        "type": "Point",
        "coordinates": [
          2.0013165436324822,
          41.26426924865755
        ]
      },
      "properties": {
        "date": "2025-06-25"
      }
    },
    {
      "type": "Feature",
      "geometry": {
        "type": "Point",
        "coordinates": [
          2.0014359074640913,
          41.26427028407123
        ]
      },
      "properties": {
        "date": "2025-06-25"
      }
    },
    {
      "type": "Feature",
      "geometry": {
        "type": "Point",
        "coordinates": [
          2.001555271301929,
          41.2642713193612
        ]
      },
      "properties": {
        "date": "2025-06-25"
      }
    },
    {
      "type": "Feature",
      "geometry": {
        "type": "Point",
        "coordinates": [
          2.001674635145995,
          41.264272354527414
        ]
      },
      "properties": {
        "date": "2025-06-25"
      }
    },
    {
      "type": "Feature",
      "geometry": {
        "type": "Point",
        "coordinates": [
          2.001793998996288,
          41.26427338956992
        ]
      },
      "properties": {
        "date": "2025-06-25"
      }
    },
    {
      "type": "Feature",
      "geometry": {
        "type": "Point",
        "coordinates": [
          1.949395321500821,
          41.26371704779006
        ]
      },
      "properties": {
        "date": "2025-06-25"
      }
    },
    {
      "type": "Feature",
      "geometry": {
        "type": "Point",
        "coordinates": [
          1.9495146823883232,
          41.263718137020064
        ]
      },
      "properties": {
        "date": "2025-06-25"
      }
    },
    {
      "type": "Feature",
      "geometry": {
        "type": "Point",
        "coordinates": [
          1.9496340432823784,
          41.263719226126355
        ]
      },
      "properties": {
        "date": "2025-06-25"
      }
    },
    {
      "type": "Feature",
      "geometry": {
        "type": "Point",
        "coordinates": [
          1.9497534041829852,
          41.263720315108934
        ]
      },
      "properties": {
        "date": "2025-06-25"
      }
    },
    {
      "type": "Feature",
      "geometry": {
        "type": "Point",
        "coordinates": [
          1.9498727650901437,
          41.26372140396778
        ]
      },
      "properties": {
        "date": "2025-06-25"
      }
    },
    {
      "type": "Feature",
      "geometry": {
        "type": "Point",
        "coordinates": [
          1.9499921260038517,
          41.26372249270292
        ]
      },
      "properties": {
        "date": "2025-06-25"
      }
    },
    {
      "type": "Feature",
      "geometry": {
        "type": "Point",
        "coordinates": [
          1.9501114869241098,
          41.26372358131434
        ]
      },
      "properties": {
        "date": "2025-06-25"
      }
    },
    {
      "type": "Feature",
      "geometry": {
        "type": "Point",
        "coordinates": [
          1.950230847850916,
          41.26372466980203
        ]
      },
      "properties": {
        "date": "2025-06-25"
      }
    },
    {
      "type": "Feature",
      "geometry": {
        "type": "Point",
        "coordinates": [
          1.9503502087842715,
          41.26372575816601
        ]
      },
      "properties": {
        "date": "2025-06-25"
      }
    },
    {
      "type": "Feature",
      "geometry": {
        "type": "Point",
        "coordinates": [
          1.9504695697241738,
          41.263726846406264
        ]
      },
      "properties": {
        "date": "2025-06-25"
      }
    },
    {
      "type": "Feature",
      "geometry": {
        "type": "Point",
        "coordinates": [
          1.9505889306706223,
          41.26372793452281
        ]
      },
      "properties": {
        "date": "2025-06-25"
      }
    },
    {
      "type": "Feature",
      "geometry": {
        "type": "Point",
        "coordinates": [
          1.9507082916236174,
          41.263729022515626
        ]
      },
      "properties": {
        "date": "2025-06-25"
      }
    },
    {
      "type": "Feature",
      "geometry": {
        "type": "Point",
        "coordinates": [
          1.9508276525831574,
          41.26373011038473
        ]
      },
      "properties": {
        "date": "2025-06-25"
      }
    },
    {
      "type": "Feature",
      "geometry": {
        "type": "Point",
        "coordinates": [
          1.9509470135492417,
          41.26373119813012
        ]
      },
      "properties": {
        "date": "2025-06-25"
      }
    },
    {
      "type": "Feature",
      "geometry": {
        "type": "Point",
        "coordinates": [
          1.9510663745218697,
          41.263732285751765
        ]
      },
      "properties": {
        "date": "2025-06-25"
      }
    },
    {
      "type": "Feature",
      "geometry": {
        "type": "Point",
        "coordinates": [
          1.9511857355010407,
          41.263733373249714
        ]
      },
      "properties": {
        "date": "2025-06-25"
      }
    },
    {
      "type": "Feature",
      "geometry": {
        "type": "Point",
        "coordinates": [
          1.9513050964867538,
          41.26373446062394
        ]
      },
      "properties": {
        "date": "2025-06-25"
      }
    },
    {
      "type": "Feature",
      "geometry": {
        "type": "Point",
        "coordinates": [
          1.9514244574790083,
          41.26373554787445
        ]
      },
      "properties": {
        "date": "2025-06-25"
      }
    },
    {
      "type": "Feature",
      "geometry": {
        "type": "Point",
        "coordinates": [
          1.9515438184778036,
          41.26373663500123
        ]
      },
      "properties": {
        "date": "2025-06-25"
      }
    },
    {
      "type": "Feature",
      "geometry": {
        "type": "Point",
        "coordinates": [
          1.9516631794831385,
          41.2637377220043
        ]
      },
      "properties": {
        "date": "2025-06-25"
      }
    },
    {
      "type": "Feature",
      "geometry": {
        "type": "Point",
        "coordinates": [
          1.9517825404950133,
          41.263738808883645
        ]
      },
      "properties": {
        "date": "2025-06-25"
      }
    },
    {
      "type": "Feature",
      "geometry": {
        "type": "Point",
        "coordinates": [
          1.9519019015134258,
          41.26373989563926
        ]
      },
      "properties": {
        "date": "2025-06-25"
      }
    },
    {
      "type": "Feature",
      "geometry": {
        "type": "Point",
        "coordinates": [
          1.9520212625383764,
          41.263740982271166
        ]
      },
      "properties": {
        "date": "2025-06-25"
      }
    },
    {
      "type": "Feature",
      "geometry": {
        "type": "Point",
        "coordinates": [
          1.9521406235698637,
          41.263742068779365
        ]
      },
      "properties": {
        "date": "2025-06-25"
      }
    },
    {
      "type": "Feature",
      "geometry": {
        "type": "Point",
        "coordinates": [
          1.9522599846078876,
          41.26374315516383
        ]
      },
      "properties": {
        "date": "2025-06-25"
      }
    },
    {
      "type": "Feature",
      "geometry": {
        "type": "Point",
        "coordinates": [
          1.9523793456524465,
          41.26374424142458
        ]
      },
      "properties": {
        "date": "2025-06-25"
      }
    },
    {
      "type": "Feature",
      "geometry": {
        "type": "Point",
        "coordinates": [
          1.9524987067035402,
          41.26374532756161
        ]
      },
      "properties": {
        "date": "2025-06-25"
      }
    },
    {
      "type": "Feature",
      "geometry": {
        "type": "Point",
        "coordinates": [
          1.9526180677611684,
          41.26374641357492
        ]
      },
      "properties": {
        "date": "2025-06-25"
      }
    },
    {
      "type": "Feature",
      "geometry": {
        "type": "Point",
        "coordinates": [
          1.9528567898960234,
          41.263748585230374
        ]
      },
      "properties": {
        "date": "2025-06-25"
      }
    },
    {
      "type": "Feature",
      "geometry": {
        "type": "Point",
        "coordinates": [
          1.9529761509732484,
          41.263749670872535
        ]
      },
      "properties": {
        "date": "2025-06-25"
      }
    },
    {
      "type": "Feature",
      "geometry": {
        "type": "Point",
        "coordinates": [
          1.9530955120570048,
          41.26375075639096
        ]
      },
      "properties": {
        "date": "2025-06-25"
      }
    },
    {
      "type": "Feature",
      "geometry": {
        "type": "Point",
        "coordinates": [
          1.953692317573726,
          41.26375618212733
        ]
      },
      "properties": {
        "date": "2025-06-25"
      }
    },
    {
      "type": "Feature",
      "geometry": {
        "type": "Point",
        "coordinates": [
          1.9538116786966528,
          41.26375726690345
        ]
      },
      "properties": {
        "date": "2025-06-25"
      }
    },
    {
      "type": "Feature",
      "geometry": {
        "type": "Point",
        "coordinates": [
          1.9539310398261052,
          41.26375835155583
        ]
      },
      "properties": {
        "date": "2025-06-25"
      }
    },
    {
      "type": "Feature",
      "geometry": {
        "type": "Point",
        "coordinates": [
          1.954050400962083,
          41.263759436084506
        ]
      },
      "properties": {
        "date": "2025-06-25"
      }
    },
    {
      "type": "Feature",
      "geometry": {
        "type": "Point",
        "coordinates": [
          1.9541697621045848,
          41.26376052048946
        ]
      },
      "properties": {
        "date": "2025-06-25"
      }
    },
    {
      "type": "Feature",
      "geometry": {
        "type": "Point",
        "coordinates": [
          1.9542891232536108,
          41.2637616047707
        ]
      },
      "properties": {
        "date": "2025-06-25"
      }
    },
    {
      "type": "Feature",
      "geometry": {
        "type": "Point",
        "coordinates": [
          1.9544084844091592,
          41.26376268892821
        ]
      },
      "properties": {
        "date": "2025-06-25"
      }
    },
    {
      "type": "Feature",
      "geometry": {
        "type": "Point",
        "coordinates": [
          1.9545278455712294,
          41.26376377296201
        ]
      },
      "properties": {
        "date": "2025-06-25"
      }
    },
    {
      "type": "Feature",
      "geometry": {
        "type": "Point",
        "coordinates": [
          1.9546472067398215,
          41.263764856872086
        ]
      },
      "properties": {
        "date": "2025-06-25"
      }
    },
    {
      "type": "Feature",
      "geometry": {
        "type": "Point",
        "coordinates": [
          1.9593022973936187,
          41.26380703286332
        ]
      },
      "properties": {
        "date": "2025-06-25"
      }
    },
    {
      "type": "Feature",
      "geometry": {
        "type": "Point",
        "coordinates": [
          1.9594216588224538,
          41.263808111824574
        ]
      },
      "properties": {
        "date": "2025-06-25"
      }
    },
    {
      "type": "Feature",
      "geometry": {
        "type": "Point",
        "coordinates": [
          1.9595410202577803,
          41.263809190662116
        ]
      },
      "properties": {
        "date": "2025-06-25"
      }
    },
    {
      "type": "Feature",
      "geometry": {
        "type": "Point",
        "coordinates": [
          1.9597797431479025,
          41.26381134796604
        ]
      },
      "properties": {
        "date": "2025-06-25"
      }
    },
    {
      "type": "Feature",
      "geometry": {
        "type": "Point",
        "coordinates": [
          1.9598991046026966,
          41.26381242643243
        ]
      },
      "properties": {
        "date": "2025-06-25"
      }
    },
    {
      "type": "Feature",
      "geometry": {
        "type": "Point",
        "coordinates": [
          1.9600184660639786,
          41.263813504775094
        ]
      },
      "properties": {
        "date": "2025-06-25"
      }
    },
    {
      "type": "Feature",
      "geometry": {
        "type": "Point",
        "coordinates": [
          1.9601378275317483,
          41.26381458299403
        ]
      },
      "properties": {
        "date": "2025-06-25"
      }
    },
    {
      "type": "Feature",
      "geometry": {
        "type": "Point",
        "coordinates": [
          1.9602571890060043,
          41.263815661089254
        ]
      },
      "properties": {
        "date": "2025-06-25"
      }
    },
    {
      "type": "Feature",
      "geometry": {
        "type": "Point",
        "coordinates": [
          1.9603765504867454,
          41.26381673906076
        ]
      },
      "properties": {
        "date": "2025-06-25"
      }
    },
    {
      "type": "Feature",
      "geometry": {
        "type": "Point",
        "coordinates": [
          1.9604959119739716,
          41.26381781690853
        ]
      },
      "properties": {
        "date": "2025-06-25"
      }
    },
    {
      "type": "Feature",
      "geometry": {
        "type": "Point",
        "coordinates": [
          1.9606152734676818,
          41.263818894632585
        ]
      },
      "properties": {
        "date": "2025-06-25"
      }
    },
    {
      "type": "Feature",
      "geometry": {
        "type": "Point",
        "coordinates": [
          1.9668220800573202,
          41.26387476579581
        ]
      },
      "properties": {
        "date": "2025-06-25"
      }
    },
    {
      "type": "Feature",
      "geometry": {
        "type": "Point",
        "coordinates": [
          1.9669414418936257,
          41.263875836962626
        ]
      },
      "properties": {
        "date": "2025-06-25"
      }
    },
    {
      "type": "Feature",
      "geometry": {
        "type": "Point",
        "coordinates": [
          1.9670608037363753,
          41.26387690800574
        ]
      },
      "properties": {
        "date": "2025-06-25"
      }
    },
    {
      "type": "Feature",
      "geometry": {
        "type": "Point",
        "coordinates": [
          1.9671801655855679,
          41.26387797892512
        ]
      },
      "properties": {
        "date": "2025-06-25"
      }
    },
    {
      "type": "Feature",
      "geometry": {
        "type": "Point",
        "coordinates": [
          1.967538251171798,
          41.263881190940936
        ]
      },
      "properties": {
        "date": "2025-06-25"
      }
    },
    {
      "type": "Feature",
      "geometry": {
        "type": "Point",
        "coordinates": [
          1.9676576130467558,
          41.26388226136543
        ]
      },
      "properties": {
        "date": "2025-06-25"
      }
    },
    {
      "type": "Feature",
      "geometry": {
        "type": "Point",
        "coordinates": [
          1.9677769749281537,
          41.26388333166621
        ]
      },
      "properties": {
        "date": "2025-06-25"
      }
    },
    {
      "type": "Feature",
      "geometry": {
        "type": "Point",
        "coordinates": [
          1.96789633681599,
          41.26388440184326
        ]
      },
      "properties": {
        "date": "2025-06-25"
      }
    },
    {
      "type": "Feature",
      "geometry": {
        "type": "Point",
        "coordinates": [
          1.9689705940961397,
          41.26389402786923
        ]
      },
      "properties": {
        "date": "2025-06-25"
      }
    },
    {
      "type": "Feature",
      "geometry": {
        "type": "Point",
        "coordinates": [
          1.9690899560483226,
          41.26389509680905
        ]
      },
      "properties": {
        "date": "2025-06-25"
      }
    },
    {
      "type": "Feature",
      "geometry": {
        "type": "Point",
        "coordinates": [
          1.9692093180069363,
          41.26389616562516
        ]
      },
      "properties": {
        "date": "2025-06-25"
      }
    },
    {
      "type": "Feature",
      "geometry": {
        "type": "Point",
        "coordinates": [
          1.9693286799719802,
          41.26389723431755
        ]
      },
      "properties": {
        "date": "2025-06-25"
      }
    },
    {
      "type": "Feature",
      "geometry": {
        "type": "Point",
        "coordinates": [
          1.9694480419434528,
          41.26389830288621
        ]
      },
      "properties": {
        "date": "2025-06-25"
      }
    },
    {
      "type": "Feature",
      "geometry": {
        "type": "Point",
        "coordinates": [
          1.969567403921354,
          41.263899371331156
        ]
      },
      "properties": {
        "date": "2025-06-25"
      }
    },
    {
      "type": "Feature",
      "geometry": {
        "type": "Point",
        "coordinates": [
          1.9696867659056823,
          41.263900439652375
        ]
      },
      "properties": {
        "date": "2025-06-25"
      }
    },
    {
      "type": "Feature",
      "geometry": {
        "type": "Point",
        "coordinates": [
          1.969806127896438,
          41.263901507849866
        ]
      },
      "properties": {
        "date": "2025-06-25"
      }
    },
    {
      "type": "Feature",
      "geometry": {
        "type": "Point",
        "coordinates": [
          1.9699254898936196,
          41.26390257592364
        ]
      },
      "properties": {
        "date": "2025-06-25"
      }
    },
    {
      "type": "Feature",
      "geometry": {
        "type": "Point",
        "coordinates": [
          1.970044851897227,
          41.26390364387369
        ]
      },
      "properties": {
        "date": "2025-06-25"
      }
    },
    {
      "type": "Feature",
      "geometry": {
        "type": "Point",
        "coordinates": [
          1.9701642139072584,
          41.26390471170002
        ]
      },
      "properties": {
        "date": "2025-06-25"
      }
    },
    {
      "type": "Feature",
      "geometry": {
        "type": "Point",
        "coordinates": [
          1.9702835759237138,
          41.263905779402634
        ]
      },
      "properties": {
        "date": "2025-06-25"
      }
    },
    {
      "type": "Feature",
      "geometry": {
        "type": "Point",
        "coordinates": [
          1.9704029379465924,
          41.26390684698151
        ]
      },
      "properties": {
        "date": "2025-06-25"
      }
    },
    {
      "type": "Feature",
      "geometry": {
        "type": "Point",
        "coordinates": [
          1.9705222999758933,
          41.26390791443668
        ]
      },
      "properties": {
        "date": "2025-06-25"
      }
    },
    {
      "type": "Feature",
      "geometry": {
        "type": "Point",
        "coordinates": [
          1.9706416620116158,
          41.26390898176812
        ]
      },
      "properties": {
        "date": "2025-06-25"
      }
    },
    {
      "type": "Feature",
      "geometry": {
        "type": "Point",
        "coordinates": [
          1.9707610240537599,
          41.26391004897584
        ]
      },
      "properties": {
        "date": "2025-06-25"
      }
    },
    {
      "type": "Feature",
      "geometry": {
        "type": "Point",
        "coordinates": [
          1.9708803861023234,
          41.26391111605983
        ]
      },
      "properties": {
        "date": "2025-06-25"
      }
    },
    {
      "type": "Feature",
      "geometry": {
        "type": "Point",
        "coordinates": [
          1.970999748157307,
          41.2639121830201
        ]
      },
      "properties": {
        "date": "2025-06-25"
      }
    },
    {
      "type": "Feature",
      "geometry": {
        "type": "Point",
        "coordinates": [
          1.9711191102187084,
          41.26391324985665
        ]
      },
      "properties": {
        "date": "2025-06-25"
      }
    },
    {
      "type": "Feature",
      "geometry": {
        "type": "Point",
        "coordinates": [
          1.9712384722865286,
          41.263914316569476
        ]
      },
      "properties": {
        "date": "2025-06-25"
      }
    },
    {
      "type": "Feature",
      "geometry": {
        "type": "Point",
        "coordinates": [
          1.9713578343607654,
          41.26391538315858
        ]
      },
      "properties": {
        "date": "2025-06-25"
      }
    },
    {
      "type": "Feature",
      "geometry": {
        "type": "Point",
        "coordinates": [
          1.971477196441419,
          41.26391644962396
        ]
      },
      "properties": {
        "date": "2025-06-25"
      }
    },
    {
      "type": "Feature",
      "geometry": {
        "type": "Point",
        "coordinates": [
          1.9715965585284876,
          41.263917515965616
        ]
      },
      "properties": {
        "date": "2025-06-25"
      }
    },
    {
      "type": "Feature",
      "geometry": {
        "type": "Point",
        "coordinates": [
          1.971715920621972,
          41.26391858218357
        ]
      },
      "properties": {
        "date": "2025-06-25"
      }
    },
    {
      "type": "Feature",
      "geometry": {
        "type": "Point",
        "coordinates": [
          1.9718352827218701,
          41.26391964827778
        ]
      },
      "properties": {
        "date": "2025-06-25"
      }
    },
    {
      "type": "Feature",
      "geometry": {
        "type": "Point",
        "coordinates": [
          1.9719546448281824,
          41.263920714248265
        ]
      },
      "properties": {
        "date": "2025-06-25"
      }
    },
    {
      "type": "Feature",
      "geometry": {
        "type": "Point",
        "coordinates": [
          1.9720740069409068,
          41.263921780095046
        ]
      },
      "properties": {
        "date": "2025-06-25"
      }
    },
    {
      "type": "Feature",
      "geometry": {
        "type": "Point",
        "coordinates": [
          1.9721933690600428,
          41.26392284581809
        ]
      },
      "properties": {
        "date": "2025-06-25"
      }
    },
    {
      "type": "Feature",
      "geometry": {
        "type": "Point",
        "coordinates": [
          1.972312731185591,
          41.263923911417415
        ]
      },
      "properties": {
        "date": "2025-06-25"
      }
    },
    {
      "type": "Feature",
      "geometry": {
        "type": "Point",
        "coordinates": [
          1.9724320933175494,
          41.263924976893
        ]
      },
      "properties": {
        "date": "2025-06-25"
      }
    },
    {
      "type": "Feature",
      "geometry": {
        "type": "Point",
        "coordinates": [
          1.9725514554559171,
          41.26392604224489
        ]
      },
      "properties": {
        "date": "2025-06-25"
      }
    },
    {
      "type": "Feature",
      "geometry": {
        "type": "Point",
        "coordinates": [
          1.9726708176006946,
          41.26392710747304
        ]
      },
      "properties": {
        "date": "2025-06-25"
      }
    },
    {
      "type": "Feature",
      "geometry": {
        "type": "Point",
        "coordinates": [
          1.9727901797518796,
          41.26392817257747
        ]
      },
      "properties": {
        "date": "2025-06-25"
      }
    },
    {
      "type": "Feature",
      "geometry": {
        "type": "Point",
        "coordinates": [
          1.9729095419094724,
          41.263929237558195
        ]
      },
      "properties": {
        "date": "2025-06-25"
      }
    },
    {
      "type": "Feature",
      "geometry": {
        "type": "Point",
        "coordinates": [
          1.9730289040734719,
          41.263930302415176
        ]
      },
      "properties": {
        "date": "2025-06-25"
      }
    },
    {
      "type": "Feature",
      "geometry": {
        "type": "Point",
        "coordinates": [
          1.9731482662438777,
          41.26393136714844
        ]
      },
      "properties": {
        "date": "2025-06-25"
      }
    },
    {
      "type": "Feature",
      "geometry": {
        "type": "Point",
        "coordinates": [
          1.973267628420688,
          41.263932431757986
        ]
      },
      "properties": {
        "date": "2025-06-25"
      }
    },
    {
      "type": "Feature",
      "geometry": {
        "type": "Point",
        "coordinates": [
          1.9733869906039037,
          41.26393349624381
        ]
      },
      "properties": {
        "date": "2025-06-25"
      }
    },
    {
      "type": "Feature",
      "geometry": {
        "type": "Point",
        "coordinates": [
          1.9735063527935233,
          41.263934560605904
        ]
      },
      "properties": {
        "date": "2025-06-25"
      }
    },
    {
      "type": "Feature",
      "geometry": {
        "type": "Point",
        "coordinates": [
          1.9736257149895455,
          41.26393562484427
        ]
      },
      "properties": {
        "date": "2025-06-25"
      }
    },
    {
      "type": "Feature",
      "geometry": {
        "type": "Point",
        "coordinates": [
          1.9737450771919696,
          41.26393668895892
        ]
      },
      "properties": {
        "date": "2025-06-25"
      }
    },
    {
      "type": "Feature",
      "geometry": {
        "type": "Point",
        "coordinates": [
          1.9738644394007963,
          41.26393775294985
        ]
      },
      "properties": {
        "date": "2025-06-25"
      }
    },
    {
      "type": "Feature",
      "geometry": {
        "type": "Point",
        "coordinates": [
          1.9739838016160232,
          41.263938816817046
        ]
      },
      "properties": {
        "date": "2025-06-25"
      }
    },
    {
      "type": "Feature",
      "geometry": {
        "type": "Point",
        "coordinates": [
          1.9741031638376498,
          41.263939880560535
        ]
      },
      "properties": {
        "date": "2025-06-25"
      }
    },
    {
      "type": "Feature",
      "geometry": {
        "type": "Point",
        "coordinates": [
          1.9742225260656763,
          41.263940944180284
        ]
      },
      "properties": {
        "date": "2025-06-25"
      }
    },
    {
      "type": "Feature",
      "geometry": {
        "type": "Point",
        "coordinates": [
          1.9743418883001016,
          41.26394200767633
        ]
      },
      "properties": {
        "date": "2025-06-25"
      }
    },
    {
      "type": "Feature",
      "geometry": {
        "type": "Point",
        "coordinates": [
          1.9744612505409245,
          41.26394307104863
        ]
      },
      "properties": {
        "date": "2025-06-25"
      }
    },
    {
      "type": "Feature",
      "geometry": {
        "type": "Point",
        "coordinates": [
          1.9745806127881442,
          41.26394413429723
        ]
      },
      "properties": {
        "date": "2025-06-25"
      }
    },
    {
      "type": "Feature",
      "geometry": {
        "type": "Point",
        "coordinates": [
          1.9746999750417606,
          41.263945197422096
        ]
      },
      "properties": {
        "date": "2025-06-25"
      }
    },
    {
      "type": "Feature",
      "geometry": {
        "type": "Point",
        "coordinates": [
          1.9748193373017726,
          41.26394626042324
        ]
      },
      "properties": {
        "date": "2025-06-25"
      }
    },
    {
      "type": "Feature",
      "geometry": {
        "type": "Point",
        "coordinates": [
          1.9749386995681795,
          41.26394732330066
        ]
      },
      "properties": {
        "date": "2025-06-25"
      }
    },
    {
      "type": "Feature",
      "geometry": {
        "type": "Point",
        "coordinates": [
          1.9754161486977402,
          41.263951573573095
        ]
      },
      "properties": {
        "date": "2025-06-25"
      }
    },
    {
      "type": "Feature",
      "geometry": {
        "type": "Point",
        "coordinates": [
          1.9755355109961101,
          41.263952635831906
        ]
      },
      "properties": {
        "date": "2025-06-25"
      }
    },
    {
      "type": "Feature",
      "geometry": {
        "type": "Point",
        "coordinates": [
          1.9784002080724015,
          41.26397809292619
        ]
      },
      "properties": {
        "date": "2025-06-25"
      }
    },
    {
      "type": "Feature",
      "geometry": {
        "type": "Point",
        "coordinates": [
          1.9785195705303085,
          41.263979152091906
        ]
      },
      "properties": {
        "date": "2025-06-25"
      }
    },
    {
      "type": "Feature",
      "geometry": {
        "type": "Point",
        "coordinates": [
          1.9786389329945875,
          41.26398021113389
        ]
      },
      "properties": {
        "date": "2025-06-25"
      }
    },
    {
      "type": "Feature",
      "geometry": {
        "type": "Point",
        "coordinates": [
          1.9787582954652374,
          41.26398127005216
        ]
      },
      "properties": {
        "date": "2025-06-25"
      }
    },
    {
      "type": "Feature",
      "geometry": {
        "type": "Point",
        "coordinates": [
          1.9805487332890077,
          41.26399713897935
        ]
      },
      "properties": {
        "date": "2025-06-25"
      }
    },
    {
      "type": "Feature",
      "geometry": {
        "type": "Point",
        "coordinates": [
          1.9806680958614935,
          41.26399819591804
        ]
      },
      "properties": {
        "date": "2025-06-25"
      }
    },
    {
      "type": "Feature",
      "geometry": {
        "type": "Point",
        "coordinates": [
          1.9807874584403378,
          41.26399925273301
        ]
      },
      "properties": {
        "date": "2025-06-25"
      }
    },
    {
      "type": "Feature",
      "geometry": {
        "type": "Point",
        "coordinates": [
          1.995469103891076,
          41.26412829744799
        ]
      },
      "properties": {
        "date": "2025-06-25"
      }
    },
    {
      "type": "Feature",
      "geometry": {
        "type": "Point",
        "coordinates": [
          1.9955884672525983,
          41.26412933892103
        ]
      },
      "properties": {
        "date": "2025-06-25"
      }
    },
    {
      "type": "Feature",
      "geometry": {
        "type": "Point",
        "coordinates": [
          1.9957078306203855,
          41.26413038027034
        ]
      },
      "properties": {
        "date": "2025-06-25"
      }
    },
    {
      "type": "Feature",
      "geometry": {
        "type": "Point",
        "coordinates": [
          1.995827193994438,
          41.26413142149593
        ]
      },
      "properties": {
        "date": "2025-06-25"
      }
    },
    {
      "type": "Feature",
      "geometry": {
        "type": "Point",
        "coordinates": [
          1.9959465573747548,
          41.26413246259777
        ]
      },
      "properties": {
        "date": "2025-06-25"
      }
    },
    {
      "type": "Feature",
      "geometry": {
        "type": "Point",
        "coordinates": [
          1.9960659207613338,
          41.26413350357591
        ]
      },
      "properties": {
        "date": "2025-06-25"
      }
    },
    {
      "type": "Feature",
      "geometry": {
        "type": "Point",
        "coordinates": [
          1.9961852841541756,
          41.26413454443032
        ]
      },
      "properties": {
        "date": "2025-06-25"
      }
    },
    {
      "type": "Feature",
      "geometry": {
        "type": "Point",
        "coordinates": [
          1.9963046475532795,
          41.264135585160986
        ]
      },
      "properties": {
        "date": "2025-06-25"
      }
    },
    {
      "type": "Feature",
      "geometry": {
        "type": "Point",
        "coordinates": [
          1.9964240109586442,
          41.264136625767954
        ]
      },
      "properties": {
        "date": "2025-06-25"
      }
    },
    {
      "type": "Feature",
      "geometry": {
        "type": "Point",
        "coordinates": [
          1.996543374370269,
          41.26413766625118
        ]
      },
      "properties": {
        "date": "2025-06-25"
      }
    },
    {
      "type": "Feature",
      "geometry": {
        "type": "Point",
        "coordinates": [
          1.9966627377881536,
          41.264138706610666
        ]
      },
      "properties": {
        "date": "2025-06-25"
      }
    },
    {
      "type": "Feature",
      "geometry": {
        "type": "Point",
        "coordinates": [
          1.996782101212296,
          41.26413974684644
        ]
      },
      "properties": {
        "date": "2025-06-25"
      }
    },
    {
      "type": "Feature",
      "geometry": {
        "type": "Point",
        "coordinates": [
          1.9969014646426972,
          41.26414078695848
        ]
      },
      "properties": {
        "date": "2025-06-25"
      }
    },
    {
      "type": "Feature",
      "geometry": {
        "type": "Point",
        "coordinates": [
          1.9976176453564791,
          41.26414702503249
        ]
      },
      "properties": {
        "date": "2025-06-25"
      }
    },
    {
      "type": "Feature",
      "geometry": {
        "type": "Point",
        "coordinates": [
          1.9977370088306647,
          41.26414806427846
        ]
      },
      "properties": {
        "date": "2025-06-25"
      }
    },
    {
      "type": "Feature",
      "geometry": {
        "type": "Point",
        "coordinates": [
          1.9978563723111034,
          41.26414910340069
        ]
      },
      "properties": {
        "date": "2025-06-25"
      }
    },
    {
      "type": "Feature",
      "geometry": {
        "type": "Point",
        "coordinates": [
          1.9979757357977925,
          41.26415014239919
        ]
      },
      "properties": {
        "date": "2025-06-25"
      }
    },
    {
      "type": "Feature",
      "geometry": {
        "type": "Point",
        "coordinates": [
          1.9980950992907323,
          41.26415118127397
        ]
      },
      "properties": {
        "date": "2025-06-25"
      }
    },
    {
      "type": "Feature",
      "geometry": {
        "type": "Point",
        "coordinates": [
          1.998214462789922,
          41.26415222002502
        ]
      },
      "properties": {
        "date": "2025-06-25"
      }
    },
    {
      "type": "Feature",
      "geometry": {
        "type": "Point",
        "coordinates": [
          1.998333826295361,
          41.26415325865234
        ]
      },
      "properties": {
        "date": "2025-06-25"
      }
    },
    {
      "type": "Feature",
      "geometry": {
        "type": "Point",
        "coordinates": [
          1.9984531898070477,
          41.26415429715595
        ]
      },
      "properties": {
        "date": "2025-06-25"
      }
    },
    {
      "type": "Feature",
      "geometry": {
        "type": "Point",
        "coordinates": [
          2.0003630068432035,
          41.26417089638665
        ]
      },
      "properties": {
        "date": "2025-06-25"
      }
    },
    {
      "type": "Feature",
      "geometry": {
        "type": "Point",
        "coordinates": [
          2.000482370460998,
          41.26417193278689
        ]
      },
      "properties": {
        "date": "2025-06-25"
      }
    },
    {
      "type": "Feature",
      "geometry": {
        "type": "Point",
        "coordinates": [
          2.000601734085027,
          41.26417296906341
        ]
      },
      "properties": {
        "date": "2025-06-25"
      }
    },
    {
      "type": "Feature",
      "geometry": {
        "type": "Point",
        "coordinates": [
          2.000721097715291,
          41.264174005216184
        ]
      },
      "properties": {
        "date": "2025-06-25"
      }
    },
    {
      "type": "Feature",
      "geometry": {
        "type": "Point",
        "coordinates": [
          2.000840461351788,
          41.264175041245245
        ]
      },
      "properties": {
        "date": "2025-06-25"
      }
    },
    {
      "type": "Feature",
      "geometry": {
        "type": "Point",
        "coordinates": [
          2.0009598249945175,
          41.26417607715057
        ]
      },
      "properties": {
        "date": "2025-06-25"
      }
    },
    {
      "type": "Feature",
      "geometry": {
        "type": "Point",
        "coordinates": [
          2.001079188643479,
          41.264177112932174
        ]
      },
      "properties": {
        "date": "2025-06-25"
      }
    },
    {
      "type": "Feature",
      "geometry": {
        "type": "Point",
        "coordinates": [
          1.9484418795870109,
          41.2636182664444
        ]
      },
      "properties": {
        "date": "2025-06-25"
      }
    },
    {
      "type": "Feature",
      "geometry": {
        "type": "Point",
        "coordinates": [
          1.9485612402581256,
          41.263619356660726
        ]
      },
      "properties": {
        "date": "2025-06-25"
      }
    },
    {
      "type": "Feature",
      "geometry": {
        "type": "Point",
        "coordinates": [
          1.9486806009357989,
          41.26362044675333
        ]
      },
      "properties": {
        "date": "2025-06-25"
      }
    },
    {
      "type": "Feature",
      "geometry": {
        "type": "Point",
        "coordinates": [
          1.9487999616200298,
          41.26362153672222
        ]
      },
      "properties": {
        "date": "2025-06-25"
      }
    },
    {
      "type": "Feature",
      "geometry": {
        "type": "Point",
        "coordinates": [
          1.9489193223108172,
          41.2636226265674
        ]
      },
      "properties": {
        "date": "2025-06-25"
      }
    },
    {
      "type": "Feature",
      "geometry": {
        "type": "Point",
        "coordinates": [
          1.9490386830081616,
          41.26362371628885
        ]
      },
      "properties": {
        "date": "2025-06-25"
      }
    },
    {
      "type": "Feature",
      "geometry": {
        "type": "Point",
        "coordinates": [
          1.9491580437120613,
          41.263624805886586
        ]
      },
      "properties": {
        "date": "2025-06-25"
      }
    },
    {
      "type": "Feature",
      "geometry": {
        "type": "Point",
        "coordinates": [
          1.9492774044225158,
          41.263625895360605
        ]
      },
      "properties": {
        "date": "2025-06-25"
      }
    },
    {
      "type": "Feature",
      "geometry": {
        "type": "Point",
        "coordinates": [
          1.9493967651395248,
          41.2636269847109
        ]
      },
      "properties": {
        "date": "2025-06-25"
      }
    },
    {
      "type": "Feature",
      "geometry": {
        "type": "Point",
        "coordinates": [
          1.9749401081228257,
          41.263857259496184
        ]
      },
      "properties": {
        "date": "2025-06-25"
      }
    },
    {
      "type": "Feature",
      "geometry": {
        "type": "Point",
        "coordinates": [
          1.975059470231679,
          41.26385832224653
        ]
      },
      "properties": {
        "date": "2025-06-25"
      }
    },
    {
      "type": "Feature",
      "geometry": {
        "type": "Point",
        "coordinates": [
          1.975178832346925,
          41.26385938487316
        ]
      },
      "properties": {
        "date": "2025-06-25"
      }
    },
    {
      "type": "Feature",
      "geometry": {
        "type": "Point",
        "coordinates": [
          1.9752981944685646,
          41.26386044737606
        ]
      },
      "properties": {
        "date": "2025-06-25"
      }
    },
    {
      "type": "Feature",
      "geometry": {
        "type": "Point",
        "coordinates": [
          1.9754175565965955,
          41.26386150975524
        ]
      },
      "properties": {
        "date": "2025-06-25"
      }
    },
    {
      "type": "Feature",
      "geometry": {
        "type": "Point",
        "coordinates": [
          1.9755369187310172,
          41.2638625720107
        ]
      },
      "properties": {
        "date": "2025-06-25"
      }
    },
    {
      "type": "Feature",
      "geometry": {
        "type": "Point",
        "coordinates": [
          1.9756562808718297,
          41.26386363414244
        ]
      },
      "properties": {
        "date": "2025-06-25"
      }
    },
    {
      "type": "Feature",
      "geometry": {
        "type": "Point",
        "coordinates": [
          1.975775643019032,
          41.26386469615044
        ]
      },
      "properties": {
        "date": "2025-06-25"
      }
    },
    {
      "type": "Feature",
      "geometry": {
        "type": "Point",
        "coordinates": [
          1.9758950051726227,
          41.26386575803474
        ]
      },
      "properties": {
        "date": "2025-06-25"
      }
    },
    {
      "type": "Feature",
      "geometry": {
        "type": "Point",
        "coordinates": [
          1.976014367332602,
          41.263866819795304
        ]
      },
      "properties": {
        "date": "2025-06-25"
      }
    },
    {
      "type": "Feature",
      "geometry": {
        "type": "Point",
        "coordinates": [
          1.9761337294989685,
          41.26386788143215
        ]
      },
      "properties": {
        "date": "2025-06-25"
      }
    },
    {
      "type": "Feature",
      "geometry": {
        "type": "Point",
        "coordinates": [
          1.976253091671722,
          41.263868942945265
        ]
      },
      "properties": {
        "date": "2025-06-25"
      }
    },
    {
      "type": "Feature",
      "geometry": {
        "type": "Point",
        "coordinates": [
          1.976372453850861,
          41.263870004334656
        ]
      },
      "properties": {
        "date": "2025-06-25"
      }
    },
    {
      "type": "Feature",
      "geometry": {
        "type": "Point",
        "coordinates": [
          1.9764918160363851,
          41.26387106560034
        ]
      },
      "properties": {
        "date": "2025-06-25"
      }
    },
    {
      "type": "Feature",
      "geometry": {
        "type": "Point",
        "coordinates": [
          1.9766111782282938,
          41.263872126742285
        ]
      },
      "properties": {
        "date": "2025-06-25"
      }
    },
    {
      "type": "Feature",
      "geometry": {
        "type": "Point",
        "coordinates": [
          1.976730540426586,
          41.263873187760524
        ]
      },
      "properties": {
        "date": "2025-06-25"
      }
    },
    {
      "type": "Feature",
      "geometry": {
        "type": "Point",
        "coordinates": [
          1.9768499026312616,
          41.26387424865503
        ]
      },
      "properties": {
        "date": "2025-06-25"
      }
    },
    {
      "type": "Feature",
      "geometry": {
        "type": "Point",
        "coordinates": [
          1.976969264842319,
          41.26387530942581
        ]
      },
      "properties": {
        "date": "2025-06-25"
      }
    },
    {
      "type": "Feature",
      "geometry": {
        "type": "Point",
        "coordinates": [
          1.9770886270597576,
          41.263876370072865
        ]
      },
      "properties": {
        "date": "2025-06-25"
      }
    },
    {
      "type": "Feature",
      "geometry": {
        "type": "Point",
        "coordinates": [
          1.9772079892835777,
          41.2638774305962
        ]
      },
      "properties": {
        "date": "2025-06-25"
      }
    },
    {
      "type": "Feature",
      "geometry": {
        "type": "Point",
        "coordinates": [
          1.9773273515137768,
          41.263878490995815
        ]
      },
      "properties": {
        "date": "2025-06-25"
      }
    },
    {
      "type": "Feature",
      "geometry": {
        "type": "Point",
        "coordinates": [
          1.9774467137503555,
          41.26387955127171
        ]
      },
      "properties": {
        "date": "2025-06-25"
      }
    },
    {
      "type": "Feature",
      "geometry": {
        "type": "Point",
        "coordinates": [
          1.9775660759933131,
          41.26388061142387
        ]
      },
      "properties": {
        "date": "2025-06-25"
      }
    },
    {
      "type": "Feature",
      "geometry": {
        "type": "Point",
        "coordinates": [
          1.9776854382426479,
          41.26388167145232
        ]
      },
      "properties": {
        "date": "2025-06-25"
      }
    },
    {
      "type": "Feature",
      "geometry": {
        "type": "Point",
        "coordinates": [
          1.97780480049836,
          41.263882731357036
        ]
      },
      "properties": {
        "date": "2025-06-25"
      }
    },
    {
      "type": "Feature",
      "geometry": {
        "type": "Point",
        "coordinates": [
          1.977924162760448,
          41.263883791138035
        ]
      },
      "properties": {
        "date": "2025-06-25"
      }
    },
    {
      "type": "Feature",
      "geometry": {
        "type": "Point",
        "coordinates": [
          1.9780435250289123,
          41.26388485079531
        ]
      },
      "properties": {
        "date": "2025-06-25"
      }
    },
    {
      "type": "Feature",
      "geometry": {
        "type": "Point",
        "coordinates": [
          1.9781628873037505,
          41.26388591032886
        ]
      },
      "properties": {
        "date": "2025-06-25"
      }
    },
    {
      "type": "Feature",
      "geometry": {
        "type": "Point",
        "coordinates": [
          1.9782822495849628,
          41.263886969738685
        ]
      },
      "properties": {
        "date": "2025-06-25"
      }
    },
    {
      "type": "Feature",
      "geometry": {
        "type": "Point",
        "coordinates": [
          1.9784016118725487,
          41.26388802902479
        ]
      },
      "properties": {
        "date": "2025-06-25"
      }
    },
    {
      "type": "Feature",
      "geometry": {
        "type": "Point",
        "coordinates": [
          1.978759698773538,
          41.26389120614076
        ]
      },
      "properties": {
        "date": "2025-06-25"
      }
    },
    {
      "type": "Feature",
      "geometry": {
        "type": "Point",
        "coordinates": [
          1.9788790610866096,
          41.263892264931975
        ]
      },
      "properties": {
        "date": "2025-06-25"
      }
    },
    {
      "type": "Feature",
      "geometry": {
        "type": "Point",
        "coordinates": [
          1.9789984234060507,
          41.26389332359946
        ]
      },
      "properties": {
        "date": "2025-06-25"
      }
    },
    {
      "type": "Feature",
      "geometry": {
        "type": "Point",
        "coordinates": [
          1.97911778573186,
          41.263894382143235
        ]
      },
      "properties": {
        "date": "2025-06-25"
      }
    },
    {
      "type": "Feature",
      "geometry": {
        "type": "Point",
        "coordinates": [
          1.9792371480640376,
          41.26389544056326
        ]
      },
      "properties": {
        "date": "2025-06-25"
      }
    },
    {
      "type": "Feature",
      "geometry": {
        "type": "Point",
        "coordinates": [
          1.979356510402583,
          41.26389649885959
        ]
      },
      "properties": {
        "date": "2025-06-25"
      }
    },
    {
      "type": "Feature",
      "geometry": {
        "type": "Point",
        "coordinates": [
          1.9794758727474944,
          41.26389755703219
        ]
      },
      "properties": {
        "date": "2025-06-25"
      }
    },
    {
      "type": "Feature",
      "geometry": {
        "type": "Point",
        "coordinates": [
          1.9795952350987716,
          41.263898615081054
        ]
      },
      "properties": {
        "date": "2025-06-25"
      }
    },
    {
      "type": "Feature",
      "geometry": {
        "type": "Point",
        "coordinates": [
          1.9797145974564148,
          41.26389967300621
        ]
      },
      "properties": {
        "date": "2025-06-25"
      }
    },
    {
      "type": "Feature",
      "geometry": {
        "type": "Point",
        "coordinates": [
          1.9798339598204218,
          41.26390073080762
        ]
      },
      "properties": {
        "date": "2025-06-25"
      }
    },
    {
      "type": "Feature",
      "geometry": {
        "type": "Point",
        "coordinates": [
          1.979953322190792,
          41.26390178848531
        ]
      },
      "properties": {
        "date": "2025-06-25"
      }
    },
    {
      "type": "Feature",
      "geometry": {
        "type": "Point",
        "coordinates": [
          1.9800726845675252,
          41.26390284603931
        ]
      },
      "properties": {
        "date": "2025-06-25"
      }
    },
    {
      "type": "Feature",
      "geometry": {
        "type": "Point",
        "coordinates": [
          1.9801920469506205,
          41.263903903469554
        ]
      },
      "properties": {
        "date": "2025-06-25"
      }
    },
    {
      "type": "Feature",
      "geometry": {
        "type": "Point",
        "coordinates": [
          1.9803114093400775,
          41.26390496077609
        ]
      },
      "properties": {
        "date": "2025-06-25"
      }
    },
    {
      "type": "Feature",
      "geometry": {
        "type": "Point",
        "coordinates": [
          1.9804307717358949,
          41.26390601795888
        ]
      },
      "properties": {
        "date": "2025-06-25"
      }
    },
    {
      "type": "Feature",
      "geometry": {
        "type": "Point",
        "coordinates": [
          1.980550134138072,
          41.26390707501797
        ]
      },
      "properties": {
        "date": "2025-06-25"
      }
    },
    {
      "type": "Feature",
      "geometry": {
        "type": "Point",
        "coordinates": [
          1.9807888589615035,
          41.26390918876496
        ]
      },
      "properties": {
        "date": "2025-06-25"
      }
    },
    {
      "type": "Feature",
      "geometry": {
        "type": "Point",
        "coordinates": [
          1.9809082213827562,
          41.26391024545287
        ]
      },
      "properties": {
        "date": "2025-06-25"
      }
    },
    {
      "type": "Feature",
      "geometry": {
        "type": "Point",
        "coordinates": [
          1.981027583810365,
          41.263911302017064
        ]
      },
      "properties": {
        "date": "2025-06-25"
      }
    },
    {
      "type": "Feature",
      "geometry": {
        "type": "Point",
        "coordinates": [
          1.9811469462443312,
          41.263912358457524
        ]
      },
      "properties": {
        "date": "2025-06-25"
      }
    },
    {
      "type": "Feature",
      "geometry": {
        "type": "Point",
        "coordinates": [
          1.9812663086846516,
          41.263913414774265
        ]
      },
      "properties": {
        "date": "2025-06-25"
      }
    },
    {
      "type": "Feature",
      "geometry": {
        "type": "Point",
        "coordinates": [
          1.9813856711313271,
          41.26391447096729
        ]
      },
      "properties": {
        "date": "2025-06-25"
      }
    },
    {
      "type": "Feature",
      "geometry": {
        "type": "Point",
        "coordinates": [
          1.9826986584639537,
          41.26392608092469
        ]
      },
      "properties": {
        "date": "2025-06-25"
      }
    },
    {
      "type": "Feature",
      "geometry": {
        "type": "Point",
        "coordinates": [
          1.9828180209868274,
          41.26392713563302
        ]
      },
      "properties": {
        "date": "2025-06-25"
      }
    },
    {
      "type": "Feature",
      "geometry": {
        "type": "Point",
        "coordinates": [
          1.9829373835160455,
          41.26392819021763
        ]
      },
      "properties": {
        "date": "2025-06-25"
      }
    },
    {
      "type": "Feature",
      "geometry": {
        "type": "Point",
        "coordinates": [
          1.9830567460516089,
          41.263929244678515
        ]
      },
      "properties": {
        "date": "2025-06-25"
      }
    },
    {
      "type": "Feature",
      "geometry": {
        "type": "Point",
        "coordinates": [
          1.9831761085935151,
          41.26393029901566
        ]
      },
      "properties": {
        "date": "2025-06-25"
      }
    },
    {
      "type": "Feature",
      "geometry": {
        "type": "Point",
        "coordinates": [
          1.983295471141764,
          41.2639313532291
        ]
      },
      "properties": {
        "date": "2025-06-25"
      }
    },
    {
      "type": "Feature",
      "geometry": {
        "type": "Point",
        "coordinates": [
          1.983414833696355,
          41.263932407318805
        ]
      },
      "properties": {
        "date": "2025-06-25"
      }
    },
    {
      "type": "Feature",
      "geometry": {
        "type": "Point",
        "coordinates": [
          1.9835341962572872,
          41.26393346128479
        ]
      },
      "properties": {
        "date": "2025-06-25"
      }
    },
    {
      "type": "Feature",
      "geometry": {
        "type": "Point",
        "coordinates": [
          1.98365355882456,
          41.263934515127055
        ]
      },
      "properties": {
        "date": "2025-06-25"
      }
    },
    {
      "type": "Feature",
      "geometry": {
        "type": "Point",
        "coordinates": [
          1.9844890969729427,
          41.263941888558605
        ]
      },
      "properties": {
        "date": "2025-06-25"
      }
    },
    {
      "type": "Feature",
      "geometry": {
        "type": "Point",
        "coordinates": [
          1.9846084595909128,
          41.26394294141108
        ]
      },
      "properties": {
        "date": "2025-06-25"
      }
    },
    {
      "type": "Feature",
      "geometry": {
        "type": "Point",
        "coordinates": [
          1.9847278222152172,
          41.26394399413983
        ]
      },
      "properties": {
        "date": "2025-06-25"
      }
    },
    {
      "type": "Feature",
      "geometry": {
        "type": "Point",
        "coordinates": [
          1.9849665474828242,
          41.26394609922613
        ]
      },
      "properties": {
        "date": "2025-06-25"
      }
    },
    {
      "type": "Feature",
      "geometry": {
        "type": "Point",
        "coordinates": [
          1.9850859101261251,
          41.26394715158371
        ]
      },
      "properties": {
        "date": "2025-06-25"
      }
    },
    {
      "type": "Feature",
      "geometry": {
        "type": "Point",
        "coordinates": [
          1.9854439980940108,
          41.26395030791408
        ]
      },
      "properties": {
        "date": "2025-06-25"
      }
    },
    {
      "type": "Feature",
      "geometry": {
        "type": "Point",
        "coordinates": [
          1.9855633607626313,
          41.26395135977675
        ]
      },
      "properties": {
        "date": "2025-06-25"
      }
    },
    {
      "type": "Feature",
      "geometry": {
        "type": "Point",
        "coordinates": [
          1.9856827234375791,
          41.263952411515696
        ]
      },
      "properties": {
        "date": "2025-06-25"
      }
    },
    {
      "type": "Feature",
      "geometry": {
        "type": "Point",
        "coordinates": [
          1.986040811500383,
          41.2639555659902
        ]
      },
      "properties": {
        "date": "2025-06-25"
      }
    },
    {
      "type": "Feature",
      "geometry": {
        "type": "Point",
        "coordinates": [
          1.9861601742006354,
          41.26395661723424
        ]
      },
      "properties": {
        "date": "2025-06-25"
      }
    },
    {
      "type": "Feature",
      "geometry": {
        "type": "Point",
        "coordinates": [
          1.9862795369072117,
          41.263957668354564
        ]
      },
      "properties": {
        "date": "2025-06-25"
      }
    },
    {
      "type": "Feature",
      "geometry": {
        "type": "Point",
        "coordinates": [
          1.9863988996201116,
          41.26395871935117
        ]
      },
      "properties": {
        "date": "2025-06-25"
      }
    },
    {
      "type": "Feature",
      "geometry": {
        "type": "Point",
        "coordinates": [
          1.9865182623393336,
          41.26395977022405
        ]
      },
      "properties": {
        "date": "2025-06-25"
      }
    },
    {
      "type": "Feature",
      "geometry": {
        "type": "Point",
        "coordinates": [
          1.9866376250648783,
          41.2639608209732
        ]
      },
      "properties": {
        "date": "2025-06-25"
      }
    },
    {
      "type": "Feature",
      "geometry": {
        "type": "Point",
        "coordinates": [
          1.9898604210415465,
          41.26398914443237
        ]
      },
      "properties": {
        "date": "2025-06-25"
      }
    },
    {
      "type": "Feature",
      "geometry": {
        "type": "Point",
        "coordinates": [
          1.9903378726883711,
          41.26399333282945
        ]
      },
      "properties": {
        "date": "2025-06-25"
      }
    },
    {
      "type": "Feature",
      "geometry": {
        "type": "Point",
        "coordinates": [
          1.9904572356158245,
          41.263994379619405
        ]
      },
      "properties": {
        "date": "2025-06-25"
      }
    },
    {
      "type": "Feature",
      "geometry": {
        "type": "Point",
        "coordinates": [
          1.9905765985495751,
          41.26399542628564
        ]
      },
      "properties": {
        "date": "2025-06-25"
      }
    },
    {
      "type": "Feature",
      "geometry": {
        "type": "Point",
        "coordinates": [
          1.9906959614896227,
          41.26399647282814
        ]
      },
      "properties": {
        "date": "2025-06-25"
      }
    },
    {
      "type": "Feature",
      "geometry": {
        "type": "Point",
        "coordinates": [
          1.9908153244359663,
          41.26399751924692
        ]
      },
      "properties": {
        "date": "2025-06-25"
      }
    },
    {
      "type": "Feature",
      "geometry": {
        "type": "Point",
        "coordinates": [
          1.990934687388604,
          41.263998565541975
        ]
      },
      "properties": {
        "date": "2025-06-25"
      }
    },
    {
      "type": "Feature",
      "geometry": {
        "type": "Point",
        "coordinates": [
          1.9924864063454226,
          41.264012156118696
        ]
      },
      "properties": {
        "date": "2025-06-25"
      }
    },
    {
      "type": "Feature",
      "geometry": {
        "type": "Point",
        "coordinates": [
          1.9926057693861152,
          41.264013200681596
        ]
      },
      "properties": {
        "date": "2025-06-25"
      }
    },
    {
      "type": "Feature",
      "geometry": {
        "type": "Point",
        "coordinates": [
          1.9927251324330915,
          41.26401424512076
        ]
      },
      "properties": {
        "date": "2025-06-25"
      }
    },
    {
      "type": "Feature",
      "geometry": {
        "type": "Point",
        "coordinates": [
          1.9947543051924181,
          41.2640319816567
        ]
      },
      "properties": {
        "date": "2025-06-25"
      }
    },
    {
      "type": "Feature",
      "geometry": {
        "type": "Point",
        "coordinates": [
          1.994873668352379,
          41.26403302386881
        ]
      },
      "properties": {
        "date": "2025-06-25"
      }
    },
    {
      "type": "Feature",
      "geometry": {
        "type": "Point",
        "coordinates": [
          1.9949930315186095,
          41.264034065957205
        ]
      },
      "properties": {
        "date": "2025-06-25"
      }
    },
    {
      "type": "Feature",
      "geometry": {
        "type": "Point",
        "coordinates": [
          1.9951123946911096,
          41.26403510792186
        ]
      },
      "properties": {
        "date": "2025-06-25"
      }
    },
    {
      "type": "Feature",
      "geometry": {
        "type": "Point",
        "coordinates": [
          1.9952317578698777,
          41.264036149762795
        ]
      },
      "properties": {
        "date": "2025-06-25"
      }
    },
    {
      "type": "Feature",
      "geometry": {
        "type": "Point",
        "coordinates": [
          1.995351121054913,
          41.26403719148
        ]
      },
      "properties": {
        "date": "2025-06-25"
      }
    },
    {
      "type": "Feature",
      "geometry": {
        "type": "Point",
        "coordinates": [
          1.995470484246216,
          41.264038233073485
        ]
      },
      "properties": {
        "date": "2025-06-25"
      }
    },
    {
      "type": "Feature",
      "geometry": {
        "type": "Point",
        "coordinates": [
          1.9969028430303941,
          41.26405072254463
        ]
      },
      "properties": {
        "date": "2025-06-25"
      }
    },
    {
      "type": "Feature",
      "geometry": {
        "type": "Point",
        "coordinates": [
          1.997022206303098,
          41.264051762529675
        ]
      },
      "properties": {
        "date": "2025-06-25"
      }
    },
    {
      "type": "Feature",
      "geometry": {
        "type": "Point",
        "coordinates": [
          1.9971415695820596,
          41.26405280239099
        ]
      },
      "properties": {
        "date": "2025-06-25"
      }
    },
    {
      "type": "Feature",
      "geometry": {
        "type": "Point",
        "coordinates": [
          1.997260932867276,
          41.26405384212858
        ]
      },
      "properties": {
        "date": "2025-06-25"
      }
    },
    {
      "type": "Feature",
      "geometry": {
        "type": "Point",
        "coordinates": [
          1.997380296158747,
          41.26405488174244
        ]
      },
      "properties": {
        "date": "2025-06-25"
      }
    },
    {
      "type": "Feature",
      "geometry": {
        "type": "Point",
        "coordinates": [
          1.9974996594564731,
          41.26405592123258
        ]
      },
      "properties": {
        "date": "2025-06-25"
      }
    },
    {
      "type": "Feature",
      "geometry": {
        "type": "Point",
        "coordinates": [
          1.9976190227604524,
          41.264056960599
        ]
      },
      "properties": {
        "date": "2025-06-25"
      }
    },
    {
      "type": "Feature",
      "geometry": {
        "type": "Point",
        "coordinates": [
          1.946652917710574,
          41.263511835351665
        ]
      },
      "properties": {
        "date": "2025-06-25"
      }
    },
    {
      "type": "Feature",
      "geometry": {
        "type": "Point",
        "coordinates": [
          1.9470109989564084,
          41.26351511118649
        ]
      },
      "properties": {
        "date": "2025-06-25"
      }
    },
    {
      "type": "Feature",
      "geometry": {
        "type": "Point",
        "coordinates": [
          1.947130359384824,
          41.263516202884006
        ]
      },
      "properties": {
        "date": "2025-06-25"
      }
    },
    {
      "type": "Feature",
      "geometry": {
        "type": "Point",
        "coordinates": [
          1.9472497198198067,
          41.263517294457806
        ]
      },
      "properties": {
        "date": "2025-06-25"
      }
    },
    {
      "type": "Feature",
      "geometry": {
        "type": "Point",
        "coordinates": [
          1.9473690802613564,
          41.26351838590789
        ]
      },
      "properties": {
        "date": "2025-06-25"
      }
    },
    {
      "type": "Feature",
      "geometry": {
        "type": "Point",
        "coordinates": [
          1.9474884407094717,
          41.26351947723423
        ]
      },
      "properties": {
        "date": "2025-06-25"
      }
    },
    {
      "type": "Feature",
      "geometry": {
        "type": "Point",
        "coordinates": [
          1.9476078011641522,
          41.26352056843688
        ]
      },
      "properties": {
        "date": "2025-06-25"
      }
    },
    {
      "type": "Feature",
      "geometry": {
        "type": "Point",
        "coordinates": [
          1.9477271616253973,
          41.263521659515796
        ]
      },
      "properties": {
        "date": "2025-06-25"
      }
    },
    {
      "type": "Feature",
      "geometry": {
        "type": "Point",
        "coordinates": [
          1.947846522093206,
          41.263522750471004
        ]
      },
      "properties": {
        "date": "2025-06-25"
      }
    },
    {
      "type": "Feature",
      "geometry": {
        "type": "Point",
        "coordinates": [
          1.9479658825675774,
          41.26352384130249
        ]
      },
      "properties": {
        "date": "2025-06-25"
      }
    },
    {
      "type": "Feature",
      "geometry": {
        "type": "Point",
        "coordinates": [
          1.9480852430485112,
          41.263524932010256
        ]
      },
      "properties": {
        "date": "2025-06-25"
      }
    },
    {
      "type": "Feature",
      "geometry": {
        "type": "Point",
        "coordinates": [
          1.9482046035360066,
          41.263526022594306
        ]
      },
      "properties": {
        "date": "2025-06-25"
      }
    },
    {
      "type": "Feature",
      "geometry": {
        "type": "Point",
        "coordinates": [
          1.9483239640300625,
          41.263527113054636
        ]
      },
      "properties": {
        "date": "2025-06-25"
      }
    },
    {
      "type": "Feature",
      "geometry": {
        "type": "Point",
        "coordinates": [
          1.9484433245306783,
          41.263528203391246
        ]
      },
      "properties": {
        "date": "2025-06-25"
      }
    },
    {
      "type": "Feature",
      "geometry": {
        "type": "Point",
        "coordinates": [
          1.9813870708263912,
          41.26382440698115
        ]
      },
      "properties": {
        "date": "2025-06-25"
      }
    },
    {
      "type": "Feature",
      "geometry": {
        "type": "Point",
        "coordinates": [
          1.981506433115472,
          41.26382546304712
        ]
      },
      "properties": {
        "date": "2025-06-25"
      }
    },
    {
      "type": "Feature",
      "geometry": {
        "type": "Point",
        "coordinates": [
          1.9816257954109058,
          41.263826518989354
        ]
      },
      "properties": {
        "date": "2025-06-25"
      }
    },
    {
      "type": "Feature",
      "geometry": {
        "type": "Point",
        "coordinates": [
          1.981745157712692,
          41.26382757480788
        ]
      },
      "properties": {
        "date": "2025-06-25"
      }
    },
    {
      "type": "Feature",
      "geometry": {
        "type": "Point",
        "coordinates": [
          1.9818645200208298,
          41.26382863050267
        ]
      },
      "properties": {
        "date": "2025-06-25"
      }
    },
    {
      "type": "Feature",
      "geometry": {
        "type": "Point",
        "coordinates": [
          1.981983882335319,
          41.26382968607375
        ]
      },
      "properties": {
        "date": "2025-06-25"
      }
    },
    {
      "type": "Feature",
      "geometry": {
        "type": "Point",
        "coordinates": [
          1.9821032446561577,
          41.2638307415211
        ]
      },
      "properties": {
        "date": "2025-06-25"
      }
    },
    {
      "type": "Feature",
      "geometry": {
        "type": "Point",
        "coordinates": [
          1.9822226069833462,
          41.26383179684472
        ]
      },
      "properties": {
        "date": "2025-06-25"
      }
    },
    {
      "type": "Feature",
      "geometry": {
        "type": "Point",
        "coordinates": [
          1.9823419693168831,
          41.26383285204463
        ]
      },
      "properties": {
        "date": "2025-06-25"
      }
    },
    {
      "type": "Feature",
      "geometry": {
        "type": "Point",
        "coordinates": [
          1.9824613316567679,
          41.263833907120805
        ]
      },
      "properties": {
        "date": "2025-06-25"
      }
    },
    {
      "type": "Feature",
      "geometry": {
        "type": "Point",
        "coordinates": [
          1.9825806940030004,
          41.26383496207326
        ]
      },
      "properties": {
        "date": "2025-06-25"
      }
    },
    {
      "type": "Feature",
      "geometry": {
        "type": "Point",
        "coordinates": [
          1.9827000563555788,
          41.26383601690198
        ]
      },
      "properties": {
        "date": "2025-06-25"
      }
    },
    {
      "type": "Feature",
      "geometry": {
        "type": "Point",
        "coordinates": [
          1.9836549554045908,
          41.26384445107779
        ]
      },
      "properties": {
        "date": "2025-06-25"
      }
    },
    {
      "type": "Feature",
      "geometry": {
        "type": "Point",
        "coordinates": [
          1.9837743178142537,
          41.263845504793004
        ]
      },
      "properties": {
        "date": "2025-06-25"
      }
    },
    {
      "type": "Feature",
      "geometry": {
        "type": "Point",
        "coordinates": [
          1.9838936802302565,
          41.2638465583845
        ]
      },
      "properties": {
        "date": "2025-06-25"
      }
    },
    {
      "type": "Feature",
      "geometry": {
        "type": "Point",
        "coordinates": [
          1.9840130426525968,
          41.26384761185227
        ]
      },
      "properties": {
        "date": "2025-06-25"
      }
    },
    {
      "type": "Feature",
      "geometry": {
        "type": "Point",
        "coordinates": [
          1.9841324050812745,
          41.26384866519631
        ]
      },
      "properties": {
        "date": "2025-06-25"
      }
    },
    {
      "type": "Feature",
      "geometry": {
        "type": "Point",
        "coordinates": [
          1.9842517675162894,
          41.26384971841665
        ]
      },
      "properties": {
        "date": "2025-06-25"
      }
    },
    {
      "type": "Feature",
      "geometry": {
        "type": "Point",
        "coordinates": [
          1.9843711299576399,
          41.26385077151324
        ]
      },
      "properties": {
        "date": "2025-06-25"
      }
    },
    {
      "type": "Feature",
      "geometry": {
        "type": "Point",
        "coordinates": [
          1.9844904924053262,
          41.26385182448612
        ]
      },
      "properties": {
        "date": "2025-06-25"
      }
    },
    {
      "type": "Feature",
      "geometry": {
        "type": "Point",
        "coordinates": [
          1.984729217319701,
          41.263853930060705
        ]
      },
      "properties": {
        "date": "2025-06-25"
      }
    },
    {
      "type": "Feature",
      "geometry": {
        "type": "Point",
        "coordinates": [
          1.9848485797863888,
          41.2638549826624
        ]
      },
      "properties": {
        "date": "2025-06-25"
      }
    },
    {
      "type": "Feature",
      "geometry": {
        "type": "Point",
        "coordinates": [
          1.9849679422594084,
          41.263856035140385
        ]
      },
      "properties": {
        "date": "2025-06-25"
      }
    },
    {
      "type": "Feature",
      "geometry": {
        "type": "Point",
        "coordinates": [
          1.9850873047387603,
          41.263857087494635
        ]
      },
      "properties": {
        "date": "2025-06-25"
      }
    },
    {
      "type": "Feature",
      "geometry": {
        "type": "Point",
        "coordinates": [
          1.9852066672244422,
          41.263858139725166
        ]
      },
      "properties": {
        "date": "2025-06-25"
      }
    },
    {
      "type": "Feature",
      "geometry": {
        "type": "Point",
        "coordinates": [
          1.9853260297164546,
          41.26385919183198
        ]
      },
      "properties": {
        "date": "2025-06-25"
      }
    },
    {
      "type": "Feature",
      "geometry": {
        "type": "Point",
        "coordinates": [
          1.9854453922147959,
          41.26386024381506
        ]
      },
      "properties": {
        "date": "2025-06-25"
      }
    },
    {
      "type": "Feature",
      "geometry": {
        "type": "Point",
        "coordinates": [
          1.9856841172304645,
          41.26386234741006
        ]
      },
      "properties": {
        "date": "2025-06-25"
      }
    },
    {
      "type": "Feature",
      "geometry": {
        "type": "Point",
        "coordinates": [
          1.9858034797477897,
          41.263863399021965
        ]
      },
      "properties": {
        "date": "2025-06-25"
      }
    },
    {
      "type": "Feature",
      "geometry": {
        "type": "Point",
        "coordinates": [
          1.985922842271441,
          41.26386445051016
        ]
      },
      "properties": {
        "date": "2025-06-25"
      }
    },
    {
      "type": "Feature",
      "geometry": {
        "type": "Point",
        "coordinates": [
          1.9860422048014181,
          41.26386550187462
        ]
      },
      "properties": {
        "date": "2025-06-25"
      }
    },
    {
      "type": "Feature",
      "geometry": {
        "type": "Point",
        "coordinates": [
          1.9866390175461621,
          41.26387075684108
        ]
      },
      "properties": {
        "date": "2025-06-25"
      }
    },
    {
      "type": "Feature",
      "geometry": {
        "type": "Point",
        "coordinates": [
          1.9867583801140771,
          41.2638718074632
        ]
      },
      "properties": {
        "date": "2025-06-25"
      }
    },
    {
      "type": "Feature",
      "geometry": {
        "type": "Point",
        "coordinates": [
          1.9868777426883129,
          41.263872857961594
        ]
      },
      "properties": {
        "date": "2025-06-25"
      }
    },
    {
      "type": "Feature",
      "geometry": {
        "type": "Point",
        "coordinates": [
          1.9869971052688684,
          41.26387390833626
        ]
      },
      "properties": {
        "date": "2025-06-25"
      }
    },
    {
      "type": "Feature",
      "geometry": {
        "type": "Point",
        "coordinates": [
          1.9871164678557427,
          41.263874958587216
        ]
      },
      "properties": {
        "date": "2025-06-25"
      }
    },
    {
      "type": "Feature",
      "geometry": {
        "type": "Point",
        "coordinates": [
          1.9872358304489355,
          41.263876008714426
        ]
      },
      "properties": {
        "date": "2025-06-25"
      }
    },
    {
      "type": "Feature",
      "geometry": {
        "type": "Point",
        "coordinates": [
          1.987355193048445,
          41.26387705871793
        ]
      },
      "properties": {
        "date": "2025-06-25"
      }
    },
    {
      "type": "Feature",
      "geometry": {
        "type": "Point",
        "coordinates": [
          1.9874745556542712,
          41.26387810859771
        ]
      },
      "properties": {
        "date": "2025-06-25"
      }
    },
    {
      "type": "Feature",
      "geometry": {
        "type": "Point",
        "coordinates": [
          1.987593918266414,
          41.263879158353745
        ]
      },
      "properties": {
        "date": "2025-06-25"
      }
    },
    {
      "type": "Feature",
      "geometry": {
        "type": "Point",
        "coordinates": [
          1.9877132808848716,
          41.26388020798607
        ]
      },
      "properties": {
        "date": "2025-06-25"
      }
    },
    {
      "type": "Feature",
      "geometry": {
        "type": "Point",
        "coordinates": [
          1.9878326435096438,
          41.263881257494674
        ]
      },
      "properties": {
        "date": "2025-06-25"
      }
    },
    {
      "type": "Feature",
      "geometry": {
        "type": "Point",
        "coordinates": [
          1.9879520061407296,
          41.26388230687955
        ]
      },
      "properties": {
        "date": "2025-06-25"
      }
    },
    {
      "type": "Feature",
      "geometry": {
        "type": "Point",
        "coordinates": [
          1.9880713687781288,
          41.2638833561407
        ]
      },
      "properties": {
        "date": "2025-06-25"
      }
    },
    {
      "type": "Feature",
      "geometry": {
        "type": "Point",
        "coordinates": [
          1.9881907314218394,
          41.263884405278134
        ]
      },
      "properties": {
        "date": "2025-06-25"
      }
    },
    {
      "type": "Feature",
      "geometry": {
        "type": "Point",
        "coordinates": [
          1.988310094071862,
          41.26388545429183
        ]
      },
      "properties": {
        "date": "2025-06-25"
      }
    },
    {
      "type": "Feature",
      "geometry": {
        "type": "Point",
        "coordinates": [
          1.9884294567281955,
          41.26388650318181
        ]
      },
      "properties": {
        "date": "2025-06-25"
      }
    },
    {
      "type": "Feature",
      "geometry": {
        "type": "Point",
        "coordinates": [
          1.9885488193908387,
          41.26388755194806
        ]
      },
      "properties": {
        "date": "2025-06-25"
      }
    },
    {
      "type": "Feature",
      "geometry": {
        "type": "Point",
        "coordinates": [
          1.9886681820597913,
          41.26388860059058
        ]
      },
      "properties": {
        "date": "2025-06-25"
      }
    },
    {
      "type": "Feature",
      "geometry": {
        "type": "Point",
        "coordinates": [
          1.9887875447350518,
          41.2638896491094
        ]
      },
      "properties": {
        "date": "2025-06-25"
      }
    },
    {
      "type": "Feature",
      "geometry": {
        "type": "Point",
        "coordinates": [
          1.9889069074166208,
          41.26389069750448
        ]
      },
      "properties": {
        "date": "2025-06-25"
      }
    },
    {
      "type": "Feature",
      "geometry": {
        "type": "Point",
        "coordinates": [
          1.989026270104497,
          41.26389174577583
        ]
      },
      "properties": {
        "date": "2025-06-25"
      }
    },
    {
      "type": "Feature",
      "geometry": {
        "type": "Point",
        "coordinates": [
          1.9891456327986785,
          41.26389279392346
        ]
      },
      "properties": {
        "date": "2025-06-25"
      }
    },
    {
      "type": "Feature",
      "geometry": {
        "type": "Point",
        "coordinates": [
          1.9892649954991664,
          41.26389384194737
        ]
      },
      "properties": {
        "date": "2025-06-25"
      }
    },
    {
      "type": "Feature",
      "geometry": {
        "type": "Point",
        "coordinates": [
          1.989384358205959,
          41.263894889847556
        ]
      },
      "properties": {
        "date": "2025-06-25"
      }
    },
    {
      "type": "Feature",
      "geometry": {
        "type": "Point",
        "coordinates": [
          1.9895037209190551,
          41.26389593762401
        ]
      },
      "properties": {
        "date": "2025-06-25"
      }
    },
    {
      "type": "Feature",
      "geometry": {
        "type": "Point",
        "coordinates": [
          1.989623083638455,
          41.26389698527674
        ]
      },
      "properties": {
        "date": "2025-06-25"
      }
    },
    {
      "type": "Feature",
      "geometry": {
        "type": "Point",
        "coordinates": [
          1.989742446364157,
          41.26389803280575
        ]
      },
      "properties": {
        "date": "2025-06-25"
      }
    },
    {
      "type": "Feature",
      "geometry": {
        "type": "Point",
        "coordinates": [
          1.9898618090961613,
          41.26389908021103
        ]
      },
      "properties": {
        "date": "2025-06-25"
      }
    },
    {
      "type": "Feature",
      "geometry": {
        "type": "Point",
        "coordinates": [
          1.9899811718344669,
          41.26390012749258
        ]
      },
      "properties": {
        "date": "2025-06-25"
      }
    },
    {
      "type": "Feature",
      "geometry": {
        "type": "Point",
        "coordinates": [
          1.990100534579072,
          41.26390117465042
        ]
      },
      "properties": {
        "date": "2025-06-25"
      }
    },
    {
      "type": "Feature",
      "geometry": {
        "type": "Point",
        "coordinates": [
          1.990219897329977,
          41.26390222168453
        ]
      },
      "properties": {
        "date": "2025-06-25"
      }
    },
    {
      "type": "Feature",
      "geometry": {
        "type": "Point",
        "coordinates": [
          1.9903392600871812,
          41.26390326859492
        ]
      },
      "properties": {
        "date": "2025-06-25"
      }
    },
    {
      "type": "Feature",
      "geometry": {
        "type": "Point",
        "coordinates": [
          1.990936073967657,
          41.26390850129097
        ]
      },
      "properties": {
        "date": "2025-06-25"
      }
    },
    {
      "type": "Feature",
      "geometry": {
        "type": "Point",
        "coordinates": [
          1.9910554367626383,
          41.263909547458994
        ]
      },
      "properties": {
        "date": "2025-06-25"
      }
    },
    {
      "type": "Feature",
      "geometry": {
        "type": "Point",
        "coordinates": [
          1.991174799563913,
          41.263910593503304
        ]
      },
      "properties": {
        "date": "2025-06-25"
      }
    },
    {
      "type": "Feature",
      "geometry": {
        "type": "Point",
        "coordinates": [
          1.991294162371481,
          41.26391163942389
        ]
      },
      "properties": {
        "date": "2025-06-25"
      }
    },
    {
      "type": "Feature",
      "geometry": {
        "type": "Point",
        "coordinates": [
          1.9914135251853409,
          41.263912685220745
        ]
      },
      "properties": {
        "date": "2025-06-25"
      }
    },
    {
      "type": "Feature",
      "geometry": {
        "type": "Point",
        "coordinates": [
          1.9915328880054923,
          41.26391373089389
        ]
      },
      "properties": {
        "date": "2025-06-25"
      }
    },
    {
      "type": "Feature",
      "geometry": {
        "type": "Point",
        "coordinates": [
          1.991652250831935,
          41.26391477644329
        ]
      },
      "properties": {
        "date": "2025-06-25"
      }
    },
    {
      "type": "Feature",
      "geometry": {
        "type": "Point",
        "coordinates": [
          1.9917716136646662,
          41.26391582186898
        ]
      },
      "properties": {
        "date": "2025-06-25"
      }
    },
    {
      "type": "Feature",
      "geometry": {
        "type": "Point",
        "coordinates": [
          1.9918909765036874,
          41.263916867170934
        ]
      },
      "properties": {
        "date": "2025-06-25"
      }
    },
    {
      "type": "Feature",
      "geometry": {
        "type": "Point",
        "coordinates": [
          1.9920103393489967,
          41.26391791234918
        ]
      },
      "properties": {
        "date": "2025-06-25"
      }
    },
    {
      "type": "Feature",
      "geometry": {
        "type": "Point",
        "coordinates": [
          1.9921297022005942,
          41.26391895740369
        ]
      },
      "properties": {
        "date": "2025-06-25"
      }
    },
    {
      "type": "Feature",
      "geometry": {
        "type": "Point",
        "coordinates": [
          1.992249065058478,
          41.26392000233448
        ]
      },
      "properties": {
        "date": "2025-06-25"
      }
    },
    {
      "type": "Feature",
      "geometry": {
        "type": "Point",
        "coordinates": [
          1.9923684279226486,
          41.26392104714153
        ]
      },
      "properties": {
        "date": "2025-06-25"
      }
    },
    {
      "type": "Feature",
      "geometry": {
        "type": "Point",
        "coordinates": [
          1.9924877907931042,
          41.26392209182487
        ]
      },
      "properties": {
        "date": "2025-06-25"
      }
    },
    {
      "type": "Feature",
      "geometry": {
        "type": "Point",
        "coordinates": [
          1.9927265165528687,
          41.26392418082037
        ]
      },
      "properties": {
        "date": "2025-06-25"
      }
    },
    {
      "type": "Feature",
      "geometry": {
        "type": "Point",
        "coordinates": [
          1.9928458794421766,
          41.26392522513252
        ]
      },
      "properties": {
        "date": "2025-06-25"
      }
    },
    {
      "type": "Feature",
      "geometry": {
        "type": "Point",
        "coordinates": [
          1.9929652423377668,
          41.263926269320955
        ]
      },
      "properties": {
        "date": "2025-06-25"
      }
    },
    {
      "type": "Feature",
      "geometry": {
        "type": "Point",
        "coordinates": [
          1.9930846052396387,
          41.263927313385665
        ]
      },
      "properties": {
        "date": "2025-06-25"
      }
    },
    {
      "type": "Feature",
      "geometry": {
        "type": "Point",
        "coordinates": [
          1.993203968147791,
          41.26392835732665
        ]
      },
      "properties": {
        "date": "2025-06-25"
      }
    },
    {
      "type": "Feature",
      "geometry": {
        "type": "Point",
        "coordinates": [
          1.9933233310622243,
          41.263929401143905
        ]
      },
      "properties": {
        "date": "2025-06-25"
      }
    },
    {
      "type": "Feature",
      "geometry": {
        "type": "Point",
        "coordinates": [
          1.9934426939829368,
          41.26393044483744
        ]
      },
      "properties": {
        "date": "2025-06-25"
      }
    },
    {
      "type": "Feature",
      "geometry": {
        "type": "Point",
        "coordinates": [
          1.9935620569099282,
          41.26393148840725
        ]
      },
      "properties": {
        "date": "2025-06-25"
      }
    },
    {
      "type": "Feature",
      "geometry": {
        "type": "Point",
        "coordinates": [
          1.9936814198431974,
          41.26393253185333
        ]
      },
      "properties": {
        "date": "2025-06-25"
      }
    },
    {
      "type": "Feature",
      "geometry": {
        "type": "Point",
        "coordinates": [
          1.9938007827827435,
          41.26393357517569
        ]
      },
      "properties": {
        "date": "2025-06-25"
      }
    },
    {
      "type": "Feature",
      "geometry": {
        "type": "Point",
        "coordinates": [
          1.9939201457285671,
          41.26393461837432
        ]
      },
      "properties": {
        "date": "2025-06-25"
      }
    },
    {
      "type": "Feature",
      "geometry": {
        "type": "Point",
        "coordinates": [
          1.9940395086806653,
          41.26393566144923
        ]
      },
      "properties": {
        "date": "2025-06-25"
      }
    },
    {
      "type": "Feature",
      "geometry": {
        "type": "Point",
        "coordinates": [
          1.9941588716390397,
          41.2639367044004
        ]
      },
      "properties": {
        "date": "2025-06-25"
      }
    },
    {
      "type": "Feature",
      "geometry": {
        "type": "Point",
        "coordinates": [
          1.9942782346036874,
          41.263937747227864
        ]
      },
      "properties": {
        "date": "2025-06-25"
      }
    },
    {
      "type": "Feature",
      "geometry": {
        "type": "Point",
        "coordinates": [
          1.9943975975746093,
          41.26393878993159
        ]
      },
      "properties": {
        "date": "2025-06-25"
      }
    },
    {
      "type": "Feature",
      "geometry": {
        "type": "Point",
        "coordinates": [
          1.9945169605518034,
          41.2639398325116
        ]
      },
      "properties": {
        "date": "2025-06-25"
      }
    },
    {
      "type": "Feature",
      "geometry": {
        "type": "Point",
        "coordinates": [
          1.9946363235352695,
          41.26394087496787
        ]
      },
      "properties": {
        "date": "2025-06-25"
      }
    },
    {
      "type": "Feature",
      "geometry": {
        "type": "Point",
        "coordinates": [
          1.9947556865250078,
          41.26394191730043
        ]
      },
      "properties": {
        "date": "2025-06-25"
      }
    },
    {
      "type": "Feature",
      "geometry": {
        "type": "Polygon",
        "coordinates": [
          [
            [
              1.9462356856159317,
              41.264465013042155
            ],
            [
              1.9462356856159317,
              41.26341613943984
            ],
            [
              2.0028501773516894,
              41.26341613943984
            ],
            [
              2.0028501773516894,
              41.264465013042155
            ],
            [
              1.9462356856159317,
              41.264465013042155
            ]
          ]
        ]
      },
      "properties": {
        "name": "AOI"
      }
    }
  ]
}