{
  "type": "FeatureCollection",
  "features": [
    {
      "type": "Feature",
      "geometry": {
        "type": "Point",
        "coordinates": [
          1.9538088035313173,
          41.263937393310755
        ]
      },
      "properties": {
        "date": "2025-02-05"
      }
    },
    {
      "type": "Feature",
      "geometry": {
        "type": "Point",
        "coordinates": [
          1.95046812755439,
          41.26381690951483
        ]
      },
      "properties": {
        "date": "2025-02-05"
      }
    },
    {
      "type": "Feature",
      "geometry": {
        "type": "Point",
        "coordinates": [
          1.9505874886647805,
          41.2638179976348
        ]
      },
      "properties": {
        "date": "2025-02-05"
      }
    },
    {
      "type": "Feature",
      "geometry": {
        "type": "Point",
        "coordinates": [
          1.950706849781717,
          41.26381908563105
        ]
      },
      "properties": {
        "date": "2025-02-05"
      }
    },
    {
      "type": "Feature",
      "geometry": {
        "type": "Point",
        "coordinates": [
          1.9508262109051984,
          41.263820173503575
        ]
      },
      "properties": {
        "date": "2025-02-05"
      }
    },
    {
      "type": "Feature",
      "geometry": {
        "type": "Point",
        "coordinates": [
          1.950945572035225,
          41.26382126125238
        ]
      },
      "properties": {
        "date": "2025-02-05"
      }
    },
    {
      "type": "Feature",
      "geometry": {
        "type": "Point",
        "coordinates": [
          1.9510649331717946,
          41.26382234887747
        ]
      },
      "properties": {
        "date": "2025-02-05"
      }
    },
    {
      "type": "Feature",
      "geometry": {
        "type": "Point",
        "coordinates": [
          1.9511842943149071,
          41.263823436378836
        ]
      },
      "properties": {
        "date": "2025-02-05"
      }
    },
    {
      "type": "Feature",
      "geometry": {
        "type": "Point",
        "coordinates": [
          1.9513036554645626,
          41.26382452375649
        ]
      },
      "properties": {
        "date": "2025-02-05"
      }
    },
    {
      "type": "Feature",
      "geometry": {
        "type": "Point",
        "coordinates": [
          1.9514230166207587,
          41.26382561101042
        ]
      },
      "properties": {
        "date": "2025-02-05"
      }
    },
    {
      "type": "Feature",
      "geometry": {
        "type": "Point",
        "coordinates": [
          1.951542377783496,
          41.263826698140626
        ]
      },
      "properties": {
        "date": "2025-02-05"
      }
    },
    {
      "type": "Feature",
      "geometry": {
        "type": "Point",
        "coordinates": [
          1.9516617389527733,
          41.263827785147114
        ]
      },
      "properties": {
        "date": "2025-02-05"
      }
    },
    {
      "type": "Feature",
      "geometry": {
        "type": "Point",
        "coordinates": [
          1.9517811001285892,
          41.26382887202988
        ]
      },
      "properties": {
        "date": "2025-02-05"
      }
    },
    {
      "type": "Feature",
      "geometry": {
        "type": "Point",
        "coordinates": [
          1.951900461310944,
          41.26382995878893
        ]
      },
      "properties": {
        "date": "2025-02-05"
      }
    },
    {
      "type": "Feature",
      "geometry": {
        "type": "Point",
        "coordinates": [
          1.9520198224998369,
          41.26383104542427
        ]
      },
      "properties": {
        "date": "2025-02-05"
      }
    },
    {
      "type": "Feature",
      "geometry": {
        "type": "Point",
        "coordinates": [
          1.9521391836952662,
          41.26383213193588
        ]
      },
      "properties": {
        "date": "2025-02-05"
      }
    },
    {
      "type": "Feature",
      "geometry": {
        "type": "Point",
        "coordinates": [
          1.9522585448972318,
          41.26383321832377
        ]
      },
      "properties": {
        "date": "2025-02-05"
      }
    },
    {
      "type": "Feature",
      "geometry": {
        "type": "Point",
        "coordinates": [
          1.9523779061057334,
          41.26383430458794
        ]
      },
      "properties": {
        "date": "2025-02-05"
      }
    },
    {
      "type": "Feature",
      "geometry": {
        "type": "Point",
        "coordinates": [
          1.9524972673207692,
          41.26383539072839
        ]
      },
      "properties": {
        "date": "2025-02-05"
      }
    },
    {
      "type": "Feature",
      "geometry": {
        "type": "Point",
        "coordinates": [
          1.9526166285423399,
          41.26383647674512
        ]
      },
      "properties": {
        "date": "2025-02-05"
      }
    },
    {
      "type": "Feature",
      "geometry": {
        "type": "Point",
        "coordinates": [
          1.952735989770443,
          41.26383756263812
        ]
      },
      "properties": {
        "date": "2025-02-05"
      }
    },
    {
      "type": "Feature",
      "geometry": {
        "type": "Point",
        "coordinates": [
          1.9528553510050783,
          41.26383864840742
        ]
      },
      "properties": {
        "date": "2025-02-05"
      }
    },
    {
      "type": "Feature",
      "geometry": {
        "type": "Point",
        "coordinates": [
          1.9529747122462466,
          41.263839734052986
        ]
      },
      "properties": {
        "date": "2025-02-05"
      }
    },
    {
      "type": "Feature",
      "geometry": {
        "type": "Point",
        "coordinates": [
          1.9530940734939453,
          41.26384081957484
        ]
      },
      "properties": {
        "date": "2025-02-05"
      }
    },
    {
      "type": "Feature",
      "geometry": {
        "type": "Point",
        "coordinates": [
          1.9532134347481744,
          41.26384190497298
        ]
      },
      "properties": {
        "date": "2025-02-05"
      }
    },
    {
      "type": "Feature",
      "geometry": {
        "type": "Point",
        "coordinates": [
          1.953332796008933,
          41.263842990247376
        ]
      },
      "properties": {
        "date": "2025-02-05"
      }
    },
    {
      "type": "Feature",
      "geometry": {
        "type": "Point",
        "coordinates": [
          1.9534521572762202,
          41.26384407539807
        ]
      },
      "properties": {
        "date": "2025-02-05"
      }
    },
    {
      "type": "Feature",
      "geometry": {
        "type": "Point",
        "coordinates": [
          1.9535715185500357,
          41.263845160425035
        ]
      },
      "properties": {
        "date": "2025-02-05"
      }
    },
    {
      "type": "Feature",
      "geometry": {
        "type": "Point",
        "coordinates": [
          1.9536908798303785,
          41.263846245328295
        ]
      },
      "properties": {
        "date": "2025-02-05"
      }
    },
    {
      "type": "Feature",
      "geometry": {
        "type": "Point",
        "coordinates": [
          1.9538102411172482,
          41.26384733010783
        ]
      },
      "properties": {
        "date": "2025-02-05"
      }
    },
    {
      "type": "Feature",
      "geometry": {
        "type": "Point",
        "coordinates": [
          1.9539296024106434,
          41.263848414763636
        ]
      },
      "properties": {
        "date": "2025-02-05"
      }
    },
    {
      "type": "Feature",
      "geometry": {
        "type": "Point",
        "coordinates": [
          1.9540489637105636,
          41.263849499295716
        ]
      },
      "properties": {
        "date": "2025-02-05"
      }
    },
    {
      "type": "Feature",
      "geometry": {
        "type": "Point",
        "coordinates": [
          1.9541683250170083,
          41.2638505837041
        ]
      },
      "properties": {
        "date": "2025-02-05"
      }
    },
    {
      "type": "Feature",
      "geometry": {
        "type": "Point",
        "coordinates": [
          1.9542876863299765,
          41.26385166798874
        ]
      },
      "properties": {
        "date": "2025-02-05"
      }
    },
    {
      "type": "Feature",
      "geometry": {
        "type": "Point",
        "coordinates": [
          1.954407047649468,
          41.26385275214966
        ]
      },
      "properties": {
        "date": "2025-02-05"
      }
    },
    {
      "type": "Feature",
      "geometry": {
        "type": "Point",
        "coordinates": [
          1.954526408975481,
          41.26385383618689
        ]
      },
      "properties": {
        "date": "2025-02-05"
      }
    },
    {
      "type": "Feature",
      "geometry": {
        "type": "Point",
        "coordinates": [
          1.9546457703080153,
          41.26385492010038
        ]
      },
      "properties": {
        "date": "2025-02-05"
      }
    },
    {
      "type": "Feature",
      "geometry": {
        "type": "Point",
        "coordinates": [
          1.9547651316470707,
          41.26385600389014
        ]
      },
      "properties": {
        "date": "2025-02-05"
      }
    },
    {
      "type": "Feature",
      "geometry": {
        "type": "Point",
        "coordinates": [
          1.9548844929926463,
          41.26385708755618
        ]
      },
      "properties": {
        "date": "2025-02-05"
      }
    },
    {
      "type": "Feature",
      "geometry": {
        "type": "Point",
        "coordinates": [
          1.9550038543447403,
          41.26385817109851
        ]
      },
      "properties": {
        "date": "2025-02-05"
      }
    },
    {
      "type": "Feature",
      "geometry": {
        "type": "Point",
        "coordinates": [
          1.9553619384401306,
          41.26386142098318
        ]
      },
      "properties": {
        "date": "2025-02-05"
      }
    },
    {
      "type": "Feature",
      "geometry": {
        "type": "Point",
        "coordinates": [
          1.956316829647828,
          41.26387008189858
        ]
      },
      "properties": {
        "date": "2025-02-05"
      }
    },
    {
      "type": "Feature",
      "geometry": {
        "type": "Point",
        "coordinates": [
          1.9564361910780945,
          41.26387116395626
        ]
      },
      "properties": {
        "date": "2025-02-05"
      }
    },
    {
      "type": "Feature",
      "geometry": {
        "type": "Point",
        "coordinates": [
          1.9565555525148692,
          41.263872245890234
        ]
      },
      "properties": {
        "date": "2025-02-05"
      }
    },
    {
      "type": "Feature",
      "geometry": {
        "type": "Point",
        "coordinates": [
          1.9566749139581536,
          41.26387332770047
        ]
      },
      "properties": {
        "date": "2025-02-05"
      }
    },
    {
      "type": "Feature",
      "geometry": {
        "type": "Point",
        "coordinates": [
          1.9567942754079461,
          41.26387440938699
        ]
      },
      "properties": {
        "date": "2025-02-05"
      }
    },
    {
      "type": "Feature",
      "geometry": {
        "type": "Point",
        "coordinates": [
          1.956913636864245,
          41.26387549094979
        ]
      },
      "properties": {
        "date": "2025-02-05"
      }
    },
    {
      "type": "Feature",
      "geometry": {
        "type": "Point",
        "coordinates": [
          1.9570329983270514,
          41.26387657238887
        ]
      },
      "properties": {
        "date": "2025-02-05"
      }
    },
    {
      "type": "Feature",
      "geometry": {
        "type": "Point",
        "coordinates": [
          1.9571523597963627,
          41.263877653704235
        ]
      },
      "properties": {
        "date": "2025-02-05"
      }
    },
    {
      "type": "Feature",
      "geometry": {
        "type": "Point",
        "coordinates": [
          1.9572717212721795,
          41.26387873489587
        ]
      },
      "properties": {
        "date": "2025-02-05"
      }
    },
    {
      "type": "Feature",
      "geometry": {
        "type": "Point",
        "coordinates": [
          1.9573910827545007,
          41.26387981596379
        ]
      },
      "properties": {
        "date": "2025-02-05"
      }
    },
    {
      "type": "Feature",
      "geometry": {
        "type": "Point",
        "coordinates": [
          1.957510444243325,
          41.263880896907985
        ]
      },
      "properties": {
        "date": "2025-02-05"
      }
    },
    {
      "type": "Feature",
      "geometry": {
        "type": "Point",
        "coordinates": [
          1.9576298057386523,
          41.26388197772845
        ]
      },
      "properties": {
        "date": "2025-02-05"
      }
    },
    {
      "type": "Feature",
      "geometry": {
        "type": "Point",
        "coordinates": [
          1.9577491672404814,
          41.263883058425215
        ]
      },
      "properties": {
        "date": "2025-02-05"
      }
    },
    {
      "type": "Feature",
      "geometry": {
        "type": "Point",
        "coordinates": [
          1.9578685287488122,
          41.26388413899825
        ]
      },
      "properties": {
        "date": "2025-02-05"
      }
    },
    {
      "type": "Feature",
      "geometry": {
        "type": "Point",
        "coordinates": [
          1.9579878902636432,
          41.263885219447566
        ]
      },
      "properties": {
        "date": "2025-02-05"
      }
    },
    {
      "type": "Feature",
      "geometry": {
        "type": "Point",
        "coordinates": [
          1.9581072517849738,
          41.26388629977316
        ]
      },
      "properties": {
        "date": "2025-02-05"
      }
    },
    {
      "type": "Feature",
      "geometry": {
        "type": "Point",
        "coordinates": [
          1.958226613312804,
          41.26388737997504
        ]
      },
      "properties": {
        "date": "2025-02-05"
      }
    },
    {
      "type": "Feature",
      "geometry": {
        "type": "Point",
        "coordinates": [
          1.9583459748471317,
          41.26388846005319
        ]
      },
      "properties": {
        "date": "2025-02-05"
      }
    },
    {
      "type": "Feature",
      "geometry": {
        "type": "Point",
        "coordinates": [
          1.958465336387958,
          41.26388954000762
        ]
      },
      "properties": {
        "date": "2025-02-05"
      }
    },
    {
      "type": "Feature",
      "geometry": {
        "type": "Point",
        "coordinates": [
          1.9585846979352803,
          41.26389061983833
        ]
      },
      "properties": {
        "date": "2025-02-05"
      }
    },
    {
      "type": "Feature",
      "geometry": {
        "type": "Point",
        "coordinates": [
          1.9587040594890996,
          41.26389169954532
        ]
      },
      "properties": {
        "date": "2025-02-05"
      }
    },
    {
      "type": "Feature",
      "geometry": {
        "type": "Point",
        "coordinates": [
          1.9588234210494133,
          41.26389277912858
        ]
      },
      "properties": {
        "date": "2025-02-05"
      }
    },
    {
      "type": "Feature",
      "geometry": {
        "type": "Point",
        "coordinates": [
          1.958942782616222,
          41.26389385858813
        ]
      },
      "properties": {
        "date": "2025-02-05"
      }
    },
    {
      "type": "Feature",
      "geometry": {
        "type": "Point",
        "coordinates": [
          1.9590621441895246,
          41.26389493792396
        ]
      },
      "properties": {
        "date": "2025-02-05"
      }
    },
    {
      "type": "Feature",
      "geometry": {
        "type": "Point",
        "coordinates": [
          1.9591815057693198,
          41.26389601713606
        ]
      },
      "properties": {
        "date": "2025-02-05"
      }
    },
    {
      "type": "Feature",
      "geometry": {
        "type": "Point",
        "coordinates": [
          1.9593008673556085,
          41.26389709622445
        ]
      },
      "properties": {
        "date": "2025-02-05"
      }
    },
    {
      "type": "Feature",
      "geometry": {
        "type": "Point",
        "coordinates": [
          1.9594202289483877,
          41.26389817518911
        ]
      },
      "properties": {
        "date": "2025-02-05"
      }
    },
    {
      "type": "Feature",
      "geometry": {
        "type": "Point",
        "coordinates": [
          1.9595395905476582,
          41.26389925403006
        ]
      },
      "properties": {
        "date": "2025-02-05"
      }
    },
    {
      "type": "Feature",
      "geometry": {
        "type": "Point",
        "coordinates": [
          1.9596589521534187,
          41.26390033274727
        ]
      },
      "properties": {
        "date": "2025-02-05"
      }
    },
    {
      "type": "Feature",
      "geometry": {
        "type": "Point",
        "coordinates": [
          1.9597783137656686,
          41.263901411340775
        ]
      },
      "properties": {
        "date": "2025-02-05"
      }
    },
    {
      "type": "Feature",
      "geometry": {
        "type": "Point",
        "coordinates": [
          1.9598976753844075,
          41.263902489810555
        ]
      },
      "properties": {
        "date": "2025-02-05"
      }
    },
    {
      "type": "Feature",
      "geometry": {
        "type": "Point",
        "coordinates": [
          1.9600170370096337,
          41.263903568156614
        ]
      },
      "properties": {
        "date": "2025-02-05"
      }
    },
    {
      "type": "Feature",
      "geometry": {
        "type": "Point",
        "coordinates": [
          1.9601363986413474,
          41.263904646378954
        ]
      },
      "properties": {
        "date": "2025-02-05"
      }
    },
    {
      "type": "Feature",
      "geometry": {
        "type": "Point",
        "coordinates": [
          1.9607332068971977,
          41.263910035634815
        ]
      },
      "properties": {
        "date": "2025-02-05"
      }
    },
    {
      "type": "Feature",
      "geometry": {
        "type": "Point",
        "coordinates": [
          1.9608525685678186,
          41.26391111311483
        ]
      },
      "properties": {
        "date": "2025-02-05"
      }
    },
    {
      "type": "Feature",
      "geometry": {
        "type": "Point",
        "coordinates": [
          1.96121065361857,
          41.26391434481253
        ]
      },
      "properties": {
        "date": "2025-02-05"
      }
    },
    {
      "type": "Feature",
      "geometry": {
        "type": "Point",
        "coordinates": [
          1.961330015315114,
          41.263915421797655
        ]
      },
      "properties": {
        "date": "2025-02-05"
      }
    },
    {
      "type": "Feature",
      "geometry": {
        "type": "Point",
        "coordinates": [
          1.9614493770181376,
          41.26391649865905
        ]
      },
      "properties": {
        "date": "2025-02-05"
      }
    },
    {
      "type": "Feature",
      "geometry": {
        "type": "Point",
        "coordinates": [
          1.9615687387276393,
          41.26391757539673
        ]
      },
      "properties": {
        "date": "2025-02-05"
      }
    },
    {
      "type": "Feature",
      "geometry": {
        "type": "Point",
        "coordinates": [
          1.9616881004436182,
          41.2639186520107
        ]
      },
      "properties": {
        "date": "2025-02-05"
      }
    },
    {
      "type": "Feature",
      "geometry": {
        "type": "Point",
        "coordinates": [
          1.9618074621660735,
          41.26391972850094
        ]
      },
      "properties": {
        "date": "2025-02-05"
      }
    },
    {
      "type": "Feature",
      "geometry": {
        "type": "Point",
        "coordinates": [
          1.9619268238950056,
          41.26392080486745
        ]
      },
      "properties": {
        "date": "2025-02-05"
      }
    },
    {
      "type": "Feature",
      "geometry": {
        "type": "Point",
        "coordinates": [
          1.9620461856304126,
          41.26392188111025
        ]
      },
      "properties": {
        "date": "2025-02-05"
      }
    },
    {
      "type": "Feature",
      "geometry": {
        "type": "Point",
        "coordinates": [
          1.9621655473722939,
          41.26392295722932
        ]
      },
      "properties": {
        "date": "2025-02-05"
      }
    },
    {
      "type": "Feature",
      "geometry": {
        "type": "Point",
        "coordinates": [
          1.9622849091206493,
          41.263924033224676
        ]
      },
      "properties": {
        "date": "2025-02-05"
      }
    },
    {
      "type": "Feature",
      "geometry": {
        "type": "Point",
        "coordinates": [
          1.9624042708754774,
          41.26392510909631
        ]
      },
      "properties": {
        "date": "2025-02-05"
      }
    },
    {
      "type": "Feature",
      "geometry": {
        "type": "Point",
        "coordinates": [
          1.962523632636778,
          41.26392618484422
        ]
      },
      "properties": {
        "date": "2025-02-05"
      }
    },
    {
      "type": "Feature",
      "geometry": {
        "type": "Point",
        "coordinates": [
          1.96264299440455,
          41.26392726046841
        ]
      },
      "properties": {
        "date": "2025-02-05"
      }
    },
    {
      "type": "Feature",
      "geometry": {
        "type": "Point",
        "coordinates": [
          1.9627623561787928,
          41.26392833596888
        ]
      },
      "properties": {
        "date": "2025-02-05"
      }
    },
    {
      "type": "Feature",
      "geometry": {
        "type": "Point",
        "coordinates": [
          1.962881717959506,
          41.26392941134563
        ]
      },
      "properties": {
        "date": "2025-02-05"
      }
    },
    {
      "type": "Feature",
      "geometry": {
        "type": "Point",
        "coordinates": [
          1.9630010797466884,
          41.26393048659864
        ]
      },
      "properties": {
        "date": "2025-02-05"
      }
    },
    {
      "type": "Feature",
      "geometry": {
        "type": "Point",
        "coordinates": [
          1.9631204415403387,
          41.263931561727944
        ]
      },
      "properties": {
        "date": "2025-02-05"
      }
    },
    {
      "type": "Feature",
      "geometry": {
        "type": "Point",
        "coordinates": [
          1.9632398033404572,
          41.263932636733536
        ]
      },
      "properties": {
        "date": "2025-02-05"
      }
    },
    {
      "type": "Feature",
      "geometry": {
        "type": "Point",
        "coordinates": [
          1.963359165147043,
          41.26393371161539
        ]
      },
      "properties": {
        "date": "2025-02-05"
      }
    },
    {
      "type": "Feature",
      "geometry": {
        "type": "Point",
        "coordinates": [
          1.9634785269600952,
          41.263934786373525
        ]
      },
      "properties": {
        "date": "2025-02-05"
      }
    },
    {
      "type": "Feature",
      "geometry": {
        "type": "Point",
        "coordinates": [
          1.9635978887796128,
          41.26393586100794
        ]
      },
      "properties": {
        "date": "2025-02-05"
      }
    },
    {
      "type": "Feature",
      "geometry": {
        "type": "Point",
        "coordinates": [
          1.9637172506055947,
          41.263936935518636
        ]
      },
      "properties": {
        "date": "2025-02-05"
      }
    },
    {
      "type": "Feature",
      "geometry": {
        "type": "Point",
        "coordinates": [
          1.9638366124380415,
          41.2639380099056
        ]
      },
      "properties": {
        "date": "2025-02-05"
      }
    },
    {
      "type": "Feature",
      "geometry": {
        "type": "Point",
        "coordinates": [
          1.9639559742769512,
          41.263939084168854
        ]
      },
      "properties": {
        "date": "2025-02-05"
      }
    },
    {
      "type": "Feature",
      "geometry": {
        "type": "Point",
        "coordinates": [
          1.9640753361223235,
          41.26394015830839
        ]
      },
      "properties": {
        "date": "2025-02-05"
      }
    },
    {
      "type": "Feature",
      "geometry": {
        "type": "Point",
        "coordinates": [
          1.9641946979741578,
          41.263941232324186
        ]
      },
      "properties": {
        "date": "2025-02-05"
      }
    },
    {
      "type": "Feature",
      "geometry": {
        "type": "Point",
        "coordinates": [
          1.9644334216972088,
          41.26394337998464
        ]
      },
      "properties": {
        "date": "2025-02-05"
      }
    },
    {
      "type": "Feature",
      "geometry": {
        "type": "Point",
        "coordinates": [
          1.9645527835684242,
          41.263944453629286
        ]
      },
      "properties": {
        "date": "2025-02-05"
      }
    },
    {
      "type": "Feature",
      "geometry": {
        "type": "Point",
        "coordinates": [
          1.9646721454460987,
          41.2639455271502
        ]
      },
      "properties": {
        "date": "2025-02-05"
      }
    },
    {
      "type": "Feature",
      "geometry": {
        "type": "Point",
        "coordinates": [
          1.9647915073302311,
          41.26394660054739
        ]
      },
      "properties": {
        "date": "2025-02-05"
      }
    },
    {
      "type": "Feature",
      "geometry": {
        "type": "Point",
        "coordinates": [
          1.9649108692208208,
          41.26394767382088
        ]
      },
      "properties": {
        "date": "2025-02-05"
      }
    },
    {
      "type": "Feature",
      "geometry": {
        "type": "Point",
        "coordinates": [
          1.9650302311178676,
          41.26394874697063
        ]
      },
      "properties": {
        "date": "2025-02-05"
      }
    },
    {
      "type": "Feature",
      "geometry": {
        "type": "Point",
        "coordinates": [
          1.99988417813931,
          41.26425681404261
        ]
      },
      "properties": {
        "date": "2025-02-05"
      }
    },
    {
      "type": "Feature",
      "geometry": {
        "type": "Point",
        "coordinates": [
          2.0000035418961124,
          41.264257850941014
        ]
      },
      "properties": {
        "date": "2025-02-05"
      }
    },
    {
      "type": "Feature",
      "geometry": {
        "type": "Point",
        "coordinates": [
          2.000122905659153,
          41.2642588877157
        ]
      },
      "properties": {
        "date": "2025-02-05"
      }
    },
    {
      "type": "Feature",
      "geometry": {
        "type": "Point",
        "coordinates": [
          2.0002422694284316,
          41.26425992436666
        ]
      },
      "properties": {
        "date": "2025-02-05"
      }
    },
    {
      "type": "Feature",
      "geometry": {
        "type": "Point",
        "coordinates": [
          2.0003616332039456,
          41.26426096089389
        ]
      },
      "properties": {
        "date": "2025-02-05"
      }
    },
    {
      "type": "Feature",
      "geometry": {
        "type": "Point",
        "coordinates": [
          2.000480996985696,
          41.264261997297396
        ]
      },
      "properties": {
        "date": "2025-02-05"
      }
    },
    {
      "type": "Feature",
      "geometry": {
        "type": "Point",
        "coordinates": [
          2.00060036077368,
          41.26426303357717
        ]
      },
      "properties": {
        "date": "2025-02-05"
      }
    },
    {
      "type": "Feature",
      "geometry": {
        "type": "Point",
        "coordinates": [
          2.0007197245678996,
          41.26426406973322
        ]
      },
      "properties": {
        "date": "2025-02-05"
      }
    },
    {
      "type": "Feature",
      "geometry": {
        "type": "Point",
        "coordinates": [
          2.0008390883683522,
          41.26426510576554
        ]
      },
      "properties": {
        "date": "2025-02-05"
      }
    },
    {
      "type": "Feature",
      "geometry": {
        "type": "Point",
        "coordinates": [
          2.0009584521750376,
          41.26426614167414
        ]
      },
      "properties": {
        "date": "2025-02-05"
      }
    },
    {
      "type": "Feature",
      "geometry": {
        "type": "Point",
        "coordinates": [
          2.0010778159879545,
          41.264267177459004
        ]
      },
      "properties": {
        "date": "2025-02-05"
      }
    },
    {
      "type": "Feature",
      "geometry": {
        "type": "Point",
        "coordinates": [
          2.0011971798071038,
          41.26426821312013
        ]
      },
      "properties": {
        "date": "2025-02-05"
      }
    },
    {
      "type": "Feature",
      "geometry": {
        "type": "Point",
        "coordinates": [
          2.0013165436324822,
          41.26426924865755
        ]
      },
      "properties": {
        "date": "2025-02-05"
      }
    },
    {
      "type": "Feature",
      "geometry": {
        "type": "Point",
        "coordinates": [
          2.0014359074640913,
          41.26427028407123
        ]
      },
      "properties": {
        "date": "2025-02-05"
      }
    },
    {
      "type": "Feature",
      "geometry": {
        "type": "Point",
        "coordinates": [
          2.001555271301929,
          41.2642713193612
        ]
      },
      "properties": {
        "date": "2025-02-05"
      }
    },
    {
      "type": "Feature",
      "geometry": {
        "type": "Point",
        "coordinates": [
          2.001674635145995,
          41.264272354527414
        ]
      },
      "properties": {
        "date": "2025-02-05"
      }
    },
    {
      "type": "Feature",
      "geometry": {
        "type": "Point",
        "coordinates": [
          2.001793998996288,
          41.26427338956992
        ]
      },
      "properties": {
        "date": "2025-02-05"
      }
    },
    {
      "type": "Feature",
      "geometry": {
        "type": "Point",
        "coordinates": [
          2.0019133628528087,
          41.26427442448868
        ]
      },
      "properties": {
        "date": "2025-02-05"
      }
    },
    {
      "type": "Feature",
      "geometry": {
        "type": "Point",
        "coordinates": [
          2.002032726715555,
          41.26427545928373
        ]
      },
      "properties": {
        "date": "2025-02-05"
      }
    },
    {
      "type": "Feature",
      "geometry": {
        "type": "Point",
        "coordinates": [
          2.002152090584527,
          41.26427649395505
        ]
      },
      "properties": {
        "date": "2025-02-05"
      }
    },
    {
      "type": "Feature",
      "geometry": {
        "type": "Point",
        "coordinates": [
          2.0022714544597227,
          41.26427752850264
        ]
      },
      "properties": {
        "date": "2025-02-05"
      }
    },
    {
      "type": "Feature",
      "geometry": {
        "type": "Point",
        "coordinates": [
          2.002390818341143,
          41.264278562926506
        ]
      },
      "properties": {
        "date": "2025-02-05"
      }
    },
    {
      "type": "Feature",
      "geometry": {
        "type": "Point",
        "coordinates": [
          2.002510182228786,
          41.264279597226626
        ]
      },
      "properties": {
        "date": "2025-02-05"
      }
    },
    {
      "type": "Feature",
      "geometry": {
        "type": "Point",
        "coordinates": [
          2.002629546122651,
          41.26428063140304
        ]
      },
      "properties": {
        "date": "2025-02-05"
      }
    },
    {
      "type": "Feature",
      "geometry": {
        "type": "Point",
        "coordinates": [
          1.9491565997454772,
          41.26371486895887
        ]
      },
      "properties": {
        "date": "2025-02-05"
      }
    },
    {
      "type": "Feature",
      "geometry": {
        "type": "Point",
        "coordinates": [
          1.9492759606198717,
          41.26371595843632
        ]
      },
      "properties": {
        "date": "2025-02-05"
      }
    },
    {
      "type": "Feature",
      "geometry": {
        "type": "Point",
        "coordinates": [
          1.949395321500821,
          41.26371704779006
        ]
      },
      "properties": {
        "date": "2025-02-05"
      }
    },
    {
      "type": "Feature",
      "geometry": {
        "type": "Point",
        "coordinates": [
          1.9495146823883232,
          41.263718137020064
        ]
      },
      "properties": {
        "date": "2025-02-05"
      }
    },
    {
      "type": "Feature",
      "geometry": {
        "type": "Point",
        "coordinates": [
          1.9496340432823784,
          41.263719226126355
        ]
      },
      "properties": {
        "date": "2025-02-05"
      }
    },
    {
      "type": "Feature",
      "geometry": {
        "type": "Point",
        "coordinates": [
          1.9497534041829852,
          41.263720315108934
        ]
      },
      "properties": {
        "date": "2025-02-05"
      }
    },
    {
      "type": "Feature",
      "geometry": {
        "type": "Point",
        "coordinates": [
          1.9498727650901437,
          41.26372140396778
        ]
      },
      "properties": {
        "date": "2025-02-05"
      }
    },
    {
      "type": "Feature",
      "geometry": {
        "type": "Point",
        "coordinates": [
          1.9499921260038517,
          41.26372249270292
        ]
      },
      "properties": {
        "date": "2025-02-05"
      }
    },
    {
      "type": "Feature",
      "geometry": {
        "type": "Point",
        "coordinates": [
          1.9501114869241098,
          41.26372358131434
        ]
      },
      "properties": {
        "date": "2025-02-05"
      }
    },
    {
      "type": "Feature",
      "geometry": {
        "type": "Point",
        "coordinates": [
          1.950230847850916,
          41.26372466980203
        ]
      },
      "properties": {
        "date": "2025-02-05"
      }
    },
    {
      "type": "Feature",
      "geometry": {
        "type": "Point",
        "coordinates": [
          1.9503502087842715,
          41.26372575816601
        ]
      },
      "properties": {
        "date": "2025-02-05"
      }
    },
    {
      "type": "Feature",
      "geometry": {
        "type": "Point",
        "coordinates": [
          1.9504695697241738,
          41.263726846406264
        ]
      },
      "properties": {
        "date": "2025-02-05"
      }
    },
    {
      "type": "Feature",
      "geometry": {
        "type": "Point",
        "coordinates": [
          1.9550052902847173,
          41.26376810785999
        ]
      },
      "properties": {
        "date": "2025-02-05"
      }
    },
    {
      "type": "Feature",
      "geometry": {
        "type": "Point",
        "coordinates": [
          1.9551246514793874,
          41.26376919127519
        ]
      },
      "properties": {
        "date": "2025-02-05"
      }
    },
    {
      "type": "Feature",
      "geometry": {
        "type": "Point",
        "coordinates": [
          1.9552440126805744,
          41.26377027456666
        ]
      },
      "properties": {
        "date": "2025-02-05"
      }
    },
    {
      "type": "Feature",
      "geometry": {
        "type": "Point",
        "coordinates": [
          1.9553633738882792,
          41.26377135773442
        ]
      },
      "properties": {
        "date": "2025-02-05"
      }
    },
    {
      "type": "Feature",
      "geometry": {
        "type": "Point",
        "coordinates": [
          1.9554827351024995,
          41.26377244077845
        ]
      },
      "properties": {
        "date": "2025-02-05"
      }
    },
    {
      "type": "Feature",
      "geometry": {
        "type": "Point",
        "coordinates": [
          1.955602096323235,
          41.26377352369876
        ]
      },
      "properties": {
        "date": "2025-02-05"
      }
    },
    {
      "type": "Feature",
      "geometry": {
        "type": "Point",
        "coordinates": [
          1.955721457550486,
          41.26377460649535
        ]
      },
      "properties": {
        "date": "2025-02-05"
      }
    },
    {
      "type": "Feature",
      "geometry": {
        "type": "Point",
        "coordinates": [
          1.9558408187842498,
          41.263775689168234
        ]
      },
      "properties": {
        "date": "2025-02-05"
      }
    },
    {
      "type": "Feature",
      "geometry": {
        "type": "Point",
        "coordinates": [
          1.9559601800245274,
          41.26377677171739
        ]
      },
      "properties": {
        "date": "2025-02-05"
      }
    },
    {
      "type": "Feature",
      "geometry": {
        "type": "Point",
        "coordinates": [
          1.9560795412713174,
          41.26377785414283
        ]
      },
      "properties": {
        "date": "2025-02-05"
      }
    },
    {
      "type": "Feature",
      "geometry": {
        "type": "Point",
        "coordinates": [
          1.956198902524619,
          41.26377893644454
        ]
      },
      "properties": {
        "date": "2025-02-05"
      }
    },
    {
      "type": "Feature",
      "geometry": {
        "type": "Point",
        "coordinates": [
          1.9563182637844312,
          41.26378001862254
        ]
      },
      "properties": {
        "date": "2025-02-05"
      }
    },
    {
      "type": "Feature",
      "geometry": {
        "type": "Point",
        "coordinates": [
          1.9601378275317483,
          41.26381458299403
        ]
      },
      "properties": {
        "date": "2025-02-05"
      }
    },
    {
      "type": "Feature",
      "geometry": {
        "type": "Point",
        "coordinates": [
          1.9602571890060043,
          41.263815661089254
        ]
      },
      "properties": {
        "date": "2025-02-05"
      }
    },
    {
      "type": "Feature",
      "geometry": {
        "type": "Point",
        "coordinates": [
          1.9603765504867454,
          41.26381673906076
        ]
      },
      "properties": {
        "date": "2025-02-05"
      }
    },
    {
      "type": "Feature",
      "geometry": {
        "type": "Point",
        "coordinates": [
          1.9604959119739716,
          41.26381781690853
        ]
      },
      "properties": {
        "date": "2025-02-05"
      }
    },
    {
      "type": "Feature",
      "geometry": {
        "type": "Point",
        "coordinates": [
          1.9606152734676818,
          41.263818894632585
        ]
      },
      "properties": {
        "date": "2025-02-05"
      }
    },
    {
      "type": "Feature",
      "geometry": {
        "type": "Point",
        "coordinates": [
          1.9607346349678756,
          41.26381997223292
        ]
      },
      "properties": {
        "date": "2025-02-05"
      }
    },
    {
      "type": "Feature",
      "geometry": {
        "type": "Point",
        "coordinates": [
          1.960853996474552,
          41.26382104970954
        ]
      },
      "properties": {
        "date": "2025-02-05"
      }
    },
    {
      "type": "Feature",
      "geometry": {
        "type": "Point",
        "coordinates": [
          1.9609733579877104,
          41.26382212706243
        ]
      },
      "properties": {
        "date": "2025-02-05"
      }
    },
    {
      "type": "Feature",
      "geometry": {
        "type": "Point",
        "coordinates": [
          1.9610927195073498,
          41.263823204291604
        ]
      },
      "properties": {
        "date": "2025-02-05"
      }
    },
    {
      "type": "Feature",
      "geometry": {
        "type": "Point",
        "coordinates": [
          1.9612120810334697,
          41.26382428139706
        ]
      },
      "properties": {
        "date": "2025-02-05"
      }
    },
    {
      "type": "Feature",
      "geometry": {
        "type": "Point",
        "coordinates": [
          1.9641961212904302,
          41.26385116882404
        ]
      },
      "properties": {
        "date": "2025-02-05"
      }
    },
    {
      "type": "Feature",
      "geometry": {
        "type": "Point",
        "coordinates": [
          1.9643154829847802,
          41.26385224271273
        ]
      },
      "properties": {
        "date": "2025-02-05"
      }
    },
    {
      "type": "Feature",
      "geometry": {
        "type": "Point",
        "coordinates": [
          1.9644348446855904,
          41.263853316477714
        ]
      },
      "properties": {
        "date": "2025-02-05"
      }
    },
    {
      "type": "Feature",
      "geometry": {
        "type": "Point",
        "coordinates": [
          1.9650316532865204,
          41.263858683446806
        ]
      },
      "properties": {
        "date": "2025-02-05"
      }
    },
    {
      "type": "Feature",
      "geometry": {
        "type": "Point",
        "coordinates": [
          1.9651510150260771,
          41.26385975646946
        ]
      },
      "properties": {
        "date": "2025-02-05"
      }
    },
    {
      "type": "Feature",
      "geometry": {
        "type": "Point",
        "coordinates": [
          1.9652703767720887,
          41.26386082936838
        ]
      },
      "properties": {
        "date": "2025-02-05"
      }
    },
    {
      "type": "Feature",
      "geometry": {
        "type": "Point",
        "coordinates": [
          1.9653897385245551,
          41.263861902143596
        ]
      },
      "properties": {
        "date": "2025-02-05"
      }
    },
    {
      "type": "Feature",
      "geometry": {
        "type": "Point",
        "coordinates": [
          1.9655091002834746,
          41.263862974795074
        ]
      },
      "properties": {
        "date": "2025-02-05"
      }
    },
    {
      "type": "Feature",
      "geometry": {
        "type": "Point",
        "coordinates": [
          1.9656284620488476,
          41.26386404732285
        ]
      },
      "properties": {
        "date": "2025-02-05"
      }
    },
    {
      "type": "Feature",
      "geometry": {
        "type": "Point",
        "coordinates": [
          1.9657478238206723,
          41.263865119726894
        ]
      },
      "properties": {
        "date": "2025-02-05"
      }
    },
    {
      "type": "Feature",
      "geometry": {
        "type": "Point",
        "coordinates": [
          1.9658671855989487,
          41.263866192007214
        ]
      },
      "properties": {
        "date": "2025-02-05"
      }
    },
    {
      "type": "Feature",
      "geometry": {
        "type": "Point",
        "coordinates": [
          1.9659865473836753,
          41.263867264163814
        ]
      },
      "properties": {
        "date": "2025-02-05"
      }
    },
    {
      "type": "Feature",
      "geometry": {
        "type": "Point",
        "coordinates": [
          1.966105909174852,
          41.263868336196694
        ]
      },
      "properties": {
        "date": "2025-02-05"
      }
    },
    {
      "type": "Feature",
      "geometry": {
        "type": "Point",
        "coordinates": [
          1.9662252709724783,
          41.26386940810585
        ]
      },
      "properties": {
        "date": "2025-02-05"
      }
    },
    {
      "type": "Feature",
      "geometry": {
        "type": "Point",
        "coordinates": [
          1.966344632776553,
          41.26387047989129
        ]
      },
      "properties": {
        "date": "2025-02-05"
      }
    },
    {
      "type": "Feature",
      "geometry": {
        "type": "Point",
        "coordinates": [
          1.966463994587075,
          41.263871551553
        ]
      },
      "properties": {
        "date": "2025-02-05"
      }
    },
    {
      "type": "Feature",
      "geometry": {
        "type": "Point",
        "coordinates": [
          1.9665833564040442,
          41.263872623091
        ]
      },
      "properties": {
        "date": "2025-02-05"
      }
    },
    {
      "type": "Feature",
      "geometry": {
        "type": "Point",
        "coordinates": [
          1.96670271822746,
          41.26387369450526
        ]
      },
      "properties": {
        "date": "2025-02-05"
      }
    },
    {
      "type": "Feature",
      "geometry": {
        "type": "Point",
        "coordinates": [
          1.9668220800573202,
          41.26387476579581
        ]
      },
      "properties": {
        "date": "2025-02-05"
      }
    },
    {
      "type": "Feature",
      "geometry": {
        "type": "Point",
        "coordinates": [
          1.9669414418936257,
          41.263875836962626
        ]
      },
      "properties": {
        "date": "2025-02-05"
      }
    },
    {
      "type": "Feature",
      "geometry": {
        "type": "Point",
        "coordinates": [
          1.9670608037363753,
          41.26387690800574
        ]
      },
      "properties": {
        "date": "2025-02-05"
      }
    },
    {
      "type": "Feature",
      "geometry": {
        "type": "Point",
        "coordinates": [
          1.9671801655855679,
          41.26387797892512
        ]
      },
      "properties": {
        "date": "2025-02-05"
      }
    },
    {
      "type": "Feature",
      "geometry": {
        "type": "Point",
        "coordinates": [
          1.9672995274412033,
          41.26387904972079
        ]
      },
      "properties": {
        "date": "2025-02-05"
      }
    },
    {
      "type": "Feature",
      "geometry": {
        "type": "Point",
        "coordinates": [
          1.9674188893032802,
          41.26388012039273
        ]
      },
      "properties": {
        "date": "2025-02-05"
      }
    },
    {
      "type": "Feature",
      "geometry": {
        "type": "Point",
        "coordinates": [
          1.967538251171798,
          41.263881190940936
        ]
      },
      "properties": {
        "date": "2025-02-05"
      }
    },
    {
      "type": "Feature",
      "geometry": {
        "type": "Point",
        "coordinates": [
          1.9676576130467558,
          41.26388226136543
        ]
      },
      "properties": {
        "date": "2025-02-05"
      }
    },
    {
      "type": "Feature",
      "geometry": {
        "type": "Point",
        "coordinates": [
          1.9677769749281537,
          41.26388333166621
        ]
      },
      "properties": {
        "date": "2025-02-05"
      }
    },
    {
      "type": "Feature",
      "geometry": {
        "type": "Point",
        "coordinates": [
          1.96789633681599,
          41.26388440184326
        ]
      },
      "properties": {
        "date": "2025-02-05"
      }
    },
    {
      "type": "Feature",
      "geometry": {
        "type": "Point",
        "coordinates": [
          1.9680156987102646,
          41.263885471896586
        ]
      },
      "properties": {
        "date": "2025-02-05"
      }
    },
    {
      "type": "Feature",
      "geometry": {
        "type": "Point",
        "coordinates": [
          1.9681350606109764,
          41.26388654182619
        ]
      },
      "properties": {
        "date": "2025-02-05"
      }
    },
    {
      "type": "Feature",
      "geometry": {
        "type": "Point",
        "coordinates": [
          1.9682544225181247,
          41.26388761163208
        ]
      },
      "properties": {
        "date": "2025-02-05"
      }
    },
    {
      "type": "Feature",
      "geometry": {
        "type": "Point",
        "coordinates": [
          1.9683737844317086,
          41.26388868131425
        ]
      },
      "properties": {
        "date": "2025-02-05"
      }
    },
    {
      "type": "Feature",
      "geometry": {
        "type": "Point",
        "coordinates": [
          1.9684931463517277,
          41.263889750872686
        ]
      },
      "properties": {
        "date": "2025-02-05"
      }
    },
    {
      "type": "Feature",
      "geometry": {
        "type": "Point",
        "coordinates": [
          1.968612508278181,
          41.26389082030741
        ]
      },
      "properties": {
        "date": "2025-02-05"
      }
    },
    {
      "type": "Feature",
      "geometry": {
        "type": "Point",
        "coordinates": [
          1.968731870211068,
          41.2638918896184
        ]
      },
      "properties": {
        "date": "2025-02-05"
      }
    },
    {
      "type": "Feature",
      "geometry": {
        "type": "Point",
        "coordinates": [
          1.968851232150388,
          41.26389295880568
        ]
      },
      "properties": {
        "date": "2025-02-05"
      }
    },
    {
      "type": "Feature",
      "geometry": {
        "type": "Point",
        "coordinates": [
          1.9689705940961397,
          41.26389402786923
        ]
      },
      "properties": {
        "date": "2025-02-05"
      }
    },
    {
      "type": "Feature",
      "geometry": {
        "type": "Point",
        "coordinates": [
          1.9977370088306647,
          41.26414806427846
        ]
      },
      "properties": {
        "date": "2025-02-05"
      }
    },
    {
      "type": "Feature",
      "geometry": {
        "type": "Point",
        "coordinates": [
          1.9979757357977925,
          41.26415014239919
        ]
      },
      "properties": {
        "date": "2025-02-05"
      }
    },
    {
      "type": "Feature",
      "geometry": {
        "type": "Point",
        "coordinates": [
          1.9980950992907323,
          41.26415118127397
        ]
      },
      "properties": {
        "date": "2025-02-05"
      }
    },
    {
      "type": "Feature",
      "geometry": {
        "type": "Point",
        "coordinates": [
          1.998214462789922,
          41.26415222002502
        ]
      },
      "properties": {
        "date": "2025-02-05"
      }
    },
    {
      "type": "Feature",
      "geometry": {
        "type": "Point",
        "coordinates": [
          1.998333826295361,
          41.26415325865234
        ]
      },
      "properties": {
        "date": "2025-02-05"
      }
    },
    {
      "type": "Feature",
      "geometry": {
        "type": "Point",
        "coordinates": [
          1.9984531898070477,
          41.26415429715595
        ]
      },
      "properties": {
        "date": "2025-02-05"
      }
    },
    {
      "type": "Feature",
      "geometry": {
        "type": "Point",
        "coordinates": [
          1.9985725533249825,
          41.26415533553582
        ]
      },
      "properties": {
        "date": "2025-02-05"
      }
    },
    {
      "type": "Feature",
      "geometry": {
        "type": "Point",
        "coordinates": [
          1.9986919168491637,
          41.26415637379196
        ]
      },
      "properties": {
        "date": "2025-02-05"
      }
    },
    {
      "type": "Feature",
      "geometry": {
        "type": "Point",
        "coordinates": [
          1.9988112803795914,
          41.26415741192439
        ]
      },
      "properties": {
        "date": "2025-02-05"
      }
    },
    {
      "type": "Feature",
      "geometry": {
        "type": "Point",
        "coordinates": [
          1.9989306439162646,
          41.26415844993306
        ]
      },
      "properties": {
        "date": "2025-02-05"
      }
    },
    {
      "type": "Feature",
      "geometry": {
        "type": "Point",
        "coordinates": [
          1.9990500074591815,
          41.26415948781803
        ]
      },
      "properties": {
        "date": "2025-02-05"
      }
    },
    {
      "type": "Feature",
      "geometry": {
        "type": "Point",
        "coordinates": [
          1.9991693710083431,
          41.264160525579264
        ]
      },
      "properties": {
        "date": "2025-02-05"
      }
    },
    {
      "type": "Feature",
      "geometry": {
        "type": "Point",
        "coordinates": [
          1.999288734563747,
          41.26416156321678
        ]
      },
      "properties": {
        "date": "2025-02-05"
      }
    },
    {
      "type": "Feature",
      "geometry": {
        "type": "Point",
        "coordinates": [
          1.9994080981253939,
          41.26416260073057
        ]
      },
      "properties": {
        "date": "2025-02-05"
      }
    },
    {
      "type": "Feature",
      "geometry": {
        "type": "Point",
        "coordinates": [
          1.9995274616932825,
          41.264163638120614
        ]
      },
      "properties": {
        "date": "2025-02-05"
      }
    },
    {
      "type": "Feature",
      "geometry": {
        "type": "Point",
        "coordinates": [
          1.9996468252674113,
          41.264164675386944
        ]
      },
      "properties": {
        "date": "2025-02-05"
      }
    },
    {
      "type": "Feature",
      "geometry": {
        "type": "Point",
        "coordinates": [
          1.999766188847781,
          41.26416571252955
        ]
      },
      "properties": {
        "date": "2025-02-05"
      }
    },
    {
      "type": "Feature",
      "geometry": {
        "type": "Point",
        "coordinates": [
          1.9998855524343893,
          41.26416674954842
        ]
      },
      "properties": {
        "date": "2025-02-05"
      }
    },
    {
      "type": "Feature",
      "geometry": {
        "type": "Point",
        "coordinates": [
          1.946890191459682,
          41.26360408237374
        ]
      },
      "properties": {
        "date": "2025-02-05"
      }
    },
    {
      "type": "Feature",
      "geometry": {
        "type": "Point",
        "coordinates": [
          1.9470095520454682,
          41.2636051741984
        ]
      },
      "properties": {
        "date": "2025-02-05"
      }
    },
    {
      "type": "Feature",
      "geometry": {
        "type": "Point",
        "coordinates": [
          1.947128912637823,
          41.263606265899355
        ]
      },
      "properties": {
        "date": "2025-02-05"
      }
    },
    {
      "type": "Feature",
      "geometry": {
        "type": "Point",
        "coordinates": [
          1.9477257156980925,
          41.26361172254833
        ]
      },
      "properties": {
        "date": "2025-02-05"
      }
    },
    {
      "type": "Feature",
      "geometry": {
        "type": "Point",
        "coordinates": [
          1.9482031582644597,
          41.26361608564057
        ]
      },
      "properties": {
        "date": "2025-02-05"
      }
    },
    {
      "type": "Feature",
      "geometry": {
        "type": "Point",
        "coordinates": [
          1.9483225189224553,
          41.26361717610434
        ]
      },
      "properties": {
        "date": "2025-02-05"
      }
    },
    {
      "type": "Feature",
      "geometry": {
        "type": "Point",
        "coordinates": [
          1.9484418795870109,
          41.2636182664444
        ]
      },
      "properties": {
        "date": "2025-02-05"
      }
    },
    {
      "type": "Feature",
      "geometry": {
        "type": "Point",
        "coordinates": [
          1.9485612402581256,
          41.263619356660726
        ]
      },
      "properties": {
        "date": "2025-02-05"
      }
    },
    {
      "type": "Feature",
      "geometry": {
        "type": "Point",
        "coordinates": [
          1.9486806009357989,
          41.26362044675333
        ]
      },
      "properties": {
        "date": "2025-02-05"
      }
    },
    {
      "type": "Feature",
      "geometry": {
        "type": "Point",
        "coordinates": [
          1.9487999616200298,
          41.26362153672222
        ]
      },
      "properties": {
        "date": "2025-02-05"
      }
    },
    {
      "type": "Feature",
      "geometry": {
        "type": "Point",
        "coordinates": [
          1.9489193223108172,
          41.2636226265674
        ]
      },
      "properties": {
        "date": "2025-02-05"
      }
    },
    {
      "type": "Feature",
      "geometry": {
        "type": "Point",
        "coordinates": [
          1.9490386830081616,
          41.26362371628885
        ]
      },
      "properties": {
        "date": "2025-02-05"
      }
    },
    {
      "type": "Feature",
      "geometry": {
        "type": "Point",
        "coordinates": [
          1.9491580437120613,
          41.263624805886586
        ]
      },
      "properties": {
        "date": "2025-02-05"
      }
    },
    {
      "type": "Feature",
      "geometry": {
        "type": "Point",
        "coordinates": [
          1.9689720108481332,
          41.26380396423262
        ]
      },
      "properties": {
        "date": "2025-02-05"
      }
    },
    {
      "type": "Feature",
      "geometry": {
        "type": "Point",
        "coordinates": [
          1.9690913726363704,
          41.263805033169085
        ]
      },
      "properties": {
        "date": "2025-02-05"
      }
    },
    {
      "type": "Feature",
      "geometry": {
        "type": "Point",
        "coordinates": [
          1.969210734431038,
          41.26380610198182
        ]
      },
      "properties": {
        "date": "2025-02-05"
      }
    },
    {
      "type": "Feature",
      "geometry": {
        "type": "Point",
        "coordinates": [
          1.9693300962321356,
          41.263807170670844
        ]
      },
      "properties": {
        "date": "2025-02-05"
      }
    },
    {
      "type": "Feature",
      "geometry": {
        "type": "Point",
        "coordinates": [
          1.969449458039662,
          41.26380823923614
        ]
      },
      "properties": {
        "date": "2025-02-05"
      }
    },
    {
      "type": "Feature",
      "geometry": {
        "type": "Point",
        "coordinates": [
          1.9695688198536163,
          41.26380930767771
        ]
      },
      "properties": {
        "date": "2025-02-05"
      }
    },
    {
      "type": "Feature",
      "geometry": {
        "type": "Point",
        "coordinates": [
          1.9696881816739986,
          41.263810375995575
        ]
      },
      "properties": {
        "date": "2025-02-05"
      }
    },
    {
      "type": "Feature",
      "geometry": {
        "type": "Point",
        "coordinates": [
          1.9698075435008087,
          41.263811444189706
        ]
      },
      "properties": {
        "date": "2025-02-05"
      }
    },
    {
      "type": "Feature",
      "geometry": {
        "type": "Point",
        "coordinates": [
          1.9699269053340436,
          41.26381251226012
        ]
      },
      "properties": {
        "date": "2025-02-05"
      }
    },
    {
      "type": "Feature",
      "geometry": {
        "type": "Point",
        "coordinates": [
          1.9700462671737038,
          41.263813580206794
        ]
      },
      "properties": {
        "date": "2025-02-05"
      }
    },
    {
      "type": "Feature",
      "geometry": {
        "type": "Point",
        "coordinates": [
          1.9701656290197889,
          41.26381464802977
        ]
      },
      "properties": {
        "date": "2025-02-05"
      }
    },
    {
      "type": "Feature",
      "geometry": {
        "type": "Point",
        "coordinates": [
          1.9702849908722988,
          41.26381571572901
        ]
      },
      "properties": {
        "date": "2025-02-05"
      }
    },
    {
      "type": "Feature",
      "geometry": {
        "type": "Point",
        "coordinates": [
          1.97040435273123,
          41.263816783304534
        ]
      },
      "properties": {
        "date": "2025-02-05"
      }
    },
    {
      "type": "Feature",
      "geometry": {
        "type": "Point",
        "coordinates": [
          1.9705237145965846,
          41.26381785075634
        ]
      },
      "properties": {
        "date": "2025-02-05"
      }
    },
    {
      "type": "Feature",
      "geometry": {
        "type": "Point",
        "coordinates": [
          1.970643076468361,
          41.26381891808442
        ]
      },
      "properties": {
        "date": "2025-02-05"
      }
    },
    {
      "type": "Feature",
      "geometry": {
        "type": "Point",
        "coordinates": [
          1.971597971673659,
          41.26382745225504
        ]
      },
      "properties": {
        "date": "2025-02-05"
      }
    },
    {
      "type": "Feature",
      "geometry": {
        "type": "Point",
        "coordinates": [
          1.9717173336031963,
          41.26382851846962
        ]
      },
      "properties": {
        "date": "2025-02-05"
      }
    },
    {
      "type": "Feature",
      "geometry": {
        "type": "Point",
        "coordinates": [
          1.9720754194302903,
          41.26383171637102
        ]
      },
      "properties": {
        "date": "2025-02-05"
      }
    },
    {
      "type": "Feature",
      "geometry": {
        "type": "Point",
        "coordinates": [
          1.9721947813854797,
          41.26383278209071
        ]
      },
      "properties": {
        "date": "2025-02-05"
      }
    },
    {
      "type": "Feature",
      "geometry": {
        "type": "Point",
        "coordinates": [
          1.9723141433470806,
          41.26383384768668
        ]
      },
      "properties": {
        "date": "2025-02-05"
      }
    },
    {
      "type": "Feature",
      "geometry": {
        "type": "Point",
        "coordinates": [
          1.9724335053150917,
          41.263834913158924
        ]
      },
      "properties": {
        "date": "2025-02-05"
      }
    },
    {
      "type": "Feature",
      "geometry": {
        "type": "Point",
        "coordinates": [
          1.972552867289513,
          41.263835978507444
        ]
      },
      "properties": {
        "date": "2025-02-05"
      }
    },
    {
      "type": "Feature",
      "geometry": {
        "type": "Point",
        "coordinates": [
          1.9726722292703422,
          41.26383704373225
        ]
      },
      "properties": {
        "date": "2025-02-05"
      }
    },
    {
      "type": "Feature",
      "geometry": {
        "type": "Point",
        "coordinates": [
          1.9727915912575809,
          41.26383810883332
        ]
      },
      "properties": {
        "date": "2025-02-05"
      }
    },
    {
      "type": "Feature",
      "geometry": {
        "type": "Point",
        "coordinates": [
          1.9729109532512261,
          41.26383917381069
        ]
      },
      "properties": {
        "date": "2025-02-05"
      }
    },
    {
      "type": "Feature",
      "geometry": {
        "type": "Point",
        "coordinates": [
          1.9730303152512783,
          41.263840238664315
        ]
      },
      "properties": {
        "date": "2025-02-05"
      }
    },
    {
      "type": "Feature",
      "geometry": {
        "type": "Point",
        "coordinates": [
          1.9731496772577368,
          41.26384130339422
        ]
      },
      "properties": {
        "date": "2025-02-05"
      }
    },
    {
      "type": "Feature",
      "geometry": {
        "type": "Point",
        "coordinates": [
          1.9732690392706003,
          41.263842368000425
        ]
      },
      "properties": {
        "date": "2025-02-05"
      }
    },
    {
      "type": "Feature",
      "geometry": {
        "type": "Point",
        "coordinates": [
          1.9733884012898686,
          41.26384343248288
        ]
      },
      "properties": {
        "date": "2025-02-05"
      }
    },
    {
      "type": "Feature",
      "geometry": {
        "type": "Point",
        "coordinates": [
          1.97350776331554,
          41.26384449684162
        ]
      },
      "properties": {
        "date": "2025-02-05"
      }
    },
    {
      "type": "Feature",
      "geometry": {
        "type": "Point",
        "coordinates": [
          1.9736271253476156,
          41.26384556107664
        ]
      },
      "properties": {
        "date": "2025-02-05"
      }
    },
    {
      "type": "Feature",
      "geometry": {
        "type": "Point",
        "coordinates": [
          1.9737464873860924,
          41.263846625187945
        ]
      },
      "properties": {
        "date": "2025-02-05"
      }
    },
    {
      "type": "Feature",
      "geometry": {
        "type": "Point",
        "coordinates": [
          1.9738658494309713,
          41.26384768917551
        ]
      },
      "properties": {
        "date": "2025-02-05"
      }
    },
    {
      "type": "Feature",
      "geometry": {
        "type": "Point",
        "coordinates": [
          1.9739852114822507,
          41.263848753039376
        ]
      },
      "properties": {
        "date": "2025-02-05"
      }
    },
    {
      "type": "Feature",
      "geometry": {
        "type": "Point",
        "coordinates": [
          1.97410457353993,
          41.263849816779505
        ]
      },
      "properties": {
        "date": "2025-02-05"
      }
    },
    {
      "type": "Feature",
      "geometry": {
        "type": "Point",
        "coordinates": [
          1.9742239356040088,
          41.263850880395914
        ]
      },
      "properties": {
        "date": "2025-02-05"
      }
    },
    {
      "type": "Feature",
      "geometry": {
        "type": "Point",
        "coordinates": [
          1.9743432976744864,
          41.2638519438886
        ]
      },
      "properties": {
        "date": "2025-02-05"
      }
    },
    {
      "type": "Feature",
      "geometry": {
        "type": "Point",
        "coordinates": [
          1.9744626597513617,
          41.26385300725755
        ]
      },
      "properties": {
        "date": "2025-02-05"
      }
    },
    {
      "type": "Feature",
      "geometry": {
        "type": "Point",
        "coordinates": [
          1.974582021834634,
          41.26385407050281
        ]
      },
      "properties": {
        "date": "2025-02-05"
      }
    },
    {
      "type": "Feature",
      "geometry": {
        "type": "Point",
        "coordinates": [
          1.9747013839243024,
          41.26385513362432
        ]
      },
      "properties": {
        "date": "2025-02-05"
      }
    },
    {
      "type": "Feature",
      "geometry": {
        "type": "Point",
        "coordinates": [
          1.9748207460203668,
          41.2638561966221
        ]
      },
      "properties": {
        "date": "2025-02-05"
      }
    },
    {
      "type": "Feature",
      "geometry": {
        "type": "Point",
        "coordinates": [
          1.9749401081228257,
          41.263857259496184
        ]
      },
      "properties": {
        "date": "2025-02-05"
      }
    },
    {
      "type": "Feature",
      "geometry": {
        "type": "Point",
        "coordinates": [
          1.975059470231679,
          41.26385832224653
        ]
      },
      "properties": {
        "date": "2025-02-05"
      }
    },
    {
      "type": "Feature",
      "geometry": {
        "type": "Point",
        "coordinates": [
          1.975178832346925,
          41.26385938487316
        ]
      },
      "properties": {
        "date": "2025-02-05"
      }
    },
    {
      "type": "Feature",
      "geometry": {
        "type": "Point",
        "coordinates": [
          1.9752981944685646,
          41.26386044737606
        ]
      },
      "properties": {
        "date": "2025-02-05"
      }
    },
    {
      "type": "Feature",
      "geometry": {
        "type": "Point",
        "coordinates": [
          1.9754175565965955,
          41.26386150975524
        ]
      },
      "properties": {
        "date": "2025-02-05"
      }
    },
    {
      "type": "Feature",
      "geometry": {
        "type": "Point",
        "coordinates": [
          1.9755369187310172,
          41.2638625720107
        ]
      },
      "properties": {
        "date": "2025-02-05"
      }
    },
    {
      "type": "Feature",
      "geometry": {
        "type": "Point",
        "coordinates": [
          1.9756562808718297,
          41.26386363414244
        ]
      },
      "properties": {
        "date": "2025-02-05"
      }
    },
    {
      "type": "Feature",
      "geometry": {
        "type": "Point",
        "coordinates": [
          1.975775643019032,
          41.26386469615044
        ]
      },
      "properties": {
        "date": "2025-02-05"
      }
    },
    {
      "type": "Feature",
      "geometry": {
        "type": "Point",
        "coordinates": [
          1.9758950051726227,
          41.26386575803474
        ]
      },
      "properties": {
        "date": "2025-02-05"
      }
    },
    {
      "type": "Feature",
      "geometry": {
        "type": "Point",
        "coordinates": [
          1.976014367332602,
          41.263866819795304
        ]
      },
      "properties": {
        "date": "2025-02-05"
      }
    },
    {
      "type": "Feature",
      "geometry": {
        "type": "Point",
        "coordinates": [
          1.9761337294989685,
          41.26386788143215
        ]
      },
      "properties": {
        "date": "2025-02-05"
      }
    },
    {
      "type": "Feature",
      "geometry": {
        "type": "Point",
        "coordinates": [
          1.976253091671722,
          41.263868942945265
        ]
      },
      "properties": {
        "date": "2025-02-05"
      }
    },
    {
      "type": "Feature",
      "geometry": {
        "type": "Point",
        "coordinates": [
          1.976372453850861,
          41.263870004334656
        ]
      },
      "properties": {
        "date": "2025-02-05"
      }
    },
    {
      "type": "Feature",
      "geometry": {
        "type": "Point",
        "coordinates": [
          1.9772079892835777,
          41.2638774305962
        ]
      },
      "properties": {
        "date": "2025-02-05"
      }
    },
    {
      "type": "Feature",
      "geometry": {
        "type": "Point",
        "coordinates": [
          1.9773273515137768,
          41.263878490995815
        ]
      },
      "properties": {
        "date": "2025-02-05"
      }
    },
    {
      "type": "Feature",
      "geometry": {
        "type": "Point",
        "coordinates": [
          1.9774467137503555,
          41.26387955127171
        ]
      },
      "properties": {
        "date": "2025-02-05"
      }
    },
    {
      "type": "Feature",
      "geometry": {
        "type": "Point",
        "coordinates": [
          1.9775660759933131,
          41.26388061142387
        ]
      },
      "properties": {
        "date": "2025-02-05"
      }
    },
    {
      "type": "Feature",
      "geometry": {
        "type": "Point",
        "coordinates": [
          1.9776854382426479,
          41.26388167145232
        ]
      },
      "properties": {
        "date": "2025-02-05"
      }
    },
    {
      "type": "Feature",
      "geometry": {
        "type": "Point",
        "coordinates": [
          1.97780480049836,
          41.263882731357036
        ]
      },
      "properties": {
        "date": "2025-02-05"
      }
    },
    {
      "type": "Feature",
      "geometry": {
        "type": "Point",
        "coordinates": [
          1.977924162760448,
          41.263883791138035
        ]
      },
      "properties": {
        "date": "2025-02-05"
      }
    },
    {
      "type": "Feature",
      "geometry": {
        "type": "Point",
        "coordinates": [
          1.9780435250289123,
          41.26388485079531
        ]
      },
      "properties": {
        "date": "2025-02-05"
      }
    },
    {
      "type": "Feature",
      "geometry": {
        "type": "Point",
        "coordinates": [
          1.9781628873037505,
          41.26388591032886
        ]
      },
      "properties": {
        "date": "2025-02-05"
      }
    },
    {
      "type": "Feature",
      "geometry": {
        "type": "Point",
        "coordinates": [
          1.9782822495849628,
          41.263886969738685
        ]
      },
      "properties": {
        "date": "2025-02-05"
      }
    },
    {
      "type": "Feature",
      "geometry": {
        "type": "Point",
        "coordinates": [
          1.9784016118725487,
          41.26388802902479
        ]
      },
      "properties": {
        "date": "2025-02-05"
      }
    },
    {
      "type": "Feature",
      "geometry": {
        "type": "Point",
        "coordinates": [
          1.978520974166507,
          41.26388908818718
        ]
      },
      "properties": {
        "date": "2025-02-05"
      }
    },
    {
      "type": "Feature",
      "geometry": {
        "type": "Point",
        "coordinates": [
          1.978640336466837,
          41.26389014722583
        ]
      },
      "properties": {
        "date": "2025-02-05"
      }
    },
    {
      "type": "Feature",
      "geometry": {
        "type": "Point",
        "coordinates": [
          1.978759698773538,
          41.26389120614076
        ]
      },
      "properties": {
        "date": "2025-02-05"
      }
    },
    {
      "type": "Feature",
      "geometry": {
        "type": "Point",
        "coordinates": [
          1.9792371480640376,
          41.26389544056326
        ]
      },
      "properties": {
        "date": "2025-02-05"
      }
    },
    {
      "type": "Feature",
      "geometry": {
        "type": "Point",
        "coordinates": [
          1.979356510402583,
          41.26389649885959
        ]
      },
      "properties": {
        "date": "2025-02-05"
      }
    },
    {
      "type": "Feature",
      "geometry": {
        "type": "Point",
        "coordinates": [
          1.9794758727474944,
          41.26389755703219
        ]
      },
      "properties": {
        "date": "2025-02-05"
      }
    },
    {
      "type": "Feature",
      "geometry": {
        "type": "Point",
        "coordinates": [
          1.9795952350987716,
          41.263898615081054
        ]
      },
      "properties": {
        "date": "2025-02-05"
      }
    },
    {
      "type": "Feature",
      "geometry": {
        "type": "Point",
        "coordinates": [
          1.9797145974564148,
          41.26389967300621
        ]
      },
      "properties": {
        "date": "2025-02-05"
      }
    },
    {
      "type": "Feature",
      "geometry": {
        "type": "Point",
        "coordinates": [
          1.9798339598204218,
          41.26390073080762
        ]
      },
      "properties": {
        "date": "2025-02-05"
      }
    },
    {
      "type": "Feature",
      "geometry": {
        "type": "Point",
        "coordinates": [
          1.979953322190792,
          41.26390178848531
        ]
      },
      "properties": {
        "date": "2025-02-05"
      }
    },
    {
      "type": "Feature",
      "geometry": {
        "type": "Point",
        "coordinates": [
          1.9804307717358949,
          41.26390601795888
        ]
      },
      "properties": {
        "date": "2025-02-05"
      }
    },
    {
      "type": "Feature",
      "geometry": {
        "type": "Point",
        "coordinates": [
          1.980550134138072,
          41.26390707501797
        ]
      },
      "properties": {
        "date": "2025-02-05"
      }
    },
    {
      "type": "Feature",
      "geometry": {
        "type": "Point",
        "coordinates": [
          1.980669496546609,
          41.26390813195333
        ]
      },
      "properties": {
        "date": "2025-02-05"
      }
    },
    {
      "type": "Feature",
      "geometry": {
        "type": "Point",
        "coordinates": [
          1.9807888589615035,
          41.26390918876496
        ]
      },
      "properties": {
        "date": "2025-02-05"
      }
    },
    {
      "type": "Feature",
      "geometry": {
        "type": "Point",
        "coordinates": [
          1.9809082213827562,
          41.26391024545287
        ]
      },
      "properties": {
        "date": "2025-02-05"
      }
    },
    {
      "type": "Feature",
      "geometry": {
        "type": "Point",
        "coordinates": [
          1.981027583810365,
          41.263911302017064
        ]
      },
      "properties": {
        "date": "2025-02-05"
      }
    },
    {
      "type": "Feature",
      "geometry": {
        "type": "Point",
        "coordinates": [
          1.9811469462443312,
          41.263912358457524
        ]
      },
      "properties": {
        "date": "2025-02-05"
      }
    },
    {
      "type": "Feature",
      "geometry": {
        "type": "Point",
        "coordinates": [
          1.9812663086846516,
          41.263913414774265
        ]
      },
      "properties": {
        "date": "2025-02-05"
      }
    },
    {
      "type": "Feature",
      "geometry": {
        "type": "Point",
        "coordinates": [
          1.9813856711313271,
          41.26391447096729
        ]
      },
      "properties": {
        "date": "2025-02-05"
      }
    },
    {
      "type": "Feature",
      "geometry": {
        "type": "Point",
        "coordinates": [
          1.9815050335843563,
          41.26391552703658
        ]
      },
      "properties": {
        "date": "2025-02-05"
      }
    },
    {
      "type": "Feature",
      "geometry": {
        "type": "Point",
        "coordinates": [
          1.9816243960437394,
          41.26391658298215
        ]
      },
      "properties": {
        "date": "2025-02-05"
      }
    },
    {
      "type": "Feature",
      "geometry": {
        "type": "Point",
        "coordinates": [
          1.9817437585094748,
          41.26391763880399
        ]
      },
      "properties": {
        "date": "2025-02-05"
      }
    },
    {
      "type": "Feature",
      "geometry": {
        "type": "Point",
        "coordinates": [
          1.9818631209815616,
          41.26391869450211
        ]
      },
      "properties": {
        "date": "2025-02-05"
      }
    },
    {
      "type": "Feature",
      "geometry": {
        "type": "Point",
        "coordinates": [
          1.9819824834599988,
          41.26391975007651
        ]
      },
      "properties": {
        "date": "2025-02-05"
      }
    },
    {
      "type": "Feature",
      "geometry": {
        "type": "Point",
        "coordinates": [
          1.9829373835160455,
          41.26392819021763
        ]
      },
      "properties": {
        "date": "2025-02-05"
      }
    },
    {
      "type": "Feature",
      "geometry": {
        "type": "Point",
        "coordinates": [
          1.9830567460516089,
          41.263929244678515
        ]
      },
      "properties": {
        "date": "2025-02-05"
      }
    },
    {
      "type": "Feature",
      "geometry": {
        "type": "Point",
        "coordinates": [
          1.9831761085935151,
          41.26393029901566
        ]
      },
      "properties": {
        "date": "2025-02-05"
      }
    },
    {
      "type": "Feature",
      "geometry": {
        "type": "Point",
        "coordinates": [
          1.983295471141764,
          41.2639313532291
        ]
      },
      "properties": {
        "date": "2025-02-05"
      }
    },
    {
      "type": "Feature",
      "geometry": {
        "type": "Point",
        "coordinates": [
          1.983414833696355,
          41.263932407318805
        ]
      },
      "properties": {
        "date": "2025-02-05"
      }
    },
    {
      "type": "Feature",
      "geometry": {
        "type": "Point",
        "coordinates": [
          1.9835341962572872,
          41.26393346128479
        ]
      },
      "properties": {
        "date": "2025-02-05"
      }
    },
    {
      "type": "Feature",
      "geometry": {
        "type": "Point",
        "coordinates": [
          1.98365355882456,
          41.263934515127055
        ]
      },
      "properties": {
        "date": "2025-02-05"
      }
    },
    {
      "type": "Feature",
      "geometry": {
        "type": "Point",
        "coordinates": [
          1.983772921398173,
          41.26393556884559
        ]
      },
      "properties": {
        "date": "2025-02-05"
      }
    },
    {
      "type": "Feature",
      "geometry": {
        "type": "Point",
        "coordinates": [
          1.9838922839781246,
          41.263936622440404
        ]
      },
      "properties": {
        "date": "2025-02-05"
      }
    },
    {
      "type": "Feature",
      "geometry": {
        "type": "Point",
        "coordinates": [
          1.9840116465644142,
          41.26393767591149
        ]
      },
      "properties": {
        "date": "2025-02-05"
      }
    },
    {
      "type": "Feature",
      "geometry": {
        "type": "Point",
        "coordinates": [
          1.9841310091570423,
          41.26393872925886
        ]
      },
      "properties": {
        "date": "2025-02-05"
      }
    },
    {
      "type": "Feature",
      "geometry": {
        "type": "Point",
        "coordinates": [
          1.9861601742006354,
          41.26395661723424
        ]
      },
      "properties": {
        "date": "2025-02-05"
      }
    },
    {
      "type": "Feature",
      "geometry": {
        "type": "Point",
        "coordinates": [
          1.9862795369072117,
          41.263957668354564
        ]
      },
      "properties": {
        "date": "2025-02-05"
      }
    },
    {
      "type": "Feature",
      "geometry": {
        "type": "Point",
        "coordinates": [
          1.9863988996201116,
          41.26395871935117
        ]
      },
      "properties": {
        "date": "2025-02-05"
      }
    },
    {
      "type": "Feature",
      "geometry": {
        "type": "Point",
        "coordinates": [
          1.9865182623393336,
          41.26395977022405
        ]
      },
      "properties": {
        "date": "2025-02-05"
      }
    },
    {
      "type": "Feature",
      "geometry": {
        "type": "Point",
        "coordinates": [
          1.9866376250648783,
          41.2639608209732
        ]
      },
      "properties": {
        "date": "2025-02-05"
      }
    },
    {
      "type": "Feature",
      "geometry": {
        "type": "Point",
        "coordinates": [
          1.9867569877967435,
          41.26396187159863
        ]
      },
      "properties": {
        "date": "2025-02-05"
      }
    },
    {
      "type": "Feature",
      "geometry": {
        "type": "Point",
        "coordinates": [
          1.9868763505349296,
          41.26396292210033
        ]
      },
      "properties": {
        "date": "2025-02-05"
      }
    },
    {
      "type": "Feature",
      "geometry": {
        "type": "Point",
        "coordinates": [
          1.9895023323725871,
          41.26398600183545
        ]
      },
      "properties": {
        "date": "2025-02-05"
      }
    },
    {
      "type": "Feature",
      "geometry": {
        "type": "Point",
        "coordinates": [
          1.9896216952559378,
          41.263987049491476
        ]
      },
      "properties": {
        "date": "2025-02-05"
      }
    },
    {
      "type": "Feature",
      "geometry": {
        "type": "Point",
        "coordinates": [
          1.9897410581455914,
          41.263988097023784
        ]
      },
      "properties": {
        "date": "2025-02-05"
      }
    },
    {
      "type": "Feature",
      "geometry": {
        "type": "Point",
        "coordinates": [
          1.9899797839438031,
          41.263990191717234
        ]
      },
      "properties": {
        "date": "2025-02-05"
      }
    },
    {
      "type": "Feature",
      "geometry": {
        "type": "Point",
        "coordinates": [
          1.9951123946911096,
          41.26403510792186
        ]
      },
      "properties": {
        "date": "2025-02-05"
      }
    },
    {
      "type": "Feature",
      "geometry": {
        "type": "Point",
        "coordinates": [
          1.9952317578698777,
          41.264036149762795
        ]
      },
      "properties": {
        "date": "2025-02-05"
      }
    },
    {
      "type": "Feature",
      "geometry": {
        "type": "Point",
        "coordinates": [
          1.995351121054913,
          41.26403719148
        ]
      },
      "properties": {
        "date": "2025-02-05"
      }
    },
    {
      "type": "Feature",
      "geometry": {
        "type": "Point",
        "coordinates": [
          1.995470484246216,
          41.264038233073485
        ]
      },
      "properties": {
        "date": "2025-02-05"
      }
    },
    {
      "type": "Feature",
      "geometry": {
        "type": "Point",
        "coordinates": [
          1.995589847443785,
          41.264039274543244
        ]
      },
      "properties": {
        "date": "2025-02-05"
      }
    },
    {
      "type": "Feature",
      "geometry": {
        "type": "Point",
        "coordinates": [
          1.995709210647619,
          41.264040315889275
        ]
      },
      "properties": {
        "date": "2025-02-05"
      }
    },
    {
      "type": "Feature",
      "geometry": {
        "type": "Point",
        "coordinates": [
          1.995828573857718,
          41.264041357111566
        ]
      },
      "properties": {
        "date": "2025-02-05"
      }
    },
    {
      "type": "Feature",
      "geometry": {
        "type": "Point",
        "coordinates": [
          1.9959479370740807,
          41.264042398210144
        ]
      },
      "properties": {
        "date": "2025-02-05"
      }
    },
    {
      "type": "Feature",
      "geometry": {
        "type": "Point",
        "coordinates": [
          1.9960673002967066,
          41.264043439185
        ]
      },
      "properties": {
        "date": "2025-02-05"
      }
    },
    {
      "type": "Feature",
      "geometry": {
        "type": "Point",
        "coordinates": [
          1.9961866635255952,
          41.264044480036134
        ]
      },
      "properties": {
        "date": "2025-02-05"
      }
    },
    {
      "type": "Feature",
      "geometry": {
        "type": "Point",
        "coordinates": [
          1.9963060267607453,
          41.264045520763524
        ]
      },
      "properties": {
        "date": "2025-02-05"
      }
    },
    {
      "type": "Feature",
      "geometry": {
        "type": "Point",
        "coordinates": [
          1.996425390002156,
          41.2640465613672
        ]
      },
      "properties": {
        "date": "2025-02-05"
      }
    },
    {
      "type": "Feature",
      "geometry": {
        "type": "Point",
        "coordinates": [
          1.9965447532498268,
          41.26404760184716
        ]
      },
      "properties": {
        "date": "2025-02-05"
      }
    },
    {
      "type": "Feature",
      "geometry": {
        "type": "Point",
        "coordinates": [
          1.9966641165037573,
          41.26404864220338
        ]
      },
      "properties": {
        "date": "2025-02-05"
      }
    },
    {
      "type": "Feature",
      "geometry": {
        "type": "Point",
        "coordinates": [
          1.9967834797639465,
          41.26404968243587
        ]
      },
      "properties": {
        "date": "2025-02-05"
      }
    },
    {
      "type": "Feature",
      "geometry": {
        "type": "Point",
        "coordinates": [
          1.9969028430303941,
          41.26405072254463
        ]
      },
      "properties": {
        "date": "2025-02-05"
      }
    },
    {
      "type": "Feature",
      "geometry": {
        "type": "Point",
        "coordinates": [
          1.997022206303098,
          41.264051762529675
        ]
      },
      "properties": {
        "date": "2025-02-05"
      }
    },
    {
      "type": "Feature",
      "geometry": {
        "type": "Point",
        "coordinates": [
          1.9971415695820596,
          41.26405280239099
        ]
      },
      "properties": {
        "date": "2025-02-05"
      }
    },
    {
      "type": "Feature",
      "geometry": {
        "type": "Point",
        "coordinates": [
          1.997260932867276,
          41.26405384212858
        ]
      },
      "properties": {
        "date": "2025-02-05"
      }
    },
    {
      "type": "Feature",
      "geometry": {
        "type": "Point",
        "coordinates": [
          1.997380296158747,
          41.26405488174244
        ]
      },
      "properties": {
        "date": "2025-02-05"
      }
    },
    {
      "type": "Feature",
      "geometry": {
        "type": "Point",
        "coordinates": [
          1.9974996594564731,
          41.26405592123258
        ]
      },
      "properties": {
        "date": "2025-02-05"
      }
    },
    {
      "type": "Feature",
      "geometry": {
        "type": "Point",
        "coordinates": [
          1.9976190227604524,
          41.264056960599
        ]
      },
      "properties": {
        "date": "2025-02-05"
      }
    },
    {
      "type": "Feature",
      "geometry": {
        "type": "Point",
        "coordinates": [
          1.9977383860706843,
          41.26405799984168
        ]
      },
      "properties": {
        "date": "2025-02-05"
      }
    },
    {
      "type": "Feature",
      "geometry": {
        "type": "Point",
        "coordinates": [
          1.997857749387168,
          41.264059038960646
        ]
      },
      "properties": {
        "date": "2025-02-05"
      }
    },
    {
      "type": "Feature",
      "geometry": {
        "type": "Point",
        "coordinates": [
          1.9979771127099037,
          41.264060077955875
        ]
      },
      "properties": {
        "date": "2025-02-05"
      }
    },
    {
      "type": "Feature",
      "geometry": {
        "type": "Point",
        "coordinates": [
          1.946414196912868,
          41.263509650843176
        ]
      },
      "properties": {
        "date": "2025-02-05"
      }
    },
    {
      "type": "Feature",
      "geometry": {
        "type": "Point",
        "coordinates": [
          1.9465335573084352,
          41.26351074315927
        ]
      },
      "properties": {
        "date": "2025-02-05"
      }
    },
    {
      "type": "Feature",
      "geometry": {
        "type": "Point",
        "coordinates": [
          1.946652917710574,
          41.263511835351665
        ]
      },
      "properties": {
        "date": "2025-02-05"
      }
    },
    {
      "type": "Feature",
      "geometry": {
        "type": "Point",
        "coordinates": [
          1.9467722781192829,
          41.26351292742033
        ]
      },
      "properties": {
        "date": "2025-02-05"
      }
    },
    {
      "type": "Feature",
      "geometry": {
        "type": "Point",
        "coordinates": [
          1.9468916385345614,
          41.26351401936527
        ]
      },
      "properties": {
        "date": "2025-02-05"
      }
    },
    {
      "type": "Feature",
      "geometry": {
        "type": "Point",
        "coordinates": [
          1.947130359384824,
          41.263516202884006
        ]
      },
      "properties": {
        "date": "2025-02-05"
      }
    },
    {
      "type": "Feature",
      "geometry": {
        "type": "Point",
        "coordinates": [
          1.9472497198198067,
          41.263517294457806
        ]
      },
      "properties": {
        "date": "2025-02-05"
      }
    },
    {
      "type": "Feature",
      "geometry": {
        "type": "Point",
        "coordinates": [
          1.9473690802613564,
          41.26351838590789
        ]
      },
      "properties": {
        "date": "2025-02-05"
      }
    },
    {
      "type": "Feature",
      "geometry": {
        "type": "Point",
        "coordinates": [
          1.9474884407094717,
          41.26351947723423
        ]
      },
      "properties": {
        "date": "2025-02-05"
      }
    },
    {
      "type": "Feature",
      "geometry": {
        "type": "Point",
        "coordinates": [
          1.9476078011641522,
          41.26352056843688
        ]
      },
      "properties": {
        "date": "2025-02-05"
      }
    },
    {
      "type": "Feature",
      "geometry": {
        "type": "Point",
        "coordinates": [
          1.9477271616253973,
          41.263521659515796
        ]
      },
      "properties": {
        "date": "2025-02-05"
      }
    },
    {
      "type": "Feature",
      "geometry": {
        "type": "Point",
        "coordinates": [
          1.947846522093206,
          41.263522750471004
        ]
      },
      "properties": {
        "date": "2025-02-05"
      }
    },
    {
      "type": "Feature",
      "geometry": {
        "type": "Point",
        "coordinates": [
          1.9479658825675774,
          41.26352384130249
        ]
      },
      "properties": {
        "date": "2025-02-05"
      }
    },
    {
      "type": "Feature",
      "geometry": {
        "type": "Point",
        "coordinates": [
          1.9480852430485112,
          41.263524932010256
        ]
      },
      "properties": {
        "date": "2025-02-05"
      }
    },
    {
      "type": "Feature",
      "geometry": {
        "type": "Point",
        "coordinates": [
          1.9482046035360066,
          41.263526022594306
        ]
      },
      "properties": {
        "date": "2025-02-05"
      }
    },
    {
      "type": "Feature",
      "geometry": {
        "type": "Point",
        "coordinates": [
          1.9706444909186849,
          41.263728854399254
        ]
      },
      "properties": {
        "date": "2025-02-05"
      }
    },
    {
      "type": "Feature",
      "geometry": {
        "type": "Point",
        "coordinates": [
          1.9707638526329363,
          41.263729921600245
        ]
      },
      "properties": {
        "date": "2025-02-05"
      }
    },
    {
      "type": "Feature",
      "geometry": {
        "type": "Point",
        "coordinates": [
          1.9708832143536075,
          41.26373098867752
        ]
      },
      "properties": {
        "date": "2025-02-05"
      }
    },
    {
      "type": "Feature",
      "geometry": {
        "type": "Point",
        "coordinates": [
          1.971002576080698,
          41.263732055631074
        ]
      },
      "properties": {
        "date": "2025-02-05"
      }
    },
    {
      "type": "Feature",
      "geometry": {
        "type": "Point",
        "coordinates": [
          1.971121937814207,
          41.263733122460906
        ]
      },
      "properties": {
        "date": "2025-02-05"
      }
    },
    {
      "type": "Feature",
      "geometry": {
        "type": "Point",
        "coordinates": [
          1.9712412995541346,
          41.263734189166996
        ]
      },
      "properties": {
        "date": "2025-02-05"
      }
    },
    {
      "type": "Feature",
      "geometry": {
        "type": "Point",
        "coordinates": [
          1.9713606613004784,
          41.263735255749395
        ]
      },
      "properties": {
        "date": "2025-02-05"
      }
    },
    {
      "type": "Feature",
      "geometry": {
        "type": "Point",
        "coordinates": [
          1.9714800230532388,
          41.263736322208054
        ]
      },
      "properties": {
        "date": "2025-02-05"
      }
    },
    {
      "type": "Feature",
      "geometry": {
        "type": "Point",
        "coordinates": [
          1.9715993848124151,
          41.26373738854301
        ]
      },
      "properties": {
        "date": "2025-02-05"
      }
    },
    {
      "type": "Feature",
      "geometry": {
        "type": "Point",
        "coordinates": [
          1.9717187465780068,
          41.263738454754225
        ]
      },
      "properties": {
        "date": "2025-02-05"
      }
    },
    {
      "type": "Feature",
      "geometry": {
        "type": "Point",
        "coordinates": [
          1.971838108350012,
          41.263739520841725
        ]
      },
      "properties": {
        "date": "2025-02-05"
      }
    },
    {
      "type": "Feature",
      "geometry": {
        "type": "Point",
        "coordinates": [
          1.9719574701284308,
          41.2637405868055
        ]
      },
      "properties": {
        "date": "2025-02-05"
      }
    },
    {
      "type": "Feature",
      "geometry": {
        "type": "Point",
        "coordinates": [
          1.972076831913262,
          41.26374165264555
        ]
      },
      "properties": {
        "date": "2025-02-05"
      }
    },
    {
      "type": "Feature",
      "geometry": {
        "type": "Point",
        "coordinates": [
          1.9763738604317462,
          41.26377994048858
        ]
      },
      "properties": {
        "date": "2025-02-05"
      }
    },
    {
      "type": "Feature",
      "geometry": {
        "type": "Point",
        "coordinates": [
          1.9764932224533232,
          41.26378100175093
        ]
      },
      "properties": {
        "date": "2025-02-05"
      }
    },
    {
      "type": "Feature",
      "geometry": {
        "type": "Point",
        "coordinates": [
          1.9766125844812843,
          41.26378206288954
        ]
      },
      "properties": {
        "date": "2025-02-05"
      }
    },
    {
      "type": "Feature",
      "geometry": {
        "type": "Point",
        "coordinates": [
          1.9767319465156288,
          41.26378312390443
        ]
      },
      "properties": {
        "date": "2025-02-05"
      }
    },
    {
      "type": "Feature",
      "geometry": {
        "type": "Point",
        "coordinates": [
          1.9768513085563568,
          41.26378418479558
        ]
      },
      "properties": {
        "date": "2025-02-05"
      }
    },
    {
      "type": "Feature",
      "geometry": {
        "type": "Point",
        "coordinates": [
          1.9769706706034669,
          41.26378524556302
        ]
      },
      "properties": {
        "date": "2025-02-05"
      }
    },
    {
      "type": "Feature",
      "geometry": {
        "type": "Point",
        "coordinates": [
          1.9770900326569583,
          41.26378630620675
        ]
      },
      "properties": {
        "date": "2025-02-05"
      }
    },
    {
      "type": "Feature",
      "geometry": {
        "type": "Point",
        "coordinates": [
          1.9772093947168303,
          41.263787366726746
        ]
      },
      "properties": {
        "date": "2025-02-05"
      }
    },
    {
      "type": "Feature",
      "geometry": {
        "type": "Point",
        "coordinates": [
          1.9787611020754678,
          41.26380114222792
        ]
      },
      "properties": {
        "date": "2025-02-05"
      }
    },
    {
      "type": "Feature",
      "geometry": {
        "type": "Point",
        "coordinates": [
          1.9788804642245914,
          41.2638022010158
        ]
      },
      "properties": {
        "date": "2025-02-05"
      }
    },
    {
      "type": "Feature",
      "geometry": {
        "type": "Point",
        "coordinates": [
          1.978999826380084,
          41.263803259679946
        ]
      },
      "properties": {
        "date": "2025-02-05"
      }
    },
    {
      "type": "Feature",
      "geometry": {
        "type": "Point",
        "coordinates": [
          1.979119188541946,
          41.26380431822037
        ]
      },
      "properties": {
        "date": "2025-02-05"
      }
    },
    {
      "type": "Feature",
      "geometry": {
        "type": "Point",
        "coordinates": [
          1.9792385507101753,
          41.26380537663708
        ]
      },
      "properties": {
        "date": "2025-02-05"
      }
    },
    {
      "type": "Feature",
      "geometry": {
        "type": "Point",
        "coordinates": [
          1.9799547238532398,
          41.26381172453914
        ]
      },
      "properties": {
        "date": "2025-02-05"
      }
    },
    {
      "type": "Feature",
      "geometry": {
        "type": "Point",
        "coordinates": [
          1.9800740860660244,
          41.26381278208978
        ]
      },
      "properties": {
        "date": "2025-02-05"
      }
    },
    {
      "type": "Feature",
      "geometry": {
        "type": "Point",
        "coordinates": [
          1.9801934482851715,
          41.26381383951671
        ]
      },
      "properties": {
        "date": "2025-02-05"
      }
    },
    {
      "type": "Feature",
      "geometry": {
        "type": "Point",
        "coordinates": [
          1.9803128105106798,
          41.2638148968199
        ]
      },
      "properties": {
        "date": "2025-02-05"
      }
    },
    {
      "type": "Feature",
      "geometry": {
        "type": "Point",
        "coordinates": [
          1.9804321727425485,
          41.263815953999384
        ]
      },
      "properties": {
        "date": "2025-02-05"
      }
    },
    {
      "type": "Feature",
      "geometry": {
        "type": "Point",
        "coordinates": [
          1.981983882335319,
          41.26382968607375
        ]
      },
      "properties": {
        "date": "2025-02-05"
      }
    },
    {
      "type": "Feature",
      "geometry": {
        "type": "Point",
        "coordinates": [
          1.9821032446561577,
          41.2638307415211
        ]
      },
      "properties": {
        "date": "2025-02-05"
      }
    },
    {
      "type": "Feature",
      "geometry": {
        "type": "Point",
        "coordinates": [
          1.9822226069833462,
          41.26383179684472
        ]
      },
      "properties": {
        "date": "2025-02-05"
      }
    },
    {
      "type": "Feature",
      "geometry": {
        "type": "Point",
        "coordinates": [
          1.9823419693168831,
          41.26383285204463
        ]
      },
      "properties": {
        "date": "2025-02-05"
      }
    },
    {
      "type": "Feature",
      "geometry": {
        "type": "Point",
        "coordinates": [
          1.9824613316567679,
          41.263833907120805
        ]
      },
      "properties": {
        "date": "2025-02-05"
      }
    },
    {
      "type": "Feature",
      "geometry": {
        "type": "Point",
        "coordinates": [
          1.9825806940030004,
          41.26383496207326
        ]
      },
      "properties": {
        "date": "2025-02-05"
      }
    },
    {
      "type": "Feature",
      "geometry": {
        "type": "Point",
        "coordinates": [
          1.9827000563555788,
          41.26383601690198
        ]
      },
      "properties": {
        "date": "2025-02-05"
      }
    },
    {
      "type": "Feature",
      "geometry": {
        "type": "Point",
        "coordinates": [
          1.9828194187145034,
          41.26383707160699
        ]
      },
      "properties": {
        "date": "2025-02-05"
      }
    },
    {
      "type": "Feature",
      "geometry": {
        "type": "Point",
        "coordinates": [
          1.9829387810797727,
          41.26383812618828
        ]
      },
      "properties": {
        "date": "2025-02-05"
      }
    },
    {
      "type": "Feature",
      "geometry": {
        "type": "Point",
        "coordinates": [
          1.9841324050812745,
          41.26384866519631
        ]
      },
      "properties": {
        "date": "2025-02-05"
      }
    },
    {
      "type": "Feature",
      "geometry": {
        "type": "Point",
        "coordinates": [
          1.9842517675162894,
          41.26384971841665
        ]
      },
      "properties": {
        "date": "2025-02-05"
      }
    },
    {
      "type": "Feature",
      "geometry": {
        "type": "Point",
        "coordinates": [
          1.9843711299576399,
          41.26385077151324
        ]
      },
      "properties": {
        "date": "2025-02-05"
      }
    },
    {
      "type": "Feature",
      "geometry": {
        "type": "Point",
        "coordinates": [
          1.9844904924053262,
          41.26385182448612
        ]
      },
      "properties": {
        "date": "2025-02-05"
      }
    },
    {
      "type": "Feature",
      "geometry": {
        "type": "Point",
        "coordinates": [
          1.9846098548593467,
          41.26385287733527
        ]
      },
      "properties": {
        "date": "2025-02-05"
      }
    },
    {
      "type": "Feature",
      "geometry": {
        "type": "Point",
        "coordinates": [
          1.984729217319701,
          41.263853930060705
        ]
      },
      "properties": {
        "date": "2025-02-05"
      }
    },
    {
      "type": "Feature",
      "geometry": {
        "type": "Point",
        "coordinates": [
          1.9848485797863888,
          41.2638549826624
        ]
      },
      "properties": {
        "date": "2025-02-05"
      }
    },
    {
      "type": "Feature",
      "geometry": {
        "type": "Point",
        "coordinates": [
          1.9849679422594084,
          41.263856035140385
        ]
      },
      "properties": {
        "date": "2025-02-05"
      }
    },
    {
      "type": "Feature",
      "geometry": {
        "type": "Point",
        "coordinates": [
          1.9850873047387603,
          41.263857087494635
        ]
      },
      "properties": {
        "date": "2025-02-05"
      }
    },
    {
      "type": "Feature",
      "geometry": {
        "type": "Point",
        "coordinates": [
          1.9852066672244422,
          41.263858139725166
        ]
      },
      "properties": {
        "date": "2025-02-05"
      }
    },
    {
      "type": "Feature",
      "geometry": {
        "type": "Point",
        "coordinates": [
          1.9853260297164546,
          41.26385919183198
        ]
      },
      "properties": {
        "date": "2025-02-05"
      }
    },
    {
      "type": "Feature",
      "geometry": {
        "type": "Point",
        "coordinates": [
          1.9854453922147959,
          41.26386024381506
        ]
      },
      "properties": {
        "date": "2025-02-05"
      }
    },
    {
      "type": "Feature",
      "geometry": {
        "type": "Point",
        "coordinates": [
          1.9855647547194661,
          41.26386129567442
        ]
      },
      "properties": {
        "date": "2025-02-05"
      }
    },
    {
      "type": "Feature",
      "geometry": {
        "type": "Point",
        "coordinates": [
          1.9856841172304645,
          41.26386234741006
        ]
      },
      "properties": {
        "date": "2025-02-05"
      }
    },
    {
      "type": "Feature",
      "geometry": {
        "type": "Point",
        "coordinates": [
          1.9858034797477897,
          41.263863399021965
        ]
      },
      "properties": {
        "date": "2025-02-05"
      }
    },
    {
      "type": "Feature",
      "geometry": {
        "type": "Point",
        "coordinates": [
          1.985922842271441,
          41.26386445051016
        ]
      },
      "properties": {
        "date": "2025-02-05"
      }
    },
    {
      "type": "Feature",
      "geometry": {
        "type": "Point",
        "coordinates": [
          1.9860422048014181,
          41.26386550187462
        ]
      },
      "properties": {
        "date": "2025-02-05"
      }
    },
    {
      "type": "Feature",
      "geometry": {
        "type": "Point",
        "coordinates": [
          1.9861615673377206,
          41.26386655311536
        ]
      },
      "properties": {
        "date": "2025-02-05"
      }
    },
    {
      "type": "Feature",
      "geometry": {
        "type": "Point",
        "coordinates": [
          1.9868777426883129,
          41.263872857961594
        ]
      },
      "properties": {
        "date": "2025-02-05"
      }
    },
    {
      "type": "Feature",
      "geometry": {
        "type": "Point",
        "coordinates": [
          1.9869971052688684,
          41.26387390833626
        ]
      },
      "properties": {
        "date": "2025-02-05"
      }
    },
    {
      "type": "Feature",
      "geometry": {
        "type": "Point",
        "coordinates": [
          1.9871164678557427,
          41.263874958587216
        ]
      },
      "properties": {
        "date": "2025-02-05"
      }
    },
    {
      "type": "Feature",
      "geometry": {
        "type": "Point",
        "coordinates": [
          1.9872358304489355,
          41.263876008714426
        ]
      },
      "properties": {
        "date": "2025-02-05"
      }
    },
    {
      "type": "Feature",
      "geometry": {
        "type": "Point",
        "coordinates": [
          1.987355193048445,
          41.26387705871793
        ]
      },
      "properties": {
        "date": "2025-02-05"
      }
    },
    {
      "type": "Feature",
      "geometry": {
        "type": "Point",
        "coordinates": [
          1.9874745556542712,
          41.26387810859771
        ]
      },
      "properties": {
        "date": "2025-02-05"
      }
    },
    {
      "type": "Feature",
      "geometry": {
        "type": "Point",
        "coordinates": [
          1.987593918266414,
          41.263879158353745
        ]
      },
      "properties": {
        "date": "2025-02-05"
      }
    },
    {
      "type": "Feature",
      "geometry": {
        "type": "Point",
        "coordinates": [
          1.9877132808848716,
          41.26388020798607
        ]
      },
      "properties": {
        "date": "2025-02-05"
      }
    },
    {
      "type": "Feature",
      "geometry": {
        "type": "Point",
        "coordinates": [
          1.9878326435096438,
          41.263881257494674
        ]
      },
      "properties": {
        "date": "2025-02-05"
      }
    },
    {
      "type": "Feature",
      "geometry": {
        "type": "Point",
        "coordinates": [
          1.9879520061407296,
          41.26388230687955
        ]
      },
      "properties": {
        "date": "2025-02-05"
      }
    },
    {
      "type": "Feature",
      "geometry": {
        "type": "Point",
        "coordinates": [
          1.9880713687781288,
          41.2638833561407
        ]
      },
      "properties": {
        "date": "2025-02-05"
      }
    },
    {
      "type": "Feature",
      "geometry": {
        "type": "Point",
        "coordinates": [
          1.9881907314218394,
          41.263884405278134
        ]
      },
      "properties": {
        "date": "2025-02-05"
      }
    },
    {
      "type": "Feature",
      "geometry": {
        "type": "Point",
        "coordinates": [
          1.988310094071862,
          41.26388545429183
        ]
      },
      "properties": {
        "date": "2025-02-05"
      }
    },
    {
      "type": "Feature",
      "geometry": {
        "type": "Point",
        "coordinates": [
          1.9884294567281955,
          41.26388650318181
        ]
      },
      "properties": {
        "date": "2025-02-05"
      }
    },
    {
      "type": "Feature",
      "geometry": {
        "type": "Point",
        "coordinates": [
          1.9885488193908387,
          41.26388755194806
        ]
      },
      "properties": {
        "date": "2025-02-05"
      }
    },
    {
      "type": "Feature",
      "geometry": {
        "type": "Point",
        "coordinates": [
          1.9886681820597913,
          41.26388860059058
        ]
      },
      "properties": {
        "date": "2025-02-05"
      }
    },
    {
      "type": "Feature",
      "geometry": {
        "type": "Point",
        "coordinates": [
          1.9887875447350518,
          41.2638896491094
        ]
      },
      "properties": {
        "date": "2025-02-05"
      }
    },
    {
      "type": "Feature",
      "geometry": {
        "type": "Point",
        "coordinates": [
          1.9889069074166208,
          41.26389069750448
        ]
      },
      "properties": {
        "date": "2025-02-05"
      }
    },
    {
      "type": "Feature",
      "geometry": {
        "type": "Point",
        "coordinates": [
          1.989026270104497,
          41.26389174577583
        ]
      },
      "properties": {
        "date": "2025-02-05"
      }
    },
    {
      "type": "Feature",
      "geometry": {
        "type": "Point",
        "coordinates": [
          1.9891456327986785,
          41.26389279392346
        ]
      },
      "properties": {
        "date": "2025-02-05"
      }
    },
    {
      "type": "Feature",
      "geometry": {
        "type": "Point",
        "coordinates": [
          1.9892649954991664,
          41.26389384194737
        ]
      },
      "properties": {
        "date": "2025-02-05"
      }
    },
    {
      "type": "Feature",
      "geometry": {
        "type": "Point",
        "coordinates": [
          1.989384358205959,
          41.263894889847556
        ]
      },
      "properties": {
        "date": "2025-02-05"
      }
    },
    {
      "type": "Feature",
      "geometry": {
        "type": "Point",
        "coordinates": [
          1.9895037209190551,
          41.26389593762401
        ]
      },
      "properties": {
        "date": "2025-02-05"
      }
    },
    {
      "type": "Feature",
      "geometry": {
        "type": "Point",
        "coordinates": [
          1.989742446364157,
          41.26389803280575
        ]
      },
      "properties": {
        "date": "2025-02-05"
      }
    },
    {
      "type": "Feature",
      "geometry": {
        "type": "Point",
        "coordinates": [
          1.9898618090961613,
          41.26389908021103
        ]
      },
      "properties": {
        "date": "2025-02-05"
      }
    },
    {
      "type": "Feature",
      "geometry": {
        "type": "Point",
        "coordinates": [
          1.9899811718344669,
          41.26390012749258
        ]
      },
      "properties": {
        "date": "2025-02-05"
      }
    },
    {
      "type": "Feature",
      "geometry": {
        "type": "Point",
        "coordinates": [
          1.990100534579072,
          41.26390117465042
        ]
      },
      "properties": {
        "date": "2025-02-05"
      }
    },
    {
      "type": "Feature",
      "geometry": {
        "type": "Point",
        "coordinates": [
          1.990219897329977,
          41.26390222168453
        ]
      },
      "properties": {
        "date": "2025-02-05"
      }
    },
    {
      "type": "Feature",
      "geometry": {
        "type": "Point",
        "coordinates": [
          1.9903392600871812,
          41.26390326859492
        ]
      },
      "properties": {
        "date": "2025-02-05"
      }
    },
    {
      "type": "Feature",
      "geometry": {
        "type": "Point",
        "coordinates": [
          1.9904586228506829,
          41.263904315381566
        ]
      },
      "properties": {
        "date": "2025-02-05"
      }
    },
    {
      "type": "Feature",
      "geometry": {
        "type": "Point",
        "coordinates": [
          1.9905779856204826,
          41.26390536204451
        ]
      },
      "properties": {
        "date": "2025-02-05"
      }
    },
    {
      "type": "Feature",
      "geometry": {
        "type": "Point",
        "coordinates": [
          1.9906973483965784,
          41.263906408583715
        ]
      },
      "properties": {
        "date": "2025-02-05"
      }
    },
    {
      "type": "Feature",
      "geometry": {
        "type": "Point",
        "coordinates": [
          1.99081671117897,
          41.2639074549992
        ]
      },
      "properties": {
        "date": "2025-02-05"
      }
    },
    {
      "type": "Feature",
      "geometry": {
        "type": "Point",
        "coordinates": [
          1.990936073967657,
          41.26390850129097
        ]
      },
      "properties": {
        "date": "2025-02-05"
      }
    },
    {
      "type": "Feature",
      "geometry": {
        "type": "Point",
        "coordinates": [
          1.9910554367626383,
          41.263909547458994
        ]
      },
      "properties": {
        "date": "2025-02-05"
      }
    },
    {
      "type": "Feature",
      "geometry": {
        "type": "Point",
        "coordinates": [
          1.991174799563913,
          41.263910593503304
        ]
      },
      "properties": {
        "date": "2025-02-05"
      }
    },
    {
      "type": "Feature",
      "geometry": {
        "type": "Point",
        "coordinates": [
          1.991294162371481,
          41.26391163942389
        ]
      },
      "properties": {
        "date": "2025-02-05"
      }
    },
    {
      "type": "Feature",
      "geometry": {
        "type": "Point",
        "coordinates": [
          1.9914135251853409,
          41.263912685220745
        ]
      },
      "properties": {
        "date": "2025-02-05"
      }
    },
    {
      "type": "Feature",
      "geometry": {
        "type": "Point",
        "coordinates": [
          1.9915328880054923,
          41.26391373089389
        ]
      },
      "properties": {
        "date": "2025-02-05"
      }
    },
    {
      "type": "Feature",
      "geometry": {
        "type": "Point",
        "coordinates": [
          1.991652250831935,
          41.26391477644329
        ]
      },
      "properties": {
        "date": "2025-02-05"
      }
    },
    {
      "type": "Feature",
      "geometry": {
        "type": "Point",
        "coordinates": [
          1.9917716136646662,
          41.26391582186898
        ]
      },
      "properties": {
        "date": "2025-02-05"
      }
    },
    {
      "type": "Feature",
      "geometry": {
        "type": "Point",
        "coordinates": [
          1.9918909765036874,
          41.263916867170934
        ]
      },
      "properties": {
        "date": "2025-02-05"
      }
    },
    {
      "type": "Feature",
      "geometry": {
        "type": "Point",
        "coordinates": [
          1.9920103393489967,
          41.26391791234918
        ]
      },
      "properties": {
        "date": "2025-02-05"
      }
    },
    {
      "type": "Feature",
      "geometry": {
        "type": "Point",
        "coordinates": [
          1.9921297022005942,
          41.26391895740369
        ]
      },
      "properties": {
        "date": "2025-02-05"
      }
    },
    {
      "type": "Feature",
      "geometry": {
        "type": "Point",
        "coordinates": [
          1.992249065058478,
          41.26392000233448
        ]
      },
      "properties": {
        "date": "2025-02-05"
      }
    },
    {
      "type": "Feature",
      "geometry": {
        "type": "Point",
        "coordinates": [
          1.9923684279226486,
          41.26392104714153
        ]
      },
      "properties": {
        "date": "2025-02-05"
      }
    },
    {
      "type": "Feature",
      "geometry": {
        "type": "Point",
        "coordinates": [
          1.9924877907931042,
          41.26392209182487
        ]
      },
      "properties": {
        "date": "2025-02-05"
      }
    },
    {
      "type": "Feature",
      "geometry": {
        "type": "Point",
        "coordinates": [
          1.992607153669845,
          41.26392313638448
        ]
      },
      "properties": {
        "date": "2025-02-05"
      }
    },
    {
      "type": "Feature",
      "geometry": {
        "type": "Point",
        "coordinates": [
          1.9927265165528687,
          41.26392418082037
        ]
      },
      "properties": {
        "date": "2025-02-05"
      }
    },
    {
      "type": "Feature",
      "geometry": {
        "type": "Point",
        "coordinates": [
          1.9928458794421766,
          41.26392522513252
        ]
      },
      "properties": {
        "date": "2025-02-05"
      }
    },
    {
      "type": "Feature",
      "geometry": {
        "type": "Point",
        "coordinates": [
          1.9929652423377668,
          41.263926269320955
        ]
      },
      "properties": {
        "date": "2025-02-05"
      }
    },
    {
      "type": "Feature",
      "geometry": {
        "type": "Point",
        "coordinates": [
          1.9930846052396387,
          41.263927313385665
        ]
      },
      "properties": {
        "date": "2025-02-05"
      }
    },
    {
      "type": "Feature",
      "geometry": {
        "type": "Point",
        "coordinates": [
          1.993203968147791,
          41.26392835732665
        ]
      },
      "properties": {
        "date": "2025-02-05"
      }
    },
    {
      "type": "Feature",
      "geometry": {
        "type": "Point",
        "coordinates": [
          1.9933233310622243,
          41.263929401143905
        ]
      },
      "properties": {
        "date": "2025-02-05"
      }
    },
    {
      "type": "Feature",
      "geometry": {
        "type": "Point",
        "coordinates": [
          1.9934426939829368,
          41.26393044483744
        ]
      },
      "properties": {
        "date": "2025-02-05"
      }
    },
    {
      "type": "Feature",
      "geometry": {
        "type": "Point",
        "coordinates": [
          1.9935620569099282,
          41.26393148840725
        ]
      },
      "properties": {
        "date": "2025-02-05"
      }
    },
    {
      "type": "Feature",
      "geometry": {
        "type": "Point",
        "coordinates": [
          1.9936814198431974,
          41.26393253185333
        ]
      },
      "properties": {
        "date": "2025-02-05"
      }
    },
    {
      "type": "Feature",
      "geometry": {
        "type": "Point",
        "coordinates": [
          1.9938007827827435,
          41.26393357517569
        ]
      },
      "properties": {
        "date": "2025-02-05"
      }
    },
    {
      "type": "Feature",
      "geometry": {
        "type": "Point",
        "coordinates": [
          1.9939201457285671,
          41.26393461837432
        ]
      },
      "properties": {
        "date": "2025-02-05"
      }
    },
    {
      "type": "Feature",
      "geometry": {
        "type": "Point",
        "coordinates": [
          1.9940395086806653,
          41.26393566144923
        ]
      },
      "properties": {
        "date": "2025-02-05"
      }
    },
    {
      "type": "Feature",
      "geometry": {
        "type": "Point",
        "coordinates": [
          1.9941588716390397,
          41.2639367044004
        ]
      },
      "properties": {
        "date": "2025-02-05"
      }
    },
    {
      "type": "Feature",
      "geometry": {
        "type": "Point",
        "coordinates": [
          1.9942782346036874,
          41.263937747227864
        ]
      },
      "properties": {
        "date": "2025-02-05"
      }
    },
    {
      "type": "Feature",
      "geometry": {
        "type": "Point",
        "coordinates": [
          1.9943975975746093,
          41.26393878993159
        ]
      },
      "properties": {
        "date": "2025-02-05"
      }
    },
    {
      "type": "Feature",
      "geometry": {
        "type": "Point",
        "coordinates": [
          1.9945169605518034,
          41.2639398325116
        ]
      },
      "properties": {
        "date": "2025-02-05"
      }
    },
    {
      "type": "Feature",
      "geometry": {
        "type": "Point",
        "coordinates": [
          1.9946363235352695,
          41.26394087496787
        ]
      },
      "properties": {
        "date": "2025-02-05"
      }
    },
    {
      "type": "Feature",
      "geometry": {
        "type": "Point",
        "coordinates": [
          1.9947556865250078,
          41.26394191730043
        ]
      },
      "properties": {
        "date": "2025-02-05"
      }
    },
    {
      "type": "Feature",
      "geometry": {
        "type": "Point",
        "coordinates": [
          1.9948750495210164,
          41.26394295950926
        ]
      },
      "properties": {
        "date": "2025-02-05"
      }
    },
    {
      "type": "Feature",
      "geometry": {
        "type": "Point",
        "coordinates": [
          1.9949944125232943,
          41.26394400159437
        ]
      },
      "properties": {
        "date": "2025-02-05"
      }
    },
    {
      "type": "Feature",
      "geometry": {
        "type": "Point",
        "coordinates": [
          1.995113775531841,
          41.26394504355575
        ]
      },
      "properties": {
        "date": "2025-02-05"
      }
    },
    {
      "type": "Feature",
      "geometry": {
        "type": "Polygon",
        "coordinates": [
          [
            [
              1.9462356856159317,
              41.264465013042155
            ],
            [
              1.9462356856159317,
              41.26341613943984
            ],
            [
              2.0028501773516894,
              41.26341613943984
            ],
            [
              2.0028501773516894,
              41.264465013042155
            ],
            [
              1.9462356856159317,
              41.264465013042155
            ]
          ]
        ]
      },
      "properties": {
        "name": "AOI"
      }
    }
  ]
}