41.26432021774319,1.9464011671005583,2025-01-09
41.26432131009025,1.9465205289716032,2025-01-09
41.2643224023136,1.9466398908492204,2025-01-09
41.26432349441322,1.9467592527334074,2025-01-09
41.26432458638913,1.9468786146241646,2025-01-09
41.2643256782413,1.9469979765214906,2025-01-09
41.26432676996977,1.9471173384253855,2025-01-09
41.2643278615745,1.9472367003358477,2025-01-09
41.26432895305552,1.9473560622528772,2025-01-09
41.26433004441281,1.9474754241764731,2025-01-09
41.264331135646394,1.9475947861066343,2025-01-09
41.26433222675624,1.94771414804336,2025-01-09
41.26433331774236,1.94783350998665,2025-01-09
41.264334408604775,1.947952871936503,2025-01-09
41.26433549934347,1.9480722338929184,2025-01-09
41.26433658995843,1.9481915958558955,2025-01-09
41.264337680449664,1.9483109578254338,2025-01-09
41.2643387708172,1.9484303198015325,2025-01-09
41.264339861061,1.9485496817841905,2025-01-09
41.264340951181076,1.9486690437734069,2025-01-09
41.264342041177436,1.9487884057691824,2025-01-09
41.26434313105007,1.9489077677715148,2025-01-09
41.26434422079898,1.9490271297804032,2025-01-09
41.26434531042418,1.9491464917958476,2025-01-09
41.26434639992565,1.9492658538178471,2025-01-09
41.2643474893034,1.9493852158464011,2025-01-09
41.264348578557424,1.9495045778815085,2025-01-09
41.26434966768773,1.9496239399231687,2025-01-09
41.26435075669431,1.9497433019713808,2025-01-09
41.26435184557718,1.949862664026145,2025-01-09
41.264352934336316,1.949982026087459,2025-01-09
41.26435402297174,1.9501013881553233,2025-01-09
41.26435511148343,1.9502207502297364,2025-01-09
41.26435619987141,1.9503401123106983,2025-01-09
41.264357288135656,1.9504594743982073,2025-01-09
41.26435837627619,1.9505788364922627,2025-01-09
41.264359464293,1.9506981985928653,2025-01-09
41.26436055218609,1.9508175607000127,2025-01-09
41.26436163995545,1.950936922813705,2025-01-09
41.264362727601096,1.951056284933941,2025-01-09
41.26436381512302,1.9511756470607204,2025-01-09
41.26436490252122,1.9512950091940422,2025-01-09
41.26436598979569,1.9514143713339056,2025-01-09
41.26436707694645,1.9515337334803098,2025-01-09
41.26436816397347,1.951653095633254,2025-01-09
41.26436925087679,1.9517724577927382,2025-01-09
41.26437033765637,1.951891819958761,2025-01-09
41.264371424312245,1.952011182131321,2025-01-09
41.26437251084439,1.952130544310419,2025-01-09
41.26437359725281,1.952249906496053,2025-01-09
41.264374683537504,1.952369268688223,2025-01-09
41.264230154760114,1.94640261488377,2025-01-09
41.26423124710374,1.9465219765908701,2025-01-09
41.26423233932365,1.946641338304542,2025-01-09
41.264233431419825,1.946760700024784,2025-01-09
41.2642345233923,1.946880061751596,2025-01-09
41.26423561524103,1.9469994234849772,2025-01-09
41.264236706966045,1.9471187852249268,2025-01-09
41.26423779856735,1.9472381469714442,2025-01-09
41.26423889004493,1.9473575087245287,2025-01-09
41.26423998139878,1.947476870484179,2025-01-09
41.26424107262893,1.9475962322503948,2025-01-09
41.26424216373533,1.9477155940231752,2025-01-09
41.264243254718025,1.9478349558025196,2025-01-09
41.264244345577005,1.9479543175884273,2025-01-09
41.26424543631225,1.9480736793808975,2025-01-09
41.26424652692378,1.9481930411799293,2025-01-09
41.26424761741159,1.948312402985522,2025-01-09
41.264248707775685,1.9484317647976754,2025-01-09
41.26424979801604,1.9485511266163877,2025-01-09
41.26425088813269,1.948670488441659,2025-01-09
41.26425197812562,1.9487898502734884,2025-01-09
41.264253067994815,1.948909212111875,2025-01-09
41.264254157740304,1.949028573956818,2025-01-09
41.26425524736206,1.949147935808317,2025-01-09
41.2642563368601,1.9492672976663705,2025-01-09
41.26425742623442,1.9493866595309788,2025-01-09
41.26425851548502,1.9495060214021405,2025-01-09
41.264259604611894,1.9496253832798545,2025-01-09
41.26426069361505,1.949744745164121,2025-01-09
41.26426178249448,1.949864107054939,2025-01-09
41.26426287125019,1.9499834689523072,2025-01-09
41.26426395988218,1.9501028308562256,2025-01-09
41.26426504839044,1.9502221927666927,2025-01-09
41.26426613677499,1.9503415546837084,2025-01-09
41.26426722503582,1.9504609166072715,2025-01-09
41.26426831317292,1.9505802785373814,2025-01-09
41.264269401186304,1.9506996404740373,2025-01-09
41.26427048907597,1.9508190024172383,2025-01-09
41.2642715768419,1.9509383643669849,2025-01-09
41.264272664484125,1.9510577263232747,2025-01-09
41.26427375200262,1.9511770882861075,2025-01-09
41.26427483939739,1.9512964502554828,2025-01-09
41.26427592666844,1.9514158122313996,2025-01-09
41.26427701381577,1.9515351742138578,2025-01-09
41.264278100839384,1.951654536202856,2025-01-09
41.26427918773926,1.9517738981983932,2025-01-09
41.26428027451543,1.9518932602004695,2025-01-09
41.264281361167875,1.9520126222090832,2025-01-09
41.264282447696594,1.9521319842242344,2025-01-09
41.264283534101594,1.952251346245922,2025-01-09
41.26428462038288,1.9523707082741453,2025-01-09
41.264285706540434,1.9524900703089032,2025-01-09
41.26428679257427,1.9526094323501957,2025-01-09
41.26428787848438,1.9527287943980218,2025-01-09
41.26428896427077,1.9528481564523803,2025-01-09
41.26429004993343,1.9529675185132709,2025-01-09
41.264291135472384,1.9530868805806925,2025-01-09
41.26429222088761,1.9532062426546444,2025-01-09
41.26429330617912,1.953325604735126,2025-01-09
41.264294391346894,1.9534449668221372,2025-01-09
41.26429547639095,1.9535643289156766,2025-01-09
41.26429656131128,1.953683691015743,2025-01-09
41.2642976461079,1.9538030531223365,2025-01-09
41.264298730780794,1.9539224152354557,2025-01-09
41.26429981532996,1.9540417773551004,2025-01-09
41.26430089975541,1.9541611394812695,2025-01-09
41.26430198405715,1.9542805016139624,2025-01-09
41.26430306823514,1.9543998637531783,2025-01-09
41.26430415228943,1.9545192258989166,2025-01-09
41.26430523621999,1.9546385880511763,2025-01-09
41.264306320026826,1.9547579502099568,2025-01-09
41.26430740370994,1.9548773123752579,2025-01-09
41.26430848726933,1.9549966745470775,2025-01-09
41.264309570704995,1.955116036725416,2025-01-09
41.264310654016946,1.9552353989102722,2025-01-09
41.26431173720518,1.955354761101646,2025-01-09
41.26431282026969,1.9554741232995356,2025-01-09
41.26431390321046,1.955593485503941,2025-01-09
41.26431498602752,1.9557128477148615,2025-01-09
41.26431606872086,1.9558322099322953,2025-01-09
41.264317151290484,1.9559515721562435,2025-01-09
41.26431823373637,1.9560709343867033,2025-01-09
41.26431931605854,1.9561902966236755,2025-01-09
41.264320398256984,1.956309658867159,2025-01-09
41.2643214803317,1.9564290211171524,2025-01-09
41.26432256228271,1.9565483833736559,2025-01-09
41.26432364410999,1.9566677456366681,2025-01-09
41.264324725813545,1.9567871079061883,2025-01-09
41.264325807393384,1.956906470182216,2025-01-09
41.26432688884949,1.9570258324647507,2025-01-09
41.26432797018188,1.9571451947537912,2025-01-09
41.26432905139055,1.9572645570493363,2025-01-09
41.26433013247549,1.9573839193513867,2025-01-09
41.26433121343672,1.9575032816599403,2025-01-09
41.264332294274205,1.9576226439749966,2025-01-09
41.264333374987984,1.9577420062965554,2025-01-09
41.26433445557804,1.9578613686246162,2025-01-09
41.26433553604437,1.9579807309591768,2025-01-09
41.26433661638698,1.9581000933002377,2025-01-09
41.26433769660586,1.958219455647798,2025-01-09
41.264338776701024,1.9583388180018564,2025-01-09
41.264339856672464,1.9584581803624128,2025-01-09
41.264340936520185,1.9585775427294665,2025-01-09
41.26434201624417,1.9586969051030163,2025-01-09
41.264343095844445,1.9588162674830611,2025-01-09
41.26434417532099,1.9589356298696012,2025-01-09
41.26434525467382,1.9590549922626348,2025-01-09
41.26434633390293,1.9591743546621618,2025-01-09
41.2643474130083,1.959293717068182,2025-01-09
41.26434849198996,1.9594130794806937,2025-01-09
41.26434957084789,1.959532441899696,2025-01-09
41.2643506495821,1.9596518043251892,2025-01-09
41.264351728192594,1.9597711667571713,2025-01-09
41.264352806679355,1.9598905291956426,2025-01-09
41.2643538850424,1.9600098916406015,2025-01-09
41.26435496328171,1.9601292540920487,2025-01-09
41.264356041397306,1.9602486165499815,2025-01-09
41.264357119389174,1.9603679790144006,2025-01-09
41.26435819725733,1.9604873414853048,2025-01-09
41.26435927500175,1.960606703962693,2025-01-09
41.26436035262245,1.960726066446565,2025-01-09
41.26436143011943,1.9608454289369202,2025-01-09
41.26436250749269,1.9609647914337571,2025-01-09
41.26436358474221,1.9610841539370756,2025-01-09
41.26436466186802,1.9612035164468749,2025-01-09
41.26436573887012,1.9613228789631536,2025-01-09
41.264366815748474,1.9614422414859116,2025-01-09
41.26436789250312,1.961561604015148,2025-01-09
41.26436896913403,1.9616809665508625,2025-01-09
41.26437004564122,1.9618003290930532,2025-01-09
41.26437112202469,1.9619196916417205,2025-01-09
41.264372198284434,1.9620390541968629,2025-01-09
41.264373274420464,1.9621584167584802,2025-01-09
41.26437435043276,1.9622777793265718,2025-01-09
41.26437542632134,1.962397141901136,2025-01-09
41.264376502086186,1.9625165044821724,2025-01-09
41.264140091775594,1.9464040626604096,2025-01-09
41.26414118411578,1.9465234242035652,2025-01-09
41.264142276332244,1.9466427857532924,2025-01-09
41.26414336842498,1.9467621473095909,2025-01-09
41.26414446039401,1.9468815088724587,2025-01-09
41.264145552239306,1.947000870441895,2025-01-09
41.26414664396089,1.9471202320179002,2025-01-09
41.26414773555875,1.9472395936004732,2025-01-09
41.26414882703289,1.947358955189613,2025-01-09
41.26414991838331,1.947478316785319,2025-01-09
41.26415100961,1.9475976783875903,2025-01-09
41.264152100712984,1.9477170399964268,2025-01-09
41.26415319169224,1.9478364016118261,2025-01-09
41.264154282547786,1.9479557632337894,2025-01-09
41.2641553732796,1.9480751248623152,2025-01-09
41.264156463887694,1.9481944864974021,2025-01-09
41.26415755437207,1.9483138481390498,2025-01-09
41.264158644732724,1.9484332097872583,2025-01-09
41.26415973496966,1.9485525714420264,2025-01-09
41.26416082508287,1.9486719331033526,2025-01-09
41.264161915072364,1.9487912947712371,2025-01-09
41.264163004938126,1.9489106564456784,2025-01-09
41.264164094680176,1.9490300181266769,2025-01-09
41.26416518429851,1.9491493798142308,2025-01-09
41.264166273793116,1.9492687415083398,2025-01-09
41.264167363164,1.9493881032090028,2025-01-09
41.26416845241116,1.9495074649162192,2025-01-09
41.26416954153461,1.9496268266299885,2025-01-09
41.26417063053433,1.94974618835031,2025-01-09
41.26417171941034,1.9498655500771827,2025-01-09
41.26417280816262,1.9499849118106058,2025-01-09
41.264173896791185,1.9501042735505785,2025-01-09
41.26417498529602,1.9502236352971005,2025-01-09
41.264176073677135,1.950342997050171,2025-01-09
41.26417716193455,1.9504623588097885,2025-01-09
41.2641782500682,1.9505817205759535,2025-01-09
41.264179338078165,1.950701082348664,2025-01-09
41.2641804259644,1.95082044412792,2025-01-09
41.26418151372691,1.9509398059137204,2025-01-09
41.2641826013657,1.951059167706065,2025-01-09
41.26418368888077,1.951178529504952,2025-01-09
41.26418477627212,1.9512978913103818,2025-01-09
41.26418586353975,1.951417253122353,2025-01-09
41.26418695068366,1.9515366149408655,2025-01-09
41.26418803770384,1.9516559767659178,2025-01-09
41.26418912460031,1.95177533859751,2025-01-09
41.26419021137305,1.9518947004356397,2025-01-09
41.26419129802207,1.9520140622803082,2025-01-09
41.264192384547364,1.9521334241315136,2025-01-09
41.26419347094894,1.9522527859892553,2025-01-09
41.2641945572268,1.9523721478535325,2025-01-09
41.26419564338094,1.9524915097243447,2025-01-09
41.264196729411346,1.9526108716016914,2025-01-09
41.26419781531804,1.9527302334855712,2025-01-09
41.264198901101004,1.9528495953759837,2025-01-09
41.26419998676026,1.952968957272928,2025-01-09
41.26420107229579,1.953088319176404,2025-01-09
41.264202157707594,1.9532076810864099,2025-01-09
41.26420324299568,1.9533270430029455,2025-01-09
41.26420432816004,1.9534464049260103,2025-01-09
41.26420541320068,1.9535657668556032,2025-01-09
41.2642064981176,1.9536851287917234,2025-01-09
41.2642075829108,1.9538044907343706,2025-01-09
41.26420866758028,1.9539238526835432,2025-01-09
41.26420975212603,1.9540432146392421,2025-01-09
41.26421083654807,1.9541625766014645,2025-01-09
41.26421192084637,1.9542819385702108,2025-01-09
41.264213005020956,1.9544013005454806,2025-01-09
41.264214089071835,1.9545206625272726,2025-01-09
41.26421517299898,1.9546400245155857,2025-01-09
41.264216256802406,1.9547593865104194,2025-01-09
41.264217340482105,1.954878748511774,2025-01-09
41.264218424038084,1.9549981105196468,2025-01-09
41.26421950747035,1.9551174725340388,2025-01-09
41.26422059077888,1.9552368345549487,2025-01-09
41.26422167396369,1.9553561965823756,2025-01-09
41.26422275702478,1.9554755586163184,2025-01-09
41.264223839962156,1.9555949206567766,2025-01-09
41.2642249227758,1.9557142827037504,2025-01-09
41.26422600546572,1.955833644757238,2025-01-09
41.26422708803194,1.9559530068172384,2025-01-09
41.26422817047442,1.9560723688837518,2025-01-09
41.26422925279318,1.9561917309567773,2025-01-09
41.26423033498822,1.9563110930363135,2025-01-09
41.26423141705954,1.95643045512236,2025-01-09
41.264232499007115,1.956549817214916,2025-01-09
41.26423358083099,1.9566691793139814,2025-01-09
41.264234662531145,1.9567885414195547,2025-01-09
41.26423574410758,1.9569079035316352,2025-01-09
41.26423682556028,1.9570272656502226,2025-01-09
41.264237906889264,1.957146627775316,2025-01-09
41.26423898809453,1.9572659899069138,2025-01-09
41.26424006917607,1.9573853520450168,2025-01-09
41.26424115013388,1.9575047141896227,2025-01-09
41.26424223096798,1.9576240763407322,2025-01-09
41.26424331167834,1.9577434384983439,2025-01-09
41.26424439226499,1.9578628006624565,2025-01-09
41.26424547272792,1.95798216283307,2025-01-09
41.26424655306714,1.9581015250101832,2025-01-09
41.264247633282615,1.9582208871937958,2025-01-09
41.26424871337438,1.9583402493839068,2025-01-09
41.26424979334241,1.9584596115805162,2025-01-09
41.264250873186725,1.9585789737836217,2025-01-09
41.26425195290731,1.9586983359932235,2025-01-09
41.26425303250418,1.9588176982093206,2025-01-09
41.26425411197734,1.9589370604319134,2025-01-09
41.26425519132676,1.9590564226609994,2025-01-09
41.264256270552465,1.9591757848965787,2025-01-09
41.26425734965444,1.9592951471386504,2025-01-09
41.2642584286327,1.959414509387214,2025-01-09
41.26425950748724,1.9595338716422692,2025-01-09
41.26426058621804,1.9596532339038133,2025-01-09
41.264261664825135,1.9597725961718484,2025-01-09
41.26426274330849,1.9598919584463717,2025-01-09
41.26426382166815,1.9600113207273824,2025-01-09
41.26426489990406,1.9601306830148812,2025-01-09
41.26426597801627,1.9602500453088663,2025-01-09
41.26426705600475,1.960369407609337,2025-01-09
41.2642681338695,1.9604887699162932,2025-01-09
41.264269211610525,1.9606081322297333,2025-01-09
41.26427028922783,1.9607274945496571,2025-01-09
41.264271366721424,1.960846856876064,2025-01-09
41.26427244409129,1.9609662192089523,2025-01-09
41.26427352133742,1.9610855815483228,2025-01-09
41.264274598459835,1.9612049438941732,2025-01-09
41.264275675458535,1.961324306246504,2025-01-09
41.26427675233351,1.9614436686053136,2025-01-09
41.26427782908475,1.9615630309706011,2025-01-09
41.26427890571228,1.9616823933423666,2025-01-09
41.264279982216074,1.9618017557206096,2025-01-09
41.264281058596154,1.9619211181053278,2025-01-09
41.264282134852515,1.962040480496522,2025-01-09
41.26428321098515,1.9621598428941907,2025-01-09
41.264284286994055,1.9622792052983336,2025-01-09
41.26428536287924,1.9623985677089486,2025-01-09
41.26428643864071,1.9625179301260371,2025-01-09
41.26428751427845,1.962637292549597,2025-01-09
41.264288589792464,1.9627566549796274,2025-01-09
41.26428966518276,1.9628760174161284,2025-01-09
41.26429074044933,1.9629953798590987,2025-01-09
41.26429181559218,1.9631147423085378,2025-01-09
41.26429289061131,1.9632341047644444,2025-01-09
41.26429396550671,1.9633534672268185,2025-01-09
41.264295040278384,1.9634728296956594,2025-01-09
41.26429611492634,1.9635921921709656,2025-01-09
41.264297189450566,1.9637115546527368,2025-01-09
41.26429826385108,1.963830917140972,2025-01-09
41.26429933812786,1.9639502796356716,2025-01-09
41.26430041228093,1.9640696421368333,2025-01-09
41.264301486310266,1.964189004644457,2025-01-09
41.26430256021589,1.9643083671585413,2025-01-09
41.26430363399778,1.9644277296790869,2025-01-09
41.26430470765594,1.9645470922060921,2025-01-09
41.26430578119038,1.9646664547395567,2025-01-09
41.26430685460111,1.9647858172794792,2025-01-09
41.26430792788811,1.964905179825859,2025-01-09
41.26430900105138,1.9650245423786958,2025-01-09
41.26431007409093,1.9651439049379893,2025-01-09
41.264311147006765,1.9652632675037374,2025-01-09
41.26431221979887,1.9653826300759403,2025-01-09
41.26431329246724,1.9655019926545965,2025-01-09
41.2643143650119,1.9656213552397062,2025-01-09
41.264315437432835,1.9657407178312678,2025-01-09
41.264316509730044,1.9658600804292814,2025-01-09
41.264317581903526,1.9659794430337458,2025-01-09
41.264318653953296,1.9660988056446602,2025-01-09
41.26431972587933,1.9662181682620241,2025-01-09
41.26432079768165,1.9663375308858364,2025-01-09
41.26432186936024,1.9664568935160969,2025-01-09
41.264322940915115,1.9665762561528042,2025-01-09
41.26432401234625,1.9666956187959581,2025-01-09
41.26432508365367,1.9668149814455573,2025-01-09
41.26432615483737,1.9669343441016018,2025-01-09
41.26432722589735,1.9670537067640899,2025-01-09
41.26432829683359,1.9671730694330218,2025-01-09
41.26432936764611,1.9672924321083964,2025-01-09
41.264330438334916,1.9674117947902123,2025-01-09
41.26433150889999,1.9675311574784702,2025-01-09
41.26433257934134,1.9676505201731682,2025-01-09
41.26433364965897,1.967769882874306,2025-01-09
41.26433471985288,1.9678892455818826,2025-01-09
41.26433578992307,1.9680086082958972,2025-01-09
41.26433685986953,1.9681279710163495,2025-01-09
41.26433792969225,1.9682473337432382,2025-01-09
41.26433899939126,1.968366696476563,2025-01-09
41.264340068966554,1.9684860592163234,2025-01-09
41.26434113841811,1.9686054219625173,2025-01-09
41.26434220774595,1.9687247847151461,2025-01-09
41.26434327695006,1.9688441474742069,2025-01-09
41.26434434603045,1.968963510239701,2025-01-09
41.26434541498711,1.9690828730116257,2025-01-09
41.26434648382005,1.9692022357899814,2025-01-09
41.26434755252928,1.969321598574767,2025-01-09
41.26434862111476,1.969440961365982,2025-01-09
41.26434968957653,1.9695603241636255,2025-01-09
41.264350757914585,1.969679686967697,2025-01-09
41.264351826128895,1.9697990497781952,2025-01-09
41.26435289421949,1.9699184125951192,2025-01-09
41.26435396218636,1.9700377754184695,2025-01-09
41.264355030029506,1.9701571382482446,2025-01-09
41.26435609774893,1.9702765010844434,2025-01-09
41.264357165344634,1.9703958639270658,2025-01-09
41.264358232816605,1.9705152267761106,2025-01-09
41.26435930016486,1.9706345896315773,2025-01-09
41.264360367389386,1.9707539524934647,2025-01-09
41.26436143449018,1.970873315361773,2025-01-09
41.26436250146725,1.970992678236501,2025-01-09
41.26436356832061,1.9711120411176477,2025-01-09
41.26436463505024,1.9712314040052121,2025-01-09
41.26436570165613,1.971350766899194,2025-01-09
41.264366768138316,1.9714701297995925,2025-01-09
41.26436783449677,1.9715894927064068,2025-01-09
41.264368900731505,1.9717088556196365,2025-01-09
41.26436996684251,1.9718282185392804,2025-01-09
41.26437103282978,1.971947581465338,2025-01-09
41.264372098693336,1.972066944397809,2025-01-09
41.26437316443317,1.9721863073366914,2025-01-09
41.26437423004928,1.9723056702819852,2025-01-09
41.264375295541655,1.9724250332336901,2025-01-09
41.26437636091031,1.9725443961918048,2025-01-09
41.26405002878961,1.9464055104304767,2025-01-09
41.26405112112636,1.946524871809689,2025-01-09
41.26405221333939,1.9466442331954728,2025-01-09
41.26405330542868,1.946763594587827,2025-01-09
41.26405439739427,1.9468829559867515,2025-01-09
41.264055489236135,1.9470023173922448,2025-01-09
41.26405658095427,1.9471216788043066,2025-01-09
41.264057672548695,1.9472410402229354,2025-01-09
41.264058764019396,1.9473604016481318,2025-01-09
41.26405985536638,1.947479763079894,2025-01-09
41.264060946589645,1.9475991245182216,2025-01-09
41.26406203768919,1.9477184859631134,2025-01-09
41.264063128665015,1.9478378474145697,2025-01-09
41.2640642195171,1.947957208872589,2025-01-09
41.26406531024548,1.9480765703371703,2025-01-09
41.264066400850155,1.9481959318083142,2025-01-09
41.26406749133108,1.948315293286018,2025-01-09
41.26406858168831,1.9484346547702822,2025-01-09
41.264069671921796,1.9485540162611061,2025-01-09
41.26407076203158,1.9486733777584884,2025-01-09
41.26407185201764,1.9487927392624285,2025-01-09
41.264072941879974,1.948912100772926,2025-01-09
41.26407403161859,1.9490314622899803,2025-01-09
41.26407512123349,1.9491508238135897,2025-01-09
41.26407621072467,1.9492701853437544,2025-01-09
41.264077300092126,1.9493895468804732,2025-01-09
41.264078389335864,1.9495089084237451,2025-01-09
41.264079478455876,1.94962826997357,2025-01-09
41.26408056745217,1.9497476315299471,2025-01-09
41.264081656324734,1.9498669930928758,2025-01-09
41.264082745073594,1.9499863546623544,2025-01-09
41.26408383369873,1.9501057162383828,2025-01-09
41.264084922200134,1.9502250778209598,2025-01-09
41.26408601057783,1.950344439410086,2025-01-09
41.264087098831794,1.9504638010057591,2025-01-09
41.26408818696205,1.9505831626079788,2025-01-09
41.26408927496856,1.950702524216745,2025-01-09
41.26409036285138,1.950821885832056,2025-01-09
41.264091450610465,1.9509412474539118,2025-01-09
41.264092538245826,1.9510606090823115,2025-01-09
41.264093625757475,1.9511799707172544,2025-01-09
41.2640947131454,1.9512993323587395,2025-01-09
41.264095800409606,1.9514186940067655,2025-01-09
41.26409688755008,1.951538055661333,2025-01-09
41.264097974566845,1.9516574173224406,2025-01-09
41.26409906145989,1.9517767789900875,2025-01-09
41.264100148229204,1.9518961406642727,2025-01-09
41.2641012348748,1.9520155023449959,2025-01-09
41.26410232139668,1.952134864032256,2025-01-09
41.264103407794835,1.952254225726053,2025-01-09
41.26410449406927,1.9523735874263852,2025-01-09
41.26410558021998,1.9524929491332519,2025-01-09
41.264106666246974,1.9526123108466538,2025-01-09
41.264107752150245,1.952731672566588,2025-01-09
41.2641088379298,1.9528510342930552,2025-01-09
41.26410992358562,1.952970396026054,2025-01-09
41.26411100911774,1.9530897577655841,2025-01-09
41.26411209452613,1.9532091195116457,2025-01-09
41.26411317981079,1.953328481264236,2025-01-09
41.26411426497174,1.953447843023355,2025-01-09
41.264115350008964,1.9535672047890023,2025-01-09
41.264116434922464,1.953686566561177,2025-01-09
41.26411751971224,1.9538059283398788,2025-01-09
41.26411860437831,1.9539252901251059,2025-01-09
41.264119688920644,1.9540446519168588,2025-01-09
41.26412077333925,1.9541640137151357,2025-01-09
41.26412185763415,1.9542833755199367,2025-01-09
41.264122941805326,1.9544027373312607,2025-01-09
41.26412402585278,1.9545220991491066,2025-01-09
41.264125109776515,1.954641460973474,2025-01-09
41.26412619357652,1.9547608228043625,2025-01-09
41.264127277252804,1.954880184641771,2025-01-09
41.26412836080537,1.954999546485698,2025-01-09
41.26412944423422,1.955118908336144,2025-01-09
41.26413052753935,1.9552382701931077,2025-01-09
41.264131610720746,1.9553576320565884,2025-01-09
41.26413269377843,1.9554769939265855,2025-01-09
41.26413377671239,1.955596355803098,2025-01-09
41.26413485952263,1.9557157176861253,2025-01-09
41.26413594220914,1.9558350795756663,2025-01-09
41.26413702477194,1.9559544414717214,2025-01-09
41.26413810721101,1.956073803374288,2025-01-09
41.26413918952636,1.9561931652833675,2025-01-09
41.264140271717984,1.9563125271989577,2025-01-09
41.2641413537859,1.956431889121058,2025-01-09
41.264142435730086,1.9565512510496677,2025-01-09
41.26414351755055,1.9566706129847864,2025-01-09
41.264144599247295,1.9567899749264135,2025-01-09
41.26414568082032,1.9569093368745474,2025-01-09
41.26414676226961,1.9570286988291883,2025-01-09
41.26414784359518,1.9571480607903349,2025-01-09
41.26414892479705,1.957267422757987,2025-01-09
41.26415000587518,1.9573867847321427,2025-01-09
41.26415108682959,1.9575061467128025,2025-01-09
41.264152167660285,1.9576255086999652,2025-01-09
41.26415324836725,1.9577448706936296,2025-01-09
41.26415432895049,1.9578642326937963,2025-01-09
41.26415540941002,1.9579835947004631,2025-01-09
41.264156489745815,1.9581029567136299,2025-01-09
41.264157569957895,1.9582223187332954,2025-01-09
41.264158650046255,1.9583416807594596,2025-01-09
41.264159730010896,1.9584610427921219,2025-01-09
41.2641608098518,1.9585804048312805,2025-01-09
41.264161889568996,1.958699766876936,2025-01-09
41.26416296916248,1.958819128929086,2025-01-09
41.26416404863222,1.9589384909877314,2025-01-09
41.264165127978245,1.9590578530528702,2025-01-09
41.264166207200546,1.9591772151245026,2025-01-09
41.26416728629912,1.9592965772026274,2025-01-09
41.26416836527399,1.9594159392872437,2025-01-09
41.26416944412512,1.9595353013783516,2025-01-09
41.26417052285254,1.959654663475949,2025-01-09
41.26417160145624,1.9597740255800362,2025-01-09
41.2641726799362,1.9598933876906124,2025-01-09
41.26417375829246,1.9600127498076763,2025-01-09
41.26417483652498,1.9601321119312278,2025-01-09
41.26417591463378,1.9602514740612653,2025-01-09
41.26417699261886,1.9603708361977887,2025-01-09
41.26417807048021,1.9604901983407976,2025-01-09
41.264179148217856,1.96060956049029,2025-01-09
41.26418022583177,1.9607289226462665,2025-01-09
41.264181303321955,1.9608482848087259,2025-01-09
41.26418238068842,1.9609676469776665,2025-01-09
41.264183457931175,1.9610870091530894,2025-01-09
41.264184535050205,1.961206371334992,2025-01-09
41.264185612045495,1.9613257335233751,2025-01-09
41.26418668891708,1.9614450957182368,2025-01-09
41.264187765664936,1.961564457919577,2025-01-09
41.264188842289066,1.961683820127395,2025-01-09
41.264189918789484,1.9618031823416897,2025-01-09
41.26419099516617,1.9619225445624604,2025-01-09
41.26419207141913,1.9620419067897064,2025-01-09
41.264193147548376,1.9621612690234271,2025-01-09
41.2641942235539,1.9622806312636218,2025-01-09
41.26419529943569,1.9623999935102892,2025-01-09
41.26419637519377,1.9625193557634295,2025-01-09
41.26419745082813,1.9626387180230416,2025-01-09
41.264198526338745,1.962758080289124,2025-01-09
41.264199601725664,1.9628774425616766,2025-01-09
41.26420067698884,1.9629968048406987,2025-01-09
41.264201752128315,1.9631161671261894,2025-01-09
41.26420282714404,1.9632355294181485,2025-01-09
41.26420390203606,1.9633548917165744,2025-01-09
41.26420497680435,1.963474254021467,2025-01-09
41.26420605144892,1.9635936163328245,2025-01-09
41.26420712596976,1.9637129786506475,2025-01-09
41.2642082003669,1.963832340974934,2025-01-09
41.2642092746403,1.9639517033056857,2025-01-09
41.26421034878998,1.9640710656428984,2025-01-09
41.26421142281593,1.9641904279865738,2025-01-09
41.26421249671817,1.9643097903367104,2025-01-09
41.26421357049667,1.964429152693307,2025-01-09
41.26421464415145,1.964548515056364,2025-01-09
41.26421571768253,1.9646678774258797,2025-01-09
41.264216791089865,1.964787239801853,2025-01-09
41.264217864373485,1.9649066021842847,2025-01-09
41.26421893753338,1.9650259645731727,2025-01-09
41.26422001056955,1.9651453269685168,2025-01-09
41.26422108348199,1.9652646893703165,2025-01-09
41.26422215627072,1.9653840517785706,2025-01-09
41.26422322893572,1.9655034141932783,2025-01-09
41.264224301477014,1.9656227766144387,2025-01-09
41.26422537389456,1.9657421390420518,2025-01-09
41.26422644618839,1.9658615014761163,2025-01-09
41.2642275183585,1.965980863916632,2025-01-09
41.26422859040489,1.966100226363597,2025-01-09
41.264229662327544,1.9662195888170122,2025-01-09
41.26423073412649,1.9663389512768752,2025-01-09
41.26423180580171,1.9664583137431866,2025-01-09
41.2642328773532,1.9665776762159444,2025-01-09
41.26423394878097,1.9666970386951494,2025-01-09
41.26423502008502,1.9668164011807996,2025-01-09
41.26423609126534,1.9669357636728946,2025-01-09
41.26423716232193,1.967055126171434,2025-01-09
41.26423823325481,1.9671744886764162,2025-01-09
41.264239304063956,1.9672938511878415,2025-01-09
41.26424037474939,1.9674132137057083,2025-01-09
41.26424144531109,1.9675325762300164,2025-01-09
41.26424251574908,1.9676519387607647,2025-01-09
41.26424358606334,1.967771301297953,2025-01-09
41.26424465625387,1.9678906638415798,2025-01-09
41.26424572632069,1.968010026391645,2025-01-09
41.26424679626376,1.9681293889481482,2025-01-09
41.26424786608313,1.9682487515110871,2025-01-09
41.264248935778774,1.9683681140804625,2025-01-09
41.264250005350696,1.9684874766562726,2025-01-09
41.26425107479888,1.9686068392385176,2025-01-09
41.264252144123354,1.9687262018271963,2025-01-09
41.26425321332409,1.9688455644223075,2025-01-09
41.264254282401126,1.9689649270238514,2025-01-09
41.26425535135441,1.9690842896318266,2025-01-09
41.26425642018399,1.9692036522462317,2025-01-09
41.26425748888984,1.9693230148670677,2025-01-09
41.26425855747196,1.9694423774943333,2025-01-09
41.26425962593037,1.9695617401280263,2025-01-09
41.26426069426504,1.969681102768148,2025-01-09
41.264261762476,1.969800465414696,2025-01-09
41.26426283056324,1.9699198280676702,2025-01-09
41.26426389852674,1.9700391907270705,2025-01-09
41.264264966366525,1.9701585533928954,2025-01-09
41.26426603408258,1.970277916065144,2025-01-09
41.264267101674925,1.9703972787438162,2025-01-09
41.26426816914353,1.9705166414289106,2025-01-09
41.26426923648842,1.9706360041204274,2025-01-09
41.26427030370958,1.9707553668183644,2025-01-09
41.264271370807016,1.9708747295227225,2025-01-09
41.26427243778074,1.9709940922334999,2025-01-09
41.26427350463072,1.971113454950696,2025-01-09
41.26427457135699,1.9712328176743095,2025-01-09
41.264275637959535,1.9713521804043415,2025-01-09
41.264276704438366,1.9714715431407894,2025-01-09
41.264277770793456,1.9715909058836534,2025-01-09
41.264278837024825,1.9717102686329324,2025-01-09
41.26427990313247,1.9718296313886257,2025-01-09
41.26428096911639,1.9719489941507322,2025-01-09
41.264282034976596,1.9720683569192523,2025-01-09
41.264283100713065,1.9721877196941844,2025-01-09
41.264284166325815,1.9723070824755276,2025-01-09
41.264285231814846,1.9724264452632814,2025-01-09
41.26428629718015,1.9725458080574454,2025-01-09
41.26428736242172,1.9726651708580185,2025-01-09
41.26428842753957,1.972784533665,2025-01-09
41.2642894925337,1.9729038964783887,2025-01-09
41.2642905574041,1.9730232592981845,2025-01-09
41.26429162215078,1.9731426221243868,2025-01-09
41.26429268677374,1.9732619849569941,2025-01-09
41.264293751272966,1.9733813477960063,2025-01-09
41.264294815648476,1.9735007106414226,2025-01-09
41.26429587990026,1.9736200734932416,2025-01-09
41.26429694402832,1.9737394363514635,2025-01-09
41.26429800803265,1.9738587992160872,2025-01-09
41.26429907191325,1.9739781620871115,2025-01-09
41.26430013567014,1.974097524964536,2025-01-09
41.2643011993033,1.9742168878483601,2025-01-09
41.26430226281272,1.9743362507385827,2025-01-09
41.26430332619844,1.9744556136352038,2025-01-09
41.26430438946043,1.974574976538222,2025-01-09
41.26430545259869,1.9746943394476364,2025-01-09
41.26430651561323,1.9748137023634469,2025-01-09
41.26430757850403,1.974933065285652,2025-01-09
41.264308641271114,1.9750524282142516,2025-01-09
41.26430970391449,1.9751717911492441,2025-01-09
41.264310766434114,1.9752911540906302,2025-01-09
41.264311828830024,1.9754105170384082,2025-01-09
41.26431289110222,1.9755298799925771,2025-01-09
41.264313953250685,1.975649242953137,2025-01-09
41.26431501527542,1.9757686059200867,2025-01-09
41.26431607717643,1.9758879688934248,2025-01-09
41.26431713895372,1.9760073318731515,2025-01-09
41.264318200607285,1.9761266948592662,2025-01-09
41.26431926213713,1.9762460578517675,2025-01-09
41.26432032354323,1.9763654208506545,2025-01-09
41.26432138482563,1.976484783855927,2025-01-09
41.264322445984284,1.9766041468675843,2025-01-09
41.26432350701923,1.976723509885626,2025-01-09
41.264324567930444,1.97684287291005,2025-01-09
41.26432562871793,1.9769622359408563,2025-01-09
41.2643266893817,1.9770815989780448,2025-01-09
41.26432774992173,1.9772009620216136,2025-01-09
41.26432881033804,1.9773203250715627,2025-01-09
41.26432987063063,1.977439688127891,2025-01-09
41.2643309307995,1.9775590511905987,2025-01-09
41.26433199084464,1.9776784142596835,2025-01-09
41.264333050766055,1.977797777335146,2025-01-09
41.264334110563745,1.9779171404169842,2025-01-09
41.2643351702377,1.9780365035051988,2025-01-09
41.26433622978794,1.978155866599788,2025-01-09
41.264337289214446,1.9782752297007509,2025-01-09
41.264338348517235,1.9783945928080882,2025-01-09
41.2643394076963,1.9785139559217977,2025-01-09
41.26434046675164,1.978633319041879,2025-01-09
41.26434152568324,1.9787526821683317,2025-01-09
41.26434258449113,1.9788720453011548,2025-01-09
41.2643436431753,1.9789914084403475,2025-01-09
41.26434470173574,1.9791107715859095,2025-01-09
41.264345760172446,1.9792301347378392,2025-01-09
41.26434681848542,1.9793494978961366,2025-01-09
41.264347876674684,1.9794688610608009,2025-01-09
41.26434893474022,1.979588224231831,2025-01-09
41.26434999268203,1.9797075874092263,2025-01-09
41.2643510505001,1.9798269505929866,2025-01-09
41.264352108194466,1.97994631378311,2025-01-09
41.26435316576511,1.9800656769795968,2025-01-09
41.26435422321202,1.9801850401824457,2025-01-09
41.2643552805352,1.9803044033916564,2025-01-09
41.264356337734654,1.9804237666072275,2025-01-09
41.26435739481037,1.980543129829159,2025-01-09
41.264358451762384,1.9806624930574495,2025-01-09
41.26435950859066,1.9807818562920991,2025-01-09
41.26436056529521,1.9809012195331055,2025-01-09
41.26436162187605,1.9810205827804699,2025-01-09
41.26436267833314,1.98113994603419,2025-01-09
41.264363734666524,1.9812593092942659,2025-01-09
41.264364790876165,1.9813786725606968,2025-01-09
41.26436584696209,1.9814980358334817,2025-01-09
41.264366902924294,1.9816173991126198,2025-01-09
41.26436795876276,1.981736762398111,2025-01-09
41.26436901447752,1.981856125689953,2025-01-09
41.26437007006854,1.981975488988147,2025-01-09
41.26437112553584,1.9820948522926913,2025-01-09
41.264372180879406,1.9822142156035851,2025-01-09
41.264373236099246,1.9823335789208276,2025-01-09
41.26437429119537,1.9824529422444181,2025-01-09
41.26437534616776,1.982572305574357,2025-01-09
41.26437640101643,1.9826916689106415,2025-01-09
41.26395996580217,1.9464069581939718,2025-01-09
41.26396105813548,1.9465263194092417,2025-01-09
41.263962150345066,1.9466456806310828,2025-01-09
41.26396324243093,1.9467650418594942,2025-01-09
41.26396433439308,1.9468844030944759,2025-01-09
41.263965426231486,1.947003764336026,2025-01-09
41.2639665179462,1.9471231255841448,2025-01-09
41.26396760953719,1.9472424868388312,2025-01-09
41.26396870100445,1.947361848100084,2025-01-09
41.26396979234799,1.9474812093679035,2025-01-09
41.263970883567815,1.947600570642288,2025-01-09
41.263971974663924,1.9477199319232372,2025-01-09
41.263973065636314,1.94783929321075,2025-01-09
41.26397415648497,1.947958654504826,2025-01-09
41.26397524720993,1.9480780158054647,2025-01-09
41.263976337811144,1.9481973771126648,2025-01-09
41.26397742828865,1.9483167384264255,2025-01-09
41.26397851864243,1.9484360997467467,2025-01-09
41.263979608872496,1.9485554610736273,2025-01-09
41.26398069897884,1.9486748224070662,2025-01-09
41.263981788961466,1.948794183747063,2025-01-09
41.26398287882037,1.9489135450936173,2025-01-09
41.26398396855556,1.949032906446728,2025-01-09
41.263985058167016,1.9491522678063937,2025-01-09
41.26398614765476,1.9492716291726149,2025-01-09
41.26398723701879,1.9493909905453901,2025-01-09
41.263988326259096,1.9495103519247186,2025-01-09
41.263989415375676,1.9496297133106004,2025-01-09
41.26399050436854,1.9497490747030335,2025-01-09
41.263991593237684,1.9498684361020184,2025-01-09
41.263992681983105,1.9499877975075528,2025-01-09
41.263993770604806,1.9501071589196377,2025-01-09
41.263994859102795,1.9502265203382714,2025-01-09
41.26399594747705,1.9503458817634538,2025-01-09
41.2639970357276,1.9504652431951826,2025-01-09
41.26399812385441,1.9505846046334585,2025-01-09
41.26399921185752,1.9507039660782808,2025-01-09
41.2640002997369,1.950823327529648,2025-01-09
41.264001387492556,1.9509426889875598,2025-01-09
41.26400247512449,1.9510620504520158,2025-01-09
41.26400356263271,1.9511814119230144,2025-01-09
41.26400465001721,1.9513007734005552,2025-01-09
41.26400573727799,1.9514201348846378,2025-01-09
41.26400682441504,1.951539496375261,2025-01-09
41.264007911428386,1.951658857872424,2025-01-09
41.264008998318005,1.9517782193761264,2025-01-09
41.264010085083896,1.9518975808863677,2025-01-09
41.26401117172607,1.9520169424031464,2025-01-09
41.264012258244534,1.9521363039264623,2025-01-09
41.26401334463926,1.9522556654563146,2025-01-09
41.26401443091028,1.9523750269927025,2025-01-09
41.26401551705757,1.9524943885356252,2025-01-09
41.26401660308114,1.9526137500850822,2025-01-09
41.26401768898099,1.952733111641072,2025-01-09
41.264018774757126,1.9528524732035948,2025-01-09
41.26401986040953,1.9529718347726495,2025-01-09
41.26402094593822,1.9530911963482351,2025-01-09
41.264022031343195,1.9532105579303514,2025-01-09
41.26402311662444,1.9533299195189968,2025-01-09
41.264024201781965,1.9534492811141715,2025-01-09
41.26402528681577,1.9535686427158743,2025-01-09
41.26402637172586,1.9536880043241043,2025-01-09
41.26402745651222,1.9538073659388608,2025-01-09
41.26402854117486,1.9539267275601435,2025-01-09
41.26402962571379,1.9540460891879516,2025-01-09
41.264030710128985,1.9541654508222837,2025-01-09
41.26403179442047,1.9542848124631396,2025-01-09
41.264032878588225,1.9544041741105187,2025-01-09
41.26403396263226,1.9545235357644195,2025-01-09
41.26403504655258,1.954642897424842,2025-01-09
41.264036130349176,1.9547622590917848,2025-01-09
41.26403721402205,1.9548816207652484,2025-01-09
41.264038297571204,1.9550009824452306,2025-01-09
41.26403938099664,1.9551203441317313,2025-01-09
41.264040464298354,1.95523970582475,2025-01-09
41.26404154747634,1.9553590675242853,2025-01-09
41.26404263053062,1.9554784292303369,2025-01-09
41.26404371346116,1.9555977909429043,2025-01-09
41.26404479626799,1.9557171526619863,2025-01-09
41.264045878951094,1.9558365143875824,2025-01-09
41.26404696151048,1.9559558761196916,2025-01-09
41.26404804394615,1.9560752378583133,2025-01-09
41.26404912625808,1.956194599603447,2025-01-09
41.264050208446314,1.956313961355091,2025-01-09
41.264051290510814,1.9564333231132462,2025-01-09
41.26405237245158,1.9565526848779102,2025-01-09
41.26405345426864,1.9566720466490837,2025-01-09
41.26405453596198,1.9567914084267646,2025-01-09
41.2640556175316,1.9569107702109534,2025-01-09
41.264056698977484,1.9570301320016488,2025-01-09
41.26405778029966,1.9571494937988494,2025-01-09
41.26405886149811,1.9572688556025553,2025-01-09
41.264059942572835,1.957388217412766,2025-01-09
41.264061023523844,1.9575075792294794,2025-01-09
41.264062104351126,1.9576269410526963,2025-01-09
41.26406318505469,1.9577463028824151,2025-01-09
41.26406426563453,1.9578656647186352,2025-01-09
41.26406534609066,1.9579850265613565,2025-01-09
41.26406642642306,1.9581043884105769,2025-01-09
41.264067506631726,1.9582237502662967,2025-01-09
41.26406858671669,1.9583431121285146,2025-01-09
41.26406966667792,1.9584624739972305,2025-01-09
41.264070746515436,1.9585818358724432,2025-01-09
41.26407182622923,1.958701197754152,2025-01-09
41.2640729058193,1.9588205596423565,2025-01-09
41.26407398528564,1.9589399215370555,2025-01-09
41.26407506462827,1.9590592834382485,2025-01-09
41.26407614384717,1.9591786453459346,2025-01-09
41.264077222942355,1.959298007260113,2025-01-09
41.26407830191381,1.9594173691807828,2025-01-09
41.26407938076155,1.9595367311079441,2025-01-09
41.26408045948557,1.9596560930415954,2025-01-09
41.26408153808587,1.9597754549817359,2025-01-09
41.26408261656243,1.9598948169283654,2025-01-09
41.264083694915286,1.9600141788814827,2025-01-09
41.26408477314442,1.9601335408410872,2025-01-09
41.26408585124983,1.9602529028071787,2025-01-09
41.26408692923152,1.9603722647797552,2025-01-09
41.26408800708947,1.9604916267588173,2025-01-09
41.264089084823716,1.9606109887443632,2025-01-09
41.264090162434236,1.9607303507363933,2025-01-09
41.26409123992103,1.960849712734905,2025-01-09
41.26409231728412,1.9609690747398996,2025-01-09
41.264093394523464,1.9610884367513748,2025-01-09
41.2640944716391,1.9612077987693315,2025-01-09
41.264095548631,1.9613271607937668,2025-01-09
41.26409662549919,1.961446522824682,2025-01-09
41.26409770224365,1.961565884862075,2025-01-09
41.264098778864394,1.961685246905946,2025-01-09
41.264099855361415,1.9618046089562935,2025-01-09
41.26410093173472,1.9619239710131173,2025-01-09
41.26410200798429,1.9620433330764164,2025-01-09
41.26410308411015,1.96216269514619,2025-01-09
41.264104160112275,1.9622820572224378,2025-01-09
41.26410523599069,1.9624014193051578,2025-01-09
41.26410631174537,1.9625207813943508,2025-01-09
41.26410738737634,1.962640143490015,2025-01-09
41.264108462883584,1.9627595055921505,2025-01-09
41.26410953826711,1.9628788677007554,2025-01-09
41.264110613526896,1.9629982298158304,2025-01-09
41.264111688662965,1.9631175919373738,2025-01-09
41.26411276367532,1.9632369540653851,2025-01-09
41.26411383856396,1.9633563161998635,2025-01-09
41.26411491332887,1.9634756783408083,2025-01-09
41.26411598797005,1.9635950404882188,2025-01-09
41.26411706248751,1.9637144026420943,2025-01-09
41.26411813688125,1.9638337648024333,2025-01-09
41.26411921115127,1.9639531269692367,2025-01-09
41.26412028529756,1.9640724891425023,2025-01-09
41.26412135932014,1.9641918513222292,2025-01-09
41.264122433218986,1.9643112135084182,2025-01-09
41.26412350699411,1.9644305757010676,2025-01-09
41.264124580645515,1.9645499379001767,2025-01-09
41.2641256541732,1.964669300105744,2025-01-09
41.264126727577164,1.9647886623177702,2025-01-09
41.264127800857395,1.9649080245362538,2025-01-09
41.26412887401392,1.9650273867611938,2025-01-09
41.264129947046705,1.9651467489925896,2025-01-09
41.26413101995577,1.965266111230441,2025-01-09
41.264132092741114,1.9653854734747476,2025-01-09
41.26413316540275,1.9655048357255065,2025-01-09
41.264134237940645,1.9656241979827196,2025-01-09
41.264135310354824,1.9657435602463844,2025-01-09
41.264136382645276,1.9658629225165007,2025-01-09
41.26413745481201,1.965982284793068,2025-01-09
41.264138526855014,1.9661016470760848,2025-01-09
41.26413959877431,1.9662210093655514,2025-01-09
41.264140670569866,1.9663403716614665,2025-01-09
41.264141742241705,1.9664597339638292,2025-01-09
41.26414281378982,1.9665790962726393,2025-01-09
41.26414388521422,1.966698458587895,2025-01-09
41.2641449565149,1.966817820909597,2025-01-09
41.264146027691844,1.9669371832377434,2025-01-09
41.26414709874507,1.9670565455723341,2025-01-09
41.26414816967457,1.967175907913368,2025-01-09
41.26414924048034,1.9672952702608446,2025-01-09
41.264150311162396,1.9674146326147628,2025-01-09
41.26415138172073,1.9675339949751225,2025-01-09
41.264152452155344,1.967653357341922,2025-01-09
41.26415352246623,1.9677727197151613,2025-01-09
41.2641545926534,1.9678920820948398,2025-01-09
41.26415566271684,1.968011444480956,2025-01-09
41.264156732656545,1.9681308068735102,2025-01-09
41.264157802472546,1.9682501692725003,2025-01-09
41.26415887216482,1.9683695316779266,2025-01-09
41.26415994173336,1.9684888940897882,2025-01-09
41.26416101117819,1.9686082565080836,2025-01-09
41.26416208049928,1.9687276189328133,2025-01-09
41.264163149696664,1.968846981363976,2025-01-09
41.264164218770325,1.96896634380157,2025-01-09
41.26416528772025,1.9690857062455964,2025-01-09
41.26416635654646,1.9692050686960536,2025-01-09
41.26416742524894,1.9693244311529396,2025-01-09
41.26416849382771,1.9694437936162554,2025-01-09
41.264169562282746,1.9695631560859999,2025-01-09
41.26417063061405,1.969682518562172,2025-01-09
41.26417169882165,1.969801881044771,2025-01-09
41.264172766905524,1.9699212435337958,2025-01-09
41.26417383486566,1.9700406060292468,2025-01-09
41.264174902702074,1.9701599685311217,2025-01-09
41.26417597041477,1.9702793310394213,2025-01-09
41.264177038003744,1.970398693554144,2025-01-09
41.264178105469,1.970518056075289,2025-01-09
41.26417917281053,1.9706374186028557,2025-01-09
41.26418024002832,1.970756781136844,2025-01-09
41.264181307122406,1.970876143677252,2025-01-09
41.264182374092755,1.9709955062240794,2025-01-09
41.2641834409394,1.9711148687773257,2025-01-09
41.2641845076623,1.9712342313369906,2025-01-09
41.26418557426148,1.9713535939030722,2025-01-09
41.264186640736945,1.9714729564755704,2025-01-09
41.26418770708868,1.9715923190544846,2025-01-09
41.26418877331669,1.9717116816398137,2025-01-09
41.26418983942098,1.9718310442315572,2025-01-09
41.26419090540154,1.9719504068297142,2025-01-09
41.26419197125838,1.9720697694342841,2025-01-09
41.2641930369915,1.9721891320452665,2025-01-09
41.2641941026009,1.9723084946626595,2025-01-09
41.264195168086566,1.9724278572864633,2025-01-09
41.26419623344851,1.9725472199166771,2025-01-09
41.26419729868673,1.9726665825532999,2025-01-09
41.264198363801235,1.9727859451963314,2025-01-09
41.264199428792004,1.9729053078457697,2025-01-09
41.264200493659054,1.9730246705016157,2025-01-09
41.26420155840237,1.973144033163868,2025-01-09
41.26420262302199,1.9732633958325247,2025-01-09
41.26420368751786,1.9733827585075865,2025-01-09
41.264204751890006,1.9735021211890522,2025-01-09
41.26420581613844,1.9736214838769213,2025-01-09
41.26420688026315,1.9737408465711925,2025-01-09
41.26420794426413,1.9738602092718658,2025-01-09
41.26420900814138,1.9739795719789397,2025-01-09
41.264210071894915,1.9740989346924136,2025-01-09
41.264211135524725,1.9742182974122873,2025-01-09
41.264212199030815,1.9743376601385596,2025-01-09
41.26421326241317,1.9744570228712297,2025-01-09
41.26421432567181,1.974576385610297,2025-01-09
41.26421538880671,1.974695748355761,2025-01-09
41.2642164518179,1.9748151111076204,2025-01-09
41.264217514705365,1.974934473865875,2025-01-09
41.26421857746911,1.9750538366305237,2025-01-09
41.264219640109125,1.9751731994015662,2025-01-09
41.2642207026254,1.9752925621790012,2025-01-09
41.26422176501798,1.9754119249628284,2025-01-09
41.264222827286815,1.975531287753046,2025-01-09
41.26422388943194,1.975650650549655,2025-01-09
41.26422495145333,1.9757700133526535,2025-01-09
41.264226013351,1.975889376162041,2025-01-09
41.26422707512494,1.976008738977817,2025-01-09
41.26422813677515,1.97612810179998,2025-01-09
41.26422919830165,1.9762474646285306,2025-01-09
41.264230259704426,1.9763668274634665,2025-01-09
41.26423132098347,1.976486190304788,2025-01-09
41.2642323821388,1.9766055531524942,2025-01-09
41.26423344317039,1.9767249160065836,2025-01-09
41.26423450407826,1.9768442788670566,2025-01-09
41.26423556486242,1.976963641733912,2025-01-09
41.264236625522834,1.9770830046071488,2025-01-09
41.26423768605953,1.9772023674867667,2025-01-09
41.26423874647251,1.9773217303727644,2025-01-09
41.26423980676176,1.9774410932651414,2025-01-09
41.264240866927274,1.977560456163897,2025-01-09
41.26424192696908,1.9776798190690306,2025-01-09
41.26424298688715,1.9777991819805414,2025-01-09
41.2642440466815,1.9779185448984284,2025-01-09
41.264245106352135,1.9780379078226913,2025-01-09
41.26424616589903,1.9781572707533288,2025-01-09
41.2642472253222,1.9782766336903403,2025-01-09
41.26424828462166,1.9783959966337255,2025-01-09
41.264249343797374,1.9785153595834828,2025-01-09
41.264250402849385,1.9786347225396126,2025-01-09
41.264251461777654,1.9787540855021137,2025-01-09
41.26425252058221,1.9788734484709847,2025-01-09
41.264253579263034,1.9789928114462259,2025-01-09
41.264254637820144,1.9791121744278355,2025-01-09
41.264255696253514,1.9792315374158136,2025-01-09
41.26425675456317,1.9793509004101593,2025-01-09
41.264257812749086,1.9794702634108714,2025-01-09
41.26425887081129,1.9795896264179496,2025-01-09
41.264259928749766,1.9797089894313928,2025-01-09
41.264260986564516,1.9798283524512013,2025-01-09
41.264262044255545,1.9799477154773724,2025-01-09
41.26426310182285,1.9800670785099068,2025-01-09
41.26426415926643,1.9801864415488037,2025-01-09
41.26426521658627,1.980305804594062,2025-01-09
41.2642662737824,1.9804251676456812,2025-01-09
41.26426733085479,1.9805445307036602,2025-01-09
41.26426838780347,1.9806638937679983,2025-01-09
41.264269444628425,1.9807832568386952,2025-01-09
41.26427050132965,1.9809026199157498,2025-01-09
41.26427155790715,1.9810219829991613,2025-01-09
41.26427261436093,1.9811413460889296,2025-01-09
41.26427367069097,1.981260709185053,2025-01-09
41.2642747268973,1.981380072287531,2025-01-09
41.2642757829799,1.981499435396363,2025-01-09
41.26427683893876,1.9816187985115492,2025-01-09
41.26427789477392,1.9817381616330871,2025-01-09
41.26427895048534,1.9818575247609767,2025-01-09
41.26428000607304,1.9819768878952182,2025-01-09
41.264281061537005,1.9820962510358098,2025-01-09
41.26428211687725,1.9822156141827505,2025-01-09
41.26428317209377,1.9823349773360404,2025-01-09
41.264284227186565,1.9824543404956787,2025-01-09
41.26428528215564,1.9825737036616637,2025-01-09
41.26428633700098,1.9826930668339955,2025-01-09
41.2642873917226,1.9828124300126735,2025-01-09
41.26428844632049,1.9829317931976964,2025-01-09
41.26428950079467,1.9830511563890638,2025-01-09
41.2642905551451,1.9831705195867741,2025-01-09
41.264291609371824,1.983289882790828,2025-01-09
41.26429266347481,1.983409246001224,2025-01-09
41.26429371745407,1.9835286092179611,2025-01-09
41.26429477130962,1.9836479724410396,2025-01-09
41.26429582504142,1.9837673356704577,2025-01-09
41.26429687864952,1.983886698906215,2025-01-09
41.26429793213388,1.9840060621483102,2025-01-09
41.264298985494506,1.9841254253967433,2025-01-09
41.26430003873142,1.9842447886515135,2025-01-09
41.2643010918446,1.9843641519126203,2025-01-09
41.264302144834076,1.9844835151800617,2025-01-09
41.2643031976998,1.9846028784538385,2025-01-09
41.26430425044181,1.9847222417339487,2025-01-09
41.26430530306009,1.984841605020393,2025-01-09
41.264306355554645,1.9849609683131688,2025-01-09
41.26430740792547,1.9850803316122767,2025-01-09
41.264308460172586,1.9851996949177155,2025-01-09
41.26430951229595,1.9853190582294853,2025-01-09
41.264310564295606,1.9854384215475838,2025-01-09
41.26431161617153,1.9855577848720112,2025-01-09
41.26431266792373,1.9856771482027664,2025-01-09
41.26431371955221,1.9857965115398495,2025-01-09
41.26431477105695,1.9859158748832586,2025-01-09
41.26431582243798,1.9860352382329938,2025-01-09
41.26431687369527,1.986154601589054,2025-01-09
41.26431792482884,1.986273964951438,2025-01-09
41.26431897583869,1.986393328320146,2025-01-09
41.2643200267248,1.986512691695177,2025-01-09
41.2643210774872,1.9866320550765302,2025-01-09
41.26432212812586,1.9867514184642039,2025-01-09
41.2643231786408,1.9868707818581985,2025-01-09
41.26432422903201,1.9869901452585133,2025-01-09
41.2643252792995,1.9871095086651467,2025-01-09
41.26432632944327,1.9872288720780986,2025-01-09
41.264327379463296,1.987348235497368,2025-01-09
41.2643284293596,1.9874675989229547,2025-01-09
41.26432947913219,1.9875869623548572,2025-01-09
41.26433052878104,1.987706325793075,2025-01-09
41.26433157830617,1.9878256892376072,2025-01-09
41.264332627707574,1.9879450526884537,2025-01-09
41.264333676985245,1.9880644161456134,2025-01-09
41.2643347261392,1.9881837796090853,2025-01-09
41.26433577516943,1.9883031430788685,2025-01-09
41.26433682407592,1.9884225065549632,2025-01-09
41.2643378728587,1.9885418700373683,2025-01-09
41.264338921517734,1.9886612335260818,2025-01-09
41.26433997005306,1.9887805970211043,2025-01-09
41.26434101846465,1.9888999605224356,2025-01-09
41.26434206675251,1.989019324030073,2025-01-09
41.26434311491664,1.9891386875440176,2025-01-09
41.26434416295706,1.989258051064267,2025-01-09
41.26434521087374,1.989377414590822,2025-01-09
41.264346258666706,1.989496778123681,2025-01-09
41.264347306335935,1.9896161416628437,2025-01-09
41.26434835388144,1.989735505208309,2025-01-09
41.26434940130323,1.9898548687600763,2025-01-09
41.26435044860128,1.9899742323181446,2025-01-09
41.2643514957756,1.9900935958825137,2025-01-09
41.2643525428262,1.9902129594531826,2025-01-09
41.26435358975307,1.9903323230301502,2025-01-09
41.26435463655621,1.9904516866134159,2025-01-09
41.26435568323564,1.9905710502029796,2025-01-09
41.264356729791324,1.99069041379884,2025-01-09
41.26435777622328,1.9908097774009963,2025-01-09
41.264358822531534,1.9909291410094476,2025-01-09
41.26435986871604,1.991048504624194,2025-01-09
41.264360914776816,1.9911678682452336,2025-01-09
41.264361960713885,1.9912872318725665,2025-01-09
41.26436300652721,1.9914065955061917,2025-01-09
41.26436405221681,1.9915259591461085,2025-01-09
41.26436509778269,1.9916453227923163,2025-01-09
41.26436614322485,1.9917646864448142,2025-01-09
41.26436718854327,1.991884050103601,2025-01-09
41.264368233737954,1.9920034137686764,2025-01-09
41.264369278808935,1.99212277744004,2025-01-09
41.264370323756175,1.9922421411176905,2025-01-09
41.26437136857968,1.9923615048016272,2025-01-09
41.264372413279474,1.9924808684918496,2025-01-09
41.26437345785554,1.9926002321883567,2025-01-09
41.264374502307874,1.9927195958911488,2025-01-09
41.26437554663647,1.9928389596002234,2025-01-09
41.2638699028133,1.9464084059508946,2025-01-09
41.26387099514316,1.9465277670022227,2025-01-09
41.2638720873493,1.9466471280601219,2025-01-09
41.26387317943173,1.9467664891245915,2025-01-09
41.26387427139043,1.9468858501956308,2025-01-09
41.26387536322541,1.947005211273239,2025-01-09
41.26387645493667,1.9471245723574158,2025-01-09
41.26387754652422,1.9472439334481597,2025-01-09
41.26387863798805,1.9473632945454706,2025-01-09
41.26387972932815,1.9474826556493479,2025-01-09
41.263880820544536,1.94760201675979,2025-01-09
41.26388191163721,1.9477213778767966,2025-01-09
41.26388300260616,1.9478407390003674,2025-01-09
41.26388409345139,1.947960100130501,2025-01-09
41.263885184172906,1.948079461267197,2025-01-09
41.26388627477069,1.9481988224104547,2025-01-09
41.263887365244756,1.9483181835602734,2025-01-09
41.26388845559511,1.948437544716652,2025-01-09
41.26388954582174,1.9485569058795897,2025-01-09
41.263890635924646,1.9486762670490858,2025-01-09
41.26389172590383,1.94879562822514,2025-01-09
41.26389281575931,1.9489149894077518,2025-01-09
41.263893905491074,1.9490343505969197,2025-01-09
41.2638949950991,1.9491537117926432,2025-01-09
41.263896084583415,1.9492730729949213,2025-01-09
41.263897173943995,1.9493924342037536,2025-01-09
41.26389826318087,1.9495117954191394,2025-01-09
41.26389935229403,1.949631156641078,2025-01-09
41.26390044128346,1.9497505178695687,2025-01-09
41.26390153014918,1.9498698791046103,2025-01-09
41.26390261889117,1.9499892403462022,2025-01-09
41.263903707509435,1.9501086015943438,2025-01-09
41.263904796004006,1.9502279628490342,2025-01-09
41.26390588437483,1.9503473241102733,2025-01-09
41.263906972621946,1.9504666853780597,2025-01-09
41.263908060745344,1.9505860466523923,2025-01-09
41.263909148745014,1.9507054079332713,2025-01-09
41.26391023662097,1.9508247692206957,2025-01-09
41.2639113243732,1.9509441305146642,2025-01-09
41.263912412001716,1.9510634918151764,2025-01-09
41.263913499506515,1.9511828531222322,2025-01-09
41.26391458688758,1.9513022144358296,2025-01-09
41.26391567414493,1.9514215757559683,2025-01-09
41.26391676127856,1.9515409370826484,2025-01-09
41.263917848288486,1.9516602984158684,2025-01-09
41.26391893517468,1.9517796597556274,2025-01-09
41.26392002193715,1.951899021101925,2025-01-09
41.26392110857591,1.9520183824547601,2025-01-09
41.26392219509093,1.9521377438141327,2025-01-09
41.26392328148224,1.9522571051800413,2025-01-09
41.26392436774984,1.9523764665524852,2025-01-09
41.263925453893705,1.9524958279314644,2025-01-09
41.26392653991386,1.9526151893169774,2025-01-09
41.2639276258103,1.9527345507090235,2025-01-09
41.263928711583,1.9528539121076027,2025-01-09
41.26392979723199,1.9529732735127137,2025-01-09
41.26393088275726,1.9530926349243554,2025-01-09
41.26393196815881,1.9532119963425274,2025-01-09
41.26393305343664,1.9533313577672295,2025-01-09
41.263934138590756,1.95345071919846,2025-01-09
41.26393522362114,1.9535700806362188,2025-01-09
41.26393630852781,1.9536894420805044,2025-01-09
41.263937393310755,1.9538088035313173,2025-01-09
41.26393847796998,1.953928164988656,2025-01-09
41.26393956250549,1.95404752645252,2025-01-09
41.26394064691727,1.954166887922908,2025-01-09
41.263941731205335,1.9542862493998197,2025-01-09
41.26394281536968,1.954405610883254,2025-01-09
41.26394389941031,1.9545249723732108,2025-01-09
41.26394498332721,1.9546443338696893,2025-01-09
41.26394606712039,1.954763695372688,2025-01-09
41.26394715078985,1.9548830568822066,2025-01-09
41.26394823433559,1.9550024183982446,2025-01-09
41.26394931775762,1.9551217799208005,2025-01-09
41.263950401055915,1.955241141449875,2025-01-09
41.263951484230496,1.955360502985466,2025-01-09
41.26395256728135,1.955479864527573,2025-01-09
41.263953650208485,1.955599226076196,2025-01-09
41.263954733011914,1.9557185876313332,2025-01-09
41.26395581569161,1.9558379491929847,2025-01-09
41.26395689824758,1.955957310761149,2025-01-09
41.26395798067983,1.9560766723358263,2025-01-09
41.26395906298837,1.9561960339170148,2025-01-09
41.26396014517318,1.9563153955047148,2025-01-09
41.26396122723426,1.9564347570989251,2025-01-09
41.26396230917164,1.9565541186996442,2025-01-09
41.26396339098529,1.9566734803068728,2025-01-09
41.26396447267521,1.9567928419206089,2025-01-09
41.263965554241416,1.9569122035408524,2025-01-09
41.263966635683914,1.9570315651676027,2025-01-09
41.26396771700267,1.9571509268008587,2025-01-09
41.26396879819772,1.9572702884406195,2025-01-09
41.26396987926905,1.957389650086885,2025-01-09
41.263970960216646,1.9575090117396536,2025-01-09
41.26397204104052,1.9576283733989253,2025-01-09
41.26397312174069,1.9577477350646988,2025-01-09
41.26397420231712,1.9578670967369736,2025-01-09
41.26397528276984,1.9579864584157496,2025-01-09
41.26397636309884,1.958105820101025,2025-01-09
41.26397744330412,1.9582251817927991,2025-01-09
41.26397852338567,1.958344543491072,2025-01-09
41.2639796033435,1.9584639051958426,2025-01-09
41.26398068317761,1.95858326690711,2025-01-09
41.263981762888,1.9587026286248737,2025-01-09
41.26398284247468,1.9588219903491322,2025-01-09
41.263983921937616,1.9589413520798857,2025-01-09
41.26398500127684,1.959060713817133,2025-01-09
41.263986080492344,1.9591800755608733,2025-01-09
41.26398715958413,1.9592994373111061,2025-01-09
41.263988238552194,1.9594187990678307,2025-01-09
41.263989317396536,1.959538160831046,2025-01-09
41.26399039611716,1.9596575226007515,2025-01-09
41.263991474714054,1.9597768843769463,2025-01-09
41.26399255318723,1.9598962461596303,2025-01-09
41.26399363153668,1.9600156079488018,2025-01-09
41.263994709762414,1.9601349697444608,2025-01-09
41.263995787864424,1.960254331546606,2025-01-09
41.263996865842714,1.960373693355237,2025-01-09
41.26399794369729,1.9604930551703525,2025-01-09
41.26399902142813,1.960612416991953,2025-01-09
41.26400009903525,1.9607317788200365,2025-01-09
41.26400117651866,1.9608511406546028,2025-01-09
41.26400225387834,1.9609705024956514,2025-01-09
41.2640033311143,1.9610898643431804,2025-01-09
41.26400440822653,1.9612092261971907,2025-01-09
41.26400548521505,1.96132858805768,2025-01-09
41.26400656207986,1.961447949924649,2025-01-09
41.26400763882092,1.9615673117980956,2025-01-09
41.26400871543827,1.9616866736780203,2025-01-09
41.26400979193191,1.9618060355644213,2025-01-09
41.26401086830182,1.9619253974572988,2025-01-09
41.264011944547995,1.9620447593566517,2025-01-09
41.26401302067046,1.9621641212624787,2025-01-09
41.26401409666921,1.9622834831747797,2025-01-09
41.26401517254423,1.962402845093554,2025-01-09
41.264016248295526,1.9625222070188,2025-01-09
41.264017323923106,1.962641568950518,2025-01-09
41.26401839942696,1.9627609308887066,2025-01-09
41.26401947480709,1.9628802928333655,2025-01-09
41.26402055006349,1.9629996547844935,2025-01-09
41.264021625196186,1.9631190167420904,2025-01-09
41.26402270020515,1.9632383787061547,2025-01-09
41.2640237750904,1.9633577406766864,2025-01-09
41.26402484985192,1.9634771026536848,2025-01-09
41.26402592448972,1.9635964646371484,2025-01-09
41.264026999003804,1.9637158266270764,2025-01-09
41.264028073394165,1.9638351886234688,2025-01-09
41.26402914766079,1.9639545506263252,2025-01-09
41.264030221803715,1.9640739126356435,2025-01-09
41.2640312958229,1.9641932746514241,2025-01-09
41.264032369718365,1.9643126366736663,2025-01-09
41.264033443490106,1.9644319987023682,2025-01-09
41.264034517138136,1.9645513607375296,2025-01-09
41.26403559066243,1.9646707227791504,2025-01-09
41.26403666406301,1.9647900848272293,2025-01-09
41.26403773733987,1.9649094468817656,2025-01-09
41.264038810493,1.9650288089427583,2025-01-09
41.264039883522415,1.9651481710102077,2025-01-09
41.264040956428104,1.9652675330841118,2025-01-09
41.26404202921007,1.9653868951644702,2025-01-09
41.26404310186831,1.9655062572512825,2025-01-09
41.264044174402834,1.9656256193445478,2025-01-09
41.26404524681364,1.9657449814442651,2025-01-09
41.26404631910071,1.9658643435504342,2025-01-09
41.26404739126407,1.9659837056630536,2025-01-09
41.2640484633037,1.9661030677821232,2025-01-09
41.26404953521961,1.9662224299076423,2025-01-09
41.2640506070118,1.9663417920396091,2025-01-09
41.26405167868026,1.9664611541780246,2025-01-09
41.264052750225005,1.966580516322887,2025-01-09
41.26405382164602,1.9666998784741956,2025-01-09
41.26405489294332,1.9668192406319496,2025-01-09
41.2640559641169,1.9669386027961482,2025-01-09
41.26405703516675,1.967057964966791,2025-01-09
41.264058106092875,1.9671773271438773,2025-01-09
41.26405917689529,1.967296689327406,2025-01-09
41.264060247573966,1.967416051517376,2025-01-09
41.26406131812893,1.967535413713788,2025-01-09
41.26406238856016,1.9676547759166398,2025-01-09
41.26406345886768,1.9677741381259306,2025-01-09
41.26406452905148,1.967893500341661,2025-01-09
41.26406559911154,1.9680128625638296,2025-01-09
41.264066669047885,1.9681322247924353,2025-01-09
41.26406773886052,1.9682515870274775,2025-01-09
41.26406880854942,1.9683709492689556,2025-01-09
41.264069878114604,1.9684903115168688,2025-01-09
41.26407094755606,1.9686096737712162,2025-01-09
41.264072016873776,1.968729036031998,2025-01-09
41.264073086067796,1.9688483982992115,2025-01-09
41.26407415513808,1.9689677605728582,2025-01-09
41.26407522408464,1.9690871228529359,2025-01-09
41.264076292907475,1.9692064851394444,2025-01-09
41.2640773616066,1.9693258474323823,2025-01-09
41.264078430181996,1.9694452097317496,2025-01-09
41.26407949863368,1.9695645720375452,2025-01-09
41.26408056696162,1.969683934349769,2025-01-09
41.26408163516585,1.9698032966684191,2025-01-09
41.26408270324635,1.9699226589934957,2025-01-09
41.264083771203126,1.9700420213249978,2025-01-09
41.26408483903619,1.9701613836629248,2025-01-09
41.264085906745514,1.9702807460072755,2025-01-09
41.26408697433112,1.9704001083580496,2025-01-09
41.264088041793016,1.9705194707152454,2025-01-09
41.264089109131184,1.9706388330788636,2025-01-09
41.26409017634562,1.9707581954489028,2025-01-09
41.26409124343634,1.9708775578253621,2025-01-09
41.26409231040333,1.9709969202082405,2025-01-09
41.2640933772466,1.9711162825975381,2025-01-09
41.26409444396615,1.9712356449932535,2025-01-09
41.26409551056197,1.9713550073953858,2025-01-09
41.26409657703407,1.9714743698039354,2025-01-09
41.26409764338245,1.9715937322189008,2025-01-09
41.264098709607104,1.9717130946402808,2025-01-09
41.26409977570803,1.971832457068075,2025-01-09
41.26410084168524,1.9719518195022832,2025-01-09
41.26410190753872,1.9720711819429042,2025-01-09
41.264102973268486,1.9721905443899368,2025-01-09
41.26410403887452,1.9723099068433805,2025-01-09
41.26410510435683,1.9724292693032348,2025-01-09
41.264106169715426,1.9725486317694993,2025-01-09
41.26410723495029,1.9726679942421728,2025-01-09
41.26410830006144,1.972787356721255,2025-01-09
41.26410936504886,1.9729067192067442,2025-01-09
41.26411042991255,1.9730260816986405,2025-01-09
41.264111494652525,1.9731454441969427,2025-01-09
41.26411255926877,1.9732648067016507,2025-01-09
41.2641136237613,1.9733841692127627,2025-01-09
41.26411468813009,1.9735035317302791,2025-01-09
41.26411575237517,1.9736228942541982,2025-01-09
41.26411681649652,1.97374225678452,2025-01-09
41.264117880494155,1.973861619321243,2025-01-09
41.26411894436806,1.9739809818643677,2025-01-09
41.26412000811824,1.974100344413892,2025-01-09
41.264121071744704,1.9742197069698157,2025-01-09
41.26412213524744,1.974339069532138,2025-01-09
41.26412319862644,1.9744584321008585,2025-01-09
41.26412426188174,1.974577794675976,2025-01-09
41.264125325013296,1.9746971572574896,2025-01-09
41.26412638802113,1.9748165198453993,2025-01-09
41.26412745090525,1.9749358824397039,2025-01-09
41.26412851366564,1.9750552450404026,2025-01-09
41.26412957630232,1.9751746076474948,2025-01-09
41.26413063881526,1.97529397026098,2025-01-09
41.26413170120448,1.9754133328808567,2025-01-09
41.264132763469966,1.9755326955071246,2025-01-09
41.264133825611744,1.9756520581397832,2025-01-09
41.26413488762979,1.9757714207788315,2025-01-09
41.26413594952412,1.9758907834242687,2025-01-09
41.26413701129471,1.976010146076094,2025-01-09
41.26413807294159,1.9761295087343074,2025-01-09
41.26413913446474,1.9762488713989075,2025-01-09
41.264140195864165,1.976368234069893,2025-01-09
41.26414125713987,1.976487596747264,2025-01-09
41.264142318291846,1.9766069594310196,2025-01-09
41.26414337932011,1.9767263221211588,2025-01-09
41.26414444022464,1.9768456848176812,2025-01-09
41.264145501005444,1.976965047520586,2025-01-09
41.26414656166252,1.9770844102298724,2025-01-09
41.26414762219588,1.9772037729455394,2025-01-09
41.26414868260551,1.9773231356675862,2025-01-09
41.26414974289142,1.9774424983960128,2025-01-09
41.26415080305362,1.9775618611308177,2025-01-09
41.264151863092074,1.9776812238720005,2025-01-09
41.264152923006804,1.9778005866195607,2025-01-09
41.26415398279782,1.9779199493734965,2025-01-09
41.2641550424651,1.9780393121338085,2025-01-09
41.26415610200867,1.978158674900495,2025-01-09
41.2641571614285,1.9782780376735558,2025-01-09
41.264158220724624,1.97839740045299,2025-01-09
41.26415927989701,1.9785167632387968,2025-01-09
41.26416033894567,1.9786361260309755,2025-01-09
41.264161397870616,1.9787554888295251,2025-01-09
41.26416245667183,1.9788748516344457,2025-01-09
41.264163515349324,1.978994214445735,2025-01-09
41.26416457390309,1.9791135772633939,2025-01-09
41.26416563233313,1.9792329400874207,2025-01-09
41.264166690639456,1.979352302917815,2025-01-09
41.26416774882205,1.9794716657545763,2025-01-09
41.26416880688092,1.9795910285977032,2025-01-09
41.26416986481606,1.9797103914471952,2025-01-09
41.26417092262748,1.9798297543030516,2025-01-09
41.26417198031517,1.9799491171652717,2025-01-09
41.26417303787915,1.9800684800338546,2025-01-09
41.26417409531938,1.9801878429088,2025-01-09
41.26417515263591,1.980307205790107,2025-01-09
41.2641762098287,1.9804265686777744,2025-01-09
41.264177266897775,1.9805459315718021,2025-01-09
41.26417832384312,1.9806652944721888,2025-01-09
41.264179380664736,1.9807846573789338,2025-01-09
41.26418043736264,1.980904020292037,2025-01-09
41.26418149393681,1.9810233832114965,2025-01-09
41.26418255038726,1.981142746137313,2025-01-09
41.26418360671398,1.9812621090694844,2025-01-09
41.264184662916975,1.9813814720080114,2025-01-09
41.26418571899624,1.9815008349528913,2025-01-09
41.264186774951796,1.9816201979041255,2025-01-09
41.26418783078362,1.9817395608617117,2025-01-09
41.2641888864917,1.9818589238256497,2025-01-09
41.264189942076094,1.9819782867959383,2025-01-09
41.26419099753674,1.9820976497725782,2025-01-09
41.26419205287365,1.9822170127555674,2025-01-09
41.26419310808684,1.9823363757449053,2025-01-09
41.26419416317632,1.9824557387405906,2025-01-09
41.26419521814206,1.9825751017426236,2025-01-09
41.26419627298409,1.9826944647510039,2025-01-09
41.264197327702384,1.9828138277657292,2025-01-09
41.264198382296954,1.9829331907868,2025-01-09
41.264199436767804,1.983052553814215,2025-01-09
41.26420049111493,1.9831719168479736,2025-01-09
41.264201545338324,1.983291279888075,2025-01-09
41.264202599437986,1.983410642934519,2025-01-09
41.26420365341393,1.9835300059873042,2025-01-09
41.26420470726616,1.9836493690464299,2025-01-09
41.26420576099465,1.983768732111895,2025-01-09
41.26420681459942,1.9838880951837,2025-01-09
41.26420786808047,1.9840074582618428,2025-01-09
41.26420892143778,1.9841268213463237,2025-01-09
41.264209974671374,1.984246184437141,2025-01-09
41.26421102778125,1.984365547534295,2025-01-09
41.264212080767386,1.9844849106377838,2025-01-09
41.26421313362981,1.9846042737476077,2025-01-09
41.26421418636849,1.984723636863766,2025-01-09
41.26421523898347,1.984842999986257,2025-01-09
41.2642162914747,1.9849623631150803,2025-01-09
41.26421734384221,1.9850817262502354,2025-01-09
41.264218396086,1.9852010893917216,2025-01-09
41.26421944820607,1.9853204525395376,2025-01-09
41.26422050020241,1.9854398156936834,2025-01-09
41.26422155207502,1.9855591788541582,2025-01-09
41.26422260382392,1.9856785420209602,2025-01-09
41.264223655449065,1.9857979051940904,2025-01-09
41.2642247069505,1.9859172683735467,2025-01-09
41.26422575832822,1.9860366315593283,2025-01-09
41.264226809582205,1.9861559947514358,2025-01-09
41.26422786071247,1.9862753579498669,2025-01-09
41.26422891171899,1.9863947211546216,2025-01-09
41.264229962601796,1.986514084365699,2025-01-09
41.26423101336088,1.986633447583099,2025-01-09
41.26423206399624,1.9867528108068198,2025-01-09
41.26423311450787,1.9868721740368611,2025-01-09
41.26423416489577,1.986991537273222,2025-01-09
41.26423521515996,1.9871109005159024,2025-01-09
41.26423626530041,1.9872302637649009,2025-01-09
41.26423731531713,1.987349627020217,2025-01-09
41.26423836521013,1.9874689902818496,2025-01-09
41.2642394149794,1.9875883535497993,2025-01-09
41.26424046462495,1.987707716824063,2025-01-09
41.264241514146775,1.987827080104642,2025-01-09
41.264242563544876,1.987946443391535,2025-01-09
41.26424361281925,1.9880658066847412,2025-01-09
41.26424466196988,1.988185169984259,2025-01-09
41.26424571099681,1.988304533290089,2025-01-09
41.264246759900004,1.98842389660223,2025-01-09
41.26424780867948,1.9885432599206807,2025-01-09
41.26424885733521,1.988662623245441,2025-01-09
41.26424990586723,1.9887819865765095,2025-01-09
41.26425095427551,1.9889013499138868,2025-01-09
41.264252002560085,1.9890207132575706,2025-01-09
41.264253050720924,1.989140076607561,2025-01-09
41.26425409875804,1.9892594399638566,2025-01-09
41.26425514667141,1.9893788033264577,2025-01-09
41.264256194461076,1.9894981666953628,2025-01-09
41.26425724212701,1.9896175300705712,2025-01-09
41.26425828966921,1.9897368934520825,2025-01-09
41.264259337087694,1.9898562568398956,2025-01-09
41.26426038438243,1.98997562023401,2025-01-09
41.264261431553464,1.9900949836344246,2025-01-09
41.26426247860077,1.9902143470411395,2025-01-09
41.26426352552434,1.9903337104541527,2025-01-09
41.264264572324194,1.9904530738734643,2025-01-09
41.26426561900031,1.9905724372990736,2025-01-09
41.26426666555271,1.9906918007309795,2025-01-09
41.264267711981375,1.9908111641691817,2025-01-09
41.26426875828633,1.9909305276136786,2025-01-09
41.26426980446754,1.99104989106447,2025-01-09
41.26427085052502,1.9911692545215558,2025-01-09
41.264271896458794,1.9912886179849338,2025-01-09
41.264272942268825,1.9914079814546046,2025-01-09
41.264273987955136,1.9915273449305666,2025-01-09
41.26427503351771,1.99164670841282,2025-01-09
41.26427607895657,1.991766071901363,2025-01-09
41.26427712427171,1.9918854353961952,2025-01-09
41.26427816946311,1.992004798897316,2025-01-09
41.26427921453079,1.9921241624047248,2025-01-09
41.26428025947474,1.9922435259184206,2025-01-09
41.26428130429496,1.9923628894384025,2025-01-09
41.26428234899146,1.99248225296467,2025-01-09
41.26428339356423,1.9926016164972227,2025-01-09
41.26428443801327,1.992720980036059,2025-01-09
41.2642854823386,1.992840343581179,2025-01-09
41.26428652654018,1.9929597071325813,2025-01-09
41.26428757061804,1.993079070690266,2025-01-09
41.26428861457218,1.9931984342542315,2025-01-09
41.264289658402596,1.9933177978244774,2025-01-09
41.26429070210927,1.9934371614010025,2025-01-09
41.26429174569223,1.9935565249838072,2025-01-09
41.264292789151455,1.9936758885728894,2025-01-09
41.26429383248696,1.9937952521682494,2025-01-09
41.26429487569874,1.9939146157698857,2025-01-09
41.264295918786786,1.9940339793777981,2025-01-09
41.264296961751114,1.9941533429919858,2025-01-09
41.2642980045917,1.994272706612448,2025-01-09
41.264299047308576,1.994392070239183,2025-01-09
41.26430008990172,1.994511433872192,2025-01-09
41.26430113237112,1.9946307975114723,2025-01-09
41.26430217471682,1.9947501611570246,2025-01-09
41.26430321693878,1.9948695248088477,2025-01-09
41.26430425903701,1.9949888884669404,2025-01-09
41.26430530101151,1.9951082521313026,2025-01-09
41.26430634286229,1.995227615801933,2025-01-09
41.26430738458935,1.995346979478831,2025-01-09
41.26430842619266,1.9954663431619966,2025-01-09
41.26430946767227,1.9955857068514278,2025-01-09
41.26431050902813,1.9957050705471246,2025-01-09
41.26431155026028,1.9958244342490863,2025-01-09
41.26431259136869,1.9959437979573122,2025-01-09
41.264313632353385,1.9960631616718008,2025-01-09
41.26431467321434,1.9961825253925525,2025-01-09
41.26431571395158,1.9963018891195659,2025-01-09
41.26431675456509,1.9964212528528398,2025-01-09
41.26431779505487,1.9965406165923738,2025-01-09
41.26431883542092,1.9966599803381686,2025-01-09
41.26431987566325,1.9967793440902208,2025-01-09
41.264320915781845,1.9968987078485316,2025-01-09
41.26432195577671,1.9970180716130996,2025-01-09
41.264322995647845,1.9971374353839249,2025-01-09
41.26432403539527,1.9972567991610053,2025-01-09
41.264325075018945,1.9973761629443407,2025-01-09
41.264326114518916,1.9974955267339307,2025-01-09
41.26432715389515,1.997614890529774,2025-01-09
41.26432819314765,1.9977342543318706,2025-01-09
41.264329232276424,1.997853618140219,2025-01-09
41.264330271281494,1.997972981954819,2025-01-09
41.26433131016281,1.9980923457756692,2025-01-09
41.2643323489204,1.9982117096027692,2025-01-09
41.264333387554274,1.9983310734361188,2025-01-09
41.2643344260644,1.9984504372757168,2025-01-09
41.26433546445083,1.9985698011215618,2025-01-09
41.264336502713505,1.998689164973654,2025-01-09
41.26433754085246,1.9988085288319926,2025-01-09
41.2643385788677,1.9989278926965761,2025-01-09
41.2643396167592,1.9990472565674047,2025-01-09
41.264340654526976,1.9991666204444771,2025-01-09
41.264341692171016,1.9992859843277926,2025-01-09
41.26434272969133,1.9994053482173506,2025-01-09
41.26434376708794,1.99952471211315,2025-01-09
41.26434480436079,1.9996440760151908,2025-01-09
41.26434584150993,1.9997634399234714,2025-01-09
41.264346878535335,1.9998828038379914,2025-01-09
41.264347915437014,2.0000021677587507,2025-01-09
41.26434895221497,2.0001215316857475,2025-01-09
41.264349988869185,2.000240895618982,2025-01-09
41.26435102539969,2.0003602595584518,2025-01-09
41.264352061806456,2.0004796235041584,2025-01-09
41.2643530980895,2.000598987456099,2025-01-09
41.26435413424881,2.000718351414275,2025-01-09
41.2643551702844,2.000837715378684,2025-01-09
41.264356206196254,2.000957079349326,2025-01-09
41.26435724198437,2.0010764433261996,2025-01-09
41.26435827764878,2.0011958073093044,2025-01-09
41.26435931318945,2.00131517129864,2025-01-09
41.264360348606395,2.001434535294205,2025-01-09
41.264361383899605,2.001553899296,2025-01-09
41.264362419069094,2.0016732633040224,2025-01-09
41.26436345411486,2.0017926273182725,2025-01-09
41.264364489036886,2.0019119913387495,2025-01-09
41.264365523835195,2.0020313553654523,2025-01-09
41.26436655850978,2.0021507193983807,2025-01-09
41.26436759306061,2.0022700834375335,2025-01-09
41.26436862748774,2.00238944748291,2025-01-09
41.264369661791115,2.00250881153451,2025-01-09
41.2643706959708,2.002628175592332,2025-01-09
41.263779839822945,1.946409853701246,2025-01-09
41.263780932149366,1.9465292145886333,2025-01-09
41.263782024352075,1.9466485754825906,2025-01-09
41.263783116431064,1.946767936383119,2025-01-09
41.26378420838631,1.946887297290217,2025-01-09
41.263785300217855,1.9470066582038839,2025-01-09
41.26378639192569,1.947126019124119,2025-01-09
41.263787483509795,1.9472453800509215,2025-01-09
41.26378857497018,1.9473647409842911,2025-01-09
41.263789666306856,1.9474841019242264,2025-01-09
41.2637907575198,1.9476034628707273,2025-01-09
41.26379184860904,1.9477228238237925,2025-01-09
41.26379293957455,1.9478421847834213,2025-01-09
41.26379403041634,1.9479615457496133,2025-01-09
41.263795121134415,1.9480809067223679,2025-01-09
41.26379621172877,1.9482002677016839,2025-01-09
41.2637973021994,1.9483196286875604,2025-01-09
41.26379839254632,1.9484389896799978,2025-01-09
41.26379948276952,1.9485583506789934,2025-01-09
41.263800572868995,1.9486777116845482,2025-01-09
41.263801662844756,1.9487970726966608,2025-01-09
41.2638027526968,1.9489164337153302,2025-01-09
41.26380384242511,1.949035794740556,2025-01-09
41.26380493202972,1.9491551557723374,2025-01-09
41.26380602151059,1.9492745168106738,2025-01-09
41.26380711086775,1.9493938778555644,2025-01-09
41.263808200101195,1.949513238907008,2025-01-09
41.263809289210926,1.9496325999650042,2025-01-09
41.26381037819692,1.9497519610295526,2025-01-09
41.263811467059206,1.9498713221006523,2025-01-09
41.26381255579778,1.9499906831783018,2025-01-09
41.263813644412615,1.9501100442625012,2025-01-09
41.26381473290374,1.9502294053532496,2025-01-09
41.26381582127115,1.9503487664505461,2025-01-09
41.26381690951483,1.95046812755439,2025-01-09
41.2638179976348,1.9505874886647805,2025-01-09
41.26381908563105,1.950706849781717,2025-01-09
41.263820173503575,1.9508262109051984,2025-01-09
41.26382126125238,1.950945572035225,2025-01-09
41.26382234887747,1.9510649331717946,2025-01-09
41.263823436378836,1.9511842943149071,2025-01-09
41.26382452375649,1.9513036554645626,2025-01-09
41.26382561101042,1.9514230166207587,2025-01-09
41.263826698140626,1.951542377783496,2025-01-09
41.263827785147114,1.9516617389527733,2025-01-09
41.26382887202988,1.9517811001285892,2025-01-09
41.26382995878893,1.951900461310944,2025-01-09
41.26383104542427,1.9520198224998369,2025-01-09
41.26383213193588,1.9521391836952662,2025-01-09
41.26383321832377,1.9522585448972318,2025-01-09
41.26383430458794,1.9523779061057334,2025-01-09
41.26383539072839,1.9524972673207692,2025-01-09
41.26383647674512,1.9526166285423399,2025-01-09
41.26383756263812,1.952735989770443,2025-01-09
41.26383864840742,1.9528553510050783,2025-01-09
41.263839734052986,1.9529747122462466,2025-01-09
41.26384081957484,1.9530940734939453,2025-01-09
41.26384190497298,1.9532134347481744,2025-01-09
41.263842990247376,1.953332796008933,2025-01-09
41.26384407539807,1.9534521572762202,2025-01-09
41.263845160425035,1.9535715185500357,2025-01-09
41.263846245328295,1.9536908798303785,2025-01-09
41.26384733010783,1.9538102411172482,2025-01-09
41.263848414763636,1.9539296024106434,2025-01-09
41.263849499295716,1.9540489637105636,2025-01-09
41.2638505837041,1.9541683250170083,2025-01-09
41.26385166798874,1.9542876863299765,2025-01-09
41.26385275214966,1.954407047649468,2025-01-09
41.26385383618689,1.954526408975481,2025-01-09
41.26385492010038,1.9546457703080153,2025-01-09
41.26385600389014,1.9547651316470707,2025-01-09
41.26385708755618,1.9548844929926463,2025-01-09
41.26385817109851,1.9550038543447403,2025-01-09
41.26385925451712,1.955123215703353,2025-01-09
41.26386033781202,1.9552425770684831,2025-01-09
41.26386142098318,1.9553619384401306,2025-01-09
41.26386250403063,1.955481299818294,2025-01-09
41.26386358695436,1.9556006612029728,2025-01-09
41.263864669754355,1.9557200225941662,2025-01-09
41.263865752430654,1.9558393839918737,2025-01-09
41.263866834983205,1.9559587453960943,2025-01-09
41.26386791741206,1.9560781068068276,2025-01-09
41.26386899971718,1.9561974682240728,2025-01-09
41.26387008189858,1.956316829647828,2025-01-09
41.26387116395626,1.9564361910780945,2025-01-09
41.263872245890234,1.9565555525148692,2025-01-09
41.26387332770047,1.9566749139581536,2025-01-09
41.26387440938699,1.9567942754079461,2025-01-09
41.26387549094979,1.956913636864245,2025-01-09
41.26387657238887,1.9570329983270514,2025-01-09
41.263877653704235,1.9571523597963627,2025-01-09
41.26387873489587,1.9572717212721795,2025-01-09
41.26387981596379,1.9573910827545007,2025-01-09
41.263880896907985,1.957510444243325,2025-01-09
41.26388197772845,1.9576298057386523,2025-01-09
41.263883058425215,1.9577491672404814,2025-01-09
41.26388413899825,1.9578685287488122,2025-01-09
41.263885219447566,1.9579878902636432,2025-01-09
41.26388629977316,1.9581072517849738,2025-01-09
41.26388737997504,1.958226613312804,2025-01-09
41.26388846005319,1.9583459748471317,2025-01-09
41.26388954000762,1.958465336387958,2025-01-09
41.26389061983833,1.9585846979352803,2025-01-09
41.26389169954532,1.9587040594890996,2025-01-09
41.26389277912858,1.9588234210494133,2025-01-09
41.26389385858813,1.958942782616222,2025-01-09
41.26389493792396,1.9590621441895246,2025-01-09
41.26389601713606,1.9591815057693198,2025-01-09
41.26389709622445,1.9593008673556085,2025-01-09
41.26389817518911,1.9594202289483877,2025-01-09
41.26389925403006,1.9595395905476582,2025-01-09
41.26390033274727,1.9596589521534187,2025-01-09
41.263901411340775,1.9597783137656686,2025-01-09
41.263902489810555,1.9598976753844075,2025-01-09
41.263903568156614,1.9600170370096337,2025-01-09
41.263904646378954,1.9601363986413474,2025-01-09
41.26390572447757,1.9602557602795476,2025-01-09
41.26390680245246,1.9603751219242336,2025-01-09
41.263907880303634,1.9604944835754043,2025-01-09
41.26390895803109,1.960613845233059,2025-01-09
41.263910035634815,1.9607332068971977,2025-01-09
41.26391111311483,1.9608525685678186,2025-01-09
41.26391219047111,1.9609719302449213,2025-01-09
41.263913267703686,1.961091291928505,2025-01-09
41.26391434481253,1.96121065361857,2025-01-09
41.263915421797655,1.961330015315114,2025-01-09
41.26391649865905,1.9614493770181376,2025-01-09
41.26391757539673,1.9615687387276393,2025-01-09
41.2639186520107,1.9616881004436182,2025-01-09
41.26391972850094,1.9618074621660735,2025-01-09
41.26392080486745,1.9619268238950056,2025-01-09
41.26392188111025,1.9620461856304126,2025-01-09
41.26392295722932,1.9621655473722939,2025-01-09
41.263924033224676,1.9622849091206493,2025-01-09
41.26392510909631,1.9624042708754774,2025-01-09
41.26392618484422,1.962523632636778,2025-01-09
41.26392726046841,1.96264299440455,2025-01-09
41.26392833596888,1.9627623561787928,2025-01-09
41.26392941134563,1.962881717959506,2025-01-09
41.26393048659864,1.9630010797466884,2025-01-09
41.263931561727944,1.9631204415403387,2025-01-09
41.263932636733536,1.9632398033404572,2025-01-09
41.26393371161539,1.963359165147043,2025-01-09
41.263934786373525,1.9634785269600952,2025-01-09
41.26393586100794,1.9635978887796128,2025-01-09
41.263936935518636,1.9637172506055947,2025-01-09
41.2639380099056,1.9638366124380415,2025-01-09
41.263939084168854,1.9639559742769512,2025-01-09
41.26394015830839,1.9640753361223235,2025-01-09
41.263941232324186,1.9641946979741578,2025-01-09
41.26394230621628,1.9643140598324536,2025-01-09
41.26394337998464,1.9644334216972088,2025-01-09
41.263944453629286,1.9645527835684242,2025-01-09
41.2639455271502,1.9646721454460987,2025-01-09
41.26394660054739,1.9647915073302311,2025-01-09
41.26394767382088,1.9649108692208208,2025-01-09
41.26394874697063,1.9650302311178676,2025-01-09
41.26394981999667,1.9651495930213696,2025-01-09
41.26395089289896,1.9652689549313274,2025-01-09
41.263951965677556,1.9653883168477397,2025-01-09
41.26395303833242,1.965507678770605,2025-01-09
41.263954110863565,1.9656270406999237,2025-01-09
41.263955183270994,1.9657464026356948,2025-01-09
41.26395625555468,1.965865764577917,2025-01-09
41.26395732771467,1.96598512652659,2025-01-09
41.26395839975093,1.9661044884817125,2025-01-09
41.263959471663455,1.9662238504432845,2025-01-09
41.26396054345227,1.966343212411305,2025-01-09
41.26396161511736,1.9664625743857735,2025-01-09
41.26396268665872,1.9665819363666888,2025-01-09
41.263963758076365,1.96670129835405,2025-01-09
41.26396482937029,1.966820660347857,2025-01-09
41.26396590054049,1.9669400223481088,2025-01-09
41.26396697158696,1.9670593843548048,2025-01-09
41.263968042509724,1.9671787463679438,2025-01-09
41.26396911330876,1.9672981083875254,2025-01-09
41.26397018398407,1.9674174704135488,2025-01-09
41.26397125453566,1.9675368324460132,2025-01-09
41.26397232496352,1.9676561944849178,2025-01-09
41.26397339526767,1.9677755565302615,2025-01-09
41.263974465448094,1.967894918582045,2025-01-09
41.26397553550479,1.9680142806402658,2025-01-09
41.26397660543777,1.968133642704924,2025-01-09
41.26397767524702,1.9682530047760192,2025-01-09
41.26397874493255,1.96837236685355,2025-01-09
41.26397981449437,1.9684917289375155,2025-01-09
41.263980883932454,1.9686110910279153,2025-01-09
41.26398195324682,1.9687304531247494,2025-01-09
41.26398302243746,1.968849815228016,2025-01-09
41.263984091504376,1.9689691773377147,2025-01-09
41.263985160447575,1.9690885394538444,2025-01-09
41.26398622926705,1.9692079015764055,2025-01-09
41.2639872979628,1.9693272637053958,2025-01-09
41.26398836653483,1.9694466258408154,2025-01-09
41.26398943498314,1.9695659879826635,2025-01-09
41.263990503307724,1.969685350130939,2025-01-09
41.26399157150858,1.9698047122856417,2025-01-09
41.26399263958572,1.9699240744467703,2025-01-09
41.263993707539136,1.9700434366143245,2025-01-09
41.263994775368836,1.9701627987883032,2025-01-09
41.263995843074795,1.9702821609687062,2025-01-09
41.26399691065705,1.970401523155532,2025-01-09
41.263997978115576,1.97052088534878,2025-01-09
41.26399904545037,1.9706402475484504,2025-01-09
41.26400011266145,1.9707596097545412,2025-01-09
41.26400117974881,1.9708789719670525,2025-01-09
41.264002246712444,1.9709983341859834,2025-01-09
41.26400331355236,1.9711176964113324,2025-01-09
41.264004380268545,1.9712370586430998,2025-01-09
41.264005446861,1.9713564208812842,2025-01-09
41.26400651332974,1.9714757831258851,2025-01-09
41.264007579674754,1.9715951453769018,2025-01-09
41.264008645896055,1.9717145076343336,2025-01-09
41.26400971199363,1.9718338698981799,2025-01-09
41.26401077796748,1.9719532321684392,2025-01-09
41.264011843817606,1.9720725944451112,2025-01-09
41.264012909544014,1.9721919567281954,2025-01-09
41.26401397514669,1.972311319017691,2025-01-09
41.264015040625644,1.972430681313597,2025-01-09
41.26401610598089,1.9725500436159127,2025-01-09
41.264017171212394,1.9726694059246377,2025-01-09
41.26401823632018,1.9727887682397711,2025-01-09
41.264019301304245,1.9729081305613114,2025-01-09
41.264020366164594,1.9730274928892593,2025-01-09
41.26402143090122,1.9731468552236127,2025-01-09
41.264022495514105,1.9732662175643718,2025-01-09
41.264023560003274,1.973385579911535,2025-01-09
41.26402462436872,1.9735049422651025,2025-01-09
41.26402568861044,1.9736243046250732,2025-01-09
41.26402675272845,1.9737436669914457,2025-01-09
41.26402781672273,1.9738630293642199,2025-01-09
41.26402888059329,1.9739823917433954,2025-01-09
41.26402994434011,1.9741017541289705,2025-01-09
41.26403100796322,1.9742211165209453,2025-01-09
41.2640320714626,1.9743404789193186,2025-01-09
41.26403313483827,1.97445984132409,2025-01-09
41.26403419809021,1.974579203735258,2025-01-09
41.264035261218424,1.974698566152823,2025-01-09
41.26403632422291,1.9748179285767835,2025-01-09
41.264037387103684,1.9749372910071388,2025-01-09
41.26403844986072,1.9750566534438883,2025-01-09
41.26403951249405,1.975176015887031,2025-01-09
41.26404057500364,1.9752953783365668,2025-01-09
41.26404163738952,1.975414740792494,2025-01-09
41.26404269965167,1.9755341032548128,2025-01-09
41.264043761790084,1.9756534657235216,2025-01-09
41.26404482380479,1.9757728281986204,2025-01-09
41.264045885695765,1.9758921906801088,2025-01-09
41.26404694746303,1.9760115531679843,2025-01-09
41.26404800910656,1.9761309156622477,2025-01-09
41.264049070626356,1.9762502781628979,2025-01-09
41.264050132022454,1.976369640669934,2025-01-09
41.26405119329481,1.9764890031833555,2025-01-09
41.26405225444344,1.9766083657031615,2025-01-09
41.26405331546836,1.9767277282293514,2025-01-09
41.26405437636955,1.9768470907619233,2025-01-09
41.26405543714702,1.9769664533008784,2025-01-09
41.26405649780075,1.9770858158462148,2025-01-09
41.26405755833077,1.977205178397932,2025-01-09
41.26405861873707,1.9773245409560294,2025-01-09
41.26405967901963,1.9774439035205056,2025-01-09
41.26406073917848,1.9775632660913607,2025-01-09
41.26406179921361,1.9776826286685933,2025-01-09
41.264062859125,1.9778019912522034,2025-01-09
41.264063918912676,1.9779213538421894,2025-01-09
41.26406497857663,1.9780407164385512,2025-01-09
41.26406603811685,1.9781600790412877,2025-01-09
41.264067097533356,1.9782794416503982,2025-01-09
41.26406815682613,1.9783988042658822,2025-01-09
41.264069215995185,1.9785181668877383,2025-01-09
41.26407027504051,1.978637529515967,2025-01-09
41.264071333962114,1.9787568921505665,2025-01-09
41.26407239276,1.9788762547915366,2025-01-09
41.26407345143416,1.9789956174388759,2025-01-09
41.26407450998458,1.979114980092584,2025-01-09
41.26407556841129,1.9792343427526604,2025-01-09
41.264076626714285,1.9793537054191044,2025-01-09
41.264077684893536,1.979473068091915,2025-01-09
41.264078742949074,1.9795924307710913,2025-01-09
41.264079800880886,1.9797117934566324,2025-01-09
41.26408085868898,1.9798311561485382,2025-01-09
41.26408191637334,1.979950518846808,2025-01-09
41.264082973933974,1.9800698815514406,2025-01-09
41.26408403137089,1.980189244262435,2025-01-09
41.264085088684084,1.9803086069797913,2025-01-09
41.26408614587355,1.9804279697035083,2025-01-09
41.26408720293929,1.9805473324335847,2025-01-09
41.264088259881305,1.980666695170021,2025-01-09
41.26408931669959,1.9807860579128147,2025-01-09
41.264090373394176,1.9809054206619667,2025-01-09
41.26409142996501,1.9810247834174757,2025-01-09
41.26409248641213,1.981144146179341,2025-01-09
41.26409354273552,1.9812635089475616,2025-01-09
41.264094598935195,1.981382871722137,2025-01-09
41.26409565501115,1.9815022345030664,2025-01-09
41.26409671096335,1.9816215972903493,2025-01-09
41.26409776679185,1.9817409600839844,2025-01-09
41.26409882249662,1.981860322883971,2025-01-09
41.26409987807767,1.9819796856903094,2025-01-09
41.26410093353499,1.9820990485029972,2025-01-09
41.264101988868596,1.9822184113220351,2025-01-09
41.26410304407847,1.9823377741474217,2025-01-09
41.26410409916462,1.982457136979156,2025-01-09
41.264105154127044,1.982576499817238,2025-01-09
41.264106208965735,1.9826958626616662,2025-01-09
41.26410726368072,1.9828152255124405,2025-01-09
41.264108318271965,1.9829345883695595,2025-01-09
41.26410937273949,1.9830539512330232,2025-01-09
41.264110427083295,1.9831733141028303,2025-01-09
41.26411148130337,1.9832926769789805,2025-01-09
41.26411253539972,1.983412039861472,2025-01-09
41.264113589372336,1.983531402750306,2025-01-09
41.26411464322124,1.9836507656454794,2025-01-09
41.26411569694642,1.9837701285469935,2025-01-09
41.26411675054786,1.9838894914548464,2025-01-09
41.26411780402559,1.9840088543690375,2025-01-09
41.26411885737959,1.984128217289567,2025-01-09
41.264119910609864,1.9842475802164323,2025-01-09
41.26412096371642,1.984366943149634,2025-01-09
41.26412201669925,1.9844863060891715,2025-01-09
41.264123069558345,1.9846056690350433,2025-01-09
41.26412412229372,1.9847250319872496,2025-01-09
41.264125174905374,1.9848443949457886,2025-01-09
41.26412622739329,1.98496375791066,2025-01-09
41.264127279757496,1.9850831208818631,2025-01-09
41.26412833199797,1.985202483859397,2025-01-09
41.264129384114725,1.9853218468432614,2025-01-09
41.26413043610775,1.9854412098334546,2025-01-09
41.26413148797705,1.9855605728299774,2025-01-09
41.264132539722624,1.985679935832827,2025-01-09
41.264133591344475,1.9857992988420052,2025-01-09
41.2641346428426,1.9859186618575086,2025-01-09
41.26413569421698,1.9860380248793383,2025-01-09
41.26413674546767,1.9861573879074932,2025-01-09
41.26413779659461,1.9862767509419719,2025-01-09
41.26413884759784,1.9863961139827744,2025-01-09
41.26413989847734,1.9865154770298996,2025-01-09
41.2641409492331,1.9866348400833462,2025-01-09
41.26414199986516,1.9867542031431145,2025-01-09
41.26414305037348,1.9868735662092034,2025-01-09
41.264144100758074,1.9869929292816122,2025-01-09
41.264145151018944,1.98711229236034,2025-01-09
41.26414620115609,1.9872316554453857,2025-01-09
41.26414725116951,1.9873510185367493,2025-01-09
41.2641483010592,1.9874703816344297,2025-01-09
41.264149350825164,1.9875897447384256,2025-01-09
41.264150400467415,1.9877091078487372,2025-01-09
41.26415144998593,1.9878284709653635,2025-01-09
41.26415249938073,1.987947834088303,2025-01-09
41.26415354865179,1.9880671972175568,2025-01-09
41.26415459779913,1.9881865603531217,2025-01-09
41.26415564682274,1.9883059234949985,2025-01-09
41.26415669572263,1.9884252866431864,2025-01-09
41.264157744498796,1.9885446497976842,2025-01-09
41.26415879315124,1.9886640129584912,2025-01-09
41.26415984167995,1.9887833761256073,2025-01-09
41.26416089008494,1.9889027392990308,2025-01-09
41.2641619383662,1.9890221024787615,2025-01-09
41.26416298652373,1.9891414656647983,2025-01-09
41.26416403455753,1.9892608288571416,2025-01-09
41.26416508246763,1.9893801920557892,2025-01-09
41.264166130253976,1.9894995552607413,2025-01-09
41.26416717791661,1.9896189184719963,2025-01-09
41.26416822545551,1.9897382816895541,2025-01-09
41.2641692728707,1.9898576449134138,2025-01-09
41.26417032016215,1.9899770081435748,2025-01-09
41.26417136732988,1.9900963713800361,2025-01-09
41.26417241437388,1.9902157346227975,2025-01-09
41.26417346129416,1.990335097871857,2025-01-09
41.26417450809071,1.9904544611272152,2025-01-09
41.26417555476353,1.990573824388871,2025-01-09
41.264176601312634,1.990693187656823,2025-01-09
41.26417764773801,1.990812550931072,2025-01-09
41.26417869403966,1.9909319142116149,2025-01-09
41.26417974021758,1.991051277498453,2025-01-09
41.26418078627177,1.9911706407915848,2025-01-09
41.26418183220223,1.9912900040910093,2025-01-09
41.26418287800898,1.991409367396726,2025-01-09
41.264183923692,1.9915287307087344,2025-01-09
41.26418496925129,1.9916480940270338,2025-01-09
41.26418601468685,1.9917674573516226,2025-01-09
41.26418705999869,1.991886820682501,2025-01-09
41.2641881051868,1.9920061840196681,2025-01-09
41.264189150251184,1.9921255473631225,2025-01-09
41.264190195191844,1.9922449107128641,2025-01-09
41.26419124000878,1.992364274068892,2025-01-09
41.26419228470199,1.9924836374312056,2025-01-09
41.264193329271464,1.9926030007998043,2025-01-09
41.26419437371722,1.9927223641746867,2025-01-09
41.26419541803924,1.9928417275558525,2025-01-09
41.26419646223755,1.9929610909433004,2025-01-09
41.26419750631213,1.9930804543370306,2025-01-09
41.264198550262975,1.9931998177370418,2025-01-09
41.264199594090094,1.9933191811433333,2025-01-09
41.26420063779349,1.9934385445559046,2025-01-09
41.26420168137316,1.9935579079747545,2025-01-09
41.264202724829104,1.9936772713998825,2025-01-09
41.26420376816132,1.9937966348312877,2025-01-09
41.2642048113698,1.99391599826897,2025-01-09
41.26420585445457,1.9940353617129276,2025-01-09
41.264206897415605,1.9941547251631608,2025-01-09
41.264207940252916,1.9942740886196677,2025-01-09
41.264208982966515,1.9943934520824493,2025-01-09
41.26421002555636,1.994512815551503,2025-01-09
41.26421106802248,1.9946321790268289,2025-01-09
41.26421211036489,1.9947515425084268,2025-01-09
41.26421315258357,1.9948709059962944,2025-01-09
41.26421419467852,1.9949902694904327,2025-01-09
41.26421523664975,1.99510963299084,2025-01-09
41.26421627849725,1.9952289964975156,2025-01-09
41.264217320221015,1.9953483600104587,2025-01-09
41.26421836182106,1.995467723529669,2025-01-09
41.264219403297375,1.9955870870551458,2025-01-09
41.26422044464996,1.9957064505868876,2025-01-09
41.26422148587883,1.9958258141248946,2025-01-09
41.264222526983964,1.9959451776691648,2025-01-09
41.264223567965374,1.9960645412196987,2025-01-09
41.264224608823056,1.9961839047764953,2025-01-09
41.26422564955701,1.9963032683395532,2025-01-09
41.264226690167234,1.9964226319088718,2025-01-09
41.264227730653744,1.9965419954844512,2025-01-09
41.26422877101651,1.99666135906629,2025-01-09
41.26422981125556,1.9967807226543877,2025-01-09
41.26423085137088,1.9969000862487434,2025-01-09
41.264231891362485,1.9970194498493559,2025-01-09
41.26423293123035,1.9971388134562256,2025-01-09
41.26423397097449,1.9972581770693505,2025-01-09
41.264235010594895,1.9973775406887309,2025-01-09
41.26423605009159,1.997496904314365,2025-01-09
41.26423708946455,1.997616267946253,2025-01-09
41.264238128713785,1.9977356315843937,2025-01-09
41.264239167839285,1.9978549952287867,2025-01-09
41.264240206841066,1.9979743588794312,2025-01-09
41.26424124571912,1.9980937225363256,2025-01-09
41.26424228447344,1.9982130861994702,2025-01-09
41.26424332310403,1.998332449868864,2025-01-09
41.264244361610906,1.998451813544506,2025-01-09
41.26424539999404,1.9985711772263952,2025-01-09
41.264246438253465,1.998690540914532,2025-01-09
41.26424747638915,1.9988099046089145,2025-01-09
41.26424851440111,1.9989292683095425,2025-01-09
41.26424955228934,1.9990486320164151,2025-01-09
41.26425059005384,1.9991679957295314,2025-01-09
41.26425162769462,1.999287359448891,2025-01-09
41.26425266521167,1.999406723174493,2025-01-09
41.264253702605,1.999526086906337,2025-01-09
41.264254739874595,1.9996454506444215,2025-01-09
41.26425577702046,1.999764814388746,2025-01-09
41.26425681404261,1.99988417813931,2025-01-09
41.264257850941014,2.0000035418961124,2025-01-09
41.2642588877157,2.000122905659153,2025-01-09
41.26425992436666,2.0002422694284316,2025-01-09
41.26426096089389,2.0003616332039456,2025-01-09
41.264261997297396,2.000480996985696,2025-01-09
41.26426303357717,2.00060036077368,2025-01-09
41.26426406973322,2.0007197245678996,2025-01-09
41.26426510576554,2.0008390883683522,2025-01-09
41.26426614167414,2.0009584521750376,2025-01-09
41.264267177459004,2.0010778159879545,2025-01-09
41.26426821312013,2.0011971798071038,2025-01-09
41.26426924865755,2.0013165436324822,2025-01-09
41.26427028407123,2.0014359074640913,2025-01-09
41.2642713193612,2.001555271301929,2025-01-09
41.264272354527414,2.001674635145995,2025-01-09
41.26427338956992,2.001793998996288,2025-01-09
41.26427442448868,2.0019133628528087,2025-01-09
41.26427545928373,2.002032726715555,2025-01-09
41.26427649395505,2.002152090584527,2025-01-09
41.26427752850264,2.0022714544597227,2025-01-09
41.264278562926506,2.002390818341143,2025-01-09
41.264279597226626,2.002510182228786,2025-01-09
41.26428063140304,2.002629546122651,2025-01-09
41.26368977683114,1.9464113014450255,2025-01-09
41.263690869154125,1.946530662168472,2025-01-09
41.26369196135338,1.946650022898489,2025-01-09
41.26369305342893,1.9467693836350768,2025-01-09
41.263694145380754,1.9468887443782337,2025-01-09
41.26369523720886,1.9470081051279602,2025-01-09
41.263696328913255,1.9471274658842552,2025-01-09
41.26369742049392,1.9472468266471166,2025-01-09
41.26369851195087,1.9473661874165455,2025-01-09
41.2636996032841,1.9474855481925402,2025-01-09
41.26370069449361,1.9476049089751002,2025-01-09
41.2637017855794,1.9477242697642247,2025-01-09
41.26370287654147,1.947843630559913,2025-01-09
41.26370396737984,1.9479629913621637,2025-01-09
41.26370505809448,1.9480823521709774,2025-01-09
41.263706148685394,1.9482017129863523,2025-01-09
41.263707239152595,1.9483210738082877,2025-01-09
41.26370832949608,1.9484404346367836,2025-01-09
41.263709419715845,1.9485597954718388,2025-01-09
41.26371050981189,1.9486791563134522,2025-01-09
41.263711599784216,1.9487985171616231,2025-01-09
41.26371268963282,1.948917878016352,2025-01-09
41.26371377935771,1.949037238877637,2025-01-09
41.26371486895887,1.9491565997454772,2025-01-09
41.26371595843632,1.9492759606198717,2025-01-09
41.26371704779006,1.949395321500821,2025-01-09
41.263718137020064,1.9495146823883232,2025-01-09
41.263719226126355,1.9496340432823784,2025-01-09
41.263720315108934,1.9497534041829852,2025-01-09
41.26372140396778,1.9498727650901437,2025-01-09
41.26372249270292,1.9499921260038517,2025-01-09
41.26372358131434,1.9501114869241098,2025-01-09
41.26372466980203,1.950230847850916,2025-01-09
41.26372575816601,1.9503502087842715,2025-01-09
41.263726846406264,1.9504695697241738,2025-01-09
41.26372793452281,1.9505889306706223,2025-01-09
41.263729022515626,1.9507082916236174,2025-01-09
41.26373011038473,1.9508276525831574,2025-01-09
41.26373119813012,1.9509470135492417,2025-01-09
41.263732285751765,1.9510663745218697,2025-01-09
41.263733373249714,1.9511857355010407,2025-01-09
41.26373446062394,1.9513050964867538,2025-01-09
41.26373554787445,1.9514244574790083,2025-01-09
41.26373663500123,1.9515438184778036,2025-01-09
41.2637377220043,1.9516631794831385,2025-01-09
41.263738808883645,1.9517825404950133,2025-01-09
41.26373989563926,1.9519019015134258,2025-01-09
41.263740982271166,1.9520212625383764,2025-01-09
41.263742068779365,1.9521406235698637,2025-01-09
41.26374315516383,1.9522599846078876,2025-01-09
41.26374424142458,1.9523793456524465,2025-01-09
41.26374532756161,1.9524987067035402,2025-01-09
41.26374641357492,1.9526180677611684,2025-01-09
41.26374749946451,1.9527374288253296,2025-01-09
41.263748585230374,1.9528567898960234,2025-01-09
41.263749670872535,1.9529761509732484,2025-01-09
41.26375075639096,1.9530955120570048,2025-01-09
41.26375184178567,1.9532148731472916,2025-01-09
41.26375292705667,1.9533342342441076,2025-01-09
41.26375401220393,1.9534535953474528,2025-01-09
41.263755097227495,1.9535729564573254,2025-01-09
41.26375618212733,1.953692317573726,2025-01-09
41.26375726690345,1.9538116786966528,2025-01-09
41.26375835155583,1.9539310398261052,2025-01-09
41.263759436084506,1.954050400962083,2025-01-09
41.26376052048946,1.9541697621045848,2025-01-09
41.2637616047707,1.9542891232536108,2025-01-09
41.26376268892821,1.9544084844091592,2025-01-09
41.26376377296201,1.9545278455712294,2025-01-09
41.263764856872086,1.9546472067398215,2025-01-09
41.26376594065844,1.9547665679149335,2025-01-09
41.263767024321076,1.954885929096566,2025-01-09
41.26376810785999,1.9550052902847173,2025-01-09
41.26376919127519,1.9551246514793874,2025-01-09
41.26377027456666,1.9552440126805744,2025-01-09
41.26377135773442,1.9553633738882792,2025-01-09
41.26377244077845,1.9554827351024995,2025-01-09
41.26377352369876,1.955602096323235,2025-01-09
41.26377460649535,1.955721457550486,2025-01-09
41.263775689168234,1.9558408187842498,2025-01-09
41.26377677171739,1.9559601800245274,2025-01-09
41.26377785414283,1.9560795412713174,2025-01-09
41.26377893644454,1.956198902524619,2025-01-09
41.26378001862254,1.9563182637844312,2025-01-09
41.26378110067681,1.956437625050754,2025-01-09
41.263782182607365,1.9565569863235859,2025-01-09
41.2637832644142,1.9566763476029272,2025-01-09
41.26378434609732,1.9567957088887757,2025-01-09
41.26378542765671,1.9569150701811315,2025-01-09
41.263786509092384,1.957034431479994,2025-01-09
41.263787590404334,1.9571537927853624,2025-01-09
41.26378867159257,1.9572731540972355,2025-01-09
41.26378975265708,1.9573925154156129,2025-01-09
41.26379083359787,1.9575118767404933,2025-01-09
41.263791914414945,1.9576312380718772,2025-01-09
41.2637929951083,1.9577505994097624,2025-01-09
41.26379407567793,1.9578699607541497,2025-01-09
41.26379515612384,1.957989322105037,2025-01-09
41.263796236446034,1.958108683462424,2025-01-09
41.2637973166445,1.9582280448263099,2025-01-09
41.26379839671925,1.9583474061966946,2025-01-09
41.263799476670286,1.9584667675735763,2025-01-09
41.263800556497586,1.958586128956955,2025-01-09
41.26380163620118,1.9587054903468302,2025-01-09
41.26380271578105,1.9588248517431999,2025-01-09
41.263803795237195,1.958944213146065,2025-01-09
41.26380487456963,1.9590635745554235,2025-01-09
41.263805953778316,1.959182935971275,2025-01-09
41.26380703286332,1.9593022973936187,2025-01-09
41.263808111824574,1.9594216588224538,2025-01-09
41.263809190662116,1.9595410202577803,2025-01-09
41.26381026937594,1.9596603816995966,2025-01-09
41.26381134796604,1.9597797431479025,2025-01-09
41.26381242643243,1.9598991046026966,2025-01-09
41.263813504775094,1.9600184660639786,2025-01-09
41.26381458299403,1.9601378275317483,2025-01-09
41.263815661089254,1.9602571890060043,2025-01-09
41.26381673906076,1.9603765504867454,2025-01-09
41.26381781690853,1.9604959119739716,2025-01-09
41.263818894632585,1.9606152734676818,2025-01-09
41.26381997223292,1.9607346349678756,2025-01-09
41.26382104970954,1.960853996474552,2025-01-09
41.26382212706243,1.9609733579877104,2025-01-09
41.263823204291604,1.9610927195073498,2025-01-09
41.26382428139706,1.9612120810334697,2025-01-09
41.263825358378796,1.9613314425660695,2025-01-09
41.2638264352368,1.961450804105148,2025-01-09
41.263827511971094,1.9615701656507047,2025-01-09
41.26382858858166,1.9616895272027388,2025-01-09
41.26382966506851,1.9618088887612501,2025-01-09
41.26383074143163,1.961928250326237,2025-01-09
41.26383181767104,1.962047611897699,2025-01-09
41.263832893786734,1.9621669734756355,2025-01-09
41.2638339697787,1.9622863350600457,2025-01-09
41.26383504564694,1.962405696650929,2025-01-09
41.263836121391456,1.9625250582482847,2025-01-09
41.26383719701226,1.9626444198521116,2025-01-09
41.26383827250934,1.962763781462409,2025-01-09
41.26383934788269,1.962883143079177,2025-01-09
41.263840423132336,1.9630025047024138,2025-01-09
41.26384149825825,1.9631218663321193,2025-01-09
41.263842573260455,1.9632412279682925,2025-01-09
41.263843648138916,1.9633605896109334,2025-01-09
41.263844722893666,1.9634799512600405,2025-01-09
41.2638457975247,1.9635993129156122,2025-01-09
41.26384687203202,1.963718674577649,2025-01-09
41.263847946415595,1.9638380362461505,2025-01-09
41.263849020675465,1.9639573979211147,2025-01-09
41.263850094811616,1.9640767596025417,2025-01-09
41.26385116882404,1.9641961212904302,2025-01-09
41.26385224271273,1.9643154829847802,2025-01-09
41.263853316477714,1.9644348446855904,2025-01-09
41.26385439011898,1.96455420639286,2025-01-09
41.263855463636524,1.9646735681065888,2025-01-09
41.26385653703033,1.9647929298267757,2025-01-09
41.26385761030043,1.9649122915534196,2025-01-09
41.263858683446806,1.9650316532865204,2025-01-09
41.26385975646946,1.9651510150260771,2025-01-09
41.26386082936838,1.9652703767720887,2025-01-09
41.263861902143596,1.9653897385245551,2025-01-09
41.263862974795074,1.9655091002834746,2025-01-09
41.26386404732285,1.9656284620488476,2025-01-09
41.263865119726894,1.9657478238206723,2025-01-09
41.263866192007214,1.9658671855989487,2025-01-09
41.263867264163814,1.9659865473836753,2025-01-09
41.263868336196694,1.966105909174852,2025-01-09
41.26386940810585,1.9662252709724783,2025-01-09
41.26387047989129,1.966344632776553,2025-01-09
41.263871551553,1.966463994587075,2025-01-09
41.263872623091,1.9665833564040442,2025-01-09
41.26387369450526,1.96670271822746,2025-01-09
41.26387476579581,1.9668220800573202,2025-01-09
41.263875836962626,1.9669414418936257,2025-01-09
41.26387690800574,1.9670608037363753,2025-01-09
41.26387797892512,1.9671801655855679,2025-01-09
41.26387904972079,1.9672995274412033,2025-01-09
41.26388012039273,1.9674188893032802,2025-01-09
41.263881190940936,1.967538251171798,2025-01-09
41.26388226136543,1.9676576130467558,2025-01-09
41.26388333166621,1.9677769749281537,2025-01-09
41.26388440184326,1.96789633681599,2025-01-09
41.263885471896586,1.9680156987102646,2025-01-09
41.26388654182619,1.9681350606109764,2025-01-09
41.26388761163208,1.9682544225181247,2025-01-09
41.26388868131425,1.9683737844317086,2025-01-09
41.263889750872686,1.9684931463517277,2025-01-09
41.26389082030741,1.968612508278181,2025-01-09
41.2638918896184,1.968731870211068,2025-01-09
41.26389295880568,1.968851232150388,2025-01-09
41.26389402786923,1.9689705940961397,2025-01-09
41.26389509680905,1.9690899560483226,2025-01-09
41.26389616562516,1.9692093180069363,2025-01-09
41.26389723431755,1.9693286799719802,2025-01-09
41.26389830288621,1.9694480419434528,2025-01-09
41.263899371331156,1.969567403921354,2025-01-09
41.263900439652375,1.9696867659056823,2025-01-09
41.263901507849866,1.969806127896438,2025-01-09
41.26390257592364,1.9699254898936196,2025-01-09
41.26390364387369,1.970044851897227,2025-01-09
41.26390471170002,1.9701642139072584,2025-01-09
41.263905779402634,1.9702835759237138,2025-01-09
41.26390684698151,1.9704029379465924,2025-01-09
41.26390791443668,1.9705222999758933,2025-01-09
41.26390898176812,1.9706416620116158,2025-01-09
41.26391004897584,1.9707610240537599,2025-01-09
41.26391111605983,1.9708803861023234,2025-01-09
41.2639121830201,1.970999748157307,2025-01-09
41.26391324985665,1.9711191102187084,2025-01-09
41.263914316569476,1.9712384722865286,2025-01-09
41.26391538315858,1.9713578343607654,2025-01-09
41.26391644962396,1.971477196441419,2025-01-09
41.263917515965616,1.9715965585284876,2025-01-09
41.26391858218357,1.971715920621972,2025-01-09
41.26391964827778,1.9718352827218701,2025-01-09
41.263920714248265,1.9719546448281824,2025-01-09
41.263921780095046,1.9720740069409068,2025-01-09
41.26392284581809,1.9721933690600428,2025-01-09
41.263923911417415,1.972312731185591,2025-01-09
41.263924976893,1.9724320933175494,2025-01-09
41.26392604224489,1.9725514554559171,2025-01-09
41.26392710747304,1.9726708176006946,2025-01-09
41.26392817257747,1.9727901797518796,2025-01-09
41.263929237558195,1.9729095419094724,2025-01-09
41.263930302415176,1.9730289040734719,2025-01-09
41.26393136714844,1.9731482662438777,2025-01-09
41.263932431757986,1.973267628420688,2025-01-09
41.26393349624381,1.9733869906039037,2025-01-09
41.263934560605904,1.9735063527935233,2025-01-09
41.26393562484427,1.9736257149895455,2025-01-09
41.26393668895892,1.9737450771919696,2025-01-09
41.26393775294985,1.9738644394007963,2025-01-09
41.263938816817046,1.9739838016160232,2025-01-09
41.263939880560535,1.9741031638376498,2025-01-09
41.263940944180284,1.9742225260656763,2025-01-09
41.26394200767633,1.9743418883001016,2025-01-09
41.26394307104863,1.9744612505409245,2025-01-09
41.26394413429723,1.9745806127881442,2025-01-09
41.263945197422096,1.9746999750417606,2025-01-09
41.26394626042324,1.9748193373017726,2025-01-09
41.26394732330066,1.9749386995681795,2025-01-09
41.26394838605435,1.9750580618409805,2025-01-09
41.26394944868432,1.9751774241201745,2025-01-09
41.26395051119057,1.9752967864057613,2025-01-09
41.263951573573095,1.9754161486977402,2025-01-09
41.263952635831906,1.9755355109961101,2025-01-09
41.26395369796699,1.9756548733008705,2025-01-09
41.26395475997834,1.9757742356120211,2025-01-09
41.26395582186598,1.9758935979295598,2025-01-09
41.26395688362989,1.9760129602534866,2025-01-09
41.26395794527007,1.9761323225838017,2025-01-09
41.263959006786536,1.9762516849205027,2025-01-09
41.26396006817928,1.97637104726359,2025-01-09
41.26396112944829,1.9764904096130627,2025-01-09
41.26396219059359,1.9766097719689193,2025-01-09
41.26396325161516,1.9767291343311597,2025-01-09
41.263964312513004,1.9768484966997837,2025-01-09
41.26396537328713,1.9769678590747894,2025-01-09
41.26396643393754,1.9770872214561768,2025-01-09
41.263967494464204,1.9772065838439448,2025-01-09
41.26396855486716,1.9773259462380928,2025-01-09
41.263969615146394,1.9774453086386201,2025-01-09
41.263970675301906,1.977564671045526,2025-01-09
41.26397173533369,1.9776840334588088,2025-01-09
41.26397279524174,1.9778033958784698,2025-01-09
41.26397385502609,1.9779227583045067,2025-01-09
41.263974914686685,1.978042120736919,2025-01-09
41.26397597422358,1.978161483175706,2025-01-09
41.26397703363674,1.9782808456208671,2025-01-09
41.26397809292619,1.9784002080724015,2025-01-09
41.263979152091906,1.9785195705303085,2025-01-09
41.26398021113389,1.9786389329945875,2025-01-09
41.26398127005216,1.9787582954652374,2025-01-09
41.263982328846716,1.9788776579422578,2025-01-09
41.263983387517534,1.9789970204256473,2025-01-09
41.26398444606463,1.979116382915406,2025-01-09
41.263985504488005,1.9792357454115328,2025-01-09
41.26398656278765,1.979355107914027,2025-01-09
41.26398762096358,1.9794744704228877,2025-01-09
41.263988679015796,1.9795938329381142,2025-01-09
41.263989736944275,1.9797131954597058,2025-01-09
41.26399079474902,1.979832557987662,2025-01-09
41.26399185243005,1.9799519205219813,2025-01-09
41.26399290998736,1.9800712830626641,2025-01-09
41.263993967420944,1.980190645609709,2025-01-09
41.263995024730804,1.980310008163115,2025-01-09
41.263996081916936,1.9804293707228817,2025-01-09
41.26399713897935,1.9805487332890077,2025-01-09
41.26399819591804,1.9806680958614935,2025-01-09
41.26399925273301,1.9807874584403378,2025-01-09
41.26400030942424,1.98090682102554,2025-01-09
41.26400136599175,1.9810261836170986,2025-01-09
41.264002422435546,1.9811455462150138,2025-01-09
41.26400347875562,1.981264908819284,2025-01-09
41.26400453495196,1.9813842714299092,2025-01-09
41.26400559102458,1.9815036340468883,2025-01-09
41.26400664697348,1.9816229966702208,2025-01-09
41.26400770279864,1.9817423592999055,2025-01-09
41.26400875850009,1.9818617219359418,2025-01-09
41.26400981407782,1.9819810845783294,2025-01-09
41.264010869531816,1.982100447227067,2025-01-09
41.26401192486209,1.9822198098821544,2025-01-09
41.26401298006864,1.9823391725435897,2025-01-09
41.264014035151455,1.9824585352113742,2025-01-09
41.26401509011056,1.9825778978855055,2025-01-09
41.26401614494594,1.982697260565983,2025-01-09
41.2640171996576,1.9828166232528064,2025-01-09
41.26401825424552,1.982935985945975,2025-01-09
41.26401930870973,1.9830553486454878,2025-01-09
41.2640203630502,1.983174711351344,2025-01-09
41.26402141726696,1.9832940740635432,2025-01-09
41.26402247135998,1.9834134367820846,2025-01-09
41.26402352532929,1.9835327995069671,2025-01-09
41.26402457917487,1.98365216223819,2025-01-09
41.264025632896725,1.9837715249757526,2025-01-09
41.264026686494866,1.9838908877196546,2025-01-09
41.26402773996927,1.984010250469895,2025-01-09
41.26402879331995,1.9841296132264727,2025-01-09
41.26402984654691,1.9842489759893873,2025-01-09
41.26403089965014,1.9843683387586384,2025-01-09
41.26403195262966,1.9844877015342246,2025-01-09
41.26403300548544,1.984607064316145,2025-01-09
41.2640340582175,1.9847264271043994,2025-01-09
41.26403511082583,1.9848457898989875,2025-01-09
41.26403616331044,1.9849651526999077,2025-01-09
41.26403721567132,1.9850845155071597,2025-01-09
41.26403826790849,1.985203878320742,2025-01-09
41.26403932002193,1.985323241140655,2025-01-09
41.26404037201163,1.985442603966897,2025-01-09
41.264041423877615,1.9855619667994682,2025-01-09
41.26404247561988,1.985681329638367,2025-01-09
41.264043527238414,1.9858006924835931,2025-01-09
41.26404457873323,1.9859200553351453,2025-01-09
41.26404563010433,1.9860394181930232,2025-01-09
41.26404668135168,1.9861587810572265,2025-01-09
41.26404773247532,1.9862781439277537,2025-01-09
41.264048783475225,1.9863975068046045,2025-01-09
41.264049834351404,1.9865168696877777,2025-01-09
41.26405088510388,1.986636232577273,2025-01-09
41.26405193573262,1.986755595473089,2025-01-09
41.26405298623762,1.9868749583752265,2025-01-09
41.264054036618916,1.9869943212836834,2025-01-09
41.264055086876475,1.987113684198459,2025-01-09
41.264056137010314,1.9872330471195532,2025-01-09
41.26405718702043,1.9873524100469642,2025-01-09
41.26405823690681,1.9874717729806928,2025-01-09
41.26405928666948,1.9875911359207372,2025-01-09
41.26406033630841,1.9877104988670966,2025-01-09
41.264061385823624,1.9878298618197705,2025-01-09
41.26406243521511,1.9879492247787585,2025-01-09
41.264063484482875,1.9880685877440591,2025-01-09
41.26406453362691,1.9881879507156726,2025-01-09
41.26406558264723,1.988307313693597,2025-01-09
41.264066631543805,1.988426676677833,2025-01-09
41.26406768031667,1.9885460396683785,2025-01-09
41.2640687289658,1.9886654026652333,2025-01-09
41.264069777491216,1.9887847656683966,2025-01-09
41.2640708258929,1.9889041286778681,2025-01-09
41.26407187417086,1.9890234916936462,2025-01-09
41.26407292232509,1.989142854715731,2025-01-09
41.264073970355604,1.9892622177441215,2025-01-09
41.26407501826239,1.9893815807788167,2025-01-09
41.26407606604544,1.989500943819816,2025-01-09
41.26407711370477,1.9896203068671185,2025-01-09
41.26407816124038,1.9897396699207235,2025-01-09
41.26407920865226,1.9898590329806307,2025-01-09
41.26408025594041,1.9899783960468393,2025-01-09
41.264081303104845,1.9900977591193478,2025-01-09
41.26408235014555,1.9902171221981564,2025-01-09
41.26408339706253,1.9903364852832635,2025-01-09
41.264084443855786,1.9904558483746688,2025-01-09
41.26408549052531,1.9905752114723714,2025-01-09
41.264086537071115,1.9906945745763707,2025-01-09
41.264087583493186,1.9908139376866667,2025-01-09
41.26408862979153,1.9909333008032568,2025-01-09
41.26408967596616,1.9910526639261419,2025-01-09
41.26409072201706,1.9911720270553204,2025-01-09
41.26409176794424,1.9912913901907918,2025-01-09
41.26409281374769,1.9914107533325558,2025-01-09
41.264093859427405,1.991530116480611,2025-01-09
41.2640949049834,1.991649479634957,2025-01-09
41.26409595041568,1.9917688427955933,2025-01-09
41.26409699572422,1.9918882059625187,2025-01-09
41.26409804090904,1.992007569135732,2025-01-09
41.26409908597014,1.992126932315233,2025-01-09
41.26410013090751,1.9922462955010218,2025-01-09
41.26410117572115,1.9923656586930962,2025-01-09
41.26410222041106,1.992485021891457,2025-01-09
41.264103264977244,1.9926043850961017,2025-01-09
41.264104309419714,1.992723748307031,2025-01-09
41.26410535373845,1.992843111524243,2025-01-09
41.26410639793346,1.9929624747477381,2025-01-09
41.26410744200474,1.9930818379775146,2025-01-09
41.264108485952306,1.993201201213572,2025-01-09
41.26410952977615,1.99332056445591,2025-01-09
41.26411057347626,1.9934399277045274,2025-01-09
41.264111617052635,1.9935592909594237,2025-01-09
41.2641126605053,1.993678654220598,2025-01-09
41.26411370383422,1.9937980174880499,2025-01-09
41.26411474703943,1.9939173807617778,2025-01-09
41.26411579012091,1.9940367440417819,2025-01-09
41.264116833078646,1.9941561073280614,2025-01-09
41.264117875912675,1.9942754706206147,2025-01-09
41.264118918622984,1.994394833919442,2025-01-09
41.26411996120955,1.9945141972245422,2025-01-09
41.2641210036724,1.9946335605359142,2025-01-09
41.264122046011515,1.9947529238535577,2025-01-09
41.26412308822691,1.9948722871774716,2025-01-09
41.26412413031858,1.9949916505076555,2025-01-09
41.26412517228652,1.9951110138441084,2025-01-09
41.26412621413074,1.9952303771868305,2025-01-09
41.264127255851236,1.99534974053582,2025-01-09
41.26412829744799,1.995469103891076,2025-01-09
41.26412933892103,1.9955884672525983,2025-01-09
41.26413038027034,1.9957078306203855,2025-01-09
41.26413142149593,1.995827193994438,2025-01-09
41.26413246259777,1.9959465573747548,2025-01-09
41.26413350357591,1.9960659207613338,2025-01-09
41.26413454443032,1.9961852841541756,2025-01-09
41.264135585160986,1.9963046475532795,2025-01-09
41.264136625767954,1.9964240109586442,2025-01-09
41.26413766625118,1.996543374370269,2025-01-09
41.264138706610666,1.9966627377881536,2025-01-09
41.26413974684644,1.996782101212296,2025-01-09
41.26414078695848,1.9969014646426972,2025-01-09
41.2641418269468,1.9970208280793553,2025-01-09
41.26414286681139,1.9971401915222706,2025-01-09
41.264143906552256,1.9972595549714407,2025-01-09
41.264144946169395,1.9973789184268662,2025-01-09
41.26414598566281,1.9974982818885458,2025-01-09
41.26414702503249,1.9976176453564791,2025-01-09
41.26414806427846,1.9977370088306647,2025-01-09
41.26414910340069,1.9978563723111034,2025-01-09
41.26415014239919,1.9979757357977925,2025-01-09
41.26415118127397,1.9980950992907323,2025-01-09
41.26415222002502,1.998214462789922,2025-01-09
41.26415325865234,1.998333826295361,2025-01-09
41.26415429715595,1.9984531898070477,2025-01-09
41.26415533553582,1.9985725533249825,2025-01-09
41.26415637379196,1.9986919168491637,2025-01-09
41.26415741192439,1.9988112803795914,2025-01-09
41.26415844993306,1.9989306439162646,2025-01-09
41.26415948781803,1.9990500074591815,2025-01-09
41.264160525579264,1.9991693710083431,2025-01-09
41.26416156321678,1.999288734563747,2025-01-09
41.26416260073057,1.9994080981253939,2025-01-09
41.264163638120614,1.9995274616932825,2025-01-09
41.264164675386944,1.9996468252674113,2025-01-09
41.26416571252955,1.999766188847781,2025-01-09
41.26416674954842,1.9998855524343893,2025-01-09
41.264167786443565,2.000004916027237,2025-01-09
41.264168823214995,2.000124279626322,2025-01-09
41.26416985986268,2.0002436432316446,2025-01-09
41.26417089638665,2.0003630068432035,2025-01-09
41.26417193278689,2.000482370460998,2025-01-09
41.26417296906341,2.000601734085027,2025-01-09
41.264174005216184,2.000721097715291,2025-01-09
41.264175041245245,2.000840461351788,2025-01-09
41.26417607715057,2.0009598249945175,2025-01-09
41.264177112932174,2.001079188643479,2025-01-09
41.264178148590055,2.001198552298672,2025-01-09
41.2641791841242,2.001317915960095,2025-01-09
41.264180219534616,2.001437279627748,2025-01-09
41.264181254821324,2.0015566433016296,2025-01-09
41.26418228998429,2.0016760069817403,2025-01-09
41.264183325023524,2.0017953706680776,2025-01-09
41.26418435993904,2.001914734360642,2025-01-09
41.26418539473082,2.0020340980594327,2025-01-09
41.26418642939888,2.0021534617644483,2025-01-09
41.26418746394321,2.002272825475688,2025-01-09
41.2641884983638,2.002392189193152,2025-01-09
41.26418953266069,2.002511552916839,2025-01-09
41.26419056683384,2.002630916646748,2025-01-09
41.26359971383789,1.9464127491822325,2025-01-09
41.263600806157434,1.9465321097417392,2025-01-09
41.26360189835325,1.9466514703078168,2025-01-09
41.263602990425355,1.946770830880465,2025-01-09
41.26360408237374,1.946890191459682,2025-01-09
41.2636051741984,1.9470095520454682,2025-01-09
41.263606265899355,1.947128912637823,2025-01-09
41.26360735747658,1.947248273236745,2025-01-09
41.26360844893011,1.947367633842234,2025-01-09
41.2636095402599,1.9474869944542887,2025-01-09
41.26361063146597,1.9476063550729086,2025-01-09
41.26361172254833,1.9477257156980925,2025-01-09
41.26361281350697,1.947845076329841,2025-01-09
41.26361390434189,1.9479644369681517,2025-01-09
41.263614995053096,1.9480837976130252,2025-01-09
41.26361608564057,1.9482031582644597,2025-01-09
41.26361717610434,1.9483225189224553,2025-01-09
41.2636182664444,1.9484418795870109,2025-01-09
41.263619356660726,1.9485612402581256,2025-01-09
41.26362044675333,1.9486806009357989,2025-01-09
41.26362153672222,1.9487999616200298,2025-01-09
41.2636226265674,1.9489193223108172,2025-01-09
41.26362371628885,1.9490386830081616,2025-01-09
41.263624805886586,1.9491580437120613,2025-01-09
41.263625895360605,1.9492774044225158,2025-01-09
41.2636269847109,1.9493967651395248,2025-01-09
41.26362807393748,1.9495161258630862,2025-01-09
41.26362916304034,1.9496354865932006,2025-01-09
41.263630252019496,1.949754847329867,2025-01-09
41.263631340874916,1.9498742080730842,2025-01-09
41.263632429606616,1.9499935688228516,2025-01-09
41.26363351821461,1.950112929579169,2025-01-09
41.26363460669887,1.950232290342035,2025-01-09
41.26363569505943,1.9503516511114491,2025-01-09
41.263636783296256,1.9504710118874102,2025-01-09
41.263637871409365,1.9505903726699187,2025-01-09
41.26363895939877,1.9507097334589727,2025-01-09
41.26364004726443,1.9508290942545714,2025-01-09
41.26364113500639,1.9509484550567149,2025-01-09
41.263642222624625,1.9510678158654016,2025-01-09
41.26364331011915,1.9511871766806317,2025-01-09
41.26364439748995,1.9513065375024035,2025-01-09
41.263645484737026,1.9514258983307171,2025-01-09
41.26364657186038,1.951545259165571,2025-01-09
41.26364765886002,1.951664620006965,2025-01-09
41.263648745735956,1.9517839808548982,2025-01-09
41.26364983248815,1.9519033417093699,2025-01-09
41.263650919116635,1.9520227025703791,2025-01-09
41.263652005621395,1.9521420634379252,2025-01-09
41.26365309200244,1.9522614243120073,2025-01-09
41.26365417825978,1.9523807851926251,2025-01-09
41.26365526439338,1.9525001460797773,2025-01-09
41.263656350403274,1.952619506973464,2025-01-09
41.263657436289435,1.9527388678736834,2025-01-09
41.26365852205189,1.9528582287804355,2025-01-09
41.26365960769063,1.9529775896937196,2025-01-09
41.26366069320564,1.953096950613534,2025-01-09
41.26366177859693,1.953216311539879,2025-01-09
41.2636628638645,1.9533356724727537,2025-01-09
41.26366394900836,1.9534550334121572,2025-01-09
41.26366503402849,1.953574394358088,2025-01-09
41.26366611892491,1.9536937553105467,2025-01-09
41.26366720369761,1.9538131162695318,2025-01-09
41.26366828834659,1.9539324772350424,2025-01-09
41.263669372871846,1.9540518382070782,2025-01-09
41.263670457273385,1.9541711991856383,2025-01-09
41.263671541551204,1.9542905601707217,2025-01-09
41.2636726257053,1.9544099211623285,2025-01-09
41.26367370973568,1.9545292821604572,2025-01-09
41.263674793642345,1.9546486431651064,2025-01-09
41.26367587742528,1.954768004176277,2025-01-09
41.263676961084506,1.954887365193967,2025-01-09
41.26367804462001,1.9550067262181765,2025-01-09
41.26367912803179,1.9551260872489042,2025-01-09
41.26368021131985,1.9552454482861488,2025-01-09
41.26368129448419,1.955364809329911,2025-01-09
41.26368237752482,1.955484170380189,2025-01-09
41.26368346044173,1.9556035314369826,2025-01-09
41.263684543234916,1.955722892500291,2025-01-09
41.26368562590437,1.9558422535701125,2025-01-09
41.263686708450116,1.9559616146464476,2025-01-09
41.26368779087214,1.956080975729295,2025-01-09
41.26368887317046,1.9562003368186547,2025-01-09
41.263689955345036,1.9563196979145239,2025-01-09
41.26369103739591,1.9564390590169043,2025-01-09
41.263692119323046,1.9565584201257937,2025-01-09
41.26369320112648,1.956677781241192,2025-01-09
41.263694282806185,1.9567971423630979,2025-01-09
41.26369536436217,1.9569165034915115,2025-01-09
41.263696445794444,1.9570358646264308,2025-01-09
41.26369752710299,1.9571552257678564,2025-01-09
41.26369860828782,1.957274586915787,2025-01-09
41.263699689348925,1.9573939480702212,2025-01-09
41.26370077028631,1.9575133092311596,2025-01-09
41.263701851099974,1.9576326703986002,2025-01-09
41.26370293178993,1.9577520315725425,2025-01-09
41.26370401235616,1.9578713927529865,2025-01-09
41.26370509279866,1.9579907539399306,2025-01-09
41.263706173117455,1.9581101151333746,2025-01-09
41.26370725331252,1.9582294763333181,2025-01-09
41.26370833338387,1.9583488375397593,2025-01-09
41.26370941333149,1.9584681987526977,2025-01-09
41.26371049315541,1.9585875599721334,2025-01-09
41.26371157285559,1.958706921198065,2025-01-09
41.26371265243206,1.958826282430492,2025-01-09
41.263713731884806,1.9589456436694135,2025-01-09
41.26371481121384,1.9590650049148286,2025-01-09
41.26371589041913,1.9591843661667367,2025-01-09
41.263716969500734,1.9593037274251373,2025-01-09
41.2637180484586,1.9594230886900292,2025-01-09
41.26371912729273,1.959542449961412,2025-01-09
41.26372020600316,1.959661811239285,2025-01-09
41.26372128458986,1.9597811725236471,2025-01-09
41.26372236305286,1.959900533814498,2025-01-09
41.263723441392116,1.9600198951118364,2025-01-09
41.26372451960766,1.9601392564156623,2025-01-09
41.263725597699484,1.9602586177259742,2025-01-09
41.263726675667584,1.960377979042772,2025-01-09
41.26372775351197,1.9604973403660542,2025-01-09
41.26372883123264,1.9606167016958211,2025-01-09
41.26372990882958,1.960736063032071,2025-01-09
41.263730986302804,1.9608554243748038,2025-01-09
41.263732063652306,1.9609747857240183,2025-01-09
41.26373314087808,1.9610941470797139,2025-01-09
41.263734217980144,1.96121350844189,2025-01-09
41.263735294958494,1.9613328698105454,2025-01-09
41.2637363718131,1.9614522311856804,2025-01-09
41.263737448544006,1.961571592567293,2025-01-09
41.26373852515118,1.961690953955383,2025-01-09
41.26373960163465,1.9618103153499498,2025-01-09
41.26374067799438,1.9619296767509926,2025-01-09
41.26374175423039,1.9620490381585105,2025-01-09
41.263742830342686,1.962168399572503,2025-01-09
41.26374390633126,1.962287760992969,2025-01-09
41.263744982196116,1.962407122419908,2025-01-09
41.26374605793725,1.9625264838533192,2025-01-09
41.263747133554666,1.962645845293202,2025-01-09
41.26374820904836,1.9627652067395556,2025-01-09
41.26374928441833,1.9628845681923786,2025-01-09
41.26375035966458,1.9630039296516715,2025-01-09
41.26375143478711,1.9631232911174323,2025-01-09
41.26375250978592,1.9632426525896614,2025-01-09
41.263753584661,1.9633620140683574,2025-01-09
41.26375465941238,1.9634813755535196,2025-01-09
41.263755734040025,1.963600737045147,2025-01-09
41.26375680854394,1.9637200985432393,2025-01-09
41.263757882924146,1.963839460047796,2025-01-09
41.26375895718063,1.9639588215588155,2025-01-09
41.26376003131339,1.9640781830762977,2025-01-09
41.26376110532243,1.9641975446002418,2025-01-09
41.26376217920775,1.964316906130647,2025-01-09
41.263763252969355,1.964436267667512,2025-01-09
41.26376432660722,1.964555629210837,2025-01-09
41.263765400121386,1.9646749907606207,2025-01-09
41.26376647351182,1.9647943523168627,2025-01-09
41.26376754677854,1.964913713879562,2025-01-09
41.26376861992152,1.9650330754487177,2025-01-09
41.263769692940805,1.9651524370243292,2025-01-09
41.26377076583635,1.9652717986063961,2025-01-09
41.26377183860818,1.965391160194917,2025-01-09
41.2637729112563,1.9655105217898918,2025-01-09
41.26377398378067,1.965629883391319,2025-01-09
41.26377505618134,1.965749244999199,2025-01-09
41.26377612845829,1.96586860661353,2025-01-09
41.26377720061151,1.9659879682343113,2025-01-09
41.263778272641005,1.9661073298615432,2025-01-09
41.2637793445468,1.9662266914952238,2025-01-09
41.26378041632885,1.9663460531353527,2025-01-09
41.26378148798719,1.9664654147819296,2025-01-09
41.263782559521815,1.9665847764349536,2025-01-09
41.26378363093271,1.9667041380944235,2025-01-09
41.26378470221987,1.9668234997603384,2025-01-09
41.26378577338333,1.966942861432698,2025-01-09
41.263786844423066,1.9670622231115023,2025-01-09
41.263787915339066,1.9671815847967495,2025-01-09
41.26378898613135,1.967300946488439,2025-01-09
41.26379005679993,1.9674203081865698,2025-01-09
41.263791127344774,1.9675396698911425,2025-01-09
41.263792197765895,1.967659031602155,2025-01-09
41.263793268063296,1.9677783933196065,2025-01-09
41.26379433823696,1.9678977550434973,2025-01-09
41.26379540828693,1.9680171167738258,2025-01-09
41.26379647821317,1.968136478510592,2025-01-09
41.26379754801568,1.9682558402537942,2025-01-09
41.263798617694476,1.968375202003432,2025-01-09
41.263799687249545,1.968494563759506,2025-01-09
41.26380075668091,1.9686139255220128,2025-01-09
41.26380182598853,1.9687332872909538,2025-01-09
41.26380289517243,1.9688526490663276,2025-01-09
41.26380396423262,1.9689720108481332,2025-01-09
41.263805033169085,1.9690913726363704,2025-01-09
41.26380610198182,1.969210734431038,2025-01-09
41.263807170670844,1.9693300962321356,2025-01-09
41.26380823923614,1.969449458039662,2025-01-09
41.26380930767771,1.9695688198536163,2025-01-09
41.263810375995575,1.9696881816739986,2025-01-09
41.263811444189706,1.9698075435008087,2025-01-09
41.26381251226012,1.9699269053340436,2025-01-09
41.263813580206794,1.9700462671737038,2025-01-09
41.26381464802977,1.9701656290197889,2025-01-09
41.26381571572901,1.9702849908722988,2025-01-09
41.263816783304534,1.97040435273123,2025-01-09
41.26381785075634,1.9705237145965846,2025-01-09
41.26381891808442,1.970643076468361,2025-01-09
41.26381998528876,1.970762438346558,2025-01-09
41.2638210523694,1.9708818002311752,2025-01-09
41.26382211932631,1.9710011621222114,2025-01-09
41.2638231861595,1.9711205240196665,2025-01-09
41.26382425286897,1.9712398859235398,2025-01-09
41.263825319454725,1.97135924783383,2025-01-09
41.263826385916744,1.971478609750537,2025-01-09
41.26382745225504,1.971597971673659,2025-01-09
41.26382851846962,1.9717173336031963,2025-01-09
41.26382958456047,1.971836695539148,2025-01-09
41.26383065052761,1.9719560574815127,2025-01-09
41.26383171637102,1.9720754194302903,2025-01-09
41.26383278209071,1.9721947813854797,2025-01-09
41.26383384768668,1.9723141433470806,2025-01-09
41.263834913158924,1.9724335053150917,2025-01-09
41.263835978507444,1.972552867289513,2025-01-09
41.26383704373225,1.9726722292703422,2025-01-09
41.26383810883332,1.9727915912575809,2025-01-09
41.26383917381069,1.9729109532512261,2025-01-09
41.263840238664315,1.9730303152512783,2025-01-09
41.26384130339422,1.9731496772577368,2025-01-09
41.263842368000425,1.9732690392706003,2025-01-09
41.26384343248288,1.9733884012898686,2025-01-09
41.26384449684162,1.97350776331554,2025-01-09
41.26384556107664,1.9736271253476156,2025-01-09
41.263846625187945,1.9737464873860924,2025-01-09
41.26384768917551,1.9738658494309713,2025-01-09
41.263848753039376,1.9739852114822507,2025-01-09
41.263849816779505,1.97410457353993,2025-01-09
41.263850880395914,1.9742239356040088,2025-01-09
41.2638519438886,1.9743432976744864,2025-01-09
41.26385300725755,1.9744626597513617,2025-01-09
41.26385407050281,1.974582021834634,2025-01-09
41.26385513362432,1.9747013839243024,2025-01-09
41.2638561966221,1.9748207460203668,2025-01-09
41.263857259496184,1.9749401081228257,2025-01-09
41.26385832224653,1.975059470231679,2025-01-09
41.26385938487316,1.975178832346925,2025-01-09
41.26386044737606,1.9752981944685646,2025-01-09
41.26386150975524,1.9754175565965955,2025-01-09
41.2638625720107,1.9755369187310172,2025-01-09
41.26386363414244,1.9756562808718297,2025-01-09
41.26386469615044,1.975775643019032,2025-01-09
41.26386575803474,1.9758950051726227,2025-01-09
41.263866819795304,1.976014367332602,2025-01-09
41.26386788143215,1.9761337294989685,2025-01-09
41.263868942945265,1.976253091671722,2025-01-09
41.263870004334656,1.976372453850861,2025-01-09
41.26387106560034,1.9764918160363851,2025-01-09
41.263872126742285,1.9766111782282938,2025-01-09
41.263873187760524,1.976730540426586,2025-01-09
41.26387424865503,1.9768499026312616,2025-01-09
41.26387530942581,1.976969264842319,2025-01-09
41.263876370072865,1.9770886270597576,2025-01-09
41.2638774305962,1.9772079892835777,2025-01-09
41.263878490995815,1.9773273515137768,2025-01-09
41.26387955127171,1.9774467137503555,2025-01-09
41.26388061142387,1.9775660759933131,2025-01-09
41.26388167145232,1.9776854382426479,2025-01-09
41.263882731357036,1.97780480049836,2025-01-09
41.263883791138035,1.977924162760448,2025-01-09
41.26388485079531,1.9780435250289123,2025-01-09
41.26388591032886,1.9781628873037505,2025-01-09
41.263886969738685,1.9782822495849628,2025-01-09
41.26388802902479,1.9784016118725487,2025-01-09
41.26388908818718,1.978520974166507,2025-01-09
41.26389014722583,1.978640336466837,2025-01-09
41.26389120614076,1.978759698773538,2025-01-09
41.263892264931975,1.9788790610866096,2025-01-09
41.26389332359946,1.9789984234060507,2025-01-09
41.263894382143235,1.97911778573186,2025-01-09
41.26389544056326,1.9792371480640376,2025-01-09
41.26389649885959,1.979356510402583,2025-01-09
41.26389755703219,1.9794758727474944,2025-01-09
41.263898615081054,1.9795952350987716,2025-01-09
41.26389967300621,1.9797145974564148,2025-01-09
41.26390073080762,1.9798339598204218,2025-01-09
41.26390178848531,1.979953322190792,2025-01-09
41.26390284603931,1.9800726845675252,2025-01-09
41.263903903469554,1.9801920469506205,2025-01-09
41.26390496077609,1.9803114093400775,2025-01-09
41.26390601795888,1.9804307717358949,2025-01-09
41.26390707501797,1.980550134138072,2025-01-09
41.26390813195333,1.980669496546609,2025-01-09
41.26390918876496,1.9807888589615035,2025-01-09
41.26391024545287,1.9809082213827562,2025-01-09
41.263911302017064,1.981027583810365,2025-01-09
41.263912358457524,1.9811469462443312,2025-01-09
41.263913414774265,1.9812663086846516,2025-01-09
41.26391447096729,1.9813856711313271,2025-01-09
41.26391552703658,1.9815050335843563,2025-01-09
41.26391658298215,1.9816243960437394,2025-01-09
41.26391763880399,1.9817437585094748,2025-01-09
41.26391869450211,1.9818631209815616,2025-01-09
41.26391975007651,1.9819824834599988,2025-01-09
41.26392080552718,1.982101845944787,2025-01-09
41.26392186085413,1.9822212084359245,2025-01-09
41.26392291605735,1.9823405709334105,2025-01-09
41.26392397113686,1.9824599334372446,2025-01-09
41.26392502609264,1.982579295947426,2025-01-09
41.26392608092469,1.9826986584639537,2025-01-09
41.26392713563302,1.9828180209868274,2025-01-09
41.26392819021763,1.9829373835160455,2025-01-09
41.263929244678515,1.9830567460516089,2025-01-09
41.26393029901566,1.9831761085935151,2025-01-09
41.2639313532291,1.983295471141764,2025-01-09
41.263932407318805,1.983414833696355,2025-01-09
41.26393346128479,1.9835341962572872,2025-01-09
41.263934515127055,1.98365355882456,2025-01-09
41.26393556884559,1.983772921398173,2025-01-09
41.263936622440404,1.9838922839781246,2025-01-09
41.26393767591149,1.9840116465644142,2025-01-09
41.26393872925886,1.9841310091570423,2025-01-09
41.2639397824825,1.9842503717560067,2025-01-09
41.26394083558242,1.984369734361307,2025-01-09
41.263941888558605,1.9844890969729427,2025-01-09
41.26394294141108,1.9846084595909128,2025-01-09
41.26394399413983,1.9847278222152172,2025-01-09
41.263945046744844,1.9848471848458544,2025-01-09
41.26394609922613,1.9849665474828242,2025-01-09
41.26394715158371,1.9850859101261251,2025-01-09
41.26394820381755,1.9852052727757572,2025-01-09
41.26394925592767,1.9853246354317196,2025-01-09
41.26395030791408,1.9854439980940108,2025-01-09
41.26395135977675,1.9855633607626313,2025-01-09
41.263952411515696,1.9856827234375791,2025-01-09
41.263953463130925,1.9858020861188543,2025-01-09
41.26395451462243,1.9859214488064558,2025-01-09
41.2639555659902,1.986040811500383,2025-01-09
41.26395661723424,1.9861601742006354,2025-01-09
41.263957668354564,1.9862795369072117,2025-01-09
41.26395871935117,1.9863988996201116,2025-01-09
41.26395977022405,1.9865182623393336,2025-01-09
41.2639608209732,1.9866376250648783,2025-01-09
41.26396187159863,1.9867569877967435,2025-01-09
41.26396292210033,1.9868763505349296,2025-01-09
41.26396397247832,1.9869957132794356,2025-01-09
41.26396502273258,1.9871150760302596,2025-01-09
41.263966072863106,1.9872344387874026,2025-01-09
41.2639671228699,1.987353801550863,2025-01-09
41.26396817275298,1.98747316432064,2025-01-09
41.263969222512344,1.9875925270967327,2025-01-09
41.26397027214797,1.9877118898791415,2025-01-09
41.263971321659874,1.987831252667864,2025-01-09
41.26397237104806,1.9879506154629003,2025-01-09
41.2639734203125,1.98806997826425,2025-01-09
41.263974469453245,1.9881893410719116,2025-01-09
41.263975518470254,1.9883087038858853,2025-01-09
41.263976567363535,1.9884280667061691,2025-01-09
41.2639776161331,1.9885474295327632,2025-01-09
41.26397866477892,1.9886667923656662,2025-01-09
41.26397971330103,1.9887861552048782,2025-01-09
41.263980761699415,1.9889055180503983,2025-01-09
41.26398180997407,1.9890248809022248,2025-01-09
41.263982858125,1.9891442437603575,2025-01-09
41.26398390615221,1.9892636066247966,2025-01-09
41.26398495405569,1.9893829694955398,2025-01-09
41.26398600183545,1.9895023323725871,2025-01-09
41.263987049491476,1.9896216952559378,2025-01-09
41.263988097023784,1.9897410581455914,2025-01-09
41.26398914443237,1.9898604210415465,2025-01-09
41.263990191717234,1.9899797839438031,2025-01-09
41.26399123887836,1.9900991468523597,2025-01-09
41.26399228591576,1.9902185097672163,2025-01-09
41.26399333282945,1.9903378726883711,2025-01-09
41.263994379619405,1.9904572356158245,2025-01-09
41.26399542628564,1.9905765985495751,2025-01-09
41.26399647282814,1.9906959614896227,2025-01-09
41.26399751924692,1.9908153244359663,2025-01-09
41.263998565541975,1.990934687388604,2025-01-09
41.2639996117133,1.991054050347537,2025-01-09
41.26400065776092,1.9911734133127634,2025-01-09
41.2640017036848,1.9912927762842827,2025-01-09
41.264002749484945,1.9914121392620943,2025-01-09
41.26400379516137,1.9915315022461972,2025-01-09
41.26400484071408,1.991650865236591,2025-01-09
41.264005886143046,1.9917702282332748,2025-01-09
41.26400693144831,1.9918895912362475,2025-01-09
41.264007976629834,1.9920089542455084,2025-01-09
41.26400902168764,1.9921283172610573,2025-01-09
41.264010066621715,1.9922476802828932,2025-01-09
41.26401111143207,1.9923670433110152,2025-01-09
41.264012156118696,1.9924864063454226,2025-01-09
41.264013200681596,1.9926057693861152,2025-01-09
41.26401424512076,1.9927251324330915,2025-01-09
41.26401528943621,1.992844495486351,2025-01-09
41.264016333627936,1.9929638585458933,2025-01-09
41.264017377695936,1.9930832216117171,2025-01-09
41.26401842164021,1.9932025846838217,2025-01-09
41.26401946546075,1.9933219477622066,2025-01-09
41.264020509157575,1.9934413108468718,2025-01-09
41.264021552730675,1.9935606739378149,2025-01-09
41.264022596180034,1.9936800370350363,2025-01-09
41.26402363950568,1.9937994001385348,2025-01-09
41.2640246827076,1.9939187632483104,2025-01-09
41.26402572578578,1.9940381263643616,2025-01-09
41.26402676874026,1.9941574894866876,2025-01-09
41.264027811571,1.994276852615288,2025-01-09
41.26402885427802,1.994396215750162,2025-01-09
41.2640298968613,1.994515578891309,2025-01-09
41.26403093932086,1.9946349420387275,2025-01-09
41.2640319816567,1.9947543051924181,2025-01-09
41.26403302386881,1.994873668352379,2025-01-09
41.264034065957205,1.9949930315186095,2025-01-09
41.26403510792186,1.9951123946911096,2025-01-09
41.264036149762795,1.9952317578698777,2025-01-09
41.26403719148,1.995351121054913,2025-01-09
41.264038233073485,1.995470484246216,2025-01-09
41.264039274543244,1.995589847443785,2025-01-09
41.264040315889275,1.995709210647619,2025-01-09
41.264041357111566,1.995828573857718,2025-01-09
41.264042398210144,1.9959479370740807,2025-01-09
41.264043439185,1.9960673002967066,2025-01-09
41.264044480036134,1.9961866635255952,2025-01-09
41.264045520763524,1.9963060267607453,2025-01-09
41.2640465613672,1.996425390002156,2025-01-09
41.26404760184716,1.9965447532498268,2025-01-09
41.26404864220338,1.9966641165037573,2025-01-09
41.26404968243587,1.9967834797639465,2025-01-09
41.26405072254463,1.9969028430303941,2025-01-09
41.264051762529675,1.997022206303098,2025-01-09
41.26405280239099,1.9971415695820596,2025-01-09
41.26405384212858,1.997260932867276,2025-01-09
41.26405488174244,1.997380296158747,2025-01-09
41.26405592123258,1.9974996594564731,2025-01-09
41.264056960599,1.9976190227604524,2025-01-09
41.26405799984168,1.9977383860706843,2025-01-09
41.264059038960646,1.997857749387168,2025-01-09
41.264060077955875,1.9979771127099037,2025-01-09
41.26406111682738,1.9980964760388893,2025-01-09
41.26406215557516,1.9982158393741247,2025-01-09
41.26406319419922,1.9983352027156094,2025-01-09
41.264064232699546,1.998454566063342,2025-01-09
41.26406527107614,1.9985739294173226,2025-01-09
41.26406630932901,1.9986932927775496,2025-01-09
41.26406734745815,1.998812656144023,2025-01-09
41.26406838546359,1.9989320195167413,2025-01-09
41.26406942334528,1.9990513828957042,2025-01-09
41.26407046110324,1.9991707462809114,2025-01-09
41.26407149873749,1.9992901096723608,2025-01-09
41.26407253624801,1.9994094730700536,2025-01-09
41.264073573634796,1.9995288364739872,2025-01-09
41.26407461089785,1.9996481998841615,2025-01-09
41.26407564803718,1.9997675633005765,2025-01-09
41.2640766850528,1.9998869267232307,2025-01-09
41.26407772194468,2.000006290152123,2025-01-09
41.26407875871283,2.000125653587254,2025-01-09
41.264079795357254,2.0002450170286217,2025-01-09
41.26408083187796,2.0003643804762254,2025-01-09
41.264081868274936,2.000483743930065,2025-01-09
41.26408290454818,2.00060310739014,2025-01-09
41.26408394069771,2.0007224708564486,2025-01-09
41.2640849767235,2.0008418343289907,2025-01-09
41.26408601262557,2.000961197807765,2025-01-09
41.26408704840391,2.001080561292772,2025-01-09
41.26408808405853,2.00119992478401,2025-01-09
41.26408911958941,2.001319288281478,2025-01-09
41.26409015499657,2.001438651785176,2025-01-09
41.264091190280006,2.001558015295103,2025-01-09
41.26409222543971,2.0016773788112574,2025-01-09
41.26409326047569,2.0017967423336405,2025-01-09
41.26409429538794,2.0019161058622497,2025-01-09
41.26409533017647,2.002035469397085,2025-01-09
41.264096364841265,2.0021548329381447,2025-01-09
41.264097399382344,2.00227419648543,2025-01-09
41.26409843379968,2.0023935600389384,2025-01-09
41.2640994680933,2.00251292359867,2025-01-09
41.26410050226318,2.002632287164624,2025-01-09
41.263509650843176,1.946414196912868,2025-01-09
41.26351074315927,1.9465335573084352,2025-01-09
41.263511835351665,1.946652917710574,2025-01-09
41.26351292742033,1.9467722781192829,2025-01-09
41.26351401936527,1.9468916385345614,2025-01-09
41.26351511118649,1.9470109989564084,2025-01-09
41.263516202884006,1.947130359384824,2025-01-09
41.263517294457806,1.9472497198198067,2025-01-09
41.26351838590789,1.9473690802613564,2025-01-09
41.26351947723423,1.9474884407094717,2025-01-09
41.26352056843688,1.9476078011641522,2025-01-09
41.263521659515796,1.9477271616253973,2025-01-09
41.263522750471004,1.947846522093206,2025-01-09
41.26352384130249,1.9479658825675774,2025-01-09
41.263524932010256,1.9480852430485112,2025-01-09
41.263526022594306,1.9482046035360066,2025-01-09
41.263527113054636,1.9483239640300625,2025-01-09
41.263528203391246,1.9484433245306783,2025-01-09
41.26352929360414,1.9485626850378537,2025-01-09
41.263530383693315,1.9486820455515872,2025-01-09
41.26353147365878,1.9488014060718784,2025-01-09
41.26353256350051,1.9489207665987267,2025-01-09
41.26353365321854,1.9490401271321312,2025-01-09
41.263534742812844,1.9491594876720912,2025-01-09
41.26353583228344,1.9492788482186056,2025-01-09
41.26353692163029,1.9493982087716748,2025-01-09
41.26353801085345,1.9495175693312967,2025-01-09
41.26353909995288,1.9496369298974712,2025-01-09
41.263540188928594,1.9497562904701975,2025-01-09
41.26354127778058,1.9498756510494752,2025-01-09
41.26354236650886,1.9499950116353024,2025-01-09
41.26354345511342,1.9501143722276797,2025-01-09
41.26354454359425,1.9502337328266053,2025-01-09
41.26354563195138,1.9503530934320796,2025-01-09
41.26354672018479,1.950472454044101,2025-01-09
41.263547808294476,1.9505918146626686,2025-01-09
41.26354889628043,1.9507111752877824,2025-01-09
41.263549984142685,1.9508305359194411,2025-01-09
41.26355107188122,1.9509498965576446,2025-01-09
41.26355215949602,1.951069257202391,2025-01-09
41.263553246987115,1.951188617853681,2025-01-09
41.263554334354495,1.9513079785115124,2025-01-09
41.26355542159815,1.9514273391758852,2025-01-09
41.26355650871808,1.9515466998467985,2025-01-09
41.263557595714296,1.9516660605242524,2025-01-09
41.2635586825868,1.9517854212082446,2025-01-09
41.26355976933558,1.9519047818987758,2025-01-09
41.26356085596064,1.9520241425958447,2025-01-09
41.26356194246199,1.9521435032994499,2025-01-09
41.263563028839606,1.9522628640095918,2025-01-09
41.26356411509352,1.9523822247262688,2025-01-09
41.263565201223706,1.9525015854494803,2025-01-09
41.26356628723018,1.952620946179226,2025-01-09
41.26356737311291,1.9527403069155047,2025-01-09
41.26356845887195,1.9528596676583163,2025-01-09
41.26356954450726,1.9529790284076594,2025-01-09
41.263570630018855,1.953098389163533,2025-01-09
41.263571715406734,1.953217749925937,2025-01-09
41.263572800670886,1.953337110694871,2025-01-09
41.263573885811326,1.9534564714703333,2025-01-09
41.26357497082803,1.9535758322523236,2025-01-09
41.263576055721046,1.9536951930408408,2025-01-09
41.26357714049032,1.9538145538358846,2025-01-09
41.26357822513589,1.9539339146374544,2025-01-09
41.26357930965773,1.954053275445549,2025-01-09
41.26358039405584,1.9541726362601681,2025-01-09
41.263581478330245,1.9542919970813102,2025-01-09
41.263582562480934,1.9544113579089752,2025-01-09
41.263583646507904,1.9545307187431629,2025-01-09
41.263584730411154,1.954650079583871,2025-01-09
41.26358581419068,1.9547694404311002,2025-01-09
41.26358689784648,1.954888801284849,2025-01-09
41.26358798137857,1.9550081621451167,2025-01-09
41.26358906478695,1.9551275230119032,2025-01-09
41.26359014807159,1.9552468838852064,2025-01-09
41.263591231232525,1.9553662447650275,2025-01-09
41.26359231426974,1.9554856056513634,2025-01-09
41.263593397183236,1.9556049665442152,2025-01-09
41.263594479973015,1.955724327443582,2025-01-09
41.263595562639054,1.955843688349462,2025-01-09
41.263596645181394,1.9559630492618556,2025-01-09
41.263597727600015,1.9560824101807612,2025-01-09
41.26359880989491,1.9562017711061783,2025-01-09
41.26359989206609,1.9563211320381069,2025-01-09
41.263600974113544,1.956440492976545,2025-01-09
41.26360205603728,1.9565598539214932,2025-01-09
41.2636031378373,1.956679214872949,2025-01-09
41.26360421951361,1.9567985758309132,2025-01-09
41.26360530106619,1.9569179367953846,2025-01-09
41.26360638249505,1.9570372977663624,2025-01-09
41.26360746380019,1.9571566587438456,2025-01-09
41.26360854498161,1.957276019727834,2025-01-09
41.26360962603931,1.9573953807183262,2025-01-09
41.2636107069733,1.9575147417153222,2025-01-09
41.26361178778355,1.9576341027188204,2025-01-09
41.26361286847011,1.9577534637288212,2025-01-09
41.26361394903293,1.9578728247453225,2025-01-09
41.263615029472035,1.9579921857683251,2025-01-09
41.26361610978743,1.9581115467978265,2025-01-09
41.26361718997909,1.9582309078338276,2025-01-09
41.26361827004703,1.9583502688763263,2025-01-09
41.26361934999126,1.9584696299253228,2025-01-09
41.263620429811766,1.958588990980816,2025-01-09
41.26362150950856,1.958708352042805,2025-01-09
41.26362258908161,1.9588277131112894,2025-01-09
41.26362366853096,1.958947074186268,2025-01-09
41.26362474785659,1.9590664352677407,2025-01-09
41.26362582705849,1.9591857963557064,2025-01-09
41.26362690613669,1.9593051574501643,2025-01-09
41.263627985091155,1.9594245185511139,2025-01-09
41.2636290639219,1.959543879658554,2025-01-09
41.26363014262893,1.959663240772484,2025-01-09
41.263631221212236,1.9597826018929034,2025-01-09
41.263632299671826,1.9599019630198116,2025-01-09
41.263633378007704,1.960021324153207,2025-01-09
41.26363445621984,1.96014068529309,2025-01-09
41.26363553430827,1.960260046439459,2025-01-09
41.26363661227298,1.960379407592314,2025-01-09
41.26363769011397,1.9604987687516533,2025-01-09
41.26363876783124,1.9606181299174774,2025-01-09
41.26363984542479,1.9607374910897843,2025-01-09
41.26364092289461,1.9608568522685739,2025-01-09
41.26364200024073,1.960976213453845,2025-01-09
41.26364307746311,1.9610955746455974,2025-01-09
41.263644154561774,1.9612149358438304,2025-01-09
41.26364523153672,1.9613342970485428,2025-01-09
41.263646308387955,1.961453658259734,2025-01-09
41.26364738511546,1.9615730194774035,2025-01-09
41.26364846171925,1.9616923807015505,2025-01-09
41.26364953819931,1.961811741932174,2025-01-09
41.263650614555665,1.9619311031692734,2025-01-09
41.26365169078828,1.9620504644128478,2025-01-09
41.263652766897195,1.962169825662897,2025-01-09
41.26365384288238,1.9622891869194192,2025-01-09
41.263654918743846,1.962408548182415,2025-01-09
41.26365599448159,1.9625279094518828,2025-01-09
41.263657070095604,1.9626472707278217,2025-01-09
41.263658145585914,1.9627666320102315,2025-01-09
41.263659220952505,1.9628859932991112,2025-01-09
41.26366029619536,1.9630053545944601,2025-01-09
41.263661371314505,1.9631247158962775,2025-01-09
41.26366244630993,1.9632440772045627,2025-01-09
41.263663521181634,1.9633634385193146,2025-01-09
41.26366459592962,1.963482799840533,2025-01-09
41.26366567055388,1.9636021611682166,2025-01-09
41.263666745054415,1.9637215225023652,2025-01-09
41.26366781943123,1.963840883842978,2025-01-09
41.26366889368433,1.9639602451900537,2025-01-09
41.26366996781371,1.9640796065435921,2025-01-09
41.26367104181937,1.9641989679035923,2025-01-09
41.263672115701304,1.964318329270053,2025-01-09
41.26367318945952,1.9644376906429746,2025-01-09
41.263674263094025,1.964557052022355,2025-01-09
41.26367533660479,1.9646764134081947,2025-01-09
41.263676409991845,1.9647957748004925,2025-01-09
41.263677483255194,1.9649151361992476,2025-01-09
41.2636785563948,1.965034497604459,2025-01-09
41.263679629410696,1.965153859016126,2025-01-09
41.26368070230286,1.9652732204342485,2025-01-09
41.26368177507131,1.9653925818588256,2025-01-09
41.26368284771605,1.9655119432898556,2025-01-09
41.26368392023705,1.9656313047273386,2025-01-09
41.26368499263433,1.965750666171274,2025-01-09
41.2636860649079,1.9658700276216607,2025-01-09
41.26368713705776,1.9659893890784976,2025-01-09
41.26368820908388,1.9661087505417842,2025-01-09
41.263689280986284,1.9662281120115206,2025-01-09
41.26369035276497,1.9663474734877053,2025-01-09
41.263691424419925,1.9664668349703376,2025-01-09
41.26369249595117,1.9665861964594162,2025-01-09
41.26369356735869,1.9667055579549417,2025-01-09
41.26369463864249,1.9668249194569123,2025-01-09
41.26369570980257,1.966944280965327,2025-01-09
41.263696780838934,1.9670636424801864,2025-01-09
41.26369785175156,1.9671830040014886,2025-01-09
41.26369892254048,1.9673023655292332,2025-01-09
41.26369999320568,1.9674217270634191,2025-01-09
41.26370106374714,1.967541088604047,2025-01-09
41.263702134164895,1.9676604501511141,2025-01-09
41.26370320445893,1.9677798117046208,2025-01-09
41.263704274629234,1.9678991732645665,2025-01-09
41.26370534467582,1.9680185348309505,2025-01-09
41.263706414598694,1.968137896403771,2025-01-09
41.26370748439784,1.9682572579830282,2025-01-09
41.26370855407326,1.9683766195687213,2025-01-09
41.26370962362497,1.9684959811608493,2025-01-09
41.26371069305295,1.968615342759411,2025-01-09
41.26371176235721,1.9687347043644068,2025-01-09
41.263712831537745,1.9688540659758353,2025-01-09
41.26371390059456,1.9689734275936959,2025-01-09
41.26371496952766,1.9690927892179872,2025-01-09
41.26371603833704,1.9692121508487097,2025-01-09
41.263717107022686,1.969331512485861,2025-01-09
41.26371817558462,1.9694508741294425,2025-01-09
41.26371924402283,1.9695702357794518,2025-01-09
41.26372031233732,1.9696895974358886,2025-01-09
41.26372138052808,1.9698089590987522,2025-01-09
41.263722448595125,1.9699283207680414,2025-01-09
41.263723516538455,1.970047682443757,2025-01-09
41.26372458435806,1.970167044125896,2025-01-09
41.26372565205395,1.9702864058144594,2025-01-09
41.263726719626106,1.9704057675094457,2025-01-09
41.263727787074544,1.9705251292108545,2025-01-09
41.263728854399254,1.9706444909186849,2025-01-09
41.263729921600245,1.9707638526329363,2025-01-09
41.26373098867752,1.9708832143536075,2025-01-09
41.263732055631074,1.971002576080698,2025-01-09
41.263733122460906,1.971121937814207,2025-01-09
41.263734189166996,1.9712412995541346,2025-01-09
41.263735255749395,1.9713606613004784,2025-01-09
41.263736322208054,1.9714800230532388,2025-01-09
41.26373738854301,1.9715993848124151,2025-01-09
41.263738454754225,1.9717187465780068,2025-01-09
41.263739520841725,1.971838108350012,2025-01-09
41.2637405868055,1.9719574701284308,2025-01-09
41.26374165264555,1.972076831913262,2025-01-09
41.26374271836189,1.9721961937045052,2025-01-09
41.263743783954496,1.9723155555021594,2025-01-09
41.26374484942338,1.9724349173062243,2025-01-09
41.26374591476855,1.972554279116699,2025-01-09
41.26374697999,1.9726736409335828,2025-01-09
41.263748045087716,1.9727930027568743,2025-01-09
41.263749110061724,1.9729123645865732,2025-01-09
41.263750174912005,1.9730317264226789,2025-01-09
41.26375123963856,1.973151088265191,2025-01-09
41.26375230424139,1.973270450114108,2025-01-09
41.26375336872051,1.9733898119694293,2025-01-09
41.263754433075896,1.9735091738311548,2025-01-09
41.26375549730756,1.973628535699283,2025-01-09
41.26375656141551,1.9737478975738136,2025-01-09
41.263757625399734,1.9738672594547455,2025-01-09
41.263758689260236,1.973986621342078,2025-01-09
41.26375975299702,1.9741059832358105,2025-01-09
41.26376081661008,1.9742253451359428,2025-01-09
41.26376188009941,1.9743447070424736,2025-01-09
41.263762943465025,1.974464068955402,2025-01-09
41.263764006706914,1.9745834308747274,2025-01-09
41.263765069825084,1.9747027928004488,2025-01-09
41.263766132819526,1.9748221547325662,2025-01-09
41.26376719569026,1.9749415166710782,2025-01-09
41.26376825843725,1.975060878615984,2025-01-09
41.263769321060536,1.9751802405672834,2025-01-09
41.26377038356009,1.9752996025249756,2025-01-09
41.26377144593592,1.9754189644890594,2025-01-09
41.26377250818804,1.9755383264595343,2025-01-09
41.26377357031643,1.9756576884363994,2025-01-09
41.263774632321095,1.9757770504196543,2025-01-09
41.263775694202046,1.9758964124092977,2025-01-09
41.26377675595926,1.9760157744053295,2025-01-09
41.263777817592754,1.9761351364077488,2025-01-09
41.26377887910253,1.9762544984165547,2025-01-09
41.26377994048858,1.9763738604317462,2025-01-09
41.26378100175093,1.9764932224533232,2025-01-09
41.26378206288954,1.9766125844812843,2025-01-09
41.26378312390443,1.9767319465156288,2025-01-09
41.26378418479558,1.9768513085563568,2025-01-09
41.26378524556302,1.9769706706034669,2025-01-09
41.26378630620675,1.9770900326569583,2025-01-09
41.263787366726746,1.9772093947168303,2025-01-09
41.26378842712302,1.9773287567830822,2025-01-09
41.26378948739556,1.977448118855713,2025-01-09
41.263790547544396,1.9775674809347228,2025-01-09
41.263791607569495,1.97768684302011,2025-01-09
41.263792667470874,1.9778062051118739,2025-01-09
41.26379372724853,1.9779255672100142,2025-01-09
41.26379478690248,1.9780449293145301,2025-01-09
41.263795846432686,1.978164291425421,2025-01-09
41.26379690583918,1.978283653542685,2025-01-09
41.263797965121945,1.9784030156663228,2025-01-09
41.26379902428099,1.9785223777963337,2025-01-09
41.26380008331631,1.978641739932715,2025-01-09
41.26380114222792,1.9787611020754678,2025-01-09
41.2638022010158,1.9788804642245914,2025-01-09
41.263803259679946,1.978999826380084,2025-01-09
41.26380431822037,1.979119188541946,2025-01-09
41.26380537663708,1.9792385507101753,2025-01-09
41.26380643493006,1.9793579128847723,2025-01-09
41.26380749309932,1.9794772750657357,2025-01-09
41.26380855114486,1.979596637253065,2025-01-09
41.263809609066676,1.979715999446759,2025-01-09
41.26381066686477,1.9798353616468176,2025-01-09
41.26381172453914,1.9799547238532398,2025-01-09
41.26381278208978,1.9800740860660244,2025-01-09
41.26381383951671,1.9801934482851715,2025-01-09
41.2638148968199,1.9803128105106798,2025-01-09
41.263815953999384,1.9804321727425485,2025-01-09
41.26381701105514,1.9805515349807774,2025-01-09
41.26381806798716,1.9806708972253648,2025-01-09
41.26381912479547,1.9807902594763114,2025-01-09
41.26382018148005,1.9809096217336153,2025-01-09
41.26382123804092,1.9810289839972752,2025-01-09
41.26382229447805,1.9811483462672925,2025-01-09
41.26382335079146,1.9812677085436645,2025-01-09
41.26382440698115,1.9813870708263912,2025-01-09
41.26382546304712,1.981506433115472,2025-01-09
41.263826518989354,1.9816257954109058,2025-01-09
41.26382757480788,1.981745157712692,2025-01-09
41.26382863050267,1.9818645200208298,2025-01-09
41.26382968607375,1.981983882335319,2025-01-09
41.2638307415211,1.9821032446561577,2025-01-09
41.26383179684472,1.9822226069833462,2025-01-09
41.26383285204463,1.9823419693168831,2025-01-09
41.263833907120805,1.9824613316567679,2025-01-09
41.26383496207326,1.9825806940030004,2025-01-09
41.26383601690198,1.9827000563555788,2025-01-09
41.26383707160699,1.9828194187145034,2025-01-09
41.26383812618828,1.9829387810797727,2025-01-09
41.26383918064584,1.9830581434513863,2025-01-09
41.26384023497968,1.9831775058293428,2025-01-09
41.2638412891898,1.9832968682136425,2025-01-09
41.26384234327618,1.9834162306042844,2025-01-09
41.26384339723885,1.9835355930012672,2025-01-09
41.26384445107779,1.9836549554045908,2025-01-09
41.263845504793004,1.9837743178142537,2025-01-09
41.2638465583845,1.9838936802302565,2025-01-09
41.26384761185227,1.9840130426525968,2025-01-09
41.26384866519631,1.9841324050812745,2025-01-09
41.26384971841665,1.9842517675162894,2025-01-09
41.26385077151324,1.9843711299576399,2025-01-09
41.26385182448612,1.9844904924053262,2025-01-09
41.26385287733527,1.9846098548593467,2025-01-09
41.263853930060705,1.984729217319701,2025-01-09
41.2638549826624,1.9848485797863888,2025-01-09
41.263856035140385,1.9849679422594084,2025-01-09
41.263857087494635,1.9850873047387603,2025-01-09
41.263858139725166,1.9852066672244422,2025-01-09
41.26385919183198,1.9853260297164546,2025-01-09
41.26386024381506,1.9854453922147959,2025-01-09
41.26386129567442,1.9855647547194661,2025-01-09
41.26386234741006,1.9856841172304645,2025-01-09
41.263863399021965,1.9858034797477897,2025-01-09
41.26386445051016,1.985922842271441,2025-01-09
41.26386550187462,1.9860422048014181,2025-01-09
41.26386655311536,1.9861615673377206,2025-01-09
41.26386760423238,1.9862809298803463,2025-01-09
41.26386865522567,1.9864002924292958,2025-01-09
41.263869706095235,1.9865196549845683,2025-01-09
41.26387075684108,1.9866390175461621,2025-01-09
41.2638718074632,1.9867583801140771,2025-01-09
41.263872857961594,1.9868777426883129,2025-01-09
41.26387390833626,1.9869971052688684,2025-01-09
41.263874958587216,1.9871164678557427,2025-01-09
41.263876008714426,1.9872358304489355,2025-01-09
41.26387705871793,1.987355193048445,2025-01-09
41.26387810859771,1.9874745556542712,2025-01-09
41.263879158353745,1.987593918266414,2025-01-09
41.26388020798607,1.9877132808848716,2025-01-09
41.263881257494674,1.9878326435096438,2025-01-09
41.26388230687955,1.9879520061407296,2025-01-09
41.2638833561407,1.9880713687781288,2025-01-09
41.263884405278134,1.9881907314218394,2025-01-09
41.26388545429183,1.988310094071862,2025-01-09
41.26388650318181,1.9884294567281955,2025-01-09
41.26388755194806,1.9885488193908387,2025-01-09
41.26388860059058,1.9886681820597913,2025-01-09
41.2638896491094,1.9887875447350518,2025-01-09
41.26389069750448,1.9889069074166208,2025-01-09
41.26389174577583,1.989026270104497,2025-01-09
41.26389279392346,1.9891456327986785,2025-01-09
41.26389384194737,1.9892649954991664,2025-01-09
41.263894889847556,1.989384358205959,2025-01-09
41.26389593762401,1.9895037209190551,2025-01-09
41.26389698527674,1.989623083638455,2025-01-09
41.26389803280575,1.989742446364157,2025-01-09
41.26389908021103,1.9898618090961613,2025-01-09
41.26390012749258,1.9899811718344669,2025-01-09
41.26390117465042,1.990100534579072,2025-01-09
41.26390222168453,1.990219897329977,2025-01-09
41.26390326859492,1.9903392600871812,2025-01-09
41.263904315381566,1.9904586228506829,2025-01-09
41.26390536204451,1.9905779856204826,2025-01-09
41.263906408583715,1.9906973483965784,2025-01-09
41.2639074549992,1.99081671117897,2025-01-09
41.26390850129097,1.990936073967657,2025-01-09
41.263909547458994,1.9910554367626383,2025-01-09
41.263910593503304,1.991174799563913,2025-01-09
41.26391163942389,1.991294162371481,2025-01-09
41.263912685220745,1.9914135251853409,2025-01-09
41.26391373089389,1.9915328880054923,2025-01-09
41.26391477644329,1.991652250831935,2025-01-09
41.26391582186898,1.9917716136646662,2025-01-09
41.263916867170934,1.9918909765036874,2025-01-09
41.26391791234918,1.9920103393489967,2025-01-09
41.26391895740369,1.9921297022005942,2025-01-09
41.26392000233448,1.992249065058478,2025-01-09
41.26392104714153,1.9923684279226486,2025-01-09
41.26392209182487,1.9924877907931042,2025-01-09
41.26392313638448,1.992607153669845,2025-01-09
41.26392418082037,1.9927265165528687,2025-01-09
41.26392522513252,1.9928458794421766,2025-01-09
41.263926269320955,1.9929652423377668,2025-01-09
41.263927313385665,1.9930846052396387,2025-01-09
41.26392835732665,1.993203968147791,2025-01-09
41.263929401143905,1.9933233310622243,2025-01-09
41.26393044483744,1.9934426939829368,2025-01-09
41.26393148840725,1.9935620569099282,2025-01-09
41.26393253185333,1.9936814198431974,2025-01-09
41.26393357517569,1.9938007827827435,2025-01-09
41.26393461837432,1.9939201457285671,2025-01-09
41.26393566144923,1.9940395086806653,2025-01-09
41.2639367044004,1.9941588716390397,2025-01-09
41.263937747227864,1.9942782346036874,2025-01-09
41.26393878993159,1.9943975975746093,2025-01-09
41.2639398325116,1.9945169605518034,2025-01-09
41.26394087496787,1.9946363235352695,2025-01-09
41.26394191730043,1.9947556865250078,2025-01-09
41.26394295950926,1.9948750495210164,2025-01-09
41.26394400159437,1.9949944125232943,2025-01-09
41.26394504355575,1.995113775531841,2025-01-09
41.2639460853934,1.9952331385466573,2025-01-09
41.26394712710732,1.9953525015677402,2025-01-09
41.26394816869752,1.9954718645950904,2025-01-09
41.26394921016401,1.9955912276287064,2025-01-09
41.263950251506756,1.9957105906685877,2025-01-09
41.26395129272577,1.9958299537147342,2025-01-09
41.26395233382107,1.995949316767144,2025-01-09
41.26395337479264,1.9960686798258171,2025-01-09
41.26395441564049,1.9961880428907528,2025-01-09
41.26395545636461,1.9963074059619497,2025-01-09
41.263956496965015,1.9964267690394075,2025-01-09
41.26395753744168,1.9965461321231257,2025-01-09
41.263958577794625,1.996665495213103,2025-01-09
41.26395961802384,1.9967848583093393,2025-01-09
41.263960658129335,1.9969042214118338,2025-01-09
41.263961698111096,1.997023584520585,2025-01-09
41.263962737969145,1.9971429476355926,2025-01-09
41.26396377770345,1.9972623107568563,2025-01-09
41.26396481731405,1.9973816738843742,2025-01-09
41.263965856800915,1.997501037018147,2025-01-09
41.26396689616405,1.9976204001581728,2025-01-09
41.263967935403464,1.9977397633044514,2025-01-09
41.263968974519145,1.9978591264569823,2025-01-09
41.26397001351111,1.9979784896157642,2025-01-09
41.26397105237935,1.9980978527807962,2025-01-09
41.26397209112385,1.9982172159520781,2025-01-09
41.26397312974463,1.9983365791296095,2025-01-09
41.26397416824169,1.998455942313389,2025-01-09
41.26397520661501,1.9985753055034159,2025-01-09
41.263976244864615,1.9986946686996894,2025-01-09
41.263977282990496,1.9988140319022085,2025-01-09
41.26397832099265,1.9989333951109736,2025-01-09
41.263979358871076,1.999052758325983,2025-01-09
41.263980396625776,1.9991721215472362,2025-01-09
41.26398143425675,1.9992914847747323,2025-01-09
41.26398247176399,1.9994108480084707,2025-01-09
41.263983509147515,1.9995302112484505,2025-01-09
41.2639845464073,1.9996495744946716,2025-01-09
41.263985583543366,1.9997689377471326,2025-01-09
41.26398662055571,1.9998883010058326,2025-01-09
41.26398765744434,2.000007664270772,2025-01-09
41.263988694209225,2.0001270275419483,2025-01-09
41.26398973085038,2.0002463908193624,2025-01-09
41.263990767367815,2.000365754103012,2025-01-09
41.263991803761535,2.0004851173928975,2025-01-09
41.26399284003152,2.000604480689018,2025-01-09
41.26399387617778,2.0007238439913726,2025-01-09
41.2639949122003,2.000843207299961,2025-01-09
41.2639959480991,2.0009625706147816,2025-01-09
41.263996983874186,2.0010819339358337,2025-01-09
41.26399801952554,2.0012012972631172,2025-01-09
41.26399905505316,2.0013206605966314,2025-01-09
41.26400009045707,2.0014400239363748,2025-01-09
41.26400112573723,2.001559387282347,2025-01-09
41.26400216089368,2.001678750634548,2025-01-09
41.2640031959264,2.0017981139929764,2025-01-09
41.26400423083539,2.001917477357631,2025-01-09
41.26400526562066,2.002036840728511,2025-01-09
41.2640063002822,2.0021562041056176,2025-01-09
41.26400733482001,2.0022755674889474,2025-01-09
41.2640083692341,2.0023949308785016,2025-01-09
41.264009403524454,2.002514294274279,2025-01-09
41.26401043769109,2.0026336576762778,2025-01-09
41.26350982878568,1.956322566155179,2025-01-09
41.26351091082973,1.9564419269296769,2025-01-09
41.26351199275006,1.9565612877106833,2025-01-09
41.26351307454667,1.9566806484981982,2025-01-09
41.263514156219564,1.9568000092922215,2025-01-09
41.263515237768736,1.9569193700927512,2025-01-09
41.263516319194196,1.957038730899788,2025-01-09
41.263517400495935,1.95715809171333,2025-01-09
41.263518481673955,1.957277452533377,2025-01-09
41.26351956272824,1.957396813359928,2025-01-09
41.26352064365882,1.9575161741929825,2025-01-09
41.26352172446567,1.9576355350325396,2025-01-09
41.26352280514883,1.9577548958785989,2025-01-09
41.263523885708246,1.957874256731159,2025-01-09
41.26352496614394,1.9579936175902197,2025-01-09
41.26352604645594,1.9581129784557798,2025-01-09
41.26352712664419,1.9582323393278391,2025-01-09
41.26352820670873,1.9583517002063964,2025-01-09
41.26352928664955,1.9584710610914509,2025-01-09
41.26353036646666,1.9585904219830024,2025-01-09
41.263531446160044,1.9587097828810498,2025-01-09
41.26353252572971,1.9588291437855925,2025-01-09
41.26353360517566,1.9589485046966295,2025-01-09
41.263534684497884,1.95906786561416,2025-01-09
41.263535763696396,1.9591872265381836,2025-01-09
41.26353684277119,1.9593065874687,2025-01-09
41.26353792172226,1.9594259484057073,2025-01-09
41.263539000549606,1.9595453093492055,2025-01-09
41.26354007925323,1.959664670299194,2025-01-09
41.26354115783314,1.9597840312556716,2025-01-09
41.26354223628935,1.9599033922186373,2025-01-09
41.26354331462181,1.960022753188091,2025-01-09
41.26354439283057,1.9601421141640314,2025-01-09
41.263545470915595,1.9602614751464587,2025-01-09
41.2635465488769,1.9603808361353716,2025-01-09
41.2635476267145,1.960500197130768,2025-01-09
41.26354870442838,1.96061955813265,2025-01-09
41.26354978201853,1.9607389191410147,2025-01-09
41.263550859484965,1.9608582801558618,2025-01-09
41.263551936827675,1.9609776411771906,2025-01-09
41.26355301404667,1.961097002205001,2025-01-09
41.26355409114195,1.9612163632392912,2025-01-09
41.263555168113506,1.9613357242800613,2025-01-09
41.26355624496134,1.9614550853273103,2025-01-09
41.26355732168546,1.9615744463810374,2025-01-09
41.263558398285845,1.9616938074412416,2025-01-09
41.26355947476253,1.961813168507922,2025-01-09
41.26356055111548,1.9619325295810792,2025-01-09
41.26356162734472,1.962051890660711,2025-01-09
41.263562703450226,1.9621712517468168,2025-01-09
41.26356377943203,1.9622906128393967,2025-01-09
41.263564855290106,1.9624099739384497,2025-01-09
41.263565931024466,1.9625293350439745,2025-01-09
41.2635670066351,1.9626486961559708,2025-01-09
41.26356808212202,1.9627680572744377,2025-01-09
41.26356915748521,1.9628874183993745,2025-01-09
41.26357023272468,1.9630067795307806,2025-01-09
41.26357130784046,1.963126140668655,2025-01-09
41.263572382832486,1.963245501812997,2025-01-09
41.2635734577008,1.9633648629638065,2025-01-09
41.2635745324454,1.963484224121082,2025-01-09
41.263575607066265,1.963603585284822,2025-01-09
41.26357668156343,1.9637229464550277,2025-01-09
41.26357775593687,1.963842307631697,2025-01-09
41.26357883018658,1.9639616688148296,2025-01-09
41.26357990431257,1.9640810300044245,2025-01-09
41.26358097831485,1.9642003912004813,2025-01-09
41.2635820521934,1.964319752402999,2025-01-09
41.26358312594824,1.9644391136119772,2025-01-09
41.26358419957935,1.9645584748274147,2025-01-09
41.26358527308675,1.9646778360493105,2025-01-09
41.263586346470426,1.964797197277665,2025-01-09
41.26358741973038,1.9649165585124764,2025-01-09
41.26358849286661,1.9650359197537446,2025-01-09
41.26358956587912,1.9651552810014683,2025-01-09
41.263590638767916,1.9652746422556469,2025-01-09
41.26359171153299,1.9653940035162802,2025-01-09
41.26359278417434,1.9655133647833667,2025-01-09
41.26359385669197,1.9656327260569066,2025-01-09
41.263594929085876,1.9657520873368974,2025-01-09
41.26359600135606,1.9658714486233408,2025-01-09
41.26359707350254,1.9659908099162338,2025-01-09
41.263598145525286,1.966110171215577,2025-01-09
41.26359921742433,1.96622953252137,2025-01-09
41.26360028919962,1.96634889383361,2025-01-09
41.26360136085121,1.9664682551522983,2025-01-09
41.26360243237909,1.9665876164774334,2025-01-09
41.26360350378323,1.9667069778090145,2025-01-09
41.263604575063646,1.966826339147041,2025-01-09
41.26360564622035,1.966945700491512,2025-01-09
41.26360671725333,1.9670650618424272,2025-01-09
41.2636077881626,1.9671844231997855,2025-01-09
41.263608858948146,1.9673037845635857,2025-01-09
41.26360992960996,1.9674231459338278,2025-01-09
41.26361100014806,1.9675425073105113,2025-01-09
41.26361207056245,1.9676618686936345,2025-01-09
41.2636131408531,1.967781230083197,2025-01-09
41.263614211020034,1.9679005914791983,2025-01-09
41.26361528106325,1.9680199528816376,2025-01-09
41.26361635098275,1.9681393142905141,2025-01-09
41.26361742077853,1.9682586757058265,2025-01-09
41.26361849045058,1.9683780371275754,2025-01-09
41.26361955999892,1.9684973985557588,2025-01-09
41.263620629423535,1.968616759990376,2025-01-09
41.263621698724435,1.9687361214314272,2025-01-09
41.2636227679016,1.9688554828789109,2025-01-09
41.26362383695505,1.9689748443328272,2025-01-09
41.26362490588477,1.9690942057931737,2025-01-09
41.26362597469079,1.9692135672599516,2025-01-09
41.26362704337307,1.9693329287331587,2025-01-09
41.26362811193164,1.9694522902127949,2025-01-09
41.263629180366486,1.969571651698859,2025-01-09
41.26363024867761,1.9696910131913512,2025-01-09
41.263631316865016,1.9698103746902704,2025-01-09
41.26363238492869,1.9699297361956147,2025-01-09
41.26363345286865,1.9700490977073852,2025-01-09
41.263634520684896,1.9701684592255795,2025-01-09
41.26363558837741,1.9702878207501975,2025-01-09
41.26363665594621,1.970407182281239,2025-01-09
41.263637723391284,1.970526543818703,2025-01-09
41.26363879071264,1.9706459053625882,2025-01-09
41.26363985791027,1.9707652669128939,2025-01-09
41.26364092498419,1.9708846284696202,2025-01-09
41.26364199193437,1.9710039900327654,2025-01-09
41.26364305876084,1.9711233516023299,2025-01-09
41.26364412546359,1.9712427131783115,2025-01-09
41.26364519204261,1.9713620747607108,2025-01-09
41.26364625849792,1.9714814363495259,2025-01-09
41.263647324829506,1.9716007979447567,2025-01-09
41.263648391037364,1.9717201595464027,2025-01-09
41.263649457121495,1.9718395211544626,2025-01-09
41.26365052308193,1.9719588827689356,2025-01-09
41.26365158891861,1.9720782443898215,2025-01-09
41.2636526546316,1.9721976060171194,2025-01-09
41.26365372022086,1.972316967650828,2025-01-09
41.26365478568638,1.9724363292909473,2025-01-09
41.2636558510282,1.9725556909374764,2025-01-09
41.26365691624629,1.9726750525904144,2025-01-09
41.263657981340664,1.9727944142497602,2025-01-09
41.2636590463113,1.9729137759155135,2025-01-09
41.26366011115823,1.973033137587674,2025-01-09
41.26366117588143,1.97315249926624,2025-01-09
41.263662240480905,1.973271860951211,2025-01-09
41.26366330495667,1.9733912226425867,2025-01-09
41.263664369308714,1.9735105843403664,2025-01-09
41.26366543353703,1.9736299460445488,2025-01-09
41.26366649764162,1.973749307755133,2025-01-09
41.2636675616225,1.973868669472119,2025-01-09
41.263668625479646,1.9739880311955058,2025-01-09
41.263669689213074,1.9741073929252924,2025-01-09
41.26367075282279,1.9742267546614785,2025-01-09
41.26367181630877,1.9743461164040628,2025-01-09
41.263672879671034,1.974465478153045,2025-01-09
41.26367394290957,1.9745848399084243,2025-01-09
41.26367500602439,1.9747042016701992,2025-01-09
41.263676069015496,1.9748235634383706,2025-01-09
41.26367713188287,1.9749429252129367,2025-01-09
41.26367819462652,1.9750622869938963,2025-01-09
41.26367925724646,1.9751816487812492,2025-01-09
41.263680319742654,1.9753010105749946,2025-01-09
41.26368138211515,1.9754203723751322,2025-01-09
41.26368244436393,1.9755397341816605,2025-01-09
41.26368350648897,1.9756590959945795,2025-01-09
41.26368456849029,1.9757784578138875,2025-01-09
41.26368563036789,1.9758978196395847,2025-01-09
41.263686692121766,1.9760171814716703,2025-01-09
41.26368775375192,1.9761365433101428,2025-01-09
41.263688815258355,1.9762559051550017,2025-01-09
41.26368987664106,1.9763752670062467,2025-01-09
41.26369093790006,1.976494628863877,2025-01-09
41.26369199903532,1.9766139907278915,2025-01-09
41.26369306004687,1.9767333525982895,2025-01-09
41.26369412093469,1.9768527144750703,2025-01-09
41.26369518169879,1.9769720763582335,2025-01-09
41.263696242339165,1.977091438247778,2025-01-09
41.26369730285582,1.9772108001437032,2025-01-09
41.26369836324875,1.977330162046008,2025-01-09
41.26369942351796,1.977449523954692,2025-01-09
41.26370048366345,1.9775688858697547,2025-01-09
41.263701543685215,1.977688247791195,2025-01-09
41.26370260358327,1.9778076097190116,2025-01-09
41.26370366335758,1.977926971653205,2025-01-09
41.26370472300818,1.9780463335937737,2025-01-09
41.263705782535055,1.978165695540717,2025-01-09
41.26370684193821,1.9782850574940345,2025-01-09
41.26370790121764,1.978404419453725,2025-01-09
41.26370896037336,1.9785237814197878,2025-01-09
41.26371001940534,1.9786431433922227,2025-01-09
41.263711078313605,1.9787625053710285,2025-01-09
41.26371213709814,1.9788818673562043,2025-01-09
41.263713195758974,1.9790012293477497,2025-01-09
41.26371425429606,1.9791205913456638,2025-01-09
41.26371531270943,1.9792399533499456,2025-01-09
41.26371637099908,1.979359315360595,2025-01-09
41.26371742916502,1.979478677377611,2025-01-09
41.263718487207214,1.9795980394009924,2025-01-09
41.2637195451257,1.979717401430739,2025-01-09
41.26372060292046,1.9798367634668503,2025-01-09
41.26372166059149,1.9799561255093245,2025-01-09
41.26372271813881,1.9800754875581619,2025-01-09
41.2637237755624,1.9801948496133606,2025-01-09
41.26372483286227,1.9803142116749217,2025-01-09
41.263725890038415,1.9804335737428427,2025-01-09
41.26372694709084,1.9805529358171234,2025-01-09
41.26372800401954,1.9806722978977636,2025-01-09
41.26372906082451,1.9807916599847617,2025-01-09
41.26373011750577,1.9809110220781174,2025-01-09
41.2637311740633,1.98103038417783,2025-01-09
41.26373223049711,1.9811497462838992,2025-01-09
41.263733286807195,1.981269108396323,2025-01-09
41.263734342993565,1.9813884705151017,2025-01-09
41.2637353990562,1.9815078326402344,2025-01-09
41.26373645499511,1.9816271947717201,2025-01-09
41.26373751081031,1.9817465569095583,2025-01-09
41.263738566501786,1.9818659190537478,2025-01-09
41.26373962206952,1.9819852812042886,2025-01-09
41.26374067751355,1.982104643361179,2025-01-09
41.26374173283386,1.9822240055244191,2025-01-09
41.263742788030434,1.9823433676940074,2025-01-09
41.263743843103285,1.9824627298699447,2025-01-09
41.263744898052416,1.9825820920522284,2025-01-09
41.263745952877834,1.9827014542408583,2025-01-09
41.26374700757951,1.9828208164358345,2025-01-09
41.26374806215748,1.9829401786371552,2025-01-09
41.26374911661171,1.9830595408448202,2025-01-09
41.26375017094223,1.9831789030588285,2025-01-09
41.263751225149015,1.98329826527918,2025-01-09
41.263752279232094,1.9834176275058724,2025-01-09
41.263753333191445,1.983536989738907,2025-01-09
41.26375438702707,1.983656351978282,2025-01-09
41.263755440738954,1.983775714223996,2025-01-09
41.26375649432714,1.98389507647605,2025-01-09
41.263757547791585,1.9840144387344414,2025-01-09
41.26375860113232,1.9841338009991702,2025-01-09
41.26375965434932,1.9842531632702363,2025-01-09
41.26376070744261,1.9843725255476379,2025-01-09
41.263761760412166,1.9844918878313753,2025-01-09
41.263762813258005,1.9846112501214472,2025-01-09
41.26376386598012,1.9847306124178523,2025-01-09
41.2637649185785,1.984849974720591,2025-01-09
41.26376597105316,1.9849693370296615,2025-01-09
41.26376702340411,1.985088699345064,2025-01-09
41.263768075631326,1.985208061666797,2025-01-09
41.26376912773482,1.9853274239948604,2025-01-09
41.26377017971459,1.9854467863292524,2025-01-09
41.263771231570644,1.985566148669974,2025-01-09
41.26377228330296,1.9856855110170224,2025-01-09
41.26377333491157,1.9858048733703983,2025-01-09
41.263774386396435,1.9859242357301006,2025-01-09
41.26377543775759,1.9860435980961284,2025-01-09
41.26377648899501,1.9861629604684812,2025-01-09
41.26377754010872,1.986282322847158,2025-01-09
41.263778591098706,1.986401685232158,2025-01-09
41.263779641964966,1.9865210476234807,2025-01-09
41.2637806927075,1.9866404100211252,2025-01-09
41.263781743326305,1.9867597724250912,2025-01-09
41.2637827938214,1.9868791348353765,2025-01-09
41.263783844192744,1.986998497251983,2025-01-09
41.26378489444039,1.9871178596749075,2025-01-09
41.2637859445643,1.9872372221041499,2025-01-09
41.26378699456449,1.9873565845397103,2025-01-09
41.263788044440965,1.9874759469815872,2025-01-09
41.263789094193704,1.98759530942978,2025-01-09
41.263790143822725,1.9877146718842877,2025-01-09
41.26379119332801,1.9878340343451095,2025-01-09
41.263792242709584,1.9879533968122456,2025-01-09
41.26379329196743,1.9880727592856946,2025-01-09
41.26379434110156,1.9881921217654557,2025-01-09
41.26379539011196,1.9883114842515284,2025-01-09
41.263796438998625,1.988430846743912,2025-01-09
41.26379748776158,1.9885502092426048,2025-01-09
41.26379853640079,1.9886695717476075,2025-01-09
41.2637995849163,1.9887889342589182,2025-01-09
41.26380063330808,1.9889082967765372,2025-01-09
41.26380168157613,1.989027659300462,2025-01-09
41.26380272972046,1.9891470218306946,2025-01-09
41.263803777741074,1.9892663843672314,2025-01-09
41.26380482563795,1.9893857469100742,2025-01-09
41.2638058734111,1.9895051094592202,2025-01-09
41.26380692106054,1.9896244720146696,2025-01-09
41.26380796858625,1.9897438345764211,2025-01-09
41.26380901598823,1.9898631971444751,2025-01-09
41.26381006326649,1.98998255971883,2025-01-09
41.263811110421024,1.9901019222994853,2025-01-09
41.26381215745184,1.9902212848864393,2025-01-09
41.26381320435892,1.990340647479693,2025-01-09
41.263814251142286,1.9904600100792444,2025-01-09
41.26381529780192,1.9905793726850933,2025-01-09
41.26381634433784,1.9906987352972383,2025-01-09
41.26381739075002,1.9908180979156793,2025-01-09
41.26381843703849,1.990937460540416,2025-01-09
41.26381948320322,1.9910568231714467,2025-01-09
41.263820529244235,1.9911761858087704,2025-01-09
41.26382157516153,1.9912955484523875,2025-01-09
41.2638226209551,1.9914149111022965,2025-01-09
41.26382366662494,1.9915342737584971,2025-01-09
41.26382471217106,1.9916536364209885,2025-01-09
41.26382575759345,1.991772999089769,2025-01-09
41.26382680289212,1.9918923617648394,2025-01-09
41.26382784806706,1.9920117244461977,2025-01-09
41.26382889311829,1.992131087133844,2025-01-09
41.263829938045774,1.992250449827777,2025-01-09
41.26383098284955,1.9923698125279963,2025-01-09
41.26383202752958,1.9924891752345009,2025-01-09
41.2638330720859,1.9926085379472902,2025-01-09
41.263834116518495,1.9927279006663632,2025-01-09
41.26383516082737,1.9928472633917198,2025-01-09
41.26383620501251,1.9929666261233587,2025-01-09
41.26383724907394,1.9930859888612793,2025-01-09
41.26383829301164,1.9932053516054804,2025-01-09
41.263839336825605,1.993324714355962,2025-01-09
41.26384038051585,1.9934440771127235,2025-01-09
41.263841424082365,1.9935634398757633,2025-01-09
41.263842467525166,1.9936828026450806,2025-01-09
41.26384351084423,1.9938021654206757,2025-01-09
41.26384455403958,1.9939215282025475,2025-01-09
41.2638455971112,1.9940408909906946,2025-01-09
41.26384664005909,1.994160253785117,2025-01-09
41.26384768288327,1.9942796165858134,2025-01-09
41.26384872558371,1.9943989793927834,2025-01-09
41.26384976816044,1.9945183422060262,2025-01-09
41.263850810613434,1.994637705025541,2025-01-09
41.26385185294271,1.994757067851327,2025-01-09
41.26385289514825,1.9948764306833835,2025-01-09
41.263853937230074,1.9949957935217097,2025-01-09
41.26385497918816,1.9951151563663054,2025-01-09
41.26385602102254,1.995234519217169,2025-01-09
41.26385706273319,1.9953538820743009,2025-01-09
41.26385810432011,1.9954732449376986,2025-01-09
41.26385914578331,1.995592607807363,2025-01-09
41.26386018712277,1.9957119706832922,2025-01-09
41.26386122833851,1.9958313335654863,2025-01-09
41.26386226943053,1.995950696453944,2025-01-09
41.26386331039883,1.996070059348665,2025-01-09
41.2638643512434,1.9961894222496483,2025-01-09
41.26386539196424,1.9963087851568933,2025-01-09
41.26386643256135,1.9964281480703991,2025-01-09
41.26386747303475,1.9965475109901651,2025-01-09
41.26386851338441,1.9966668739161906,2025-01-09
41.263869553610355,1.9967862368484743,2025-01-09
41.263870593712575,1.996905599787016,2025-01-09
41.26387163369107,1.9970249627318144,2025-01-09
41.26387267354583,1.9971443256828705,2025-01-09
41.26387371327687,1.9972636886401813,2025-01-09
41.263874752884185,1.997383051603747,2025-01-09
41.26387579236777,1.9975024145735674,2025-01-09
41.263876831727636,1.9976217775496408,2025-01-09
41.26387787096378,1.9977411405319667,2025-01-09
41.263878910076194,1.9978605035205448,2025-01-09
41.26387994906487,1.9979798665153743,2025-01-09
41.26388098792984,1.998099229516454,2025-01-09
41.26388202667108,1.9982185925237834,2025-01-09
41.26388306528859,1.9983379555373617,2025-01-09
41.263884103782374,1.9984573185571883,2025-01-09
41.26388514215243,1.9985766815832622,2025-01-09
41.26388618039876,1.998696044615583,2025-01-09
41.26388721852137,1.9988154076541496,2025-01-09
41.263888256520254,1.998934770698962,2025-01-09
41.26388929439541,1.999054133750018,2025-01-09
41.26389033214684,1.9991734968073183,2025-01-09
41.26389136977455,1.9992928598708617,2025-01-09
41.263892407278526,1.9994122229406468,2025-01-09
41.26389344465878,1.999531586016674,2025-01-09
41.2638944819153,1.999650949098942,2025-01-09
41.2638955190481,1.9997703121874495,2025-01-09
41.26389655605718,1.9998896752821966,2025-01-09
41.263897592942534,2.0000090383831823,2025-01-09
41.26389862970416,2.000128401490406,2025-01-09
41.26389966634205,2.0002477646038663,2025-01-09
41.263900702856226,2.000367127723563,2025-01-09
41.26390173924667,2.0004864908494957,2025-01-09
41.263902775513394,2.0006058539816625,2025-01-09
41.263903811656384,2.0007252171200633,2025-01-09
41.263904847675654,2.0008445802646984,2025-01-09
41.2639058835712,2.0009639434155653,2025-01-09
41.26390691934301,2.0010833065726645,2025-01-09
41.26390795499109,2.001202669735995,2025-01-09
41.26390899051546,2.0013220329055548,2025-01-09
41.263910025916104,2.001441396081345,2025-01-09
41.26391106119301,2.001560759263364,2025-01-09
41.26391209634619,2.001680122451611,2025-01-09
41.263913131375645,2.0017994856460857,2025-01-09
41.26391416628139,2.001918848846787,2025-01-09
41.2639152010634,2.0020382120537135,2025-01-09
41.26391623572167,2.002157575266865,2025-01-09
41.26391727025622,2.002276938486242,2025-01-09
41.26391830466706,2.0023963017118422,2025-01-09
41.26391933895416,2.0025156649436657,2025-01-09
41.26392037311753,2.002635028181711,2025-01-09
41.26351129728104,1.9664696753278121,2025-01-09
41.26351236880553,1.9665890364890042,2025-01-09
41.26351344020631,1.966708397656642,2025-01-09
41.26351451148336,1.966827758830725,2025-01-09
41.263515582636686,1.966947120011253,2025-01-09
41.263516653666294,1.9670664811982248,2025-01-09
41.26351772457219,1.9671858423916395,2025-01-09
41.26351879535436,1.9673052035914966,2025-01-09
41.26351986601281,1.9674245647977957,2025-01-09
41.26352093654754,1.9675439260105354,2025-01-09
41.263522006958546,1.9676632872297148,2025-01-09
41.263523077245836,1.9677826484553336,2025-01-09
41.2635241474094,1.9679020096873916,2025-01-09
41.26352521744924,1.9680213709258874,2025-01-09
41.26352628736537,1.9681407321708198,2025-01-09
41.263527357157784,1.9682600934221892,2025-01-09
41.26352842682647,1.9683794546799938,2025-01-09
41.263529496371426,1.9684988159442338,2025-01-09
41.26353056579268,1.9686181772149072,2025-01-09
41.263531635090196,1.968737538492015,2025-01-09
41.263532704264,1.968856899775555,2025-01-09
41.26353377331409,1.9689762610655266,2025-01-09
41.263534842240446,1.96909562236193,2025-01-09
41.263535911043085,1.9692149836647637,2025-01-09
41.26353697972201,1.9693343449740268,2025-01-09
41.26353804827722,1.9694537062897193,2025-01-09
41.26353911670869,1.9695730676118395,2025-01-09
41.263540185016446,1.9696924289403874,2025-01-09
41.26354125320048,1.9698117902753622,2025-01-09
41.263542321260815,1.9699311516167624,2025-01-09
41.2635433891974,1.9700505129645884,2025-01-09
41.26354445701028,1.9701698743188385,2025-01-09
41.26354552469943,1.970289235679513,2025-01-09
41.263546592264866,1.97040859704661,2025-01-09
41.26354765970658,1.9705279584201296,2025-01-09
41.26354872702457,1.9706473198000702,2025-01-09
41.26354979421885,1.9707666811864324,2025-01-09
41.2635508612894,1.970886042579214,2025-01-09
41.26355192823623,1.9710054039784148,2025-01-09
41.26355299505934,1.9711247653840345,2025-01-09
41.26355406175872,1.9712441267960716,2025-01-09
41.26355512833439,1.9713634882145263,2025-01-09
41.26355619478633,1.971482849639397,2025-01-09
41.263557261114556,1.9716022110706832,2025-01-09
41.26355832731906,1.9717215725083848,2025-01-09
41.263559393399845,1.9718409339524994,2025-01-09
41.2635604593569,1.9719602954030284,2025-01-09
41.26356152519025,1.9720796568599694,2025-01-09
41.26356259089987,1.9721990183233225,2025-01-09
41.263563656485765,1.9723183797930868,2025-01-09
41.263564721947944,1.9724377412692606,2025-01-09
41.263565787286396,1.972557102751845,2025-01-09
41.263566852501135,1.9726764642408379,2025-01-09
41.26356791759215,1.972795825736239,2025-01-09
41.263568982559434,1.9729151872380475,2025-01-09
41.263570047403,1.9730345487462626,2025-01-09
41.263571112122854,1.9731539102608837,2025-01-09
41.26357217671899,1.9732732717819093,2025-01-09
41.263573241191395,1.9733926333093401,2025-01-09
41.263574305540075,1.9735119948431743,2025-01-09
41.263575369765036,1.9736313563834118,2025-01-09
41.263576433866284,1.9737507179300509,2025-01-09
41.263577497843805,1.9738700794830915,2025-01-09
41.263578561697614,1.9739894410425334,2025-01-09
41.26357962542768,1.9741088026083746,2025-01-09
41.26358068903404,1.9742281641806152,2025-01-09
41.26358175251668,1.9743475257592547,2025-01-09
41.26358281587559,1.9744668873442912,2025-01-09
41.26358387911079,1.974586248935725,2025-01-09
41.26358494222225,1.974705610533555,2025-01-09
41.263586005210016,1.9748249721377806,2025-01-09
41.26358706807404,1.9749443337484005,2025-01-09
41.263588130814334,1.9750636953654148,2025-01-09
41.263589193430924,1.9751830569888222,2025-01-09
41.26359025592379,1.9753024186186223,2025-01-09
41.26359131829294,1.975421780254814,2025-01-09
41.26359238053835,1.9755411418973967,2025-01-09
41.26359344266005,1.9756605035463697,2025-01-09
41.26359450465803,1.9757798652017324,2025-01-09
41.26359556653228,1.9758992268634836,2025-01-09
41.26359662828282,1.976018588531623,2025-01-09
41.26359768990962,1.9761379502061498,2025-01-09
41.26359875141272,1.9762573118870632,2025-01-09
41.26359981279209,1.9763766735743622,2025-01-09
41.26360087404774,1.9764960352680463,2025-01-09
41.263601935179665,1.9766153969681144,2025-01-09
41.263602996187856,1.976734758674567,2025-01-09
41.263604057072335,1.9768541203874017,2025-01-09
41.2636051178331,1.9769734821066185,2025-01-09
41.263606178470134,1.977092843832217,2025-01-09
41.26360723898345,1.9772122055641959,2025-01-09
41.26360829937305,1.9773315673025547,2025-01-09
41.26360935963892,1.9774509290472921,2025-01-09
41.263610419781074,1.9775702907984087,2025-01-09
41.26361147979949,1.9776896525559022,2025-01-09
41.2636125396942,1.977809014319773,2025-01-09
41.26361359946518,1.9779283760900201,2025-01-09
41.26361465911245,1.9780477378666428,2025-01-09
41.26361571863598,1.9781670996496397,2025-01-09
41.263616778035804,1.97828646143901,2025-01-09
41.2636178373119,1.9784058232347543,2025-01-09
41.263618896464266,1.978525185036871,2025-01-09
41.26361995549292,1.978644546845359,2025-01-09
41.26362101439784,1.9787639086602182,2025-01-09
41.26362207317905,1.9788832704814474,2025-01-09
41.26362313183653,1.9790026323090462,2025-01-09
41.263624190370294,1.9791219941430134,2025-01-09
41.263625248780336,1.9792413559833488,2025-01-09
41.26362630706665,1.9793607178300516,2025-01-09
41.26362736522925,1.9794800796831205,2025-01-09
41.26362842326812,1.979599441542555,2025-01-09
41.26362948118327,1.9797188034083548,2025-01-09
41.263630538974695,1.9798381652805193,2025-01-09
41.26363159664241,1.9799575271590464,2025-01-09
41.263632654186395,1.9800768890439366,2025-01-09
41.26363371160665,1.980196250935189,2025-01-09
41.26363476890319,1.9803156128328028,2025-01-09
41.26363582607601,1.9804349747367764,2025-01-09
41.263636883125095,1.9805543366471103,2025-01-09
41.263637940050465,1.9806736985638034,2025-01-09
41.26363899685212,1.9807930604868542,2025-01-09
41.26364005353005,1.9809124224162626,2025-01-09
41.26364111008425,1.9810317843520282,2025-01-09
41.26364216651473,1.9811511462941502,2025-01-09
41.263643222821486,1.981270508242627,2025-01-09
41.26364427900452,1.9813898701974584,2025-01-09
41.263645335063835,1.9815092321586434,2025-01-09
41.263646390999426,1.9816285941261818,2025-01-09
41.26364744681129,1.9817479561000724,2025-01-09
41.26364850249944,1.9818673180803144,2025-01-09
41.26364955806386,1.9819866800669073,2025-01-09
41.263650613504566,1.9821060420598504,2025-01-09
41.26365166882154,1.9822254040591436,2025-01-09
41.2636527240148,1.9823447660647844,2025-01-09
41.26365377908433,1.9824641280767736,2025-01-09
41.263654834030135,1.9825834900951096,2025-01-09
41.26365588885222,1.9827028521197922,2025-01-09
41.263656943550586,1.9828222141508203,2025-01-09
41.263657998125225,1.982941576188193,2025-01-09
41.26365905257614,1.9830609382319107,2025-01-09
41.26366010690334,1.983180300281971,2025-01-09
41.26366116110681,1.9832996623383747,2025-01-09
41.26366221518656,1.9834190244011196,2025-01-09
41.26366326914258,1.9835383864702056,2025-01-09
41.26366432297489,1.9836577485456326,2025-01-09
41.26366537668348,1.9837771106273991,2025-01-09
41.26366643026833,1.9838964727155046,2025-01-09
41.26366748372946,1.9840158348099481,2025-01-09
41.263668537066884,1.9841351969107293,2025-01-09
41.26366959028057,1.984254559017847,2025-01-09
41.26367064337053,1.9843739211313012,2025-01-09
41.26367169633677,1.98449328325109,2025-01-09
41.26367274917929,1.984612645377213,2025-01-09
41.263673801898086,1.9847320075096706,2025-01-09
41.26367485449316,1.9848513696484609,2025-01-09
41.2636759069645,1.9849707317935836,2025-01-09
41.26367695931213,1.9850900939450369,2025-01-09
41.263678011536044,1.985209456102822,2025-01-09
41.26367906363622,1.9853288182669366,2025-01-09
41.26368011561268,1.9854481804373807,2025-01-09
41.26368116746541,1.9855675426141537,2025-01-09
41.263682219194415,1.9856869047972534,2025-01-09
41.2636832707997,1.985806266986681,2025-01-09
41.26368432228127,1.9859256291824343,2025-01-09
41.263685373639106,1.9860449913845137,2025-01-09
41.26368642487323,1.9861643535929179,2025-01-09
41.26368747598362,1.986283715807646,2025-01-09
41.26368852697029,1.986403078028697,2025-01-09
41.26368957783324,1.986522440256071,2025-01-09
41.26369062857247,1.9866418024897672,2025-01-09
41.263691679187964,1.9867611647297838,2025-01-09
41.26369272967974,1.986880526976121,2025-01-09
41.263693780047795,1.986999889228778,2025-01-09
41.263694830292124,1.9871192514877538,2025-01-09
41.26369588041273,1.9872386137530471,2025-01-09
41.263696930409616,1.9873579760246587,2025-01-09
41.26369798028277,1.9874773383025863,2025-01-09
41.26369903003221,1.9875967005868302,2025-01-09
41.26370007965792,1.9877160628773887,2025-01-09
41.263701129159905,1.9878354251742618,2025-01-09
41.26370217853818,1.987954787477449,2025-01-09
41.26370322779272,1.9880741497869487,2025-01-09
41.26370427692353,1.9881935121027605,2025-01-09
41.26370532593063,1.988312874424884,2025-01-09
41.26370637481399,1.988432236753318,2025-01-09
41.26370742357364,1.988551599088062,2025-01-09
41.26370847220956,1.988670961429115,2025-01-09
41.26370952072176,1.9887903237764764,2025-01-09
41.26371056911024,1.9889096861301458,2025-01-09
41.263711617374994,1.9890290484901219,2025-01-09
41.263712665516024,1.9891484108564041,2025-01-09
41.26371371353333,1.9892677732289923,2025-01-09
41.263714761426904,1.9893871356078852,2025-01-09
41.26371580919676,1.9895064979930817,2025-01-09
41.2637168568429,1.9896258603845816,2025-01-09
41.26371790436531,1.9897452227823837,2025-01-09
41.263718951763984,1.9898645851864878,2025-01-09
41.26371999903894,1.989983947596893,2025-01-09
41.263721046190184,1.9901033100135983,2025-01-09
41.2637220932177,1.990222672436603,2025-01-09
41.263723140121485,1.9903420348659067,2025-01-09
41.26372418690155,1.9904613973015084,2025-01-09
41.263725233557885,1.9905807597434073,2025-01-09
41.26372628009051,1.9907001221916028,2025-01-09
41.2637273264994,1.9908194846460936,2025-01-09
41.26372837278457,1.9909388471068803,2025-01-09
41.26372941894601,1.991058209573961,2025-01-09
41.26373046498372,1.991177572047335,2025-01-09
41.26373151089773,1.9912969345270017,2025-01-09
41.263732556688,1.991416297012961,2025-01-09
41.26373360235455,1.9915356595052107,2025-01-09
41.26373464789737,1.9916550220037526,2025-01-09
41.26373569331646,1.991774384508583,2025-01-09
41.26373673861185,1.991893747019703,2025-01-09
41.2637377837835,1.9920131095371112,2025-01-09
41.26373882883143,1.9921324720608067,2025-01-09
41.263739873755625,1.9922518345907898,2025-01-09
41.26374091855611,1.9923711971270583,2025-01-09
41.26374196323285,1.992490559669613,2025-01-09
41.26374300778589,1.9926099222184517,2025-01-09
41.26374405221519,1.9927292847735745,2025-01-09
41.26374509652078,1.9928486473349802,2025-01-09
41.26374614070262,1.9929680099026688,2025-01-09
41.26374718476076,1.9930873724766385,2025-01-09
41.263748228695164,1.9932067350568894,2025-01-09
41.26374927250585,1.9933260976434208,2025-01-09
41.263750316192805,1.9934454602362313,2025-01-09
41.26375135975604,1.9935648228353207,2025-01-09
41.263752403195554,1.9936841854406877,2025-01-09
41.26375344651134,1.9938035480523315,2025-01-09
41.2637544897034,1.9939229106702525,2025-01-09
41.26375553277173,1.9940422732944487,2025-01-09
41.26375657571634,1.9941616359249206,2025-01-09
41.263757618537234,1.994280998561666,2025-01-09
41.2637586612344,1.9944003612046852,2025-01-09
41.26375970380783,1.994519723853977,2025-01-09
41.263760746257546,1.9946390865095407,2025-01-09
41.26376178858353,1.994758449171376,2025-01-09
41.263762830785794,1.9948778118394814,2025-01-09
41.26376387286434,1.9949971745138564,2025-01-09
41.263764914819156,1.9951165371945008,2025-01-09
41.263765956650246,1.9952358998814135,2025-01-09
41.2637669983576,1.9953552625745936,2025-01-09
41.26376803994124,1.9954746252740407,2025-01-09
41.26376908140116,1.9955939879797533,2025-01-09
41.26377012273734,1.9957133506917317,2025-01-09
41.263771163949805,1.9958327134099743,2025-01-09
41.26377220503855,1.9959520761344807,2025-01-09
41.26377324600356,1.9960714388652507,2025-01-09
41.26377428684486,1.9961908016022827,2025-01-09
41.26377532756243,1.9963101643455763,2025-01-09
41.26377636815626,1.9964295270951307,2025-01-09
41.263777408626375,1.996548889850945,2025-01-09
41.263778448972765,1.9966682526130186,2025-01-09
41.26377948919543,1.9967876153813509,2025-01-09
41.263780529294365,1.9969069781559416,2025-01-09
41.26378156926959,1.9970263409367885,2025-01-09
41.26378260912107,1.9971457037238924,2025-01-09
41.26378364884885,1.9972650665172516,2025-01-09
41.26378468845289,1.9973844293168654,2025-01-09
41.263785727933204,1.9975037921227337,2025-01-09
41.26378676728979,1.9976231549348555,2025-01-09
41.263787806522664,1.9977425177532302,2025-01-09
41.26378884563179,1.9978618805778563,2025-01-09
41.26378988461721,1.9979812434087336,2025-01-09
41.2637909234789,1.9981006062458613,2025-01-09
41.263791962216864,1.9982199690892388,2025-01-09
41.26379300083111,1.9983393319388651,2025-01-09
41.26379403932162,1.9984586947947398,2025-01-09
41.26379507768841,1.9985780576568617,2025-01-09
41.26379611593146,1.9986974205252304,2025-01-09
41.263797154050806,1.9988167833998451,2025-01-09
41.263798192046416,1.9989361462807052,2025-01-09
41.263799229918305,1.9990555091678095,2025-01-09
41.263800267666475,1.9991748720611575,2025-01-09
41.263801305290905,1.999294234960748,2025-01-09
41.263802342791614,1.999413597866582,2025-01-09
41.263803380168596,1.9995329607786563,2025-01-09
41.26380441742185,1.9996523236969714,2025-01-09
41.263805454551395,1.999771686621527,2025-01-09
41.263806491557204,1.9998910495523219,2025-01-09
41.26380752843928,2.0000104124893547,2025-01-09
41.26380856519764,2.000129775432626,2025-01-09
41.26380960183228,2.000249138382134,2025-01-09
41.26381063834317,2.0003685013378782,2025-01-09
41.26381167473036,2.000487864299858,2025-01-09
41.26381271099381,2.0006072272680724,2025-01-09
41.263813747133554,2.0007265902425213,2025-01-09
41.263814783149556,2.0008459532232035,2025-01-09
41.26381581904184,2.0009653162101175,2025-01-09
41.263816854810386,2.001084679203264,2025-01-09
41.263817890455215,2.0012040422026414,2025-01-09
41.26381892597632,2.0013234052082485,2025-01-09
41.26381996137369,2.001442768220086,2025-01-09
41.26382099664734,2.0015621312381517,2025-01-09
41.26382203179727,2.0016814942624466,2025-01-09
41.26382306682346,2.0018008572929675,2025-01-09
41.26382410172594,2.0019202203297155,2025-01-09
41.26382513650469,2.0020395833726896,2025-01-09
41.26382617115971,2.0021589464218894,2025-01-09
41.26382720569101,2.0022783094773127,2025-01-09
41.26382824009857,2.00239767253896,2025-01-09
41.26382927438242,2.0025170356068296,2025-01-09
41.26383030854253,2.002636398680922,2025-01-09
41.26351081019396,1.9764974416658312,2025-01-09
41.263511871322535,1.9766168032019544,2025-01-09
41.2635129323274,1.9767361647444612,2025-01-09
41.263513993208534,1.976855526293351,2025-01-09
41.263515053965946,1.9769748878486224,2025-01-09
41.26351611459965,1.9770942494102752,2025-01-09
41.26351717510963,1.9772136109783085,2025-01-09
41.26351823549587,1.9773329725527222,2025-01-09
41.26351929575842,1.9774523341335144,2025-01-09
41.26352035589722,1.9775716957206857,2025-01-09
41.26352141591231,1.9776910573142334,2025-01-09
41.26352247580367,1.9778104189141588,2025-01-09
41.26352353557132,1.9779297805204599,2025-01-09
41.263524595215245,1.9780491421331368,2025-01-09
41.263525654735446,1.9781685037521883,2025-01-09
41.26352671413192,1.9782878653776133,2025-01-09
41.26352777340468,1.9784072270094115,2025-01-09
41.263528832553725,1.9785265886475818,2025-01-09
41.26352989157904,1.9786459502921248,2025-01-09
41.26353095048063,1.9787653119430375,2025-01-09
41.2635320092585,1.9788846736003212,2025-01-09
41.263533067912654,1.979004035263974,2025-01-09
41.26353412644308,1.9791233969339956,2025-01-09
41.263535184849786,1.979242758610385,2025-01-09
41.263536243132776,1.9793621202931413,2025-01-09
41.263537301292025,1.9794814819822646,2025-01-09
41.26353835932757,1.979600843677753,2025-01-09
41.263539417239386,1.9797202053796068,2025-01-09
41.26354047502748,1.9798395670878248,2025-01-09
41.26354153269185,1.9799589288024058,2025-01-09
41.26354259023251,1.98007829052335,2025-01-09
41.26354364764944,1.9801976522506561,2025-01-09
41.26354470494265,1.9803170139843231,2025-01-09
41.26354576211214,1.9804363757243508,2025-01-09
41.2635468191579,1.980555737470738,2025-01-09
41.26354787607994,1.9806750992234847,2025-01-09
41.26354893287826,1.9807944609825896,2025-01-09
41.26354998955286,1.9809138227480518,2025-01-09
41.263551046103736,1.9810331845198705,2025-01-09
41.26355210253089,1.9811525462980457,2025-01-09
41.26355315883433,1.981271908082576,2025-01-09
41.263554215014025,1.9813912698734608,2025-01-09
41.26355527107002,1.9815106316706994,2025-01-09
41.26355632700228,1.9816299934742911,2025-01-09
41.26355738281082,1.9817493552842351,2025-01-09
41.26355843849564,1.9818687171005307,2025-01-09
41.263559494056736,1.9819880789231772,2025-01-09
41.263560549494116,1.9821074407521735,2025-01-09
41.26356160480776,1.9822268025875194,2025-01-09
41.2635626599977,1.9823461644292133,2025-01-09
41.26356371506391,1.9824655262772557,2025-01-09
41.26356477000639,1.9825848881316448,2025-01-09
41.263565824825164,1.98270424999238,2025-01-09
41.26356687952019,1.9828236118594613,2025-01-09
41.26356793409152,1.9829429737328872,2025-01-09
41.26356898853912,1.9830623356126575,2025-01-09
41.26357004286299,1.9831816974987715,2025-01-09
41.26357109706314,1.9833010593912275,2025-01-09
41.26357215113957,1.9834204212900253,2025-01-09
41.26357320509228,1.9835397831951649,2025-01-09
41.26357425892126,1.983659145106644,2025-01-09
41.26357531262652,1.9837785070244633,2025-01-09
41.263576366208056,1.983897868948622,2025-01-09
41.26357741966588,1.9840172308791177,2025-01-09
41.263578472999974,1.9841365928159516,2025-01-09
41.263579526210336,1.9842559547591223,2025-01-09
41.26358057929699,1.9843753167086287,2025-01-09
41.263581632259914,1.98449467866447,2025-01-09
41.26358268509912,1.9846140406266461,2025-01-09
41.2635837378146,1.984733402595156,2025-01-09
41.263584790406355,1.9848527645699985,2025-01-09
41.263585842874384,1.9849721265511733,2025-01-09
41.2635868952187,1.9850914885386797,2025-01-09
41.26358794743929,1.9852108505325163,2025-01-09
41.263588999536154,1.9853302125326842,2025-01-09
41.2635900515093,1.98544957453918,2025-01-09
41.26359110335872,1.9855689365520053,2025-01-09
41.26359215508442,1.9856882985711575,2025-01-09
41.263593206686394,1.9858076605966375,2025-01-09
41.26359425816464,1.9859270226284431,2025-01-09
41.263595309519175,1.986046384666574,2025-01-09
41.26359636074998,1.9861657467110303,2025-01-09
41.26359741185706,1.9862851087618103,2025-01-09
41.26359846284043,1.9864044708189141,2025-01-09
41.26359951370006,1.98652383288234,2025-01-09
41.263600564435976,1.9866431949520875,2025-01-09
41.26360161504817,1.9867625570281566,2025-01-09
41.26360266553664,1.9868819191105458,2025-01-09
41.263603715901375,1.9870012811992543,2025-01-09
41.2636047661424,1.9871206432942818,2025-01-09
41.2636058162597,1.9872400053956278,2025-01-09
41.26360686625327,1.9873593675032906,2025-01-09
41.26360791612312,1.98747872961727,2025-01-09
41.26360896586925,1.9875980917375655,2025-01-09
41.26361001549166,1.987717453864176,2025-01-09
41.26361106499034,1.9878368159971005,2025-01-09
41.2636121143653,1.9879561781363393,2025-01-09
41.26361316361654,1.9880755402818906,2025-01-09
41.26361421274406,1.9881949024337542,2025-01-09
41.263615261747844,1.988314264591929,2025-01-09
41.26361631062791,1.9884336267564147,2025-01-09
41.263617359384256,1.9885529889272096,2025-01-09
41.26361840801687,1.9886723511043145,2025-01-09
41.26361945652577,1.9887917132877273,2025-01-09
41.26362050491094,1.9889110754774482,2025-01-09
41.2636215531724,1.9890304376734753,2025-01-09
41.26362260131012,1.9891497998758092,2025-01-09
41.26362364932412,1.9892691620844485,2025-01-09
41.26362469721441,1.989388524299392,2025-01-09
41.263625744980956,1.98950788652064,2025-01-09
41.26362679262379,1.9896272487481907,2025-01-09
41.2636278401429,1.9897466109820443,2025-01-09
41.26362888753828,1.9898659732221993,2025-01-09
41.26362993480994,1.9899853354686559,2025-01-09
41.26363098195788,1.990104697721412,2025-01-09
41.26363202898211,1.9902240599804675,2025-01-09
41.263633075882595,1.990343422245822,2025-01-09
41.26363412265936,1.990462784517475,2025-01-09
41.26363516931241,1.9905821467954246,2025-01-09
41.26363621584173,1.9907015090796707,2025-01-09
41.26363726224732,1.990820871370213,2025-01-09
41.263638308529195,1.99094023366705,2025-01-09
41.26363935468734,1.9910595959701818,2025-01-09
41.263640400721776,1.9911789582796064,2025-01-09
41.26364144663246,1.9912983205953239,2025-01-09
41.26364249241944,1.9914176829173336,2025-01-09
41.2636435380827,1.9915370452456345,2025-01-09
41.26364458362223,1.9916564075802266,2025-01-09
41.26364562903804,1.9917757699211078,2025-01-09
41.26364667433012,1.991895132268278,2025-01-09
41.26364771949848,1.9920144946217369,2025-01-09
41.263648764543106,1.992133856981483,2025-01-09
41.26364980946403,1.9922532193475164,2025-01-09
41.263650854261215,1.9923725817198354,2025-01-09
41.26365189893468,1.9924919440984403,2025-01-09
41.263652943484416,1.9926113064833293,2025-01-09
41.26365398791043,1.9927306688745026,2025-01-09
41.263655032212725,1.9928500312719588,2025-01-09
41.263656076391285,1.9929693936756971,2025-01-09
41.263657120446126,1.9930887560857178,2025-01-09
41.263658164377254,1.9932081185020183,2025-01-09
41.26365920818464,1.9933274809246,2025-01-09
41.263660251868316,1.9934468433534605,2025-01-09
41.26366129542826,1.9935662057885997,2025-01-09
41.263662338864485,1.9936855682300165,2025-01-09
41.263663382176986,1.9938049306777113,2025-01-09
41.26366442536576,1.9939242931316818,2025-01-09
41.26366546843081,1.9940436555919279,2025-01-09
41.263666511372136,1.9941630180584498,2025-01-09
41.26366755418974,1.9942823805312448,2025-01-09
41.26366859688361,1.994401743010314,2025-01-09
41.26366963945377,1.9945211054956555,2025-01-09
41.263670681900194,1.994640467987269,2025-01-09
41.2636717242229,1.9947598304851537,2025-01-09
41.26367276642189,1.994879192989309,2025-01-09
41.26367380849713,1.9949985554997343,2025-01-09
41.26367485044867,1.995117918016428,2025-01-09
41.263675892276474,1.9952372805393908,2025-01-09
41.26367693398056,1.99535664306862,2025-01-09
41.263677975560924,1.9954760056041165,2025-01-09
41.263679017017544,1.995595368145879,2025-01-09
41.26368005835047,1.9957147306939067,2025-01-09
41.26368109955964,1.9958340932481988,2025-01-09
41.2636821406451,1.995953455808755,2025-01-09
41.263683181606844,1.996072818375574,2025-01-09
41.26368422244486,1.9961921809486556,2025-01-09
41.26368526315914,1.9963115435279986,2025-01-09
41.2636863037497,1.9964309061136019,2025-01-09
41.26368734421654,1.9965502687054655,2025-01-09
41.26368838455966,1.9966696313035885,2025-01-09
41.26368942477904,1.99678899390797,2025-01-09
41.26369046487471,1.9969083565186097,2025-01-09
41.26369150484665,1.9970277191355057,2025-01-09
41.26369254469487,1.9971470817586587,2025-01-09
41.26369358441935,1.997266444388067,2025-01-09
41.263694624020125,1.9973858070237305,2025-01-09
41.26369566349716,1.9975051696656476,2025-01-09
41.26369670285048,1.9976245323138184,2025-01-09
41.26369774208007,1.9977438949682416,2025-01-09
41.263698781185944,1.9978632576289164,2025-01-09
41.26369982016808,1.9979826202958433,2025-01-09
41.2637008590265,1.9981019829690196,2025-01-09
41.26370189776118,1.998221345648446,2025-01-09
41.26370293637216,1.9983407083341211,2025-01-09
41.263703974859396,1.9984600710260445,2025-01-09
41.26370501322292,1.9985794337242153,2025-01-09
41.26370605146271,1.9986987964286327,2025-01-09
41.26370708957877,1.9988181591392957,2025-01-09
41.263708127571114,1.998937521856204,2025-01-09
41.263709165439735,1.9990568845793573,2025-01-09
41.26371020318463,1.9991762473087535,2025-01-09
41.263711240805804,1.9992956100443933,2025-01-09
41.263712278303245,1.999414972786275,2025-01-09
41.26371331567696,1.9995343355343982,2025-01-09
41.263714352926954,1.9996536982887618,2025-01-09
41.26371539005323,1.9997730610493658,2025-01-09
41.26371642705576,1.9998924238162086,2025-01-09
41.26371746393458,2.0000117865892904,2025-01-09
41.26371850068967,2.000131149368609,2025-01-09
41.26371953732104,2.0002505121541656,2025-01-09
41.263720573828685,2.0003698749459584,2025-01-09
41.2637216102126,2.0004892377439862,2025-01-09
41.26372264647279,2.0006086005482486,2025-01-09
41.26372368260926,2.0007279633587456,2025-01-09
41.263724718621994,2.0008473261754753,2025-01-09
41.263725754511015,2.000966688998438,2025-01-09
41.26372679027631,2.0010860518276323,2025-01-09
41.263727825917876,2.001205414663058,2025-01-09
41.263728861435716,2.0013247775047134,2025-01-09
41.26372989682983,2.0014441403525987,2025-01-09
41.26373093210021,2.0015635032067127,2025-01-09
41.263731967246876,2.0016828660670547,2025-01-09
41.26373300226982,2.001802228933624,2025-01-09
41.26373403716903,2.00192159180642,2025-01-09
41.263735071944524,2.0020409546854414,2025-01-09
41.26373610659627,2.0021603175706884,2025-01-09
41.26373714112431,2.00227968046216,2025-01-09
41.26373817552864,2.0023990433598544,2025-01-09
41.263739209809216,2.0025184062637726,2025-01-09
41.263740243966076,2.0026377691739117,2025-01-09
41.26351050029803,1.9866445874080876,2025-01-09
41.26351155090691,1.986763949320209,2025-01-09
41.26351260139207,1.9868833112386508,2025-01-09
41.26351365175351,1.987002673163412,2025-01-09
41.26351470199123,1.9871220350944923,2025-01-09
41.263515752105214,1.9872413970318903,2025-01-09
41.26351680209548,1.9873607589756057,2025-01-09
41.26351785196203,1.9874801209256376,2025-01-09
41.26351890170484,1.9875994828819858,2025-01-09
41.26351995132395,1.987718844844649,2025-01-09
41.263521000819324,1.9878382068136258,2025-01-09
41.263522050190986,1.9879575687889166,2025-01-09
41.26352309943891,1.9880769307705204,2025-01-09
41.26352414856312,1.9881962927584362,2025-01-09
41.2635251975636,1.9883156547526633,2025-01-09
41.26352624644037,1.9884350167532008,2025-01-09
41.26352729519341,1.9885543787600486,2025-01-09
41.26352834382273,1.9886737407732056,2025-01-09
41.26352939232832,1.9887931027926702,2025-01-09
41.26353044071019,1.9889124648184435,2025-01-09
41.26353148896834,1.9890318268505227,2025-01-09
41.26353253710276,1.9891511888889088,2025-01-09
41.263533585113464,1.9892705509335997,2025-01-09
41.26353463300045,1.9893899129845956,2025-01-09
41.263535680763695,1.9895092750418952,2025-01-09
41.26353672840323,1.9896286371054976,2025-01-09
41.26353777591904,1.9897479991754032,2025-01-09
41.26353882331112,1.9898673612516102,2025-01-09
41.26353987057949,1.9899867233341182,2025-01-09
41.263540917724136,1.990106085422926,2025-01-09
41.263541964745045,1.9902254475180334,2025-01-09
41.26354301164224,1.99034480961944,2025-01-09
41.26354405841572,1.990464171727144,2025-01-09
41.26354510506546,1.990583533841146,2025-01-09
41.263546151591484,1.9907028959614437,2025-01-09
41.26354719799379,1.9908222580880373,2025-01-09
41.263548244272364,1.9909416202209258,2025-01-09
41.263549290427214,1.9910609823601089,2025-01-09
41.26355033645835,1.9911803445055851,2025-01-09
41.26355138236576,1.9912997066573541,2025-01-09
41.26355242814944,1.9914190688154154,2025-01-09
41.2635534738094,1.991538430979768,2025-01-09
41.26355451934563,1.9916577931504111,2025-01-09
41.26355556475814,1.9917771553273436,2025-01-09
41.26355661004694,1.991896517510565,2025-01-09
41.26355765521201,1.9920158797000749,2025-01-09
41.26355870025335,1.9921352418958727,2025-01-09
41.263559745170966,1.9922546040979572,2025-01-09
41.26356078996486,1.9923739663063273,2025-01-09
41.26356183463504,1.992493328520983,2025-01-09
41.263562879181485,1.9926126907419235,2025-01-09
41.26356392360422,1.9927320529691475,2025-01-09
41.26356496790322,1.9928514152026549,2025-01-09
41.26356601207849,1.9929707774424446,2025-01-09
41.26356705613004,1.9930901396885152,2025-01-09
41.263568100057874,1.9932095019408673,2025-01-09
41.26356914386199,1.9933288641994993,2025-01-09
41.26357018754236,1.993448226464411,2025-01-09
41.26357123109903,1.993567588735601,2025-01-09
41.26357227453196,1.9936869510130688,2025-01-09
41.26357331784117,1.993806313296814,2025-01-09
41.26357436102667,1.9939256755868353,2025-01-09
41.26357540408843,1.9940450378831325,2025-01-09
41.263576447026466,1.9941644001857046,2025-01-09
41.26357748984079,1.9942837624945504,2025-01-09
41.26357853253138,1.9944031248096699,2025-01-09
41.26357957509824,1.9945224871310627,2025-01-09
41.26358061754139,1.9946418494587266,2025-01-09
41.26358165986082,1.9947612117926619,2025-01-09
41.26358270205651,1.9948805741328677,2025-01-09
41.263583744128496,1.994999936479343,2025-01-09
41.26358478607674,1.9951192988320872,2025-01-09
41.263585827901274,1.9952386611911,2025-01-09
41.26358686960207,1.99535802355638,2025-01-09
41.263587911179144,1.995477385927927,2025-01-09
41.2635889526325,1.9955967483057395,2025-01-09
41.26358999396212,1.9957161106898174,2025-01-09
41.26359103516804,1.9958354730801597,2025-01-09
41.26359207625022,1.995954835476766,2025-01-09
41.26359311720867,1.9960741978796348,2025-01-09
41.263594158043404,1.9961935602887664,2025-01-09
41.263595198754416,1.9963129227041596,2025-01-09
41.2635962393417,1.996432285125813,2025-01-09
41.26359727980526,1.9965516475537266,2025-01-09
41.26359832014509,1.9966710099879001,2025-01-09
41.263599360361205,1.9967903724283316,2025-01-09
41.2636004004536,1.9969097348750207,2025-01-09
41.26360144042226,1.9970290973279665,2025-01-09
41.26360248026721,1.9971484597871696,2025-01-09
41.263603519988415,1.997267822252628,2025-01-09
41.263604559585914,1.997387184724341,2025-01-09
41.26360559905968,1.9975065472023075,2025-01-09
41.26360663840972,1.9976259096865279,2025-01-09
41.26360767763604,1.997745272177001,2025-01-09
41.26360871673863,1.9978646346737259,2025-01-09
41.2636097557175,1.9979839971767015,2025-01-09
41.263610794572635,1.9981033596859283,2025-01-09
41.26361183330407,1.9982227222014037,2025-01-09
41.263612871911754,1.9983420847231284,2025-01-09
41.26361391039573,1.9984614472511009,2025-01-09
41.26361494875597,1.9985808097853213,2025-01-09
41.263615986992505,1.9987001723257882,2025-01-09
41.2636170251053,1.998819534872501,2025-01-09
41.26361806309437,1.9989388974254587,2025-01-09
41.263619100959716,1.999058259984661,2025-01-09
41.26362013870134,1.999177622550107,2025-01-09
41.26362117631925,1.9992969851217952,2025-01-09
41.26362221381342,1.9994163476997266,2025-01-09
41.26362325118387,1.9995357102838984,2025-01-09
41.2636242884306,1.999655072874312,2025-01-09
41.2636253255536,1.9997744354709646,2025-01-09
41.26362636255286,1.9998937980738571,2025-01-09
41.26362739942842,2.0000131606829874,2025-01-09
41.263628436180255,2.0001325232983556,2025-01-09
41.263629472808354,2.0002518859199614,2025-01-09
41.26363050931273,2.0003712485478022,2025-01-09
41.26363154569338,2.0004906111818794,2025-01-09
41.26363258195031,2.000609973822191,2025-01-09
41.26363361808351,2.0007293364687366,2025-01-09
41.263634654092996,2.0008486991215153,2025-01-09
41.26363568997874,2.0009680617805268,2025-01-09
41.263636725740774,2.0010874244457697,2025-01-09
41.26363776137907,2.001206787117244,2025-01-09
41.26363879689365,2.001326149794948,2025-01-09
41.263639832284504,2.001445512478882,2025-01-09
41.263640867551636,2.001564875169045,2025-01-09
41.263641902695035,2.0016842378654354,2025-01-09
41.26364293771472,2.0018036005680537,2025-01-09
41.26364397261067,2.001922963276898,2025-01-09
41.263645007382905,2.002042325991968,2025-01-09
41.263646042031404,2.0021616887132634,2025-01-09
41.26364707655618,2.002281051440783,2025-01-09
41.263648110957234,2.0024004141745264,2025-01-09
41.26364914523457,2.0025197769144927,2025-01-09
41.26365017938817,2.00263913966068,2025-01-09
41.26350929594193,1.9967917509424349,2025-01-09
41.26351033603104,1.9969111132251747,2025-01-09
41.26351137599643,1.9970304755141715,2025-01-09
41.263512415838086,1.9971498378094248,2025-01-09
41.26351345555603,1.9972692001109336,2025-01-09
41.26351449515025,1.9973885624186967,2025-01-09
41.26351553462074,1.9975079247327145,2025-01-09
41.263516573967514,1.9976272870529854,2025-01-09
41.26351761319055,1.9977466493795086,2025-01-09
41.26351865228988,1.997866011712284,2025-01-09
41.26351969126547,1.99798537405131,2025-01-09
41.26352073011734,1.9981047363965867,2025-01-09
41.2635217688455,1.9982240987481124,2025-01-09
41.26352280744992,1.9983434611058875,2025-01-09
41.26352384593062,1.9984628234699109,2025-01-09
41.263524884287605,1.998582185840181,2025-01-09
41.26352592252084,1.998701548216698,2025-01-09
41.26352696063037,1.9988209105994612,2025-01-09
41.26352799861618,1.9989402729884689,2025-01-09
41.26352903647826,1.999059635383721,2025-01-09
41.263530074216604,1.999178997785217,2025-01-09
41.26353111183124,1.999298360192956,2025-01-09
41.26353214932215,1.9994177226069367,2025-01-09
41.26353318668934,1.9995370850271592,2025-01-09
41.263534223932794,1.9996564474536218,2025-01-09
41.26353526105253,1.9997758098863245,2025-01-09
41.26353629804854,1.9998951723252665,2025-01-09
41.263537334920834,2.0000145347704468,2025-01-09
41.26353837166938,2.000133897221865,2025-01-09
41.26353940829422,2.0002532596795204,2025-01-09
41.26354044479533,2.0003726221434115,2025-01-09
41.263541481172716,2.000491984613538,2025-01-09
41.26354251742638,2.0006113470898987,2025-01-09
41.26354355355633,2.0007307095724944,2025-01-09
41.26354458956254,2.000850072061323,2025-01-09
41.26354562544503,2.0009694345563833,2025-01-09
41.2635466612038,2.001088797057676,2025-01-09
41.26354769683884,2.0012081595652,2025-01-09
41.26354873235015,2.001327522078954,2025-01-09
41.26354976773774,2.001446884598937,2025-01-09
41.26355080300162,2.0015662471251487,2025-01-09
41.26355183814175,2.001685609657589,2025-01-09
41.26355287315817,2.0018049721962563,2025-01-09
41.263553908050866,2.00192433474115,2025-01-09
41.26355494281984,2.0020436972922697,2025-01-09
41.26355597746509,2.002163059849614,2025-01-09
41.2635570119866,2.0022824224131828,2025-01-09
41.263558046384404,2.002401784982976,2025-01-09
41.263559080658474,2.0025211475589906,2025-01-09
41.26356011480882,2.0026405101412275,2025-01-09
