411745.0,4568635.0,2025-01-24
411755.0,4568635.0,2025-01-24
411765.0,4568635.0,2025-01-24
411775.0,4568635.0,2025-01-24
411785.0,4568635.0,2025-01-24
411795.0,4568635.0,2025-01-24
411805.0,4568635.0,2025-01-24
411815.0,4568635.0,2025-01-24
411825.0,4568635.0,2025-01-24
411835.0,4568635.0,2025-01-24
411845.0,4568635.0,2025-01-24
411855.0,4568635.0,2025-01-24
411865.0,4568635.0,2025-01-24
411875.0,4568635.0,2025-01-24
411885.0,4568635.0,2025-01-24
411895.0,4568635.0,2025-01-24
411905.0,4568635.0,2025-01-24
411915.0,4568635.0,2025-01-24
411925.0,4568635.0,2025-01-24
411935.0,4568635.0,2025-01-24
411945.0,4568635.0,2025-01-24
411955.0,4568635.0,2025-01-24
411965.0,4568635.0,2025-01-24
411975.0,4568635.0,2025-01-24
411985.0,4568635.0,2025-01-24
411995.0,4568635.0,2025-01-24
412005.0,4568635.0,2025-01-24
412015.0,4568635.0,2025-01-24
412025.0,4568635.0,2025-01-24
412035.0,4568635.0,2025-01-24
412045.0,4568635.0,2025-01-24
412055.0,4568635.0,2025-01-24
412065.0,4568635.0,2025-01-24
412075.0,4568635.0,2025-01-24
412085.0,4568635.0,2025-01-24
412095.0,4568635.0,2025-01-24
412105.0,4568635.0,2025-01-24
412115.0,4568635.0,2025-01-24
412125.0,4568635.0,2025-01-24
412135.0,4568635.0,2025-01-24
412145.0,4568635.0,2025-01-24
412155.0,4568635.0,2025-01-24
412165.0,4568635.0,2025-01-24
412175.0,4568635.0,2025-01-24
412185.0,4568635.0,2025-01-24
412195.0,4568635.0,2025-01-24
412205.0,4568635.0,2025-01-24
412215.0,4568635.0,2025-01-24
412225.0,4568635.0,2025-01-24
412235.0,4568635.0,2025-01-24
412245.0,4568635.0,2025-01-24
411745.0,4568625.0,2025-01-24
411755.0,4568625.0,2025-01-24
411765.0,4568625.0,2025-01-24
411775.0,4568625.0,2025-01-24
411785.0,4568625.0,2025-01-24
411795.0,4568625.0,2025-01-24
411805.0,4568625.0,2025-01-24
411815.0,4568625.0,2025-01-24
411825.0,4568625.0,2025-01-24
411835.0,4568625.0,2025-01-24
411845.0,4568625.0,2025-01-24
411855.0,4568625.0,2025-01-24
411865.0,4568625.0,2025-01-24
411875.0,4568625.0,2025-01-24
411885.0,4568625.0,2025-01-24
411895.0,4568625.0,2025-01-24
411905.0,4568625.0,2025-01-24
411915.0,4568625.0,2025-01-24
411925.0,4568625.0,2025-01-24
411935.0,4568625.0,2025-01-24
411945.0,4568625.0,2025-01-24
411955.0,4568625.0,2025-01-24
411965.0,4568625.0,2025-01-24
411975.0,4568625.0,2025-01-24
411985.0,4568625.0,2025-01-24
411995.0,4568625.0,2025-01-24
412005.0,4568625.0,2025-01-24
412015.0,4568625.0,2025-01-24
412025.0,4568625.0,2025-01-24
412035.0,4568625.0,2025-01-24
412045.0,4568625.0,2025-01-24
412055.0,4568625.0,2025-01-24
412065.0,4568625.0,2025-01-24
412075.0,4568625.0,2025-01-24
412085.0,4568625.0,2025-01-24
412095.0,4568625.0,2025-01-24
412105.0,4568625.0,2025-01-24
412115.0,4568625.0,2025-01-24
412125.0,4568625.0,2025-01-24
412135.0,4568625.0,2025-01-24
412145.0,4568625.0,2025-01-24
412155.0,4568625.0,2025-01-24
412165.0,4568625.0,2025-01-24
412175.0,4568625.0,2025-01-24
412185.0,4568625.0,2025-01-24
412195.0,4568625.0,2025-01-24
412205.0,4568625.0,2025-01-24
412215.0,4568625.0,2025-01-24
412225.0,4568625.0,2025-01-24
412235.0,4568625.0,2025-01-24
412245.0,4568625.0,2025-01-24
412255.0,4568625.0,2025-01-24
412265.0,4568625.0,2025-01-24
412275.0,4568625.0,2025-01-24
412285.0,4568625.0,2025-01-24
412295.0,4568625.0,2025-01-24
412305.0,4568625.0,2025-01-24
412315.0,4568625.0,2025-01-24
412325.0,4568625.0,2025-01-24
412335.0,4568625.0,2025-01-24
412345.0,4568625.0,2025-01-24
412355.0,4568625.0,2025-01-24
412365.0,4568625.0,2025-01-24
412375.0,4568625.0,2025-01-24
412385.0,4568625.0,2025-01-24
412395.0,4568625.0,2025-01-24
412405.0,4568625.0,2025-01-24
412415.0,4568625.0,2025-01-24
412425.0,4568625.0,2025-01-24
412435.0,4568625.0,2025-01-24
412445.0,4568625.0,2025-01-24
412455.0,4568625.0,2025-01-24
412465.0,4568625.0,2025-01-24
412475.0,4568625.0,2025-01-24
412485.0,4568625.0,2025-01-24
412495.0,4568625.0,2025-01-24
412505.0,4568625.0,2025-01-24
412515.0,4568625.0,2025-01-24
412525.0,4568625.0,2025-01-24
412535.0,4568625.0,2025-01-24
412545.0,4568625.0,2025-01-24
412555.0,4568625.0,2025-01-24
412565.0,4568625.0,2025-01-24
412575.0,4568625.0,2025-01-24
412585.0,4568625.0,2025-01-24
412595.0,4568625.0,2025-01-24
412605.0,4568625.0,2025-01-24
412615.0,4568625.0,2025-01-24
412625.0,4568625.0,2025-01-24
412635.0,4568625.0,2025-01-24
412645.0,4568625.0,2025-01-24
412655.0,4568625.0,2025-01-24
412665.0,4568625.0,2025-01-24
412675.0,4568625.0,2025-01-24
412685.0,4568625.0,2025-01-24
412695.0,4568625.0,2025-01-24
412705.0,4568625.0,2025-01-24
412715.0,4568625.0,2025-01-24
412725.0,4568625.0,2025-01-24
412735.0,4568625.0,2025-01-24
412745.0,4568625.0,2025-01-24
412755.0,4568625.0,2025-01-24
412765.0,4568625.0,2025-01-24
412775.0,4568625.0,2025-01-24
412785.0,4568625.0,2025-01-24
412795.0,4568625.0,2025-01-24
412805.0,4568625.0,2025-01-24
412815.0,4568625.0,2025-01-24
412825.0,4568625.0,2025-01-24
412835.0,4568625.0,2025-01-24
412845.0,4568625.0,2025-01-24
412855.0,4568625.0,2025-01-24
412865.0,4568625.0,2025-01-24
412875.0,4568625.0,2025-01-24
412885.0,4568625.0,2025-01-24
412895.0,4568625.0,2025-01-24
412905.0,4568625.0,2025-01-24
412915.0,4568625.0,2025-01-24
412925.0,4568625.0,2025-01-24
412935.0,4568625.0,2025-01-24
412945.0,4568625.0,2025-01-24
412955.0,4568625.0,2025-01-24
412965.0,4568625.0,2025-01-24
412975.0,4568625.0,2025-01-24
412985.0,4568625.0,2025-01-24
412995.0,4568625.0,2025-01-24
413005.0,4568625.0,2025-01-24
413015.0,4568625.0,2025-01-24
413025.0,4568625.0,2025-01-24
413035.0,4568625.0,2025-01-24
413045.0,4568625.0,2025-01-24
413055.0,4568625.0,2025-01-24
413065.0,4568625.0,2025-01-24
413075.0,4568625.0,2025-01-24
413085.0,4568625.0,2025-01-24
413095.0,4568625.0,2025-01-24
411745.0,4568615.0,2025-01-24
411755.0,4568615.0,2025-01-24
411765.0,4568615.0,2025-01-24
411775.0,4568615.0,2025-01-24
411785.0,4568615.0,2025-01-24
411795.0,4568615.0,2025-01-24
411805.0,4568615.0,2025-01-24
411815.0,4568615.0,2025-01-24
411825.0,4568615.0,2025-01-24
411835.0,4568615.0,2025-01-24
411845.0,4568615.0,2025-01-24
411855.0,4568615.0,2025-01-24
411865.0,4568615.0,2025-01-24
411875.0,4568615.0,2025-01-24
411885.0,4568615.0,2025-01-24
411895.0,4568615.0,2025-01-24
411905.0,4568615.0,2025-01-24
411915.0,4568615.0,2025-01-24
411925.0,4568615.0,2025-01-24
411935.0,4568615.0,2025-01-24
411945.0,4568615.0,2025-01-24
411955.0,4568615.0,2025-01-24
411965.0,4568615.0,2025-01-24
411975.0,4568615.0,2025-01-24
411985.0,4568615.0,2025-01-24
411995.0,4568615.0,2025-01-24
412005.0,4568615.0,2025-01-24
412015.0,4568615.0,2025-01-24
412025.0,4568615.0,2025-01-24
412035.0,4568615.0,2025-01-24
412045.0,4568615.0,2025-01-24
412055.0,4568615.0,2025-01-24
412065.0,4568615.0,2025-01-24
412075.0,4568615.0,2025-01-24
412085.0,4568615.0,2025-01-24
412095.0,4568615.0,2025-01-24
412105.0,4568615.0,2025-01-24
412115.0,4568615.0,2025-01-24
412125.0,4568615.0,2025-01-24
412135.0,4568615.0,2025-01-24
412145.0,4568615.0,2025-01-24
412155.0,4568615.0,2025-01-24
412165.0,4568615.0,2025-01-24
412175.0,4568615.0,2025-01-24
412185.0,4568615.0,2025-01-24
412195.0,4568615.0,2025-01-24
412205.0,4568615.0,2025-01-24
412215.0,4568615.0,2025-01-24
412225.0,4568615.0,2025-01-24
412235.0,4568615.0,2025-01-24
412245.0,4568615.0,2025-01-24
412255.0,4568615.0,2025-01-24
412265.0,4568615.0,2025-01-24
412275.0,4568615.0,2025-01-24
412285.0,4568615.0,2025-01-24
412295.0,4568615.0,2025-01-24
412305.0,4568615.0,2025-01-24
412315.0,4568615.0,2025-01-24
412325.0,4568615.0,2025-01-24
412335.0,4568615.0,2025-01-24
412345.0,4568615.0,2025-01-24
412355.0,4568615.0,2025-01-24
412365.0,4568615.0,2025-01-24
412375.0,4568615.0,2025-01-24
412385.0,4568615.0,2025-01-24
412395.0,4568615.0,2025-01-24
412405.0,4568615.0,2025-01-24
412415.0,4568615.0,2025-01-24
412425.0,4568615.0,2025-01-24
412435.0,4568615.0,2025-01-24
412445.0,4568615.0,2025-01-24
412455.0,4568615.0,2025-01-24
412465.0,4568615.0,2025-01-24
412475.0,4568615.0,2025-01-24
412485.0,4568615.0,2025-01-24
412495.0,4568615.0,2025-01-24
412505.0,4568615.0,2025-01-24
412515.0,4568615.0,2025-01-24
412525.0,4568615.0,2025-01-24
412535.0,4568615.0,2025-01-24
412545.0,4568615.0,2025-01-24
412555.0,4568615.0,2025-01-24
412565.0,4568615.0,2025-01-24
412575.0,4568615.0,2025-01-24
412585.0,4568615.0,2025-01-24
412595.0,4568615.0,2025-01-24
412605.0,4568615.0,2025-01-24
412615.0,4568615.0,2025-01-24
412625.0,4568615.0,2025-01-24
412635.0,4568615.0,2025-01-24
412645.0,4568615.0,2025-01-24
412655.0,4568615.0,2025-01-24
412665.0,4568615.0,2025-01-24
412675.0,4568615.0,2025-01-24
412685.0,4568615.0,2025-01-24
412695.0,4568615.0,2025-01-24
412705.0,4568615.0,2025-01-24
412715.0,4568615.0,2025-01-24
412725.0,4568615.0,2025-01-24
412735.0,4568615.0,2025-01-24
412745.0,4568615.0,2025-01-24
412755.0,4568615.0,2025-01-24
412765.0,4568615.0,2025-01-24
412775.0,4568615.0,2025-01-24
412785.0,4568615.0,2025-01-24
412795.0,4568615.0,2025-01-24
412805.0,4568615.0,2025-01-24
412815.0,4568615.0,2025-01-24
412825.0,4568615.0,2025-01-24
412835.0,4568615.0,2025-01-24
412845.0,4568615.0,2025-01-24
412855.0,4568615.0,2025-01-24
412865.0,4568615.0,2025-01-24
412875.0,4568615.0,2025-01-24
412885.0,4568615.0,2025-01-24
412895.0,4568615.0,2025-01-24
412905.0,4568615.0,2025-01-24
412915.0,4568615.0,2025-01-24
412925.0,4568615.0,2025-01-24
412935.0,4568615.0,2025-01-24
412945.0,4568615.0,2025-01-24
412955.0,4568615.0,2025-01-24
412965.0,4568615.0,2025-01-24
412975.0,4568615.0,2025-01-24
412985.0,4568615.0,2025-01-24
412995.0,4568615.0,2025-01-24
413005.0,4568615.0,2025-01-24
413015.0,4568615.0,2025-01-24
413025.0,4568615.0,2025-01-24
413035.0,4568615.0,2025-01-24
413045.0,4568615.0,2025-01-24
413055.0,4568615.0,2025-01-24
413065.0,4568615.0,2025-01-24
413075.0,4568615.0,2025-01-24
413085.0,4568615.0,2025-01-24
413095.0,4568615.0,2025-01-24
413105.0,4568615.0,2025-01-24
413115.0,4568615.0,2025-01-24
413125.0,4568615.0,2025-01-24
413135.0,4568615.0,2025-01-24
413145.0,4568615.0,2025-01-24
413155.0,4568615.0,2025-01-24
413165.0,4568615.0,2025-01-24
413175.0,4568615.0,2025-01-24
413185.0,4568615.0,2025-01-24
413195.0,4568615.0,2025-01-24
413205.0,4568615.0,2025-01-24
413215.0,4568615.0,2025-01-24
413225.0,4568615.0,2025-01-24
413235.0,4568615.0,2025-01-24
413245.0,4568615.0,2025-01-24
413255.0,4568615.0,2025-01-24
413265.0,4568615.0,2025-01-24
413275.0,4568615.0,2025-01-24
413285.0,4568615.0,2025-01-24
413295.0,4568615.0,2025-01-24
413305.0,4568615.0,2025-01-24
413315.0,4568615.0,2025-01-24
413325.0,4568615.0,2025-01-24
413335.0,4568615.0,2025-01-24
413345.0,4568615.0,2025-01-24
413355.0,4568615.0,2025-01-24
413365.0,4568615.0,2025-01-24
413375.0,4568615.0,2025-01-24
413385.0,4568615.0,2025-01-24
413395.0,4568615.0,2025-01-24
413405.0,4568615.0,2025-01-24
413415.0,4568615.0,2025-01-24
413425.0,4568615.0,2025-01-24
413435.0,4568615.0,2025-01-24
413445.0,4568615.0,2025-01-24
413455.0,4568615.0,2025-01-24
413465.0,4568615.0,2025-01-24
413475.0,4568615.0,2025-01-24
413485.0,4568615.0,2025-01-24
413495.0,4568615.0,2025-01-24
413505.0,4568615.0,2025-01-24
413515.0,4568615.0,2025-01-24
413525.0,4568615.0,2025-01-24
413535.0,4568615.0,2025-01-24
413545.0,4568615.0,2025-01-24
413555.0,4568615.0,2025-01-24
413565.0,4568615.0,2025-01-24
413575.0,4568615.0,2025-01-24
413585.0,4568615.0,2025-01-24
413595.0,4568615.0,2025-01-24
413605.0,4568615.0,2025-01-24
413615.0,4568615.0,2025-01-24
413625.0,4568615.0,2025-01-24
413635.0,4568615.0,2025-01-24
413645.0,4568615.0,2025-01-24
413655.0,4568615.0,2025-01-24
413665.0,4568615.0,2025-01-24
413675.0,4568615.0,2025-01-24
413685.0,4568615.0,2025-01-24
413695.0,4568615.0,2025-01-24
413705.0,4568615.0,2025-01-24
413715.0,4568615.0,2025-01-24
413725.0,4568615.0,2025-01-24
413735.0,4568615.0,2025-01-24
413745.0,4568615.0,2025-01-24
413755.0,4568615.0,2025-01-24
413765.0,4568615.0,2025-01-24
413775.0,4568615.0,2025-01-24
413785.0,4568615.0,2025-01-24
413795.0,4568615.0,2025-01-24
413805.0,4568615.0,2025-01-24
413815.0,4568615.0,2025-01-24
413825.0,4568615.0,2025-01-24
413835.0,4568615.0,2025-01-24
413845.0,4568615.0,2025-01-24
413855.0,4568615.0,2025-01-24
413865.0,4568615.0,2025-01-24
413875.0,4568615.0,2025-01-24
413885.0,4568615.0,2025-01-24
413895.0,4568615.0,2025-01-24
413905.0,4568615.0,2025-01-24
413915.0,4568615.0,2025-01-24
413925.0,4568615.0,2025-01-24
413935.0,4568615.0,2025-01-24
411745.0,4568605.0,2025-01-24
411755.0,4568605.0,2025-01-24
411765.0,4568605.0,2025-01-24
411775.0,4568605.0,2025-01-24
411785.0,4568605.0,2025-01-24
411795.0,4568605.0,2025-01-24
411805.0,4568605.0,2025-01-24
411815.0,4568605.0,2025-01-24
411825.0,4568605.0,2025-01-24
411835.0,4568605.0,2025-01-24
411845.0,4568605.0,2025-01-24
411855.0,4568605.0,2025-01-24
411865.0,4568605.0,2025-01-24
411875.0,4568605.0,2025-01-24
411885.0,4568605.0,2025-01-24
411895.0,4568605.0,2025-01-24
411905.0,4568605.0,2025-01-24
411915.0,4568605.0,2025-01-24
411925.0,4568605.0,2025-01-24
411935.0,4568605.0,2025-01-24
411945.0,4568605.0,2025-01-24
411955.0,4568605.0,2025-01-24
411965.0,4568605.0,2025-01-24
411975.0,4568605.0,2025-01-24
411985.0,4568605.0,2025-01-24
411995.0,4568605.0,2025-01-24
412005.0,4568605.0,2025-01-24
412015.0,4568605.0,2025-01-24
412025.0,4568605.0,2025-01-24
412035.0,4568605.0,2025-01-24
412045.0,4568605.0,2025-01-24
412055.0,4568605.0,2025-01-24
412065.0,4568605.0,2025-01-24
412075.0,4568605.0,2025-01-24
412085.0,4568605.0,2025-01-24
412095.0,4568605.0,2025-01-24
412105.0,4568605.0,2025-01-24
412115.0,4568605.0,2025-01-24
412125.0,4568605.0,2025-01-24
412135.0,4568605.0,2025-01-24
412145.0,4568605.0,2025-01-24
412155.0,4568605.0,2025-01-24
412165.0,4568605.0,2025-01-24
412175.0,4568605.0,2025-01-24
412185.0,4568605.0,2025-01-24
412195.0,4568605.0,2025-01-24
412205.0,4568605.0,2025-01-24
412215.0,4568605.0,2025-01-24
412225.0,4568605.0,2025-01-24
412235.0,4568605.0,2025-01-24
412245.0,4568605.0,2025-01-24
412255.0,4568605.0,2025-01-24
412265.0,4568605.0,2025-01-24
412275.0,4568605.0,2025-01-24
412285.0,4568605.0,2025-01-24
412295.0,4568605.0,2025-01-24
412305.0,4568605.0,2025-01-24
412315.0,4568605.0,2025-01-24
412325.0,4568605.0,2025-01-24
412335.0,4568605.0,2025-01-24
412345.0,4568605.0,2025-01-24
412355.0,4568605.0,2025-01-24
412365.0,4568605.0,2025-01-24
412375.0,4568605.0,2025-01-24
412385.0,4568605.0,2025-01-24
412395.0,4568605.0,2025-01-24
412405.0,4568605.0,2025-01-24
412415.0,4568605.0,2025-01-24
412425.0,4568605.0,2025-01-24
412435.0,4568605.0,2025-01-24
412445.0,4568605.0,2025-01-24
412455.0,4568605.0,2025-01-24
412465.0,4568605.0,2025-01-24
412475.0,4568605.0,2025-01-24
412485.0,4568605.0,2025-01-24
412495.0,4568605.0,2025-01-24
412505.0,4568605.0,2025-01-24
412515.0,4568605.0,2025-01-24
412525.0,4568605.0,2025-01-24
412535.0,4568605.0,2025-01-24
412545.0,4568605.0,2025-01-24
412555.0,4568605.0,2025-01-24
412565.0,4568605.0,2025-01-24
412575.0,4568605.0,2025-01-24
412585.0,4568605.0,2025-01-24
412595.0,4568605.0,2025-01-24
412605.0,4568605.0,2025-01-24
412615.0,4568605.0,2025-01-24
412625.0,4568605.0,2025-01-24
412635.0,4568605.0,2025-01-24
412645.0,4568605.0,2025-01-24
412655.0,4568605.0,2025-01-24
412665.0,4568605.0,2025-01-24
412675.0,4568605.0,2025-01-24
412685.0,4568605.0,2025-01-24
412695.0,4568605.0,2025-01-24
412705.0,4568605.0,2025-01-24
412715.0,4568605.0,2025-01-24
412725.0,4568605.0,2025-01-24
412735.0,4568605.0,2025-01-24
412745.0,4568605.0,2025-01-24
412755.0,4568605.0,2025-01-24
412765.0,4568605.0,2025-01-24
412775.0,4568605.0,2025-01-24
412785.0,4568605.0,2025-01-24
412795.0,4568605.0,2025-01-24
412805.0,4568605.0,2025-01-24
412815.0,4568605.0,2025-01-24
412825.0,4568605.0,2025-01-24
412835.0,4568605.0,2025-01-24
412845.0,4568605.0,2025-01-24
412855.0,4568605.0,2025-01-24
412865.0,4568605.0,2025-01-24
412875.0,4568605.0,2025-01-24
412885.0,4568605.0,2025-01-24
412895.0,4568605.0,2025-01-24
412905.0,4568605.0,2025-01-24
412915.0,4568605.0,2025-01-24
412925.0,4568605.0,2025-01-24
412935.0,4568605.0,2025-01-24
412945.0,4568605.0,2025-01-24
412955.0,4568605.0,2025-01-24
412965.0,4568605.0,2025-01-24
412975.0,4568605.0,2025-01-24
412985.0,4568605.0,2025-01-24
412995.0,4568605.0,2025-01-24
413005.0,4568605.0,2025-01-24
413015.0,4568605.0,2025-01-24
413025.0,4568605.0,2025-01-24
413035.0,4568605.0,2025-01-24
413045.0,4568605.0,2025-01-24
413055.0,4568605.0,2025-01-24
413065.0,4568605.0,2025-01-24
413075.0,4568605.0,2025-01-24
413085.0,4568605.0,2025-01-24
413095.0,4568605.0,2025-01-24
413105.0,4568605.0,2025-01-24
413115.0,4568605.0,2025-01-24
413125.0,4568605.0,2025-01-24
413135.0,4568605.0,2025-01-24
413145.0,4568605.0,2025-01-24
413155.0,4568605.0,2025-01-24
413165.0,4568605.0,2025-01-24
413175.0,4568605.0,2025-01-24
413185.0,4568605.0,2025-01-24
413195.0,4568605.0,2025-01-24
413205.0,4568605.0,2025-01-24
413215.0,4568605.0,2025-01-24
413225.0,4568605.0,2025-01-24
413235.0,4568605.0,2025-01-24
413245.0,4568605.0,2025-01-24
413255.0,4568605.0,2025-01-24
413265.0,4568605.0,2025-01-24
413275.0,4568605.0,2025-01-24
413285.0,4568605.0,2025-01-24
413295.0,4568605.0,2025-01-24
413305.0,4568605.0,2025-01-24
413315.0,4568605.0,2025-01-24
413325.0,4568605.0,2025-01-24
413335.0,4568605.0,2025-01-24
413345.0,4568605.0,2025-01-24
413355.0,4568605.0,2025-01-24
413365.0,4568605.0,2025-01-24
413375.0,4568605.0,2025-01-24
413385.0,4568605.0,2025-01-24
413395.0,4568605.0,2025-01-24
413405.0,4568605.0,2025-01-24
413415.0,4568605.0,2025-01-24
413425.0,4568605.0,2025-01-24
413435.0,4568605.0,2025-01-24
413445.0,4568605.0,2025-01-24
413455.0,4568605.0,2025-01-24
413465.0,4568605.0,2025-01-24
413475.0,4568605.0,2025-01-24
413485.0,4568605.0,2025-01-24
413495.0,4568605.0,2025-01-24
413505.0,4568605.0,2025-01-24
413515.0,4568605.0,2025-01-24
413525.0,4568605.0,2025-01-24
413535.0,4568605.0,2025-01-24
413545.0,4568605.0,2025-01-24
413555.0,4568605.0,2025-01-24
413565.0,4568605.0,2025-01-24
413575.0,4568605.0,2025-01-24
413585.0,4568605.0,2025-01-24
413595.0,4568605.0,2025-01-24
413605.0,4568605.0,2025-01-24
413615.0,4568605.0,2025-01-24
413625.0,4568605.0,2025-01-24
413635.0,4568605.0,2025-01-24
413645.0,4568605.0,2025-01-24
413655.0,4568605.0,2025-01-24
413665.0,4568605.0,2025-01-24
413675.0,4568605.0,2025-01-24
413685.0,4568605.0,2025-01-24
413695.0,4568605.0,2025-01-24
413705.0,4568605.0,2025-01-24
413715.0,4568605.0,2025-01-24
413725.0,4568605.0,2025-01-24
413735.0,4568605.0,2025-01-24
413745.0,4568605.0,2025-01-24
413755.0,4568605.0,2025-01-24
413765.0,4568605.0,2025-01-24
413775.0,4568605.0,2025-01-24
413785.0,4568605.0,2025-01-24
413795.0,4568605.0,2025-01-24
413805.0,4568605.0,2025-01-24
413815.0,4568605.0,2025-01-24
413825.0,4568605.0,2025-01-24
413835.0,4568605.0,2025-01-24
413845.0,4568605.0,2025-01-24
413855.0,4568605.0,2025-01-24
413865.0,4568605.0,2025-01-24
413875.0,4568605.0,2025-01-24
413885.0,4568605.0,2025-01-24
413895.0,4568605.0,2025-01-24
413905.0,4568605.0,2025-01-24
413915.0,4568605.0,2025-01-24
413925.0,4568605.0,2025-01-24
413935.0,4568605.0,2025-01-24
413945.0,4568605.0,2025-01-24
413955.0,4568605.0,2025-01-24
413965.0,4568605.0,2025-01-24
413975.0,4568605.0,2025-01-24
413985.0,4568605.0,2025-01-24
413995.0,4568605.0,2025-01-24
414005.0,4568605.0,2025-01-24
414015.0,4568605.0,2025-01-24
414025.0,4568605.0,2025-01-24
414035.0,4568605.0,2025-01-24
414045.0,4568605.0,2025-01-24
414055.0,4568605.0,2025-01-24
414065.0,4568605.0,2025-01-24
414075.0,4568605.0,2025-01-24
414085.0,4568605.0,2025-01-24
414095.0,4568605.0,2025-01-24
414105.0,4568605.0,2025-01-24
414115.0,4568605.0,2025-01-24
414125.0,4568605.0,2025-01-24
414135.0,4568605.0,2025-01-24
414145.0,4568605.0,2025-01-24
414155.0,4568605.0,2025-01-24
414165.0,4568605.0,2025-01-24
414175.0,4568605.0,2025-01-24
414185.0,4568605.0,2025-01-24
414195.0,4568605.0,2025-01-24
414205.0,4568605.0,2025-01-24
414215.0,4568605.0,2025-01-24
414225.0,4568605.0,2025-01-24
414235.0,4568605.0,2025-01-24
414245.0,4568605.0,2025-01-24
414255.0,4568605.0,2025-01-24
414265.0,4568605.0,2025-01-24
414275.0,4568605.0,2025-01-24
414285.0,4568605.0,2025-01-24
414295.0,4568605.0,2025-01-24
414305.0,4568605.0,2025-01-24
414315.0,4568605.0,2025-01-24
414325.0,4568605.0,2025-01-24
414335.0,4568605.0,2025-01-24
414345.0,4568605.0,2025-01-24
414355.0,4568605.0,2025-01-24
414365.0,4568605.0,2025-01-24
414375.0,4568605.0,2025-01-24
414385.0,4568605.0,2025-01-24
414395.0,4568605.0,2025-01-24
414405.0,4568605.0,2025-01-24
414415.0,4568605.0,2025-01-24
414425.0,4568605.0,2025-01-24
414435.0,4568605.0,2025-01-24
414445.0,4568605.0,2025-01-24
414455.0,4568605.0,2025-01-24
414465.0,4568605.0,2025-01-24
414475.0,4568605.0,2025-01-24
414485.0,4568605.0,2025-01-24
414495.0,4568605.0,2025-01-24
414505.0,4568605.0,2025-01-24
414515.0,4568605.0,2025-01-24
414525.0,4568605.0,2025-01-24
414535.0,4568605.0,2025-01-24
414545.0,4568605.0,2025-01-24
414555.0,4568605.0,2025-01-24
414565.0,4568605.0,2025-01-24
414575.0,4568605.0,2025-01-24
414585.0,4568605.0,2025-01-24
414595.0,4568605.0,2025-01-24
414605.0,4568605.0,2025-01-24
414615.0,4568605.0,2025-01-24
414625.0,4568605.0,2025-01-24
414635.0,4568605.0,2025-01-24
414645.0,4568605.0,2025-01-24
414655.0,4568605.0,2025-01-24
414665.0,4568605.0,2025-01-24
414675.0,4568605.0,2025-01-24
414685.0,4568605.0,2025-01-24
414695.0,4568605.0,2025-01-24
414705.0,4568605.0,2025-01-24
414715.0,4568605.0,2025-01-24
414725.0,4568605.0,2025-01-24
414735.0,4568605.0,2025-01-24
414745.0,4568605.0,2025-01-24
414755.0,4568605.0,2025-01-24
414765.0,4568605.0,2025-01-24
414775.0,4568605.0,2025-01-24
414785.0,4568605.0,2025-01-24
411745.0,4568595.0,2025-01-24
411755.0,4568595.0,2025-01-24
411765.0,4568595.0,2025-01-24
411775.0,4568595.0,2025-01-24
411785.0,4568595.0,2025-01-24
411795.0,4568595.0,2025-01-24
411805.0,4568595.0,2025-01-24
411815.0,4568595.0,2025-01-24
411825.0,4568595.0,2025-01-24
411835.0,4568595.0,2025-01-24
411845.0,4568595.0,2025-01-24
411855.0,4568595.0,2025-01-24
411865.0,4568595.0,2025-01-24
411875.0,4568595.0,2025-01-24
411885.0,4568595.0,2025-01-24
411895.0,4568595.0,2025-01-24
411905.0,4568595.0,2025-01-24
411915.0,4568595.0,2025-01-24
411925.0,4568595.0,2025-01-24
411935.0,4568595.0,2025-01-24
411945.0,4568595.0,2025-01-24
411955.0,4568595.0,2025-01-24
411965.0,4568595.0,2025-01-24
411975.0,4568595.0,2025-01-24
411985.0,4568595.0,2025-01-24
411995.0,4568595.0,2025-01-24
412005.0,4568595.0,2025-01-24
412015.0,4568595.0,2025-01-24
412025.0,4568595.0,2025-01-24
412035.0,4568595.0,2025-01-24
412045.0,4568595.0,2025-01-24
412055.0,4568595.0,2025-01-24
412065.0,4568595.0,2025-01-24
412075.0,4568595.0,2025-01-24
412085.0,4568595.0,2025-01-24
412095.0,4568595.0,2025-01-24
412105.0,4568595.0,2025-01-24
412115.0,4568595.0,2025-01-24
412125.0,4568595.0,2025-01-24
412135.0,4568595.0,2025-01-24
412145.0,4568595.0,2025-01-24
412155.0,4568595.0,2025-01-24
412165.0,4568595.0,2025-01-24
412175.0,4568595.0,2025-01-24
412185.0,4568595.0,2025-01-24
412195.0,4568595.0,2025-01-24
412205.0,4568595.0,2025-01-24
412215.0,4568595.0,2025-01-24
412225.0,4568595.0,2025-01-24
412235.0,4568595.0,2025-01-24
412245.0,4568595.0,2025-01-24
412255.0,4568595.0,2025-01-24
412265.0,4568595.0,2025-01-24
412275.0,4568595.0,2025-01-24
412285.0,4568595.0,2025-01-24
412295.0,4568595.0,2025-01-24
412305.0,4568595.0,2025-01-24
412315.0,4568595.0,2025-01-24
412325.0,4568595.0,2025-01-24
412335.0,4568595.0,2025-01-24
412345.0,4568595.0,2025-01-24
412355.0,4568595.0,2025-01-24
412365.0,4568595.0,2025-01-24
412375.0,4568595.0,2025-01-24
412385.0,4568595.0,2025-01-24
412395.0,4568595.0,2025-01-24
412405.0,4568595.0,2025-01-24
412415.0,4568595.0,2025-01-24
412425.0,4568595.0,2025-01-24
412435.0,4568595.0,2025-01-24
412445.0,4568595.0,2025-01-24
412455.0,4568595.0,2025-01-24
412465.0,4568595.0,2025-01-24
412475.0,4568595.0,2025-01-24
412485.0,4568595.0,2025-01-24
412495.0,4568595.0,2025-01-24
412505.0,4568595.0,2025-01-24
412515.0,4568595.0,2025-01-24
412525.0,4568595.0,2025-01-24
412535.0,4568595.0,2025-01-24
412545.0,4568595.0,2025-01-24
412555.0,4568595.0,2025-01-24
412565.0,4568595.0,2025-01-24
412575.0,4568595.0,2025-01-24
412585.0,4568595.0,2025-01-24
412595.0,4568595.0,2025-01-24
412605.0,4568595.0,2025-01-24
412615.0,4568595.0,2025-01-24
412625.0,4568595.0,2025-01-24
412635.0,4568595.0,2025-01-24
412645.0,4568595.0,2025-01-24
412655.0,4568595.0,2025-01-24
412665.0,4568595.0,2025-01-24
412675.0,4568595.0,2025-01-24
412685.0,4568595.0,2025-01-24
412695.0,4568595.0,2025-01-24
412705.0,4568595.0,2025-01-24
412715.0,4568595.0,2025-01-24
412725.0,4568595.0,2025-01-24
412735.0,4568595.0,2025-01-24
412745.0,4568595.0,2025-01-24
412755.0,4568595.0,2025-01-24
412765.0,4568595.0,2025-01-24
412775.0,4568595.0,2025-01-24
412785.0,4568595.0,2025-01-24
412795.0,4568595.0,2025-01-24
412805.0,4568595.0,2025-01-24
412815.0,4568595.0,2025-01-24
412825.0,4568595.0,2025-01-24
412835.0,4568595.0,2025-01-24
412845.0,4568595.0,2025-01-24
412855.0,4568595.0,2025-01-24
412865.0,4568595.0,2025-01-24
412875.0,4568595.0,2025-01-24
412885.0,4568595.0,2025-01-24
412895.0,4568595.0,2025-01-24
412905.0,4568595.0,2025-01-24
412915.0,4568595.0,2025-01-24
412925.0,4568595.0,2025-01-24
412935.0,4568595.0,2025-01-24
412945.0,4568595.0,2025-01-24
412955.0,4568595.0,2025-01-24
412965.0,4568595.0,2025-01-24
412975.0,4568595.0,2025-01-24
412985.0,4568595.0,2025-01-24
412995.0,4568595.0,2025-01-24
413005.0,4568595.0,2025-01-24
413015.0,4568595.0,2025-01-24
413025.0,4568595.0,2025-01-24
413035.0,4568595.0,2025-01-24
413045.0,4568595.0,2025-01-24
413055.0,4568595.0,2025-01-24
413065.0,4568595.0,2025-01-24
413075.0,4568595.0,2025-01-24
413085.0,4568595.0,2025-01-24
413095.0,4568595.0,2025-01-24
413105.0,4568595.0,2025-01-24
413115.0,4568595.0,2025-01-24
413125.0,4568595.0,2025-01-24
413135.0,4568595.0,2025-01-24
413145.0,4568595.0,2025-01-24
413155.0,4568595.0,2025-01-24
413165.0,4568595.0,2025-01-24
413175.0,4568595.0,2025-01-24
413185.0,4568595.0,2025-01-24
413195.0,4568595.0,2025-01-24
413205.0,4568595.0,2025-01-24
413215.0,4568595.0,2025-01-24
413225.0,4568595.0,2025-01-24
413235.0,4568595.0,2025-01-24
413245.0,4568595.0,2025-01-24
413255.0,4568595.0,2025-01-24
413265.0,4568595.0,2025-01-24
413275.0,4568595.0,2025-01-24
413285.0,4568595.0,2025-01-24
413295.0,4568595.0,2025-01-24
413305.0,4568595.0,2025-01-24
413315.0,4568595.0,2025-01-24
413325.0,4568595.0,2025-01-24
413335.0,4568595.0,2025-01-24
413345.0,4568595.0,2025-01-24
413355.0,4568595.0,2025-01-24
413365.0,4568595.0,2025-01-24
413375.0,4568595.0,2025-01-24
413385.0,4568595.0,2025-01-24
413395.0,4568595.0,2025-01-24
413405.0,4568595.0,2025-01-24
413415.0,4568595.0,2025-01-24
413425.0,4568595.0,2025-01-24
413435.0,4568595.0,2025-01-24
413445.0,4568595.0,2025-01-24
413455.0,4568595.0,2025-01-24
413465.0,4568595.0,2025-01-24
413475.0,4568595.0,2025-01-24
413485.0,4568595.0,2025-01-24
413495.0,4568595.0,2025-01-24
413505.0,4568595.0,2025-01-24
413515.0,4568595.0,2025-01-24
413525.0,4568595.0,2025-01-24
413535.0,4568595.0,2025-01-24
413545.0,4568595.0,2025-01-24
413555.0,4568595.0,2025-01-24
413565.0,4568595.0,2025-01-24
413575.0,4568595.0,2025-01-24
413585.0,4568595.0,2025-01-24
413595.0,4568595.0,2025-01-24
413605.0,4568595.0,2025-01-24
413615.0,4568595.0,2025-01-24
413625.0,4568595.0,2025-01-24
413635.0,4568595.0,2025-01-24
413645.0,4568595.0,2025-01-24
413655.0,4568595.0,2025-01-24
413665.0,4568595.0,2025-01-24
413675.0,4568595.0,2025-01-24
413685.0,4568595.0,2025-01-24
413695.0,4568595.0,2025-01-24
413705.0,4568595.0,2025-01-24
413715.0,4568595.0,2025-01-24
413725.0,4568595.0,2025-01-24
413735.0,4568595.0,2025-01-24
413745.0,4568595.0,2025-01-24
413755.0,4568595.0,2025-01-24
413765.0,4568595.0,2025-01-24
413775.0,4568595.0,2025-01-24
413785.0,4568595.0,2025-01-24
413795.0,4568595.0,2025-01-24
413805.0,4568595.0,2025-01-24
413815.0,4568595.0,2025-01-24
413825.0,4568595.0,2025-01-24
413835.0,4568595.0,2025-01-24
413845.0,4568595.0,2025-01-24
413855.0,4568595.0,2025-01-24
413865.0,4568595.0,2025-01-24
413875.0,4568595.0,2025-01-24
413885.0,4568595.0,2025-01-24
413895.0,4568595.0,2025-01-24
413905.0,4568595.0,2025-01-24
413915.0,4568595.0,2025-01-24
413925.0,4568595.0,2025-01-24
413935.0,4568595.0,2025-01-24
413945.0,4568595.0,2025-01-24
413955.0,4568595.0,2025-01-24
413965.0,4568595.0,2025-01-24
413975.0,4568595.0,2025-01-24
413985.0,4568595.0,2025-01-24
413995.0,4568595.0,2025-01-24
414005.0,4568595.0,2025-01-24
414015.0,4568595.0,2025-01-24
414025.0,4568595.0,2025-01-24
414035.0,4568595.0,2025-01-24
414045.0,4568595.0,2025-01-24
414055.0,4568595.0,2025-01-24
414065.0,4568595.0,2025-01-24
414075.0,4568595.0,2025-01-24
414085.0,4568595.0,2025-01-24
414095.0,4568595.0,2025-01-24
414105.0,4568595.0,2025-01-24
414115.0,4568595.0,2025-01-24
414125.0,4568595.0,2025-01-24
414135.0,4568595.0,2025-01-24
414145.0,4568595.0,2025-01-24
414155.0,4568595.0,2025-01-24
414165.0,4568595.0,2025-01-24
414175.0,4568595.0,2025-01-24
414185.0,4568595.0,2025-01-24
414195.0,4568595.0,2025-01-24
414205.0,4568595.0,2025-01-24
414215.0,4568595.0,2025-01-24
414225.0,4568595.0,2025-01-24
414235.0,4568595.0,2025-01-24
414245.0,4568595.0,2025-01-24
414255.0,4568595.0,2025-01-24
414265.0,4568595.0,2025-01-24
414275.0,4568595.0,2025-01-24
414285.0,4568595.0,2025-01-24
414295.0,4568595.0,2025-01-24
414305.0,4568595.0,2025-01-24
414315.0,4568595.0,2025-01-24
414325.0,4568595.0,2025-01-24
414335.0,4568595.0,2025-01-24
414345.0,4568595.0,2025-01-24
414355.0,4568595.0,2025-01-24
414365.0,4568595.0,2025-01-24
414375.0,4568595.0,2025-01-24
414385.0,4568595.0,2025-01-24
414395.0,4568595.0,2025-01-24
414405.0,4568595.0,2025-01-24
414415.0,4568595.0,2025-01-24
414425.0,4568595.0,2025-01-24
414435.0,4568595.0,2025-01-24
414445.0,4568595.0,2025-01-24
414455.0,4568595.0,2025-01-24
414465.0,4568595.0,2025-01-24
414475.0,4568595.0,2025-01-24
414485.0,4568595.0,2025-01-24
414495.0,4568595.0,2025-01-24
414505.0,4568595.0,2025-01-24
414515.0,4568595.0,2025-01-24
414525.0,4568595.0,2025-01-24
414535.0,4568595.0,2025-01-24
414545.0,4568595.0,2025-01-24
414555.0,4568595.0,2025-01-24
414565.0,4568595.0,2025-01-24
414575.0,4568595.0,2025-01-24
414585.0,4568595.0,2025-01-24
414595.0,4568595.0,2025-01-24
414605.0,4568595.0,2025-01-24
414615.0,4568595.0,2025-01-24
414625.0,4568595.0,2025-01-24
414635.0,4568595.0,2025-01-24
414645.0,4568595.0,2025-01-24
414655.0,4568595.0,2025-01-24
414665.0,4568595.0,2025-01-24
414675.0,4568595.0,2025-01-24
414685.0,4568595.0,2025-01-24
414695.0,4568595.0,2025-01-24
414705.0,4568595.0,2025-01-24
414715.0,4568595.0,2025-01-24
414725.0,4568595.0,2025-01-24
414735.0,4568595.0,2025-01-24
414745.0,4568595.0,2025-01-24
414755.0,4568595.0,2025-01-24
414765.0,4568595.0,2025-01-24
414775.0,4568595.0,2025-01-24
414785.0,4568595.0,2025-01-24
414795.0,4568595.0,2025-01-24
414805.0,4568595.0,2025-01-24
414815.0,4568595.0,2025-01-24
414825.0,4568595.0,2025-01-24
414835.0,4568595.0,2025-01-24
414845.0,4568595.0,2025-01-24
414855.0,4568595.0,2025-01-24
414865.0,4568595.0,2025-01-24
414875.0,4568595.0,2025-01-24
414885.0,4568595.0,2025-01-24
414895.0,4568595.0,2025-01-24
414905.0,4568595.0,2025-01-24
414915.0,4568595.0,2025-01-24
414925.0,4568595.0,2025-01-24
414935.0,4568595.0,2025-01-24
414945.0,4568595.0,2025-01-24
414955.0,4568595.0,2025-01-24
414965.0,4568595.0,2025-01-24
414975.0,4568595.0,2025-01-24
414985.0,4568595.0,2025-01-24
414995.0,4568595.0,2025-01-24
415005.0,4568595.0,2025-01-24
415015.0,4568595.0,2025-01-24
415025.0,4568595.0,2025-01-24
415035.0,4568595.0,2025-01-24
415045.0,4568595.0,2025-01-24
415055.0,4568595.0,2025-01-24
415065.0,4568595.0,2025-01-24
415075.0,4568595.0,2025-01-24
415085.0,4568595.0,2025-01-24
415095.0,4568595.0,2025-01-24
415105.0,4568595.0,2025-01-24
415115.0,4568595.0,2025-01-24
415125.0,4568595.0,2025-01-24
415135.0,4568595.0,2025-01-24
415145.0,4568595.0,2025-01-24
415155.0,4568595.0,2025-01-24
415165.0,4568595.0,2025-01-24
415175.0,4568595.0,2025-01-24
415185.0,4568595.0,2025-01-24
415195.0,4568595.0,2025-01-24
415205.0,4568595.0,2025-01-24
415215.0,4568595.0,2025-01-24
415225.0,4568595.0,2025-01-24
415235.0,4568595.0,2025-01-24
415245.0,4568595.0,2025-01-24
415255.0,4568595.0,2025-01-24
415265.0,4568595.0,2025-01-24
415275.0,4568595.0,2025-01-24
415285.0,4568595.0,2025-01-24
415295.0,4568595.0,2025-01-24
415305.0,4568595.0,2025-01-24
415315.0,4568595.0,2025-01-24
415325.0,4568595.0,2025-01-24
415335.0,4568595.0,2025-01-24
415345.0,4568595.0,2025-01-24
415355.0,4568595.0,2025-01-24
415365.0,4568595.0,2025-01-24
415375.0,4568595.0,2025-01-24
415385.0,4568595.0,2025-01-24
415395.0,4568595.0,2025-01-24
415405.0,4568595.0,2025-01-24
415415.0,4568595.0,2025-01-24
415425.0,4568595.0,2025-01-24
415435.0,4568595.0,2025-01-24
415445.0,4568595.0,2025-01-24
415455.0,4568595.0,2025-01-24
415465.0,4568595.0,2025-01-24
415475.0,4568595.0,2025-01-24
415485.0,4568595.0,2025-01-24
415495.0,4568595.0,2025-01-24
415505.0,4568595.0,2025-01-24
415515.0,4568595.0,2025-01-24
415525.0,4568595.0,2025-01-24
415535.0,4568595.0,2025-01-24
415545.0,4568595.0,2025-01-24
415555.0,4568595.0,2025-01-24
415565.0,4568595.0,2025-01-24
415575.0,4568595.0,2025-01-24
415585.0,4568595.0,2025-01-24
415595.0,4568595.0,2025-01-24
415605.0,4568595.0,2025-01-24
415615.0,4568595.0,2025-01-24
415625.0,4568595.0,2025-01-24
415635.0,4568595.0,2025-01-24
411745.0,4568585.0,2025-01-24
411755.0,4568585.0,2025-01-24
411765.0,4568585.0,2025-01-24
411775.0,4568585.0,2025-01-24
411785.0,4568585.0,2025-01-24
411795.0,4568585.0,2025-01-24
411805.0,4568585.0,2025-01-24
411815.0,4568585.0,2025-01-24
411825.0,4568585.0,2025-01-24
411835.0,4568585.0,2025-01-24
411845.0,4568585.0,2025-01-24
411855.0,4568585.0,2025-01-24
411865.0,4568585.0,2025-01-24
411875.0,4568585.0,2025-01-24
411885.0,4568585.0,2025-01-24
411895.0,4568585.0,2025-01-24
411905.0,4568585.0,2025-01-24
411915.0,4568585.0,2025-01-24
411925.0,4568585.0,2025-01-24
411935.0,4568585.0,2025-01-24
411945.0,4568585.0,2025-01-24
411955.0,4568585.0,2025-01-24
411965.0,4568585.0,2025-01-24
411975.0,4568585.0,2025-01-24
411985.0,4568585.0,2025-01-24
411995.0,4568585.0,2025-01-24
412005.0,4568585.0,2025-01-24
412015.0,4568585.0,2025-01-24
412025.0,4568585.0,2025-01-24
412035.0,4568585.0,2025-01-24
412045.0,4568585.0,2025-01-24
412055.0,4568585.0,2025-01-24
412065.0,4568585.0,2025-01-24
412075.0,4568585.0,2025-01-24
412085.0,4568585.0,2025-01-24
412095.0,4568585.0,2025-01-24
412105.0,4568585.0,2025-01-24
412115.0,4568585.0,2025-01-24
412125.0,4568585.0,2025-01-24
412135.0,4568585.0,2025-01-24
412145.0,4568585.0,2025-01-24
412155.0,4568585.0,2025-01-24
412165.0,4568585.0,2025-01-24
412175.0,4568585.0,2025-01-24
412185.0,4568585.0,2025-01-24
412195.0,4568585.0,2025-01-24
412205.0,4568585.0,2025-01-24
412215.0,4568585.0,2025-01-24
412225.0,4568585.0,2025-01-24
412235.0,4568585.0,2025-01-24
412245.0,4568585.0,2025-01-24
412255.0,4568585.0,2025-01-24
412265.0,4568585.0,2025-01-24
412275.0,4568585.0,2025-01-24
412285.0,4568585.0,2025-01-24
412295.0,4568585.0,2025-01-24
412305.0,4568585.0,2025-01-24
412315.0,4568585.0,2025-01-24
412325.0,4568585.0,2025-01-24
412335.0,4568585.0,2025-01-24
412345.0,4568585.0,2025-01-24
412355.0,4568585.0,2025-01-24
412365.0,4568585.0,2025-01-24
412375.0,4568585.0,2025-01-24
412385.0,4568585.0,2025-01-24
412395.0,4568585.0,2025-01-24
412405.0,4568585.0,2025-01-24
412415.0,4568585.0,2025-01-24
412425.0,4568585.0,2025-01-24
412435.0,4568585.0,2025-01-24
412445.0,4568585.0,2025-01-24
412455.0,4568585.0,2025-01-24
412465.0,4568585.0,2025-01-24
412475.0,4568585.0,2025-01-24
412485.0,4568585.0,2025-01-24
412495.0,4568585.0,2025-01-24
412505.0,4568585.0,2025-01-24
412515.0,4568585.0,2025-01-24
412525.0,4568585.0,2025-01-24
412535.0,4568585.0,2025-01-24
412545.0,4568585.0,2025-01-24
412555.0,4568585.0,2025-01-24
412565.0,4568585.0,2025-01-24
412575.0,4568585.0,2025-01-24
412585.0,4568585.0,2025-01-24
412595.0,4568585.0,2025-01-24
412605.0,4568585.0,2025-01-24
412615.0,4568585.0,2025-01-24
412625.0,4568585.0,2025-01-24
412635.0,4568585.0,2025-01-24
412645.0,4568585.0,2025-01-24
412655.0,4568585.0,2025-01-24
412665.0,4568585.0,2025-01-24
412675.0,4568585.0,2025-01-24
412685.0,4568585.0,2025-01-24
412695.0,4568585.0,2025-01-24
412705.0,4568585.0,2025-01-24
412715.0,4568585.0,2025-01-24
412725.0,4568585.0,2025-01-24
412735.0,4568585.0,2025-01-24
412745.0,4568585.0,2025-01-24
412755.0,4568585.0,2025-01-24
412765.0,4568585.0,2025-01-24
412775.0,4568585.0,2025-01-24
412785.0,4568585.0,2025-01-24
412795.0,4568585.0,2025-01-24
412805.0,4568585.0,2025-01-24
412815.0,4568585.0,2025-01-24
412825.0,4568585.0,2025-01-24
412835.0,4568585.0,2025-01-24
412845.0,4568585.0,2025-01-24
412855.0,4568585.0,2025-01-24
412865.0,4568585.0,2025-01-24
412875.0,4568585.0,2025-01-24
412885.0,4568585.0,2025-01-24
412895.0,4568585.0,2025-01-24
412905.0,4568585.0,2025-01-24
412915.0,4568585.0,2025-01-24
412925.0,4568585.0,2025-01-24
412935.0,4568585.0,2025-01-24
412945.0,4568585.0,2025-01-24
412955.0,4568585.0,2025-01-24
412965.0,4568585.0,2025-01-24
412975.0,4568585.0,2025-01-24
412985.0,4568585.0,2025-01-24
412995.0,4568585.0,2025-01-24
413005.0,4568585.0,2025-01-24
413015.0,4568585.0,2025-01-24
413025.0,4568585.0,2025-01-24
413035.0,4568585.0,2025-01-24
413045.0,4568585.0,2025-01-24
413055.0,4568585.0,2025-01-24
413065.0,4568585.0,2025-01-24
413075.0,4568585.0,2025-01-24
413085.0,4568585.0,2025-01-24
413095.0,4568585.0,2025-01-24
413105.0,4568585.0,2025-01-24
413115.0,4568585.0,2025-01-24
413125.0,4568585.0,2025-01-24
413135.0,4568585.0,2025-01-24
413145.0,4568585.0,2025-01-24
413155.0,4568585.0,2025-01-24
413165.0,4568585.0,2025-01-24
413175.0,4568585.0,2025-01-24
413185.0,4568585.0,2025-01-24
413195.0,4568585.0,2025-01-24
413205.0,4568585.0,2025-01-24
413215.0,4568585.0,2025-01-24
413225.0,4568585.0,2025-01-24
413235.0,4568585.0,2025-01-24
413245.0,4568585.0,2025-01-24
413255.0,4568585.0,2025-01-24
413265.0,4568585.0,2025-01-24
413275.0,4568585.0,2025-01-24
413285.0,4568585.0,2025-01-24
413295.0,4568585.0,2025-01-24
413305.0,4568585.0,2025-01-24
413315.0,4568585.0,2025-01-24
413325.0,4568585.0,2025-01-24
413335.0,4568585.0,2025-01-24
413345.0,4568585.0,2025-01-24
413355.0,4568585.0,2025-01-24
413365.0,4568585.0,2025-01-24
413375.0,4568585.0,2025-01-24
413385.0,4568585.0,2025-01-24
413395.0,4568585.0,2025-01-24
413405.0,4568585.0,2025-01-24
413415.0,4568585.0,2025-01-24
413425.0,4568585.0,2025-01-24
413435.0,4568585.0,2025-01-24
413445.0,4568585.0,2025-01-24
413455.0,4568585.0,2025-01-24
413465.0,4568585.0,2025-01-24
413475.0,4568585.0,2025-01-24
413485.0,4568585.0,2025-01-24
413495.0,4568585.0,2025-01-24
413505.0,4568585.0,2025-01-24
413515.0,4568585.0,2025-01-24
413525.0,4568585.0,2025-01-24
413535.0,4568585.0,2025-01-24
413545.0,4568585.0,2025-01-24
413555.0,4568585.0,2025-01-24
413565.0,4568585.0,2025-01-24
413575.0,4568585.0,2025-01-24
413585.0,4568585.0,2025-01-24
413595.0,4568585.0,2025-01-24
413605.0,4568585.0,2025-01-24
413615.0,4568585.0,2025-01-24
413625.0,4568585.0,2025-01-24
413635.0,4568585.0,2025-01-24
413645.0,4568585.0,2025-01-24
413655.0,4568585.0,2025-01-24
413665.0,4568585.0,2025-01-24
413675.0,4568585.0,2025-01-24
413685.0,4568585.0,2025-01-24
413695.0,4568585.0,2025-01-24
413705.0,4568585.0,2025-01-24
413715.0,4568585.0,2025-01-24
413725.0,4568585.0,2025-01-24
413735.0,4568585.0,2025-01-24
413745.0,4568585.0,2025-01-24
413755.0,4568585.0,2025-01-24
413765.0,4568585.0,2025-01-24
413775.0,4568585.0,2025-01-24
413785.0,4568585.0,2025-01-24
413795.0,4568585.0,2025-01-24
413805.0,4568585.0,2025-01-24
413815.0,4568585.0,2025-01-24
413825.0,4568585.0,2025-01-24
413835.0,4568585.0,2025-01-24
413845.0,4568585.0,2025-01-24
413855.0,4568585.0,2025-01-24
413865.0,4568585.0,2025-01-24
413875.0,4568585.0,2025-01-24
413885.0,4568585.0,2025-01-24
413895.0,4568585.0,2025-01-24
413905.0,4568585.0,2025-01-24
413915.0,4568585.0,2025-01-24
413925.0,4568585.0,2025-01-24
413935.0,4568585.0,2025-01-24
413945.0,4568585.0,2025-01-24
413955.0,4568585.0,2025-01-24
413965.0,4568585.0,2025-01-24
413975.0,4568585.0,2025-01-24
413985.0,4568585.0,2025-01-24
413995.0,4568585.0,2025-01-24
414005.0,4568585.0,2025-01-24
414015.0,4568585.0,2025-01-24
414025.0,4568585.0,2025-01-24
414035.0,4568585.0,2025-01-24
414045.0,4568585.0,2025-01-24
414055.0,4568585.0,2025-01-24
414065.0,4568585.0,2025-01-24
414075.0,4568585.0,2025-01-24
414085.0,4568585.0,2025-01-24
414095.0,4568585.0,2025-01-24
414105.0,4568585.0,2025-01-24
414115.0,4568585.0,2025-01-24
414125.0,4568585.0,2025-01-24
414135.0,4568585.0,2025-01-24
414145.0,4568585.0,2025-01-24
414155.0,4568585.0,2025-01-24
414165.0,4568585.0,2025-01-24
414175.0,4568585.0,2025-01-24
414185.0,4568585.0,2025-01-24
414195.0,4568585.0,2025-01-24
414205.0,4568585.0,2025-01-24
414215.0,4568585.0,2025-01-24
414225.0,4568585.0,2025-01-24
414235.0,4568585.0,2025-01-24
414245.0,4568585.0,2025-01-24
414255.0,4568585.0,2025-01-24
414265.0,4568585.0,2025-01-24
414275.0,4568585.0,2025-01-24
414285.0,4568585.0,2025-01-24
414295.0,4568585.0,2025-01-24
414305.0,4568585.0,2025-01-24
414315.0,4568585.0,2025-01-24
414325.0,4568585.0,2025-01-24
414335.0,4568585.0,2025-01-24
414345.0,4568585.0,2025-01-24
414355.0,4568585.0,2025-01-24
414365.0,4568585.0,2025-01-24
414375.0,4568585.0,2025-01-24
414385.0,4568585.0,2025-01-24
414395.0,4568585.0,2025-01-24
414405.0,4568585.0,2025-01-24
414415.0,4568585.0,2025-01-24
414425.0,4568585.0,2025-01-24
414435.0,4568585.0,2025-01-24
414445.0,4568585.0,2025-01-24
414455.0,4568585.0,2025-01-24
414465.0,4568585.0,2025-01-24
414475.0,4568585.0,2025-01-24
414485.0,4568585.0,2025-01-24
414495.0,4568585.0,2025-01-24
414505.0,4568585.0,2025-01-24
414515.0,4568585.0,2025-01-24
414525.0,4568585.0,2025-01-24
414535.0,4568585.0,2025-01-24
414545.0,4568585.0,2025-01-24
414555.0,4568585.0,2025-01-24
414565.0,4568585.0,2025-01-24
414575.0,4568585.0,2025-01-24
414585.0,4568585.0,2025-01-24
414595.0,4568585.0,2025-01-24
414605.0,4568585.0,2025-01-24
414615.0,4568585.0,2025-01-24
414625.0,4568585.0,2025-01-24
414635.0,4568585.0,2025-01-24
414645.0,4568585.0,2025-01-24
414655.0,4568585.0,2025-01-24
414665.0,4568585.0,2025-01-24
414675.0,4568585.0,2025-01-24
414685.0,4568585.0,2025-01-24
414695.0,4568585.0,2025-01-24
414705.0,4568585.0,2025-01-24
414715.0,4568585.0,2025-01-24
414725.0,4568585.0,2025-01-24
414735.0,4568585.0,2025-01-24
414745.0,4568585.0,2025-01-24
414755.0,4568585.0,2025-01-24
414765.0,4568585.0,2025-01-24
414775.0,4568585.0,2025-01-24
414785.0,4568585.0,2025-01-24
414795.0,4568585.0,2025-01-24
414805.0,4568585.0,2025-01-24
414815.0,4568585.0,2025-01-24
414825.0,4568585.0,2025-01-24
414835.0,4568585.0,2025-01-24
414845.0,4568585.0,2025-01-24
414855.0,4568585.0,2025-01-24
414865.0,4568585.0,2025-01-24
414875.0,4568585.0,2025-01-24
414885.0,4568585.0,2025-01-24
414895.0,4568585.0,2025-01-24
414905.0,4568585.0,2025-01-24
414915.0,4568585.0,2025-01-24
414925.0,4568585.0,2025-01-24
414935.0,4568585.0,2025-01-24
414945.0,4568585.0,2025-01-24
414955.0,4568585.0,2025-01-24
414965.0,4568585.0,2025-01-24
414975.0,4568585.0,2025-01-24
414985.0,4568585.0,2025-01-24
414995.0,4568585.0,2025-01-24
415005.0,4568585.0,2025-01-24
415015.0,4568585.0,2025-01-24
415025.0,4568585.0,2025-01-24
415035.0,4568585.0,2025-01-24
415045.0,4568585.0,2025-01-24
415055.0,4568585.0,2025-01-24
415065.0,4568585.0,2025-01-24
415075.0,4568585.0,2025-01-24
415085.0,4568585.0,2025-01-24
415095.0,4568585.0,2025-01-24
415105.0,4568585.0,2025-01-24
415115.0,4568585.0,2025-01-24
415125.0,4568585.0,2025-01-24
415135.0,4568585.0,2025-01-24
415145.0,4568585.0,2025-01-24
415155.0,4568585.0,2025-01-24
415165.0,4568585.0,2025-01-24
415175.0,4568585.0,2025-01-24
415185.0,4568585.0,2025-01-24
415195.0,4568585.0,2025-01-24
415205.0,4568585.0,2025-01-24
415215.0,4568585.0,2025-01-24
415225.0,4568585.0,2025-01-24
415235.0,4568585.0,2025-01-24
415245.0,4568585.0,2025-01-24
415255.0,4568585.0,2025-01-24
415265.0,4568585.0,2025-01-24
415275.0,4568585.0,2025-01-24
415285.0,4568585.0,2025-01-24
415295.0,4568585.0,2025-01-24
415305.0,4568585.0,2025-01-24
415315.0,4568585.0,2025-01-24
415325.0,4568585.0,2025-01-24
415335.0,4568585.0,2025-01-24
415345.0,4568585.0,2025-01-24
415355.0,4568585.0,2025-01-24
415365.0,4568585.0,2025-01-24
415375.0,4568585.0,2025-01-24
415385.0,4568585.0,2025-01-24
415395.0,4568585.0,2025-01-24
415405.0,4568585.0,2025-01-24
415415.0,4568585.0,2025-01-24
415425.0,4568585.0,2025-01-24
415435.0,4568585.0,2025-01-24
415445.0,4568585.0,2025-01-24
415455.0,4568585.0,2025-01-24
415465.0,4568585.0,2025-01-24
415475.0,4568585.0,2025-01-24
415485.0,4568585.0,2025-01-24
415495.0,4568585.0,2025-01-24
415505.0,4568585.0,2025-01-24
415515.0,4568585.0,2025-01-24
415525.0,4568585.0,2025-01-24
415535.0,4568585.0,2025-01-24
415545.0,4568585.0,2025-01-24
415555.0,4568585.0,2025-01-24
415565.0,4568585.0,2025-01-24
415575.0,4568585.0,2025-01-24
415585.0,4568585.0,2025-01-24
415595.0,4568585.0,2025-01-24
415605.0,4568585.0,2025-01-24
415615.0,4568585.0,2025-01-24
415625.0,4568585.0,2025-01-24
415635.0,4568585.0,2025-01-24
415645.0,4568585.0,2025-01-24
415655.0,4568585.0,2025-01-24
415665.0,4568585.0,2025-01-24
415675.0,4568585.0,2025-01-24
415685.0,4568585.0,2025-01-24
415695.0,4568585.0,2025-01-24
415705.0,4568585.0,2025-01-24
415715.0,4568585.0,2025-01-24
415725.0,4568585.0,2025-01-24
415735.0,4568585.0,2025-01-24
415745.0,4568585.0,2025-01-24
415755.0,4568585.0,2025-01-24
415765.0,4568585.0,2025-01-24
415775.0,4568585.0,2025-01-24
415785.0,4568585.0,2025-01-24
415795.0,4568585.0,2025-01-24
415805.0,4568585.0,2025-01-24
415815.0,4568585.0,2025-01-24
415825.0,4568585.0,2025-01-24
415835.0,4568585.0,2025-01-24
415845.0,4568585.0,2025-01-24
415855.0,4568585.0,2025-01-24
415865.0,4568585.0,2025-01-24
415875.0,4568585.0,2025-01-24
415885.0,4568585.0,2025-01-24
415895.0,4568585.0,2025-01-24
415905.0,4568585.0,2025-01-24
415915.0,4568585.0,2025-01-24
415925.0,4568585.0,2025-01-24
415935.0,4568585.0,2025-01-24
415945.0,4568585.0,2025-01-24
415955.0,4568585.0,2025-01-24
415965.0,4568585.0,2025-01-24
415975.0,4568585.0,2025-01-24
415985.0,4568585.0,2025-01-24
415995.0,4568585.0,2025-01-24
416005.0,4568585.0,2025-01-24
416015.0,4568585.0,2025-01-24
416025.0,4568585.0,2025-01-24
416035.0,4568585.0,2025-01-24
416045.0,4568585.0,2025-01-24
416055.0,4568585.0,2025-01-24
416065.0,4568585.0,2025-01-24
416075.0,4568585.0,2025-01-24
416085.0,4568585.0,2025-01-24
416095.0,4568585.0,2025-01-24
416105.0,4568585.0,2025-01-24
416115.0,4568585.0,2025-01-24
416125.0,4568585.0,2025-01-24
416135.0,4568585.0,2025-01-24
416145.0,4568585.0,2025-01-24
416155.0,4568585.0,2025-01-24
416165.0,4568585.0,2025-01-24
416175.0,4568585.0,2025-01-24
416185.0,4568585.0,2025-01-24
416195.0,4568585.0,2025-01-24
416205.0,4568585.0,2025-01-24
416215.0,4568585.0,2025-01-24
416225.0,4568585.0,2025-01-24
416235.0,4568585.0,2025-01-24
416245.0,4568585.0,2025-01-24
416255.0,4568585.0,2025-01-24
416265.0,4568585.0,2025-01-24
416275.0,4568585.0,2025-01-24
416285.0,4568585.0,2025-01-24
416295.0,4568585.0,2025-01-24
416305.0,4568585.0,2025-01-24
416315.0,4568585.0,2025-01-24
416325.0,4568585.0,2025-01-24
416335.0,4568585.0,2025-01-24
416345.0,4568585.0,2025-01-24
416355.0,4568585.0,2025-01-24
416365.0,4568585.0,2025-01-24
416375.0,4568585.0,2025-01-24
416385.0,4568585.0,2025-01-24
416395.0,4568585.0,2025-01-24
416405.0,4568585.0,2025-01-24
416415.0,4568585.0,2025-01-24
416425.0,4568585.0,2025-01-24
416435.0,4568585.0,2025-01-24
416445.0,4568585.0,2025-01-24
416455.0,4568585.0,2025-01-24
411745.0,4568575.0,2025-01-24
411755.0,4568575.0,2025-01-24
411765.0,4568575.0,2025-01-24
411775.0,4568575.0,2025-01-24
411785.0,4568575.0,2025-01-24
411795.0,4568575.0,2025-01-24
411805.0,4568575.0,2025-01-24
411815.0,4568575.0,2025-01-24
411825.0,4568575.0,2025-01-24
411835.0,4568575.0,2025-01-24
411845.0,4568575.0,2025-01-24
411855.0,4568575.0,2025-01-24
411865.0,4568575.0,2025-01-24
411875.0,4568575.0,2025-01-24
411885.0,4568575.0,2025-01-24
411895.0,4568575.0,2025-01-24
411905.0,4568575.0,2025-01-24
411915.0,4568575.0,2025-01-24
411925.0,4568575.0,2025-01-24
411935.0,4568575.0,2025-01-24
411945.0,4568575.0,2025-01-24
411955.0,4568575.0,2025-01-24
411965.0,4568575.0,2025-01-24
411975.0,4568575.0,2025-01-24
411985.0,4568575.0,2025-01-24
411995.0,4568575.0,2025-01-24
412005.0,4568575.0,2025-01-24
412015.0,4568575.0,2025-01-24
412025.0,4568575.0,2025-01-24
412035.0,4568575.0,2025-01-24
412045.0,4568575.0,2025-01-24
412055.0,4568575.0,2025-01-24
412065.0,4568575.0,2025-01-24
412075.0,4568575.0,2025-01-24
412085.0,4568575.0,2025-01-24
412095.0,4568575.0,2025-01-24
412105.0,4568575.0,2025-01-24
412115.0,4568575.0,2025-01-24
412125.0,4568575.0,2025-01-24
412135.0,4568575.0,2025-01-24
412145.0,4568575.0,2025-01-24
412155.0,4568575.0,2025-01-24
412165.0,4568575.0,2025-01-24
412175.0,4568575.0,2025-01-24
412185.0,4568575.0,2025-01-24
412195.0,4568575.0,2025-01-24
412205.0,4568575.0,2025-01-24
412215.0,4568575.0,2025-01-24
412225.0,4568575.0,2025-01-24
412235.0,4568575.0,2025-01-24
412245.0,4568575.0,2025-01-24
412255.0,4568575.0,2025-01-24
412265.0,4568575.0,2025-01-24
412275.0,4568575.0,2025-01-24
412285.0,4568575.0,2025-01-24
412295.0,4568575.0,2025-01-24
412305.0,4568575.0,2025-01-24
412315.0,4568575.0,2025-01-24
412325.0,4568575.0,2025-01-24
412335.0,4568575.0,2025-01-24
412345.0,4568575.0,2025-01-24
412355.0,4568575.0,2025-01-24
412365.0,4568575.0,2025-01-24
412375.0,4568575.0,2025-01-24
412385.0,4568575.0,2025-01-24
412395.0,4568575.0,2025-01-24
412405.0,4568575.0,2025-01-24
412415.0,4568575.0,2025-01-24
412425.0,4568575.0,2025-01-24
412435.0,4568575.0,2025-01-24
412445.0,4568575.0,2025-01-24
412455.0,4568575.0,2025-01-24
412465.0,4568575.0,2025-01-24
412475.0,4568575.0,2025-01-24
412485.0,4568575.0,2025-01-24
412495.0,4568575.0,2025-01-24
412505.0,4568575.0,2025-01-24
412515.0,4568575.0,2025-01-24
412525.0,4568575.0,2025-01-24
412535.0,4568575.0,2025-01-24
412545.0,4568575.0,2025-01-24
412555.0,4568575.0,2025-01-24
412565.0,4568575.0,2025-01-24
412575.0,4568575.0,2025-01-24
412585.0,4568575.0,2025-01-24
412595.0,4568575.0,2025-01-24
412605.0,4568575.0,2025-01-24
412615.0,4568575.0,2025-01-24
412625.0,4568575.0,2025-01-24
412635.0,4568575.0,2025-01-24
412645.0,4568575.0,2025-01-24
412655.0,4568575.0,2025-01-24
412665.0,4568575.0,2025-01-24
412675.0,4568575.0,2025-01-24
412685.0,4568575.0,2025-01-24
412695.0,4568575.0,2025-01-24
412705.0,4568575.0,2025-01-24
412715.0,4568575.0,2025-01-24
412725.0,4568575.0,2025-01-24
412735.0,4568575.0,2025-01-24
412745.0,4568575.0,2025-01-24
412755.0,4568575.0,2025-01-24
412765.0,4568575.0,2025-01-24
412775.0,4568575.0,2025-01-24
412785.0,4568575.0,2025-01-24
412795.0,4568575.0,2025-01-24
412805.0,4568575.0,2025-01-24
412815.0,4568575.0,2025-01-24
412825.0,4568575.0,2025-01-24
412835.0,4568575.0,2025-01-24
412845.0,4568575.0,2025-01-24
412855.0,4568575.0,2025-01-24
412865.0,4568575.0,2025-01-24
412875.0,4568575.0,2025-01-24
412885.0,4568575.0,2025-01-24
412895.0,4568575.0,2025-01-24
412905.0,4568575.0,2025-01-24
412915.0,4568575.0,2025-01-24
412925.0,4568575.0,2025-01-24
412935.0,4568575.0,2025-01-24
412945.0,4568575.0,2025-01-24
412955.0,4568575.0,2025-01-24
412965.0,4568575.0,2025-01-24
412975.0,4568575.0,2025-01-24
412985.0,4568575.0,2025-01-24
412995.0,4568575.0,2025-01-24
413005.0,4568575.0,2025-01-24
413015.0,4568575.0,2025-01-24
413025.0,4568575.0,2025-01-24
413035.0,4568575.0,2025-01-24
413045.0,4568575.0,2025-01-24
413055.0,4568575.0,2025-01-24
413065.0,4568575.0,2025-01-24
413075.0,4568575.0,2025-01-24
413085.0,4568575.0,2025-01-24
413095.0,4568575.0,2025-01-24
413105.0,4568575.0,2025-01-24
413115.0,4568575.0,2025-01-24
413125.0,4568575.0,2025-01-24
413135.0,4568575.0,2025-01-24
413145.0,4568575.0,2025-01-24
413155.0,4568575.0,2025-01-24
413165.0,4568575.0,2025-01-24
413175.0,4568575.0,2025-01-24
413185.0,4568575.0,2025-01-24
413195.0,4568575.0,2025-01-24
413205.0,4568575.0,2025-01-24
413215.0,4568575.0,2025-01-24
413225.0,4568575.0,2025-01-24
413235.0,4568575.0,2025-01-24
413245.0,4568575.0,2025-01-24
413255.0,4568575.0,2025-01-24
413265.0,4568575.0,2025-01-24
413275.0,4568575.0,2025-01-24
413285.0,4568575.0,2025-01-24
413295.0,4568575.0,2025-01-24
413305.0,4568575.0,2025-01-24
413315.0,4568575.0,2025-01-24
413325.0,4568575.0,2025-01-24
413335.0,4568575.0,2025-01-24
413345.0,4568575.0,2025-01-24
413355.0,4568575.0,2025-01-24
413365.0,4568575.0,2025-01-24
413375.0,4568575.0,2025-01-24
413385.0,4568575.0,2025-01-24
413395.0,4568575.0,2025-01-24
413405.0,4568575.0,2025-01-24
413415.0,4568575.0,2025-01-24
413425.0,4568575.0,2025-01-24
413435.0,4568575.0,2025-01-24
413445.0,4568575.0,2025-01-24
413455.0,4568575.0,2025-01-24
413465.0,4568575.0,2025-01-24
413475.0,4568575.0,2025-01-24
413485.0,4568575.0,2025-01-24
413495.0,4568575.0,2025-01-24
413505.0,4568575.0,2025-01-24
413515.0,4568575.0,2025-01-24
413525.0,4568575.0,2025-01-24
413535.0,4568575.0,2025-01-24
413545.0,4568575.0,2025-01-24
413555.0,4568575.0,2025-01-24
413565.0,4568575.0,2025-01-24
413575.0,4568575.0,2025-01-24
413585.0,4568575.0,2025-01-24
413595.0,4568575.0,2025-01-24
413605.0,4568575.0,2025-01-24
413615.0,4568575.0,2025-01-24
413625.0,4568575.0,2025-01-24
413635.0,4568575.0,2025-01-24
413645.0,4568575.0,2025-01-24
413655.0,4568575.0,2025-01-24
413665.0,4568575.0,2025-01-24
413675.0,4568575.0,2025-01-24
413685.0,4568575.0,2025-01-24
413695.0,4568575.0,2025-01-24
413705.0,4568575.0,2025-01-24
413715.0,4568575.0,2025-01-24
413725.0,4568575.0,2025-01-24
413735.0,4568575.0,2025-01-24
413745.0,4568575.0,2025-01-24
413755.0,4568575.0,2025-01-24
413765.0,4568575.0,2025-01-24
413775.0,4568575.0,2025-01-24
413785.0,4568575.0,2025-01-24
413795.0,4568575.0,2025-01-24
413805.0,4568575.0,2025-01-24
413815.0,4568575.0,2025-01-24
413825.0,4568575.0,2025-01-24
413835.0,4568575.0,2025-01-24
413845.0,4568575.0,2025-01-24
413855.0,4568575.0,2025-01-24
413865.0,4568575.0,2025-01-24
413875.0,4568575.0,2025-01-24
413885.0,4568575.0,2025-01-24
413895.0,4568575.0,2025-01-24
413905.0,4568575.0,2025-01-24
413915.0,4568575.0,2025-01-24
413925.0,4568575.0,2025-01-24
413935.0,4568575.0,2025-01-24
413945.0,4568575.0,2025-01-24
413955.0,4568575.0,2025-01-24
413965.0,4568575.0,2025-01-24
413975.0,4568575.0,2025-01-24
413985.0,4568575.0,2025-01-24
413995.0,4568575.0,2025-01-24
414005.0,4568575.0,2025-01-24
414015.0,4568575.0,2025-01-24
414025.0,4568575.0,2025-01-24
414035.0,4568575.0,2025-01-24
414045.0,4568575.0,2025-01-24
414055.0,4568575.0,2025-01-24
414065.0,4568575.0,2025-01-24
414075.0,4568575.0,2025-01-24
414085.0,4568575.0,2025-01-24
414095.0,4568575.0,2025-01-24
414105.0,4568575.0,2025-01-24
414115.0,4568575.0,2025-01-24
414125.0,4568575.0,2025-01-24
414135.0,4568575.0,2025-01-24
414145.0,4568575.0,2025-01-24
414155.0,4568575.0,2025-01-24
414165.0,4568575.0,2025-01-24
414175.0,4568575.0,2025-01-24
414185.0,4568575.0,2025-01-24
414195.0,4568575.0,2025-01-24
414205.0,4568575.0,2025-01-24
414215.0,4568575.0,2025-01-24
414225.0,4568575.0,2025-01-24
414235.0,4568575.0,2025-01-24
414245.0,4568575.0,2025-01-24
414255.0,4568575.0,2025-01-24
414265.0,4568575.0,2025-01-24
414275.0,4568575.0,2025-01-24
414285.0,4568575.0,2025-01-24
414295.0,4568575.0,2025-01-24
414305.0,4568575.0,2025-01-24
414315.0,4568575.0,2025-01-24
414325.0,4568575.0,2025-01-24
414335.0,4568575.0,2025-01-24
414345.0,4568575.0,2025-01-24
414355.0,4568575.0,2025-01-24
414365.0,4568575.0,2025-01-24
414375.0,4568575.0,2025-01-24
414385.0,4568575.0,2025-01-24
414395.0,4568575.0,2025-01-24
414405.0,4568575.0,2025-01-24
414415.0,4568575.0,2025-01-24
414425.0,4568575.0,2025-01-24
414435.0,4568575.0,2025-01-24
414445.0,4568575.0,2025-01-24
414455.0,4568575.0,2025-01-24
414465.0,4568575.0,2025-01-24
414475.0,4568575.0,2025-01-24
414485.0,4568575.0,2025-01-24
414495.0,4568575.0,2025-01-24
414505.0,4568575.0,2025-01-24
414515.0,4568575.0,2025-01-24
414525.0,4568575.0,2025-01-24
414535.0,4568575.0,2025-01-24
414545.0,4568575.0,2025-01-24
414555.0,4568575.0,2025-01-24
414565.0,4568575.0,2025-01-24
414575.0,4568575.0,2025-01-24
414585.0,4568575.0,2025-01-24
414595.0,4568575.0,2025-01-24
414605.0,4568575.0,2025-01-24
414615.0,4568575.0,2025-01-24
414625.0,4568575.0,2025-01-24
414635.0,4568575.0,2025-01-24
414645.0,4568575.0,2025-01-24
414655.0,4568575.0,2025-01-24
414665.0,4568575.0,2025-01-24
414675.0,4568575.0,2025-01-24
414685.0,4568575.0,2025-01-24
414695.0,4568575.0,2025-01-24
414705.0,4568575.0,2025-01-24
414715.0,4568575.0,2025-01-24
414725.0,4568575.0,2025-01-24
414735.0,4568575.0,2025-01-24
414745.0,4568575.0,2025-01-24
414755.0,4568575.0,2025-01-24
414765.0,4568575.0,2025-01-24
414775.0,4568575.0,2025-01-24
414785.0,4568575.0,2025-01-24
414795.0,4568575.0,2025-01-24
414805.0,4568575.0,2025-01-24
414815.0,4568575.0,2025-01-24
414825.0,4568575.0,2025-01-24
414835.0,4568575.0,2025-01-24
414845.0,4568575.0,2025-01-24
414855.0,4568575.0,2025-01-24
414865.0,4568575.0,2025-01-24
414875.0,4568575.0,2025-01-24
414885.0,4568575.0,2025-01-24
414895.0,4568575.0,2025-01-24
414905.0,4568575.0,2025-01-24
414915.0,4568575.0,2025-01-24
414925.0,4568575.0,2025-01-24
414935.0,4568575.0,2025-01-24
414945.0,4568575.0,2025-01-24
414955.0,4568575.0,2025-01-24
414965.0,4568575.0,2025-01-24
414975.0,4568575.0,2025-01-24
414985.0,4568575.0,2025-01-24
414995.0,4568575.0,2025-01-24
415005.0,4568575.0,2025-01-24
415015.0,4568575.0,2025-01-24
415025.0,4568575.0,2025-01-24
415035.0,4568575.0,2025-01-24
415045.0,4568575.0,2025-01-24
415055.0,4568575.0,2025-01-24
415065.0,4568575.0,2025-01-24
415075.0,4568575.0,2025-01-24
415085.0,4568575.0,2025-01-24
415095.0,4568575.0,2025-01-24
415105.0,4568575.0,2025-01-24
415115.0,4568575.0,2025-01-24
415125.0,4568575.0,2025-01-24
415135.0,4568575.0,2025-01-24
415145.0,4568575.0,2025-01-24
415155.0,4568575.0,2025-01-24
415165.0,4568575.0,2025-01-24
415175.0,4568575.0,2025-01-24
415185.0,4568575.0,2025-01-24
415195.0,4568575.0,2025-01-24
415205.0,4568575.0,2025-01-24
415215.0,4568575.0,2025-01-24
415225.0,4568575.0,2025-01-24
415235.0,4568575.0,2025-01-24
415245.0,4568575.0,2025-01-24
415255.0,4568575.0,2025-01-24
415265.0,4568575.0,2025-01-24
415275.0,4568575.0,2025-01-24
415285.0,4568575.0,2025-01-24
415295.0,4568575.0,2025-01-24
415305.0,4568575.0,2025-01-24
415315.0,4568575.0,2025-01-24
415325.0,4568575.0,2025-01-24
415335.0,4568575.0,2025-01-24
415345.0,4568575.0,2025-01-24
415355.0,4568575.0,2025-01-24
415365.0,4568575.0,2025-01-24
415375.0,4568575.0,2025-01-24
415385.0,4568575.0,2025-01-24
415395.0,4568575.0,2025-01-24
415405.0,4568575.0,2025-01-24
415415.0,4568575.0,2025-01-24
415425.0,4568575.0,2025-01-24
415435.0,4568575.0,2025-01-24
415445.0,4568575.0,2025-01-24
415455.0,4568575.0,2025-01-24
415465.0,4568575.0,2025-01-24
415475.0,4568575.0,2025-01-24
415485.0,4568575.0,2025-01-24
415495.0,4568575.0,2025-01-24
415505.0,4568575.0,2025-01-24
415515.0,4568575.0,2025-01-24
415525.0,4568575.0,2025-01-24
415535.0,4568575.0,2025-01-24
415545.0,4568575.0,2025-01-24
415555.0,4568575.0,2025-01-24
415565.0,4568575.0,2025-01-24
415575.0,4568575.0,2025-01-24
415585.0,4568575.0,2025-01-24
415595.0,4568575.0,2025-01-24
415605.0,4568575.0,2025-01-24
415615.0,4568575.0,2025-01-24
415625.0,4568575.0,2025-01-24
415635.0,4568575.0,2025-01-24
415645.0,4568575.0,2025-01-24
415655.0,4568575.0,2025-01-24
415665.0,4568575.0,2025-01-24
415675.0,4568575.0,2025-01-24
415685.0,4568575.0,2025-01-24
415695.0,4568575.0,2025-01-24
415705.0,4568575.0,2025-01-24
415715.0,4568575.0,2025-01-24
415725.0,4568575.0,2025-01-24
415735.0,4568575.0,2025-01-24
415745.0,4568575.0,2025-01-24
415755.0,4568575.0,2025-01-24
415765.0,4568575.0,2025-01-24
415775.0,4568575.0,2025-01-24
415785.0,4568575.0,2025-01-24
415795.0,4568575.0,2025-01-24
415805.0,4568575.0,2025-01-24
415815.0,4568575.0,2025-01-24
415825.0,4568575.0,2025-01-24
415835.0,4568575.0,2025-01-24
415845.0,4568575.0,2025-01-24
415855.0,4568575.0,2025-01-24
415865.0,4568575.0,2025-01-24
415875.0,4568575.0,2025-01-24
415885.0,4568575.0,2025-01-24
415895.0,4568575.0,2025-01-24
415905.0,4568575.0,2025-01-24
415915.0,4568575.0,2025-01-24
415925.0,4568575.0,2025-01-24
415935.0,4568575.0,2025-01-24
415945.0,4568575.0,2025-01-24
415955.0,4568575.0,2025-01-24
415965.0,4568575.0,2025-01-24
415975.0,4568575.0,2025-01-24
415985.0,4568575.0,2025-01-24
415995.0,4568575.0,2025-01-24
416005.0,4568575.0,2025-01-24
416015.0,4568575.0,2025-01-24
416025.0,4568575.0,2025-01-24
416035.0,4568575.0,2025-01-24
416045.0,4568575.0,2025-01-24
416055.0,4568575.0,2025-01-24
416065.0,4568575.0,2025-01-24
416075.0,4568575.0,2025-01-24
416085.0,4568575.0,2025-01-24
416095.0,4568575.0,2025-01-24
416105.0,4568575.0,2025-01-24
416115.0,4568575.0,2025-01-24
416125.0,4568575.0,2025-01-24
416135.0,4568575.0,2025-01-24
416145.0,4568575.0,2025-01-24
416155.0,4568575.0,2025-01-24
416165.0,4568575.0,2025-01-24
416175.0,4568575.0,2025-01-24
416185.0,4568575.0,2025-01-24
416195.0,4568575.0,2025-01-24
416205.0,4568575.0,2025-01-24
416215.0,4568575.0,2025-01-24
416225.0,4568575.0,2025-01-24
416235.0,4568575.0,2025-01-24
416245.0,4568575.0,2025-01-24
416255.0,4568575.0,2025-01-24
416265.0,4568575.0,2025-01-24
416275.0,4568575.0,2025-01-24
416285.0,4568575.0,2025-01-24
416295.0,4568575.0,2025-01-24
416305.0,4568575.0,2025-01-24
416315.0,4568575.0,2025-01-24
416325.0,4568575.0,2025-01-24
416335.0,4568575.0,2025-01-24
416345.0,4568575.0,2025-01-24
416355.0,4568575.0,2025-01-24
416365.0,4568575.0,2025-01-24
416375.0,4568575.0,2025-01-24
416385.0,4568575.0,2025-01-24
416395.0,4568575.0,2025-01-24
416405.0,4568575.0,2025-01-24
416415.0,4568575.0,2025-01-24
416425.0,4568575.0,2025-01-24
416435.0,4568575.0,2025-01-24
416445.0,4568575.0,2025-01-24
416455.0,4568575.0,2025-01-24
411745.0,4568565.0,2025-01-24
411755.0,4568565.0,2025-01-24
411765.0,4568565.0,2025-01-24
411775.0,4568565.0,2025-01-24
411785.0,4568565.0,2025-01-24
411795.0,4568565.0,2025-01-24
411805.0,4568565.0,2025-01-24
411815.0,4568565.0,2025-01-24
411825.0,4568565.0,2025-01-24
411835.0,4568565.0,2025-01-24
411845.0,4568565.0,2025-01-24
411855.0,4568565.0,2025-01-24
411865.0,4568565.0,2025-01-24
411875.0,4568565.0,2025-01-24
411885.0,4568565.0,2025-01-24
411895.0,4568565.0,2025-01-24
411905.0,4568565.0,2025-01-24
411915.0,4568565.0,2025-01-24
411925.0,4568565.0,2025-01-24
411935.0,4568565.0,2025-01-24
411945.0,4568565.0,2025-01-24
411955.0,4568565.0,2025-01-24
411965.0,4568565.0,2025-01-24
411975.0,4568565.0,2025-01-24
411985.0,4568565.0,2025-01-24
411995.0,4568565.0,2025-01-24
412005.0,4568565.0,2025-01-24
412015.0,4568565.0,2025-01-24
412025.0,4568565.0,2025-01-24
412035.0,4568565.0,2025-01-24
412045.0,4568565.0,2025-01-24
412055.0,4568565.0,2025-01-24
412065.0,4568565.0,2025-01-24
412075.0,4568565.0,2025-01-24
412085.0,4568565.0,2025-01-24
412095.0,4568565.0,2025-01-24
412105.0,4568565.0,2025-01-24
412115.0,4568565.0,2025-01-24
412125.0,4568565.0,2025-01-24
412135.0,4568565.0,2025-01-24
412145.0,4568565.0,2025-01-24
412155.0,4568565.0,2025-01-24
412165.0,4568565.0,2025-01-24
412175.0,4568565.0,2025-01-24
412185.0,4568565.0,2025-01-24
412195.0,4568565.0,2025-01-24
412205.0,4568565.0,2025-01-24
412215.0,4568565.0,2025-01-24
412225.0,4568565.0,2025-01-24
412235.0,4568565.0,2025-01-24
412245.0,4568565.0,2025-01-24
412255.0,4568565.0,2025-01-24
412265.0,4568565.0,2025-01-24
412275.0,4568565.0,2025-01-24
412285.0,4568565.0,2025-01-24
412295.0,4568565.0,2025-01-24
412305.0,4568565.0,2025-01-24
412315.0,4568565.0,2025-01-24
412325.0,4568565.0,2025-01-24
412335.0,4568565.0,2025-01-24
412345.0,4568565.0,2025-01-24
412355.0,4568565.0,2025-01-24
412365.0,4568565.0,2025-01-24
412375.0,4568565.0,2025-01-24
412385.0,4568565.0,2025-01-24
412395.0,4568565.0,2025-01-24
412405.0,4568565.0,2025-01-24
412415.0,4568565.0,2025-01-24
412425.0,4568565.0,2025-01-24
412435.0,4568565.0,2025-01-24
412445.0,4568565.0,2025-01-24
412455.0,4568565.0,2025-01-24
412465.0,4568565.0,2025-01-24
412475.0,4568565.0,2025-01-24
412485.0,4568565.0,2025-01-24
412495.0,4568565.0,2025-01-24
412505.0,4568565.0,2025-01-24
412515.0,4568565.0,2025-01-24
412525.0,4568565.0,2025-01-24
412535.0,4568565.0,2025-01-24
412545.0,4568565.0,2025-01-24
412555.0,4568565.0,2025-01-24
412565.0,4568565.0,2025-01-24
412575.0,4568565.0,2025-01-24
412585.0,4568565.0,2025-01-24
412595.0,4568565.0,2025-01-24
412605.0,4568565.0,2025-01-24
412615.0,4568565.0,2025-01-24
412625.0,4568565.0,2025-01-24
412635.0,4568565.0,2025-01-24
412645.0,4568565.0,2025-01-24
412655.0,4568565.0,2025-01-24
412665.0,4568565.0,2025-01-24
412675.0,4568565.0,2025-01-24
412685.0,4568565.0,2025-01-24
412695.0,4568565.0,2025-01-24
412705.0,4568565.0,2025-01-24
412715.0,4568565.0,2025-01-24
412725.0,4568565.0,2025-01-24
412735.0,4568565.0,2025-01-24
412745.0,4568565.0,2025-01-24
412755.0,4568565.0,2025-01-24
412765.0,4568565.0,2025-01-24
412775.0,4568565.0,2025-01-24
412785.0,4568565.0,2025-01-24
412795.0,4568565.0,2025-01-24
412805.0,4568565.0,2025-01-24
412815.0,4568565.0,2025-01-24
412825.0,4568565.0,2025-01-24
412835.0,4568565.0,2025-01-24
412845.0,4568565.0,2025-01-24
412855.0,4568565.0,2025-01-24
412865.0,4568565.0,2025-01-24
412875.0,4568565.0,2025-01-24
412885.0,4568565.0,2025-01-24
412895.0,4568565.0,2025-01-24
412905.0,4568565.0,2025-01-24
412915.0,4568565.0,2025-01-24
412925.0,4568565.0,2025-01-24
412935.0,4568565.0,2025-01-24
412945.0,4568565.0,2025-01-24
412955.0,4568565.0,2025-01-24
412965.0,4568565.0,2025-01-24
412975.0,4568565.0,2025-01-24
412985.0,4568565.0,2025-01-24
412995.0,4568565.0,2025-01-24
413005.0,4568565.0,2025-01-24
413015.0,4568565.0,2025-01-24
413025.0,4568565.0,2025-01-24
413035.0,4568565.0,2025-01-24
413045.0,4568565.0,2025-01-24
413055.0,4568565.0,2025-01-24
413065.0,4568565.0,2025-01-24
413075.0,4568565.0,2025-01-24
413085.0,4568565.0,2025-01-24
413095.0,4568565.0,2025-01-24
413105.0,4568565.0,2025-01-24
413115.0,4568565.0,2025-01-24
413125.0,4568565.0,2025-01-24
413135.0,4568565.0,2025-01-24
413145.0,4568565.0,2025-01-24
413155.0,4568565.0,2025-01-24
413165.0,4568565.0,2025-01-24
413175.0,4568565.0,2025-01-24
413185.0,4568565.0,2025-01-24
413195.0,4568565.0,2025-01-24
413205.0,4568565.0,2025-01-24
413215.0,4568565.0,2025-01-24
413225.0,4568565.0,2025-01-24
413235.0,4568565.0,2025-01-24
413245.0,4568565.0,2025-01-24
413255.0,4568565.0,2025-01-24
413265.0,4568565.0,2025-01-24
413275.0,4568565.0,2025-01-24
413285.0,4568565.0,2025-01-24
413295.0,4568565.0,2025-01-24
413305.0,4568565.0,2025-01-24
413315.0,4568565.0,2025-01-24
413325.0,4568565.0,2025-01-24
413335.0,4568565.0,2025-01-24
413345.0,4568565.0,2025-01-24
413355.0,4568565.0,2025-01-24
413365.0,4568565.0,2025-01-24
413375.0,4568565.0,2025-01-24
413385.0,4568565.0,2025-01-24
413395.0,4568565.0,2025-01-24
413405.0,4568565.0,2025-01-24
413415.0,4568565.0,2025-01-24
413425.0,4568565.0,2025-01-24
413435.0,4568565.0,2025-01-24
413445.0,4568565.0,2025-01-24
413455.0,4568565.0,2025-01-24
413465.0,4568565.0,2025-01-24
413475.0,4568565.0,2025-01-24
413485.0,4568565.0,2025-01-24
413495.0,4568565.0,2025-01-24
413505.0,4568565.0,2025-01-24
413515.0,4568565.0,2025-01-24
413525.0,4568565.0,2025-01-24
413535.0,4568565.0,2025-01-24
413545.0,4568565.0,2025-01-24
413555.0,4568565.0,2025-01-24
413565.0,4568565.0,2025-01-24
413575.0,4568565.0,2025-01-24
413585.0,4568565.0,2025-01-24
413595.0,4568565.0,2025-01-24
413605.0,4568565.0,2025-01-24
413615.0,4568565.0,2025-01-24
413625.0,4568565.0,2025-01-24
413635.0,4568565.0,2025-01-24
413645.0,4568565.0,2025-01-24
413655.0,4568565.0,2025-01-24
413665.0,4568565.0,2025-01-24
413675.0,4568565.0,2025-01-24
413685.0,4568565.0,2025-01-24
413695.0,4568565.0,2025-01-24
413705.0,4568565.0,2025-01-24
413715.0,4568565.0,2025-01-24
413725.0,4568565.0,2025-01-24
413735.0,4568565.0,2025-01-24
413745.0,4568565.0,2025-01-24
413755.0,4568565.0,2025-01-24
413765.0,4568565.0,2025-01-24
413775.0,4568565.0,2025-01-24
413785.0,4568565.0,2025-01-24
413795.0,4568565.0,2025-01-24
413805.0,4568565.0,2025-01-24
413815.0,4568565.0,2025-01-24
413825.0,4568565.0,2025-01-24
413835.0,4568565.0,2025-01-24
413845.0,4568565.0,2025-01-24
413855.0,4568565.0,2025-01-24
413865.0,4568565.0,2025-01-24
413875.0,4568565.0,2025-01-24
413885.0,4568565.0,2025-01-24
413895.0,4568565.0,2025-01-24
413905.0,4568565.0,2025-01-24
413915.0,4568565.0,2025-01-24
413925.0,4568565.0,2025-01-24
413935.0,4568565.0,2025-01-24
413945.0,4568565.0,2025-01-24
413955.0,4568565.0,2025-01-24
413965.0,4568565.0,2025-01-24
413975.0,4568565.0,2025-01-24
413985.0,4568565.0,2025-01-24
413995.0,4568565.0,2025-01-24
414005.0,4568565.0,2025-01-24
414015.0,4568565.0,2025-01-24
414025.0,4568565.0,2025-01-24
414035.0,4568565.0,2025-01-24
414045.0,4568565.0,2025-01-24
414055.0,4568565.0,2025-01-24
414065.0,4568565.0,2025-01-24
414075.0,4568565.0,2025-01-24
414085.0,4568565.0,2025-01-24
414095.0,4568565.0,2025-01-24
414105.0,4568565.0,2025-01-24
414115.0,4568565.0,2025-01-24
414125.0,4568565.0,2025-01-24
414135.0,4568565.0,2025-01-24
414145.0,4568565.0,2025-01-24
414155.0,4568565.0,2025-01-24
414165.0,4568565.0,2025-01-24
414175.0,4568565.0,2025-01-24
414185.0,4568565.0,2025-01-24
414195.0,4568565.0,2025-01-24
414205.0,4568565.0,2025-01-24
414215.0,4568565.0,2025-01-24
414225.0,4568565.0,2025-01-24
414235.0,4568565.0,2025-01-24
414245.0,4568565.0,2025-01-24
414255.0,4568565.0,2025-01-24
414265.0,4568565.0,2025-01-24
414275.0,4568565.0,2025-01-24
414285.0,4568565.0,2025-01-24
414295.0,4568565.0,2025-01-24
414305.0,4568565.0,2025-01-24
414315.0,4568565.0,2025-01-24
414325.0,4568565.0,2025-01-24
414335.0,4568565.0,2025-01-24
414345.0,4568565.0,2025-01-24
414355.0,4568565.0,2025-01-24
414365.0,4568565.0,2025-01-24
414375.0,4568565.0,2025-01-24
414385.0,4568565.0,2025-01-24
414395.0,4568565.0,2025-01-24
414405.0,4568565.0,2025-01-24
414415.0,4568565.0,2025-01-24
414425.0,4568565.0,2025-01-24
414435.0,4568565.0,2025-01-24
414445.0,4568565.0,2025-01-24
414455.0,4568565.0,2025-01-24
414465.0,4568565.0,2025-01-24
414475.0,4568565.0,2025-01-24
414485.0,4568565.0,2025-01-24
414495.0,4568565.0,2025-01-24
414505.0,4568565.0,2025-01-24
414515.0,4568565.0,2025-01-24
414525.0,4568565.0,2025-01-24
414535.0,4568565.0,2025-01-24
414545.0,4568565.0,2025-01-24
414555.0,4568565.0,2025-01-24
414565.0,4568565.0,2025-01-24
414575.0,4568565.0,2025-01-24
414585.0,4568565.0,2025-01-24
414595.0,4568565.0,2025-01-24
414605.0,4568565.0,2025-01-24
414615.0,4568565.0,2025-01-24
414625.0,4568565.0,2025-01-24
414635.0,4568565.0,2025-01-24
414645.0,4568565.0,2025-01-24
414655.0,4568565.0,2025-01-24
414665.0,4568565.0,2025-01-24
414675.0,4568565.0,2025-01-24
414685.0,4568565.0,2025-01-24
414695.0,4568565.0,2025-01-24
414705.0,4568565.0,2025-01-24
414715.0,4568565.0,2025-01-24
414725.0,4568565.0,2025-01-24
414735.0,4568565.0,2025-01-24
414745.0,4568565.0,2025-01-24
414755.0,4568565.0,2025-01-24
414765.0,4568565.0,2025-01-24
414775.0,4568565.0,2025-01-24
414785.0,4568565.0,2025-01-24
414795.0,4568565.0,2025-01-24
414805.0,4568565.0,2025-01-24
414815.0,4568565.0,2025-01-24
414825.0,4568565.0,2025-01-24
414835.0,4568565.0,2025-01-24
414845.0,4568565.0,2025-01-24
414855.0,4568565.0,2025-01-24
414865.0,4568565.0,2025-01-24
414875.0,4568565.0,2025-01-24
414885.0,4568565.0,2025-01-24
414895.0,4568565.0,2025-01-24
414905.0,4568565.0,2025-01-24
414915.0,4568565.0,2025-01-24
414925.0,4568565.0,2025-01-24
414935.0,4568565.0,2025-01-24
414945.0,4568565.0,2025-01-24
414955.0,4568565.0,2025-01-24
414965.0,4568565.0,2025-01-24
414975.0,4568565.0,2025-01-24
414985.0,4568565.0,2025-01-24
414995.0,4568565.0,2025-01-24
415005.0,4568565.0,2025-01-24
415015.0,4568565.0,2025-01-24
415025.0,4568565.0,2025-01-24
415035.0,4568565.0,2025-01-24
415045.0,4568565.0,2025-01-24
415055.0,4568565.0,2025-01-24
415065.0,4568565.0,2025-01-24
415075.0,4568565.0,2025-01-24
415085.0,4568565.0,2025-01-24
415095.0,4568565.0,2025-01-24
415105.0,4568565.0,2025-01-24
415115.0,4568565.0,2025-01-24
415125.0,4568565.0,2025-01-24
415135.0,4568565.0,2025-01-24
415145.0,4568565.0,2025-01-24
415155.0,4568565.0,2025-01-24
415165.0,4568565.0,2025-01-24
415175.0,4568565.0,2025-01-24
415185.0,4568565.0,2025-01-24
415195.0,4568565.0,2025-01-24
415205.0,4568565.0,2025-01-24
415215.0,4568565.0,2025-01-24
415225.0,4568565.0,2025-01-24
415235.0,4568565.0,2025-01-24
415245.0,4568565.0,2025-01-24
415255.0,4568565.0,2025-01-24
415265.0,4568565.0,2025-01-24
415275.0,4568565.0,2025-01-24
415285.0,4568565.0,2025-01-24
415295.0,4568565.0,2025-01-24
415305.0,4568565.0,2025-01-24
415315.0,4568565.0,2025-01-24
415325.0,4568565.0,2025-01-24
415335.0,4568565.0,2025-01-24
415345.0,4568565.0,2025-01-24
415355.0,4568565.0,2025-01-24
415365.0,4568565.0,2025-01-24
415375.0,4568565.0,2025-01-24
415385.0,4568565.0,2025-01-24
415395.0,4568565.0,2025-01-24
415405.0,4568565.0,2025-01-24
415415.0,4568565.0,2025-01-24
415425.0,4568565.0,2025-01-24
415435.0,4568565.0,2025-01-24
415445.0,4568565.0,2025-01-24
415455.0,4568565.0,2025-01-24
415465.0,4568565.0,2025-01-24
415475.0,4568565.0,2025-01-24
415485.0,4568565.0,2025-01-24
415495.0,4568565.0,2025-01-24
415505.0,4568565.0,2025-01-24
415515.0,4568565.0,2025-01-24
415525.0,4568565.0,2025-01-24
415535.0,4568565.0,2025-01-24
415545.0,4568565.0,2025-01-24
415555.0,4568565.0,2025-01-24
415565.0,4568565.0,2025-01-24
415575.0,4568565.0,2025-01-24
415585.0,4568565.0,2025-01-24
415595.0,4568565.0,2025-01-24
415605.0,4568565.0,2025-01-24
415615.0,4568565.0,2025-01-24
415625.0,4568565.0,2025-01-24
415635.0,4568565.0,2025-01-24
415645.0,4568565.0,2025-01-24
415655.0,4568565.0,2025-01-24
415665.0,4568565.0,2025-01-24
415675.0,4568565.0,2025-01-24
415685.0,4568565.0,2025-01-24
415695.0,4568565.0,2025-01-24
415705.0,4568565.0,2025-01-24
415715.0,4568565.0,2025-01-24
415725.0,4568565.0,2025-01-24
415735.0,4568565.0,2025-01-24
415745.0,4568565.0,2025-01-24
415755.0,4568565.0,2025-01-24
415765.0,4568565.0,2025-01-24
415775.0,4568565.0,2025-01-24
415785.0,4568565.0,2025-01-24
415795.0,4568565.0,2025-01-24
415805.0,4568565.0,2025-01-24
415815.0,4568565.0,2025-01-24
415825.0,4568565.0,2025-01-24
415835.0,4568565.0,2025-01-24
415845.0,4568565.0,2025-01-24
415855.0,4568565.0,2025-01-24
415865.0,4568565.0,2025-01-24
415875.0,4568565.0,2025-01-24
415885.0,4568565.0,2025-01-24
415895.0,4568565.0,2025-01-24
415905.0,4568565.0,2025-01-24
415915.0,4568565.0,2025-01-24
415925.0,4568565.0,2025-01-24
415935.0,4568565.0,2025-01-24
415945.0,4568565.0,2025-01-24
415955.0,4568565.0,2025-01-24
415965.0,4568565.0,2025-01-24
415975.0,4568565.0,2025-01-24
415985.0,4568565.0,2025-01-24
415995.0,4568565.0,2025-01-24
416005.0,4568565.0,2025-01-24
416015.0,4568565.0,2025-01-24
416025.0,4568565.0,2025-01-24
416035.0,4568565.0,2025-01-24
416045.0,4568565.0,2025-01-24
416055.0,4568565.0,2025-01-24
416065.0,4568565.0,2025-01-24
416075.0,4568565.0,2025-01-24
416085.0,4568565.0,2025-01-24
416095.0,4568565.0,2025-01-24
416105.0,4568565.0,2025-01-24
416115.0,4568565.0,2025-01-24
416125.0,4568565.0,2025-01-24
416135.0,4568565.0,2025-01-24
416145.0,4568565.0,2025-01-24
416155.0,4568565.0,2025-01-24
416165.0,4568565.0,2025-01-24
416175.0,4568565.0,2025-01-24
416185.0,4568565.0,2025-01-24
416195.0,4568565.0,2025-01-24
416205.0,4568565.0,2025-01-24
416215.0,4568565.0,2025-01-24
416225.0,4568565.0,2025-01-24
416235.0,4568565.0,2025-01-24
416245.0,4568565.0,2025-01-24
416255.0,4568565.0,2025-01-24
416265.0,4568565.0,2025-01-24
416275.0,4568565.0,2025-01-24
416285.0,4568565.0,2025-01-24
416295.0,4568565.0,2025-01-24
416305.0,4568565.0,2025-01-24
416315.0,4568565.0,2025-01-24
416325.0,4568565.0,2025-01-24
416335.0,4568565.0,2025-01-24
416345.0,4568565.0,2025-01-24
416355.0,4568565.0,2025-01-24
416365.0,4568565.0,2025-01-24
416375.0,4568565.0,2025-01-24
416385.0,4568565.0,2025-01-24
416395.0,4568565.0,2025-01-24
416405.0,4568565.0,2025-01-24
416415.0,4568565.0,2025-01-24
416425.0,4568565.0,2025-01-24
416435.0,4568565.0,2025-01-24
416445.0,4568565.0,2025-01-24
416455.0,4568565.0,2025-01-24
411745.0,4568555.0,2025-01-24
411755.0,4568555.0,2025-01-24
411765.0,4568555.0,2025-01-24
411775.0,4568555.0,2025-01-24
411785.0,4568555.0,2025-01-24
411795.0,4568555.0,2025-01-24
411805.0,4568555.0,2025-01-24
411815.0,4568555.0,2025-01-24
411825.0,4568555.0,2025-01-24
411835.0,4568555.0,2025-01-24
411845.0,4568555.0,2025-01-24
411855.0,4568555.0,2025-01-24
411865.0,4568555.0,2025-01-24
411875.0,4568555.0,2025-01-24
411885.0,4568555.0,2025-01-24
411895.0,4568555.0,2025-01-24
411905.0,4568555.0,2025-01-24
411915.0,4568555.0,2025-01-24
411925.0,4568555.0,2025-01-24
411935.0,4568555.0,2025-01-24
411945.0,4568555.0,2025-01-24
411955.0,4568555.0,2025-01-24
411965.0,4568555.0,2025-01-24
411975.0,4568555.0,2025-01-24
411985.0,4568555.0,2025-01-24
411995.0,4568555.0,2025-01-24
412005.0,4568555.0,2025-01-24
412015.0,4568555.0,2025-01-24
412025.0,4568555.0,2025-01-24
412035.0,4568555.0,2025-01-24
412045.0,4568555.0,2025-01-24
412055.0,4568555.0,2025-01-24
412065.0,4568555.0,2025-01-24
412075.0,4568555.0,2025-01-24
412085.0,4568555.0,2025-01-24
412095.0,4568555.0,2025-01-24
412105.0,4568555.0,2025-01-24
412115.0,4568555.0,2025-01-24
412125.0,4568555.0,2025-01-24
412135.0,4568555.0,2025-01-24
412145.0,4568555.0,2025-01-24
412155.0,4568555.0,2025-01-24
412165.0,4568555.0,2025-01-24
412175.0,4568555.0,2025-01-24
412185.0,4568555.0,2025-01-24
412195.0,4568555.0,2025-01-24
412205.0,4568555.0,2025-01-24
412215.0,4568555.0,2025-01-24
412225.0,4568555.0,2025-01-24
412235.0,4568555.0,2025-01-24
412245.0,4568555.0,2025-01-24
412255.0,4568555.0,2025-01-24
412265.0,4568555.0,2025-01-24
412275.0,4568555.0,2025-01-24
412285.0,4568555.0,2025-01-24
412295.0,4568555.0,2025-01-24
412305.0,4568555.0,2025-01-24
412315.0,4568555.0,2025-01-24
412325.0,4568555.0,2025-01-24
412335.0,4568555.0,2025-01-24
412345.0,4568555.0,2025-01-24
412355.0,4568555.0,2025-01-24
412365.0,4568555.0,2025-01-24
412375.0,4568555.0,2025-01-24
412385.0,4568555.0,2025-01-24
412395.0,4568555.0,2025-01-24
412405.0,4568555.0,2025-01-24
412415.0,4568555.0,2025-01-24
412425.0,4568555.0,2025-01-24
412435.0,4568555.0,2025-01-24
412445.0,4568555.0,2025-01-24
412455.0,4568555.0,2025-01-24
412465.0,4568555.0,2025-01-24
412475.0,4568555.0,2025-01-24
412485.0,4568555.0,2025-01-24
412495.0,4568555.0,2025-01-24
412505.0,4568555.0,2025-01-24
412515.0,4568555.0,2025-01-24
412525.0,4568555.0,2025-01-24
412535.0,4568555.0,2025-01-24
412545.0,4568555.0,2025-01-24
412555.0,4568555.0,2025-01-24
412565.0,4568555.0,2025-01-24
412575.0,4568555.0,2025-01-24
412585.0,4568555.0,2025-01-24
412595.0,4568555.0,2025-01-24
412605.0,4568555.0,2025-01-24
412615.0,4568555.0,2025-01-24
412625.0,4568555.0,2025-01-24
412635.0,4568555.0,2025-01-24
412645.0,4568555.0,2025-01-24
412655.0,4568555.0,2025-01-24
412665.0,4568555.0,2025-01-24
412675.0,4568555.0,2025-01-24
412685.0,4568555.0,2025-01-24
412695.0,4568555.0,2025-01-24
412705.0,4568555.0,2025-01-24
412715.0,4568555.0,2025-01-24
412725.0,4568555.0,2025-01-24
412735.0,4568555.0,2025-01-24
412745.0,4568555.0,2025-01-24
412755.0,4568555.0,2025-01-24
412765.0,4568555.0,2025-01-24
412775.0,4568555.0,2025-01-24
412785.0,4568555.0,2025-01-24
412795.0,4568555.0,2025-01-24
412805.0,4568555.0,2025-01-24
412815.0,4568555.0,2025-01-24
412825.0,4568555.0,2025-01-24
412835.0,4568555.0,2025-01-24
412845.0,4568555.0,2025-01-24
412855.0,4568555.0,2025-01-24
412865.0,4568555.0,2025-01-24
412875.0,4568555.0,2025-01-24
412885.0,4568555.0,2025-01-24
412895.0,4568555.0,2025-01-24
412905.0,4568555.0,2025-01-24
412915.0,4568555.0,2025-01-24
412925.0,4568555.0,2025-01-24
412935.0,4568555.0,2025-01-24
412945.0,4568555.0,2025-01-24
412955.0,4568555.0,2025-01-24
412965.0,4568555.0,2025-01-24
412975.0,4568555.0,2025-01-24
412985.0,4568555.0,2025-01-24
412995.0,4568555.0,2025-01-24
413005.0,4568555.0,2025-01-24
413015.0,4568555.0,2025-01-24
413025.0,4568555.0,2025-01-24
413035.0,4568555.0,2025-01-24
413045.0,4568555.0,2025-01-24
413055.0,4568555.0,2025-01-24
413065.0,4568555.0,2025-01-24
413075.0,4568555.0,2025-01-24
413085.0,4568555.0,2025-01-24
413095.0,4568555.0,2025-01-24
413105.0,4568555.0,2025-01-24
413115.0,4568555.0,2025-01-24
413125.0,4568555.0,2025-01-24
413135.0,4568555.0,2025-01-24
413145.0,4568555.0,2025-01-24
413155.0,4568555.0,2025-01-24
413165.0,4568555.0,2025-01-24
413175.0,4568555.0,2025-01-24
413185.0,4568555.0,2025-01-24
413195.0,4568555.0,2025-01-24
413205.0,4568555.0,2025-01-24
413215.0,4568555.0,2025-01-24
413225.0,4568555.0,2025-01-24
413235.0,4568555.0,2025-01-24
413245.0,4568555.0,2025-01-24
413255.0,4568555.0,2025-01-24
413265.0,4568555.0,2025-01-24
413275.0,4568555.0,2025-01-24
413285.0,4568555.0,2025-01-24
413295.0,4568555.0,2025-01-24
413305.0,4568555.0,2025-01-24
413315.0,4568555.0,2025-01-24
413325.0,4568555.0,2025-01-24
413335.0,4568555.0,2025-01-24
413345.0,4568555.0,2025-01-24
413355.0,4568555.0,2025-01-24
413365.0,4568555.0,2025-01-24
413375.0,4568555.0,2025-01-24
413385.0,4568555.0,2025-01-24
413395.0,4568555.0,2025-01-24
413405.0,4568555.0,2025-01-24
413415.0,4568555.0,2025-01-24
413425.0,4568555.0,2025-01-24
413435.0,4568555.0,2025-01-24
413445.0,4568555.0,2025-01-24
413455.0,4568555.0,2025-01-24
413465.0,4568555.0,2025-01-24
413475.0,4568555.0,2025-01-24
413485.0,4568555.0,2025-01-24
413495.0,4568555.0,2025-01-24
413505.0,4568555.0,2025-01-24
413515.0,4568555.0,2025-01-24
413525.0,4568555.0,2025-01-24
413535.0,4568555.0,2025-01-24
413545.0,4568555.0,2025-01-24
413555.0,4568555.0,2025-01-24
413565.0,4568555.0,2025-01-24
413575.0,4568555.0,2025-01-24
413585.0,4568555.0,2025-01-24
413595.0,4568555.0,2025-01-24
413605.0,4568555.0,2025-01-24
413615.0,4568555.0,2025-01-24
413625.0,4568555.0,2025-01-24
413635.0,4568555.0,2025-01-24
413645.0,4568555.0,2025-01-24
413655.0,4568555.0,2025-01-24
413665.0,4568555.0,2025-01-24
413675.0,4568555.0,2025-01-24
413685.0,4568555.0,2025-01-24
413695.0,4568555.0,2025-01-24
413705.0,4568555.0,2025-01-24
413715.0,4568555.0,2025-01-24
413725.0,4568555.0,2025-01-24
413735.0,4568555.0,2025-01-24
413745.0,4568555.0,2025-01-24
413755.0,4568555.0,2025-01-24
413765.0,4568555.0,2025-01-24
413775.0,4568555.0,2025-01-24
413785.0,4568555.0,2025-01-24
413795.0,4568555.0,2025-01-24
413805.0,4568555.0,2025-01-24
413815.0,4568555.0,2025-01-24
413825.0,4568555.0,2025-01-24
413835.0,4568555.0,2025-01-24
413845.0,4568555.0,2025-01-24
413855.0,4568555.0,2025-01-24
413865.0,4568555.0,2025-01-24
413875.0,4568555.0,2025-01-24
413885.0,4568555.0,2025-01-24
413895.0,4568555.0,2025-01-24
413905.0,4568555.0,2025-01-24
413915.0,4568555.0,2025-01-24
413925.0,4568555.0,2025-01-24
413935.0,4568555.0,2025-01-24
413945.0,4568555.0,2025-01-24
413955.0,4568555.0,2025-01-24
413965.0,4568555.0,2025-01-24
413975.0,4568555.0,2025-01-24
413985.0,4568555.0,2025-01-24
413995.0,4568555.0,2025-01-24
414005.0,4568555.0,2025-01-24
414015.0,4568555.0,2025-01-24
414025.0,4568555.0,2025-01-24
414035.0,4568555.0,2025-01-24
414045.0,4568555.0,2025-01-24
414055.0,4568555.0,2025-01-24
414065.0,4568555.0,2025-01-24
414075.0,4568555.0,2025-01-24
414085.0,4568555.0,2025-01-24
414095.0,4568555.0,2025-01-24
414105.0,4568555.0,2025-01-24
414115.0,4568555.0,2025-01-24
414125.0,4568555.0,2025-01-24
414135.0,4568555.0,2025-01-24
414145.0,4568555.0,2025-01-24
414155.0,4568555.0,2025-01-24
414165.0,4568555.0,2025-01-24
414175.0,4568555.0,2025-01-24
414185.0,4568555.0,2025-01-24
414195.0,4568555.0,2025-01-24
414205.0,4568555.0,2025-01-24
414215.0,4568555.0,2025-01-24
414225.0,4568555.0,2025-01-24
414235.0,4568555.0,2025-01-24
414245.0,4568555.0,2025-01-24
414255.0,4568555.0,2025-01-24
414265.0,4568555.0,2025-01-24
414275.0,4568555.0,2025-01-24
414285.0,4568555.0,2025-01-24
414295.0,4568555.0,2025-01-24
414305.0,4568555.0,2025-01-24
414315.0,4568555.0,2025-01-24
414325.0,4568555.0,2025-01-24
414335.0,4568555.0,2025-01-24
414345.0,4568555.0,2025-01-24
414355.0,4568555.0,2025-01-24
414365.0,4568555.0,2025-01-24
414375.0,4568555.0,2025-01-24
414385.0,4568555.0,2025-01-24
414395.0,4568555.0,2025-01-24
414405.0,4568555.0,2025-01-24
414415.0,4568555.0,2025-01-24
414425.0,4568555.0,2025-01-24
414435.0,4568555.0,2025-01-24
414445.0,4568555.0,2025-01-24
414455.0,4568555.0,2025-01-24
414465.0,4568555.0,2025-01-24
414475.0,4568555.0,2025-01-24
414485.0,4568555.0,2025-01-24
414495.0,4568555.0,2025-01-24
414505.0,4568555.0,2025-01-24
414515.0,4568555.0,2025-01-24
414525.0,4568555.0,2025-01-24
414535.0,4568555.0,2025-01-24
414545.0,4568555.0,2025-01-24
414555.0,4568555.0,2025-01-24
414565.0,4568555.0,2025-01-24
414575.0,4568555.0,2025-01-24
414585.0,4568555.0,2025-01-24
414595.0,4568555.0,2025-01-24
414605.0,4568555.0,2025-01-24
414615.0,4568555.0,2025-01-24
414625.0,4568555.0,2025-01-24
414635.0,4568555.0,2025-01-24
414645.0,4568555.0,2025-01-24
414655.0,4568555.0,2025-01-24
414665.0,4568555.0,2025-01-24
414675.0,4568555.0,2025-01-24
414685.0,4568555.0,2025-01-24
414695.0,4568555.0,2025-01-24
414705.0,4568555.0,2025-01-24
414715.0,4568555.0,2025-01-24
414725.0,4568555.0,2025-01-24
414735.0,4568555.0,2025-01-24
414745.0,4568555.0,2025-01-24
414755.0,4568555.0,2025-01-24
414765.0,4568555.0,2025-01-24
414775.0,4568555.0,2025-01-24
414785.0,4568555.0,2025-01-24
414795.0,4568555.0,2025-01-24
414805.0,4568555.0,2025-01-24
414815.0,4568555.0,2025-01-24
414825.0,4568555.0,2025-01-24
414835.0,4568555.0,2025-01-24
414845.0,4568555.0,2025-01-24
414855.0,4568555.0,2025-01-24
414865.0,4568555.0,2025-01-24
414875.0,4568555.0,2025-01-24
414885.0,4568555.0,2025-01-24
414895.0,4568555.0,2025-01-24
414905.0,4568555.0,2025-01-24
414915.0,4568555.0,2025-01-24
414925.0,4568555.0,2025-01-24
414935.0,4568555.0,2025-01-24
414945.0,4568555.0,2025-01-24
414955.0,4568555.0,2025-01-24
414965.0,4568555.0,2025-01-24
414975.0,4568555.0,2025-01-24
414985.0,4568555.0,2025-01-24
414995.0,4568555.0,2025-01-24
415005.0,4568555.0,2025-01-24
415015.0,4568555.0,2025-01-24
415025.0,4568555.0,2025-01-24
415035.0,4568555.0,2025-01-24
415045.0,4568555.0,2025-01-24
415055.0,4568555.0,2025-01-24
415065.0,4568555.0,2025-01-24
415075.0,4568555.0,2025-01-24
415085.0,4568555.0,2025-01-24
415095.0,4568555.0,2025-01-24
415105.0,4568555.0,2025-01-24
415115.0,4568555.0,2025-01-24
415125.0,4568555.0,2025-01-24
415135.0,4568555.0,2025-01-24
415145.0,4568555.0,2025-01-24
415155.0,4568555.0,2025-01-24
415165.0,4568555.0,2025-01-24
415175.0,4568555.0,2025-01-24
415185.0,4568555.0,2025-01-24
415195.0,4568555.0,2025-01-24
415205.0,4568555.0,2025-01-24
415215.0,4568555.0,2025-01-24
415225.0,4568555.0,2025-01-24
415235.0,4568555.0,2025-01-24
415245.0,4568555.0,2025-01-24
415255.0,4568555.0,2025-01-24
415265.0,4568555.0,2025-01-24
415275.0,4568555.0,2025-01-24
415285.0,4568555.0,2025-01-24
415295.0,4568555.0,2025-01-24
415305.0,4568555.0,2025-01-24
415315.0,4568555.0,2025-01-24
415325.0,4568555.0,2025-01-24
415335.0,4568555.0,2025-01-24
415345.0,4568555.0,2025-01-24
415355.0,4568555.0,2025-01-24
415365.0,4568555.0,2025-01-24
415375.0,4568555.0,2025-01-24
415385.0,4568555.0,2025-01-24
415395.0,4568555.0,2025-01-24
415405.0,4568555.0,2025-01-24
415415.0,4568555.0,2025-01-24
415425.0,4568555.0,2025-01-24
415435.0,4568555.0,2025-01-24
415445.0,4568555.0,2025-01-24
415455.0,4568555.0,2025-01-24
415465.0,4568555.0,2025-01-24
415475.0,4568555.0,2025-01-24
415485.0,4568555.0,2025-01-24
415495.0,4568555.0,2025-01-24
415505.0,4568555.0,2025-01-24
415515.0,4568555.0,2025-01-24
415525.0,4568555.0,2025-01-24
415535.0,4568555.0,2025-01-24
415545.0,4568555.0,2025-01-24
415555.0,4568555.0,2025-01-24
415565.0,4568555.0,2025-01-24
415575.0,4568555.0,2025-01-24
415585.0,4568555.0,2025-01-24
415595.0,4568555.0,2025-01-24
415605.0,4568555.0,2025-01-24
415615.0,4568555.0,2025-01-24
415625.0,4568555.0,2025-01-24
415635.0,4568555.0,2025-01-24
415645.0,4568555.0,2025-01-24
415655.0,4568555.0,2025-01-24
415665.0,4568555.0,2025-01-24
415675.0,4568555.0,2025-01-24
415685.0,4568555.0,2025-01-24
415695.0,4568555.0,2025-01-24
415705.0,4568555.0,2025-01-24
415715.0,4568555.0,2025-01-24
415725.0,4568555.0,2025-01-24
415735.0,4568555.0,2025-01-24
415745.0,4568555.0,2025-01-24
415755.0,4568555.0,2025-01-24
415765.0,4568555.0,2025-01-24
415775.0,4568555.0,2025-01-24
415785.0,4568555.0,2025-01-24
415795.0,4568555.0,2025-01-24
415805.0,4568555.0,2025-01-24
415815.0,4568555.0,2025-01-24
415825.0,4568555.0,2025-01-24
415835.0,4568555.0,2025-01-24
415845.0,4568555.0,2025-01-24
415855.0,4568555.0,2025-01-24
415865.0,4568555.0,2025-01-24
415875.0,4568555.0,2025-01-24
415885.0,4568555.0,2025-01-24
415895.0,4568555.0,2025-01-24
415905.0,4568555.0,2025-01-24
415915.0,4568555.0,2025-01-24
415925.0,4568555.0,2025-01-24
415935.0,4568555.0,2025-01-24
415945.0,4568555.0,2025-01-24
415955.0,4568555.0,2025-01-24
415965.0,4568555.0,2025-01-24
415975.0,4568555.0,2025-01-24
415985.0,4568555.0,2025-01-24
415995.0,4568555.0,2025-01-24
416005.0,4568555.0,2025-01-24
416015.0,4568555.0,2025-01-24
416025.0,4568555.0,2025-01-24
416035.0,4568555.0,2025-01-24
416045.0,4568555.0,2025-01-24
416055.0,4568555.0,2025-01-24
416065.0,4568555.0,2025-01-24
416075.0,4568555.0,2025-01-24
416085.0,4568555.0,2025-01-24
416095.0,4568555.0,2025-01-24
416105.0,4568555.0,2025-01-24
416115.0,4568555.0,2025-01-24
416125.0,4568555.0,2025-01-24
416135.0,4568555.0,2025-01-24
416145.0,4568555.0,2025-01-24
416155.0,4568555.0,2025-01-24
416165.0,4568555.0,2025-01-24
416175.0,4568555.0,2025-01-24
416185.0,4568555.0,2025-01-24
416195.0,4568555.0,2025-01-24
416205.0,4568555.0,2025-01-24
416215.0,4568555.0,2025-01-24
416225.0,4568555.0,2025-01-24
416235.0,4568555.0,2025-01-24
416245.0,4568555.0,2025-01-24
416255.0,4568555.0,2025-01-24
416265.0,4568555.0,2025-01-24
416275.0,4568555.0,2025-01-24
416285.0,4568555.0,2025-01-24
416295.0,4568555.0,2025-01-24
416305.0,4568555.0,2025-01-24
416315.0,4568555.0,2025-01-24
416325.0,4568555.0,2025-01-24
416335.0,4568555.0,2025-01-24
416345.0,4568555.0,2025-01-24
416355.0,4568555.0,2025-01-24
416365.0,4568555.0,2025-01-24
416375.0,4568555.0,2025-01-24
416385.0,4568555.0,2025-01-24
416395.0,4568555.0,2025-01-24
416405.0,4568555.0,2025-01-24
416415.0,4568555.0,2025-01-24
416425.0,4568555.0,2025-01-24
416435.0,4568555.0,2025-01-24
416445.0,4568555.0,2025-01-24
416455.0,4568555.0,2025-01-24
411745.0,4568545.0,2025-01-24
411755.0,4568545.0,2025-01-24
411765.0,4568545.0,2025-01-24
411775.0,4568545.0,2025-01-24
411785.0,4568545.0,2025-01-24
411795.0,4568545.0,2025-01-24
411805.0,4568545.0,2025-01-24
411815.0,4568545.0,2025-01-24
411825.0,4568545.0,2025-01-24
411835.0,4568545.0,2025-01-24
411845.0,4568545.0,2025-01-24
411855.0,4568545.0,2025-01-24
411865.0,4568545.0,2025-01-24
411875.0,4568545.0,2025-01-24
411885.0,4568545.0,2025-01-24
411895.0,4568545.0,2025-01-24
411905.0,4568545.0,2025-01-24
411915.0,4568545.0,2025-01-24
411925.0,4568545.0,2025-01-24
411935.0,4568545.0,2025-01-24
411945.0,4568545.0,2025-01-24
411955.0,4568545.0,2025-01-24
411965.0,4568545.0,2025-01-24
411975.0,4568545.0,2025-01-24
411985.0,4568545.0,2025-01-24
411995.0,4568545.0,2025-01-24
412005.0,4568545.0,2025-01-24
412015.0,4568545.0,2025-01-24
412025.0,4568545.0,2025-01-24
412035.0,4568545.0,2025-01-24
412045.0,4568545.0,2025-01-24
412055.0,4568545.0,2025-01-24
412065.0,4568545.0,2025-01-24
412075.0,4568545.0,2025-01-24
412085.0,4568545.0,2025-01-24
412095.0,4568545.0,2025-01-24
412105.0,4568545.0,2025-01-24
412115.0,4568545.0,2025-01-24
412125.0,4568545.0,2025-01-24
412135.0,4568545.0,2025-01-24
412145.0,4568545.0,2025-01-24
412155.0,4568545.0,2025-01-24
412165.0,4568545.0,2025-01-24
412175.0,4568545.0,2025-01-24
412185.0,4568545.0,2025-01-24
412195.0,4568545.0,2025-01-24
412205.0,4568545.0,2025-01-24
412215.0,4568545.0,2025-01-24
412225.0,4568545.0,2025-01-24
412235.0,4568545.0,2025-01-24
412245.0,4568545.0,2025-01-24
412255.0,4568545.0,2025-01-24
412265.0,4568545.0,2025-01-24
412275.0,4568545.0,2025-01-24
412285.0,4568545.0,2025-01-24
412295.0,4568545.0,2025-01-24
412305.0,4568545.0,2025-01-24
412315.0,4568545.0,2025-01-24
412325.0,4568545.0,2025-01-24
412335.0,4568545.0,2025-01-24
412345.0,4568545.0,2025-01-24
412355.0,4568545.0,2025-01-24
412365.0,4568545.0,2025-01-24
412375.0,4568545.0,2025-01-24
412385.0,4568545.0,2025-01-24
412395.0,4568545.0,2025-01-24
412405.0,4568545.0,2025-01-24
412415.0,4568545.0,2025-01-24
412425.0,4568545.0,2025-01-24
412435.0,4568545.0,2025-01-24
412445.0,4568545.0,2025-01-24
412455.0,4568545.0,2025-01-24
412465.0,4568545.0,2025-01-24
412475.0,4568545.0,2025-01-24
412485.0,4568545.0,2025-01-24
412495.0,4568545.0,2025-01-24
412505.0,4568545.0,2025-01-24
412515.0,4568545.0,2025-01-24
412525.0,4568545.0,2025-01-24
412535.0,4568545.0,2025-01-24
412545.0,4568545.0,2025-01-24
412555.0,4568545.0,2025-01-24
412565.0,4568545.0,2025-01-24
412575.0,4568545.0,2025-01-24
412585.0,4568545.0,2025-01-24
412595.0,4568545.0,2025-01-24
412605.0,4568545.0,2025-01-24
412615.0,4568545.0,2025-01-24
412625.0,4568545.0,2025-01-24
412635.0,4568545.0,2025-01-24
412645.0,4568545.0,2025-01-24
412655.0,4568545.0,2025-01-24
412665.0,4568545.0,2025-01-24
412675.0,4568545.0,2025-01-24
412685.0,4568545.0,2025-01-24
412695.0,4568545.0,2025-01-24
412705.0,4568545.0,2025-01-24
412715.0,4568545.0,2025-01-24
412725.0,4568545.0,2025-01-24
412735.0,4568545.0,2025-01-24
412745.0,4568545.0,2025-01-24
412755.0,4568545.0,2025-01-24
412765.0,4568545.0,2025-01-24
412775.0,4568545.0,2025-01-24
412785.0,4568545.0,2025-01-24
412795.0,4568545.0,2025-01-24
412805.0,4568545.0,2025-01-24
412815.0,4568545.0,2025-01-24
412825.0,4568545.0,2025-01-24
412835.0,4568545.0,2025-01-24
412845.0,4568545.0,2025-01-24
412855.0,4568545.0,2025-01-24
412865.0,4568545.0,2025-01-24
412875.0,4568545.0,2025-01-24
412885.0,4568545.0,2025-01-24
412895.0,4568545.0,2025-01-24
412905.0,4568545.0,2025-01-24
412915.0,4568545.0,2025-01-24
412925.0,4568545.0,2025-01-24
412935.0,4568545.0,2025-01-24
412945.0,4568545.0,2025-01-24
412955.0,4568545.0,2025-01-24
412965.0,4568545.0,2025-01-24
412975.0,4568545.0,2025-01-24
412985.0,4568545.0,2025-01-24
412995.0,4568545.0,2025-01-24
413005.0,4568545.0,2025-01-24
413015.0,4568545.0,2025-01-24
413025.0,4568545.0,2025-01-24
413035.0,4568545.0,2025-01-24
413045.0,4568545.0,2025-01-24
413055.0,4568545.0,2025-01-24
413065.0,4568545.0,2025-01-24
413075.0,4568545.0,2025-01-24
413085.0,4568545.0,2025-01-24
413095.0,4568545.0,2025-01-24
413105.0,4568545.0,2025-01-24
413115.0,4568545.0,2025-01-24
413125.0,4568545.0,2025-01-24
413135.0,4568545.0,2025-01-24
413145.0,4568545.0,2025-01-24
413155.0,4568545.0,2025-01-24
413165.0,4568545.0,2025-01-24
413175.0,4568545.0,2025-01-24
413185.0,4568545.0,2025-01-24
413195.0,4568545.0,2025-01-24
413205.0,4568545.0,2025-01-24
413215.0,4568545.0,2025-01-24
413225.0,4568545.0,2025-01-24
413235.0,4568545.0,2025-01-24
413245.0,4568545.0,2025-01-24
413255.0,4568545.0,2025-01-24
413265.0,4568545.0,2025-01-24
413275.0,4568545.0,2025-01-24
413285.0,4568545.0,2025-01-24
413295.0,4568545.0,2025-01-24
413305.0,4568545.0,2025-01-24
413315.0,4568545.0,2025-01-24
413325.0,4568545.0,2025-01-24
413335.0,4568545.0,2025-01-24
413345.0,4568545.0,2025-01-24
413355.0,4568545.0,2025-01-24
413365.0,4568545.0,2025-01-24
413375.0,4568545.0,2025-01-24
413385.0,4568545.0,2025-01-24
413395.0,4568545.0,2025-01-24
413405.0,4568545.0,2025-01-24
413415.0,4568545.0,2025-01-24
413425.0,4568545.0,2025-01-24
413435.0,4568545.0,2025-01-24
413445.0,4568545.0,2025-01-24
413455.0,4568545.0,2025-01-24
413465.0,4568545.0,2025-01-24
413475.0,4568545.0,2025-01-24
413485.0,4568545.0,2025-01-24
413495.0,4568545.0,2025-01-24
413505.0,4568545.0,2025-01-24
413515.0,4568545.0,2025-01-24
413525.0,4568545.0,2025-01-24
413535.0,4568545.0,2025-01-24
413545.0,4568545.0,2025-01-24
413555.0,4568545.0,2025-01-24
413565.0,4568545.0,2025-01-24
413575.0,4568545.0,2025-01-24
413585.0,4568545.0,2025-01-24
413595.0,4568545.0,2025-01-24
413605.0,4568545.0,2025-01-24
413615.0,4568545.0,2025-01-24
413625.0,4568545.0,2025-01-24
413635.0,4568545.0,2025-01-24
413645.0,4568545.0,2025-01-24
413655.0,4568545.0,2025-01-24
413665.0,4568545.0,2025-01-24
413675.0,4568545.0,2025-01-24
413685.0,4568545.0,2025-01-24
413695.0,4568545.0,2025-01-24
413705.0,4568545.0,2025-01-24
413715.0,4568545.0,2025-01-24
413725.0,4568545.0,2025-01-24
413735.0,4568545.0,2025-01-24
413745.0,4568545.0,2025-01-24
413755.0,4568545.0,2025-01-24
413765.0,4568545.0,2025-01-24
413775.0,4568545.0,2025-01-24
413785.0,4568545.0,2025-01-24
413795.0,4568545.0,2025-01-24
413805.0,4568545.0,2025-01-24
413815.0,4568545.0,2025-01-24
413825.0,4568545.0,2025-01-24
413835.0,4568545.0,2025-01-24
413845.0,4568545.0,2025-01-24
413855.0,4568545.0,2025-01-24
413865.0,4568545.0,2025-01-24
413875.0,4568545.0,2025-01-24
413885.0,4568545.0,2025-01-24
413895.0,4568545.0,2025-01-24
413905.0,4568545.0,2025-01-24
413915.0,4568545.0,2025-01-24
413925.0,4568545.0,2025-01-24
413935.0,4568545.0,2025-01-24
413945.0,4568545.0,2025-01-24
413955.0,4568545.0,2025-01-24
413965.0,4568545.0,2025-01-24
413975.0,4568545.0,2025-01-24
413985.0,4568545.0,2025-01-24
413995.0,4568545.0,2025-01-24
414005.0,4568545.0,2025-01-24
414015.0,4568545.0,2025-01-24
414025.0,4568545.0,2025-01-24
414035.0,4568545.0,2025-01-24
414045.0,4568545.0,2025-01-24
414055.0,4568545.0,2025-01-24
414065.0,4568545.0,2025-01-24
414075.0,4568545.0,2025-01-24
414085.0,4568545.0,2025-01-24
414095.0,4568545.0,2025-01-24
414105.0,4568545.0,2025-01-24
414115.0,4568545.0,2025-01-24
414125.0,4568545.0,2025-01-24
414135.0,4568545.0,2025-01-24
414145.0,4568545.0,2025-01-24
414155.0,4568545.0,2025-01-24
414165.0,4568545.0,2025-01-24
414175.0,4568545.0,2025-01-24
414185.0,4568545.0,2025-01-24
414195.0,4568545.0,2025-01-24
414205.0,4568545.0,2025-01-24
414215.0,4568545.0,2025-01-24
414225.0,4568545.0,2025-01-24
414235.0,4568545.0,2025-01-24
414245.0,4568545.0,2025-01-24
414255.0,4568545.0,2025-01-24
414265.0,4568545.0,2025-01-24
414275.0,4568545.0,2025-01-24
414285.0,4568545.0,2025-01-24
414295.0,4568545.0,2025-01-24
414305.0,4568545.0,2025-01-24
414315.0,4568545.0,2025-01-24
414325.0,4568545.0,2025-01-24
414335.0,4568545.0,2025-01-24
414345.0,4568545.0,2025-01-24
414355.0,4568545.0,2025-01-24
414365.0,4568545.0,2025-01-24
414375.0,4568545.0,2025-01-24
414385.0,4568545.0,2025-01-24
414395.0,4568545.0,2025-01-24
414405.0,4568545.0,2025-01-24
414415.0,4568545.0,2025-01-24
414425.0,4568545.0,2025-01-24
414435.0,4568545.0,2025-01-24
414445.0,4568545.0,2025-01-24
414455.0,4568545.0,2025-01-24
414465.0,4568545.0,2025-01-24
414475.0,4568545.0,2025-01-24
414485.0,4568545.0,2025-01-24
414495.0,4568545.0,2025-01-24
414505.0,4568545.0,2025-01-24
414515.0,4568545.0,2025-01-24
414525.0,4568545.0,2025-01-24
414535.0,4568545.0,2025-01-24
414545.0,4568545.0,2025-01-24
414555.0,4568545.0,2025-01-24
414565.0,4568545.0,2025-01-24
414575.0,4568545.0,2025-01-24
414585.0,4568545.0,2025-01-24
414595.0,4568545.0,2025-01-24
414605.0,4568545.0,2025-01-24
414615.0,4568545.0,2025-01-24
414625.0,4568545.0,2025-01-24
414635.0,4568545.0,2025-01-24
414645.0,4568545.0,2025-01-24
414655.0,4568545.0,2025-01-24
414665.0,4568545.0,2025-01-24
414675.0,4568545.0,2025-01-24
414685.0,4568545.0,2025-01-24
414695.0,4568545.0,2025-01-24
414705.0,4568545.0,2025-01-24
414715.0,4568545.0,2025-01-24
414725.0,4568545.0,2025-01-24
414735.0,4568545.0,2025-01-24
414745.0,4568545.0,2025-01-24
414755.0,4568545.0,2025-01-24
414765.0,4568545.0,2025-01-24
414775.0,4568545.0,2025-01-24
414785.0,4568545.0,2025-01-24
414795.0,4568545.0,2025-01-24
414805.0,4568545.0,2025-01-24
414815.0,4568545.0,2025-01-24
414825.0,4568545.0,2025-01-24
414835.0,4568545.0,2025-01-24
414845.0,4568545.0,2025-01-24
414855.0,4568545.0,2025-01-24
414865.0,4568545.0,2025-01-24
414875.0,4568545.0,2025-01-24
414885.0,4568545.0,2025-01-24
414895.0,4568545.0,2025-01-24
414905.0,4568545.0,2025-01-24
414915.0,4568545.0,2025-01-24
414925.0,4568545.0,2025-01-24
414935.0,4568545.0,2025-01-24
414945.0,4568545.0,2025-01-24
414955.0,4568545.0,2025-01-24
414965.0,4568545.0,2025-01-24
414975.0,4568545.0,2025-01-24
414985.0,4568545.0,2025-01-24
414995.0,4568545.0,2025-01-24
415005.0,4568545.0,2025-01-24
415015.0,4568545.0,2025-01-24
415025.0,4568545.0,2025-01-24
415035.0,4568545.0,2025-01-24
415045.0,4568545.0,2025-01-24
415055.0,4568545.0,2025-01-24
415065.0,4568545.0,2025-01-24
415075.0,4568545.0,2025-01-24
415085.0,4568545.0,2025-01-24
415095.0,4568545.0,2025-01-24
415105.0,4568545.0,2025-01-24
415115.0,4568545.0,2025-01-24
415125.0,4568545.0,2025-01-24
415135.0,4568545.0,2025-01-24
415145.0,4568545.0,2025-01-24
415155.0,4568545.0,2025-01-24
415165.0,4568545.0,2025-01-24
415175.0,4568545.0,2025-01-24
415185.0,4568545.0,2025-01-24
415195.0,4568545.0,2025-01-24
415205.0,4568545.0,2025-01-24
415215.0,4568545.0,2025-01-24
415225.0,4568545.0,2025-01-24
415235.0,4568545.0,2025-01-24
415245.0,4568545.0,2025-01-24
415255.0,4568545.0,2025-01-24
415265.0,4568545.0,2025-01-24
415275.0,4568545.0,2025-01-24
415285.0,4568545.0,2025-01-24
415295.0,4568545.0,2025-01-24
415305.0,4568545.0,2025-01-24
415315.0,4568545.0,2025-01-24
415325.0,4568545.0,2025-01-24
415335.0,4568545.0,2025-01-24
415345.0,4568545.0,2025-01-24
415355.0,4568545.0,2025-01-24
415365.0,4568545.0,2025-01-24
415375.0,4568545.0,2025-01-24
415385.0,4568545.0,2025-01-24
415395.0,4568545.0,2025-01-24
415405.0,4568545.0,2025-01-24
415415.0,4568545.0,2025-01-24
415425.0,4568545.0,2025-01-24
415435.0,4568545.0,2025-01-24
415445.0,4568545.0,2025-01-24
415455.0,4568545.0,2025-01-24
415465.0,4568545.0,2025-01-24
415475.0,4568545.0,2025-01-24
415485.0,4568545.0,2025-01-24
415495.0,4568545.0,2025-01-24
415505.0,4568545.0,2025-01-24
415515.0,4568545.0,2025-01-24
415525.0,4568545.0,2025-01-24
415535.0,4568545.0,2025-01-24
415545.0,4568545.0,2025-01-24
415555.0,4568545.0,2025-01-24
415565.0,4568545.0,2025-01-24
415575.0,4568545.0,2025-01-24
415585.0,4568545.0,2025-01-24
415595.0,4568545.0,2025-01-24
415605.0,4568545.0,2025-01-24
415615.0,4568545.0,2025-01-24
415625.0,4568545.0,2025-01-24
415635.0,4568545.0,2025-01-24
415645.0,4568545.0,2025-01-24
415655.0,4568545.0,2025-01-24
415665.0,4568545.0,2025-01-24
415675.0,4568545.0,2025-01-24
415685.0,4568545.0,2025-01-24
415695.0,4568545.0,2025-01-24
415705.0,4568545.0,2025-01-24
415715.0,4568545.0,2025-01-24
415725.0,4568545.0,2025-01-24
415735.0,4568545.0,2025-01-24
415745.0,4568545.0,2025-01-24
415755.0,4568545.0,2025-01-24
415765.0,4568545.0,2025-01-24
415775.0,4568545.0,2025-01-24
415785.0,4568545.0,2025-01-24
415795.0,4568545.0,2025-01-24
415805.0,4568545.0,2025-01-24
415815.0,4568545.0,2025-01-24
415825.0,4568545.0,2025-01-24
415835.0,4568545.0,2025-01-24
415845.0,4568545.0,2025-01-24
415855.0,4568545.0,2025-01-24
415865.0,4568545.0,2025-01-24
415875.0,4568545.0,2025-01-24
415885.0,4568545.0,2025-01-24
415895.0,4568545.0,2025-01-24
415905.0,4568545.0,2025-01-24
415915.0,4568545.0,2025-01-24
415925.0,4568545.0,2025-01-24
415935.0,4568545.0,2025-01-24
415945.0,4568545.0,2025-01-24
415955.0,4568545.0,2025-01-24
415965.0,4568545.0,2025-01-24
415975.0,4568545.0,2025-01-24
415985.0,4568545.0,2025-01-24
415995.0,4568545.0,2025-01-24
416005.0,4568545.0,2025-01-24
416015.0,4568545.0,2025-01-24
416025.0,4568545.0,2025-01-24
416035.0,4568545.0,2025-01-24
416045.0,4568545.0,2025-01-24
416055.0,4568545.0,2025-01-24
416065.0,4568545.0,2025-01-24
416075.0,4568545.0,2025-01-24
416085.0,4568545.0,2025-01-24
416095.0,4568545.0,2025-01-24
416105.0,4568545.0,2025-01-24
416115.0,4568545.0,2025-01-24
416125.0,4568545.0,2025-01-24
416135.0,4568545.0,2025-01-24
416145.0,4568545.0,2025-01-24
416155.0,4568545.0,2025-01-24
416165.0,4568545.0,2025-01-24
416175.0,4568545.0,2025-01-24
416185.0,4568545.0,2025-01-24
416195.0,4568545.0,2025-01-24
416205.0,4568545.0,2025-01-24
416215.0,4568545.0,2025-01-24
416225.0,4568545.0,2025-01-24
416235.0,4568545.0,2025-01-24
416245.0,4568545.0,2025-01-24
416255.0,4568545.0,2025-01-24
416265.0,4568545.0,2025-01-24
416275.0,4568545.0,2025-01-24
416285.0,4568545.0,2025-01-24
416295.0,4568545.0,2025-01-24
416305.0,4568545.0,2025-01-24
416315.0,4568545.0,2025-01-24
416325.0,4568545.0,2025-01-24
416335.0,4568545.0,2025-01-24
416345.0,4568545.0,2025-01-24
416355.0,4568545.0,2025-01-24
416365.0,4568545.0,2025-01-24
416375.0,4568545.0,2025-01-24
416385.0,4568545.0,2025-01-24
416395.0,4568545.0,2025-01-24
416405.0,4568545.0,2025-01-24
416415.0,4568545.0,2025-01-24
416425.0,4568545.0,2025-01-24
416435.0,4568545.0,2025-01-24
416445.0,4568545.0,2025-01-24
416455.0,4568545.0,2025-01-24
412575.0,4568535.0,2025-01-24
412585.0,4568535.0,2025-01-24
412595.0,4568535.0,2025-01-24
412605.0,4568535.0,2025-01-24
412615.0,4568535.0,2025-01-24
412625.0,4568535.0,2025-01-24
412635.0,4568535.0,2025-01-24
412645.0,4568535.0,2025-01-24
412655.0,4568535.0,2025-01-24
412665.0,4568535.0,2025-01-24
412675.0,4568535.0,2025-01-24
412685.0,4568535.0,2025-01-24
412695.0,4568535.0,2025-01-24
412705.0,4568535.0,2025-01-24
412715.0,4568535.0,2025-01-24
412725.0,4568535.0,2025-01-24
412735.0,4568535.0,2025-01-24
412745.0,4568535.0,2025-01-24
412755.0,4568535.0,2025-01-24
412765.0,4568535.0,2025-01-24
412775.0,4568535.0,2025-01-24
412785.0,4568535.0,2025-01-24
412795.0,4568535.0,2025-01-24
412805.0,4568535.0,2025-01-24
412815.0,4568535.0,2025-01-24
412825.0,4568535.0,2025-01-24
412835.0,4568535.0,2025-01-24
412845.0,4568535.0,2025-01-24
412855.0,4568535.0,2025-01-24
412865.0,4568535.0,2025-01-24
412875.0,4568535.0,2025-01-24
412885.0,4568535.0,2025-01-24
412895.0,4568535.0,2025-01-24
412905.0,4568535.0,2025-01-24
412915.0,4568535.0,2025-01-24
412925.0,4568535.0,2025-01-24
412935.0,4568535.0,2025-01-24
412945.0,4568535.0,2025-01-24
412955.0,4568535.0,2025-01-24
412965.0,4568535.0,2025-01-24
412975.0,4568535.0,2025-01-24
412985.0,4568535.0,2025-01-24
412995.0,4568535.0,2025-01-24
413005.0,4568535.0,2025-01-24
413015.0,4568535.0,2025-01-24
413025.0,4568535.0,2025-01-24
413035.0,4568535.0,2025-01-24
413045.0,4568535.0,2025-01-24
413055.0,4568535.0,2025-01-24
413065.0,4568535.0,2025-01-24
413075.0,4568535.0,2025-01-24
413085.0,4568535.0,2025-01-24
413095.0,4568535.0,2025-01-24
413105.0,4568535.0,2025-01-24
413115.0,4568535.0,2025-01-24
413125.0,4568535.0,2025-01-24
413135.0,4568535.0,2025-01-24
413145.0,4568535.0,2025-01-24
413155.0,4568535.0,2025-01-24
413165.0,4568535.0,2025-01-24
413175.0,4568535.0,2025-01-24
413185.0,4568535.0,2025-01-24
413195.0,4568535.0,2025-01-24
413205.0,4568535.0,2025-01-24
413215.0,4568535.0,2025-01-24
413225.0,4568535.0,2025-01-24
413235.0,4568535.0,2025-01-24
413245.0,4568535.0,2025-01-24
413255.0,4568535.0,2025-01-24
413265.0,4568535.0,2025-01-24
413275.0,4568535.0,2025-01-24
413285.0,4568535.0,2025-01-24
413295.0,4568535.0,2025-01-24
413305.0,4568535.0,2025-01-24
413315.0,4568535.0,2025-01-24
413325.0,4568535.0,2025-01-24
413335.0,4568535.0,2025-01-24
413345.0,4568535.0,2025-01-24
413355.0,4568535.0,2025-01-24
413365.0,4568535.0,2025-01-24
413375.0,4568535.0,2025-01-24
413385.0,4568535.0,2025-01-24
413395.0,4568535.0,2025-01-24
413405.0,4568535.0,2025-01-24
413415.0,4568535.0,2025-01-24
413425.0,4568535.0,2025-01-24
413435.0,4568535.0,2025-01-24
413445.0,4568535.0,2025-01-24
413455.0,4568535.0,2025-01-24
413465.0,4568535.0,2025-01-24
413475.0,4568535.0,2025-01-24
413485.0,4568535.0,2025-01-24
413495.0,4568535.0,2025-01-24
413505.0,4568535.0,2025-01-24
413515.0,4568535.0,2025-01-24
413525.0,4568535.0,2025-01-24
413535.0,4568535.0,2025-01-24
413545.0,4568535.0,2025-01-24
413555.0,4568535.0,2025-01-24
413565.0,4568535.0,2025-01-24
413575.0,4568535.0,2025-01-24
413585.0,4568535.0,2025-01-24
413595.0,4568535.0,2025-01-24
413605.0,4568535.0,2025-01-24
413615.0,4568535.0,2025-01-24
413625.0,4568535.0,2025-01-24
413635.0,4568535.0,2025-01-24
413645.0,4568535.0,2025-01-24
413655.0,4568535.0,2025-01-24
413665.0,4568535.0,2025-01-24
413675.0,4568535.0,2025-01-24
413685.0,4568535.0,2025-01-24
413695.0,4568535.0,2025-01-24
413705.0,4568535.0,2025-01-24
413715.0,4568535.0,2025-01-24
413725.0,4568535.0,2025-01-24
413735.0,4568535.0,2025-01-24
413745.0,4568535.0,2025-01-24
413755.0,4568535.0,2025-01-24
413765.0,4568535.0,2025-01-24
413775.0,4568535.0,2025-01-24
413785.0,4568535.0,2025-01-24
413795.0,4568535.0,2025-01-24
413805.0,4568535.0,2025-01-24
413815.0,4568535.0,2025-01-24
413825.0,4568535.0,2025-01-24
413835.0,4568535.0,2025-01-24
413845.0,4568535.0,2025-01-24
413855.0,4568535.0,2025-01-24
413865.0,4568535.0,2025-01-24
413875.0,4568535.0,2025-01-24
413885.0,4568535.0,2025-01-24
413895.0,4568535.0,2025-01-24
413905.0,4568535.0,2025-01-24
413915.0,4568535.0,2025-01-24
413925.0,4568535.0,2025-01-24
413935.0,4568535.0,2025-01-24
413945.0,4568535.0,2025-01-24
413955.0,4568535.0,2025-01-24
413965.0,4568535.0,2025-01-24
413975.0,4568535.0,2025-01-24
413985.0,4568535.0,2025-01-24
413995.0,4568535.0,2025-01-24
414005.0,4568535.0,2025-01-24
414015.0,4568535.0,2025-01-24
414025.0,4568535.0,2025-01-24
414035.0,4568535.0,2025-01-24
414045.0,4568535.0,2025-01-24
414055.0,4568535.0,2025-01-24
414065.0,4568535.0,2025-01-24
414075.0,4568535.0,2025-01-24
414085.0,4568535.0,2025-01-24
414095.0,4568535.0,2025-01-24
414105.0,4568535.0,2025-01-24
414115.0,4568535.0,2025-01-24
414125.0,4568535.0,2025-01-24
414135.0,4568535.0,2025-01-24
414145.0,4568535.0,2025-01-24
414155.0,4568535.0,2025-01-24
414165.0,4568535.0,2025-01-24
414175.0,4568535.0,2025-01-24
414185.0,4568535.0,2025-01-24
414195.0,4568535.0,2025-01-24
414205.0,4568535.0,2025-01-24
414215.0,4568535.0,2025-01-24
414225.0,4568535.0,2025-01-24
414235.0,4568535.0,2025-01-24
414245.0,4568535.0,2025-01-24
414255.0,4568535.0,2025-01-24
414265.0,4568535.0,2025-01-24
414275.0,4568535.0,2025-01-24
414285.0,4568535.0,2025-01-24
414295.0,4568535.0,2025-01-24
414305.0,4568535.0,2025-01-24
414315.0,4568535.0,2025-01-24
414325.0,4568535.0,2025-01-24
414335.0,4568535.0,2025-01-24
414345.0,4568535.0,2025-01-24
414355.0,4568535.0,2025-01-24
414365.0,4568535.0,2025-01-24
414375.0,4568535.0,2025-01-24
414385.0,4568535.0,2025-01-24
414395.0,4568535.0,2025-01-24
414405.0,4568535.0,2025-01-24
414415.0,4568535.0,2025-01-24
414425.0,4568535.0,2025-01-24
414435.0,4568535.0,2025-01-24
414445.0,4568535.0,2025-01-24
414455.0,4568535.0,2025-01-24
414465.0,4568535.0,2025-01-24
414475.0,4568535.0,2025-01-24
414485.0,4568535.0,2025-01-24
414495.0,4568535.0,2025-01-24
414505.0,4568535.0,2025-01-24
414515.0,4568535.0,2025-01-24
414525.0,4568535.0,2025-01-24
414535.0,4568535.0,2025-01-24
414545.0,4568535.0,2025-01-24
414555.0,4568535.0,2025-01-24
414565.0,4568535.0,2025-01-24
414575.0,4568535.0,2025-01-24
414585.0,4568535.0,2025-01-24
414595.0,4568535.0,2025-01-24
414605.0,4568535.0,2025-01-24
414615.0,4568535.0,2025-01-24
414625.0,4568535.0,2025-01-24
414635.0,4568535.0,2025-01-24
414645.0,4568535.0,2025-01-24
414655.0,4568535.0,2025-01-24
414665.0,4568535.0,2025-01-24
414675.0,4568535.0,2025-01-24
414685.0,4568535.0,2025-01-24
414695.0,4568535.0,2025-01-24
414705.0,4568535.0,2025-01-24
414715.0,4568535.0,2025-01-24
414725.0,4568535.0,2025-01-24
414735.0,4568535.0,2025-01-24
414745.0,4568535.0,2025-01-24
414755.0,4568535.0,2025-01-24
414765.0,4568535.0,2025-01-24
414775.0,4568535.0,2025-01-24
414785.0,4568535.0,2025-01-24
414795.0,4568535.0,2025-01-24
414805.0,4568535.0,2025-01-24
414815.0,4568535.0,2025-01-24
414825.0,4568535.0,2025-01-24
414835.0,4568535.0,2025-01-24
414845.0,4568535.0,2025-01-24
414855.0,4568535.0,2025-01-24
414865.0,4568535.0,2025-01-24
414875.0,4568535.0,2025-01-24
414885.0,4568535.0,2025-01-24
414895.0,4568535.0,2025-01-24
414905.0,4568535.0,2025-01-24
414915.0,4568535.0,2025-01-24
414925.0,4568535.0,2025-01-24
414935.0,4568535.0,2025-01-24
414945.0,4568535.0,2025-01-24
414955.0,4568535.0,2025-01-24
414965.0,4568535.0,2025-01-24
414975.0,4568535.0,2025-01-24
414985.0,4568535.0,2025-01-24
414995.0,4568535.0,2025-01-24
415005.0,4568535.0,2025-01-24
415015.0,4568535.0,2025-01-24
415025.0,4568535.0,2025-01-24
415035.0,4568535.0,2025-01-24
415045.0,4568535.0,2025-01-24
415055.0,4568535.0,2025-01-24
415065.0,4568535.0,2025-01-24
415075.0,4568535.0,2025-01-24
415085.0,4568535.0,2025-01-24
415095.0,4568535.0,2025-01-24
415105.0,4568535.0,2025-01-24
415115.0,4568535.0,2025-01-24
415125.0,4568535.0,2025-01-24
415135.0,4568535.0,2025-01-24
415145.0,4568535.0,2025-01-24
415155.0,4568535.0,2025-01-24
415165.0,4568535.0,2025-01-24
415175.0,4568535.0,2025-01-24
415185.0,4568535.0,2025-01-24
415195.0,4568535.0,2025-01-24
415205.0,4568535.0,2025-01-24
415215.0,4568535.0,2025-01-24
415225.0,4568535.0,2025-01-24
415235.0,4568535.0,2025-01-24
415245.0,4568535.0,2025-01-24
415255.0,4568535.0,2025-01-24
415265.0,4568535.0,2025-01-24
415275.0,4568535.0,2025-01-24
415285.0,4568535.0,2025-01-24
415295.0,4568535.0,2025-01-24
415305.0,4568535.0,2025-01-24
415315.0,4568535.0,2025-01-24
415325.0,4568535.0,2025-01-24
415335.0,4568535.0,2025-01-24
415345.0,4568535.0,2025-01-24
415355.0,4568535.0,2025-01-24
415365.0,4568535.0,2025-01-24
415375.0,4568535.0,2025-01-24
415385.0,4568535.0,2025-01-24
415395.0,4568535.0,2025-01-24
415405.0,4568535.0,2025-01-24
415415.0,4568535.0,2025-01-24
415425.0,4568535.0,2025-01-24
415435.0,4568535.0,2025-01-24
415445.0,4568535.0,2025-01-24
415455.0,4568535.0,2025-01-24
415465.0,4568535.0,2025-01-24
415475.0,4568535.0,2025-01-24
415485.0,4568535.0,2025-01-24
415495.0,4568535.0,2025-01-24
415505.0,4568535.0,2025-01-24
415515.0,4568535.0,2025-01-24
415525.0,4568535.0,2025-01-24
415535.0,4568535.0,2025-01-24
415545.0,4568535.0,2025-01-24
415555.0,4568535.0,2025-01-24
415565.0,4568535.0,2025-01-24
415575.0,4568535.0,2025-01-24
415585.0,4568535.0,2025-01-24
415595.0,4568535.0,2025-01-24
415605.0,4568535.0,2025-01-24
415615.0,4568535.0,2025-01-24
415625.0,4568535.0,2025-01-24
415635.0,4568535.0,2025-01-24
415645.0,4568535.0,2025-01-24
415655.0,4568535.0,2025-01-24
415665.0,4568535.0,2025-01-24
415675.0,4568535.0,2025-01-24
415685.0,4568535.0,2025-01-24
415695.0,4568535.0,2025-01-24
415705.0,4568535.0,2025-01-24
415715.0,4568535.0,2025-01-24
415725.0,4568535.0,2025-01-24
415735.0,4568535.0,2025-01-24
415745.0,4568535.0,2025-01-24
415755.0,4568535.0,2025-01-24
415765.0,4568535.0,2025-01-24
415775.0,4568535.0,2025-01-24
415785.0,4568535.0,2025-01-24
415795.0,4568535.0,2025-01-24
415805.0,4568535.0,2025-01-24
415815.0,4568535.0,2025-01-24
415825.0,4568535.0,2025-01-24
415835.0,4568535.0,2025-01-24
415845.0,4568535.0,2025-01-24
415855.0,4568535.0,2025-01-24
415865.0,4568535.0,2025-01-24
415875.0,4568535.0,2025-01-24
415885.0,4568535.0,2025-01-24
415895.0,4568535.0,2025-01-24
415905.0,4568535.0,2025-01-24
415915.0,4568535.0,2025-01-24
415925.0,4568535.0,2025-01-24
415935.0,4568535.0,2025-01-24
415945.0,4568535.0,2025-01-24
415955.0,4568535.0,2025-01-24
415965.0,4568535.0,2025-01-24
415975.0,4568535.0,2025-01-24
415985.0,4568535.0,2025-01-24
415995.0,4568535.0,2025-01-24
416005.0,4568535.0,2025-01-24
416015.0,4568535.0,2025-01-24
416025.0,4568535.0,2025-01-24
416035.0,4568535.0,2025-01-24
416045.0,4568535.0,2025-01-24
416055.0,4568535.0,2025-01-24
416065.0,4568535.0,2025-01-24
416075.0,4568535.0,2025-01-24
416085.0,4568535.0,2025-01-24
416095.0,4568535.0,2025-01-24
416105.0,4568535.0,2025-01-24
416115.0,4568535.0,2025-01-24
416125.0,4568535.0,2025-01-24
416135.0,4568535.0,2025-01-24
416145.0,4568535.0,2025-01-24
416155.0,4568535.0,2025-01-24
416165.0,4568535.0,2025-01-24
416175.0,4568535.0,2025-01-24
416185.0,4568535.0,2025-01-24
416195.0,4568535.0,2025-01-24
416205.0,4568535.0,2025-01-24
416215.0,4568535.0,2025-01-24
416225.0,4568535.0,2025-01-24
416235.0,4568535.0,2025-01-24
416245.0,4568535.0,2025-01-24
416255.0,4568535.0,2025-01-24
416265.0,4568535.0,2025-01-24
416275.0,4568535.0,2025-01-24
416285.0,4568535.0,2025-01-24
416295.0,4568535.0,2025-01-24
416305.0,4568535.0,2025-01-24
416315.0,4568535.0,2025-01-24
416325.0,4568535.0,2025-01-24
416335.0,4568535.0,2025-01-24
416345.0,4568535.0,2025-01-24
416355.0,4568535.0,2025-01-24
416365.0,4568535.0,2025-01-24
416375.0,4568535.0,2025-01-24
416385.0,4568535.0,2025-01-24
416395.0,4568535.0,2025-01-24
416405.0,4568535.0,2025-01-24
416415.0,4568535.0,2025-01-24
416425.0,4568535.0,2025-01-24
416435.0,4568535.0,2025-01-24
416445.0,4568535.0,2025-01-24
416455.0,4568535.0,2025-01-24
413425.0,4568525.0,2025-01-24
413435.0,4568525.0,2025-01-24
413445.0,4568525.0,2025-01-24
413455.0,4568525.0,2025-01-24
413465.0,4568525.0,2025-01-24
413475.0,4568525.0,2025-01-24
413485.0,4568525.0,2025-01-24
413495.0,4568525.0,2025-01-24
413505.0,4568525.0,2025-01-24
413515.0,4568525.0,2025-01-24
413525.0,4568525.0,2025-01-24
413535.0,4568525.0,2025-01-24
413545.0,4568525.0,2025-01-24
413555.0,4568525.0,2025-01-24
413565.0,4568525.0,2025-01-24
413575.0,4568525.0,2025-01-24
413585.0,4568525.0,2025-01-24
413595.0,4568525.0,2025-01-24
413605.0,4568525.0,2025-01-24
413615.0,4568525.0,2025-01-24
413625.0,4568525.0,2025-01-24
413635.0,4568525.0,2025-01-24
413645.0,4568525.0,2025-01-24
413655.0,4568525.0,2025-01-24
413665.0,4568525.0,2025-01-24
413675.0,4568525.0,2025-01-24
413685.0,4568525.0,2025-01-24
413695.0,4568525.0,2025-01-24
413705.0,4568525.0,2025-01-24
413715.0,4568525.0,2025-01-24
413725.0,4568525.0,2025-01-24
413735.0,4568525.0,2025-01-24
413745.0,4568525.0,2025-01-24
413755.0,4568525.0,2025-01-24
413765.0,4568525.0,2025-01-24
413775.0,4568525.0,2025-01-24
413785.0,4568525.0,2025-01-24
413795.0,4568525.0,2025-01-24
413805.0,4568525.0,2025-01-24
413815.0,4568525.0,2025-01-24
413825.0,4568525.0,2025-01-24
413835.0,4568525.0,2025-01-24
413845.0,4568525.0,2025-01-24
413855.0,4568525.0,2025-01-24
413865.0,4568525.0,2025-01-24
413875.0,4568525.0,2025-01-24
413885.0,4568525.0,2025-01-24
413895.0,4568525.0,2025-01-24
413905.0,4568525.0,2025-01-24
413915.0,4568525.0,2025-01-24
413925.0,4568525.0,2025-01-24
413935.0,4568525.0,2025-01-24
413945.0,4568525.0,2025-01-24
413955.0,4568525.0,2025-01-24
413965.0,4568525.0,2025-01-24
413975.0,4568525.0,2025-01-24
413985.0,4568525.0,2025-01-24
413995.0,4568525.0,2025-01-24
414005.0,4568525.0,2025-01-24
414015.0,4568525.0,2025-01-24
414025.0,4568525.0,2025-01-24
414035.0,4568525.0,2025-01-24
414045.0,4568525.0,2025-01-24
414055.0,4568525.0,2025-01-24
414065.0,4568525.0,2025-01-24
414075.0,4568525.0,2025-01-24
414085.0,4568525.0,2025-01-24
414095.0,4568525.0,2025-01-24
414105.0,4568525.0,2025-01-24
414115.0,4568525.0,2025-01-24
414125.0,4568525.0,2025-01-24
414135.0,4568525.0,2025-01-24
414145.0,4568525.0,2025-01-24
414155.0,4568525.0,2025-01-24
414165.0,4568525.0,2025-01-24
414175.0,4568525.0,2025-01-24
414185.0,4568525.0,2025-01-24
414195.0,4568525.0,2025-01-24
414205.0,4568525.0,2025-01-24
414215.0,4568525.0,2025-01-24
414225.0,4568525.0,2025-01-24
414235.0,4568525.0,2025-01-24
414245.0,4568525.0,2025-01-24
414255.0,4568525.0,2025-01-24
414265.0,4568525.0,2025-01-24
414275.0,4568525.0,2025-01-24
414285.0,4568525.0,2025-01-24
414295.0,4568525.0,2025-01-24
414305.0,4568525.0,2025-01-24
414315.0,4568525.0,2025-01-24
414325.0,4568525.0,2025-01-24
414335.0,4568525.0,2025-01-24
414345.0,4568525.0,2025-01-24
414355.0,4568525.0,2025-01-24
414365.0,4568525.0,2025-01-24
414375.0,4568525.0,2025-01-24
414385.0,4568525.0,2025-01-24
414395.0,4568525.0,2025-01-24
414405.0,4568525.0,2025-01-24
414415.0,4568525.0,2025-01-24
414425.0,4568525.0,2025-01-24
414435.0,4568525.0,2025-01-24
414445.0,4568525.0,2025-01-24
414455.0,4568525.0,2025-01-24
414465.0,4568525.0,2025-01-24
414475.0,4568525.0,2025-01-24
414485.0,4568525.0,2025-01-24
414495.0,4568525.0,2025-01-24
414505.0,4568525.0,2025-01-24
414515.0,4568525.0,2025-01-24
414525.0,4568525.0,2025-01-24
414535.0,4568525.0,2025-01-24
414545.0,4568525.0,2025-01-24
414555.0,4568525.0,2025-01-24
414565.0,4568525.0,2025-01-24
414575.0,4568525.0,2025-01-24
414585.0,4568525.0,2025-01-24
414595.0,4568525.0,2025-01-24
414605.0,4568525.0,2025-01-24
414615.0,4568525.0,2025-01-24
414625.0,4568525.0,2025-01-24
414635.0,4568525.0,2025-01-24
414645.0,4568525.0,2025-01-24
414655.0,4568525.0,2025-01-24
414665.0,4568525.0,2025-01-24
414675.0,4568525.0,2025-01-24
414685.0,4568525.0,2025-01-24
414695.0,4568525.0,2025-01-24
414705.0,4568525.0,2025-01-24
414715.0,4568525.0,2025-01-24
414725.0,4568525.0,2025-01-24
414735.0,4568525.0,2025-01-24
414745.0,4568525.0,2025-01-24
414755.0,4568525.0,2025-01-24
414765.0,4568525.0,2025-01-24
414775.0,4568525.0,2025-01-24
414785.0,4568525.0,2025-01-24
414795.0,4568525.0,2025-01-24
414805.0,4568525.0,2025-01-24
414815.0,4568525.0,2025-01-24
414825.0,4568525.0,2025-01-24
414835.0,4568525.0,2025-01-24
414845.0,4568525.0,2025-01-24
414855.0,4568525.0,2025-01-24
414865.0,4568525.0,2025-01-24
414875.0,4568525.0,2025-01-24
414885.0,4568525.0,2025-01-24
414895.0,4568525.0,2025-01-24
414905.0,4568525.0,2025-01-24
414915.0,4568525.0,2025-01-24
414925.0,4568525.0,2025-01-24
414935.0,4568525.0,2025-01-24
414945.0,4568525.0,2025-01-24
414955.0,4568525.0,2025-01-24
414965.0,4568525.0,2025-01-24
414975.0,4568525.0,2025-01-24
414985.0,4568525.0,2025-01-24
414995.0,4568525.0,2025-01-24
415005.0,4568525.0,2025-01-24
415015.0,4568525.0,2025-01-24
415025.0,4568525.0,2025-01-24
415035.0,4568525.0,2025-01-24
415045.0,4568525.0,2025-01-24
415055.0,4568525.0,2025-01-24
415065.0,4568525.0,2025-01-24
415075.0,4568525.0,2025-01-24
415085.0,4568525.0,2025-01-24
415095.0,4568525.0,2025-01-24
415105.0,4568525.0,2025-01-24
415115.0,4568525.0,2025-01-24
415125.0,4568525.0,2025-01-24
415135.0,4568525.0,2025-01-24
415145.0,4568525.0,2025-01-24
415155.0,4568525.0,2025-01-24
415165.0,4568525.0,2025-01-24
415175.0,4568525.0,2025-01-24
415185.0,4568525.0,2025-01-24
415195.0,4568525.0,2025-01-24
415205.0,4568525.0,2025-01-24
415215.0,4568525.0,2025-01-24
415225.0,4568525.0,2025-01-24
415235.0,4568525.0,2025-01-24
415245.0,4568525.0,2025-01-24
415255.0,4568525.0,2025-01-24
415265.0,4568525.0,2025-01-24
415275.0,4568525.0,2025-01-24
415285.0,4568525.0,2025-01-24
415295.0,4568525.0,2025-01-24
415305.0,4568525.0,2025-01-24
415315.0,4568525.0,2025-01-24
415325.0,4568525.0,2025-01-24
415335.0,4568525.0,2025-01-24
415345.0,4568525.0,2025-01-24
415355.0,4568525.0,2025-01-24
415365.0,4568525.0,2025-01-24
415375.0,4568525.0,2025-01-24
415385.0,4568525.0,2025-01-24
415395.0,4568525.0,2025-01-24
415405.0,4568525.0,2025-01-24
415415.0,4568525.0,2025-01-24
415425.0,4568525.0,2025-01-24
415435.0,4568525.0,2025-01-24
415445.0,4568525.0,2025-01-24
415455.0,4568525.0,2025-01-24
415465.0,4568525.0,2025-01-24
415475.0,4568525.0,2025-01-24
415485.0,4568525.0,2025-01-24
415495.0,4568525.0,2025-01-24
415505.0,4568525.0,2025-01-24
415515.0,4568525.0,2025-01-24
415525.0,4568525.0,2025-01-24
415535.0,4568525.0,2025-01-24
415545.0,4568525.0,2025-01-24
415555.0,4568525.0,2025-01-24
415565.0,4568525.0,2025-01-24
415575.0,4568525.0,2025-01-24
415585.0,4568525.0,2025-01-24
415595.0,4568525.0,2025-01-24
415605.0,4568525.0,2025-01-24
415615.0,4568525.0,2025-01-24
415625.0,4568525.0,2025-01-24
415635.0,4568525.0,2025-01-24
415645.0,4568525.0,2025-01-24
415655.0,4568525.0,2025-01-24
415665.0,4568525.0,2025-01-24
415675.0,4568525.0,2025-01-24
415685.0,4568525.0,2025-01-24
415695.0,4568525.0,2025-01-24
415705.0,4568525.0,2025-01-24
415715.0,4568525.0,2025-01-24
415725.0,4568525.0,2025-01-24
415735.0,4568525.0,2025-01-24
415745.0,4568525.0,2025-01-24
415755.0,4568525.0,2025-01-24
415765.0,4568525.0,2025-01-24
415775.0,4568525.0,2025-01-24
415785.0,4568525.0,2025-01-24
415795.0,4568525.0,2025-01-24
415805.0,4568525.0,2025-01-24
415815.0,4568525.0,2025-01-24
415825.0,4568525.0,2025-01-24
415835.0,4568525.0,2025-01-24
415845.0,4568525.0,2025-01-24
415855.0,4568525.0,2025-01-24
415865.0,4568525.0,2025-01-24
415875.0,4568525.0,2025-01-24
415885.0,4568525.0,2025-01-24
415895.0,4568525.0,2025-01-24
415905.0,4568525.0,2025-01-24
415915.0,4568525.0,2025-01-24
415925.0,4568525.0,2025-01-24
415935.0,4568525.0,2025-01-24
415945.0,4568525.0,2025-01-24
415955.0,4568525.0,2025-01-24
415965.0,4568525.0,2025-01-24
415975.0,4568525.0,2025-01-24
415985.0,4568525.0,2025-01-24
415995.0,4568525.0,2025-01-24
416005.0,4568525.0,2025-01-24
416015.0,4568525.0,2025-01-24
416025.0,4568525.0,2025-01-24
416035.0,4568525.0,2025-01-24
416045.0,4568525.0,2025-01-24
416055.0,4568525.0,2025-01-24
416065.0,4568525.0,2025-01-24
416075.0,4568525.0,2025-01-24
416085.0,4568525.0,2025-01-24
416095.0,4568525.0,2025-01-24
416105.0,4568525.0,2025-01-24
416115.0,4568525.0,2025-01-24
416125.0,4568525.0,2025-01-24
416135.0,4568525.0,2025-01-24
416145.0,4568525.0,2025-01-24
416155.0,4568525.0,2025-01-24
416165.0,4568525.0,2025-01-24
416175.0,4568525.0,2025-01-24
416185.0,4568525.0,2025-01-24
416195.0,4568525.0,2025-01-24
416205.0,4568525.0,2025-01-24
416215.0,4568525.0,2025-01-24
416225.0,4568525.0,2025-01-24
416235.0,4568525.0,2025-01-24
416245.0,4568525.0,2025-01-24
416255.0,4568525.0,2025-01-24
416265.0,4568525.0,2025-01-24
416275.0,4568525.0,2025-01-24
416285.0,4568525.0,2025-01-24
416295.0,4568525.0,2025-01-24
416305.0,4568525.0,2025-01-24
416315.0,4568525.0,2025-01-24
416325.0,4568525.0,2025-01-24
416335.0,4568525.0,2025-01-24
416345.0,4568525.0,2025-01-24
416355.0,4568525.0,2025-01-24
416365.0,4568525.0,2025-01-24
416375.0,4568525.0,2025-01-24
416385.0,4568525.0,2025-01-24
416395.0,4568525.0,2025-01-24
416405.0,4568525.0,2025-01-24
416415.0,4568525.0,2025-01-24
416425.0,4568525.0,2025-01-24
416435.0,4568525.0,2025-01-24
416445.0,4568525.0,2025-01-24
416455.0,4568525.0,2025-01-24
414265.0,4568515.0,2025-01-24
414275.0,4568515.0,2025-01-24
414285.0,4568515.0,2025-01-24
414295.0,4568515.0,2025-01-24
414305.0,4568515.0,2025-01-24
414315.0,4568515.0,2025-01-24
414325.0,4568515.0,2025-01-24
414335.0,4568515.0,2025-01-24
414345.0,4568515.0,2025-01-24
414355.0,4568515.0,2025-01-24
414365.0,4568515.0,2025-01-24
414375.0,4568515.0,2025-01-24
414385.0,4568515.0,2025-01-24
414395.0,4568515.0,2025-01-24
414405.0,4568515.0,2025-01-24
414415.0,4568515.0,2025-01-24
414425.0,4568515.0,2025-01-24
414435.0,4568515.0,2025-01-24
414445.0,4568515.0,2025-01-24
414455.0,4568515.0,2025-01-24
414465.0,4568515.0,2025-01-24
414475.0,4568515.0,2025-01-24
414485.0,4568515.0,2025-01-24
414495.0,4568515.0,2025-01-24
414505.0,4568515.0,2025-01-24
414515.0,4568515.0,2025-01-24
414525.0,4568515.0,2025-01-24
414535.0,4568515.0,2025-01-24
414545.0,4568515.0,2025-01-24
414555.0,4568515.0,2025-01-24
414565.0,4568515.0,2025-01-24
414575.0,4568515.0,2025-01-24
414585.0,4568515.0,2025-01-24
414595.0,4568515.0,2025-01-24
414605.0,4568515.0,2025-01-24
414615.0,4568515.0,2025-01-24
414625.0,4568515.0,2025-01-24
414635.0,4568515.0,2025-01-24
414645.0,4568515.0,2025-01-24
414655.0,4568515.0,2025-01-24
414665.0,4568515.0,2025-01-24
414675.0,4568515.0,2025-01-24
414685.0,4568515.0,2025-01-24
414695.0,4568515.0,2025-01-24
414705.0,4568515.0,2025-01-24
414715.0,4568515.0,2025-01-24
414725.0,4568515.0,2025-01-24
414735.0,4568515.0,2025-01-24
414745.0,4568515.0,2025-01-24
414755.0,4568515.0,2025-01-24
414765.0,4568515.0,2025-01-24
414775.0,4568515.0,2025-01-24
414785.0,4568515.0,2025-01-24
414795.0,4568515.0,2025-01-24
414805.0,4568515.0,2025-01-24
414815.0,4568515.0,2025-01-24
414825.0,4568515.0,2025-01-24
414835.0,4568515.0,2025-01-24
414845.0,4568515.0,2025-01-24
414855.0,4568515.0,2025-01-24
414865.0,4568515.0,2025-01-24
414875.0,4568515.0,2025-01-24
414885.0,4568515.0,2025-01-24
414895.0,4568515.0,2025-01-24
414905.0,4568515.0,2025-01-24
414915.0,4568515.0,2025-01-24
414925.0,4568515.0,2025-01-24
414935.0,4568515.0,2025-01-24
414945.0,4568515.0,2025-01-24
414955.0,4568515.0,2025-01-24
414965.0,4568515.0,2025-01-24
414975.0,4568515.0,2025-01-24
414985.0,4568515.0,2025-01-24
414995.0,4568515.0,2025-01-24
415005.0,4568515.0,2025-01-24
415015.0,4568515.0,2025-01-24
415025.0,4568515.0,2025-01-24
415035.0,4568515.0,2025-01-24
415045.0,4568515.0,2025-01-24
415055.0,4568515.0,2025-01-24
415065.0,4568515.0,2025-01-24
415075.0,4568515.0,2025-01-24
415085.0,4568515.0,2025-01-24
415095.0,4568515.0,2025-01-24
415105.0,4568515.0,2025-01-24
415115.0,4568515.0,2025-01-24
415125.0,4568515.0,2025-01-24
415135.0,4568515.0,2025-01-24
415145.0,4568515.0,2025-01-24
415155.0,4568515.0,2025-01-24
415165.0,4568515.0,2025-01-24
415175.0,4568515.0,2025-01-24
415185.0,4568515.0,2025-01-24
415195.0,4568515.0,2025-01-24
415205.0,4568515.0,2025-01-24
415215.0,4568515.0,2025-01-24
415225.0,4568515.0,2025-01-24
415235.0,4568515.0,2025-01-24
415245.0,4568515.0,2025-01-24
415255.0,4568515.0,2025-01-24
415265.0,4568515.0,2025-01-24
415275.0,4568515.0,2025-01-24
415285.0,4568515.0,2025-01-24
415295.0,4568515.0,2025-01-24
415305.0,4568515.0,2025-01-24
415315.0,4568515.0,2025-01-24
415325.0,4568515.0,2025-01-24
415335.0,4568515.0,2025-01-24
415345.0,4568515.0,2025-01-24
415355.0,4568515.0,2025-01-24
415365.0,4568515.0,2025-01-24
415375.0,4568515.0,2025-01-24
415385.0,4568515.0,2025-01-24
415395.0,4568515.0,2025-01-24
415405.0,4568515.0,2025-01-24
415415.0,4568515.0,2025-01-24
415425.0,4568515.0,2025-01-24
415435.0,4568515.0,2025-01-24
415445.0,4568515.0,2025-01-24
415455.0,4568515.0,2025-01-24
415465.0,4568515.0,2025-01-24
415475.0,4568515.0,2025-01-24
415485.0,4568515.0,2025-01-24
415495.0,4568515.0,2025-01-24
415505.0,4568515.0,2025-01-24
415515.0,4568515.0,2025-01-24
415525.0,4568515.0,2025-01-24
415535.0,4568515.0,2025-01-24
415545.0,4568515.0,2025-01-24
415555.0,4568515.0,2025-01-24
415565.0,4568515.0,2025-01-24
415575.0,4568515.0,2025-01-24
415585.0,4568515.0,2025-01-24
415595.0,4568515.0,2025-01-24
415605.0,4568515.0,2025-01-24
415615.0,4568515.0,2025-01-24
415625.0,4568515.0,2025-01-24
415635.0,4568515.0,2025-01-24
415645.0,4568515.0,2025-01-24
415655.0,4568515.0,2025-01-24
415665.0,4568515.0,2025-01-24
415675.0,4568515.0,2025-01-24
415685.0,4568515.0,2025-01-24
415695.0,4568515.0,2025-01-24
415705.0,4568515.0,2025-01-24
415715.0,4568515.0,2025-01-24
415725.0,4568515.0,2025-01-24
415735.0,4568515.0,2025-01-24
415745.0,4568515.0,2025-01-24
415755.0,4568515.0,2025-01-24
415765.0,4568515.0,2025-01-24
415775.0,4568515.0,2025-01-24
415785.0,4568515.0,2025-01-24
415795.0,4568515.0,2025-01-24
415805.0,4568515.0,2025-01-24
415815.0,4568515.0,2025-01-24
415825.0,4568515.0,2025-01-24
415835.0,4568515.0,2025-01-24
415845.0,4568515.0,2025-01-24
415855.0,4568515.0,2025-01-24
415865.0,4568515.0,2025-01-24
415875.0,4568515.0,2025-01-24
415885.0,4568515.0,2025-01-24
415895.0,4568515.0,2025-01-24
415905.0,4568515.0,2025-01-24
415915.0,4568515.0,2025-01-24
415925.0,4568515.0,2025-01-24
415935.0,4568515.0,2025-01-24
415945.0,4568515.0,2025-01-24
415955.0,4568515.0,2025-01-24
415965.0,4568515.0,2025-01-24
415975.0,4568515.0,2025-01-24
415985.0,4568515.0,2025-01-24
415995.0,4568515.0,2025-01-24
416005.0,4568515.0,2025-01-24
416015.0,4568515.0,2025-01-24
416025.0,4568515.0,2025-01-24
416035.0,4568515.0,2025-01-24
416045.0,4568515.0,2025-01-24
416055.0,4568515.0,2025-01-24
416065.0,4568515.0,2025-01-24
416075.0,4568515.0,2025-01-24
416085.0,4568515.0,2025-01-24
416095.0,4568515.0,2025-01-24
416105.0,4568515.0,2025-01-24
416115.0,4568515.0,2025-01-24
416125.0,4568515.0,2025-01-24
416135.0,4568515.0,2025-01-24
416145.0,4568515.0,2025-01-24
416155.0,4568515.0,2025-01-24
416165.0,4568515.0,2025-01-24
416175.0,4568515.0,2025-01-24
416185.0,4568515.0,2025-01-24
416195.0,4568515.0,2025-01-24
416205.0,4568515.0,2025-01-24
416215.0,4568515.0,2025-01-24
416225.0,4568515.0,2025-01-24
416235.0,4568515.0,2025-01-24
416245.0,4568515.0,2025-01-24
416255.0,4568515.0,2025-01-24
416265.0,4568515.0,2025-01-24
416275.0,4568515.0,2025-01-24
416285.0,4568515.0,2025-01-24
416295.0,4568515.0,2025-01-24
416305.0,4568515.0,2025-01-24
416315.0,4568515.0,2025-01-24
416325.0,4568515.0,2025-01-24
416335.0,4568515.0,2025-01-24
416345.0,4568515.0,2025-01-24
416355.0,4568515.0,2025-01-24
416365.0,4568515.0,2025-01-24
416375.0,4568515.0,2025-01-24
416385.0,4568515.0,2025-01-24
416395.0,4568515.0,2025-01-24
416405.0,4568515.0,2025-01-24
416415.0,4568515.0,2025-01-24
416425.0,4568515.0,2025-01-24
416435.0,4568515.0,2025-01-24
416445.0,4568515.0,2025-01-24
416455.0,4568515.0,2025-01-24
415115.0,4568505.0,2025-01-24
415125.0,4568505.0,2025-01-24
415135.0,4568505.0,2025-01-24
415145.0,4568505.0,2025-01-24
415155.0,4568505.0,2025-01-24
415165.0,4568505.0,2025-01-24
415175.0,4568505.0,2025-01-24
415185.0,4568505.0,2025-01-24
415195.0,4568505.0,2025-01-24
415205.0,4568505.0,2025-01-24
415215.0,4568505.0,2025-01-24
415225.0,4568505.0,2025-01-24
415235.0,4568505.0,2025-01-24
415245.0,4568505.0,2025-01-24
415255.0,4568505.0,2025-01-24
415265.0,4568505.0,2025-01-24
415275.0,4568505.0,2025-01-24
415285.0,4568505.0,2025-01-24
415295.0,4568505.0,2025-01-24
415305.0,4568505.0,2025-01-24
415315.0,4568505.0,2025-01-24
415325.0,4568505.0,2025-01-24
415335.0,4568505.0,2025-01-24
415345.0,4568505.0,2025-01-24
415355.0,4568505.0,2025-01-24
415365.0,4568505.0,2025-01-24
415375.0,4568505.0,2025-01-24
415385.0,4568505.0,2025-01-24
415395.0,4568505.0,2025-01-24
415405.0,4568505.0,2025-01-24
415415.0,4568505.0,2025-01-24
415425.0,4568505.0,2025-01-24
415435.0,4568505.0,2025-01-24
415445.0,4568505.0,2025-01-24
415455.0,4568505.0,2025-01-24
415465.0,4568505.0,2025-01-24
415475.0,4568505.0,2025-01-24
415485.0,4568505.0,2025-01-24
415495.0,4568505.0,2025-01-24
415505.0,4568505.0,2025-01-24
415515.0,4568505.0,2025-01-24
415525.0,4568505.0,2025-01-24
415535.0,4568505.0,2025-01-24
415545.0,4568505.0,2025-01-24
415555.0,4568505.0,2025-01-24
415565.0,4568505.0,2025-01-24
415575.0,4568505.0,2025-01-24
415585.0,4568505.0,2025-01-24
415595.0,4568505.0,2025-01-24
415605.0,4568505.0,2025-01-24
415615.0,4568505.0,2025-01-24
415625.0,4568505.0,2025-01-24
415635.0,4568505.0,2025-01-24
415645.0,4568505.0,2025-01-24
415655.0,4568505.0,2025-01-24
415665.0,4568505.0,2025-01-24
415675.0,4568505.0,2025-01-24
415685.0,4568505.0,2025-01-24
415695.0,4568505.0,2025-01-24
415705.0,4568505.0,2025-01-24
415715.0,4568505.0,2025-01-24
415725.0,4568505.0,2025-01-24
415735.0,4568505.0,2025-01-24
415745.0,4568505.0,2025-01-24
415755.0,4568505.0,2025-01-24
415765.0,4568505.0,2025-01-24
415775.0,4568505.0,2025-01-24
415785.0,4568505.0,2025-01-24
415795.0,4568505.0,2025-01-24
415805.0,4568505.0,2025-01-24
415815.0,4568505.0,2025-01-24
415825.0,4568505.0,2025-01-24
415835.0,4568505.0,2025-01-24
415845.0,4568505.0,2025-01-24
415855.0,4568505.0,2025-01-24
415865.0,4568505.0,2025-01-24
415875.0,4568505.0,2025-01-24
415885.0,4568505.0,2025-01-24
415895.0,4568505.0,2025-01-24
415905.0,4568505.0,2025-01-24
415915.0,4568505.0,2025-01-24
415925.0,4568505.0,2025-01-24
415935.0,4568505.0,2025-01-24
415945.0,4568505.0,2025-01-24
415955.0,4568505.0,2025-01-24
415965.0,4568505.0,2025-01-24
415975.0,4568505.0,2025-01-24
415985.0,4568505.0,2025-01-24
415995.0,4568505.0,2025-01-24
416005.0,4568505.0,2025-01-24
416015.0,4568505.0,2025-01-24
416025.0,4568505.0,2025-01-24
416035.0,4568505.0,2025-01-24
416045.0,4568505.0,2025-01-24
416055.0,4568505.0,2025-01-24
416065.0,4568505.0,2025-01-24
416075.0,4568505.0,2025-01-24
416085.0,4568505.0,2025-01-24
416095.0,4568505.0,2025-01-24
416105.0,4568505.0,2025-01-24
416115.0,4568505.0,2025-01-24
416125.0,4568505.0,2025-01-24
416135.0,4568505.0,2025-01-24
416145.0,4568505.0,2025-01-24
416155.0,4568505.0,2025-01-24
416165.0,4568505.0,2025-01-24
416175.0,4568505.0,2025-01-24
416185.0,4568505.0,2025-01-24
416195.0,4568505.0,2025-01-24
416205.0,4568505.0,2025-01-24
416215.0,4568505.0,2025-01-24
416225.0,4568505.0,2025-01-24
416235.0,4568505.0,2025-01-24
416245.0,4568505.0,2025-01-24
416255.0,4568505.0,2025-01-24
416265.0,4568505.0,2025-01-24
416275.0,4568505.0,2025-01-24
416285.0,4568505.0,2025-01-24
416295.0,4568505.0,2025-01-24
416305.0,4568505.0,2025-01-24
416315.0,4568505.0,2025-01-24
416325.0,4568505.0,2025-01-24
416335.0,4568505.0,2025-01-24
416345.0,4568505.0,2025-01-24
416355.0,4568505.0,2025-01-24
416365.0,4568505.0,2025-01-24
416375.0,4568505.0,2025-01-24
416385.0,4568505.0,2025-01-24
416395.0,4568505.0,2025-01-24
416405.0,4568505.0,2025-01-24
416415.0,4568505.0,2025-01-24
416425.0,4568505.0,2025-01-24
416435.0,4568505.0,2025-01-24
416445.0,4568505.0,2025-01-24
416455.0,4568505.0,2025-01-24
415965.0,4568495.0,2025-01-24
415975.0,4568495.0,2025-01-24
415985.0,4568495.0,2025-01-24
415995.0,4568495.0,2025-01-24
416005.0,4568495.0,2025-01-24
416015.0,4568495.0,2025-01-24
416025.0,4568495.0,2025-01-24
416035.0,4568495.0,2025-01-24
416045.0,4568495.0,2025-01-24
416055.0,4568495.0,2025-01-24
416065.0,4568495.0,2025-01-24
416075.0,4568495.0,2025-01-24
416085.0,4568495.0,2025-01-24
416095.0,4568495.0,2025-01-24
416105.0,4568495.0,2025-01-24
416115.0,4568495.0,2025-01-24
416125.0,4568495.0,2025-01-24
416135.0,4568495.0,2025-01-24
416145.0,4568495.0,2025-01-24
416155.0,4568495.0,2025-01-24
416165.0,4568495.0,2025-01-24
416175.0,4568495.0,2025-01-24
416185.0,4568495.0,2025-01-24
416195.0,4568495.0,2025-01-24
416205.0,4568495.0,2025-01-24
416215.0,4568495.0,2025-01-24
416225.0,4568495.0,2025-01-24
416235.0,4568495.0,2025-01-24
416245.0,4568495.0,2025-01-24
416255.0,4568495.0,2025-01-24
416265.0,4568495.0,2025-01-24
416275.0,4568495.0,2025-01-24
416285.0,4568495.0,2025-01-24
416295.0,4568495.0,2025-01-24
416305.0,4568495.0,2025-01-24
416315.0,4568495.0,2025-01-24
416325.0,4568495.0,2025-01-24
416335.0,4568495.0,2025-01-24
416345.0,4568495.0,2025-01-24
416355.0,4568495.0,2025-01-24
416365.0,4568495.0,2025-01-24
416375.0,4568495.0,2025-01-24
416385.0,4568495.0,2025-01-24
416395.0,4568495.0,2025-01-24
416405.0,4568495.0,2025-01-24
416415.0,4568495.0,2025-01-24
416425.0,4568495.0,2025-01-24
416435.0,4568495.0,2025-01-24
416445.0,4568495.0,2025-01-24
416455.0,4568495.0,2025-01-24
