411745.0,4568635.0,2025-06-20
411755.0,4568635.0,2025-06-20
411765.0,4568635.0,2025-06-20
411775.0,4568635.0,2025-06-20
411785.0,4568635.0,2025-06-20
411795.0,4568635.0,2025-06-20
411805.0,4568635.0,2025-06-20
411815.0,4568635.0,2025-06-20
411825.0,4568635.0,2025-06-20
411835.0,4568635.0,2025-06-20
411845.0,4568635.0,2025-06-20
411855.0,4568635.0,2025-06-20
411865.0,4568635.0,2025-06-20
411875.0,4568635.0,2025-06-20
411885.0,4568635.0,2025-06-20
411895.0,4568635.0,2025-06-20
411905.0,4568635.0,2025-06-20
411915.0,4568635.0,2025-06-20
411925.0,4568635.0,2025-06-20
411935.0,4568635.0,2025-06-20
411945.0,4568635.0,2025-06-20
411955.0,4568635.0,2025-06-20
411965.0,4568635.0,2025-06-20
411975.0,4568635.0,2025-06-20
411985.0,4568635.0,2025-06-20
411995.0,4568635.0,2025-06-20
412005.0,4568635.0,2025-06-20
412015.0,4568635.0,2025-06-20
412025.0,4568635.0,2025-06-20
412035.0,4568635.0,2025-06-20
412045.0,4568635.0,2025-06-20
412055.0,4568635.0,2025-06-20
412065.0,4568635.0,2025-06-20
412075.0,4568635.0,2025-06-20
412085.0,4568635.0,2025-06-20
412095.0,4568635.0,2025-06-20
412105.0,4568635.0,2025-06-20
412115.0,4568635.0,2025-06-20
412125.0,4568635.0,2025-06-20
412135.0,4568635.0,2025-06-20
412145.0,4568635.0,2025-06-20
412155.0,4568635.0,2025-06-20
412165.0,4568635.0,2025-06-20
412175.0,4568635.0,2025-06-20
412185.0,4568635.0,2025-06-20
412195.0,4568635.0,2025-06-20
412205.0,4568635.0,2025-06-20
412215.0,4568635.0,2025-06-20
412225.0,4568635.0,2025-06-20
412235.0,4568635.0,2025-06-20
412245.0,4568635.0,2025-06-20
411745.0,4568625.0,2025-06-20
411755.0,4568625.0,2025-06-20
411765.0,4568625.0,2025-06-20
411775.0,4568625.0,2025-06-20
411785.0,4568625.0,2025-06-20
411795.0,4568625.0,2025-06-20
411805.0,4568625.0,2025-06-20
411815.0,4568625.0,2025-06-20
411825.0,4568625.0,2025-06-20
411835.0,4568625.0,2025-06-20
411845.0,4568625.0,2025-06-20
411855.0,4568625.0,2025-06-20
411865.0,4568625.0,2025-06-20
411875.0,4568625.0,2025-06-20
411885.0,4568625.0,2025-06-20
411895.0,4568625.0,2025-06-20
411905.0,4568625.0,2025-06-20
411915.0,4568625.0,2025-06-20
411925.0,4568625.0,2025-06-20
411935.0,4568625.0,2025-06-20
411945.0,4568625.0,2025-06-20
411955.0,4568625.0,2025-06-20
411965.0,4568625.0,2025-06-20
411975.0,4568625.0,2025-06-20
411985.0,4568625.0,2025-06-20
411995.0,4568625.0,2025-06-20
412005.0,4568625.0,2025-06-20
412015.0,4568625.0,2025-06-20
412025.0,4568625.0,2025-06-20
412035.0,4568625.0,2025-06-20
412045.0,4568625.0,2025-06-20
412055.0,4568625.0,2025-06-20
412065.0,4568625.0,2025-06-20
412075.0,4568625.0,2025-06-20
412085.0,4568625.0,2025-06-20
412095.0,4568625.0,2025-06-20
412105.0,4568625.0,2025-06-20
412115.0,4568625.0,2025-06-20
412125.0,4568625.0,2025-06-20
412135.0,4568625.0,2025-06-20
412145.0,4568625.0,2025-06-20
412155.0,4568625.0,2025-06-20
412165.0,4568625.0,2025-06-20
412175.0,4568625.0,2025-06-20
412185.0,4568625.0,2025-06-20
412195.0,4568625.0,2025-06-20
412205.0,4568625.0,2025-06-20
412215.0,4568625.0,2025-06-20
412225.0,4568625.0,2025-06-20
412235.0,4568625.0,2025-06-20
412245.0,4568625.0,2025-06-20
412255.0,4568625.0,2025-06-20
412265.0,4568625.0,2025-06-20
412275.0,4568625.0,2025-06-20
412285.0,4568625.0,2025-06-20
412295.0,4568625.0,2025-06-20
412305.0,4568625.0,2025-06-20
412315.0,4568625.0,2025-06-20
412325.0,4568625.0,2025-06-20
412335.0,4568625.0,2025-06-20
412345.0,4568625.0,2025-06-20
412355.0,4568625.0,2025-06-20
412365.0,4568625.0,2025-06-20
412375.0,4568625.0,2025-06-20
412385.0,4568625.0,2025-06-20
412395.0,4568625.0,2025-06-20
412405.0,4568625.0,2025-06-20
412415.0,4568625.0,2025-06-20
412425.0,4568625.0,2025-06-20
412435.0,4568625.0,2025-06-20
412445.0,4568625.0,2025-06-20
412455.0,4568625.0,2025-06-20
412465.0,4568625.0,2025-06-20
412475.0,4568625.0,2025-06-20
412485.0,4568625.0,2025-06-20
412495.0,4568625.0,2025-06-20
412505.0,4568625.0,2025-06-20
412515.0,4568625.0,2025-06-20
412525.0,4568625.0,2025-06-20
412535.0,4568625.0,2025-06-20
412545.0,4568625.0,2025-06-20
412555.0,4568625.0,2025-06-20
412565.0,4568625.0,2025-06-20
412575.0,4568625.0,2025-06-20
412585.0,4568625.0,2025-06-20
412595.0,4568625.0,2025-06-20
412605.0,4568625.0,2025-06-20
412615.0,4568625.0,2025-06-20
412625.0,4568625.0,2025-06-20
412635.0,4568625.0,2025-06-20
412645.0,4568625.0,2025-06-20
412655.0,4568625.0,2025-06-20
412665.0,4568625.0,2025-06-20
412675.0,4568625.0,2025-06-20
412685.0,4568625.0,2025-06-20
412695.0,4568625.0,2025-06-20
412705.0,4568625.0,2025-06-20
412715.0,4568625.0,2025-06-20
412725.0,4568625.0,2025-06-20
412735.0,4568625.0,2025-06-20
412745.0,4568625.0,2025-06-20
412755.0,4568625.0,2025-06-20
412765.0,4568625.0,2025-06-20
412775.0,4568625.0,2025-06-20
412785.0,4568625.0,2025-06-20
412795.0,4568625.0,2025-06-20
412805.0,4568625.0,2025-06-20
412815.0,4568625.0,2025-06-20
412825.0,4568625.0,2025-06-20
412835.0,4568625.0,2025-06-20
412845.0,4568625.0,2025-06-20
412855.0,4568625.0,2025-06-20
412865.0,4568625.0,2025-06-20
412875.0,4568625.0,2025-06-20
412885.0,4568625.0,2025-06-20
412895.0,4568625.0,2025-06-20
412905.0,4568625.0,2025-06-20
412915.0,4568625.0,2025-06-20
412925.0,4568625.0,2025-06-20
412935.0,4568625.0,2025-06-20
412945.0,4568625.0,2025-06-20
412955.0,4568625.0,2025-06-20
412965.0,4568625.0,2025-06-20
412975.0,4568625.0,2025-06-20
412985.0,4568625.0,2025-06-20
412995.0,4568625.0,2025-06-20
413005.0,4568625.0,2025-06-20
413015.0,4568625.0,2025-06-20
413025.0,4568625.0,2025-06-20
413035.0,4568625.0,2025-06-20
413045.0,4568625.0,2025-06-20
413055.0,4568625.0,2025-06-20
413065.0,4568625.0,2025-06-20
413075.0,4568625.0,2025-06-20
413085.0,4568625.0,2025-06-20
413095.0,4568625.0,2025-06-20
411745.0,4568615.0,2025-06-20
411755.0,4568615.0,2025-06-20
411765.0,4568615.0,2025-06-20
411775.0,4568615.0,2025-06-20
411785.0,4568615.0,2025-06-20
411795.0,4568615.0,2025-06-20
411805.0,4568615.0,2025-06-20
411815.0,4568615.0,2025-06-20
411825.0,4568615.0,2025-06-20
411835.0,4568615.0,2025-06-20
411845.0,4568615.0,2025-06-20
411855.0,4568615.0,2025-06-20
411865.0,4568615.0,2025-06-20
411875.0,4568615.0,2025-06-20
411885.0,4568615.0,2025-06-20
411895.0,4568615.0,2025-06-20
411905.0,4568615.0,2025-06-20
411915.0,4568615.0,2025-06-20
411925.0,4568615.0,2025-06-20
411935.0,4568615.0,2025-06-20
411945.0,4568615.0,2025-06-20
411955.0,4568615.0,2025-06-20
411965.0,4568615.0,2025-06-20
411975.0,4568615.0,2025-06-20
411985.0,4568615.0,2025-06-20
411995.0,4568615.0,2025-06-20
412005.0,4568615.0,2025-06-20
412015.0,4568615.0,2025-06-20
412025.0,4568615.0,2025-06-20
412035.0,4568615.0,2025-06-20
412045.0,4568615.0,2025-06-20
412055.0,4568615.0,2025-06-20
412065.0,4568615.0,2025-06-20
412075.0,4568615.0,2025-06-20
412085.0,4568615.0,2025-06-20
412095.0,4568615.0,2025-06-20
412105.0,4568615.0,2025-06-20
412115.0,4568615.0,2025-06-20
412125.0,4568615.0,2025-06-20
412135.0,4568615.0,2025-06-20
412145.0,4568615.0,2025-06-20
412155.0,4568615.0,2025-06-20
412165.0,4568615.0,2025-06-20
412175.0,4568615.0,2025-06-20
412185.0,4568615.0,2025-06-20
412195.0,4568615.0,2025-06-20
412205.0,4568615.0,2025-06-20
412215.0,4568615.0,2025-06-20
412225.0,4568615.0,2025-06-20
412235.0,4568615.0,2025-06-20
412245.0,4568615.0,2025-06-20
412255.0,4568615.0,2025-06-20
412265.0,4568615.0,2025-06-20
412275.0,4568615.0,2025-06-20
412285.0,4568615.0,2025-06-20
412295.0,4568615.0,2025-06-20
412305.0,4568615.0,2025-06-20
412315.0,4568615.0,2025-06-20
412325.0,4568615.0,2025-06-20
412335.0,4568615.0,2025-06-20
412345.0,4568615.0,2025-06-20
412355.0,4568615.0,2025-06-20
412365.0,4568615.0,2025-06-20
412375.0,4568615.0,2025-06-20
412385.0,4568615.0,2025-06-20
412395.0,4568615.0,2025-06-20
412405.0,4568615.0,2025-06-20
412415.0,4568615.0,2025-06-20
412425.0,4568615.0,2025-06-20
412435.0,4568615.0,2025-06-20
412445.0,4568615.0,2025-06-20
412455.0,4568615.0,2025-06-20
412465.0,4568615.0,2025-06-20
412475.0,4568615.0,2025-06-20
412485.0,4568615.0,2025-06-20
412495.0,4568615.0,2025-06-20
412505.0,4568615.0,2025-06-20
412515.0,4568615.0,2025-06-20
412525.0,4568615.0,2025-06-20
412535.0,4568615.0,2025-06-20
412545.0,4568615.0,2025-06-20
412555.0,4568615.0,2025-06-20
412565.0,4568615.0,2025-06-20
412575.0,4568615.0,2025-06-20
412585.0,4568615.0,2025-06-20
412595.0,4568615.0,2025-06-20
412605.0,4568615.0,2025-06-20
412615.0,4568615.0,2025-06-20
412625.0,4568615.0,2025-06-20
412635.0,4568615.0,2025-06-20
412645.0,4568615.0,2025-06-20
412655.0,4568615.0,2025-06-20
412665.0,4568615.0,2025-06-20
412675.0,4568615.0,2025-06-20
412685.0,4568615.0,2025-06-20
412695.0,4568615.0,2025-06-20
412705.0,4568615.0,2025-06-20
412715.0,4568615.0,2025-06-20
412725.0,4568615.0,2025-06-20
412735.0,4568615.0,2025-06-20
412745.0,4568615.0,2025-06-20
412755.0,4568615.0,2025-06-20
412765.0,4568615.0,2025-06-20
412775.0,4568615.0,2025-06-20
412785.0,4568615.0,2025-06-20
412795.0,4568615.0,2025-06-20
412805.0,4568615.0,2025-06-20
412815.0,4568615.0,2025-06-20
412825.0,4568615.0,2025-06-20
412835.0,4568615.0,2025-06-20
412845.0,4568615.0,2025-06-20
412855.0,4568615.0,2025-06-20
412865.0,4568615.0,2025-06-20
412875.0,4568615.0,2025-06-20
412885.0,4568615.0,2025-06-20
412895.0,4568615.0,2025-06-20
412905.0,4568615.0,2025-06-20
412915.0,4568615.0,2025-06-20
412925.0,4568615.0,2025-06-20
412935.0,4568615.0,2025-06-20
412945.0,4568615.0,2025-06-20
412955.0,4568615.0,2025-06-20
412965.0,4568615.0,2025-06-20
412975.0,4568615.0,2025-06-20
412985.0,4568615.0,2025-06-20
412995.0,4568615.0,2025-06-20
413005.0,4568615.0,2025-06-20
413015.0,4568615.0,2025-06-20
413025.0,4568615.0,2025-06-20
413035.0,4568615.0,2025-06-20
413045.0,4568615.0,2025-06-20
413055.0,4568615.0,2025-06-20
413065.0,4568615.0,2025-06-20
413075.0,4568615.0,2025-06-20
413085.0,4568615.0,2025-06-20
413095.0,4568615.0,2025-06-20
413105.0,4568615.0,2025-06-20
413115.0,4568615.0,2025-06-20
413125.0,4568615.0,2025-06-20
413135.0,4568615.0,2025-06-20
413145.0,4568615.0,2025-06-20
413155.0,4568615.0,2025-06-20
413165.0,4568615.0,2025-06-20
413175.0,4568615.0,2025-06-20
413185.0,4568615.0,2025-06-20
413195.0,4568615.0,2025-06-20
413205.0,4568615.0,2025-06-20
413215.0,4568615.0,2025-06-20
413225.0,4568615.0,2025-06-20
413235.0,4568615.0,2025-06-20
413245.0,4568615.0,2025-06-20
413255.0,4568615.0,2025-06-20
413265.0,4568615.0,2025-06-20
413275.0,4568615.0,2025-06-20
413285.0,4568615.0,2025-06-20
413295.0,4568615.0,2025-06-20
413305.0,4568615.0,2025-06-20
413315.0,4568615.0,2025-06-20
413325.0,4568615.0,2025-06-20
413335.0,4568615.0,2025-06-20
413345.0,4568615.0,2025-06-20
413355.0,4568615.0,2025-06-20
413365.0,4568615.0,2025-06-20
413375.0,4568615.0,2025-06-20
413385.0,4568615.0,2025-06-20
413395.0,4568615.0,2025-06-20
413405.0,4568615.0,2025-06-20
413415.0,4568615.0,2025-06-20
413425.0,4568615.0,2025-06-20
413435.0,4568615.0,2025-06-20
413445.0,4568615.0,2025-06-20
413455.0,4568615.0,2025-06-20
413465.0,4568615.0,2025-06-20
413475.0,4568615.0,2025-06-20
413485.0,4568615.0,2025-06-20
413495.0,4568615.0,2025-06-20
413505.0,4568615.0,2025-06-20
413515.0,4568615.0,2025-06-20
413525.0,4568615.0,2025-06-20
413535.0,4568615.0,2025-06-20
413545.0,4568615.0,2025-06-20
413555.0,4568615.0,2025-06-20
413565.0,4568615.0,2025-06-20
413575.0,4568615.0,2025-06-20
413585.0,4568615.0,2025-06-20
413595.0,4568615.0,2025-06-20
413605.0,4568615.0,2025-06-20
413615.0,4568615.0,2025-06-20
413625.0,4568615.0,2025-06-20
413635.0,4568615.0,2025-06-20
413645.0,4568615.0,2025-06-20
413655.0,4568615.0,2025-06-20
413665.0,4568615.0,2025-06-20
413675.0,4568615.0,2025-06-20
413685.0,4568615.0,2025-06-20
413695.0,4568615.0,2025-06-20
413705.0,4568615.0,2025-06-20
413715.0,4568615.0,2025-06-20
413725.0,4568615.0,2025-06-20
413735.0,4568615.0,2025-06-20
413745.0,4568615.0,2025-06-20
413755.0,4568615.0,2025-06-20
413765.0,4568615.0,2025-06-20
413775.0,4568615.0,2025-06-20
413785.0,4568615.0,2025-06-20
413795.0,4568615.0,2025-06-20
413805.0,4568615.0,2025-06-20
413815.0,4568615.0,2025-06-20
413825.0,4568615.0,2025-06-20
413835.0,4568615.0,2025-06-20
413845.0,4568615.0,2025-06-20
413855.0,4568615.0,2025-06-20
413865.0,4568615.0,2025-06-20
413875.0,4568615.0,2025-06-20
413885.0,4568615.0,2025-06-20
413895.0,4568615.0,2025-06-20
413905.0,4568615.0,2025-06-20
413915.0,4568615.0,2025-06-20
413925.0,4568615.0,2025-06-20
413935.0,4568615.0,2025-06-20
411745.0,4568605.0,2025-06-20
411755.0,4568605.0,2025-06-20
411765.0,4568605.0,2025-06-20
411775.0,4568605.0,2025-06-20
411785.0,4568605.0,2025-06-20
411795.0,4568605.0,2025-06-20
411805.0,4568605.0,2025-06-20
411815.0,4568605.0,2025-06-20
411825.0,4568605.0,2025-06-20
411835.0,4568605.0,2025-06-20
411845.0,4568605.0,2025-06-20
411855.0,4568605.0,2025-06-20
411865.0,4568605.0,2025-06-20
411875.0,4568605.0,2025-06-20
411885.0,4568605.0,2025-06-20
411895.0,4568605.0,2025-06-20
411905.0,4568605.0,2025-06-20
411915.0,4568605.0,2025-06-20
411925.0,4568605.0,2025-06-20
411935.0,4568605.0,2025-06-20
411945.0,4568605.0,2025-06-20
411955.0,4568605.0,2025-06-20
411965.0,4568605.0,2025-06-20
411975.0,4568605.0,2025-06-20
411985.0,4568605.0,2025-06-20
411995.0,4568605.0,2025-06-20
412005.0,4568605.0,2025-06-20
412015.0,4568605.0,2025-06-20
412025.0,4568605.0,2025-06-20
412035.0,4568605.0,2025-06-20
412045.0,4568605.0,2025-06-20
412055.0,4568605.0,2025-06-20
412065.0,4568605.0,2025-06-20
412075.0,4568605.0,2025-06-20
412085.0,4568605.0,2025-06-20
412095.0,4568605.0,2025-06-20
412105.0,4568605.0,2025-06-20
412115.0,4568605.0,2025-06-20
412125.0,4568605.0,2025-06-20
412135.0,4568605.0,2025-06-20
412145.0,4568605.0,2025-06-20
412155.0,4568605.0,2025-06-20
412165.0,4568605.0,2025-06-20
412175.0,4568605.0,2025-06-20
412185.0,4568605.0,2025-06-20
412195.0,4568605.0,2025-06-20
412205.0,4568605.0,2025-06-20
412215.0,4568605.0,2025-06-20
412225.0,4568605.0,2025-06-20
412235.0,4568605.0,2025-06-20
412245.0,4568605.0,2025-06-20
412255.0,4568605.0,2025-06-20
412265.0,4568605.0,2025-06-20
412275.0,4568605.0,2025-06-20
412285.0,4568605.0,2025-06-20
412295.0,4568605.0,2025-06-20
412305.0,4568605.0,2025-06-20
412315.0,4568605.0,2025-06-20
412325.0,4568605.0,2025-06-20
412335.0,4568605.0,2025-06-20
412345.0,4568605.0,2025-06-20
412355.0,4568605.0,2025-06-20
412365.0,4568605.0,2025-06-20
412375.0,4568605.0,2025-06-20
412385.0,4568605.0,2025-06-20
412395.0,4568605.0,2025-06-20
412405.0,4568605.0,2025-06-20
412415.0,4568605.0,2025-06-20
412425.0,4568605.0,2025-06-20
412435.0,4568605.0,2025-06-20
412445.0,4568605.0,2025-06-20
412455.0,4568605.0,2025-06-20
412465.0,4568605.0,2025-06-20
412475.0,4568605.0,2025-06-20
412485.0,4568605.0,2025-06-20
412495.0,4568605.0,2025-06-20
412505.0,4568605.0,2025-06-20
412515.0,4568605.0,2025-06-20
412525.0,4568605.0,2025-06-20
412535.0,4568605.0,2025-06-20
412545.0,4568605.0,2025-06-20
412555.0,4568605.0,2025-06-20
412565.0,4568605.0,2025-06-20
412575.0,4568605.0,2025-06-20
412585.0,4568605.0,2025-06-20
412595.0,4568605.0,2025-06-20
412605.0,4568605.0,2025-06-20
412615.0,4568605.0,2025-06-20
412625.0,4568605.0,2025-06-20
412635.0,4568605.0,2025-06-20
412645.0,4568605.0,2025-06-20
412655.0,4568605.0,2025-06-20
412665.0,4568605.0,2025-06-20
412675.0,4568605.0,2025-06-20
412685.0,4568605.0,2025-06-20
412695.0,4568605.0,2025-06-20
412705.0,4568605.0,2025-06-20
412715.0,4568605.0,2025-06-20
412725.0,4568605.0,2025-06-20
412735.0,4568605.0,2025-06-20
412745.0,4568605.0,2025-06-20
412755.0,4568605.0,2025-06-20
412765.0,4568605.0,2025-06-20
412775.0,4568605.0,2025-06-20
412785.0,4568605.0,2025-06-20
412795.0,4568605.0,2025-06-20
412805.0,4568605.0,2025-06-20
412815.0,4568605.0,2025-06-20
412825.0,4568605.0,2025-06-20
412835.0,4568605.0,2025-06-20
412845.0,4568605.0,2025-06-20
412855.0,4568605.0,2025-06-20
412865.0,4568605.0,2025-06-20
412875.0,4568605.0,2025-06-20
412885.0,4568605.0,2025-06-20
412895.0,4568605.0,2025-06-20
412905.0,4568605.0,2025-06-20
412915.0,4568605.0,2025-06-20
412925.0,4568605.0,2025-06-20
412935.0,4568605.0,2025-06-20
412945.0,4568605.0,2025-06-20
412955.0,4568605.0,2025-06-20
412965.0,4568605.0,2025-06-20
412975.0,4568605.0,2025-06-20
412985.0,4568605.0,2025-06-20
412995.0,4568605.0,2025-06-20
413005.0,4568605.0,2025-06-20
413015.0,4568605.0,2025-06-20
413025.0,4568605.0,2025-06-20
413035.0,4568605.0,2025-06-20
413045.0,4568605.0,2025-06-20
413055.0,4568605.0,2025-06-20
413065.0,4568605.0,2025-06-20
413075.0,4568605.0,2025-06-20
413085.0,4568605.0,2025-06-20
413095.0,4568605.0,2025-06-20
413105.0,4568605.0,2025-06-20
413115.0,4568605.0,2025-06-20
413125.0,4568605.0,2025-06-20
413135.0,4568605.0,2025-06-20
413145.0,4568605.0,2025-06-20
413155.0,4568605.0,2025-06-20
413165.0,4568605.0,2025-06-20
413175.0,4568605.0,2025-06-20
413185.0,4568605.0,2025-06-20
413195.0,4568605.0,2025-06-20
413205.0,4568605.0,2025-06-20
413215.0,4568605.0,2025-06-20
413225.0,4568605.0,2025-06-20
413235.0,4568605.0,2025-06-20
413245.0,4568605.0,2025-06-20
413255.0,4568605.0,2025-06-20
413265.0,4568605.0,2025-06-20
413275.0,4568605.0,2025-06-20
413285.0,4568605.0,2025-06-20
413295.0,4568605.0,2025-06-20
413305.0,4568605.0,2025-06-20
413315.0,4568605.0,2025-06-20
413325.0,4568605.0,2025-06-20
413335.0,4568605.0,2025-06-20
413345.0,4568605.0,2025-06-20
413355.0,4568605.0,2025-06-20
413365.0,4568605.0,2025-06-20
413375.0,4568605.0,2025-06-20
413385.0,4568605.0,2025-06-20
413395.0,4568605.0,2025-06-20
413405.0,4568605.0,2025-06-20
413415.0,4568605.0,2025-06-20
413425.0,4568605.0,2025-06-20
413435.0,4568605.0,2025-06-20
413445.0,4568605.0,2025-06-20
413455.0,4568605.0,2025-06-20
413465.0,4568605.0,2025-06-20
413475.0,4568605.0,2025-06-20
413485.0,4568605.0,2025-06-20
413495.0,4568605.0,2025-06-20
413505.0,4568605.0,2025-06-20
413515.0,4568605.0,2025-06-20
413525.0,4568605.0,2025-06-20
413535.0,4568605.0,2025-06-20
413545.0,4568605.0,2025-06-20
413555.0,4568605.0,2025-06-20
413565.0,4568605.0,2025-06-20
413575.0,4568605.0,2025-06-20
413585.0,4568605.0,2025-06-20
413595.0,4568605.0,2025-06-20
413605.0,4568605.0,2025-06-20
413615.0,4568605.0,2025-06-20
413625.0,4568605.0,2025-06-20
413635.0,4568605.0,2025-06-20
413645.0,4568605.0,2025-06-20
413655.0,4568605.0,2025-06-20
413665.0,4568605.0,2025-06-20
413675.0,4568605.0,2025-06-20
413685.0,4568605.0,2025-06-20
413695.0,4568605.0,2025-06-20
413705.0,4568605.0,2025-06-20
413715.0,4568605.0,2025-06-20
413725.0,4568605.0,2025-06-20
413735.0,4568605.0,2025-06-20
413745.0,4568605.0,2025-06-20
413755.0,4568605.0,2025-06-20
413765.0,4568605.0,2025-06-20
413775.0,4568605.0,2025-06-20
413785.0,4568605.0,2025-06-20
413795.0,4568605.0,2025-06-20
413805.0,4568605.0,2025-06-20
413815.0,4568605.0,2025-06-20
413825.0,4568605.0,2025-06-20
413835.0,4568605.0,2025-06-20
413845.0,4568605.0,2025-06-20
413855.0,4568605.0,2025-06-20
413865.0,4568605.0,2025-06-20
413875.0,4568605.0,2025-06-20
413885.0,4568605.0,2025-06-20
413895.0,4568605.0,2025-06-20
413905.0,4568605.0,2025-06-20
413915.0,4568605.0,2025-06-20
413925.0,4568605.0,2025-06-20
413935.0,4568605.0,2025-06-20
413945.0,4568605.0,2025-06-20
413955.0,4568605.0,2025-06-20
413965.0,4568605.0,2025-06-20
413975.0,4568605.0,2025-06-20
413985.0,4568605.0,2025-06-20
413995.0,4568605.0,2025-06-20
414005.0,4568605.0,2025-06-20
414015.0,4568605.0,2025-06-20
414025.0,4568605.0,2025-06-20
414035.0,4568605.0,2025-06-20
414045.0,4568605.0,2025-06-20
414055.0,4568605.0,2025-06-20
414065.0,4568605.0,2025-06-20
414075.0,4568605.0,2025-06-20
414085.0,4568605.0,2025-06-20
414095.0,4568605.0,2025-06-20
414105.0,4568605.0,2025-06-20
414115.0,4568605.0,2025-06-20
414125.0,4568605.0,2025-06-20
414135.0,4568605.0,2025-06-20
414145.0,4568605.0,2025-06-20
414155.0,4568605.0,2025-06-20
414165.0,4568605.0,2025-06-20
414175.0,4568605.0,2025-06-20
414185.0,4568605.0,2025-06-20
414195.0,4568605.0,2025-06-20
414205.0,4568605.0,2025-06-20
414215.0,4568605.0,2025-06-20
414225.0,4568605.0,2025-06-20
414235.0,4568605.0,2025-06-20
414245.0,4568605.0,2025-06-20
414255.0,4568605.0,2025-06-20
414265.0,4568605.0,2025-06-20
414275.0,4568605.0,2025-06-20
414285.0,4568605.0,2025-06-20
414295.0,4568605.0,2025-06-20
414305.0,4568605.0,2025-06-20
414315.0,4568605.0,2025-06-20
414325.0,4568605.0,2025-06-20
414335.0,4568605.0,2025-06-20
414345.0,4568605.0,2025-06-20
414355.0,4568605.0,2025-06-20
414365.0,4568605.0,2025-06-20
414375.0,4568605.0,2025-06-20
414385.0,4568605.0,2025-06-20
414395.0,4568605.0,2025-06-20
414405.0,4568605.0,2025-06-20
414415.0,4568605.0,2025-06-20
414425.0,4568605.0,2025-06-20
414435.0,4568605.0,2025-06-20
414445.0,4568605.0,2025-06-20
414455.0,4568605.0,2025-06-20
414465.0,4568605.0,2025-06-20
414475.0,4568605.0,2025-06-20
414485.0,4568605.0,2025-06-20
414495.0,4568605.0,2025-06-20
414505.0,4568605.0,2025-06-20
414515.0,4568605.0,2025-06-20
414525.0,4568605.0,2025-06-20
414535.0,4568605.0,2025-06-20
414545.0,4568605.0,2025-06-20
414555.0,4568605.0,2025-06-20
414565.0,4568605.0,2025-06-20
414575.0,4568605.0,2025-06-20
414585.0,4568605.0,2025-06-20
414595.0,4568605.0,2025-06-20
414605.0,4568605.0,2025-06-20
414615.0,4568605.0,2025-06-20
414625.0,4568605.0,2025-06-20
414635.0,4568605.0,2025-06-20
414645.0,4568605.0,2025-06-20
414655.0,4568605.0,2025-06-20
414665.0,4568605.0,2025-06-20
414675.0,4568605.0,2025-06-20
414685.0,4568605.0,2025-06-20
414695.0,4568605.0,2025-06-20
414705.0,4568605.0,2025-06-20
414715.0,4568605.0,2025-06-20
414725.0,4568605.0,2025-06-20
414735.0,4568605.0,2025-06-20
414745.0,4568605.0,2025-06-20
414755.0,4568605.0,2025-06-20
414765.0,4568605.0,2025-06-20
414775.0,4568605.0,2025-06-20
414785.0,4568605.0,2025-06-20
411745.0,4568595.0,2025-06-20
411755.0,4568595.0,2025-06-20
411765.0,4568595.0,2025-06-20
411775.0,4568595.0,2025-06-20
411785.0,4568595.0,2025-06-20
411795.0,4568595.0,2025-06-20
411805.0,4568595.0,2025-06-20
411815.0,4568595.0,2025-06-20
411825.0,4568595.0,2025-06-20
411835.0,4568595.0,2025-06-20
411845.0,4568595.0,2025-06-20
411855.0,4568595.0,2025-06-20
411865.0,4568595.0,2025-06-20
411875.0,4568595.0,2025-06-20
411885.0,4568595.0,2025-06-20
411895.0,4568595.0,2025-06-20
411905.0,4568595.0,2025-06-20
411915.0,4568595.0,2025-06-20
411925.0,4568595.0,2025-06-20
411935.0,4568595.0,2025-06-20
411945.0,4568595.0,2025-06-20
411955.0,4568595.0,2025-06-20
411965.0,4568595.0,2025-06-20
411975.0,4568595.0,2025-06-20
411985.0,4568595.0,2025-06-20
411995.0,4568595.0,2025-06-20
412005.0,4568595.0,2025-06-20
412015.0,4568595.0,2025-06-20
412025.0,4568595.0,2025-06-20
412035.0,4568595.0,2025-06-20
412045.0,4568595.0,2025-06-20
412055.0,4568595.0,2025-06-20
412065.0,4568595.0,2025-06-20
412075.0,4568595.0,2025-06-20
412085.0,4568595.0,2025-06-20
412095.0,4568595.0,2025-06-20
412105.0,4568595.0,2025-06-20
412115.0,4568595.0,2025-06-20
412125.0,4568595.0,2025-06-20
412135.0,4568595.0,2025-06-20
412145.0,4568595.0,2025-06-20
412155.0,4568595.0,2025-06-20
412165.0,4568595.0,2025-06-20
412175.0,4568595.0,2025-06-20
412185.0,4568595.0,2025-06-20
412195.0,4568595.0,2025-06-20
412205.0,4568595.0,2025-06-20
412215.0,4568595.0,2025-06-20
412225.0,4568595.0,2025-06-20
412235.0,4568595.0,2025-06-20
412245.0,4568595.0,2025-06-20
412255.0,4568595.0,2025-06-20
412265.0,4568595.0,2025-06-20
412275.0,4568595.0,2025-06-20
412285.0,4568595.0,2025-06-20
412295.0,4568595.0,2025-06-20
412305.0,4568595.0,2025-06-20
412315.0,4568595.0,2025-06-20
412325.0,4568595.0,2025-06-20
412335.0,4568595.0,2025-06-20
412345.0,4568595.0,2025-06-20
412355.0,4568595.0,2025-06-20
412365.0,4568595.0,2025-06-20
412375.0,4568595.0,2025-06-20
412385.0,4568595.0,2025-06-20
412395.0,4568595.0,2025-06-20
412405.0,4568595.0,2025-06-20
412415.0,4568595.0,2025-06-20
412425.0,4568595.0,2025-06-20
412435.0,4568595.0,2025-06-20
412445.0,4568595.0,2025-06-20
412455.0,4568595.0,2025-06-20
412465.0,4568595.0,2025-06-20
412475.0,4568595.0,2025-06-20
412485.0,4568595.0,2025-06-20
412495.0,4568595.0,2025-06-20
412505.0,4568595.0,2025-06-20
412515.0,4568595.0,2025-06-20
412525.0,4568595.0,2025-06-20
412535.0,4568595.0,2025-06-20
412545.0,4568595.0,2025-06-20
412555.0,4568595.0,2025-06-20
412565.0,4568595.0,2025-06-20
412575.0,4568595.0,2025-06-20
412585.0,4568595.0,2025-06-20
412595.0,4568595.0,2025-06-20
412605.0,4568595.0,2025-06-20
412615.0,4568595.0,2025-06-20
412625.0,4568595.0,2025-06-20
412635.0,4568595.0,2025-06-20
412645.0,4568595.0,2025-06-20
412655.0,4568595.0,2025-06-20
412665.0,4568595.0,2025-06-20
412675.0,4568595.0,2025-06-20
412685.0,4568595.0,2025-06-20
412695.0,4568595.0,2025-06-20
412705.0,4568595.0,2025-06-20
412715.0,4568595.0,2025-06-20
412725.0,4568595.0,2025-06-20
412735.0,4568595.0,2025-06-20
412745.0,4568595.0,2025-06-20
412755.0,4568595.0,2025-06-20
412765.0,4568595.0,2025-06-20
412775.0,4568595.0,2025-06-20
412785.0,4568595.0,2025-06-20
412795.0,4568595.0,2025-06-20
412805.0,4568595.0,2025-06-20
412815.0,4568595.0,2025-06-20
412825.0,4568595.0,2025-06-20
412835.0,4568595.0,2025-06-20
412845.0,4568595.0,2025-06-20
412855.0,4568595.0,2025-06-20
412865.0,4568595.0,2025-06-20
412875.0,4568595.0,2025-06-20
412885.0,4568595.0,2025-06-20
412895.0,4568595.0,2025-06-20
412905.0,4568595.0,2025-06-20
412915.0,4568595.0,2025-06-20
412925.0,4568595.0,2025-06-20
412935.0,4568595.0,2025-06-20
412945.0,4568595.0,2025-06-20
412955.0,4568595.0,2025-06-20
412965.0,4568595.0,2025-06-20
412975.0,4568595.0,2025-06-20
412985.0,4568595.0,2025-06-20
412995.0,4568595.0,2025-06-20
413005.0,4568595.0,2025-06-20
413015.0,4568595.0,2025-06-20
413025.0,4568595.0,2025-06-20
413035.0,4568595.0,2025-06-20
413045.0,4568595.0,2025-06-20
413055.0,4568595.0,2025-06-20
413065.0,4568595.0,2025-06-20
413075.0,4568595.0,2025-06-20
413085.0,4568595.0,2025-06-20
413095.0,4568595.0,2025-06-20
413105.0,4568595.0,2025-06-20
413115.0,4568595.0,2025-06-20
413125.0,4568595.0,2025-06-20
413135.0,4568595.0,2025-06-20
413145.0,4568595.0,2025-06-20
413155.0,4568595.0,2025-06-20
413165.0,4568595.0,2025-06-20
413175.0,4568595.0,2025-06-20
413185.0,4568595.0,2025-06-20
413195.0,4568595.0,2025-06-20
413205.0,4568595.0,2025-06-20
413215.0,4568595.0,2025-06-20
413225.0,4568595.0,2025-06-20
413235.0,4568595.0,2025-06-20
413245.0,4568595.0,2025-06-20
413255.0,4568595.0,2025-06-20
413265.0,4568595.0,2025-06-20
413275.0,4568595.0,2025-06-20
413285.0,4568595.0,2025-06-20
413295.0,4568595.0,2025-06-20
413305.0,4568595.0,2025-06-20
413315.0,4568595.0,2025-06-20
413325.0,4568595.0,2025-06-20
413335.0,4568595.0,2025-06-20
413345.0,4568595.0,2025-06-20
413355.0,4568595.0,2025-06-20
413365.0,4568595.0,2025-06-20
413375.0,4568595.0,2025-06-20
413385.0,4568595.0,2025-06-20
413395.0,4568595.0,2025-06-20
413405.0,4568595.0,2025-06-20
413415.0,4568595.0,2025-06-20
413425.0,4568595.0,2025-06-20
413435.0,4568595.0,2025-06-20
413445.0,4568595.0,2025-06-20
413455.0,4568595.0,2025-06-20
413465.0,4568595.0,2025-06-20
413475.0,4568595.0,2025-06-20
413485.0,4568595.0,2025-06-20
413495.0,4568595.0,2025-06-20
413505.0,4568595.0,2025-06-20
413515.0,4568595.0,2025-06-20
413525.0,4568595.0,2025-06-20
413535.0,4568595.0,2025-06-20
413545.0,4568595.0,2025-06-20
413555.0,4568595.0,2025-06-20
413565.0,4568595.0,2025-06-20
413575.0,4568595.0,2025-06-20
413585.0,4568595.0,2025-06-20
413595.0,4568595.0,2025-06-20
413605.0,4568595.0,2025-06-20
413615.0,4568595.0,2025-06-20
413625.0,4568595.0,2025-06-20
413635.0,4568595.0,2025-06-20
413645.0,4568595.0,2025-06-20
413655.0,4568595.0,2025-06-20
413665.0,4568595.0,2025-06-20
413675.0,4568595.0,2025-06-20
413685.0,4568595.0,2025-06-20
413695.0,4568595.0,2025-06-20
413705.0,4568595.0,2025-06-20
413715.0,4568595.0,2025-06-20
413725.0,4568595.0,2025-06-20
413735.0,4568595.0,2025-06-20
413745.0,4568595.0,2025-06-20
413755.0,4568595.0,2025-06-20
413765.0,4568595.0,2025-06-20
413775.0,4568595.0,2025-06-20
413785.0,4568595.0,2025-06-20
413795.0,4568595.0,2025-06-20
413805.0,4568595.0,2025-06-20
413815.0,4568595.0,2025-06-20
413825.0,4568595.0,2025-06-20
413835.0,4568595.0,2025-06-20
413845.0,4568595.0,2025-06-20
413855.0,4568595.0,2025-06-20
413865.0,4568595.0,2025-06-20
413875.0,4568595.0,2025-06-20
413885.0,4568595.0,2025-06-20
413895.0,4568595.0,2025-06-20
413905.0,4568595.0,2025-06-20
413915.0,4568595.0,2025-06-20
413925.0,4568595.0,2025-06-20
413935.0,4568595.0,2025-06-20
413945.0,4568595.0,2025-06-20
413955.0,4568595.0,2025-06-20
413965.0,4568595.0,2025-06-20
413975.0,4568595.0,2025-06-20
413985.0,4568595.0,2025-06-20
413995.0,4568595.0,2025-06-20
414005.0,4568595.0,2025-06-20
414015.0,4568595.0,2025-06-20
414025.0,4568595.0,2025-06-20
414035.0,4568595.0,2025-06-20
414045.0,4568595.0,2025-06-20
414055.0,4568595.0,2025-06-20
414065.0,4568595.0,2025-06-20
414075.0,4568595.0,2025-06-20
414085.0,4568595.0,2025-06-20
414095.0,4568595.0,2025-06-20
414105.0,4568595.0,2025-06-20
414115.0,4568595.0,2025-06-20
414125.0,4568595.0,2025-06-20
414135.0,4568595.0,2025-06-20
414145.0,4568595.0,2025-06-20
414155.0,4568595.0,2025-06-20
414165.0,4568595.0,2025-06-20
414175.0,4568595.0,2025-06-20
414185.0,4568595.0,2025-06-20
414195.0,4568595.0,2025-06-20
414205.0,4568595.0,2025-06-20
414215.0,4568595.0,2025-06-20
414225.0,4568595.0,2025-06-20
414235.0,4568595.0,2025-06-20
414245.0,4568595.0,2025-06-20
414255.0,4568595.0,2025-06-20
414265.0,4568595.0,2025-06-20
414275.0,4568595.0,2025-06-20
414285.0,4568595.0,2025-06-20
414295.0,4568595.0,2025-06-20
414305.0,4568595.0,2025-06-20
414315.0,4568595.0,2025-06-20
414325.0,4568595.0,2025-06-20
414335.0,4568595.0,2025-06-20
414345.0,4568595.0,2025-06-20
414355.0,4568595.0,2025-06-20
414365.0,4568595.0,2025-06-20
414375.0,4568595.0,2025-06-20
414385.0,4568595.0,2025-06-20
414395.0,4568595.0,2025-06-20
414405.0,4568595.0,2025-06-20
414415.0,4568595.0,2025-06-20
414425.0,4568595.0,2025-06-20
414435.0,4568595.0,2025-06-20
414445.0,4568595.0,2025-06-20
414455.0,4568595.0,2025-06-20
414465.0,4568595.0,2025-06-20
414475.0,4568595.0,2025-06-20
414485.0,4568595.0,2025-06-20
414495.0,4568595.0,2025-06-20
414505.0,4568595.0,2025-06-20
414515.0,4568595.0,2025-06-20
414525.0,4568595.0,2025-06-20
414535.0,4568595.0,2025-06-20
414545.0,4568595.0,2025-06-20
414555.0,4568595.0,2025-06-20
414565.0,4568595.0,2025-06-20
414575.0,4568595.0,2025-06-20
414585.0,4568595.0,2025-06-20
414595.0,4568595.0,2025-06-20
414605.0,4568595.0,2025-06-20
414615.0,4568595.0,2025-06-20
414625.0,4568595.0,2025-06-20
414635.0,4568595.0,2025-06-20
414645.0,4568595.0,2025-06-20
414655.0,4568595.0,2025-06-20
414665.0,4568595.0,2025-06-20
414675.0,4568595.0,2025-06-20
414685.0,4568595.0,2025-06-20
414695.0,4568595.0,2025-06-20
414705.0,4568595.0,2025-06-20
414715.0,4568595.0,2025-06-20
414725.0,4568595.0,2025-06-20
414735.0,4568595.0,2025-06-20
414745.0,4568595.0,2025-06-20
414755.0,4568595.0,2025-06-20
414765.0,4568595.0,2025-06-20
414775.0,4568595.0,2025-06-20
414785.0,4568595.0,2025-06-20
414795.0,4568595.0,2025-06-20
414805.0,4568595.0,2025-06-20
414815.0,4568595.0,2025-06-20
414825.0,4568595.0,2025-06-20
414835.0,4568595.0,2025-06-20
414845.0,4568595.0,2025-06-20
414855.0,4568595.0,2025-06-20
414865.0,4568595.0,2025-06-20
414875.0,4568595.0,2025-06-20
414885.0,4568595.0,2025-06-20
414895.0,4568595.0,2025-06-20
414905.0,4568595.0,2025-06-20
414915.0,4568595.0,2025-06-20
414925.0,4568595.0,2025-06-20
414935.0,4568595.0,2025-06-20
414945.0,4568595.0,2025-06-20
414955.0,4568595.0,2025-06-20
414965.0,4568595.0,2025-06-20
414975.0,4568595.0,2025-06-20
414985.0,4568595.0,2025-06-20
414995.0,4568595.0,2025-06-20
415005.0,4568595.0,2025-06-20
415015.0,4568595.0,2025-06-20
415025.0,4568595.0,2025-06-20
415035.0,4568595.0,2025-06-20
415045.0,4568595.0,2025-06-20
415055.0,4568595.0,2025-06-20
415065.0,4568595.0,2025-06-20
415075.0,4568595.0,2025-06-20
415085.0,4568595.0,2025-06-20
415095.0,4568595.0,2025-06-20
415105.0,4568595.0,2025-06-20
415115.0,4568595.0,2025-06-20
415125.0,4568595.0,2025-06-20
415135.0,4568595.0,2025-06-20
415145.0,4568595.0,2025-06-20
415155.0,4568595.0,2025-06-20
415165.0,4568595.0,2025-06-20
415175.0,4568595.0,2025-06-20
415185.0,4568595.0,2025-06-20
415195.0,4568595.0,2025-06-20
415205.0,4568595.0,2025-06-20
415215.0,4568595.0,2025-06-20
415225.0,4568595.0,2025-06-20
415235.0,4568595.0,2025-06-20
415245.0,4568595.0,2025-06-20
415255.0,4568595.0,2025-06-20
415265.0,4568595.0,2025-06-20
415275.0,4568595.0,2025-06-20
415285.0,4568595.0,2025-06-20
415295.0,4568595.0,2025-06-20
415305.0,4568595.0,2025-06-20
415315.0,4568595.0,2025-06-20
415325.0,4568595.0,2025-06-20
415335.0,4568595.0,2025-06-20
415345.0,4568595.0,2025-06-20
415355.0,4568595.0,2025-06-20
415365.0,4568595.0,2025-06-20
415375.0,4568595.0,2025-06-20
415385.0,4568595.0,2025-06-20
415395.0,4568595.0,2025-06-20
415405.0,4568595.0,2025-06-20
415415.0,4568595.0,2025-06-20
415425.0,4568595.0,2025-06-20
415435.0,4568595.0,2025-06-20
415445.0,4568595.0,2025-06-20
415455.0,4568595.0,2025-06-20
415465.0,4568595.0,2025-06-20
415475.0,4568595.0,2025-06-20
415485.0,4568595.0,2025-06-20
415495.0,4568595.0,2025-06-20
415505.0,4568595.0,2025-06-20
415515.0,4568595.0,2025-06-20
415525.0,4568595.0,2025-06-20
415535.0,4568595.0,2025-06-20
415545.0,4568595.0,2025-06-20
415555.0,4568595.0,2025-06-20
415565.0,4568595.0,2025-06-20
415575.0,4568595.0,2025-06-20
415585.0,4568595.0,2025-06-20
415595.0,4568595.0,2025-06-20
415605.0,4568595.0,2025-06-20
415615.0,4568595.0,2025-06-20
415625.0,4568595.0,2025-06-20
415635.0,4568595.0,2025-06-20
411745.0,4568585.0,2025-06-20
411755.0,4568585.0,2025-06-20
411765.0,4568585.0,2025-06-20
411775.0,4568585.0,2025-06-20
411785.0,4568585.0,2025-06-20
411795.0,4568585.0,2025-06-20
411805.0,4568585.0,2025-06-20
411815.0,4568585.0,2025-06-20
411825.0,4568585.0,2025-06-20
411835.0,4568585.0,2025-06-20
411845.0,4568585.0,2025-06-20
411855.0,4568585.0,2025-06-20
411865.0,4568585.0,2025-06-20
411875.0,4568585.0,2025-06-20
411885.0,4568585.0,2025-06-20
411895.0,4568585.0,2025-06-20
411905.0,4568585.0,2025-06-20
411915.0,4568585.0,2025-06-20
411925.0,4568585.0,2025-06-20
411935.0,4568585.0,2025-06-20
411945.0,4568585.0,2025-06-20
411955.0,4568585.0,2025-06-20
411965.0,4568585.0,2025-06-20
411975.0,4568585.0,2025-06-20
411985.0,4568585.0,2025-06-20
411995.0,4568585.0,2025-06-20
412005.0,4568585.0,2025-06-20
412015.0,4568585.0,2025-06-20
412025.0,4568585.0,2025-06-20
412035.0,4568585.0,2025-06-20
412045.0,4568585.0,2025-06-20
412055.0,4568585.0,2025-06-20
412065.0,4568585.0,2025-06-20
412075.0,4568585.0,2025-06-20
412085.0,4568585.0,2025-06-20
412095.0,4568585.0,2025-06-20
412105.0,4568585.0,2025-06-20
412115.0,4568585.0,2025-06-20
412125.0,4568585.0,2025-06-20
412135.0,4568585.0,2025-06-20
412145.0,4568585.0,2025-06-20
412155.0,4568585.0,2025-06-20
412165.0,4568585.0,2025-06-20
412175.0,4568585.0,2025-06-20
412185.0,4568585.0,2025-06-20
412195.0,4568585.0,2025-06-20
412205.0,4568585.0,2025-06-20
412215.0,4568585.0,2025-06-20
412225.0,4568585.0,2025-06-20
412235.0,4568585.0,2025-06-20
412245.0,4568585.0,2025-06-20
412255.0,4568585.0,2025-06-20
412265.0,4568585.0,2025-06-20
412275.0,4568585.0,2025-06-20
412285.0,4568585.0,2025-06-20
412295.0,4568585.0,2025-06-20
412305.0,4568585.0,2025-06-20
412315.0,4568585.0,2025-06-20
412325.0,4568585.0,2025-06-20
412335.0,4568585.0,2025-06-20
412345.0,4568585.0,2025-06-20
412355.0,4568585.0,2025-06-20
412365.0,4568585.0,2025-06-20
412375.0,4568585.0,2025-06-20
412385.0,4568585.0,2025-06-20
412395.0,4568585.0,2025-06-20
412405.0,4568585.0,2025-06-20
412415.0,4568585.0,2025-06-20
412425.0,4568585.0,2025-06-20
412435.0,4568585.0,2025-06-20
412445.0,4568585.0,2025-06-20
412455.0,4568585.0,2025-06-20
412465.0,4568585.0,2025-06-20
412475.0,4568585.0,2025-06-20
412485.0,4568585.0,2025-06-20
412495.0,4568585.0,2025-06-20
412505.0,4568585.0,2025-06-20
412515.0,4568585.0,2025-06-20
412525.0,4568585.0,2025-06-20
412535.0,4568585.0,2025-06-20
412545.0,4568585.0,2025-06-20
412555.0,4568585.0,2025-06-20
412565.0,4568585.0,2025-06-20
412575.0,4568585.0,2025-06-20
412585.0,4568585.0,2025-06-20
412595.0,4568585.0,2025-06-20
412605.0,4568585.0,2025-06-20
412615.0,4568585.0,2025-06-20
412625.0,4568585.0,2025-06-20
412635.0,4568585.0,2025-06-20
412645.0,4568585.0,2025-06-20
412655.0,4568585.0,2025-06-20
412665.0,4568585.0,2025-06-20
412675.0,4568585.0,2025-06-20
412685.0,4568585.0,2025-06-20
412695.0,4568585.0,2025-06-20
412705.0,4568585.0,2025-06-20
412715.0,4568585.0,2025-06-20
412725.0,4568585.0,2025-06-20
412735.0,4568585.0,2025-06-20
412745.0,4568585.0,2025-06-20
412755.0,4568585.0,2025-06-20
412765.0,4568585.0,2025-06-20
412775.0,4568585.0,2025-06-20
412785.0,4568585.0,2025-06-20
412795.0,4568585.0,2025-06-20
412805.0,4568585.0,2025-06-20
412815.0,4568585.0,2025-06-20
412825.0,4568585.0,2025-06-20
412835.0,4568585.0,2025-06-20
412845.0,4568585.0,2025-06-20
412855.0,4568585.0,2025-06-20
412865.0,4568585.0,2025-06-20
412875.0,4568585.0,2025-06-20
412885.0,4568585.0,2025-06-20
412895.0,4568585.0,2025-06-20
412905.0,4568585.0,2025-06-20
412915.0,4568585.0,2025-06-20
412925.0,4568585.0,2025-06-20
412935.0,4568585.0,2025-06-20
412945.0,4568585.0,2025-06-20
412955.0,4568585.0,2025-06-20
412965.0,4568585.0,2025-06-20
412975.0,4568585.0,2025-06-20
412985.0,4568585.0,2025-06-20
412995.0,4568585.0,2025-06-20
413005.0,4568585.0,2025-06-20
413015.0,4568585.0,2025-06-20
413025.0,4568585.0,2025-06-20
413035.0,4568585.0,2025-06-20
413045.0,4568585.0,2025-06-20
413055.0,4568585.0,2025-06-20
413065.0,4568585.0,2025-06-20
413075.0,4568585.0,2025-06-20
413085.0,4568585.0,2025-06-20
413095.0,4568585.0,2025-06-20
413105.0,4568585.0,2025-06-20
413115.0,4568585.0,2025-06-20
413125.0,4568585.0,2025-06-20
413135.0,4568585.0,2025-06-20
413145.0,4568585.0,2025-06-20
413155.0,4568585.0,2025-06-20
413165.0,4568585.0,2025-06-20
413175.0,4568585.0,2025-06-20
413185.0,4568585.0,2025-06-20
413195.0,4568585.0,2025-06-20
413205.0,4568585.0,2025-06-20
413215.0,4568585.0,2025-06-20
413225.0,4568585.0,2025-06-20
413235.0,4568585.0,2025-06-20
413245.0,4568585.0,2025-06-20
413255.0,4568585.0,2025-06-20
413265.0,4568585.0,2025-06-20
413275.0,4568585.0,2025-06-20
413285.0,4568585.0,2025-06-20
413295.0,4568585.0,2025-06-20
413305.0,4568585.0,2025-06-20
413315.0,4568585.0,2025-06-20
413325.0,4568585.0,2025-06-20
413335.0,4568585.0,2025-06-20
413345.0,4568585.0,2025-06-20
413355.0,4568585.0,2025-06-20
413365.0,4568585.0,2025-06-20
413375.0,4568585.0,2025-06-20
413385.0,4568585.0,2025-06-20
413395.0,4568585.0,2025-06-20
413405.0,4568585.0,2025-06-20
413415.0,4568585.0,2025-06-20
413425.0,4568585.0,2025-06-20
413435.0,4568585.0,2025-06-20
413445.0,4568585.0,2025-06-20
413455.0,4568585.0,2025-06-20
413465.0,4568585.0,2025-06-20
413475.0,4568585.0,2025-06-20
413485.0,4568585.0,2025-06-20
413495.0,4568585.0,2025-06-20
413505.0,4568585.0,2025-06-20
413515.0,4568585.0,2025-06-20
413525.0,4568585.0,2025-06-20
413535.0,4568585.0,2025-06-20
413545.0,4568585.0,2025-06-20
413555.0,4568585.0,2025-06-20
413565.0,4568585.0,2025-06-20
413575.0,4568585.0,2025-06-20
413585.0,4568585.0,2025-06-20
413595.0,4568585.0,2025-06-20
413605.0,4568585.0,2025-06-20
413615.0,4568585.0,2025-06-20
413625.0,4568585.0,2025-06-20
413635.0,4568585.0,2025-06-20
413645.0,4568585.0,2025-06-20
413655.0,4568585.0,2025-06-20
413665.0,4568585.0,2025-06-20
413675.0,4568585.0,2025-06-20
413685.0,4568585.0,2025-06-20
413695.0,4568585.0,2025-06-20
413705.0,4568585.0,2025-06-20
413715.0,4568585.0,2025-06-20
413725.0,4568585.0,2025-06-20
413735.0,4568585.0,2025-06-20
413745.0,4568585.0,2025-06-20
413755.0,4568585.0,2025-06-20
413765.0,4568585.0,2025-06-20
413775.0,4568585.0,2025-06-20
413785.0,4568585.0,2025-06-20
413795.0,4568585.0,2025-06-20
413805.0,4568585.0,2025-06-20
413815.0,4568585.0,2025-06-20
413825.0,4568585.0,2025-06-20
413835.0,4568585.0,2025-06-20
413845.0,4568585.0,2025-06-20
413855.0,4568585.0,2025-06-20
413865.0,4568585.0,2025-06-20
413875.0,4568585.0,2025-06-20
413885.0,4568585.0,2025-06-20
413895.0,4568585.0,2025-06-20
413905.0,4568585.0,2025-06-20
413915.0,4568585.0,2025-06-20
413925.0,4568585.0,2025-06-20
413935.0,4568585.0,2025-06-20
413945.0,4568585.0,2025-06-20
413955.0,4568585.0,2025-06-20
413965.0,4568585.0,2025-06-20
413975.0,4568585.0,2025-06-20
413985.0,4568585.0,2025-06-20
413995.0,4568585.0,2025-06-20
414005.0,4568585.0,2025-06-20
414015.0,4568585.0,2025-06-20
414025.0,4568585.0,2025-06-20
414035.0,4568585.0,2025-06-20
414045.0,4568585.0,2025-06-20
414055.0,4568585.0,2025-06-20
414065.0,4568585.0,2025-06-20
414075.0,4568585.0,2025-06-20
414085.0,4568585.0,2025-06-20
414095.0,4568585.0,2025-06-20
414105.0,4568585.0,2025-06-20
414115.0,4568585.0,2025-06-20
414125.0,4568585.0,2025-06-20
414135.0,4568585.0,2025-06-20
414145.0,4568585.0,2025-06-20
414155.0,4568585.0,2025-06-20
414165.0,4568585.0,2025-06-20
414175.0,4568585.0,2025-06-20
414185.0,4568585.0,2025-06-20
414195.0,4568585.0,2025-06-20
414205.0,4568585.0,2025-06-20
414215.0,4568585.0,2025-06-20
414225.0,4568585.0,2025-06-20
414235.0,4568585.0,2025-06-20
414245.0,4568585.0,2025-06-20
414255.0,4568585.0,2025-06-20
414265.0,4568585.0,2025-06-20
414275.0,4568585.0,2025-06-20
414285.0,4568585.0,2025-06-20
414295.0,4568585.0,2025-06-20
414305.0,4568585.0,2025-06-20
414315.0,4568585.0,2025-06-20
414325.0,4568585.0,2025-06-20
414335.0,4568585.0,2025-06-20
414345.0,4568585.0,2025-06-20
414355.0,4568585.0,2025-06-20
414365.0,4568585.0,2025-06-20
414375.0,4568585.0,2025-06-20
414385.0,4568585.0,2025-06-20
414395.0,4568585.0,2025-06-20
414405.0,4568585.0,2025-06-20
414415.0,4568585.0,2025-06-20
414425.0,4568585.0,2025-06-20
414435.0,4568585.0,2025-06-20
414445.0,4568585.0,2025-06-20
414455.0,4568585.0,2025-06-20
414465.0,4568585.0,2025-06-20
414475.0,4568585.0,2025-06-20
414485.0,4568585.0,2025-06-20
414495.0,4568585.0,2025-06-20
414505.0,4568585.0,2025-06-20
414515.0,4568585.0,2025-06-20
414525.0,4568585.0,2025-06-20
414535.0,4568585.0,2025-06-20
414545.0,4568585.0,2025-06-20
414555.0,4568585.0,2025-06-20
414565.0,4568585.0,2025-06-20
414575.0,4568585.0,2025-06-20
414585.0,4568585.0,2025-06-20
414595.0,4568585.0,2025-06-20
414605.0,4568585.0,2025-06-20
414615.0,4568585.0,2025-06-20
414625.0,4568585.0,2025-06-20
414635.0,4568585.0,2025-06-20
414645.0,4568585.0,2025-06-20
414655.0,4568585.0,2025-06-20
414665.0,4568585.0,2025-06-20
414675.0,4568585.0,2025-06-20
414685.0,4568585.0,2025-06-20
414695.0,4568585.0,2025-06-20
414705.0,4568585.0,2025-06-20
414715.0,4568585.0,2025-06-20
414725.0,4568585.0,2025-06-20
414735.0,4568585.0,2025-06-20
414745.0,4568585.0,2025-06-20
414755.0,4568585.0,2025-06-20
414765.0,4568585.0,2025-06-20
414775.0,4568585.0,2025-06-20
414785.0,4568585.0,2025-06-20
414795.0,4568585.0,2025-06-20
414805.0,4568585.0,2025-06-20
414815.0,4568585.0,2025-06-20
414825.0,4568585.0,2025-06-20
414835.0,4568585.0,2025-06-20
414845.0,4568585.0,2025-06-20
414855.0,4568585.0,2025-06-20
414865.0,4568585.0,2025-06-20
414875.0,4568585.0,2025-06-20
414885.0,4568585.0,2025-06-20
414895.0,4568585.0,2025-06-20
414905.0,4568585.0,2025-06-20
414915.0,4568585.0,2025-06-20
414925.0,4568585.0,2025-06-20
414935.0,4568585.0,2025-06-20
414945.0,4568585.0,2025-06-20
414955.0,4568585.0,2025-06-20
414965.0,4568585.0,2025-06-20
414975.0,4568585.0,2025-06-20
414985.0,4568585.0,2025-06-20
414995.0,4568585.0,2025-06-20
415005.0,4568585.0,2025-06-20
415015.0,4568585.0,2025-06-20
415025.0,4568585.0,2025-06-20
415035.0,4568585.0,2025-06-20
415045.0,4568585.0,2025-06-20
415055.0,4568585.0,2025-06-20
415065.0,4568585.0,2025-06-20
415075.0,4568585.0,2025-06-20
415085.0,4568585.0,2025-06-20
415095.0,4568585.0,2025-06-20
415105.0,4568585.0,2025-06-20
415115.0,4568585.0,2025-06-20
415125.0,4568585.0,2025-06-20
415135.0,4568585.0,2025-06-20
415145.0,4568585.0,2025-06-20
415155.0,4568585.0,2025-06-20
415165.0,4568585.0,2025-06-20
415175.0,4568585.0,2025-06-20
415185.0,4568585.0,2025-06-20
415195.0,4568585.0,2025-06-20
415205.0,4568585.0,2025-06-20
415215.0,4568585.0,2025-06-20
415225.0,4568585.0,2025-06-20
415235.0,4568585.0,2025-06-20
415245.0,4568585.0,2025-06-20
415255.0,4568585.0,2025-06-20
415265.0,4568585.0,2025-06-20
415275.0,4568585.0,2025-06-20
415285.0,4568585.0,2025-06-20
415295.0,4568585.0,2025-06-20
415305.0,4568585.0,2025-06-20
415315.0,4568585.0,2025-06-20
415325.0,4568585.0,2025-06-20
415335.0,4568585.0,2025-06-20
415345.0,4568585.0,2025-06-20
415355.0,4568585.0,2025-06-20
415365.0,4568585.0,2025-06-20
415375.0,4568585.0,2025-06-20
415385.0,4568585.0,2025-06-20
415395.0,4568585.0,2025-06-20
415405.0,4568585.0,2025-06-20
415415.0,4568585.0,2025-06-20
415425.0,4568585.0,2025-06-20
415435.0,4568585.0,2025-06-20
415445.0,4568585.0,2025-06-20
415455.0,4568585.0,2025-06-20
415465.0,4568585.0,2025-06-20
415475.0,4568585.0,2025-06-20
415485.0,4568585.0,2025-06-20
415495.0,4568585.0,2025-06-20
415505.0,4568585.0,2025-06-20
415515.0,4568585.0,2025-06-20
415525.0,4568585.0,2025-06-20
415535.0,4568585.0,2025-06-20
415545.0,4568585.0,2025-06-20
415555.0,4568585.0,2025-06-20
415565.0,4568585.0,2025-06-20
415575.0,4568585.0,2025-06-20
415585.0,4568585.0,2025-06-20
415595.0,4568585.0,2025-06-20
415605.0,4568585.0,2025-06-20
415615.0,4568585.0,2025-06-20
415625.0,4568585.0,2025-06-20
415635.0,4568585.0,2025-06-20
415645.0,4568585.0,2025-06-20
415655.0,4568585.0,2025-06-20
415665.0,4568585.0,2025-06-20
415675.0,4568585.0,2025-06-20
415685.0,4568585.0,2025-06-20
415695.0,4568585.0,2025-06-20
415705.0,4568585.0,2025-06-20
415715.0,4568585.0,2025-06-20
415725.0,4568585.0,2025-06-20
415735.0,4568585.0,2025-06-20
415745.0,4568585.0,2025-06-20
415755.0,4568585.0,2025-06-20
415765.0,4568585.0,2025-06-20
415775.0,4568585.0,2025-06-20
415785.0,4568585.0,2025-06-20
415795.0,4568585.0,2025-06-20
415805.0,4568585.0,2025-06-20
415815.0,4568585.0,2025-06-20
415825.0,4568585.0,2025-06-20
415835.0,4568585.0,2025-06-20
415845.0,4568585.0,2025-06-20
415855.0,4568585.0,2025-06-20
415865.0,4568585.0,2025-06-20
415875.0,4568585.0,2025-06-20
415885.0,4568585.0,2025-06-20
415895.0,4568585.0,2025-06-20
415905.0,4568585.0,2025-06-20
415915.0,4568585.0,2025-06-20
415925.0,4568585.0,2025-06-20
415935.0,4568585.0,2025-06-20
415945.0,4568585.0,2025-06-20
415955.0,4568585.0,2025-06-20
415965.0,4568585.0,2025-06-20
415975.0,4568585.0,2025-06-20
415985.0,4568585.0,2025-06-20
415995.0,4568585.0,2025-06-20
416005.0,4568585.0,2025-06-20
416015.0,4568585.0,2025-06-20
416025.0,4568585.0,2025-06-20
416035.0,4568585.0,2025-06-20
416045.0,4568585.0,2025-06-20
416055.0,4568585.0,2025-06-20
416065.0,4568585.0,2025-06-20
416075.0,4568585.0,2025-06-20
416085.0,4568585.0,2025-06-20
416095.0,4568585.0,2025-06-20
416105.0,4568585.0,2025-06-20
416115.0,4568585.0,2025-06-20
416125.0,4568585.0,2025-06-20
416135.0,4568585.0,2025-06-20
416145.0,4568585.0,2025-06-20
416155.0,4568585.0,2025-06-20
416165.0,4568585.0,2025-06-20
416175.0,4568585.0,2025-06-20
416185.0,4568585.0,2025-06-20
416195.0,4568585.0,2025-06-20
416205.0,4568585.0,2025-06-20
416215.0,4568585.0,2025-06-20
416225.0,4568585.0,2025-06-20
416235.0,4568585.0,2025-06-20
416245.0,4568585.0,2025-06-20
416255.0,4568585.0,2025-06-20
416265.0,4568585.0,2025-06-20
416275.0,4568585.0,2025-06-20
416285.0,4568585.0,2025-06-20
416295.0,4568585.0,2025-06-20
416305.0,4568585.0,2025-06-20
416315.0,4568585.0,2025-06-20
416325.0,4568585.0,2025-06-20
416335.0,4568585.0,2025-06-20
416345.0,4568585.0,2025-06-20
416355.0,4568585.0,2025-06-20
416365.0,4568585.0,2025-06-20
416375.0,4568585.0,2025-06-20
416385.0,4568585.0,2025-06-20
416395.0,4568585.0,2025-06-20
416405.0,4568585.0,2025-06-20
416415.0,4568585.0,2025-06-20
416425.0,4568585.0,2025-06-20
416435.0,4568585.0,2025-06-20
416445.0,4568585.0,2025-06-20
416455.0,4568585.0,2025-06-20
411745.0,4568575.0,2025-06-20
411755.0,4568575.0,2025-06-20
411765.0,4568575.0,2025-06-20
411775.0,4568575.0,2025-06-20
411785.0,4568575.0,2025-06-20
411795.0,4568575.0,2025-06-20
411805.0,4568575.0,2025-06-20
411815.0,4568575.0,2025-06-20
411825.0,4568575.0,2025-06-20
411835.0,4568575.0,2025-06-20
411845.0,4568575.0,2025-06-20
411855.0,4568575.0,2025-06-20
411865.0,4568575.0,2025-06-20
411875.0,4568575.0,2025-06-20
411885.0,4568575.0,2025-06-20
411895.0,4568575.0,2025-06-20
411905.0,4568575.0,2025-06-20
411915.0,4568575.0,2025-06-20
411925.0,4568575.0,2025-06-20
411935.0,4568575.0,2025-06-20
411945.0,4568575.0,2025-06-20
411955.0,4568575.0,2025-06-20
411965.0,4568575.0,2025-06-20
411975.0,4568575.0,2025-06-20
411985.0,4568575.0,2025-06-20
411995.0,4568575.0,2025-06-20
412005.0,4568575.0,2025-06-20
412015.0,4568575.0,2025-06-20
412025.0,4568575.0,2025-06-20
412035.0,4568575.0,2025-06-20
412045.0,4568575.0,2025-06-20
412055.0,4568575.0,2025-06-20
412065.0,4568575.0,2025-06-20
412075.0,4568575.0,2025-06-20
412085.0,4568575.0,2025-06-20
412095.0,4568575.0,2025-06-20
412105.0,4568575.0,2025-06-20
412115.0,4568575.0,2025-06-20
412125.0,4568575.0,2025-06-20
412135.0,4568575.0,2025-06-20
412145.0,4568575.0,2025-06-20
412155.0,4568575.0,2025-06-20
412165.0,4568575.0,2025-06-20
412175.0,4568575.0,2025-06-20
412185.0,4568575.0,2025-06-20
412195.0,4568575.0,2025-06-20
412205.0,4568575.0,2025-06-20
412215.0,4568575.0,2025-06-20
412225.0,4568575.0,2025-06-20
412235.0,4568575.0,2025-06-20
412245.0,4568575.0,2025-06-20
412255.0,4568575.0,2025-06-20
412265.0,4568575.0,2025-06-20
412275.0,4568575.0,2025-06-20
412285.0,4568575.0,2025-06-20
412295.0,4568575.0,2025-06-20
412305.0,4568575.0,2025-06-20
412315.0,4568575.0,2025-06-20
412325.0,4568575.0,2025-06-20
412335.0,4568575.0,2025-06-20
412345.0,4568575.0,2025-06-20
412355.0,4568575.0,2025-06-20
412365.0,4568575.0,2025-06-20
412375.0,4568575.0,2025-06-20
412385.0,4568575.0,2025-06-20
412395.0,4568575.0,2025-06-20
412405.0,4568575.0,2025-06-20
412415.0,4568575.0,2025-06-20
412425.0,4568575.0,2025-06-20
412435.0,4568575.0,2025-06-20
412445.0,4568575.0,2025-06-20
412455.0,4568575.0,2025-06-20
412465.0,4568575.0,2025-06-20
412475.0,4568575.0,2025-06-20
412485.0,4568575.0,2025-06-20
412495.0,4568575.0,2025-06-20
412505.0,4568575.0,2025-06-20
412515.0,4568575.0,2025-06-20
412525.0,4568575.0,2025-06-20
412535.0,4568575.0,2025-06-20
412545.0,4568575.0,2025-06-20
412555.0,4568575.0,2025-06-20
412565.0,4568575.0,2025-06-20
412575.0,4568575.0,2025-06-20
412585.0,4568575.0,2025-06-20
412595.0,4568575.0,2025-06-20
412605.0,4568575.0,2025-06-20
412615.0,4568575.0,2025-06-20
412625.0,4568575.0,2025-06-20
412635.0,4568575.0,2025-06-20
412645.0,4568575.0,2025-06-20
412655.0,4568575.0,2025-06-20
412665.0,4568575.0,2025-06-20
412675.0,4568575.0,2025-06-20
412685.0,4568575.0,2025-06-20
412695.0,4568575.0,2025-06-20
412705.0,4568575.0,2025-06-20
412715.0,4568575.0,2025-06-20
412725.0,4568575.0,2025-06-20
412735.0,4568575.0,2025-06-20
412745.0,4568575.0,2025-06-20
412755.0,4568575.0,2025-06-20
412765.0,4568575.0,2025-06-20
412775.0,4568575.0,2025-06-20
412785.0,4568575.0,2025-06-20
412795.0,4568575.0,2025-06-20
412805.0,4568575.0,2025-06-20
412815.0,4568575.0,2025-06-20
412825.0,4568575.0,2025-06-20
412835.0,4568575.0,2025-06-20
412845.0,4568575.0,2025-06-20
412855.0,4568575.0,2025-06-20
412865.0,4568575.0,2025-06-20
412875.0,4568575.0,2025-06-20
412885.0,4568575.0,2025-06-20
412895.0,4568575.0,2025-06-20
412905.0,4568575.0,2025-06-20
412915.0,4568575.0,2025-06-20
412925.0,4568575.0,2025-06-20
412935.0,4568575.0,2025-06-20
412945.0,4568575.0,2025-06-20
412955.0,4568575.0,2025-06-20
412965.0,4568575.0,2025-06-20
412975.0,4568575.0,2025-06-20
412985.0,4568575.0,2025-06-20
412995.0,4568575.0,2025-06-20
413005.0,4568575.0,2025-06-20
413015.0,4568575.0,2025-06-20
413025.0,4568575.0,2025-06-20
413035.0,4568575.0,2025-06-20
413045.0,4568575.0,2025-06-20
413055.0,4568575.0,2025-06-20
413065.0,4568575.0,2025-06-20
413075.0,4568575.0,2025-06-20
413085.0,4568575.0,2025-06-20
413095.0,4568575.0,2025-06-20
413105.0,4568575.0,2025-06-20
413115.0,4568575.0,2025-06-20
413125.0,4568575.0,2025-06-20
413135.0,4568575.0,2025-06-20
413145.0,4568575.0,2025-06-20
413155.0,4568575.0,2025-06-20
413165.0,4568575.0,2025-06-20
413175.0,4568575.0,2025-06-20
413185.0,4568575.0,2025-06-20
413195.0,4568575.0,2025-06-20
413205.0,4568575.0,2025-06-20
413215.0,4568575.0,2025-06-20
413225.0,4568575.0,2025-06-20
413235.0,4568575.0,2025-06-20
413245.0,4568575.0,2025-06-20
413255.0,4568575.0,2025-06-20
413265.0,4568575.0,2025-06-20
413275.0,4568575.0,2025-06-20
413285.0,4568575.0,2025-06-20
413295.0,4568575.0,2025-06-20
413305.0,4568575.0,2025-06-20
413315.0,4568575.0,2025-06-20
413325.0,4568575.0,2025-06-20
413335.0,4568575.0,2025-06-20
413345.0,4568575.0,2025-06-20
413355.0,4568575.0,2025-06-20
413365.0,4568575.0,2025-06-20
413375.0,4568575.0,2025-06-20
413385.0,4568575.0,2025-06-20
413395.0,4568575.0,2025-06-20
413405.0,4568575.0,2025-06-20
413415.0,4568575.0,2025-06-20
413425.0,4568575.0,2025-06-20
413435.0,4568575.0,2025-06-20
413445.0,4568575.0,2025-06-20
413455.0,4568575.0,2025-06-20
413465.0,4568575.0,2025-06-20
413475.0,4568575.0,2025-06-20
413485.0,4568575.0,2025-06-20
413495.0,4568575.0,2025-06-20
413505.0,4568575.0,2025-06-20
413515.0,4568575.0,2025-06-20
413525.0,4568575.0,2025-06-20
413535.0,4568575.0,2025-06-20
413545.0,4568575.0,2025-06-20
413555.0,4568575.0,2025-06-20
413565.0,4568575.0,2025-06-20
413575.0,4568575.0,2025-06-20
413585.0,4568575.0,2025-06-20
413595.0,4568575.0,2025-06-20
413605.0,4568575.0,2025-06-20
413615.0,4568575.0,2025-06-20
413625.0,4568575.0,2025-06-20
413635.0,4568575.0,2025-06-20
413645.0,4568575.0,2025-06-20
413655.0,4568575.0,2025-06-20
413665.0,4568575.0,2025-06-20
413675.0,4568575.0,2025-06-20
413685.0,4568575.0,2025-06-20
413695.0,4568575.0,2025-06-20
413705.0,4568575.0,2025-06-20
413715.0,4568575.0,2025-06-20
413725.0,4568575.0,2025-06-20
413735.0,4568575.0,2025-06-20
413745.0,4568575.0,2025-06-20
413755.0,4568575.0,2025-06-20
413765.0,4568575.0,2025-06-20
413775.0,4568575.0,2025-06-20
413785.0,4568575.0,2025-06-20
413795.0,4568575.0,2025-06-20
413805.0,4568575.0,2025-06-20
413815.0,4568575.0,2025-06-20
413825.0,4568575.0,2025-06-20
413835.0,4568575.0,2025-06-20
413845.0,4568575.0,2025-06-20
413855.0,4568575.0,2025-06-20
413865.0,4568575.0,2025-06-20
413875.0,4568575.0,2025-06-20
413885.0,4568575.0,2025-06-20
413895.0,4568575.0,2025-06-20
413905.0,4568575.0,2025-06-20
413915.0,4568575.0,2025-06-20
413925.0,4568575.0,2025-06-20
413935.0,4568575.0,2025-06-20
413945.0,4568575.0,2025-06-20
413955.0,4568575.0,2025-06-20
413965.0,4568575.0,2025-06-20
413975.0,4568575.0,2025-06-20
413985.0,4568575.0,2025-06-20
413995.0,4568575.0,2025-06-20
414005.0,4568575.0,2025-06-20
414015.0,4568575.0,2025-06-20
414025.0,4568575.0,2025-06-20
414035.0,4568575.0,2025-06-20
414045.0,4568575.0,2025-06-20
414055.0,4568575.0,2025-06-20
414065.0,4568575.0,2025-06-20
414075.0,4568575.0,2025-06-20
414085.0,4568575.0,2025-06-20
414095.0,4568575.0,2025-06-20
414105.0,4568575.0,2025-06-20
414115.0,4568575.0,2025-06-20
414125.0,4568575.0,2025-06-20
414135.0,4568575.0,2025-06-20
414145.0,4568575.0,2025-06-20
414155.0,4568575.0,2025-06-20
414165.0,4568575.0,2025-06-20
414175.0,4568575.0,2025-06-20
414185.0,4568575.0,2025-06-20
414195.0,4568575.0,2025-06-20
414205.0,4568575.0,2025-06-20
414215.0,4568575.0,2025-06-20
414225.0,4568575.0,2025-06-20
414235.0,4568575.0,2025-06-20
414245.0,4568575.0,2025-06-20
414255.0,4568575.0,2025-06-20
414265.0,4568575.0,2025-06-20
414275.0,4568575.0,2025-06-20
414285.0,4568575.0,2025-06-20
414295.0,4568575.0,2025-06-20
414305.0,4568575.0,2025-06-20
414315.0,4568575.0,2025-06-20
414325.0,4568575.0,2025-06-20
414335.0,4568575.0,2025-06-20
414345.0,4568575.0,2025-06-20
414355.0,4568575.0,2025-06-20
414365.0,4568575.0,2025-06-20
414375.0,4568575.0,2025-06-20
414385.0,4568575.0,2025-06-20
414395.0,4568575.0,2025-06-20
414405.0,4568575.0,2025-06-20
414415.0,4568575.0,2025-06-20
414425.0,4568575.0,2025-06-20
414435.0,4568575.0,2025-06-20
414445.0,4568575.0,2025-06-20
414455.0,4568575.0,2025-06-20
414465.0,4568575.0,2025-06-20
414475.0,4568575.0,2025-06-20
414485.0,4568575.0,2025-06-20
414495.0,4568575.0,2025-06-20
414505.0,4568575.0,2025-06-20
414515.0,4568575.0,2025-06-20
414525.0,4568575.0,2025-06-20
414535.0,4568575.0,2025-06-20
414545.0,4568575.0,2025-06-20
414555.0,4568575.0,2025-06-20
414565.0,4568575.0,2025-06-20
414575.0,4568575.0,2025-06-20
414585.0,4568575.0,2025-06-20
414595.0,4568575.0,2025-06-20
414605.0,4568575.0,2025-06-20
414615.0,4568575.0,2025-06-20
414625.0,4568575.0,2025-06-20
414635.0,4568575.0,2025-06-20
414645.0,4568575.0,2025-06-20
414655.0,4568575.0,2025-06-20
414665.0,4568575.0,2025-06-20
414675.0,4568575.0,2025-06-20
414685.0,4568575.0,2025-06-20
414695.0,4568575.0,2025-06-20
414705.0,4568575.0,2025-06-20
414715.0,4568575.0,2025-06-20
414725.0,4568575.0,2025-06-20
414735.0,4568575.0,2025-06-20
414745.0,4568575.0,2025-06-20
414755.0,4568575.0,2025-06-20
414765.0,4568575.0,2025-06-20
414775.0,4568575.0,2025-06-20
414785.0,4568575.0,2025-06-20
414795.0,4568575.0,2025-06-20
414805.0,4568575.0,2025-06-20
414815.0,4568575.0,2025-06-20
414825.0,4568575.0,2025-06-20
414835.0,4568575.0,2025-06-20
414845.0,4568575.0,2025-06-20
414855.0,4568575.0,2025-06-20
414865.0,4568575.0,2025-06-20
414875.0,4568575.0,2025-06-20
414885.0,4568575.0,2025-06-20
414895.0,4568575.0,2025-06-20
414905.0,4568575.0,2025-06-20
414915.0,4568575.0,2025-06-20
414925.0,4568575.0,2025-06-20
414935.0,4568575.0,2025-06-20
414945.0,4568575.0,2025-06-20
414955.0,4568575.0,2025-06-20
414965.0,4568575.0,2025-06-20
414975.0,4568575.0,2025-06-20
414985.0,4568575.0,2025-06-20
414995.0,4568575.0,2025-06-20
415005.0,4568575.0,2025-06-20
415015.0,4568575.0,2025-06-20
415025.0,4568575.0,2025-06-20
415035.0,4568575.0,2025-06-20
415045.0,4568575.0,2025-06-20
415055.0,4568575.0,2025-06-20
415065.0,4568575.0,2025-06-20
415075.0,4568575.0,2025-06-20
415085.0,4568575.0,2025-06-20
415095.0,4568575.0,2025-06-20
415105.0,4568575.0,2025-06-20
415115.0,4568575.0,2025-06-20
415125.0,4568575.0,2025-06-20
415135.0,4568575.0,2025-06-20
415145.0,4568575.0,2025-06-20
415155.0,4568575.0,2025-06-20
415165.0,4568575.0,2025-06-20
415175.0,4568575.0,2025-06-20
415185.0,4568575.0,2025-06-20
415195.0,4568575.0,2025-06-20
415205.0,4568575.0,2025-06-20
415215.0,4568575.0,2025-06-20
415225.0,4568575.0,2025-06-20
415235.0,4568575.0,2025-06-20
415245.0,4568575.0,2025-06-20
415255.0,4568575.0,2025-06-20
415265.0,4568575.0,2025-06-20
415275.0,4568575.0,2025-06-20
415285.0,4568575.0,2025-06-20
415295.0,4568575.0,2025-06-20
415305.0,4568575.0,2025-06-20
415315.0,4568575.0,2025-06-20
415325.0,4568575.0,2025-06-20
415335.0,4568575.0,2025-06-20
415345.0,4568575.0,2025-06-20
415355.0,4568575.0,2025-06-20
415365.0,4568575.0,2025-06-20
415375.0,4568575.0,2025-06-20
415385.0,4568575.0,2025-06-20
415395.0,4568575.0,2025-06-20
415405.0,4568575.0,2025-06-20
415415.0,4568575.0,2025-06-20
415425.0,4568575.0,2025-06-20
415435.0,4568575.0,2025-06-20
415445.0,4568575.0,2025-06-20
415455.0,4568575.0,2025-06-20
415465.0,4568575.0,2025-06-20
415475.0,4568575.0,2025-06-20
415485.0,4568575.0,2025-06-20
415495.0,4568575.0,2025-06-20
415505.0,4568575.0,2025-06-20
415515.0,4568575.0,2025-06-20
415525.0,4568575.0,2025-06-20
415535.0,4568575.0,2025-06-20
415545.0,4568575.0,2025-06-20
415555.0,4568575.0,2025-06-20
415565.0,4568575.0,2025-06-20
415575.0,4568575.0,2025-06-20
415585.0,4568575.0,2025-06-20
415595.0,4568575.0,2025-06-20
415605.0,4568575.0,2025-06-20
415615.0,4568575.0,2025-06-20
415625.0,4568575.0,2025-06-20
415635.0,4568575.0,2025-06-20
415645.0,4568575.0,2025-06-20
415655.0,4568575.0,2025-06-20
415665.0,4568575.0,2025-06-20
415675.0,4568575.0,2025-06-20
415685.0,4568575.0,2025-06-20
415695.0,4568575.0,2025-06-20
415705.0,4568575.0,2025-06-20
415715.0,4568575.0,2025-06-20
415725.0,4568575.0,2025-06-20
415735.0,4568575.0,2025-06-20
415745.0,4568575.0,2025-06-20
415755.0,4568575.0,2025-06-20
415765.0,4568575.0,2025-06-20
415775.0,4568575.0,2025-06-20
415785.0,4568575.0,2025-06-20
415795.0,4568575.0,2025-06-20
415805.0,4568575.0,2025-06-20
415815.0,4568575.0,2025-06-20
415825.0,4568575.0,2025-06-20
415835.0,4568575.0,2025-06-20
415845.0,4568575.0,2025-06-20
415855.0,4568575.0,2025-06-20
415865.0,4568575.0,2025-06-20
415875.0,4568575.0,2025-06-20
415885.0,4568575.0,2025-06-20
415895.0,4568575.0,2025-06-20
415905.0,4568575.0,2025-06-20
415915.0,4568575.0,2025-06-20
415925.0,4568575.0,2025-06-20
415935.0,4568575.0,2025-06-20
415945.0,4568575.0,2025-06-20
415955.0,4568575.0,2025-06-20
415965.0,4568575.0,2025-06-20
415975.0,4568575.0,2025-06-20
415985.0,4568575.0,2025-06-20
415995.0,4568575.0,2025-06-20
416005.0,4568575.0,2025-06-20
416015.0,4568575.0,2025-06-20
416025.0,4568575.0,2025-06-20
416035.0,4568575.0,2025-06-20
416045.0,4568575.0,2025-06-20
416055.0,4568575.0,2025-06-20
416065.0,4568575.0,2025-06-20
416075.0,4568575.0,2025-06-20
416085.0,4568575.0,2025-06-20
416095.0,4568575.0,2025-06-20
416105.0,4568575.0,2025-06-20
416115.0,4568575.0,2025-06-20
416125.0,4568575.0,2025-06-20
416135.0,4568575.0,2025-06-20
416145.0,4568575.0,2025-06-20
416155.0,4568575.0,2025-06-20
416165.0,4568575.0,2025-06-20
416175.0,4568575.0,2025-06-20
416185.0,4568575.0,2025-06-20
416195.0,4568575.0,2025-06-20
416205.0,4568575.0,2025-06-20
416215.0,4568575.0,2025-06-20
416225.0,4568575.0,2025-06-20
416235.0,4568575.0,2025-06-20
416245.0,4568575.0,2025-06-20
416255.0,4568575.0,2025-06-20
416265.0,4568575.0,2025-06-20
416275.0,4568575.0,2025-06-20
416285.0,4568575.0,2025-06-20
416295.0,4568575.0,2025-06-20
416305.0,4568575.0,2025-06-20
416315.0,4568575.0,2025-06-20
416325.0,4568575.0,2025-06-20
416335.0,4568575.0,2025-06-20
416345.0,4568575.0,2025-06-20
416355.0,4568575.0,2025-06-20
416365.0,4568575.0,2025-06-20
416375.0,4568575.0,2025-06-20
416385.0,4568575.0,2025-06-20
416395.0,4568575.0,2025-06-20
416405.0,4568575.0,2025-06-20
416415.0,4568575.0,2025-06-20
416425.0,4568575.0,2025-06-20
416435.0,4568575.0,2025-06-20
416445.0,4568575.0,2025-06-20
416455.0,4568575.0,2025-06-20
411745.0,4568565.0,2025-06-20
411755.0,4568565.0,2025-06-20
411765.0,4568565.0,2025-06-20
411775.0,4568565.0,2025-06-20
411785.0,4568565.0,2025-06-20
411795.0,4568565.0,2025-06-20
411805.0,4568565.0,2025-06-20
411815.0,4568565.0,2025-06-20
411825.0,4568565.0,2025-06-20
411835.0,4568565.0,2025-06-20
411845.0,4568565.0,2025-06-20
411855.0,4568565.0,2025-06-20
411865.0,4568565.0,2025-06-20
411875.0,4568565.0,2025-06-20
411885.0,4568565.0,2025-06-20
411895.0,4568565.0,2025-06-20
411905.0,4568565.0,2025-06-20
411915.0,4568565.0,2025-06-20
411925.0,4568565.0,2025-06-20
411935.0,4568565.0,2025-06-20
411945.0,4568565.0,2025-06-20
411955.0,4568565.0,2025-06-20
411965.0,4568565.0,2025-06-20
411975.0,4568565.0,2025-06-20
411985.0,4568565.0,2025-06-20
411995.0,4568565.0,2025-06-20
412005.0,4568565.0,2025-06-20
412015.0,4568565.0,2025-06-20
412025.0,4568565.0,2025-06-20
412035.0,4568565.0,2025-06-20
412045.0,4568565.0,2025-06-20
412055.0,4568565.0,2025-06-20
412065.0,4568565.0,2025-06-20
412075.0,4568565.0,2025-06-20
412085.0,4568565.0,2025-06-20
412095.0,4568565.0,2025-06-20
412105.0,4568565.0,2025-06-20
412115.0,4568565.0,2025-06-20
412125.0,4568565.0,2025-06-20
412135.0,4568565.0,2025-06-20
412145.0,4568565.0,2025-06-20
412155.0,4568565.0,2025-06-20
412165.0,4568565.0,2025-06-20
412175.0,4568565.0,2025-06-20
412185.0,4568565.0,2025-06-20
412195.0,4568565.0,2025-06-20
412205.0,4568565.0,2025-06-20
412215.0,4568565.0,2025-06-20
412225.0,4568565.0,2025-06-20
412235.0,4568565.0,2025-06-20
412245.0,4568565.0,2025-06-20
412255.0,4568565.0,2025-06-20
412265.0,4568565.0,2025-06-20
412275.0,4568565.0,2025-06-20
412285.0,4568565.0,2025-06-20
412295.0,4568565.0,2025-06-20
412305.0,4568565.0,2025-06-20
412315.0,4568565.0,2025-06-20
412325.0,4568565.0,2025-06-20
412335.0,4568565.0,2025-06-20
412345.0,4568565.0,2025-06-20
412355.0,4568565.0,2025-06-20
412365.0,4568565.0,2025-06-20
412375.0,4568565.0,2025-06-20
412385.0,4568565.0,2025-06-20
412395.0,4568565.0,2025-06-20
412405.0,4568565.0,2025-06-20
412415.0,4568565.0,2025-06-20
412425.0,4568565.0,2025-06-20
412435.0,4568565.0,2025-06-20
412445.0,4568565.0,2025-06-20
412455.0,4568565.0,2025-06-20
412465.0,4568565.0,2025-06-20
412475.0,4568565.0,2025-06-20
412485.0,4568565.0,2025-06-20
412495.0,4568565.0,2025-06-20
412505.0,4568565.0,2025-06-20
412515.0,4568565.0,2025-06-20
412525.0,4568565.0,2025-06-20
412535.0,4568565.0,2025-06-20
412545.0,4568565.0,2025-06-20
412555.0,4568565.0,2025-06-20
412565.0,4568565.0,2025-06-20
412575.0,4568565.0,2025-06-20
412585.0,4568565.0,2025-06-20
412595.0,4568565.0,2025-06-20
412605.0,4568565.0,2025-06-20
412615.0,4568565.0,2025-06-20
412625.0,4568565.0,2025-06-20
412635.0,4568565.0,2025-06-20
412645.0,4568565.0,2025-06-20
412655.0,4568565.0,2025-06-20
412665.0,4568565.0,2025-06-20
412675.0,4568565.0,2025-06-20
412685.0,4568565.0,2025-06-20
412695.0,4568565.0,2025-06-20
412705.0,4568565.0,2025-06-20
412715.0,4568565.0,2025-06-20
412725.0,4568565.0,2025-06-20
412735.0,4568565.0,2025-06-20
412745.0,4568565.0,2025-06-20
412755.0,4568565.0,2025-06-20
412765.0,4568565.0,2025-06-20
412775.0,4568565.0,2025-06-20
412785.0,4568565.0,2025-06-20
412795.0,4568565.0,2025-06-20
412805.0,4568565.0,2025-06-20
412815.0,4568565.0,2025-06-20
412825.0,4568565.0,2025-06-20
412835.0,4568565.0,2025-06-20
412845.0,4568565.0,2025-06-20
412855.0,4568565.0,2025-06-20
412865.0,4568565.0,2025-06-20
412875.0,4568565.0,2025-06-20
412885.0,4568565.0,2025-06-20
412895.0,4568565.0,2025-06-20
412905.0,4568565.0,2025-06-20
412915.0,4568565.0,2025-06-20
412925.0,4568565.0,2025-06-20
412935.0,4568565.0,2025-06-20
412945.0,4568565.0,2025-06-20
412955.0,4568565.0,2025-06-20
412965.0,4568565.0,2025-06-20
412975.0,4568565.0,2025-06-20
412985.0,4568565.0,2025-06-20
412995.0,4568565.0,2025-06-20
413005.0,4568565.0,2025-06-20
413015.0,4568565.0,2025-06-20
413025.0,4568565.0,2025-06-20
413035.0,4568565.0,2025-06-20
413045.0,4568565.0,2025-06-20
413055.0,4568565.0,2025-06-20
413065.0,4568565.0,2025-06-20
413075.0,4568565.0,2025-06-20
413085.0,4568565.0,2025-06-20
413095.0,4568565.0,2025-06-20
413105.0,4568565.0,2025-06-20
413115.0,4568565.0,2025-06-20
413125.0,4568565.0,2025-06-20
413135.0,4568565.0,2025-06-20
413145.0,4568565.0,2025-06-20
413155.0,4568565.0,2025-06-20
413165.0,4568565.0,2025-06-20
413175.0,4568565.0,2025-06-20
413185.0,4568565.0,2025-06-20
413195.0,4568565.0,2025-06-20
413205.0,4568565.0,2025-06-20
413215.0,4568565.0,2025-06-20
413225.0,4568565.0,2025-06-20
413235.0,4568565.0,2025-06-20
413245.0,4568565.0,2025-06-20
413255.0,4568565.0,2025-06-20
413265.0,4568565.0,2025-06-20
413275.0,4568565.0,2025-06-20
413285.0,4568565.0,2025-06-20
413295.0,4568565.0,2025-06-20
413305.0,4568565.0,2025-06-20
413315.0,4568565.0,2025-06-20
413325.0,4568565.0,2025-06-20
413335.0,4568565.0,2025-06-20
413345.0,4568565.0,2025-06-20
413355.0,4568565.0,2025-06-20
413365.0,4568565.0,2025-06-20
413375.0,4568565.0,2025-06-20
413385.0,4568565.0,2025-06-20
413395.0,4568565.0,2025-06-20
413405.0,4568565.0,2025-06-20
413415.0,4568565.0,2025-06-20
413425.0,4568565.0,2025-06-20
413435.0,4568565.0,2025-06-20
413445.0,4568565.0,2025-06-20
413455.0,4568565.0,2025-06-20
413465.0,4568565.0,2025-06-20
413475.0,4568565.0,2025-06-20
413485.0,4568565.0,2025-06-20
413495.0,4568565.0,2025-06-20
413505.0,4568565.0,2025-06-20
413515.0,4568565.0,2025-06-20
413525.0,4568565.0,2025-06-20
413535.0,4568565.0,2025-06-20
413545.0,4568565.0,2025-06-20
413555.0,4568565.0,2025-06-20
413565.0,4568565.0,2025-06-20
413575.0,4568565.0,2025-06-20
413585.0,4568565.0,2025-06-20
413595.0,4568565.0,2025-06-20
413605.0,4568565.0,2025-06-20
413615.0,4568565.0,2025-06-20
413625.0,4568565.0,2025-06-20
413635.0,4568565.0,2025-06-20
413645.0,4568565.0,2025-06-20
413655.0,4568565.0,2025-06-20
413665.0,4568565.0,2025-06-20
413675.0,4568565.0,2025-06-20
413685.0,4568565.0,2025-06-20
413695.0,4568565.0,2025-06-20
413705.0,4568565.0,2025-06-20
413715.0,4568565.0,2025-06-20
413725.0,4568565.0,2025-06-20
413735.0,4568565.0,2025-06-20
413745.0,4568565.0,2025-06-20
413755.0,4568565.0,2025-06-20
413765.0,4568565.0,2025-06-20
413775.0,4568565.0,2025-06-20
413785.0,4568565.0,2025-06-20
413795.0,4568565.0,2025-06-20
413805.0,4568565.0,2025-06-20
413815.0,4568565.0,2025-06-20
413825.0,4568565.0,2025-06-20
413835.0,4568565.0,2025-06-20
413845.0,4568565.0,2025-06-20
413855.0,4568565.0,2025-06-20
413865.0,4568565.0,2025-06-20
413875.0,4568565.0,2025-06-20
413885.0,4568565.0,2025-06-20
413895.0,4568565.0,2025-06-20
413905.0,4568565.0,2025-06-20
413915.0,4568565.0,2025-06-20
413925.0,4568565.0,2025-06-20
413935.0,4568565.0,2025-06-20
413945.0,4568565.0,2025-06-20
413955.0,4568565.0,2025-06-20
413965.0,4568565.0,2025-06-20
413975.0,4568565.0,2025-06-20
413985.0,4568565.0,2025-06-20
413995.0,4568565.0,2025-06-20
414005.0,4568565.0,2025-06-20
414015.0,4568565.0,2025-06-20
414025.0,4568565.0,2025-06-20
414035.0,4568565.0,2025-06-20
414045.0,4568565.0,2025-06-20
414055.0,4568565.0,2025-06-20
414065.0,4568565.0,2025-06-20
414075.0,4568565.0,2025-06-20
414085.0,4568565.0,2025-06-20
414095.0,4568565.0,2025-06-20
414105.0,4568565.0,2025-06-20
414115.0,4568565.0,2025-06-20
414125.0,4568565.0,2025-06-20
414135.0,4568565.0,2025-06-20
414145.0,4568565.0,2025-06-20
414155.0,4568565.0,2025-06-20
414165.0,4568565.0,2025-06-20
414175.0,4568565.0,2025-06-20
414185.0,4568565.0,2025-06-20
414195.0,4568565.0,2025-06-20
414205.0,4568565.0,2025-06-20
414215.0,4568565.0,2025-06-20
414225.0,4568565.0,2025-06-20
414235.0,4568565.0,2025-06-20
414245.0,4568565.0,2025-06-20
414255.0,4568565.0,2025-06-20
414265.0,4568565.0,2025-06-20
414275.0,4568565.0,2025-06-20
414285.0,4568565.0,2025-06-20
414295.0,4568565.0,2025-06-20
414305.0,4568565.0,2025-06-20
414315.0,4568565.0,2025-06-20
414325.0,4568565.0,2025-06-20
414335.0,4568565.0,2025-06-20
414345.0,4568565.0,2025-06-20
414355.0,4568565.0,2025-06-20
414365.0,4568565.0,2025-06-20
414375.0,4568565.0,2025-06-20
414385.0,4568565.0,2025-06-20
414395.0,4568565.0,2025-06-20
414405.0,4568565.0,2025-06-20
414415.0,4568565.0,2025-06-20
414425.0,4568565.0,2025-06-20
414435.0,4568565.0,2025-06-20
414445.0,4568565.0,2025-06-20
414455.0,4568565.0,2025-06-20
414465.0,4568565.0,2025-06-20
414475.0,4568565.0,2025-06-20
414485.0,4568565.0,2025-06-20
414495.0,4568565.0,2025-06-20
414505.0,4568565.0,2025-06-20
414515.0,4568565.0,2025-06-20
414525.0,4568565.0,2025-06-20
414535.0,4568565.0,2025-06-20
414545.0,4568565.0,2025-06-20
414555.0,4568565.0,2025-06-20
414565.0,4568565.0,2025-06-20
414575.0,4568565.0,2025-06-20
414585.0,4568565.0,2025-06-20
414595.0,4568565.0,2025-06-20
414605.0,4568565.0,2025-06-20
414615.0,4568565.0,2025-06-20
414625.0,4568565.0,2025-06-20
414635.0,4568565.0,2025-06-20
414645.0,4568565.0,2025-06-20
414655.0,4568565.0,2025-06-20
414665.0,4568565.0,2025-06-20
414675.0,4568565.0,2025-06-20
414685.0,4568565.0,2025-06-20
414695.0,4568565.0,2025-06-20
414705.0,4568565.0,2025-06-20
414715.0,4568565.0,2025-06-20
414725.0,4568565.0,2025-06-20
414735.0,4568565.0,2025-06-20
414745.0,4568565.0,2025-06-20
414755.0,4568565.0,2025-06-20
414765.0,4568565.0,2025-06-20
414775.0,4568565.0,2025-06-20
414785.0,4568565.0,2025-06-20
414795.0,4568565.0,2025-06-20
414805.0,4568565.0,2025-06-20
414815.0,4568565.0,2025-06-20
414825.0,4568565.0,2025-06-20
414835.0,4568565.0,2025-06-20
414845.0,4568565.0,2025-06-20
414855.0,4568565.0,2025-06-20
414865.0,4568565.0,2025-06-20
414875.0,4568565.0,2025-06-20
414885.0,4568565.0,2025-06-20
414895.0,4568565.0,2025-06-20
414905.0,4568565.0,2025-06-20
414915.0,4568565.0,2025-06-20
414925.0,4568565.0,2025-06-20
414935.0,4568565.0,2025-06-20
414945.0,4568565.0,2025-06-20
414955.0,4568565.0,2025-06-20
414965.0,4568565.0,2025-06-20
414975.0,4568565.0,2025-06-20
414985.0,4568565.0,2025-06-20
414995.0,4568565.0,2025-06-20
415005.0,4568565.0,2025-06-20
415015.0,4568565.0,2025-06-20
415025.0,4568565.0,2025-06-20
415035.0,4568565.0,2025-06-20
415045.0,4568565.0,2025-06-20
415055.0,4568565.0,2025-06-20
415065.0,4568565.0,2025-06-20
415075.0,4568565.0,2025-06-20
415085.0,4568565.0,2025-06-20
415095.0,4568565.0,2025-06-20
415105.0,4568565.0,2025-06-20
415115.0,4568565.0,2025-06-20
415125.0,4568565.0,2025-06-20
415135.0,4568565.0,2025-06-20
415145.0,4568565.0,2025-06-20
415155.0,4568565.0,2025-06-20
415165.0,4568565.0,2025-06-20
415175.0,4568565.0,2025-06-20
415185.0,4568565.0,2025-06-20
415195.0,4568565.0,2025-06-20
415205.0,4568565.0,2025-06-20
415215.0,4568565.0,2025-06-20
415225.0,4568565.0,2025-06-20
415235.0,4568565.0,2025-06-20
415245.0,4568565.0,2025-06-20
415255.0,4568565.0,2025-06-20
415265.0,4568565.0,2025-06-20
415275.0,4568565.0,2025-06-20
415285.0,4568565.0,2025-06-20
415295.0,4568565.0,2025-06-20
415305.0,4568565.0,2025-06-20
415315.0,4568565.0,2025-06-20
415325.0,4568565.0,2025-06-20
415335.0,4568565.0,2025-06-20
415345.0,4568565.0,2025-06-20
415355.0,4568565.0,2025-06-20
415365.0,4568565.0,2025-06-20
415375.0,4568565.0,2025-06-20
415385.0,4568565.0,2025-06-20
415395.0,4568565.0,2025-06-20
415405.0,4568565.0,2025-06-20
415415.0,4568565.0,2025-06-20
415425.0,4568565.0,2025-06-20
415435.0,4568565.0,2025-06-20
415445.0,4568565.0,2025-06-20
415455.0,4568565.0,2025-06-20
415465.0,4568565.0,2025-06-20
415475.0,4568565.0,2025-06-20
415485.0,4568565.0,2025-06-20
415495.0,4568565.0,2025-06-20
415505.0,4568565.0,2025-06-20
415515.0,4568565.0,2025-06-20
415525.0,4568565.0,2025-06-20
415535.0,4568565.0,2025-06-20
415545.0,4568565.0,2025-06-20
415555.0,4568565.0,2025-06-20
415565.0,4568565.0,2025-06-20
415575.0,4568565.0,2025-06-20
415585.0,4568565.0,2025-06-20
415595.0,4568565.0,2025-06-20
415605.0,4568565.0,2025-06-20
415615.0,4568565.0,2025-06-20
415625.0,4568565.0,2025-06-20
415635.0,4568565.0,2025-06-20
415645.0,4568565.0,2025-06-20
415655.0,4568565.0,2025-06-20
415665.0,4568565.0,2025-06-20
415675.0,4568565.0,2025-06-20
415685.0,4568565.0,2025-06-20
415695.0,4568565.0,2025-06-20
415705.0,4568565.0,2025-06-20
415715.0,4568565.0,2025-06-20
415725.0,4568565.0,2025-06-20
415735.0,4568565.0,2025-06-20
415745.0,4568565.0,2025-06-20
415755.0,4568565.0,2025-06-20
415765.0,4568565.0,2025-06-20
415775.0,4568565.0,2025-06-20
415785.0,4568565.0,2025-06-20
415795.0,4568565.0,2025-06-20
415805.0,4568565.0,2025-06-20
415815.0,4568565.0,2025-06-20
415825.0,4568565.0,2025-06-20
415835.0,4568565.0,2025-06-20
415845.0,4568565.0,2025-06-20
415855.0,4568565.0,2025-06-20
415865.0,4568565.0,2025-06-20
415875.0,4568565.0,2025-06-20
415885.0,4568565.0,2025-06-20
415895.0,4568565.0,2025-06-20
415905.0,4568565.0,2025-06-20
415915.0,4568565.0,2025-06-20
415925.0,4568565.0,2025-06-20
415935.0,4568565.0,2025-06-20
415945.0,4568565.0,2025-06-20
415955.0,4568565.0,2025-06-20
415965.0,4568565.0,2025-06-20
415975.0,4568565.0,2025-06-20
415985.0,4568565.0,2025-06-20
415995.0,4568565.0,2025-06-20
416005.0,4568565.0,2025-06-20
416015.0,4568565.0,2025-06-20
416025.0,4568565.0,2025-06-20
416035.0,4568565.0,2025-06-20
416045.0,4568565.0,2025-06-20
416055.0,4568565.0,2025-06-20
416065.0,4568565.0,2025-06-20
416075.0,4568565.0,2025-06-20
416085.0,4568565.0,2025-06-20
416095.0,4568565.0,2025-06-20
416105.0,4568565.0,2025-06-20
416115.0,4568565.0,2025-06-20
416125.0,4568565.0,2025-06-20
416135.0,4568565.0,2025-06-20
416145.0,4568565.0,2025-06-20
416155.0,4568565.0,2025-06-20
416165.0,4568565.0,2025-06-20
416175.0,4568565.0,2025-06-20
416185.0,4568565.0,2025-06-20
416195.0,4568565.0,2025-06-20
416205.0,4568565.0,2025-06-20
416215.0,4568565.0,2025-06-20
416225.0,4568565.0,2025-06-20
416235.0,4568565.0,2025-06-20
416245.0,4568565.0,2025-06-20
416255.0,4568565.0,2025-06-20
416265.0,4568565.0,2025-06-20
416275.0,4568565.0,2025-06-20
416285.0,4568565.0,2025-06-20
416295.0,4568565.0,2025-06-20
416305.0,4568565.0,2025-06-20
416315.0,4568565.0,2025-06-20
416325.0,4568565.0,2025-06-20
416335.0,4568565.0,2025-06-20
416345.0,4568565.0,2025-06-20
416355.0,4568565.0,2025-06-20
416365.0,4568565.0,2025-06-20
416375.0,4568565.0,2025-06-20
416385.0,4568565.0,2025-06-20
416395.0,4568565.0,2025-06-20
416405.0,4568565.0,2025-06-20
416415.0,4568565.0,2025-06-20
416425.0,4568565.0,2025-06-20
416435.0,4568565.0,2025-06-20
416445.0,4568565.0,2025-06-20
416455.0,4568565.0,2025-06-20
411745.0,4568555.0,2025-06-20
411755.0,4568555.0,2025-06-20
411765.0,4568555.0,2025-06-20
411775.0,4568555.0,2025-06-20
411785.0,4568555.0,2025-06-20
411795.0,4568555.0,2025-06-20
411805.0,4568555.0,2025-06-20
411815.0,4568555.0,2025-06-20
411825.0,4568555.0,2025-06-20
411835.0,4568555.0,2025-06-20
411845.0,4568555.0,2025-06-20
411855.0,4568555.0,2025-06-20
411865.0,4568555.0,2025-06-20
411875.0,4568555.0,2025-06-20
411885.0,4568555.0,2025-06-20
411895.0,4568555.0,2025-06-20
411905.0,4568555.0,2025-06-20
411915.0,4568555.0,2025-06-20
411925.0,4568555.0,2025-06-20
411935.0,4568555.0,2025-06-20
411945.0,4568555.0,2025-06-20
411955.0,4568555.0,2025-06-20
411965.0,4568555.0,2025-06-20
411975.0,4568555.0,2025-06-20
411985.0,4568555.0,2025-06-20
411995.0,4568555.0,2025-06-20
412005.0,4568555.0,2025-06-20
412015.0,4568555.0,2025-06-20
412025.0,4568555.0,2025-06-20
412035.0,4568555.0,2025-06-20
412045.0,4568555.0,2025-06-20
412055.0,4568555.0,2025-06-20
412065.0,4568555.0,2025-06-20
412075.0,4568555.0,2025-06-20
412085.0,4568555.0,2025-06-20
412095.0,4568555.0,2025-06-20
412105.0,4568555.0,2025-06-20
412115.0,4568555.0,2025-06-20
412125.0,4568555.0,2025-06-20
412135.0,4568555.0,2025-06-20
412145.0,4568555.0,2025-06-20
412155.0,4568555.0,2025-06-20
412165.0,4568555.0,2025-06-20
412175.0,4568555.0,2025-06-20
412185.0,4568555.0,2025-06-20
412195.0,4568555.0,2025-06-20
412205.0,4568555.0,2025-06-20
412215.0,4568555.0,2025-06-20
412225.0,4568555.0,2025-06-20
412235.0,4568555.0,2025-06-20
412245.0,4568555.0,2025-06-20
412255.0,4568555.0,2025-06-20
412265.0,4568555.0,2025-06-20
412275.0,4568555.0,2025-06-20
412285.0,4568555.0,2025-06-20
412295.0,4568555.0,2025-06-20
412305.0,4568555.0,2025-06-20
412315.0,4568555.0,2025-06-20
412325.0,4568555.0,2025-06-20
412335.0,4568555.0,2025-06-20
412345.0,4568555.0,2025-06-20
412355.0,4568555.0,2025-06-20
412365.0,4568555.0,2025-06-20
412375.0,4568555.0,2025-06-20
412385.0,4568555.0,2025-06-20
412395.0,4568555.0,2025-06-20
412405.0,4568555.0,2025-06-20
412415.0,4568555.0,2025-06-20
412425.0,4568555.0,2025-06-20
412435.0,4568555.0,2025-06-20
412445.0,4568555.0,2025-06-20
412455.0,4568555.0,2025-06-20
412465.0,4568555.0,2025-06-20
412475.0,4568555.0,2025-06-20
412485.0,4568555.0,2025-06-20
412495.0,4568555.0,2025-06-20
412505.0,4568555.0,2025-06-20
412515.0,4568555.0,2025-06-20
412525.0,4568555.0,2025-06-20
412535.0,4568555.0,2025-06-20
412545.0,4568555.0,2025-06-20
412555.0,4568555.0,2025-06-20
412565.0,4568555.0,2025-06-20
412575.0,4568555.0,2025-06-20
412585.0,4568555.0,2025-06-20
412595.0,4568555.0,2025-06-20
412605.0,4568555.0,2025-06-20
412615.0,4568555.0,2025-06-20
412625.0,4568555.0,2025-06-20
412635.0,4568555.0,2025-06-20
412645.0,4568555.0,2025-06-20
412655.0,4568555.0,2025-06-20
412665.0,4568555.0,2025-06-20
412675.0,4568555.0,2025-06-20
412685.0,4568555.0,2025-06-20
412695.0,4568555.0,2025-06-20
412705.0,4568555.0,2025-06-20
412715.0,4568555.0,2025-06-20
412725.0,4568555.0,2025-06-20
412735.0,4568555.0,2025-06-20
412745.0,4568555.0,2025-06-20
412755.0,4568555.0,2025-06-20
412765.0,4568555.0,2025-06-20
412775.0,4568555.0,2025-06-20
412785.0,4568555.0,2025-06-20
412795.0,4568555.0,2025-06-20
412805.0,4568555.0,2025-06-20
412815.0,4568555.0,2025-06-20
412825.0,4568555.0,2025-06-20
412835.0,4568555.0,2025-06-20
412845.0,4568555.0,2025-06-20
412855.0,4568555.0,2025-06-20
412865.0,4568555.0,2025-06-20
412875.0,4568555.0,2025-06-20
412885.0,4568555.0,2025-06-20
412895.0,4568555.0,2025-06-20
412905.0,4568555.0,2025-06-20
412915.0,4568555.0,2025-06-20
412925.0,4568555.0,2025-06-20
412935.0,4568555.0,2025-06-20
412945.0,4568555.0,2025-06-20
412955.0,4568555.0,2025-06-20
412965.0,4568555.0,2025-06-20
412975.0,4568555.0,2025-06-20
412985.0,4568555.0,2025-06-20
412995.0,4568555.0,2025-06-20
413005.0,4568555.0,2025-06-20
413015.0,4568555.0,2025-06-20
413025.0,4568555.0,2025-06-20
413035.0,4568555.0,2025-06-20
413045.0,4568555.0,2025-06-20
413055.0,4568555.0,2025-06-20
413065.0,4568555.0,2025-06-20
413075.0,4568555.0,2025-06-20
413085.0,4568555.0,2025-06-20
413095.0,4568555.0,2025-06-20
413105.0,4568555.0,2025-06-20
413115.0,4568555.0,2025-06-20
413125.0,4568555.0,2025-06-20
413135.0,4568555.0,2025-06-20
413145.0,4568555.0,2025-06-20
413155.0,4568555.0,2025-06-20
413165.0,4568555.0,2025-06-20
413175.0,4568555.0,2025-06-20
413185.0,4568555.0,2025-06-20
413195.0,4568555.0,2025-06-20
413205.0,4568555.0,2025-06-20
413215.0,4568555.0,2025-06-20
413225.0,4568555.0,2025-06-20
413235.0,4568555.0,2025-06-20
413245.0,4568555.0,2025-06-20
413255.0,4568555.0,2025-06-20
413265.0,4568555.0,2025-06-20
413275.0,4568555.0,2025-06-20
413285.0,4568555.0,2025-06-20
413295.0,4568555.0,2025-06-20
413305.0,4568555.0,2025-06-20
413315.0,4568555.0,2025-06-20
413325.0,4568555.0,2025-06-20
413335.0,4568555.0,2025-06-20
413345.0,4568555.0,2025-06-20
413355.0,4568555.0,2025-06-20
413365.0,4568555.0,2025-06-20
413375.0,4568555.0,2025-06-20
413385.0,4568555.0,2025-06-20
413395.0,4568555.0,2025-06-20
413405.0,4568555.0,2025-06-20
413415.0,4568555.0,2025-06-20
413425.0,4568555.0,2025-06-20
413435.0,4568555.0,2025-06-20
413445.0,4568555.0,2025-06-20
413455.0,4568555.0,2025-06-20
413465.0,4568555.0,2025-06-20
413475.0,4568555.0,2025-06-20
413485.0,4568555.0,2025-06-20
413495.0,4568555.0,2025-06-20
413505.0,4568555.0,2025-06-20
413515.0,4568555.0,2025-06-20
413525.0,4568555.0,2025-06-20
413535.0,4568555.0,2025-06-20
413545.0,4568555.0,2025-06-20
413555.0,4568555.0,2025-06-20
413565.0,4568555.0,2025-06-20
413575.0,4568555.0,2025-06-20
413585.0,4568555.0,2025-06-20
413595.0,4568555.0,2025-06-20
413605.0,4568555.0,2025-06-20
413615.0,4568555.0,2025-06-20
413625.0,4568555.0,2025-06-20
413635.0,4568555.0,2025-06-20
413645.0,4568555.0,2025-06-20
413655.0,4568555.0,2025-06-20
413665.0,4568555.0,2025-06-20
413675.0,4568555.0,2025-06-20
413685.0,4568555.0,2025-06-20
413695.0,4568555.0,2025-06-20
413705.0,4568555.0,2025-06-20
413715.0,4568555.0,2025-06-20
413725.0,4568555.0,2025-06-20
413735.0,4568555.0,2025-06-20
413745.0,4568555.0,2025-06-20
413755.0,4568555.0,2025-06-20
413765.0,4568555.0,2025-06-20
413775.0,4568555.0,2025-06-20
413785.0,4568555.0,2025-06-20
413795.0,4568555.0,2025-06-20
413805.0,4568555.0,2025-06-20
413815.0,4568555.0,2025-06-20
413825.0,4568555.0,2025-06-20
413835.0,4568555.0,2025-06-20
413845.0,4568555.0,2025-06-20
413855.0,4568555.0,2025-06-20
413865.0,4568555.0,2025-06-20
413875.0,4568555.0,2025-06-20
413885.0,4568555.0,2025-06-20
413895.0,4568555.0,2025-06-20
413905.0,4568555.0,2025-06-20
413915.0,4568555.0,2025-06-20
413925.0,4568555.0,2025-06-20
413935.0,4568555.0,2025-06-20
413945.0,4568555.0,2025-06-20
413955.0,4568555.0,2025-06-20
413965.0,4568555.0,2025-06-20
413975.0,4568555.0,2025-06-20
413985.0,4568555.0,2025-06-20
413995.0,4568555.0,2025-06-20
414005.0,4568555.0,2025-06-20
414015.0,4568555.0,2025-06-20
414025.0,4568555.0,2025-06-20
414035.0,4568555.0,2025-06-20
414045.0,4568555.0,2025-06-20
414055.0,4568555.0,2025-06-20
414065.0,4568555.0,2025-06-20
414075.0,4568555.0,2025-06-20
414085.0,4568555.0,2025-06-20
414095.0,4568555.0,2025-06-20
414105.0,4568555.0,2025-06-20
414115.0,4568555.0,2025-06-20
414125.0,4568555.0,2025-06-20
414135.0,4568555.0,2025-06-20
414145.0,4568555.0,2025-06-20
414155.0,4568555.0,2025-06-20
414165.0,4568555.0,2025-06-20
414175.0,4568555.0,2025-06-20
414185.0,4568555.0,2025-06-20
414195.0,4568555.0,2025-06-20
414205.0,4568555.0,2025-06-20
414215.0,4568555.0,2025-06-20
414225.0,4568555.0,2025-06-20
414235.0,4568555.0,2025-06-20
414245.0,4568555.0,2025-06-20
414255.0,4568555.0,2025-06-20
414265.0,4568555.0,2025-06-20
414275.0,4568555.0,2025-06-20
414285.0,4568555.0,2025-06-20
414295.0,4568555.0,2025-06-20
414305.0,4568555.0,2025-06-20
414315.0,4568555.0,2025-06-20
414325.0,4568555.0,2025-06-20
414335.0,4568555.0,2025-06-20
414345.0,4568555.0,2025-06-20
414355.0,4568555.0,2025-06-20
414365.0,4568555.0,2025-06-20
414375.0,4568555.0,2025-06-20
414385.0,4568555.0,2025-06-20
414395.0,4568555.0,2025-06-20
414405.0,4568555.0,2025-06-20
414415.0,4568555.0,2025-06-20
414425.0,4568555.0,2025-06-20
414435.0,4568555.0,2025-06-20
414445.0,4568555.0,2025-06-20
414455.0,4568555.0,2025-06-20
414465.0,4568555.0,2025-06-20
414475.0,4568555.0,2025-06-20
414485.0,4568555.0,2025-06-20
414495.0,4568555.0,2025-06-20
414505.0,4568555.0,2025-06-20
414515.0,4568555.0,2025-06-20
414525.0,4568555.0,2025-06-20
414535.0,4568555.0,2025-06-20
414545.0,4568555.0,2025-06-20
414555.0,4568555.0,2025-06-20
414565.0,4568555.0,2025-06-20
414575.0,4568555.0,2025-06-20
414585.0,4568555.0,2025-06-20
414595.0,4568555.0,2025-06-20
414605.0,4568555.0,2025-06-20
414615.0,4568555.0,2025-06-20
414625.0,4568555.0,2025-06-20
414635.0,4568555.0,2025-06-20
414645.0,4568555.0,2025-06-20
414655.0,4568555.0,2025-06-20
414665.0,4568555.0,2025-06-20
414675.0,4568555.0,2025-06-20
414685.0,4568555.0,2025-06-20
414695.0,4568555.0,2025-06-20
414705.0,4568555.0,2025-06-20
414715.0,4568555.0,2025-06-20
414725.0,4568555.0,2025-06-20
414735.0,4568555.0,2025-06-20
414745.0,4568555.0,2025-06-20
414755.0,4568555.0,2025-06-20
414765.0,4568555.0,2025-06-20
414775.0,4568555.0,2025-06-20
414785.0,4568555.0,2025-06-20
414795.0,4568555.0,2025-06-20
414805.0,4568555.0,2025-06-20
414815.0,4568555.0,2025-06-20
414825.0,4568555.0,2025-06-20
414835.0,4568555.0,2025-06-20
414845.0,4568555.0,2025-06-20
414855.0,4568555.0,2025-06-20
414865.0,4568555.0,2025-06-20
414875.0,4568555.0,2025-06-20
414885.0,4568555.0,2025-06-20
414895.0,4568555.0,2025-06-20
414905.0,4568555.0,2025-06-20
414915.0,4568555.0,2025-06-20
414925.0,4568555.0,2025-06-20
414935.0,4568555.0,2025-06-20
414945.0,4568555.0,2025-06-20
414955.0,4568555.0,2025-06-20
414965.0,4568555.0,2025-06-20
414975.0,4568555.0,2025-06-20
414985.0,4568555.0,2025-06-20
414995.0,4568555.0,2025-06-20
415005.0,4568555.0,2025-06-20
415015.0,4568555.0,2025-06-20
415025.0,4568555.0,2025-06-20
415035.0,4568555.0,2025-06-20
415045.0,4568555.0,2025-06-20
415055.0,4568555.0,2025-06-20
415065.0,4568555.0,2025-06-20
415075.0,4568555.0,2025-06-20
415085.0,4568555.0,2025-06-20
415095.0,4568555.0,2025-06-20
415105.0,4568555.0,2025-06-20
415115.0,4568555.0,2025-06-20
415125.0,4568555.0,2025-06-20
415135.0,4568555.0,2025-06-20
415145.0,4568555.0,2025-06-20
415155.0,4568555.0,2025-06-20
415165.0,4568555.0,2025-06-20
415175.0,4568555.0,2025-06-20
415185.0,4568555.0,2025-06-20
415195.0,4568555.0,2025-06-20
415205.0,4568555.0,2025-06-20
415215.0,4568555.0,2025-06-20
415225.0,4568555.0,2025-06-20
415235.0,4568555.0,2025-06-20
415245.0,4568555.0,2025-06-20
415255.0,4568555.0,2025-06-20
415265.0,4568555.0,2025-06-20
415275.0,4568555.0,2025-06-20
415285.0,4568555.0,2025-06-20
415295.0,4568555.0,2025-06-20
415305.0,4568555.0,2025-06-20
415315.0,4568555.0,2025-06-20
415325.0,4568555.0,2025-06-20
415335.0,4568555.0,2025-06-20
415345.0,4568555.0,2025-06-20
415355.0,4568555.0,2025-06-20
415365.0,4568555.0,2025-06-20
415375.0,4568555.0,2025-06-20
415385.0,4568555.0,2025-06-20
415395.0,4568555.0,2025-06-20
415405.0,4568555.0,2025-06-20
415415.0,4568555.0,2025-06-20
415425.0,4568555.0,2025-06-20
415435.0,4568555.0,2025-06-20
415445.0,4568555.0,2025-06-20
415455.0,4568555.0,2025-06-20
415465.0,4568555.0,2025-06-20
415475.0,4568555.0,2025-06-20
415485.0,4568555.0,2025-06-20
415495.0,4568555.0,2025-06-20
415505.0,4568555.0,2025-06-20
415515.0,4568555.0,2025-06-20
415525.0,4568555.0,2025-06-20
415535.0,4568555.0,2025-06-20
415545.0,4568555.0,2025-06-20
415555.0,4568555.0,2025-06-20
415565.0,4568555.0,2025-06-20
415575.0,4568555.0,2025-06-20
415585.0,4568555.0,2025-06-20
415595.0,4568555.0,2025-06-20
415605.0,4568555.0,2025-06-20
415615.0,4568555.0,2025-06-20
415625.0,4568555.0,2025-06-20
415635.0,4568555.0,2025-06-20
415645.0,4568555.0,2025-06-20
415655.0,4568555.0,2025-06-20
415665.0,4568555.0,2025-06-20
415675.0,4568555.0,2025-06-20
415685.0,4568555.0,2025-06-20
415695.0,4568555.0,2025-06-20
415705.0,4568555.0,2025-06-20
415715.0,4568555.0,2025-06-20
415725.0,4568555.0,2025-06-20
415735.0,4568555.0,2025-06-20
415745.0,4568555.0,2025-06-20
415755.0,4568555.0,2025-06-20
415765.0,4568555.0,2025-06-20
415775.0,4568555.0,2025-06-20
415785.0,4568555.0,2025-06-20
415795.0,4568555.0,2025-06-20
415805.0,4568555.0,2025-06-20
415815.0,4568555.0,2025-06-20
415825.0,4568555.0,2025-06-20
415835.0,4568555.0,2025-06-20
415845.0,4568555.0,2025-06-20
415855.0,4568555.0,2025-06-20
415865.0,4568555.0,2025-06-20
415875.0,4568555.0,2025-06-20
415885.0,4568555.0,2025-06-20
415895.0,4568555.0,2025-06-20
415905.0,4568555.0,2025-06-20
415915.0,4568555.0,2025-06-20
415925.0,4568555.0,2025-06-20
415935.0,4568555.0,2025-06-20
415945.0,4568555.0,2025-06-20
415955.0,4568555.0,2025-06-20
415965.0,4568555.0,2025-06-20
415975.0,4568555.0,2025-06-20
415985.0,4568555.0,2025-06-20
415995.0,4568555.0,2025-06-20
416005.0,4568555.0,2025-06-20
416015.0,4568555.0,2025-06-20
416025.0,4568555.0,2025-06-20
416035.0,4568555.0,2025-06-20
416045.0,4568555.0,2025-06-20
416055.0,4568555.0,2025-06-20
416065.0,4568555.0,2025-06-20
416075.0,4568555.0,2025-06-20
416085.0,4568555.0,2025-06-20
416095.0,4568555.0,2025-06-20
416105.0,4568555.0,2025-06-20
416115.0,4568555.0,2025-06-20
416125.0,4568555.0,2025-06-20
416135.0,4568555.0,2025-06-20
416145.0,4568555.0,2025-06-20
416155.0,4568555.0,2025-06-20
416165.0,4568555.0,2025-06-20
416175.0,4568555.0,2025-06-20
416185.0,4568555.0,2025-06-20
416195.0,4568555.0,2025-06-20
416205.0,4568555.0,2025-06-20
416215.0,4568555.0,2025-06-20
416225.0,4568555.0,2025-06-20
416235.0,4568555.0,2025-06-20
416245.0,4568555.0,2025-06-20
416255.0,4568555.0,2025-06-20
416265.0,4568555.0,2025-06-20
416275.0,4568555.0,2025-06-20
416285.0,4568555.0,2025-06-20
416295.0,4568555.0,2025-06-20
416305.0,4568555.0,2025-06-20
416315.0,4568555.0,2025-06-20
416325.0,4568555.0,2025-06-20
416335.0,4568555.0,2025-06-20
416345.0,4568555.0,2025-06-20
416355.0,4568555.0,2025-06-20
416365.0,4568555.0,2025-06-20
416375.0,4568555.0,2025-06-20
416385.0,4568555.0,2025-06-20
416395.0,4568555.0,2025-06-20
416405.0,4568555.0,2025-06-20
416415.0,4568555.0,2025-06-20
416425.0,4568555.0,2025-06-20
416435.0,4568555.0,2025-06-20
416445.0,4568555.0,2025-06-20
416455.0,4568555.0,2025-06-20
411745.0,4568545.0,2025-06-20
411755.0,4568545.0,2025-06-20
411765.0,4568545.0,2025-06-20
411775.0,4568545.0,2025-06-20
411785.0,4568545.0,2025-06-20
411795.0,4568545.0,2025-06-20
411805.0,4568545.0,2025-06-20
411815.0,4568545.0,2025-06-20
411825.0,4568545.0,2025-06-20
411835.0,4568545.0,2025-06-20
411845.0,4568545.0,2025-06-20
411855.0,4568545.0,2025-06-20
411865.0,4568545.0,2025-06-20
411875.0,4568545.0,2025-06-20
411885.0,4568545.0,2025-06-20
411895.0,4568545.0,2025-06-20
411905.0,4568545.0,2025-06-20
411915.0,4568545.0,2025-06-20
411925.0,4568545.0,2025-06-20
411935.0,4568545.0,2025-06-20
411945.0,4568545.0,2025-06-20
411955.0,4568545.0,2025-06-20
411965.0,4568545.0,2025-06-20
411975.0,4568545.0,2025-06-20
411985.0,4568545.0,2025-06-20
411995.0,4568545.0,2025-06-20
412005.0,4568545.0,2025-06-20
412015.0,4568545.0,2025-06-20
412025.0,4568545.0,2025-06-20
412035.0,4568545.0,2025-06-20
412045.0,4568545.0,2025-06-20
412055.0,4568545.0,2025-06-20
412065.0,4568545.0,2025-06-20
412075.0,4568545.0,2025-06-20
412085.0,4568545.0,2025-06-20
412095.0,4568545.0,2025-06-20
412105.0,4568545.0,2025-06-20
412115.0,4568545.0,2025-06-20
412125.0,4568545.0,2025-06-20
412135.0,4568545.0,2025-06-20
412145.0,4568545.0,2025-06-20
412155.0,4568545.0,2025-06-20
412165.0,4568545.0,2025-06-20
412175.0,4568545.0,2025-06-20
412185.0,4568545.0,2025-06-20
412195.0,4568545.0,2025-06-20
412205.0,4568545.0,2025-06-20
412215.0,4568545.0,2025-06-20
412225.0,4568545.0,2025-06-20
412235.0,4568545.0,2025-06-20
412245.0,4568545.0,2025-06-20
412255.0,4568545.0,2025-06-20
412265.0,4568545.0,2025-06-20
412275.0,4568545.0,2025-06-20
412285.0,4568545.0,2025-06-20
412295.0,4568545.0,2025-06-20
412305.0,4568545.0,2025-06-20
412315.0,4568545.0,2025-06-20
412325.0,4568545.0,2025-06-20
412335.0,4568545.0,2025-06-20
412345.0,4568545.0,2025-06-20
412355.0,4568545.0,2025-06-20
412365.0,4568545.0,2025-06-20
412375.0,4568545.0,2025-06-20
412385.0,4568545.0,2025-06-20
412395.0,4568545.0,2025-06-20
412405.0,4568545.0,2025-06-20
412415.0,4568545.0,2025-06-20
412425.0,4568545.0,2025-06-20
412435.0,4568545.0,2025-06-20
412445.0,4568545.0,2025-06-20
412455.0,4568545.0,2025-06-20
412465.0,4568545.0,2025-06-20
412475.0,4568545.0,2025-06-20
412485.0,4568545.0,2025-06-20
412495.0,4568545.0,2025-06-20
412505.0,4568545.0,2025-06-20
412515.0,4568545.0,2025-06-20
412525.0,4568545.0,2025-06-20
412535.0,4568545.0,2025-06-20
412545.0,4568545.0,2025-06-20
412555.0,4568545.0,2025-06-20
412565.0,4568545.0,2025-06-20
412575.0,4568545.0,2025-06-20
412585.0,4568545.0,2025-06-20
412595.0,4568545.0,2025-06-20
412605.0,4568545.0,2025-06-20
412615.0,4568545.0,2025-06-20
412625.0,4568545.0,2025-06-20
412635.0,4568545.0,2025-06-20
412645.0,4568545.0,2025-06-20
412655.0,4568545.0,2025-06-20
412665.0,4568545.0,2025-06-20
412675.0,4568545.0,2025-06-20
412685.0,4568545.0,2025-06-20
412695.0,4568545.0,2025-06-20
412705.0,4568545.0,2025-06-20
412715.0,4568545.0,2025-06-20
412725.0,4568545.0,2025-06-20
412735.0,4568545.0,2025-06-20
412745.0,4568545.0,2025-06-20
412755.0,4568545.0,2025-06-20
412765.0,4568545.0,2025-06-20
412775.0,4568545.0,2025-06-20
412785.0,4568545.0,2025-06-20
412795.0,4568545.0,2025-06-20
412805.0,4568545.0,2025-06-20
412815.0,4568545.0,2025-06-20
412825.0,4568545.0,2025-06-20
412835.0,4568545.0,2025-06-20
412845.0,4568545.0,2025-06-20
412855.0,4568545.0,2025-06-20
412865.0,4568545.0,2025-06-20
412875.0,4568545.0,2025-06-20
412885.0,4568545.0,2025-06-20
412895.0,4568545.0,2025-06-20
412905.0,4568545.0,2025-06-20
412915.0,4568545.0,2025-06-20
412925.0,4568545.0,2025-06-20
412935.0,4568545.0,2025-06-20
412945.0,4568545.0,2025-06-20
412955.0,4568545.0,2025-06-20
412965.0,4568545.0,2025-06-20
412975.0,4568545.0,2025-06-20
412985.0,4568545.0,2025-06-20
412995.0,4568545.0,2025-06-20
413005.0,4568545.0,2025-06-20
413015.0,4568545.0,2025-06-20
413025.0,4568545.0,2025-06-20
413035.0,4568545.0,2025-06-20
413045.0,4568545.0,2025-06-20
413055.0,4568545.0,2025-06-20
413065.0,4568545.0,2025-06-20
413075.0,4568545.0,2025-06-20
413085.0,4568545.0,2025-06-20
413095.0,4568545.0,2025-06-20
413105.0,4568545.0,2025-06-20
413115.0,4568545.0,2025-06-20
413125.0,4568545.0,2025-06-20
413135.0,4568545.0,2025-06-20
413145.0,4568545.0,2025-06-20
413155.0,4568545.0,2025-06-20
413165.0,4568545.0,2025-06-20
413175.0,4568545.0,2025-06-20
413185.0,4568545.0,2025-06-20
413195.0,4568545.0,2025-06-20
413205.0,4568545.0,2025-06-20
413215.0,4568545.0,2025-06-20
413225.0,4568545.0,2025-06-20
413235.0,4568545.0,2025-06-20
413245.0,4568545.0,2025-06-20
413255.0,4568545.0,2025-06-20
413265.0,4568545.0,2025-06-20
413275.0,4568545.0,2025-06-20
413285.0,4568545.0,2025-06-20
413295.0,4568545.0,2025-06-20
413305.0,4568545.0,2025-06-20
413315.0,4568545.0,2025-06-20
413325.0,4568545.0,2025-06-20
413335.0,4568545.0,2025-06-20
413345.0,4568545.0,2025-06-20
413355.0,4568545.0,2025-06-20
413365.0,4568545.0,2025-06-20
413375.0,4568545.0,2025-06-20
413385.0,4568545.0,2025-06-20
413395.0,4568545.0,2025-06-20
413405.0,4568545.0,2025-06-20
413415.0,4568545.0,2025-06-20
413425.0,4568545.0,2025-06-20
413435.0,4568545.0,2025-06-20
413445.0,4568545.0,2025-06-20
413455.0,4568545.0,2025-06-20
413465.0,4568545.0,2025-06-20
413475.0,4568545.0,2025-06-20
413485.0,4568545.0,2025-06-20
413495.0,4568545.0,2025-06-20
413505.0,4568545.0,2025-06-20
413515.0,4568545.0,2025-06-20
413525.0,4568545.0,2025-06-20
413535.0,4568545.0,2025-06-20
413545.0,4568545.0,2025-06-20
413555.0,4568545.0,2025-06-20
413565.0,4568545.0,2025-06-20
413575.0,4568545.0,2025-06-20
413585.0,4568545.0,2025-06-20
413595.0,4568545.0,2025-06-20
413605.0,4568545.0,2025-06-20
413615.0,4568545.0,2025-06-20
413625.0,4568545.0,2025-06-20
413635.0,4568545.0,2025-06-20
413645.0,4568545.0,2025-06-20
413655.0,4568545.0,2025-06-20
413665.0,4568545.0,2025-06-20
413675.0,4568545.0,2025-06-20
413685.0,4568545.0,2025-06-20
413695.0,4568545.0,2025-06-20
413705.0,4568545.0,2025-06-20
413715.0,4568545.0,2025-06-20
413725.0,4568545.0,2025-06-20
413735.0,4568545.0,2025-06-20
413745.0,4568545.0,2025-06-20
413755.0,4568545.0,2025-06-20
413765.0,4568545.0,2025-06-20
413775.0,4568545.0,2025-06-20
413785.0,4568545.0,2025-06-20
413795.0,4568545.0,2025-06-20
413805.0,4568545.0,2025-06-20
413815.0,4568545.0,2025-06-20
413825.0,4568545.0,2025-06-20
413835.0,4568545.0,2025-06-20
413845.0,4568545.0,2025-06-20
413855.0,4568545.0,2025-06-20
413865.0,4568545.0,2025-06-20
413875.0,4568545.0,2025-06-20
413885.0,4568545.0,2025-06-20
413895.0,4568545.0,2025-06-20
413905.0,4568545.0,2025-06-20
413915.0,4568545.0,2025-06-20
413925.0,4568545.0,2025-06-20
413935.0,4568545.0,2025-06-20
413945.0,4568545.0,2025-06-20
413955.0,4568545.0,2025-06-20
413965.0,4568545.0,2025-06-20
413975.0,4568545.0,2025-06-20
413985.0,4568545.0,2025-06-20
413995.0,4568545.0,2025-06-20
414005.0,4568545.0,2025-06-20
414015.0,4568545.0,2025-06-20
414025.0,4568545.0,2025-06-20
414035.0,4568545.0,2025-06-20
414045.0,4568545.0,2025-06-20
414055.0,4568545.0,2025-06-20
414065.0,4568545.0,2025-06-20
414075.0,4568545.0,2025-06-20
414085.0,4568545.0,2025-06-20
414095.0,4568545.0,2025-06-20
414105.0,4568545.0,2025-06-20
414115.0,4568545.0,2025-06-20
414125.0,4568545.0,2025-06-20
414135.0,4568545.0,2025-06-20
414145.0,4568545.0,2025-06-20
414155.0,4568545.0,2025-06-20
414165.0,4568545.0,2025-06-20
414175.0,4568545.0,2025-06-20
414185.0,4568545.0,2025-06-20
414195.0,4568545.0,2025-06-20
414205.0,4568545.0,2025-06-20
414215.0,4568545.0,2025-06-20
414225.0,4568545.0,2025-06-20
414235.0,4568545.0,2025-06-20
414245.0,4568545.0,2025-06-20
414255.0,4568545.0,2025-06-20
414265.0,4568545.0,2025-06-20
414275.0,4568545.0,2025-06-20
414285.0,4568545.0,2025-06-20
414295.0,4568545.0,2025-06-20
414305.0,4568545.0,2025-06-20
414315.0,4568545.0,2025-06-20
414325.0,4568545.0,2025-06-20
414335.0,4568545.0,2025-06-20
414345.0,4568545.0,2025-06-20
414355.0,4568545.0,2025-06-20
414365.0,4568545.0,2025-06-20
414375.0,4568545.0,2025-06-20
414385.0,4568545.0,2025-06-20
414395.0,4568545.0,2025-06-20
414405.0,4568545.0,2025-06-20
414415.0,4568545.0,2025-06-20
414425.0,4568545.0,2025-06-20
414435.0,4568545.0,2025-06-20
414445.0,4568545.0,2025-06-20
414455.0,4568545.0,2025-06-20
414465.0,4568545.0,2025-06-20
414475.0,4568545.0,2025-06-20
414485.0,4568545.0,2025-06-20
414495.0,4568545.0,2025-06-20
414505.0,4568545.0,2025-06-20
414515.0,4568545.0,2025-06-20
414525.0,4568545.0,2025-06-20
414535.0,4568545.0,2025-06-20
414545.0,4568545.0,2025-06-20
414555.0,4568545.0,2025-06-20
414565.0,4568545.0,2025-06-20
414575.0,4568545.0,2025-06-20
414585.0,4568545.0,2025-06-20
414595.0,4568545.0,2025-06-20
414605.0,4568545.0,2025-06-20
414615.0,4568545.0,2025-06-20
414625.0,4568545.0,2025-06-20
414635.0,4568545.0,2025-06-20
414645.0,4568545.0,2025-06-20
414655.0,4568545.0,2025-06-20
414665.0,4568545.0,2025-06-20
414675.0,4568545.0,2025-06-20
414685.0,4568545.0,2025-06-20
414695.0,4568545.0,2025-06-20
414705.0,4568545.0,2025-06-20
414715.0,4568545.0,2025-06-20
414725.0,4568545.0,2025-06-20
414735.0,4568545.0,2025-06-20
414745.0,4568545.0,2025-06-20
414755.0,4568545.0,2025-06-20
414765.0,4568545.0,2025-06-20
414775.0,4568545.0,2025-06-20
414785.0,4568545.0,2025-06-20
414795.0,4568545.0,2025-06-20
414805.0,4568545.0,2025-06-20
414815.0,4568545.0,2025-06-20
414825.0,4568545.0,2025-06-20
414835.0,4568545.0,2025-06-20
414845.0,4568545.0,2025-06-20
414855.0,4568545.0,2025-06-20
414865.0,4568545.0,2025-06-20
414875.0,4568545.0,2025-06-20
414885.0,4568545.0,2025-06-20
414895.0,4568545.0,2025-06-20
414905.0,4568545.0,2025-06-20
414915.0,4568545.0,2025-06-20
414925.0,4568545.0,2025-06-20
414935.0,4568545.0,2025-06-20
414945.0,4568545.0,2025-06-20
414955.0,4568545.0,2025-06-20
414965.0,4568545.0,2025-06-20
414975.0,4568545.0,2025-06-20
414985.0,4568545.0,2025-06-20
414995.0,4568545.0,2025-06-20
415005.0,4568545.0,2025-06-20
415015.0,4568545.0,2025-06-20
415025.0,4568545.0,2025-06-20
415035.0,4568545.0,2025-06-20
415045.0,4568545.0,2025-06-20
415055.0,4568545.0,2025-06-20
415065.0,4568545.0,2025-06-20
415075.0,4568545.0,2025-06-20
415085.0,4568545.0,2025-06-20
415095.0,4568545.0,2025-06-20
415105.0,4568545.0,2025-06-20
415115.0,4568545.0,2025-06-20
415125.0,4568545.0,2025-06-20
415135.0,4568545.0,2025-06-20
415145.0,4568545.0,2025-06-20
415155.0,4568545.0,2025-06-20
415165.0,4568545.0,2025-06-20
415175.0,4568545.0,2025-06-20
415185.0,4568545.0,2025-06-20
415195.0,4568545.0,2025-06-20
415205.0,4568545.0,2025-06-20
415215.0,4568545.0,2025-06-20
415225.0,4568545.0,2025-06-20
415235.0,4568545.0,2025-06-20
415245.0,4568545.0,2025-06-20
415255.0,4568545.0,2025-06-20
415265.0,4568545.0,2025-06-20
415275.0,4568545.0,2025-06-20
415285.0,4568545.0,2025-06-20
415295.0,4568545.0,2025-06-20
415305.0,4568545.0,2025-06-20
415315.0,4568545.0,2025-06-20
415325.0,4568545.0,2025-06-20
415335.0,4568545.0,2025-06-20
415345.0,4568545.0,2025-06-20
415355.0,4568545.0,2025-06-20
415365.0,4568545.0,2025-06-20
415375.0,4568545.0,2025-06-20
415385.0,4568545.0,2025-06-20
415395.0,4568545.0,2025-06-20
415405.0,4568545.0,2025-06-20
415415.0,4568545.0,2025-06-20
415425.0,4568545.0,2025-06-20
415435.0,4568545.0,2025-06-20
415445.0,4568545.0,2025-06-20
415455.0,4568545.0,2025-06-20
415465.0,4568545.0,2025-06-20
415475.0,4568545.0,2025-06-20
415485.0,4568545.0,2025-06-20
415495.0,4568545.0,2025-06-20
415505.0,4568545.0,2025-06-20
415515.0,4568545.0,2025-06-20
415525.0,4568545.0,2025-06-20
415535.0,4568545.0,2025-06-20
415545.0,4568545.0,2025-06-20
415555.0,4568545.0,2025-06-20
415565.0,4568545.0,2025-06-20
415575.0,4568545.0,2025-06-20
415585.0,4568545.0,2025-06-20
415595.0,4568545.0,2025-06-20
415605.0,4568545.0,2025-06-20
415615.0,4568545.0,2025-06-20
415625.0,4568545.0,2025-06-20
415635.0,4568545.0,2025-06-20
415645.0,4568545.0,2025-06-20
415655.0,4568545.0,2025-06-20
415665.0,4568545.0,2025-06-20
415675.0,4568545.0,2025-06-20
415685.0,4568545.0,2025-06-20
415695.0,4568545.0,2025-06-20
415705.0,4568545.0,2025-06-20
415715.0,4568545.0,2025-06-20
415725.0,4568545.0,2025-06-20
415735.0,4568545.0,2025-06-20
415745.0,4568545.0,2025-06-20
415755.0,4568545.0,2025-06-20
415765.0,4568545.0,2025-06-20
415775.0,4568545.0,2025-06-20
415785.0,4568545.0,2025-06-20
415795.0,4568545.0,2025-06-20
415805.0,4568545.0,2025-06-20
415815.0,4568545.0,2025-06-20
415825.0,4568545.0,2025-06-20
415835.0,4568545.0,2025-06-20
415845.0,4568545.0,2025-06-20
415855.0,4568545.0,2025-06-20
415865.0,4568545.0,2025-06-20
415875.0,4568545.0,2025-06-20
415885.0,4568545.0,2025-06-20
415895.0,4568545.0,2025-06-20
415905.0,4568545.0,2025-06-20
415915.0,4568545.0,2025-06-20
415925.0,4568545.0,2025-06-20
415935.0,4568545.0,2025-06-20
415945.0,4568545.0,2025-06-20
415955.0,4568545.0,2025-06-20
415965.0,4568545.0,2025-06-20
415975.0,4568545.0,2025-06-20
415985.0,4568545.0,2025-06-20
415995.0,4568545.0,2025-06-20
416005.0,4568545.0,2025-06-20
416015.0,4568545.0,2025-06-20
416025.0,4568545.0,2025-06-20
416035.0,4568545.0,2025-06-20
416045.0,4568545.0,2025-06-20
416055.0,4568545.0,2025-06-20
416065.0,4568545.0,2025-06-20
416075.0,4568545.0,2025-06-20
416085.0,4568545.0,2025-06-20
416095.0,4568545.0,2025-06-20
416105.0,4568545.0,2025-06-20
416115.0,4568545.0,2025-06-20
416125.0,4568545.0,2025-06-20
416135.0,4568545.0,2025-06-20
416145.0,4568545.0,2025-06-20
416155.0,4568545.0,2025-06-20
416165.0,4568545.0,2025-06-20
416175.0,4568545.0,2025-06-20
416185.0,4568545.0,2025-06-20
416195.0,4568545.0,2025-06-20
416205.0,4568545.0,2025-06-20
416215.0,4568545.0,2025-06-20
416225.0,4568545.0,2025-06-20
416235.0,4568545.0,2025-06-20
416245.0,4568545.0,2025-06-20
416255.0,4568545.0,2025-06-20
416265.0,4568545.0,2025-06-20
416275.0,4568545.0,2025-06-20
416285.0,4568545.0,2025-06-20
416295.0,4568545.0,2025-06-20
416305.0,4568545.0,2025-06-20
416315.0,4568545.0,2025-06-20
416325.0,4568545.0,2025-06-20
416335.0,4568545.0,2025-06-20
416345.0,4568545.0,2025-06-20
416355.0,4568545.0,2025-06-20
416365.0,4568545.0,2025-06-20
416375.0,4568545.0,2025-06-20
416385.0,4568545.0,2025-06-20
416395.0,4568545.0,2025-06-20
416405.0,4568545.0,2025-06-20
416415.0,4568545.0,2025-06-20
416425.0,4568545.0,2025-06-20
416435.0,4568545.0,2025-06-20
416445.0,4568545.0,2025-06-20
416455.0,4568545.0,2025-06-20
412575.0,4568535.0,2025-06-20
412585.0,4568535.0,2025-06-20
412595.0,4568535.0,2025-06-20
412605.0,4568535.0,2025-06-20
412615.0,4568535.0,2025-06-20
412625.0,4568535.0,2025-06-20
412635.0,4568535.0,2025-06-20
412645.0,4568535.0,2025-06-20
412655.0,4568535.0,2025-06-20
412665.0,4568535.0,2025-06-20
412675.0,4568535.0,2025-06-20
412685.0,4568535.0,2025-06-20
412695.0,4568535.0,2025-06-20
412705.0,4568535.0,2025-06-20
412715.0,4568535.0,2025-06-20
412725.0,4568535.0,2025-06-20
412735.0,4568535.0,2025-06-20
412745.0,4568535.0,2025-06-20
412755.0,4568535.0,2025-06-20
412765.0,4568535.0,2025-06-20
412775.0,4568535.0,2025-06-20
412785.0,4568535.0,2025-06-20
412795.0,4568535.0,2025-06-20
412805.0,4568535.0,2025-06-20
412815.0,4568535.0,2025-06-20
412825.0,4568535.0,2025-06-20
412835.0,4568535.0,2025-06-20
412845.0,4568535.0,2025-06-20
412855.0,4568535.0,2025-06-20
412865.0,4568535.0,2025-06-20
412875.0,4568535.0,2025-06-20
412885.0,4568535.0,2025-06-20
412895.0,4568535.0,2025-06-20
412905.0,4568535.0,2025-06-20
412915.0,4568535.0,2025-06-20
412925.0,4568535.0,2025-06-20
412935.0,4568535.0,2025-06-20
412945.0,4568535.0,2025-06-20
412955.0,4568535.0,2025-06-20
412965.0,4568535.0,2025-06-20
412975.0,4568535.0,2025-06-20
412985.0,4568535.0,2025-06-20
412995.0,4568535.0,2025-06-20
413005.0,4568535.0,2025-06-20
413015.0,4568535.0,2025-06-20
413025.0,4568535.0,2025-06-20
413035.0,4568535.0,2025-06-20
413045.0,4568535.0,2025-06-20
413055.0,4568535.0,2025-06-20
413065.0,4568535.0,2025-06-20
413075.0,4568535.0,2025-06-20
413085.0,4568535.0,2025-06-20
413095.0,4568535.0,2025-06-20
413105.0,4568535.0,2025-06-20
413115.0,4568535.0,2025-06-20
413125.0,4568535.0,2025-06-20
413135.0,4568535.0,2025-06-20
413145.0,4568535.0,2025-06-20
413155.0,4568535.0,2025-06-20
413165.0,4568535.0,2025-06-20
413175.0,4568535.0,2025-06-20
413185.0,4568535.0,2025-06-20
413195.0,4568535.0,2025-06-20
413205.0,4568535.0,2025-06-20
413215.0,4568535.0,2025-06-20
413225.0,4568535.0,2025-06-20
413235.0,4568535.0,2025-06-20
413245.0,4568535.0,2025-06-20
413255.0,4568535.0,2025-06-20
413265.0,4568535.0,2025-06-20
413275.0,4568535.0,2025-06-20
413285.0,4568535.0,2025-06-20
413295.0,4568535.0,2025-06-20
413305.0,4568535.0,2025-06-20
413315.0,4568535.0,2025-06-20
413325.0,4568535.0,2025-06-20
413335.0,4568535.0,2025-06-20
413345.0,4568535.0,2025-06-20
413355.0,4568535.0,2025-06-20
413365.0,4568535.0,2025-06-20
413375.0,4568535.0,2025-06-20
413385.0,4568535.0,2025-06-20
413395.0,4568535.0,2025-06-20
413405.0,4568535.0,2025-06-20
413415.0,4568535.0,2025-06-20
413425.0,4568535.0,2025-06-20
413435.0,4568535.0,2025-06-20
413445.0,4568535.0,2025-06-20
413455.0,4568535.0,2025-06-20
413465.0,4568535.0,2025-06-20
413475.0,4568535.0,2025-06-20
413485.0,4568535.0,2025-06-20
413495.0,4568535.0,2025-06-20
413505.0,4568535.0,2025-06-20
413515.0,4568535.0,2025-06-20
413525.0,4568535.0,2025-06-20
413535.0,4568535.0,2025-06-20
413545.0,4568535.0,2025-06-20
413555.0,4568535.0,2025-06-20
413565.0,4568535.0,2025-06-20
413575.0,4568535.0,2025-06-20
413585.0,4568535.0,2025-06-20
413595.0,4568535.0,2025-06-20
413605.0,4568535.0,2025-06-20
413615.0,4568535.0,2025-06-20
413625.0,4568535.0,2025-06-20
413635.0,4568535.0,2025-06-20
413645.0,4568535.0,2025-06-20
413655.0,4568535.0,2025-06-20
413665.0,4568535.0,2025-06-20
413675.0,4568535.0,2025-06-20
413685.0,4568535.0,2025-06-20
413695.0,4568535.0,2025-06-20
413705.0,4568535.0,2025-06-20
413715.0,4568535.0,2025-06-20
413725.0,4568535.0,2025-06-20
413735.0,4568535.0,2025-06-20
413745.0,4568535.0,2025-06-20
413755.0,4568535.0,2025-06-20
413765.0,4568535.0,2025-06-20
413775.0,4568535.0,2025-06-20
413785.0,4568535.0,2025-06-20
413795.0,4568535.0,2025-06-20
413805.0,4568535.0,2025-06-20
413815.0,4568535.0,2025-06-20
413825.0,4568535.0,2025-06-20
413835.0,4568535.0,2025-06-20
413845.0,4568535.0,2025-06-20
413855.0,4568535.0,2025-06-20
413865.0,4568535.0,2025-06-20
413875.0,4568535.0,2025-06-20
413885.0,4568535.0,2025-06-20
413895.0,4568535.0,2025-06-20
413905.0,4568535.0,2025-06-20
413915.0,4568535.0,2025-06-20
413925.0,4568535.0,2025-06-20
413935.0,4568535.0,2025-06-20
413945.0,4568535.0,2025-06-20
413955.0,4568535.0,2025-06-20
413965.0,4568535.0,2025-06-20
413975.0,4568535.0,2025-06-20
413985.0,4568535.0,2025-06-20
413995.0,4568535.0,2025-06-20
414005.0,4568535.0,2025-06-20
414015.0,4568535.0,2025-06-20
414025.0,4568535.0,2025-06-20
414035.0,4568535.0,2025-06-20
414045.0,4568535.0,2025-06-20
414055.0,4568535.0,2025-06-20
414065.0,4568535.0,2025-06-20
414075.0,4568535.0,2025-06-20
414085.0,4568535.0,2025-06-20
414095.0,4568535.0,2025-06-20
414105.0,4568535.0,2025-06-20
414115.0,4568535.0,2025-06-20
414125.0,4568535.0,2025-06-20
414135.0,4568535.0,2025-06-20
414145.0,4568535.0,2025-06-20
414155.0,4568535.0,2025-06-20
414165.0,4568535.0,2025-06-20
414175.0,4568535.0,2025-06-20
414185.0,4568535.0,2025-06-20
414195.0,4568535.0,2025-06-20
414205.0,4568535.0,2025-06-20
414215.0,4568535.0,2025-06-20
414225.0,4568535.0,2025-06-20
414235.0,4568535.0,2025-06-20
414245.0,4568535.0,2025-06-20
414255.0,4568535.0,2025-06-20
414265.0,4568535.0,2025-06-20
414275.0,4568535.0,2025-06-20
414285.0,4568535.0,2025-06-20
414295.0,4568535.0,2025-06-20
414305.0,4568535.0,2025-06-20
414315.0,4568535.0,2025-06-20
414325.0,4568535.0,2025-06-20
414335.0,4568535.0,2025-06-20
414345.0,4568535.0,2025-06-20
414355.0,4568535.0,2025-06-20
414365.0,4568535.0,2025-06-20
414375.0,4568535.0,2025-06-20
414385.0,4568535.0,2025-06-20
414395.0,4568535.0,2025-06-20
414405.0,4568535.0,2025-06-20
414415.0,4568535.0,2025-06-20
414425.0,4568535.0,2025-06-20
414435.0,4568535.0,2025-06-20
414445.0,4568535.0,2025-06-20
414455.0,4568535.0,2025-06-20
414465.0,4568535.0,2025-06-20
414475.0,4568535.0,2025-06-20
414485.0,4568535.0,2025-06-20
414495.0,4568535.0,2025-06-20
414505.0,4568535.0,2025-06-20
414515.0,4568535.0,2025-06-20
414525.0,4568535.0,2025-06-20
414535.0,4568535.0,2025-06-20
414545.0,4568535.0,2025-06-20
414555.0,4568535.0,2025-06-20
414565.0,4568535.0,2025-06-20
414575.0,4568535.0,2025-06-20
414585.0,4568535.0,2025-06-20
414595.0,4568535.0,2025-06-20
414605.0,4568535.0,2025-06-20
414615.0,4568535.0,2025-06-20
414625.0,4568535.0,2025-06-20
414635.0,4568535.0,2025-06-20
414645.0,4568535.0,2025-06-20
414655.0,4568535.0,2025-06-20
414665.0,4568535.0,2025-06-20
414675.0,4568535.0,2025-06-20
414685.0,4568535.0,2025-06-20
414695.0,4568535.0,2025-06-20
414705.0,4568535.0,2025-06-20
414715.0,4568535.0,2025-06-20
414725.0,4568535.0,2025-06-20
414735.0,4568535.0,2025-06-20
414745.0,4568535.0,2025-06-20
414755.0,4568535.0,2025-06-20
414765.0,4568535.0,2025-06-20
414775.0,4568535.0,2025-06-20
414785.0,4568535.0,2025-06-20
414795.0,4568535.0,2025-06-20
414805.0,4568535.0,2025-06-20
414815.0,4568535.0,2025-06-20
414825.0,4568535.0,2025-06-20
414835.0,4568535.0,2025-06-20
414845.0,4568535.0,2025-06-20
414855.0,4568535.0,2025-06-20
414865.0,4568535.0,2025-06-20
414875.0,4568535.0,2025-06-20
414885.0,4568535.0,2025-06-20
414895.0,4568535.0,2025-06-20
414905.0,4568535.0,2025-06-20
414915.0,4568535.0,2025-06-20
414925.0,4568535.0,2025-06-20
414935.0,4568535.0,2025-06-20
414945.0,4568535.0,2025-06-20
414955.0,4568535.0,2025-06-20
414965.0,4568535.0,2025-06-20
414975.0,4568535.0,2025-06-20
414985.0,4568535.0,2025-06-20
414995.0,4568535.0,2025-06-20
415005.0,4568535.0,2025-06-20
415015.0,4568535.0,2025-06-20
415025.0,4568535.0,2025-06-20
415035.0,4568535.0,2025-06-20
415045.0,4568535.0,2025-06-20
415055.0,4568535.0,2025-06-20
415065.0,4568535.0,2025-06-20
415075.0,4568535.0,2025-06-20
415085.0,4568535.0,2025-06-20
415095.0,4568535.0,2025-06-20
415105.0,4568535.0,2025-06-20
415115.0,4568535.0,2025-06-20
415125.0,4568535.0,2025-06-20
415135.0,4568535.0,2025-06-20
415145.0,4568535.0,2025-06-20
415155.0,4568535.0,2025-06-20
415165.0,4568535.0,2025-06-20
415175.0,4568535.0,2025-06-20
415185.0,4568535.0,2025-06-20
415195.0,4568535.0,2025-06-20
415205.0,4568535.0,2025-06-20
415215.0,4568535.0,2025-06-20
415225.0,4568535.0,2025-06-20
415235.0,4568535.0,2025-06-20
415245.0,4568535.0,2025-06-20
415255.0,4568535.0,2025-06-20
415265.0,4568535.0,2025-06-20
415275.0,4568535.0,2025-06-20
415285.0,4568535.0,2025-06-20
415295.0,4568535.0,2025-06-20
415305.0,4568535.0,2025-06-20
415315.0,4568535.0,2025-06-20
415325.0,4568535.0,2025-06-20
415335.0,4568535.0,2025-06-20
415345.0,4568535.0,2025-06-20
415355.0,4568535.0,2025-06-20
415365.0,4568535.0,2025-06-20
415375.0,4568535.0,2025-06-20
415385.0,4568535.0,2025-06-20
415395.0,4568535.0,2025-06-20
415405.0,4568535.0,2025-06-20
415415.0,4568535.0,2025-06-20
415425.0,4568535.0,2025-06-20
415435.0,4568535.0,2025-06-20
415445.0,4568535.0,2025-06-20
415455.0,4568535.0,2025-06-20
415465.0,4568535.0,2025-06-20
415475.0,4568535.0,2025-06-20
415485.0,4568535.0,2025-06-20
415495.0,4568535.0,2025-06-20
415505.0,4568535.0,2025-06-20
415515.0,4568535.0,2025-06-20
415525.0,4568535.0,2025-06-20
415535.0,4568535.0,2025-06-20
415545.0,4568535.0,2025-06-20
415555.0,4568535.0,2025-06-20
415565.0,4568535.0,2025-06-20
415575.0,4568535.0,2025-06-20
415585.0,4568535.0,2025-06-20
415595.0,4568535.0,2025-06-20
415605.0,4568535.0,2025-06-20
415615.0,4568535.0,2025-06-20
415625.0,4568535.0,2025-06-20
415635.0,4568535.0,2025-06-20
415645.0,4568535.0,2025-06-20
415655.0,4568535.0,2025-06-20
415665.0,4568535.0,2025-06-20
415675.0,4568535.0,2025-06-20
415685.0,4568535.0,2025-06-20
415695.0,4568535.0,2025-06-20
415705.0,4568535.0,2025-06-20
415715.0,4568535.0,2025-06-20
415725.0,4568535.0,2025-06-20
415735.0,4568535.0,2025-06-20
415745.0,4568535.0,2025-06-20
415755.0,4568535.0,2025-06-20
415765.0,4568535.0,2025-06-20
415775.0,4568535.0,2025-06-20
415785.0,4568535.0,2025-06-20
415795.0,4568535.0,2025-06-20
415805.0,4568535.0,2025-06-20
415815.0,4568535.0,2025-06-20
415825.0,4568535.0,2025-06-20
415835.0,4568535.0,2025-06-20
415845.0,4568535.0,2025-06-20
415855.0,4568535.0,2025-06-20
415865.0,4568535.0,2025-06-20
415875.0,4568535.0,2025-06-20
415885.0,4568535.0,2025-06-20
415895.0,4568535.0,2025-06-20
415905.0,4568535.0,2025-06-20
415915.0,4568535.0,2025-06-20
415925.0,4568535.0,2025-06-20
415935.0,4568535.0,2025-06-20
415945.0,4568535.0,2025-06-20
415955.0,4568535.0,2025-06-20
415965.0,4568535.0,2025-06-20
415975.0,4568535.0,2025-06-20
415985.0,4568535.0,2025-06-20
415995.0,4568535.0,2025-06-20
416005.0,4568535.0,2025-06-20
416015.0,4568535.0,2025-06-20
416025.0,4568535.0,2025-06-20
416035.0,4568535.0,2025-06-20
416045.0,4568535.0,2025-06-20
416055.0,4568535.0,2025-06-20
416065.0,4568535.0,2025-06-20
416075.0,4568535.0,2025-06-20
416085.0,4568535.0,2025-06-20
416095.0,4568535.0,2025-06-20
416105.0,4568535.0,2025-06-20
416115.0,4568535.0,2025-06-20
416125.0,4568535.0,2025-06-20
416135.0,4568535.0,2025-06-20
416145.0,4568535.0,2025-06-20
416155.0,4568535.0,2025-06-20
416165.0,4568535.0,2025-06-20
416175.0,4568535.0,2025-06-20
416185.0,4568535.0,2025-06-20
416195.0,4568535.0,2025-06-20
416205.0,4568535.0,2025-06-20
416215.0,4568535.0,2025-06-20
416225.0,4568535.0,2025-06-20
416235.0,4568535.0,2025-06-20
416245.0,4568535.0,2025-06-20
416255.0,4568535.0,2025-06-20
416265.0,4568535.0,2025-06-20
416275.0,4568535.0,2025-06-20
416285.0,4568535.0,2025-06-20
416295.0,4568535.0,2025-06-20
416305.0,4568535.0,2025-06-20
416315.0,4568535.0,2025-06-20
416325.0,4568535.0,2025-06-20
416335.0,4568535.0,2025-06-20
416345.0,4568535.0,2025-06-20
416355.0,4568535.0,2025-06-20
416365.0,4568535.0,2025-06-20
416375.0,4568535.0,2025-06-20
416385.0,4568535.0,2025-06-20
416395.0,4568535.0,2025-06-20
416405.0,4568535.0,2025-06-20
416415.0,4568535.0,2025-06-20
416425.0,4568535.0,2025-06-20
416435.0,4568535.0,2025-06-20
416445.0,4568535.0,2025-06-20
416455.0,4568535.0,2025-06-20
413425.0,4568525.0,2025-06-20
413435.0,4568525.0,2025-06-20
413445.0,4568525.0,2025-06-20
413455.0,4568525.0,2025-06-20
413465.0,4568525.0,2025-06-20
413475.0,4568525.0,2025-06-20
413485.0,4568525.0,2025-06-20
413495.0,4568525.0,2025-06-20
413505.0,4568525.0,2025-06-20
413515.0,4568525.0,2025-06-20
413525.0,4568525.0,2025-06-20
413535.0,4568525.0,2025-06-20
413545.0,4568525.0,2025-06-20
413555.0,4568525.0,2025-06-20
413565.0,4568525.0,2025-06-20
413575.0,4568525.0,2025-06-20
413585.0,4568525.0,2025-06-20
413595.0,4568525.0,2025-06-20
413605.0,4568525.0,2025-06-20
413615.0,4568525.0,2025-06-20
413625.0,4568525.0,2025-06-20
413635.0,4568525.0,2025-06-20
413645.0,4568525.0,2025-06-20
413655.0,4568525.0,2025-06-20
413665.0,4568525.0,2025-06-20
413675.0,4568525.0,2025-06-20
413685.0,4568525.0,2025-06-20
413695.0,4568525.0,2025-06-20
413705.0,4568525.0,2025-06-20
413715.0,4568525.0,2025-06-20
413725.0,4568525.0,2025-06-20
413735.0,4568525.0,2025-06-20
413745.0,4568525.0,2025-06-20
413755.0,4568525.0,2025-06-20
413765.0,4568525.0,2025-06-20
413775.0,4568525.0,2025-06-20
413785.0,4568525.0,2025-06-20
413795.0,4568525.0,2025-06-20
413805.0,4568525.0,2025-06-20
413815.0,4568525.0,2025-06-20
413825.0,4568525.0,2025-06-20
413835.0,4568525.0,2025-06-20
413845.0,4568525.0,2025-06-20
413855.0,4568525.0,2025-06-20
413865.0,4568525.0,2025-06-20
413875.0,4568525.0,2025-06-20
413885.0,4568525.0,2025-06-20
413895.0,4568525.0,2025-06-20
413905.0,4568525.0,2025-06-20
413915.0,4568525.0,2025-06-20
413925.0,4568525.0,2025-06-20
413935.0,4568525.0,2025-06-20
413945.0,4568525.0,2025-06-20
413955.0,4568525.0,2025-06-20
413965.0,4568525.0,2025-06-20
413975.0,4568525.0,2025-06-20
413985.0,4568525.0,2025-06-20
413995.0,4568525.0,2025-06-20
414005.0,4568525.0,2025-06-20
414015.0,4568525.0,2025-06-20
414025.0,4568525.0,2025-06-20
414035.0,4568525.0,2025-06-20
414045.0,4568525.0,2025-06-20
414055.0,4568525.0,2025-06-20
414065.0,4568525.0,2025-06-20
414075.0,4568525.0,2025-06-20
414085.0,4568525.0,2025-06-20
414095.0,4568525.0,2025-06-20
414105.0,4568525.0,2025-06-20
414115.0,4568525.0,2025-06-20
414125.0,4568525.0,2025-06-20
414135.0,4568525.0,2025-06-20
414145.0,4568525.0,2025-06-20
414155.0,4568525.0,2025-06-20
414165.0,4568525.0,2025-06-20
414175.0,4568525.0,2025-06-20
414185.0,4568525.0,2025-06-20
414195.0,4568525.0,2025-06-20
414205.0,4568525.0,2025-06-20
414215.0,4568525.0,2025-06-20
414225.0,4568525.0,2025-06-20
414235.0,4568525.0,2025-06-20
414245.0,4568525.0,2025-06-20
414255.0,4568525.0,2025-06-20
414265.0,4568525.0,2025-06-20
414275.0,4568525.0,2025-06-20
414285.0,4568525.0,2025-06-20
414295.0,4568525.0,2025-06-20
414305.0,4568525.0,2025-06-20
414315.0,4568525.0,2025-06-20
414325.0,4568525.0,2025-06-20
414335.0,4568525.0,2025-06-20
414345.0,4568525.0,2025-06-20
414355.0,4568525.0,2025-06-20
414365.0,4568525.0,2025-06-20
414375.0,4568525.0,2025-06-20
414385.0,4568525.0,2025-06-20
414395.0,4568525.0,2025-06-20
414405.0,4568525.0,2025-06-20
414415.0,4568525.0,2025-06-20
414425.0,4568525.0,2025-06-20
414435.0,4568525.0,2025-06-20
414445.0,4568525.0,2025-06-20
414455.0,4568525.0,2025-06-20
414465.0,4568525.0,2025-06-20
414475.0,4568525.0,2025-06-20
414485.0,4568525.0,2025-06-20
414495.0,4568525.0,2025-06-20
414505.0,4568525.0,2025-06-20
414515.0,4568525.0,2025-06-20
414525.0,4568525.0,2025-06-20
414535.0,4568525.0,2025-06-20
414545.0,4568525.0,2025-06-20
414555.0,4568525.0,2025-06-20
414565.0,4568525.0,2025-06-20
414575.0,4568525.0,2025-06-20
414585.0,4568525.0,2025-06-20
414595.0,4568525.0,2025-06-20
414605.0,4568525.0,2025-06-20
414615.0,4568525.0,2025-06-20
414625.0,4568525.0,2025-06-20
414635.0,4568525.0,2025-06-20
414645.0,4568525.0,2025-06-20
414655.0,4568525.0,2025-06-20
414665.0,4568525.0,2025-06-20
414675.0,4568525.0,2025-06-20
414685.0,4568525.0,2025-06-20
414695.0,4568525.0,2025-06-20
414705.0,4568525.0,2025-06-20
414715.0,4568525.0,2025-06-20
414725.0,4568525.0,2025-06-20
414735.0,4568525.0,2025-06-20
414745.0,4568525.0,2025-06-20
414755.0,4568525.0,2025-06-20
414765.0,4568525.0,2025-06-20
414775.0,4568525.0,2025-06-20
414785.0,4568525.0,2025-06-20
414795.0,4568525.0,2025-06-20
414805.0,4568525.0,2025-06-20
414815.0,4568525.0,2025-06-20
414825.0,4568525.0,2025-06-20
414835.0,4568525.0,2025-06-20
414845.0,4568525.0,2025-06-20
414855.0,4568525.0,2025-06-20
414865.0,4568525.0,2025-06-20
414875.0,4568525.0,2025-06-20
414885.0,4568525.0,2025-06-20
414895.0,4568525.0,2025-06-20
414905.0,4568525.0,2025-06-20
414915.0,4568525.0,2025-06-20
414925.0,4568525.0,2025-06-20
414935.0,4568525.0,2025-06-20
414945.0,4568525.0,2025-06-20
414955.0,4568525.0,2025-06-20
414965.0,4568525.0,2025-06-20
414975.0,4568525.0,2025-06-20
414985.0,4568525.0,2025-06-20
414995.0,4568525.0,2025-06-20
415005.0,4568525.0,2025-06-20
415015.0,4568525.0,2025-06-20
415025.0,4568525.0,2025-06-20
415035.0,4568525.0,2025-06-20
415045.0,4568525.0,2025-06-20
415055.0,4568525.0,2025-06-20
415065.0,4568525.0,2025-06-20
415075.0,4568525.0,2025-06-20
415085.0,4568525.0,2025-06-20
415095.0,4568525.0,2025-06-20
415105.0,4568525.0,2025-06-20
415115.0,4568525.0,2025-06-20
415125.0,4568525.0,2025-06-20
415135.0,4568525.0,2025-06-20
415145.0,4568525.0,2025-06-20
415155.0,4568525.0,2025-06-20
415165.0,4568525.0,2025-06-20
415175.0,4568525.0,2025-06-20
415185.0,4568525.0,2025-06-20
415195.0,4568525.0,2025-06-20
415205.0,4568525.0,2025-06-20
415215.0,4568525.0,2025-06-20
415225.0,4568525.0,2025-06-20
415235.0,4568525.0,2025-06-20
415245.0,4568525.0,2025-06-20
415255.0,4568525.0,2025-06-20
415265.0,4568525.0,2025-06-20
415275.0,4568525.0,2025-06-20
415285.0,4568525.0,2025-06-20
415295.0,4568525.0,2025-06-20
415305.0,4568525.0,2025-06-20
415315.0,4568525.0,2025-06-20
415325.0,4568525.0,2025-06-20
415335.0,4568525.0,2025-06-20
415345.0,4568525.0,2025-06-20
415355.0,4568525.0,2025-06-20
415365.0,4568525.0,2025-06-20
415375.0,4568525.0,2025-06-20
415385.0,4568525.0,2025-06-20
415395.0,4568525.0,2025-06-20
415405.0,4568525.0,2025-06-20
415415.0,4568525.0,2025-06-20
415425.0,4568525.0,2025-06-20
415435.0,4568525.0,2025-06-20
415445.0,4568525.0,2025-06-20
415455.0,4568525.0,2025-06-20
415465.0,4568525.0,2025-06-20
415475.0,4568525.0,2025-06-20
415485.0,4568525.0,2025-06-20
415495.0,4568525.0,2025-06-20
415505.0,4568525.0,2025-06-20
415515.0,4568525.0,2025-06-20
415525.0,4568525.0,2025-06-20
415535.0,4568525.0,2025-06-20
415545.0,4568525.0,2025-06-20
415555.0,4568525.0,2025-06-20
415565.0,4568525.0,2025-06-20
415575.0,4568525.0,2025-06-20
415585.0,4568525.0,2025-06-20
415595.0,4568525.0,2025-06-20
415605.0,4568525.0,2025-06-20
415615.0,4568525.0,2025-06-20
415625.0,4568525.0,2025-06-20
415635.0,4568525.0,2025-06-20
415645.0,4568525.0,2025-06-20
415655.0,4568525.0,2025-06-20
415665.0,4568525.0,2025-06-20
415675.0,4568525.0,2025-06-20
415685.0,4568525.0,2025-06-20
415695.0,4568525.0,2025-06-20
415705.0,4568525.0,2025-06-20
415715.0,4568525.0,2025-06-20
415725.0,4568525.0,2025-06-20
415735.0,4568525.0,2025-06-20
415745.0,4568525.0,2025-06-20
415755.0,4568525.0,2025-06-20
415765.0,4568525.0,2025-06-20
415775.0,4568525.0,2025-06-20
415785.0,4568525.0,2025-06-20
415795.0,4568525.0,2025-06-20
415805.0,4568525.0,2025-06-20
415815.0,4568525.0,2025-06-20
415825.0,4568525.0,2025-06-20
415835.0,4568525.0,2025-06-20
415845.0,4568525.0,2025-06-20
415855.0,4568525.0,2025-06-20
415865.0,4568525.0,2025-06-20
415875.0,4568525.0,2025-06-20
415885.0,4568525.0,2025-06-20
415895.0,4568525.0,2025-06-20
415905.0,4568525.0,2025-06-20
415915.0,4568525.0,2025-06-20
415925.0,4568525.0,2025-06-20
415935.0,4568525.0,2025-06-20
415945.0,4568525.0,2025-06-20
415955.0,4568525.0,2025-06-20
415965.0,4568525.0,2025-06-20
415975.0,4568525.0,2025-06-20
415985.0,4568525.0,2025-06-20
415995.0,4568525.0,2025-06-20
416005.0,4568525.0,2025-06-20
416015.0,4568525.0,2025-06-20
416025.0,4568525.0,2025-06-20
416035.0,4568525.0,2025-06-20
416045.0,4568525.0,2025-06-20
416055.0,4568525.0,2025-06-20
416065.0,4568525.0,2025-06-20
416075.0,4568525.0,2025-06-20
416085.0,4568525.0,2025-06-20
416095.0,4568525.0,2025-06-20
416105.0,4568525.0,2025-06-20
416115.0,4568525.0,2025-06-20
416125.0,4568525.0,2025-06-20
416135.0,4568525.0,2025-06-20
416145.0,4568525.0,2025-06-20
416155.0,4568525.0,2025-06-20
416165.0,4568525.0,2025-06-20
416175.0,4568525.0,2025-06-20
416185.0,4568525.0,2025-06-20
416195.0,4568525.0,2025-06-20
416205.0,4568525.0,2025-06-20
416215.0,4568525.0,2025-06-20
416225.0,4568525.0,2025-06-20
416235.0,4568525.0,2025-06-20
416245.0,4568525.0,2025-06-20
416255.0,4568525.0,2025-06-20
416265.0,4568525.0,2025-06-20
416275.0,4568525.0,2025-06-20
416285.0,4568525.0,2025-06-20
416295.0,4568525.0,2025-06-20
416305.0,4568525.0,2025-06-20
416315.0,4568525.0,2025-06-20
416325.0,4568525.0,2025-06-20
416335.0,4568525.0,2025-06-20
416345.0,4568525.0,2025-06-20
416355.0,4568525.0,2025-06-20
416365.0,4568525.0,2025-06-20
416375.0,4568525.0,2025-06-20
416385.0,4568525.0,2025-06-20
416395.0,4568525.0,2025-06-20
416405.0,4568525.0,2025-06-20
416415.0,4568525.0,2025-06-20
416425.0,4568525.0,2025-06-20
416435.0,4568525.0,2025-06-20
416445.0,4568525.0,2025-06-20
416455.0,4568525.0,2025-06-20
414265.0,4568515.0,2025-06-20
414275.0,4568515.0,2025-06-20
414285.0,4568515.0,2025-06-20
414295.0,4568515.0,2025-06-20
414305.0,4568515.0,2025-06-20
414315.0,4568515.0,2025-06-20
414325.0,4568515.0,2025-06-20
414335.0,4568515.0,2025-06-20
414345.0,4568515.0,2025-06-20
414355.0,4568515.0,2025-06-20
414365.0,4568515.0,2025-06-20
414375.0,4568515.0,2025-06-20
414385.0,4568515.0,2025-06-20
414395.0,4568515.0,2025-06-20
414405.0,4568515.0,2025-06-20
414415.0,4568515.0,2025-06-20
414425.0,4568515.0,2025-06-20
414435.0,4568515.0,2025-06-20
414445.0,4568515.0,2025-06-20
414455.0,4568515.0,2025-06-20
414465.0,4568515.0,2025-06-20
414475.0,4568515.0,2025-06-20
414485.0,4568515.0,2025-06-20
414495.0,4568515.0,2025-06-20
414505.0,4568515.0,2025-06-20
414515.0,4568515.0,2025-06-20
414525.0,4568515.0,2025-06-20
414535.0,4568515.0,2025-06-20
414545.0,4568515.0,2025-06-20
414555.0,4568515.0,2025-06-20
414565.0,4568515.0,2025-06-20
414575.0,4568515.0,2025-06-20
414585.0,4568515.0,2025-06-20
414595.0,4568515.0,2025-06-20
414605.0,4568515.0,2025-06-20
414615.0,4568515.0,2025-06-20
414625.0,4568515.0,2025-06-20
414635.0,4568515.0,2025-06-20
414645.0,4568515.0,2025-06-20
414655.0,4568515.0,2025-06-20
414665.0,4568515.0,2025-06-20
414675.0,4568515.0,2025-06-20
414685.0,4568515.0,2025-06-20
414695.0,4568515.0,2025-06-20
414705.0,4568515.0,2025-06-20
414715.0,4568515.0,2025-06-20
414725.0,4568515.0,2025-06-20
414735.0,4568515.0,2025-06-20
414745.0,4568515.0,2025-06-20
414755.0,4568515.0,2025-06-20
414765.0,4568515.0,2025-06-20
414775.0,4568515.0,2025-06-20
414785.0,4568515.0,2025-06-20
414795.0,4568515.0,2025-06-20
414805.0,4568515.0,2025-06-20
414815.0,4568515.0,2025-06-20
414825.0,4568515.0,2025-06-20
414835.0,4568515.0,2025-06-20
414845.0,4568515.0,2025-06-20
414855.0,4568515.0,2025-06-20
414865.0,4568515.0,2025-06-20
414875.0,4568515.0,2025-06-20
414885.0,4568515.0,2025-06-20
414895.0,4568515.0,2025-06-20
414905.0,4568515.0,2025-06-20
414915.0,4568515.0,2025-06-20
414925.0,4568515.0,2025-06-20
414935.0,4568515.0,2025-06-20
414945.0,4568515.0,2025-06-20
414955.0,4568515.0,2025-06-20
414965.0,4568515.0,2025-06-20
414975.0,4568515.0,2025-06-20
414985.0,4568515.0,2025-06-20
414995.0,4568515.0,2025-06-20
415005.0,4568515.0,2025-06-20
415015.0,4568515.0,2025-06-20
415025.0,4568515.0,2025-06-20
415035.0,4568515.0,2025-06-20
415045.0,4568515.0,2025-06-20
415055.0,4568515.0,2025-06-20
415065.0,4568515.0,2025-06-20
415075.0,4568515.0,2025-06-20
415085.0,4568515.0,2025-06-20
415095.0,4568515.0,2025-06-20
415105.0,4568515.0,2025-06-20
415115.0,4568515.0,2025-06-20
415125.0,4568515.0,2025-06-20
415135.0,4568515.0,2025-06-20
415145.0,4568515.0,2025-06-20
415155.0,4568515.0,2025-06-20
415165.0,4568515.0,2025-06-20
415175.0,4568515.0,2025-06-20
415185.0,4568515.0,2025-06-20
415195.0,4568515.0,2025-06-20
415205.0,4568515.0,2025-06-20
415215.0,4568515.0,2025-06-20
415225.0,4568515.0,2025-06-20
415235.0,4568515.0,2025-06-20
415245.0,4568515.0,2025-06-20
415255.0,4568515.0,2025-06-20
415265.0,4568515.0,2025-06-20
415275.0,4568515.0,2025-06-20
415285.0,4568515.0,2025-06-20
415295.0,4568515.0,2025-06-20
415305.0,4568515.0,2025-06-20
415315.0,4568515.0,2025-06-20
415325.0,4568515.0,2025-06-20
415335.0,4568515.0,2025-06-20
415345.0,4568515.0,2025-06-20
415355.0,4568515.0,2025-06-20
415365.0,4568515.0,2025-06-20
415375.0,4568515.0,2025-06-20
415385.0,4568515.0,2025-06-20
415395.0,4568515.0,2025-06-20
415405.0,4568515.0,2025-06-20
415415.0,4568515.0,2025-06-20
415425.0,4568515.0,2025-06-20
415435.0,4568515.0,2025-06-20
415445.0,4568515.0,2025-06-20
415455.0,4568515.0,2025-06-20
415465.0,4568515.0,2025-06-20
415475.0,4568515.0,2025-06-20
415485.0,4568515.0,2025-06-20
415495.0,4568515.0,2025-06-20
415505.0,4568515.0,2025-06-20
415515.0,4568515.0,2025-06-20
415525.0,4568515.0,2025-06-20
415535.0,4568515.0,2025-06-20
415545.0,4568515.0,2025-06-20
415555.0,4568515.0,2025-06-20
415565.0,4568515.0,2025-06-20
415575.0,4568515.0,2025-06-20
415585.0,4568515.0,2025-06-20
415595.0,4568515.0,2025-06-20
415605.0,4568515.0,2025-06-20
415615.0,4568515.0,2025-06-20
415625.0,4568515.0,2025-06-20
415635.0,4568515.0,2025-06-20
415645.0,4568515.0,2025-06-20
415655.0,4568515.0,2025-06-20
415665.0,4568515.0,2025-06-20
415675.0,4568515.0,2025-06-20
415685.0,4568515.0,2025-06-20
415695.0,4568515.0,2025-06-20
415705.0,4568515.0,2025-06-20
415715.0,4568515.0,2025-06-20
415725.0,4568515.0,2025-06-20
415735.0,4568515.0,2025-06-20
415745.0,4568515.0,2025-06-20
415755.0,4568515.0,2025-06-20
415765.0,4568515.0,2025-06-20
415775.0,4568515.0,2025-06-20
415785.0,4568515.0,2025-06-20
415795.0,4568515.0,2025-06-20
415805.0,4568515.0,2025-06-20
415815.0,4568515.0,2025-06-20
415825.0,4568515.0,2025-06-20
415835.0,4568515.0,2025-06-20
415845.0,4568515.0,2025-06-20
415855.0,4568515.0,2025-06-20
415865.0,4568515.0,2025-06-20
415875.0,4568515.0,2025-06-20
415885.0,4568515.0,2025-06-20
415895.0,4568515.0,2025-06-20
415905.0,4568515.0,2025-06-20
415915.0,4568515.0,2025-06-20
415925.0,4568515.0,2025-06-20
415935.0,4568515.0,2025-06-20
415945.0,4568515.0,2025-06-20
415955.0,4568515.0,2025-06-20
415965.0,4568515.0,2025-06-20
415975.0,4568515.0,2025-06-20
415985.0,4568515.0,2025-06-20
415995.0,4568515.0,2025-06-20
416005.0,4568515.0,2025-06-20
416015.0,4568515.0,2025-06-20
416025.0,4568515.0,2025-06-20
416035.0,4568515.0,2025-06-20
416045.0,4568515.0,2025-06-20
416055.0,4568515.0,2025-06-20
416065.0,4568515.0,2025-06-20
416075.0,4568515.0,2025-06-20
416085.0,4568515.0,2025-06-20
416095.0,4568515.0,2025-06-20
416105.0,4568515.0,2025-06-20
416115.0,4568515.0,2025-06-20
416125.0,4568515.0,2025-06-20
416135.0,4568515.0,2025-06-20
416145.0,4568515.0,2025-06-20
416155.0,4568515.0,2025-06-20
416165.0,4568515.0,2025-06-20
416175.0,4568515.0,2025-06-20
416185.0,4568515.0,2025-06-20
416195.0,4568515.0,2025-06-20
416205.0,4568515.0,2025-06-20
416215.0,4568515.0,2025-06-20
416225.0,4568515.0,2025-06-20
416235.0,4568515.0,2025-06-20
416245.0,4568515.0,2025-06-20
416255.0,4568515.0,2025-06-20
416265.0,4568515.0,2025-06-20
416275.0,4568515.0,2025-06-20
416285.0,4568515.0,2025-06-20
416295.0,4568515.0,2025-06-20
416305.0,4568515.0,2025-06-20
416315.0,4568515.0,2025-06-20
416325.0,4568515.0,2025-06-20
416335.0,4568515.0,2025-06-20
416345.0,4568515.0,2025-06-20
416355.0,4568515.0,2025-06-20
416365.0,4568515.0,2025-06-20
416375.0,4568515.0,2025-06-20
416385.0,4568515.0,2025-06-20
416395.0,4568515.0,2025-06-20
416405.0,4568515.0,2025-06-20
416415.0,4568515.0,2025-06-20
416425.0,4568515.0,2025-06-20
416435.0,4568515.0,2025-06-20
416445.0,4568515.0,2025-06-20
416455.0,4568515.0,2025-06-20
415115.0,4568505.0,2025-06-20
415125.0,4568505.0,2025-06-20
415135.0,4568505.0,2025-06-20
415145.0,4568505.0,2025-06-20
415155.0,4568505.0,2025-06-20
415165.0,4568505.0,2025-06-20
415175.0,4568505.0,2025-06-20
415185.0,4568505.0,2025-06-20
415195.0,4568505.0,2025-06-20
415205.0,4568505.0,2025-06-20
415215.0,4568505.0,2025-06-20
415225.0,4568505.0,2025-06-20
415235.0,4568505.0,2025-06-20
415245.0,4568505.0,2025-06-20
415255.0,4568505.0,2025-06-20
415265.0,4568505.0,2025-06-20
415275.0,4568505.0,2025-06-20
415285.0,4568505.0,2025-06-20
415295.0,4568505.0,2025-06-20
415305.0,4568505.0,2025-06-20
415315.0,4568505.0,2025-06-20
415325.0,4568505.0,2025-06-20
415335.0,4568505.0,2025-06-20
415345.0,4568505.0,2025-06-20
415355.0,4568505.0,2025-06-20
415365.0,4568505.0,2025-06-20
415375.0,4568505.0,2025-06-20
415385.0,4568505.0,2025-06-20
415395.0,4568505.0,2025-06-20
415405.0,4568505.0,2025-06-20
415415.0,4568505.0,2025-06-20
415425.0,4568505.0,2025-06-20
415435.0,4568505.0,2025-06-20
415445.0,4568505.0,2025-06-20
415455.0,4568505.0,2025-06-20
415465.0,4568505.0,2025-06-20
415475.0,4568505.0,2025-06-20
415485.0,4568505.0,2025-06-20
415495.0,4568505.0,2025-06-20
415505.0,4568505.0,2025-06-20
415515.0,4568505.0,2025-06-20
415525.0,4568505.0,2025-06-20
415535.0,4568505.0,2025-06-20
415545.0,4568505.0,2025-06-20
415555.0,4568505.0,2025-06-20
415565.0,4568505.0,2025-06-20
415575.0,4568505.0,2025-06-20
415585.0,4568505.0,2025-06-20
415595.0,4568505.0,2025-06-20
415605.0,4568505.0,2025-06-20
415615.0,4568505.0,2025-06-20
415625.0,4568505.0,2025-06-20
415635.0,4568505.0,2025-06-20
415645.0,4568505.0,2025-06-20
415655.0,4568505.0,2025-06-20
415665.0,4568505.0,2025-06-20
415675.0,4568505.0,2025-06-20
415685.0,4568505.0,2025-06-20
415695.0,4568505.0,2025-06-20
415705.0,4568505.0,2025-06-20
415715.0,4568505.0,2025-06-20
415725.0,4568505.0,2025-06-20
415735.0,4568505.0,2025-06-20
415745.0,4568505.0,2025-06-20
415755.0,4568505.0,2025-06-20
415765.0,4568505.0,2025-06-20
415775.0,4568505.0,2025-06-20
415785.0,4568505.0,2025-06-20
415795.0,4568505.0,2025-06-20
415805.0,4568505.0,2025-06-20
415815.0,4568505.0,2025-06-20
415825.0,4568505.0,2025-06-20
415835.0,4568505.0,2025-06-20
415845.0,4568505.0,2025-06-20
415855.0,4568505.0,2025-06-20
415865.0,4568505.0,2025-06-20
415875.0,4568505.0,2025-06-20
415885.0,4568505.0,2025-06-20
415895.0,4568505.0,2025-06-20
415905.0,4568505.0,2025-06-20
415915.0,4568505.0,2025-06-20
415925.0,4568505.0,2025-06-20
415935.0,4568505.0,2025-06-20
415945.0,4568505.0,2025-06-20
415955.0,4568505.0,2025-06-20
415965.0,4568505.0,2025-06-20
415975.0,4568505.0,2025-06-20
415985.0,4568505.0,2025-06-20
415995.0,4568505.0,2025-06-20
416005.0,4568505.0,2025-06-20
416015.0,4568505.0,2025-06-20
416025.0,4568505.0,2025-06-20
416035.0,4568505.0,2025-06-20
416045.0,4568505.0,2025-06-20
416055.0,4568505.0,2025-06-20
416065.0,4568505.0,2025-06-20
416075.0,4568505.0,2025-06-20
416085.0,4568505.0,2025-06-20
416095.0,4568505.0,2025-06-20
416105.0,4568505.0,2025-06-20
416115.0,4568505.0,2025-06-20
416125.0,4568505.0,2025-06-20
416135.0,4568505.0,2025-06-20
416145.0,4568505.0,2025-06-20
416155.0,4568505.0,2025-06-20
416165.0,4568505.0,2025-06-20
416175.0,4568505.0,2025-06-20
416185.0,4568505.0,2025-06-20
416195.0,4568505.0,2025-06-20
416205.0,4568505.0,2025-06-20
416215.0,4568505.0,2025-06-20
416225.0,4568505.0,2025-06-20
416235.0,4568505.0,2025-06-20
416245.0,4568505.0,2025-06-20
416255.0,4568505.0,2025-06-20
416265.0,4568505.0,2025-06-20
416275.0,4568505.0,2025-06-20
416285.0,4568505.0,2025-06-20
416295.0,4568505.0,2025-06-20
416305.0,4568505.0,2025-06-20
416315.0,4568505.0,2025-06-20
416325.0,4568505.0,2025-06-20
416335.0,4568505.0,2025-06-20
416345.0,4568505.0,2025-06-20
416355.0,4568505.0,2025-06-20
416365.0,4568505.0,2025-06-20
416375.0,4568505.0,2025-06-20
416385.0,4568505.0,2025-06-20
416395.0,4568505.0,2025-06-20
416405.0,4568505.0,2025-06-20
416415.0,4568505.0,2025-06-20
416425.0,4568505.0,2025-06-20
416435.0,4568505.0,2025-06-20
416445.0,4568505.0,2025-06-20
416455.0,4568505.0,2025-06-20
415965.0,4568495.0,2025-06-20
415975.0,4568495.0,2025-06-20
415985.0,4568495.0,2025-06-20
415995.0,4568495.0,2025-06-20
416005.0,4568495.0,2025-06-20
416015.0,4568495.0,2025-06-20
416025.0,4568495.0,2025-06-20
416035.0,4568495.0,2025-06-20
416045.0,4568495.0,2025-06-20
416055.0,4568495.0,2025-06-20
416065.0,4568495.0,2025-06-20
416075.0,4568495.0,2025-06-20
416085.0,4568495.0,2025-06-20
416095.0,4568495.0,2025-06-20
416105.0,4568495.0,2025-06-20
416115.0,4568495.0,2025-06-20
416125.0,4568495.0,2025-06-20
416135.0,4568495.0,2025-06-20
416145.0,4568495.0,2025-06-20
416155.0,4568495.0,2025-06-20
416165.0,4568495.0,2025-06-20
416175.0,4568495.0,2025-06-20
416185.0,4568495.0,2025-06-20
416195.0,4568495.0,2025-06-20
416205.0,4568495.0,2025-06-20
416215.0,4568495.0,2025-06-20
416225.0,4568495.0,2025-06-20
416235.0,4568495.0,2025-06-20
416245.0,4568495.0,2025-06-20
416255.0,4568495.0,2025-06-20
416265.0,4568495.0,2025-06-20
416275.0,4568495.0,2025-06-20
416285.0,4568495.0,2025-06-20
416295.0,4568495.0,2025-06-20
416305.0,4568495.0,2025-06-20
416315.0,4568495.0,2025-06-20
416325.0,4568495.0,2025-06-20
416335.0,4568495.0,2025-06-20
416345.0,4568495.0,2025-06-20
416355.0,4568495.0,2025-06-20
416365.0,4568495.0,2025-06-20
416375.0,4568495.0,2025-06-20
416385.0,4568495.0,2025-06-20
416395.0,4568495.0,2025-06-20
416405.0,4568495.0,2025-06-20
416415.0,4568495.0,2025-06-20
416425.0,4568495.0,2025-06-20
416435.0,4568495.0,2025-06-20
416445.0,4568495.0,2025-06-20
416455.0,4568495.0,2025-06-20
