411745.0,4568635.0,2025-03-05
411755.0,4568635.0,2025-03-05
411765.0,4568635.0,2025-03-05
411775.0,4568635.0,2025-03-05
411785.0,4568635.0,2025-03-05
411795.0,4568635.0,2025-03-05
411805.0,4568635.0,2025-03-05
411815.0,4568635.0,2025-03-05
411825.0,4568635.0,2025-03-05
411835.0,4568635.0,2025-03-05
411845.0,4568635.0,2025-03-05
411855.0,4568635.0,2025-03-05
411865.0,4568635.0,2025-03-05
411875.0,4568635.0,2025-03-05
411885.0,4568635.0,2025-03-05
411895.0,4568635.0,2025-03-05
411905.0,4568635.0,2025-03-05
411915.0,4568635.0,2025-03-05
411925.0,4568635.0,2025-03-05
411935.0,4568635.0,2025-03-05
411945.0,4568635.0,2025-03-05
411955.0,4568635.0,2025-03-05
411965.0,4568635.0,2025-03-05
411975.0,4568635.0,2025-03-05
411985.0,4568635.0,2025-03-05
411995.0,4568635.0,2025-03-05
412005.0,4568635.0,2025-03-05
412015.0,4568635.0,2025-03-05
412025.0,4568635.0,2025-03-05
412035.0,4568635.0,2025-03-05
412045.0,4568635.0,2025-03-05
412055.0,4568635.0,2025-03-05
412065.0,4568635.0,2025-03-05
412075.0,4568635.0,2025-03-05
412085.0,4568635.0,2025-03-05
412095.0,4568635.0,2025-03-05
412105.0,4568635.0,2025-03-05
412115.0,4568635.0,2025-03-05
412125.0,4568635.0,2025-03-05
412135.0,4568635.0,2025-03-05
412145.0,4568635.0,2025-03-05
412155.0,4568635.0,2025-03-05
412165.0,4568635.0,2025-03-05
412175.0,4568635.0,2025-03-05
412185.0,4568635.0,2025-03-05
412195.0,4568635.0,2025-03-05
412205.0,4568635.0,2025-03-05
412215.0,4568635.0,2025-03-05
412225.0,4568635.0,2025-03-05
412235.0,4568635.0,2025-03-05
412245.0,4568635.0,2025-03-05
411745.0,4568625.0,2025-03-05
411755.0,4568625.0,2025-03-05
411765.0,4568625.0,2025-03-05
411775.0,4568625.0,2025-03-05
411785.0,4568625.0,2025-03-05
411795.0,4568625.0,2025-03-05
411805.0,4568625.0,2025-03-05
411815.0,4568625.0,2025-03-05
411825.0,4568625.0,2025-03-05
411835.0,4568625.0,2025-03-05
411845.0,4568625.0,2025-03-05
411855.0,4568625.0,2025-03-05
411865.0,4568625.0,2025-03-05
411875.0,4568625.0,2025-03-05
411885.0,4568625.0,2025-03-05
411895.0,4568625.0,2025-03-05
411905.0,4568625.0,2025-03-05
411915.0,4568625.0,2025-03-05
411925.0,4568625.0,2025-03-05
411935.0,4568625.0,2025-03-05
411945.0,4568625.0,2025-03-05
411955.0,4568625.0,2025-03-05
411965.0,4568625.0,2025-03-05
411975.0,4568625.0,2025-03-05
411985.0,4568625.0,2025-03-05
411995.0,4568625.0,2025-03-05
412005.0,4568625.0,2025-03-05
412015.0,4568625.0,2025-03-05
412025.0,4568625.0,2025-03-05
412035.0,4568625.0,2025-03-05
412045.0,4568625.0,2025-03-05
412055.0,4568625.0,2025-03-05
412065.0,4568625.0,2025-03-05
412075.0,4568625.0,2025-03-05
412085.0,4568625.0,2025-03-05
412095.0,4568625.0,2025-03-05
412105.0,4568625.0,2025-03-05
412115.0,4568625.0,2025-03-05
412125.0,4568625.0,2025-03-05
412135.0,4568625.0,2025-03-05
412145.0,4568625.0,2025-03-05
412155.0,4568625.0,2025-03-05
412165.0,4568625.0,2025-03-05
412175.0,4568625.0,2025-03-05
412185.0,4568625.0,2025-03-05
412195.0,4568625.0,2025-03-05
412205.0,4568625.0,2025-03-05
412215.0,4568625.0,2025-03-05
412225.0,4568625.0,2025-03-05
412235.0,4568625.0,2025-03-05
412245.0,4568625.0,2025-03-05
412255.0,4568625.0,2025-03-05
412265.0,4568625.0,2025-03-05
412275.0,4568625.0,2025-03-05
412285.0,4568625.0,2025-03-05
412295.0,4568625.0,2025-03-05
412305.0,4568625.0,2025-03-05
412315.0,4568625.0,2025-03-05
412325.0,4568625.0,2025-03-05
412335.0,4568625.0,2025-03-05
412345.0,4568625.0,2025-03-05
412355.0,4568625.0,2025-03-05
412365.0,4568625.0,2025-03-05
412375.0,4568625.0,2025-03-05
412385.0,4568625.0,2025-03-05
412395.0,4568625.0,2025-03-05
412405.0,4568625.0,2025-03-05
412415.0,4568625.0,2025-03-05
412425.0,4568625.0,2025-03-05
412435.0,4568625.0,2025-03-05
412445.0,4568625.0,2025-03-05
412455.0,4568625.0,2025-03-05
412465.0,4568625.0,2025-03-05
412475.0,4568625.0,2025-03-05
412485.0,4568625.0,2025-03-05
412495.0,4568625.0,2025-03-05
412505.0,4568625.0,2025-03-05
412515.0,4568625.0,2025-03-05
412525.0,4568625.0,2025-03-05
412535.0,4568625.0,2025-03-05
412545.0,4568625.0,2025-03-05
412555.0,4568625.0,2025-03-05
412565.0,4568625.0,2025-03-05
412575.0,4568625.0,2025-03-05
412585.0,4568625.0,2025-03-05
412595.0,4568625.0,2025-03-05
412605.0,4568625.0,2025-03-05
412615.0,4568625.0,2025-03-05
412625.0,4568625.0,2025-03-05
412635.0,4568625.0,2025-03-05
412645.0,4568625.0,2025-03-05
412655.0,4568625.0,2025-03-05
412665.0,4568625.0,2025-03-05
412675.0,4568625.0,2025-03-05
412685.0,4568625.0,2025-03-05
412695.0,4568625.0,2025-03-05
412705.0,4568625.0,2025-03-05
412715.0,4568625.0,2025-03-05
412725.0,4568625.0,2025-03-05
412735.0,4568625.0,2025-03-05
412745.0,4568625.0,2025-03-05
412755.0,4568625.0,2025-03-05
412765.0,4568625.0,2025-03-05
412775.0,4568625.0,2025-03-05
412785.0,4568625.0,2025-03-05
412795.0,4568625.0,2025-03-05
412805.0,4568625.0,2025-03-05
412815.0,4568625.0,2025-03-05
412825.0,4568625.0,2025-03-05
412835.0,4568625.0,2025-03-05
412845.0,4568625.0,2025-03-05
412855.0,4568625.0,2025-03-05
412865.0,4568625.0,2025-03-05
412875.0,4568625.0,2025-03-05
412885.0,4568625.0,2025-03-05
412895.0,4568625.0,2025-03-05
412905.0,4568625.0,2025-03-05
412915.0,4568625.0,2025-03-05
412925.0,4568625.0,2025-03-05
412935.0,4568625.0,2025-03-05
412945.0,4568625.0,2025-03-05
412955.0,4568625.0,2025-03-05
412965.0,4568625.0,2025-03-05
412975.0,4568625.0,2025-03-05
412985.0,4568625.0,2025-03-05
412995.0,4568625.0,2025-03-05
413005.0,4568625.0,2025-03-05
413015.0,4568625.0,2025-03-05
413025.0,4568625.0,2025-03-05
413035.0,4568625.0,2025-03-05
413045.0,4568625.0,2025-03-05
413055.0,4568625.0,2025-03-05
413065.0,4568625.0,2025-03-05
413075.0,4568625.0,2025-03-05
413085.0,4568625.0,2025-03-05
413095.0,4568625.0,2025-03-05
411745.0,4568615.0,2025-03-05
411755.0,4568615.0,2025-03-05
411765.0,4568615.0,2025-03-05
411775.0,4568615.0,2025-03-05
411785.0,4568615.0,2025-03-05
411795.0,4568615.0,2025-03-05
411805.0,4568615.0,2025-03-05
411815.0,4568615.0,2025-03-05
411825.0,4568615.0,2025-03-05
411835.0,4568615.0,2025-03-05
411845.0,4568615.0,2025-03-05
411855.0,4568615.0,2025-03-05
411865.0,4568615.0,2025-03-05
411875.0,4568615.0,2025-03-05
411885.0,4568615.0,2025-03-05
411895.0,4568615.0,2025-03-05
411905.0,4568615.0,2025-03-05
411915.0,4568615.0,2025-03-05
411925.0,4568615.0,2025-03-05
411935.0,4568615.0,2025-03-05
411945.0,4568615.0,2025-03-05
411955.0,4568615.0,2025-03-05
411965.0,4568615.0,2025-03-05
411975.0,4568615.0,2025-03-05
411985.0,4568615.0,2025-03-05
411995.0,4568615.0,2025-03-05
412005.0,4568615.0,2025-03-05
412015.0,4568615.0,2025-03-05
412025.0,4568615.0,2025-03-05
412035.0,4568615.0,2025-03-05
412045.0,4568615.0,2025-03-05
412055.0,4568615.0,2025-03-05
412065.0,4568615.0,2025-03-05
412075.0,4568615.0,2025-03-05
412085.0,4568615.0,2025-03-05
412095.0,4568615.0,2025-03-05
412105.0,4568615.0,2025-03-05
412115.0,4568615.0,2025-03-05
412125.0,4568615.0,2025-03-05
412135.0,4568615.0,2025-03-05
412145.0,4568615.0,2025-03-05
412155.0,4568615.0,2025-03-05
412165.0,4568615.0,2025-03-05
412175.0,4568615.0,2025-03-05
412185.0,4568615.0,2025-03-05
412195.0,4568615.0,2025-03-05
412205.0,4568615.0,2025-03-05
412215.0,4568615.0,2025-03-05
412225.0,4568615.0,2025-03-05
412235.0,4568615.0,2025-03-05
412245.0,4568615.0,2025-03-05
412255.0,4568615.0,2025-03-05
412265.0,4568615.0,2025-03-05
412275.0,4568615.0,2025-03-05
412285.0,4568615.0,2025-03-05
412295.0,4568615.0,2025-03-05
412305.0,4568615.0,2025-03-05
412315.0,4568615.0,2025-03-05
412325.0,4568615.0,2025-03-05
412335.0,4568615.0,2025-03-05
412345.0,4568615.0,2025-03-05
412355.0,4568615.0,2025-03-05
412365.0,4568615.0,2025-03-05
412375.0,4568615.0,2025-03-05
412385.0,4568615.0,2025-03-05
412395.0,4568615.0,2025-03-05
412405.0,4568615.0,2025-03-05
412415.0,4568615.0,2025-03-05
412425.0,4568615.0,2025-03-05
412435.0,4568615.0,2025-03-05
412445.0,4568615.0,2025-03-05
412455.0,4568615.0,2025-03-05
412465.0,4568615.0,2025-03-05
412475.0,4568615.0,2025-03-05
412485.0,4568615.0,2025-03-05
412495.0,4568615.0,2025-03-05
412505.0,4568615.0,2025-03-05
412515.0,4568615.0,2025-03-05
412525.0,4568615.0,2025-03-05
412535.0,4568615.0,2025-03-05
412545.0,4568615.0,2025-03-05
412555.0,4568615.0,2025-03-05
412565.0,4568615.0,2025-03-05
412575.0,4568615.0,2025-03-05
412585.0,4568615.0,2025-03-05
412595.0,4568615.0,2025-03-05
412605.0,4568615.0,2025-03-05
412615.0,4568615.0,2025-03-05
412625.0,4568615.0,2025-03-05
412635.0,4568615.0,2025-03-05
412645.0,4568615.0,2025-03-05
412655.0,4568615.0,2025-03-05
412665.0,4568615.0,2025-03-05
412675.0,4568615.0,2025-03-05
412685.0,4568615.0,2025-03-05
412695.0,4568615.0,2025-03-05
412705.0,4568615.0,2025-03-05
412715.0,4568615.0,2025-03-05
412725.0,4568615.0,2025-03-05
412735.0,4568615.0,2025-03-05
412745.0,4568615.0,2025-03-05
412755.0,4568615.0,2025-03-05
412765.0,4568615.0,2025-03-05
412775.0,4568615.0,2025-03-05
412785.0,4568615.0,2025-03-05
412795.0,4568615.0,2025-03-05
412805.0,4568615.0,2025-03-05
412815.0,4568615.0,2025-03-05
412825.0,4568615.0,2025-03-05
412835.0,4568615.0,2025-03-05
412845.0,4568615.0,2025-03-05
412855.0,4568615.0,2025-03-05
412865.0,4568615.0,2025-03-05
412875.0,4568615.0,2025-03-05
412885.0,4568615.0,2025-03-05
412895.0,4568615.0,2025-03-05
412905.0,4568615.0,2025-03-05
412915.0,4568615.0,2025-03-05
412925.0,4568615.0,2025-03-05
412935.0,4568615.0,2025-03-05
412945.0,4568615.0,2025-03-05
412955.0,4568615.0,2025-03-05
412965.0,4568615.0,2025-03-05
412975.0,4568615.0,2025-03-05
412985.0,4568615.0,2025-03-05
412995.0,4568615.0,2025-03-05
413005.0,4568615.0,2025-03-05
413015.0,4568615.0,2025-03-05
413025.0,4568615.0,2025-03-05
413035.0,4568615.0,2025-03-05
413045.0,4568615.0,2025-03-05
413055.0,4568615.0,2025-03-05
413065.0,4568615.0,2025-03-05
413075.0,4568615.0,2025-03-05
413085.0,4568615.0,2025-03-05
413095.0,4568615.0,2025-03-05
413105.0,4568615.0,2025-03-05
413115.0,4568615.0,2025-03-05
413125.0,4568615.0,2025-03-05
413135.0,4568615.0,2025-03-05
413145.0,4568615.0,2025-03-05
413155.0,4568615.0,2025-03-05
413165.0,4568615.0,2025-03-05
413175.0,4568615.0,2025-03-05
413185.0,4568615.0,2025-03-05
413195.0,4568615.0,2025-03-05
413205.0,4568615.0,2025-03-05
413215.0,4568615.0,2025-03-05
413225.0,4568615.0,2025-03-05
413235.0,4568615.0,2025-03-05
413245.0,4568615.0,2025-03-05
413255.0,4568615.0,2025-03-05
413265.0,4568615.0,2025-03-05
413275.0,4568615.0,2025-03-05
413285.0,4568615.0,2025-03-05
413295.0,4568615.0,2025-03-05
413305.0,4568615.0,2025-03-05
413315.0,4568615.0,2025-03-05
413325.0,4568615.0,2025-03-05
413335.0,4568615.0,2025-03-05
413345.0,4568615.0,2025-03-05
413355.0,4568615.0,2025-03-05
413365.0,4568615.0,2025-03-05
413375.0,4568615.0,2025-03-05
413385.0,4568615.0,2025-03-05
413395.0,4568615.0,2025-03-05
413405.0,4568615.0,2025-03-05
413415.0,4568615.0,2025-03-05
413425.0,4568615.0,2025-03-05
413435.0,4568615.0,2025-03-05
413445.0,4568615.0,2025-03-05
413455.0,4568615.0,2025-03-05
413465.0,4568615.0,2025-03-05
413475.0,4568615.0,2025-03-05
413485.0,4568615.0,2025-03-05
413495.0,4568615.0,2025-03-05
413505.0,4568615.0,2025-03-05
413515.0,4568615.0,2025-03-05
413525.0,4568615.0,2025-03-05
413535.0,4568615.0,2025-03-05
413545.0,4568615.0,2025-03-05
413555.0,4568615.0,2025-03-05
413565.0,4568615.0,2025-03-05
413575.0,4568615.0,2025-03-05
413585.0,4568615.0,2025-03-05
413595.0,4568615.0,2025-03-05
413605.0,4568615.0,2025-03-05
413615.0,4568615.0,2025-03-05
413625.0,4568615.0,2025-03-05
413635.0,4568615.0,2025-03-05
413645.0,4568615.0,2025-03-05
413655.0,4568615.0,2025-03-05
413665.0,4568615.0,2025-03-05
413675.0,4568615.0,2025-03-05
413685.0,4568615.0,2025-03-05
413695.0,4568615.0,2025-03-05
413705.0,4568615.0,2025-03-05
413715.0,4568615.0,2025-03-05
413725.0,4568615.0,2025-03-05
413735.0,4568615.0,2025-03-05
413745.0,4568615.0,2025-03-05
413755.0,4568615.0,2025-03-05
413765.0,4568615.0,2025-03-05
413775.0,4568615.0,2025-03-05
413785.0,4568615.0,2025-03-05
413795.0,4568615.0,2025-03-05
413805.0,4568615.0,2025-03-05
413815.0,4568615.0,2025-03-05
413825.0,4568615.0,2025-03-05
413835.0,4568615.0,2025-03-05
413845.0,4568615.0,2025-03-05
413855.0,4568615.0,2025-03-05
413865.0,4568615.0,2025-03-05
413875.0,4568615.0,2025-03-05
413885.0,4568615.0,2025-03-05
413895.0,4568615.0,2025-03-05
413905.0,4568615.0,2025-03-05
413915.0,4568615.0,2025-03-05
413925.0,4568615.0,2025-03-05
413935.0,4568615.0,2025-03-05
411745.0,4568605.0,2025-03-05
411755.0,4568605.0,2025-03-05
411765.0,4568605.0,2025-03-05
411775.0,4568605.0,2025-03-05
411785.0,4568605.0,2025-03-05
411795.0,4568605.0,2025-03-05
411805.0,4568605.0,2025-03-05
411815.0,4568605.0,2025-03-05
411825.0,4568605.0,2025-03-05
411835.0,4568605.0,2025-03-05
411845.0,4568605.0,2025-03-05
411855.0,4568605.0,2025-03-05
411865.0,4568605.0,2025-03-05
411875.0,4568605.0,2025-03-05
411885.0,4568605.0,2025-03-05
411895.0,4568605.0,2025-03-05
411905.0,4568605.0,2025-03-05
411915.0,4568605.0,2025-03-05
411925.0,4568605.0,2025-03-05
411935.0,4568605.0,2025-03-05
411945.0,4568605.0,2025-03-05
411955.0,4568605.0,2025-03-05
411965.0,4568605.0,2025-03-05
411975.0,4568605.0,2025-03-05
411985.0,4568605.0,2025-03-05
411995.0,4568605.0,2025-03-05
412005.0,4568605.0,2025-03-05
412015.0,4568605.0,2025-03-05
412025.0,4568605.0,2025-03-05
412035.0,4568605.0,2025-03-05
412045.0,4568605.0,2025-03-05
412055.0,4568605.0,2025-03-05
412065.0,4568605.0,2025-03-05
412075.0,4568605.0,2025-03-05
412085.0,4568605.0,2025-03-05
412095.0,4568605.0,2025-03-05
412105.0,4568605.0,2025-03-05
412115.0,4568605.0,2025-03-05
412125.0,4568605.0,2025-03-05
412135.0,4568605.0,2025-03-05
412145.0,4568605.0,2025-03-05
412155.0,4568605.0,2025-03-05
412165.0,4568605.0,2025-03-05
412175.0,4568605.0,2025-03-05
412185.0,4568605.0,2025-03-05
412195.0,4568605.0,2025-03-05
412205.0,4568605.0,2025-03-05
412215.0,4568605.0,2025-03-05
412225.0,4568605.0,2025-03-05
412235.0,4568605.0,2025-03-05
412245.0,4568605.0,2025-03-05
412255.0,4568605.0,2025-03-05
412265.0,4568605.0,2025-03-05
412275.0,4568605.0,2025-03-05
412285.0,4568605.0,2025-03-05
412295.0,4568605.0,2025-03-05
412305.0,4568605.0,2025-03-05
412315.0,4568605.0,2025-03-05
412325.0,4568605.0,2025-03-05
412335.0,4568605.0,2025-03-05
412345.0,4568605.0,2025-03-05
412355.0,4568605.0,2025-03-05
412365.0,4568605.0,2025-03-05
412375.0,4568605.0,2025-03-05
412385.0,4568605.0,2025-03-05
412395.0,4568605.0,2025-03-05
412405.0,4568605.0,2025-03-05
412415.0,4568605.0,2025-03-05
412425.0,4568605.0,2025-03-05
412435.0,4568605.0,2025-03-05
412445.0,4568605.0,2025-03-05
412455.0,4568605.0,2025-03-05
412465.0,4568605.0,2025-03-05
412475.0,4568605.0,2025-03-05
412485.0,4568605.0,2025-03-05
412495.0,4568605.0,2025-03-05
412505.0,4568605.0,2025-03-05
412515.0,4568605.0,2025-03-05
412525.0,4568605.0,2025-03-05
412535.0,4568605.0,2025-03-05
412545.0,4568605.0,2025-03-05
412555.0,4568605.0,2025-03-05
412565.0,4568605.0,2025-03-05
412575.0,4568605.0,2025-03-05
412585.0,4568605.0,2025-03-05
412595.0,4568605.0,2025-03-05
412605.0,4568605.0,2025-03-05
412615.0,4568605.0,2025-03-05
412625.0,4568605.0,2025-03-05
412635.0,4568605.0,2025-03-05
412645.0,4568605.0,2025-03-05
412655.0,4568605.0,2025-03-05
412665.0,4568605.0,2025-03-05
412675.0,4568605.0,2025-03-05
412685.0,4568605.0,2025-03-05
412695.0,4568605.0,2025-03-05
412705.0,4568605.0,2025-03-05
412715.0,4568605.0,2025-03-05
412725.0,4568605.0,2025-03-05
412735.0,4568605.0,2025-03-05
412745.0,4568605.0,2025-03-05
412755.0,4568605.0,2025-03-05
412765.0,4568605.0,2025-03-05
412775.0,4568605.0,2025-03-05
412785.0,4568605.0,2025-03-05
412795.0,4568605.0,2025-03-05
412805.0,4568605.0,2025-03-05
412815.0,4568605.0,2025-03-05
412825.0,4568605.0,2025-03-05
412835.0,4568605.0,2025-03-05
412845.0,4568605.0,2025-03-05
412855.0,4568605.0,2025-03-05
412865.0,4568605.0,2025-03-05
412875.0,4568605.0,2025-03-05
412885.0,4568605.0,2025-03-05
412895.0,4568605.0,2025-03-05
412905.0,4568605.0,2025-03-05
412915.0,4568605.0,2025-03-05
412925.0,4568605.0,2025-03-05
412935.0,4568605.0,2025-03-05
412945.0,4568605.0,2025-03-05
412955.0,4568605.0,2025-03-05
412965.0,4568605.0,2025-03-05
412975.0,4568605.0,2025-03-05
412985.0,4568605.0,2025-03-05
412995.0,4568605.0,2025-03-05
413005.0,4568605.0,2025-03-05
413015.0,4568605.0,2025-03-05
413025.0,4568605.0,2025-03-05
413035.0,4568605.0,2025-03-05
413045.0,4568605.0,2025-03-05
413055.0,4568605.0,2025-03-05
413065.0,4568605.0,2025-03-05
413075.0,4568605.0,2025-03-05
413085.0,4568605.0,2025-03-05
413095.0,4568605.0,2025-03-05
413105.0,4568605.0,2025-03-05
413115.0,4568605.0,2025-03-05
413125.0,4568605.0,2025-03-05
413135.0,4568605.0,2025-03-05
413145.0,4568605.0,2025-03-05
413155.0,4568605.0,2025-03-05
413165.0,4568605.0,2025-03-05
413175.0,4568605.0,2025-03-05
413185.0,4568605.0,2025-03-05
413195.0,4568605.0,2025-03-05
413205.0,4568605.0,2025-03-05
413215.0,4568605.0,2025-03-05
413225.0,4568605.0,2025-03-05
413235.0,4568605.0,2025-03-05
413245.0,4568605.0,2025-03-05
413255.0,4568605.0,2025-03-05
413265.0,4568605.0,2025-03-05
413275.0,4568605.0,2025-03-05
413285.0,4568605.0,2025-03-05
413295.0,4568605.0,2025-03-05
413305.0,4568605.0,2025-03-05
413315.0,4568605.0,2025-03-05
413325.0,4568605.0,2025-03-05
413335.0,4568605.0,2025-03-05
413345.0,4568605.0,2025-03-05
413355.0,4568605.0,2025-03-05
413365.0,4568605.0,2025-03-05
413375.0,4568605.0,2025-03-05
413385.0,4568605.0,2025-03-05
413395.0,4568605.0,2025-03-05
413405.0,4568605.0,2025-03-05
413415.0,4568605.0,2025-03-05
413425.0,4568605.0,2025-03-05
413435.0,4568605.0,2025-03-05
413445.0,4568605.0,2025-03-05
413455.0,4568605.0,2025-03-05
413465.0,4568605.0,2025-03-05
413475.0,4568605.0,2025-03-05
413485.0,4568605.0,2025-03-05
413495.0,4568605.0,2025-03-05
413505.0,4568605.0,2025-03-05
413515.0,4568605.0,2025-03-05
413525.0,4568605.0,2025-03-05
413535.0,4568605.0,2025-03-05
413545.0,4568605.0,2025-03-05
413555.0,4568605.0,2025-03-05
413565.0,4568605.0,2025-03-05
413575.0,4568605.0,2025-03-05
413585.0,4568605.0,2025-03-05
413595.0,4568605.0,2025-03-05
413605.0,4568605.0,2025-03-05
413615.0,4568605.0,2025-03-05
413625.0,4568605.0,2025-03-05
413635.0,4568605.0,2025-03-05
413645.0,4568605.0,2025-03-05
413655.0,4568605.0,2025-03-05
413665.0,4568605.0,2025-03-05
413675.0,4568605.0,2025-03-05
413685.0,4568605.0,2025-03-05
413695.0,4568605.0,2025-03-05
413705.0,4568605.0,2025-03-05
413715.0,4568605.0,2025-03-05
413725.0,4568605.0,2025-03-05
413735.0,4568605.0,2025-03-05
413745.0,4568605.0,2025-03-05
413755.0,4568605.0,2025-03-05
413765.0,4568605.0,2025-03-05
413775.0,4568605.0,2025-03-05
413785.0,4568605.0,2025-03-05
413795.0,4568605.0,2025-03-05
413805.0,4568605.0,2025-03-05
413815.0,4568605.0,2025-03-05
413825.0,4568605.0,2025-03-05
413835.0,4568605.0,2025-03-05
413845.0,4568605.0,2025-03-05
413855.0,4568605.0,2025-03-05
413865.0,4568605.0,2025-03-05
413875.0,4568605.0,2025-03-05
413885.0,4568605.0,2025-03-05
413895.0,4568605.0,2025-03-05
413905.0,4568605.0,2025-03-05
413915.0,4568605.0,2025-03-05
413925.0,4568605.0,2025-03-05
413935.0,4568605.0,2025-03-05
413945.0,4568605.0,2025-03-05
413955.0,4568605.0,2025-03-05
413965.0,4568605.0,2025-03-05
413975.0,4568605.0,2025-03-05
413985.0,4568605.0,2025-03-05
413995.0,4568605.0,2025-03-05
414005.0,4568605.0,2025-03-05
414015.0,4568605.0,2025-03-05
414025.0,4568605.0,2025-03-05
414035.0,4568605.0,2025-03-05
414045.0,4568605.0,2025-03-05
414055.0,4568605.0,2025-03-05
414065.0,4568605.0,2025-03-05
414075.0,4568605.0,2025-03-05
414085.0,4568605.0,2025-03-05
414095.0,4568605.0,2025-03-05
414105.0,4568605.0,2025-03-05
414115.0,4568605.0,2025-03-05
414125.0,4568605.0,2025-03-05
414135.0,4568605.0,2025-03-05
414145.0,4568605.0,2025-03-05
414155.0,4568605.0,2025-03-05
414165.0,4568605.0,2025-03-05
414175.0,4568605.0,2025-03-05
414185.0,4568605.0,2025-03-05
414195.0,4568605.0,2025-03-05
414205.0,4568605.0,2025-03-05
414215.0,4568605.0,2025-03-05
414225.0,4568605.0,2025-03-05
414235.0,4568605.0,2025-03-05
414245.0,4568605.0,2025-03-05
414255.0,4568605.0,2025-03-05
414265.0,4568605.0,2025-03-05
414275.0,4568605.0,2025-03-05
414285.0,4568605.0,2025-03-05
414295.0,4568605.0,2025-03-05
414305.0,4568605.0,2025-03-05
414315.0,4568605.0,2025-03-05
414325.0,4568605.0,2025-03-05
414335.0,4568605.0,2025-03-05
414345.0,4568605.0,2025-03-05
414355.0,4568605.0,2025-03-05
414365.0,4568605.0,2025-03-05
414375.0,4568605.0,2025-03-05
414385.0,4568605.0,2025-03-05
414395.0,4568605.0,2025-03-05
414405.0,4568605.0,2025-03-05
414415.0,4568605.0,2025-03-05
414425.0,4568605.0,2025-03-05
414435.0,4568605.0,2025-03-05
414445.0,4568605.0,2025-03-05
414455.0,4568605.0,2025-03-05
414465.0,4568605.0,2025-03-05
414475.0,4568605.0,2025-03-05
414485.0,4568605.0,2025-03-05
414495.0,4568605.0,2025-03-05
414505.0,4568605.0,2025-03-05
414515.0,4568605.0,2025-03-05
414525.0,4568605.0,2025-03-05
414535.0,4568605.0,2025-03-05
414545.0,4568605.0,2025-03-05
414555.0,4568605.0,2025-03-05
414565.0,4568605.0,2025-03-05
414575.0,4568605.0,2025-03-05
414585.0,4568605.0,2025-03-05
414595.0,4568605.0,2025-03-05
414605.0,4568605.0,2025-03-05
414615.0,4568605.0,2025-03-05
414625.0,4568605.0,2025-03-05
414635.0,4568605.0,2025-03-05
414645.0,4568605.0,2025-03-05
414655.0,4568605.0,2025-03-05
414665.0,4568605.0,2025-03-05
414675.0,4568605.0,2025-03-05
414685.0,4568605.0,2025-03-05
414695.0,4568605.0,2025-03-05
414705.0,4568605.0,2025-03-05
414715.0,4568605.0,2025-03-05
414725.0,4568605.0,2025-03-05
414735.0,4568605.0,2025-03-05
414745.0,4568605.0,2025-03-05
414755.0,4568605.0,2025-03-05
414765.0,4568605.0,2025-03-05
414775.0,4568605.0,2025-03-05
414785.0,4568605.0,2025-03-05
411745.0,4568595.0,2025-03-05
411755.0,4568595.0,2025-03-05
411765.0,4568595.0,2025-03-05
411775.0,4568595.0,2025-03-05
411785.0,4568595.0,2025-03-05
411795.0,4568595.0,2025-03-05
411805.0,4568595.0,2025-03-05
411815.0,4568595.0,2025-03-05
411825.0,4568595.0,2025-03-05
411835.0,4568595.0,2025-03-05
411845.0,4568595.0,2025-03-05
411855.0,4568595.0,2025-03-05
411865.0,4568595.0,2025-03-05
411875.0,4568595.0,2025-03-05
411885.0,4568595.0,2025-03-05
411895.0,4568595.0,2025-03-05
411905.0,4568595.0,2025-03-05
411915.0,4568595.0,2025-03-05
411925.0,4568595.0,2025-03-05
411935.0,4568595.0,2025-03-05
411945.0,4568595.0,2025-03-05
411955.0,4568595.0,2025-03-05
411965.0,4568595.0,2025-03-05
411975.0,4568595.0,2025-03-05
411985.0,4568595.0,2025-03-05
411995.0,4568595.0,2025-03-05
412005.0,4568595.0,2025-03-05
412015.0,4568595.0,2025-03-05
412025.0,4568595.0,2025-03-05
412035.0,4568595.0,2025-03-05
412045.0,4568595.0,2025-03-05
412055.0,4568595.0,2025-03-05
412065.0,4568595.0,2025-03-05
412075.0,4568595.0,2025-03-05
412085.0,4568595.0,2025-03-05
412095.0,4568595.0,2025-03-05
412105.0,4568595.0,2025-03-05
412115.0,4568595.0,2025-03-05
412125.0,4568595.0,2025-03-05
412135.0,4568595.0,2025-03-05
412145.0,4568595.0,2025-03-05
412155.0,4568595.0,2025-03-05
412165.0,4568595.0,2025-03-05
412185.0,4568595.0,2025-03-05
412195.0,4568595.0,2025-03-05
412205.0,4568595.0,2025-03-05
412215.0,4568595.0,2025-03-05
412225.0,4568595.0,2025-03-05
412235.0,4568595.0,2025-03-05
412245.0,4568595.0,2025-03-05
412255.0,4568595.0,2025-03-05
412265.0,4568595.0,2025-03-05
412275.0,4568595.0,2025-03-05
412285.0,4568595.0,2025-03-05
412295.0,4568595.0,2025-03-05
412305.0,4568595.0,2025-03-05
412315.0,4568595.0,2025-03-05
412335.0,4568595.0,2025-03-05
412345.0,4568595.0,2025-03-05
412355.0,4568595.0,2025-03-05
412365.0,4568595.0,2025-03-05
412375.0,4568595.0,2025-03-05
412385.0,4568595.0,2025-03-05
412395.0,4568595.0,2025-03-05
412405.0,4568595.0,2025-03-05
412415.0,4568595.0,2025-03-05
412425.0,4568595.0,2025-03-05
412435.0,4568595.0,2025-03-05
412445.0,4568595.0,2025-03-05
412455.0,4568595.0,2025-03-05
412465.0,4568595.0,2025-03-05
412475.0,4568595.0,2025-03-05
412485.0,4568595.0,2025-03-05
412495.0,4568595.0,2025-03-05
412505.0,4568595.0,2025-03-05
412515.0,4568595.0,2025-03-05
412525.0,4568595.0,2025-03-05
412535.0,4568595.0,2025-03-05
412545.0,4568595.0,2025-03-05
412555.0,4568595.0,2025-03-05
412565.0,4568595.0,2025-03-05
412575.0,4568595.0,2025-03-05
412585.0,4568595.0,2025-03-05
412595.0,4568595.0,2025-03-05
412605.0,4568595.0,2025-03-05
412615.0,4568595.0,2025-03-05
412625.0,4568595.0,2025-03-05
412635.0,4568595.0,2025-03-05
412645.0,4568595.0,2025-03-05
412655.0,4568595.0,2025-03-05
412665.0,4568595.0,2025-03-05
412675.0,4568595.0,2025-03-05
412685.0,4568595.0,2025-03-05
412695.0,4568595.0,2025-03-05
412705.0,4568595.0,2025-03-05
412715.0,4568595.0,2025-03-05
412725.0,4568595.0,2025-03-05
412735.0,4568595.0,2025-03-05
412745.0,4568595.0,2025-03-05
412755.0,4568595.0,2025-03-05
412765.0,4568595.0,2025-03-05
412775.0,4568595.0,2025-03-05
412785.0,4568595.0,2025-03-05
412795.0,4568595.0,2025-03-05
412805.0,4568595.0,2025-03-05
412815.0,4568595.0,2025-03-05
412825.0,4568595.0,2025-03-05
412835.0,4568595.0,2025-03-05
412845.0,4568595.0,2025-03-05
412855.0,4568595.0,2025-03-05
412865.0,4568595.0,2025-03-05
412875.0,4568595.0,2025-03-05
412885.0,4568595.0,2025-03-05
412895.0,4568595.0,2025-03-05
412905.0,4568595.0,2025-03-05
412915.0,4568595.0,2025-03-05
412925.0,4568595.0,2025-03-05
412935.0,4568595.0,2025-03-05
412945.0,4568595.0,2025-03-05
412955.0,4568595.0,2025-03-05
412965.0,4568595.0,2025-03-05
412975.0,4568595.0,2025-03-05
412985.0,4568595.0,2025-03-05
412995.0,4568595.0,2025-03-05
413005.0,4568595.0,2025-03-05
413015.0,4568595.0,2025-03-05
413025.0,4568595.0,2025-03-05
413035.0,4568595.0,2025-03-05
413045.0,4568595.0,2025-03-05
413055.0,4568595.0,2025-03-05
413065.0,4568595.0,2025-03-05
413075.0,4568595.0,2025-03-05
413085.0,4568595.0,2025-03-05
413095.0,4568595.0,2025-03-05
413105.0,4568595.0,2025-03-05
413115.0,4568595.0,2025-03-05
413125.0,4568595.0,2025-03-05
413135.0,4568595.0,2025-03-05
413145.0,4568595.0,2025-03-05
413155.0,4568595.0,2025-03-05
413165.0,4568595.0,2025-03-05
413175.0,4568595.0,2025-03-05
413185.0,4568595.0,2025-03-05
413195.0,4568595.0,2025-03-05
413205.0,4568595.0,2025-03-05
413215.0,4568595.0,2025-03-05
413225.0,4568595.0,2025-03-05
413235.0,4568595.0,2025-03-05
413245.0,4568595.0,2025-03-05
413255.0,4568595.0,2025-03-05
413265.0,4568595.0,2025-03-05
413275.0,4568595.0,2025-03-05
413285.0,4568595.0,2025-03-05
413295.0,4568595.0,2025-03-05
413305.0,4568595.0,2025-03-05
413315.0,4568595.0,2025-03-05
413325.0,4568595.0,2025-03-05
413335.0,4568595.0,2025-03-05
413345.0,4568595.0,2025-03-05
413355.0,4568595.0,2025-03-05
413365.0,4568595.0,2025-03-05
413375.0,4568595.0,2025-03-05
413385.0,4568595.0,2025-03-05
413395.0,4568595.0,2025-03-05
413405.0,4568595.0,2025-03-05
413415.0,4568595.0,2025-03-05
413425.0,4568595.0,2025-03-05
413435.0,4568595.0,2025-03-05
413445.0,4568595.0,2025-03-05
413455.0,4568595.0,2025-03-05
413465.0,4568595.0,2025-03-05
413475.0,4568595.0,2025-03-05
413485.0,4568595.0,2025-03-05
413495.0,4568595.0,2025-03-05
413505.0,4568595.0,2025-03-05
413515.0,4568595.0,2025-03-05
413525.0,4568595.0,2025-03-05
413535.0,4568595.0,2025-03-05
413545.0,4568595.0,2025-03-05
413555.0,4568595.0,2025-03-05
413565.0,4568595.0,2025-03-05
413575.0,4568595.0,2025-03-05
413585.0,4568595.0,2025-03-05
413595.0,4568595.0,2025-03-05
413605.0,4568595.0,2025-03-05
413615.0,4568595.0,2025-03-05
413625.0,4568595.0,2025-03-05
413635.0,4568595.0,2025-03-05
413645.0,4568595.0,2025-03-05
413655.0,4568595.0,2025-03-05
413665.0,4568595.0,2025-03-05
413675.0,4568595.0,2025-03-05
413685.0,4568595.0,2025-03-05
413695.0,4568595.0,2025-03-05
413705.0,4568595.0,2025-03-05
413715.0,4568595.0,2025-03-05
413725.0,4568595.0,2025-03-05
413735.0,4568595.0,2025-03-05
413745.0,4568595.0,2025-03-05
413755.0,4568595.0,2025-03-05
413765.0,4568595.0,2025-03-05
413775.0,4568595.0,2025-03-05
413785.0,4568595.0,2025-03-05
413795.0,4568595.0,2025-03-05
413805.0,4568595.0,2025-03-05
413815.0,4568595.0,2025-03-05
413825.0,4568595.0,2025-03-05
413835.0,4568595.0,2025-03-05
413845.0,4568595.0,2025-03-05
413855.0,4568595.0,2025-03-05
413865.0,4568595.0,2025-03-05
413875.0,4568595.0,2025-03-05
413885.0,4568595.0,2025-03-05
413895.0,4568595.0,2025-03-05
413905.0,4568595.0,2025-03-05
413915.0,4568595.0,2025-03-05
413925.0,4568595.0,2025-03-05
413935.0,4568595.0,2025-03-05
413945.0,4568595.0,2025-03-05
413955.0,4568595.0,2025-03-05
413965.0,4568595.0,2025-03-05
413975.0,4568595.0,2025-03-05
413985.0,4568595.0,2025-03-05
413995.0,4568595.0,2025-03-05
414005.0,4568595.0,2025-03-05
414015.0,4568595.0,2025-03-05
414025.0,4568595.0,2025-03-05
414035.0,4568595.0,2025-03-05
414045.0,4568595.0,2025-03-05
414055.0,4568595.0,2025-03-05
414065.0,4568595.0,2025-03-05
414075.0,4568595.0,2025-03-05
414085.0,4568595.0,2025-03-05
414095.0,4568595.0,2025-03-05
414105.0,4568595.0,2025-03-05
414115.0,4568595.0,2025-03-05
414125.0,4568595.0,2025-03-05
414135.0,4568595.0,2025-03-05
414145.0,4568595.0,2025-03-05
414155.0,4568595.0,2025-03-05
414165.0,4568595.0,2025-03-05
414175.0,4568595.0,2025-03-05
414185.0,4568595.0,2025-03-05
414195.0,4568595.0,2025-03-05
414205.0,4568595.0,2025-03-05
414215.0,4568595.0,2025-03-05
414225.0,4568595.0,2025-03-05
414235.0,4568595.0,2025-03-05
414245.0,4568595.0,2025-03-05
414255.0,4568595.0,2025-03-05
414265.0,4568595.0,2025-03-05
414275.0,4568595.0,2025-03-05
414285.0,4568595.0,2025-03-05
414295.0,4568595.0,2025-03-05
414305.0,4568595.0,2025-03-05
414315.0,4568595.0,2025-03-05
414325.0,4568595.0,2025-03-05
414335.0,4568595.0,2025-03-05
414345.0,4568595.0,2025-03-05
414355.0,4568595.0,2025-03-05
414365.0,4568595.0,2025-03-05
414375.0,4568595.0,2025-03-05
414385.0,4568595.0,2025-03-05
414395.0,4568595.0,2025-03-05
414405.0,4568595.0,2025-03-05
414415.0,4568595.0,2025-03-05
414425.0,4568595.0,2025-03-05
414435.0,4568595.0,2025-03-05
414445.0,4568595.0,2025-03-05
414455.0,4568595.0,2025-03-05
414465.0,4568595.0,2025-03-05
414475.0,4568595.0,2025-03-05
414485.0,4568595.0,2025-03-05
414495.0,4568595.0,2025-03-05
414505.0,4568595.0,2025-03-05
414515.0,4568595.0,2025-03-05
414525.0,4568595.0,2025-03-05
414535.0,4568595.0,2025-03-05
414545.0,4568595.0,2025-03-05
414555.0,4568595.0,2025-03-05
414565.0,4568595.0,2025-03-05
414575.0,4568595.0,2025-03-05
414585.0,4568595.0,2025-03-05
414595.0,4568595.0,2025-03-05
414605.0,4568595.0,2025-03-05
414615.0,4568595.0,2025-03-05
414625.0,4568595.0,2025-03-05
414635.0,4568595.0,2025-03-05
414645.0,4568595.0,2025-03-05
414655.0,4568595.0,2025-03-05
414665.0,4568595.0,2025-03-05
414675.0,4568595.0,2025-03-05
414685.0,4568595.0,2025-03-05
414695.0,4568595.0,2025-03-05
414705.0,4568595.0,2025-03-05
414715.0,4568595.0,2025-03-05
414725.0,4568595.0,2025-03-05
414735.0,4568595.0,2025-03-05
414745.0,4568595.0,2025-03-05
414755.0,4568595.0,2025-03-05
414765.0,4568595.0,2025-03-05
414775.0,4568595.0,2025-03-05
414785.0,4568595.0,2025-03-05
414795.0,4568595.0,2025-03-05
414805.0,4568595.0,2025-03-05
414815.0,4568595.0,2025-03-05
414825.0,4568595.0,2025-03-05
414835.0,4568595.0,2025-03-05
414845.0,4568595.0,2025-03-05
414855.0,4568595.0,2025-03-05
414865.0,4568595.0,2025-03-05
414875.0,4568595.0,2025-03-05
414885.0,4568595.0,2025-03-05
414895.0,4568595.0,2025-03-05
414905.0,4568595.0,2025-03-05
414915.0,4568595.0,2025-03-05
414925.0,4568595.0,2025-03-05
414935.0,4568595.0,2025-03-05
414945.0,4568595.0,2025-03-05
414955.0,4568595.0,2025-03-05
414965.0,4568595.0,2025-03-05
414975.0,4568595.0,2025-03-05
414985.0,4568595.0,2025-03-05
414995.0,4568595.0,2025-03-05
415005.0,4568595.0,2025-03-05
415015.0,4568595.0,2025-03-05
415025.0,4568595.0,2025-03-05
415035.0,4568595.0,2025-03-05
415045.0,4568595.0,2025-03-05
415055.0,4568595.0,2025-03-05
415065.0,4568595.0,2025-03-05
415075.0,4568595.0,2025-03-05
415085.0,4568595.0,2025-03-05
415095.0,4568595.0,2025-03-05
415105.0,4568595.0,2025-03-05
415115.0,4568595.0,2025-03-05
415125.0,4568595.0,2025-03-05
415135.0,4568595.0,2025-03-05
415145.0,4568595.0,2025-03-05
415155.0,4568595.0,2025-03-05
415165.0,4568595.0,2025-03-05
415175.0,4568595.0,2025-03-05
415185.0,4568595.0,2025-03-05
415195.0,4568595.0,2025-03-05
415205.0,4568595.0,2025-03-05
415215.0,4568595.0,2025-03-05
415225.0,4568595.0,2025-03-05
415235.0,4568595.0,2025-03-05
415245.0,4568595.0,2025-03-05
415255.0,4568595.0,2025-03-05
415265.0,4568595.0,2025-03-05
415275.0,4568595.0,2025-03-05
415285.0,4568595.0,2025-03-05
415295.0,4568595.0,2025-03-05
415305.0,4568595.0,2025-03-05
415315.0,4568595.0,2025-03-05
415325.0,4568595.0,2025-03-05
415335.0,4568595.0,2025-03-05
415345.0,4568595.0,2025-03-05
415355.0,4568595.0,2025-03-05
415365.0,4568595.0,2025-03-05
415375.0,4568595.0,2025-03-05
415385.0,4568595.0,2025-03-05
415395.0,4568595.0,2025-03-05
415405.0,4568595.0,2025-03-05
415415.0,4568595.0,2025-03-05
415425.0,4568595.0,2025-03-05
415435.0,4568595.0,2025-03-05
415445.0,4568595.0,2025-03-05
415455.0,4568595.0,2025-03-05
415465.0,4568595.0,2025-03-05
415475.0,4568595.0,2025-03-05
415485.0,4568595.0,2025-03-05
415495.0,4568595.0,2025-03-05
415505.0,4568595.0,2025-03-05
415515.0,4568595.0,2025-03-05
415525.0,4568595.0,2025-03-05
415535.0,4568595.0,2025-03-05
415545.0,4568595.0,2025-03-05
415555.0,4568595.0,2025-03-05
415565.0,4568595.0,2025-03-05
415575.0,4568595.0,2025-03-05
415585.0,4568595.0,2025-03-05
415595.0,4568595.0,2025-03-05
415605.0,4568595.0,2025-03-05
415615.0,4568595.0,2025-03-05
415625.0,4568595.0,2025-03-05
415635.0,4568595.0,2025-03-05
411745.0,4568585.0,2025-03-05
411755.0,4568585.0,2025-03-05
411765.0,4568585.0,2025-03-05
411775.0,4568585.0,2025-03-05
411785.0,4568585.0,2025-03-05
411795.0,4568585.0,2025-03-05
411805.0,4568585.0,2025-03-05
411815.0,4568585.0,2025-03-05
411825.0,4568585.0,2025-03-05
411835.0,4568585.0,2025-03-05
411845.0,4568585.0,2025-03-05
411855.0,4568585.0,2025-03-05
411865.0,4568585.0,2025-03-05
411875.0,4568585.0,2025-03-05
411885.0,4568585.0,2025-03-05
411895.0,4568585.0,2025-03-05
411905.0,4568585.0,2025-03-05
411915.0,4568585.0,2025-03-05
411925.0,4568585.0,2025-03-05
411935.0,4568585.0,2025-03-05
411945.0,4568585.0,2025-03-05
411955.0,4568585.0,2025-03-05
411965.0,4568585.0,2025-03-05
411975.0,4568585.0,2025-03-05
411985.0,4568585.0,2025-03-05
411995.0,4568585.0,2025-03-05
412005.0,4568585.0,2025-03-05
412015.0,4568585.0,2025-03-05
412025.0,4568585.0,2025-03-05
412035.0,4568585.0,2025-03-05
412045.0,4568585.0,2025-03-05
412055.0,4568585.0,2025-03-05
412065.0,4568585.0,2025-03-05
412075.0,4568585.0,2025-03-05
412085.0,4568585.0,2025-03-05
412095.0,4568585.0,2025-03-05
412105.0,4568585.0,2025-03-05
412115.0,4568585.0,2025-03-05
412125.0,4568585.0,2025-03-05
412135.0,4568585.0,2025-03-05
412145.0,4568585.0,2025-03-05
412155.0,4568585.0,2025-03-05
412165.0,4568585.0,2025-03-05
412175.0,4568585.0,2025-03-05
412185.0,4568585.0,2025-03-05
412195.0,4568585.0,2025-03-05
412205.0,4568585.0,2025-03-05
412215.0,4568585.0,2025-03-05
412225.0,4568585.0,2025-03-05
412235.0,4568585.0,2025-03-05
412245.0,4568585.0,2025-03-05
412255.0,4568585.0,2025-03-05
412265.0,4568585.0,2025-03-05
412275.0,4568585.0,2025-03-05
412285.0,4568585.0,2025-03-05
412295.0,4568585.0,2025-03-05
412305.0,4568585.0,2025-03-05
412315.0,4568585.0,2025-03-05
412325.0,4568585.0,2025-03-05
412335.0,4568585.0,2025-03-05
412345.0,4568585.0,2025-03-05
412355.0,4568585.0,2025-03-05
412365.0,4568585.0,2025-03-05
412375.0,4568585.0,2025-03-05
412385.0,4568585.0,2025-03-05
412395.0,4568585.0,2025-03-05
412405.0,4568585.0,2025-03-05
412415.0,4568585.0,2025-03-05
412425.0,4568585.0,2025-03-05
412435.0,4568585.0,2025-03-05
412445.0,4568585.0,2025-03-05
412455.0,4568585.0,2025-03-05
412465.0,4568585.0,2025-03-05
412475.0,4568585.0,2025-03-05
412485.0,4568585.0,2025-03-05
412495.0,4568585.0,2025-03-05
412505.0,4568585.0,2025-03-05
412515.0,4568585.0,2025-03-05
412525.0,4568585.0,2025-03-05
412535.0,4568585.0,2025-03-05
412545.0,4568585.0,2025-03-05
412555.0,4568585.0,2025-03-05
412565.0,4568585.0,2025-03-05
412575.0,4568585.0,2025-03-05
412585.0,4568585.0,2025-03-05
412595.0,4568585.0,2025-03-05
412605.0,4568585.0,2025-03-05
412615.0,4568585.0,2025-03-05
412625.0,4568585.0,2025-03-05
412635.0,4568585.0,2025-03-05
412645.0,4568585.0,2025-03-05
412655.0,4568585.0,2025-03-05
412665.0,4568585.0,2025-03-05
412675.0,4568585.0,2025-03-05
412685.0,4568585.0,2025-03-05
412695.0,4568585.0,2025-03-05
412705.0,4568585.0,2025-03-05
412715.0,4568585.0,2025-03-05
412725.0,4568585.0,2025-03-05
412735.0,4568585.0,2025-03-05
412745.0,4568585.0,2025-03-05
412755.0,4568585.0,2025-03-05
412765.0,4568585.0,2025-03-05
412775.0,4568585.0,2025-03-05
412785.0,4568585.0,2025-03-05
412795.0,4568585.0,2025-03-05
412805.0,4568585.0,2025-03-05
412815.0,4568585.0,2025-03-05
412825.0,4568585.0,2025-03-05
412835.0,4568585.0,2025-03-05
412845.0,4568585.0,2025-03-05
412855.0,4568585.0,2025-03-05
412865.0,4568585.0,2025-03-05
412875.0,4568585.0,2025-03-05
412885.0,4568585.0,2025-03-05
412895.0,4568585.0,2025-03-05
412905.0,4568585.0,2025-03-05
412915.0,4568585.0,2025-03-05
412925.0,4568585.0,2025-03-05
412935.0,4568585.0,2025-03-05
412945.0,4568585.0,2025-03-05
412955.0,4568585.0,2025-03-05
412965.0,4568585.0,2025-03-05
412975.0,4568585.0,2025-03-05
412985.0,4568585.0,2025-03-05
412995.0,4568585.0,2025-03-05
413005.0,4568585.0,2025-03-05
413015.0,4568585.0,2025-03-05
413025.0,4568585.0,2025-03-05
413035.0,4568585.0,2025-03-05
413045.0,4568585.0,2025-03-05
413055.0,4568585.0,2025-03-05
413065.0,4568585.0,2025-03-05
413075.0,4568585.0,2025-03-05
413085.0,4568585.0,2025-03-05
413095.0,4568585.0,2025-03-05
413105.0,4568585.0,2025-03-05
413115.0,4568585.0,2025-03-05
413125.0,4568585.0,2025-03-05
413135.0,4568585.0,2025-03-05
413145.0,4568585.0,2025-03-05
413155.0,4568585.0,2025-03-05
413165.0,4568585.0,2025-03-05
413175.0,4568585.0,2025-03-05
413185.0,4568585.0,2025-03-05
413195.0,4568585.0,2025-03-05
413205.0,4568585.0,2025-03-05
413215.0,4568585.0,2025-03-05
413225.0,4568585.0,2025-03-05
413235.0,4568585.0,2025-03-05
413245.0,4568585.0,2025-03-05
413255.0,4568585.0,2025-03-05
413265.0,4568585.0,2025-03-05
413275.0,4568585.0,2025-03-05
413285.0,4568585.0,2025-03-05
413295.0,4568585.0,2025-03-05
413305.0,4568585.0,2025-03-05
413315.0,4568585.0,2025-03-05
413325.0,4568585.0,2025-03-05
413335.0,4568585.0,2025-03-05
413345.0,4568585.0,2025-03-05
413355.0,4568585.0,2025-03-05
413365.0,4568585.0,2025-03-05
413375.0,4568585.0,2025-03-05
413385.0,4568585.0,2025-03-05
413395.0,4568585.0,2025-03-05
413405.0,4568585.0,2025-03-05
413415.0,4568585.0,2025-03-05
413425.0,4568585.0,2025-03-05
413435.0,4568585.0,2025-03-05
413445.0,4568585.0,2025-03-05
413455.0,4568585.0,2025-03-05
413465.0,4568585.0,2025-03-05
413475.0,4568585.0,2025-03-05
413485.0,4568585.0,2025-03-05
413495.0,4568585.0,2025-03-05
413505.0,4568585.0,2025-03-05
413515.0,4568585.0,2025-03-05
413525.0,4568585.0,2025-03-05
413535.0,4568585.0,2025-03-05
413545.0,4568585.0,2025-03-05
413555.0,4568585.0,2025-03-05
413565.0,4568585.0,2025-03-05
413575.0,4568585.0,2025-03-05
413585.0,4568585.0,2025-03-05
413595.0,4568585.0,2025-03-05
413605.0,4568585.0,2025-03-05
413615.0,4568585.0,2025-03-05
413625.0,4568585.0,2025-03-05
413635.0,4568585.0,2025-03-05
413645.0,4568585.0,2025-03-05
413655.0,4568585.0,2025-03-05
413665.0,4568585.0,2025-03-05
413675.0,4568585.0,2025-03-05
413685.0,4568585.0,2025-03-05
413695.0,4568585.0,2025-03-05
413705.0,4568585.0,2025-03-05
413715.0,4568585.0,2025-03-05
413725.0,4568585.0,2025-03-05
413735.0,4568585.0,2025-03-05
413745.0,4568585.0,2025-03-05
413755.0,4568585.0,2025-03-05
413765.0,4568585.0,2025-03-05
413775.0,4568585.0,2025-03-05
413785.0,4568585.0,2025-03-05
413795.0,4568585.0,2025-03-05
413805.0,4568585.0,2025-03-05
413815.0,4568585.0,2025-03-05
413825.0,4568585.0,2025-03-05
413835.0,4568585.0,2025-03-05
413845.0,4568585.0,2025-03-05
413855.0,4568585.0,2025-03-05
413865.0,4568585.0,2025-03-05
413875.0,4568585.0,2025-03-05
413885.0,4568585.0,2025-03-05
413895.0,4568585.0,2025-03-05
413905.0,4568585.0,2025-03-05
413915.0,4568585.0,2025-03-05
413925.0,4568585.0,2025-03-05
413935.0,4568585.0,2025-03-05
413945.0,4568585.0,2025-03-05
413955.0,4568585.0,2025-03-05
413965.0,4568585.0,2025-03-05
413975.0,4568585.0,2025-03-05
413985.0,4568585.0,2025-03-05
413995.0,4568585.0,2025-03-05
414005.0,4568585.0,2025-03-05
414015.0,4568585.0,2025-03-05
414025.0,4568585.0,2025-03-05
414035.0,4568585.0,2025-03-05
414045.0,4568585.0,2025-03-05
414055.0,4568585.0,2025-03-05
414065.0,4568585.0,2025-03-05
414075.0,4568585.0,2025-03-05
414085.0,4568585.0,2025-03-05
414095.0,4568585.0,2025-03-05
414105.0,4568585.0,2025-03-05
414115.0,4568585.0,2025-03-05
414125.0,4568585.0,2025-03-05
414135.0,4568585.0,2025-03-05
414145.0,4568585.0,2025-03-05
414155.0,4568585.0,2025-03-05
414165.0,4568585.0,2025-03-05
414175.0,4568585.0,2025-03-05
414185.0,4568585.0,2025-03-05
414195.0,4568585.0,2025-03-05
414205.0,4568585.0,2025-03-05
414215.0,4568585.0,2025-03-05
414225.0,4568585.0,2025-03-05
414235.0,4568585.0,2025-03-05
414245.0,4568585.0,2025-03-05
414255.0,4568585.0,2025-03-05
414265.0,4568585.0,2025-03-05
414275.0,4568585.0,2025-03-05
414285.0,4568585.0,2025-03-05
414295.0,4568585.0,2025-03-05
414305.0,4568585.0,2025-03-05
414315.0,4568585.0,2025-03-05
414325.0,4568585.0,2025-03-05
414335.0,4568585.0,2025-03-05
414345.0,4568585.0,2025-03-05
414355.0,4568585.0,2025-03-05
414365.0,4568585.0,2025-03-05
414375.0,4568585.0,2025-03-05
414385.0,4568585.0,2025-03-05
414395.0,4568585.0,2025-03-05
414405.0,4568585.0,2025-03-05
414415.0,4568585.0,2025-03-05
414425.0,4568585.0,2025-03-05
414435.0,4568585.0,2025-03-05
414445.0,4568585.0,2025-03-05
414455.0,4568585.0,2025-03-05
414465.0,4568585.0,2025-03-05
414475.0,4568585.0,2025-03-05
414485.0,4568585.0,2025-03-05
414495.0,4568585.0,2025-03-05
414505.0,4568585.0,2025-03-05
414515.0,4568585.0,2025-03-05
414525.0,4568585.0,2025-03-05
414535.0,4568585.0,2025-03-05
414545.0,4568585.0,2025-03-05
414555.0,4568585.0,2025-03-05
414565.0,4568585.0,2025-03-05
414575.0,4568585.0,2025-03-05
414585.0,4568585.0,2025-03-05
414595.0,4568585.0,2025-03-05
414605.0,4568585.0,2025-03-05
414615.0,4568585.0,2025-03-05
414625.0,4568585.0,2025-03-05
414635.0,4568585.0,2025-03-05
414645.0,4568585.0,2025-03-05
414655.0,4568585.0,2025-03-05
414665.0,4568585.0,2025-03-05
414675.0,4568585.0,2025-03-05
414685.0,4568585.0,2025-03-05
414695.0,4568585.0,2025-03-05
414705.0,4568585.0,2025-03-05
414715.0,4568585.0,2025-03-05
414725.0,4568585.0,2025-03-05
414735.0,4568585.0,2025-03-05
414745.0,4568585.0,2025-03-05
414755.0,4568585.0,2025-03-05
414765.0,4568585.0,2025-03-05
414775.0,4568585.0,2025-03-05
414785.0,4568585.0,2025-03-05
414795.0,4568585.0,2025-03-05
414805.0,4568585.0,2025-03-05
414815.0,4568585.0,2025-03-05
414825.0,4568585.0,2025-03-05
414835.0,4568585.0,2025-03-05
414845.0,4568585.0,2025-03-05
414855.0,4568585.0,2025-03-05
414865.0,4568585.0,2025-03-05
414875.0,4568585.0,2025-03-05
414885.0,4568585.0,2025-03-05
414895.0,4568585.0,2025-03-05
414905.0,4568585.0,2025-03-05
414915.0,4568585.0,2025-03-05
414925.0,4568585.0,2025-03-05
414935.0,4568585.0,2025-03-05
414945.0,4568585.0,2025-03-05
414955.0,4568585.0,2025-03-05
414965.0,4568585.0,2025-03-05
414975.0,4568585.0,2025-03-05
414985.0,4568585.0,2025-03-05
414995.0,4568585.0,2025-03-05
415005.0,4568585.0,2025-03-05
415015.0,4568585.0,2025-03-05
415025.0,4568585.0,2025-03-05
415035.0,4568585.0,2025-03-05
415045.0,4568585.0,2025-03-05
415055.0,4568585.0,2025-03-05
415065.0,4568585.0,2025-03-05
415075.0,4568585.0,2025-03-05
415085.0,4568585.0,2025-03-05
415095.0,4568585.0,2025-03-05
415105.0,4568585.0,2025-03-05
415115.0,4568585.0,2025-03-05
415125.0,4568585.0,2025-03-05
415135.0,4568585.0,2025-03-05
415145.0,4568585.0,2025-03-05
415155.0,4568585.0,2025-03-05
415165.0,4568585.0,2025-03-05
415175.0,4568585.0,2025-03-05
415185.0,4568585.0,2025-03-05
415195.0,4568585.0,2025-03-05
415205.0,4568585.0,2025-03-05
415215.0,4568585.0,2025-03-05
415225.0,4568585.0,2025-03-05
415235.0,4568585.0,2025-03-05
415245.0,4568585.0,2025-03-05
415255.0,4568585.0,2025-03-05
415265.0,4568585.0,2025-03-05
415275.0,4568585.0,2025-03-05
415285.0,4568585.0,2025-03-05
415295.0,4568585.0,2025-03-05
415305.0,4568585.0,2025-03-05
415315.0,4568585.0,2025-03-05
415325.0,4568585.0,2025-03-05
415335.0,4568585.0,2025-03-05
415345.0,4568585.0,2025-03-05
415355.0,4568585.0,2025-03-05
415365.0,4568585.0,2025-03-05
415375.0,4568585.0,2025-03-05
415385.0,4568585.0,2025-03-05
415395.0,4568585.0,2025-03-05
415405.0,4568585.0,2025-03-05
415415.0,4568585.0,2025-03-05
415425.0,4568585.0,2025-03-05
415435.0,4568585.0,2025-03-05
415445.0,4568585.0,2025-03-05
415455.0,4568585.0,2025-03-05
415465.0,4568585.0,2025-03-05
415475.0,4568585.0,2025-03-05
415485.0,4568585.0,2025-03-05
415495.0,4568585.0,2025-03-05
415505.0,4568585.0,2025-03-05
415515.0,4568585.0,2025-03-05
415525.0,4568585.0,2025-03-05
415535.0,4568585.0,2025-03-05
415545.0,4568585.0,2025-03-05
415555.0,4568585.0,2025-03-05
415565.0,4568585.0,2025-03-05
415575.0,4568585.0,2025-03-05
415585.0,4568585.0,2025-03-05
415595.0,4568585.0,2025-03-05
415605.0,4568585.0,2025-03-05
415615.0,4568585.0,2025-03-05
415625.0,4568585.0,2025-03-05
415635.0,4568585.0,2025-03-05
415645.0,4568585.0,2025-03-05
415655.0,4568585.0,2025-03-05
415665.0,4568585.0,2025-03-05
415675.0,4568585.0,2025-03-05
415685.0,4568585.0,2025-03-05
415695.0,4568585.0,2025-03-05
415705.0,4568585.0,2025-03-05
415715.0,4568585.0,2025-03-05
415725.0,4568585.0,2025-03-05
415735.0,4568585.0,2025-03-05
415745.0,4568585.0,2025-03-05
415755.0,4568585.0,2025-03-05
415765.0,4568585.0,2025-03-05
415775.0,4568585.0,2025-03-05
415785.0,4568585.0,2025-03-05
415795.0,4568585.0,2025-03-05
415805.0,4568585.0,2025-03-05
415815.0,4568585.0,2025-03-05
415825.0,4568585.0,2025-03-05
415835.0,4568585.0,2025-03-05
415845.0,4568585.0,2025-03-05
415855.0,4568585.0,2025-03-05
415865.0,4568585.0,2025-03-05
415875.0,4568585.0,2025-03-05
415885.0,4568585.0,2025-03-05
415895.0,4568585.0,2025-03-05
415905.0,4568585.0,2025-03-05
415915.0,4568585.0,2025-03-05
415925.0,4568585.0,2025-03-05
415935.0,4568585.0,2025-03-05
415945.0,4568585.0,2025-03-05
415955.0,4568585.0,2025-03-05
415965.0,4568585.0,2025-03-05
415975.0,4568585.0,2025-03-05
415985.0,4568585.0,2025-03-05
415995.0,4568585.0,2025-03-05
416005.0,4568585.0,2025-03-05
416015.0,4568585.0,2025-03-05
416025.0,4568585.0,2025-03-05
416035.0,4568585.0,2025-03-05
416045.0,4568585.0,2025-03-05
416055.0,4568585.0,2025-03-05
416065.0,4568585.0,2025-03-05
416075.0,4568585.0,2025-03-05
416085.0,4568585.0,2025-03-05
416095.0,4568585.0,2025-03-05
416105.0,4568585.0,2025-03-05
416115.0,4568585.0,2025-03-05
416125.0,4568585.0,2025-03-05
416135.0,4568585.0,2025-03-05
416145.0,4568585.0,2025-03-05
416155.0,4568585.0,2025-03-05
416165.0,4568585.0,2025-03-05
416175.0,4568585.0,2025-03-05
416185.0,4568585.0,2025-03-05
416195.0,4568585.0,2025-03-05
416205.0,4568585.0,2025-03-05
416215.0,4568585.0,2025-03-05
416225.0,4568585.0,2025-03-05
416235.0,4568585.0,2025-03-05
416245.0,4568585.0,2025-03-05
416255.0,4568585.0,2025-03-05
416265.0,4568585.0,2025-03-05
416275.0,4568585.0,2025-03-05
416285.0,4568585.0,2025-03-05
416295.0,4568585.0,2025-03-05
416305.0,4568585.0,2025-03-05
416315.0,4568585.0,2025-03-05
416325.0,4568585.0,2025-03-05
416335.0,4568585.0,2025-03-05
416345.0,4568585.0,2025-03-05
416355.0,4568585.0,2025-03-05
416365.0,4568585.0,2025-03-05
416375.0,4568585.0,2025-03-05
416385.0,4568585.0,2025-03-05
416395.0,4568585.0,2025-03-05
416405.0,4568585.0,2025-03-05
416415.0,4568585.0,2025-03-05
416425.0,4568585.0,2025-03-05
416435.0,4568585.0,2025-03-05
416445.0,4568585.0,2025-03-05
416455.0,4568585.0,2025-03-05
411745.0,4568575.0,2025-03-05
411755.0,4568575.0,2025-03-05
411765.0,4568575.0,2025-03-05
411775.0,4568575.0,2025-03-05
411785.0,4568575.0,2025-03-05
411795.0,4568575.0,2025-03-05
411805.0,4568575.0,2025-03-05
411815.0,4568575.0,2025-03-05
411825.0,4568575.0,2025-03-05
411835.0,4568575.0,2025-03-05
411845.0,4568575.0,2025-03-05
411855.0,4568575.0,2025-03-05
411865.0,4568575.0,2025-03-05
411875.0,4568575.0,2025-03-05
411885.0,4568575.0,2025-03-05
411895.0,4568575.0,2025-03-05
411905.0,4568575.0,2025-03-05
411915.0,4568575.0,2025-03-05
411925.0,4568575.0,2025-03-05
411935.0,4568575.0,2025-03-05
411945.0,4568575.0,2025-03-05
411955.0,4568575.0,2025-03-05
411965.0,4568575.0,2025-03-05
411975.0,4568575.0,2025-03-05
411985.0,4568575.0,2025-03-05
411995.0,4568575.0,2025-03-05
412005.0,4568575.0,2025-03-05
412015.0,4568575.0,2025-03-05
412025.0,4568575.0,2025-03-05
412035.0,4568575.0,2025-03-05
412045.0,4568575.0,2025-03-05
412055.0,4568575.0,2025-03-05
412065.0,4568575.0,2025-03-05
412075.0,4568575.0,2025-03-05
412085.0,4568575.0,2025-03-05
412095.0,4568575.0,2025-03-05
412105.0,4568575.0,2025-03-05
412115.0,4568575.0,2025-03-05
412125.0,4568575.0,2025-03-05
412135.0,4568575.0,2025-03-05
412145.0,4568575.0,2025-03-05
412155.0,4568575.0,2025-03-05
412165.0,4568575.0,2025-03-05
412175.0,4568575.0,2025-03-05
412185.0,4568575.0,2025-03-05
412195.0,4568575.0,2025-03-05
412205.0,4568575.0,2025-03-05
412215.0,4568575.0,2025-03-05
412225.0,4568575.0,2025-03-05
412235.0,4568575.0,2025-03-05
412245.0,4568575.0,2025-03-05
412255.0,4568575.0,2025-03-05
412265.0,4568575.0,2025-03-05
412275.0,4568575.0,2025-03-05
412285.0,4568575.0,2025-03-05
412295.0,4568575.0,2025-03-05
412305.0,4568575.0,2025-03-05
412315.0,4568575.0,2025-03-05
412325.0,4568575.0,2025-03-05
412335.0,4568575.0,2025-03-05
412345.0,4568575.0,2025-03-05
412355.0,4568575.0,2025-03-05
412365.0,4568575.0,2025-03-05
412375.0,4568575.0,2025-03-05
412385.0,4568575.0,2025-03-05
412395.0,4568575.0,2025-03-05
412405.0,4568575.0,2025-03-05
412415.0,4568575.0,2025-03-05
412425.0,4568575.0,2025-03-05
412435.0,4568575.0,2025-03-05
412445.0,4568575.0,2025-03-05
412455.0,4568575.0,2025-03-05
412465.0,4568575.0,2025-03-05
412475.0,4568575.0,2025-03-05
412485.0,4568575.0,2025-03-05
412495.0,4568575.0,2025-03-05
412505.0,4568575.0,2025-03-05
412515.0,4568575.0,2025-03-05
412525.0,4568575.0,2025-03-05
412535.0,4568575.0,2025-03-05
412545.0,4568575.0,2025-03-05
412555.0,4568575.0,2025-03-05
412565.0,4568575.0,2025-03-05
412575.0,4568575.0,2025-03-05
412585.0,4568575.0,2025-03-05
412595.0,4568575.0,2025-03-05
412605.0,4568575.0,2025-03-05
412615.0,4568575.0,2025-03-05
412625.0,4568575.0,2025-03-05
412635.0,4568575.0,2025-03-05
412645.0,4568575.0,2025-03-05
412655.0,4568575.0,2025-03-05
412665.0,4568575.0,2025-03-05
412675.0,4568575.0,2025-03-05
412685.0,4568575.0,2025-03-05
412695.0,4568575.0,2025-03-05
412705.0,4568575.0,2025-03-05
412715.0,4568575.0,2025-03-05
412725.0,4568575.0,2025-03-05
412735.0,4568575.0,2025-03-05
412745.0,4568575.0,2025-03-05
412755.0,4568575.0,2025-03-05
412765.0,4568575.0,2025-03-05
412775.0,4568575.0,2025-03-05
412785.0,4568575.0,2025-03-05
412795.0,4568575.0,2025-03-05
412805.0,4568575.0,2025-03-05
412815.0,4568575.0,2025-03-05
412825.0,4568575.0,2025-03-05
412835.0,4568575.0,2025-03-05
412845.0,4568575.0,2025-03-05
412855.0,4568575.0,2025-03-05
412865.0,4568575.0,2025-03-05
412875.0,4568575.0,2025-03-05
412885.0,4568575.0,2025-03-05
412895.0,4568575.0,2025-03-05
412905.0,4568575.0,2025-03-05
412915.0,4568575.0,2025-03-05
412925.0,4568575.0,2025-03-05
412935.0,4568575.0,2025-03-05
412945.0,4568575.0,2025-03-05
412955.0,4568575.0,2025-03-05
412965.0,4568575.0,2025-03-05
412975.0,4568575.0,2025-03-05
412985.0,4568575.0,2025-03-05
412995.0,4568575.0,2025-03-05
413005.0,4568575.0,2025-03-05
413015.0,4568575.0,2025-03-05
413025.0,4568575.0,2025-03-05
413035.0,4568575.0,2025-03-05
413045.0,4568575.0,2025-03-05
413055.0,4568575.0,2025-03-05
413065.0,4568575.0,2025-03-05
413075.0,4568575.0,2025-03-05
413085.0,4568575.0,2025-03-05
413095.0,4568575.0,2025-03-05
413105.0,4568575.0,2025-03-05
413115.0,4568575.0,2025-03-05
413125.0,4568575.0,2025-03-05
413135.0,4568575.0,2025-03-05
413145.0,4568575.0,2025-03-05
413155.0,4568575.0,2025-03-05
413165.0,4568575.0,2025-03-05
413175.0,4568575.0,2025-03-05
413185.0,4568575.0,2025-03-05
413195.0,4568575.0,2025-03-05
413205.0,4568575.0,2025-03-05
413215.0,4568575.0,2025-03-05
413225.0,4568575.0,2025-03-05
413235.0,4568575.0,2025-03-05
413245.0,4568575.0,2025-03-05
413255.0,4568575.0,2025-03-05
413265.0,4568575.0,2025-03-05
413275.0,4568575.0,2025-03-05
413285.0,4568575.0,2025-03-05
413295.0,4568575.0,2025-03-05
413305.0,4568575.0,2025-03-05
413315.0,4568575.0,2025-03-05
413325.0,4568575.0,2025-03-05
413335.0,4568575.0,2025-03-05
413345.0,4568575.0,2025-03-05
413355.0,4568575.0,2025-03-05
413365.0,4568575.0,2025-03-05
413375.0,4568575.0,2025-03-05
413385.0,4568575.0,2025-03-05
413395.0,4568575.0,2025-03-05
413405.0,4568575.0,2025-03-05
413415.0,4568575.0,2025-03-05
413425.0,4568575.0,2025-03-05
413435.0,4568575.0,2025-03-05
413445.0,4568575.0,2025-03-05
413455.0,4568575.0,2025-03-05
413465.0,4568575.0,2025-03-05
413475.0,4568575.0,2025-03-05
413485.0,4568575.0,2025-03-05
413495.0,4568575.0,2025-03-05
413505.0,4568575.0,2025-03-05
413515.0,4568575.0,2025-03-05
413525.0,4568575.0,2025-03-05
413535.0,4568575.0,2025-03-05
413545.0,4568575.0,2025-03-05
413555.0,4568575.0,2025-03-05
413565.0,4568575.0,2025-03-05
413575.0,4568575.0,2025-03-05
413585.0,4568575.0,2025-03-05
413595.0,4568575.0,2025-03-05
413605.0,4568575.0,2025-03-05
413615.0,4568575.0,2025-03-05
413625.0,4568575.0,2025-03-05
413635.0,4568575.0,2025-03-05
413645.0,4568575.0,2025-03-05
413655.0,4568575.0,2025-03-05
413665.0,4568575.0,2025-03-05
413675.0,4568575.0,2025-03-05
413685.0,4568575.0,2025-03-05
413695.0,4568575.0,2025-03-05
413705.0,4568575.0,2025-03-05
413715.0,4568575.0,2025-03-05
413725.0,4568575.0,2025-03-05
413735.0,4568575.0,2025-03-05
413745.0,4568575.0,2025-03-05
413755.0,4568575.0,2025-03-05
413765.0,4568575.0,2025-03-05
413775.0,4568575.0,2025-03-05
413785.0,4568575.0,2025-03-05
413795.0,4568575.0,2025-03-05
413805.0,4568575.0,2025-03-05
413815.0,4568575.0,2025-03-05
413825.0,4568575.0,2025-03-05
413835.0,4568575.0,2025-03-05
413845.0,4568575.0,2025-03-05
413855.0,4568575.0,2025-03-05
413865.0,4568575.0,2025-03-05
413875.0,4568575.0,2025-03-05
413885.0,4568575.0,2025-03-05
413895.0,4568575.0,2025-03-05
413905.0,4568575.0,2025-03-05
413915.0,4568575.0,2025-03-05
413925.0,4568575.0,2025-03-05
413935.0,4568575.0,2025-03-05
413945.0,4568575.0,2025-03-05
413955.0,4568575.0,2025-03-05
413965.0,4568575.0,2025-03-05
413975.0,4568575.0,2025-03-05
413985.0,4568575.0,2025-03-05
413995.0,4568575.0,2025-03-05
414005.0,4568575.0,2025-03-05
414015.0,4568575.0,2025-03-05
414025.0,4568575.0,2025-03-05
414035.0,4568575.0,2025-03-05
414045.0,4568575.0,2025-03-05
414055.0,4568575.0,2025-03-05
414065.0,4568575.0,2025-03-05
414075.0,4568575.0,2025-03-05
414085.0,4568575.0,2025-03-05
414095.0,4568575.0,2025-03-05
414105.0,4568575.0,2025-03-05
414115.0,4568575.0,2025-03-05
414125.0,4568575.0,2025-03-05
414135.0,4568575.0,2025-03-05
414145.0,4568575.0,2025-03-05
414155.0,4568575.0,2025-03-05
414165.0,4568575.0,2025-03-05
414175.0,4568575.0,2025-03-05
414185.0,4568575.0,2025-03-05
414195.0,4568575.0,2025-03-05
414205.0,4568575.0,2025-03-05
414215.0,4568575.0,2025-03-05
414225.0,4568575.0,2025-03-05
414235.0,4568575.0,2025-03-05
414245.0,4568575.0,2025-03-05
414255.0,4568575.0,2025-03-05
414265.0,4568575.0,2025-03-05
414275.0,4568575.0,2025-03-05
414285.0,4568575.0,2025-03-05
414295.0,4568575.0,2025-03-05
414305.0,4568575.0,2025-03-05
414315.0,4568575.0,2025-03-05
414325.0,4568575.0,2025-03-05
414335.0,4568575.0,2025-03-05
414345.0,4568575.0,2025-03-05
414355.0,4568575.0,2025-03-05
414365.0,4568575.0,2025-03-05
414375.0,4568575.0,2025-03-05
414385.0,4568575.0,2025-03-05
414395.0,4568575.0,2025-03-05
414405.0,4568575.0,2025-03-05
414415.0,4568575.0,2025-03-05
414425.0,4568575.0,2025-03-05
414435.0,4568575.0,2025-03-05
414445.0,4568575.0,2025-03-05
414455.0,4568575.0,2025-03-05
414465.0,4568575.0,2025-03-05
414475.0,4568575.0,2025-03-05
414485.0,4568575.0,2025-03-05
414495.0,4568575.0,2025-03-05
414505.0,4568575.0,2025-03-05
414515.0,4568575.0,2025-03-05
414525.0,4568575.0,2025-03-05
414535.0,4568575.0,2025-03-05
414545.0,4568575.0,2025-03-05
414555.0,4568575.0,2025-03-05
414565.0,4568575.0,2025-03-05
414575.0,4568575.0,2025-03-05
414585.0,4568575.0,2025-03-05
414595.0,4568575.0,2025-03-05
414605.0,4568575.0,2025-03-05
414615.0,4568575.0,2025-03-05
414625.0,4568575.0,2025-03-05
414635.0,4568575.0,2025-03-05
414645.0,4568575.0,2025-03-05
414655.0,4568575.0,2025-03-05
414665.0,4568575.0,2025-03-05
414675.0,4568575.0,2025-03-05
414685.0,4568575.0,2025-03-05
414695.0,4568575.0,2025-03-05
414705.0,4568575.0,2025-03-05
414715.0,4568575.0,2025-03-05
414725.0,4568575.0,2025-03-05
414735.0,4568575.0,2025-03-05
414745.0,4568575.0,2025-03-05
414755.0,4568575.0,2025-03-05
414765.0,4568575.0,2025-03-05
414775.0,4568575.0,2025-03-05
414785.0,4568575.0,2025-03-05
414795.0,4568575.0,2025-03-05
414805.0,4568575.0,2025-03-05
414815.0,4568575.0,2025-03-05
414825.0,4568575.0,2025-03-05
414835.0,4568575.0,2025-03-05
414845.0,4568575.0,2025-03-05
414855.0,4568575.0,2025-03-05
414865.0,4568575.0,2025-03-05
414875.0,4568575.0,2025-03-05
414885.0,4568575.0,2025-03-05
414895.0,4568575.0,2025-03-05
414905.0,4568575.0,2025-03-05
414915.0,4568575.0,2025-03-05
414925.0,4568575.0,2025-03-05
414935.0,4568575.0,2025-03-05
414945.0,4568575.0,2025-03-05
414955.0,4568575.0,2025-03-05
414965.0,4568575.0,2025-03-05
414975.0,4568575.0,2025-03-05
414985.0,4568575.0,2025-03-05
414995.0,4568575.0,2025-03-05
415005.0,4568575.0,2025-03-05
415015.0,4568575.0,2025-03-05
415025.0,4568575.0,2025-03-05
415035.0,4568575.0,2025-03-05
415045.0,4568575.0,2025-03-05
415055.0,4568575.0,2025-03-05
415065.0,4568575.0,2025-03-05
415075.0,4568575.0,2025-03-05
415085.0,4568575.0,2025-03-05
415095.0,4568575.0,2025-03-05
415105.0,4568575.0,2025-03-05
415115.0,4568575.0,2025-03-05
415125.0,4568575.0,2025-03-05
415135.0,4568575.0,2025-03-05
415145.0,4568575.0,2025-03-05
415155.0,4568575.0,2025-03-05
415165.0,4568575.0,2025-03-05
415175.0,4568575.0,2025-03-05
415185.0,4568575.0,2025-03-05
415195.0,4568575.0,2025-03-05
415205.0,4568575.0,2025-03-05
415215.0,4568575.0,2025-03-05
415225.0,4568575.0,2025-03-05
415235.0,4568575.0,2025-03-05
415245.0,4568575.0,2025-03-05
415255.0,4568575.0,2025-03-05
415265.0,4568575.0,2025-03-05
415275.0,4568575.0,2025-03-05
415285.0,4568575.0,2025-03-05
415295.0,4568575.0,2025-03-05
415305.0,4568575.0,2025-03-05
415315.0,4568575.0,2025-03-05
415325.0,4568575.0,2025-03-05
415335.0,4568575.0,2025-03-05
415345.0,4568575.0,2025-03-05
415355.0,4568575.0,2025-03-05
415365.0,4568575.0,2025-03-05
415375.0,4568575.0,2025-03-05
415385.0,4568575.0,2025-03-05
415395.0,4568575.0,2025-03-05
415405.0,4568575.0,2025-03-05
415415.0,4568575.0,2025-03-05
415425.0,4568575.0,2025-03-05
415435.0,4568575.0,2025-03-05
415445.0,4568575.0,2025-03-05
415455.0,4568575.0,2025-03-05
415465.0,4568575.0,2025-03-05
415475.0,4568575.0,2025-03-05
415485.0,4568575.0,2025-03-05
415495.0,4568575.0,2025-03-05
415505.0,4568575.0,2025-03-05
415515.0,4568575.0,2025-03-05
415525.0,4568575.0,2025-03-05
415535.0,4568575.0,2025-03-05
415545.0,4568575.0,2025-03-05
415555.0,4568575.0,2025-03-05
415565.0,4568575.0,2025-03-05
415575.0,4568575.0,2025-03-05
415585.0,4568575.0,2025-03-05
415595.0,4568575.0,2025-03-05
415605.0,4568575.0,2025-03-05
415615.0,4568575.0,2025-03-05
415625.0,4568575.0,2025-03-05
415635.0,4568575.0,2025-03-05
415645.0,4568575.0,2025-03-05
415655.0,4568575.0,2025-03-05
415665.0,4568575.0,2025-03-05
415675.0,4568575.0,2025-03-05
415685.0,4568575.0,2025-03-05
415695.0,4568575.0,2025-03-05
415705.0,4568575.0,2025-03-05
415715.0,4568575.0,2025-03-05
415725.0,4568575.0,2025-03-05
415735.0,4568575.0,2025-03-05
415745.0,4568575.0,2025-03-05
415755.0,4568575.0,2025-03-05
415765.0,4568575.0,2025-03-05
415775.0,4568575.0,2025-03-05
415785.0,4568575.0,2025-03-05
415795.0,4568575.0,2025-03-05
415805.0,4568575.0,2025-03-05
415815.0,4568575.0,2025-03-05
415825.0,4568575.0,2025-03-05
415835.0,4568575.0,2025-03-05
415845.0,4568575.0,2025-03-05
415855.0,4568575.0,2025-03-05
415865.0,4568575.0,2025-03-05
415875.0,4568575.0,2025-03-05
415885.0,4568575.0,2025-03-05
415895.0,4568575.0,2025-03-05
415905.0,4568575.0,2025-03-05
415915.0,4568575.0,2025-03-05
415925.0,4568575.0,2025-03-05
415935.0,4568575.0,2025-03-05
415945.0,4568575.0,2025-03-05
415955.0,4568575.0,2025-03-05
415965.0,4568575.0,2025-03-05
415975.0,4568575.0,2025-03-05
415985.0,4568575.0,2025-03-05
415995.0,4568575.0,2025-03-05
416005.0,4568575.0,2025-03-05
416015.0,4568575.0,2025-03-05
416025.0,4568575.0,2025-03-05
416035.0,4568575.0,2025-03-05
416045.0,4568575.0,2025-03-05
416055.0,4568575.0,2025-03-05
416065.0,4568575.0,2025-03-05
416075.0,4568575.0,2025-03-05
416085.0,4568575.0,2025-03-05
416095.0,4568575.0,2025-03-05
416105.0,4568575.0,2025-03-05
416115.0,4568575.0,2025-03-05
416125.0,4568575.0,2025-03-05
416135.0,4568575.0,2025-03-05
416145.0,4568575.0,2025-03-05
416155.0,4568575.0,2025-03-05
416165.0,4568575.0,2025-03-05
416175.0,4568575.0,2025-03-05
416185.0,4568575.0,2025-03-05
416195.0,4568575.0,2025-03-05
416205.0,4568575.0,2025-03-05
416215.0,4568575.0,2025-03-05
416225.0,4568575.0,2025-03-05
416235.0,4568575.0,2025-03-05
416245.0,4568575.0,2025-03-05
416255.0,4568575.0,2025-03-05
416265.0,4568575.0,2025-03-05
416275.0,4568575.0,2025-03-05
416285.0,4568575.0,2025-03-05
416295.0,4568575.0,2025-03-05
416305.0,4568575.0,2025-03-05
416315.0,4568575.0,2025-03-05
416325.0,4568575.0,2025-03-05
416335.0,4568575.0,2025-03-05
416345.0,4568575.0,2025-03-05
416355.0,4568575.0,2025-03-05
416365.0,4568575.0,2025-03-05
416375.0,4568575.0,2025-03-05
416385.0,4568575.0,2025-03-05
416395.0,4568575.0,2025-03-05
416405.0,4568575.0,2025-03-05
416415.0,4568575.0,2025-03-05
416425.0,4568575.0,2025-03-05
416435.0,4568575.0,2025-03-05
416445.0,4568575.0,2025-03-05
416455.0,4568575.0,2025-03-05
411745.0,4568565.0,2025-03-05
411755.0,4568565.0,2025-03-05
411765.0,4568565.0,2025-03-05
411775.0,4568565.0,2025-03-05
411785.0,4568565.0,2025-03-05
411795.0,4568565.0,2025-03-05
411805.0,4568565.0,2025-03-05
411815.0,4568565.0,2025-03-05
411825.0,4568565.0,2025-03-05
411835.0,4568565.0,2025-03-05
411845.0,4568565.0,2025-03-05
411855.0,4568565.0,2025-03-05
411865.0,4568565.0,2025-03-05
411875.0,4568565.0,2025-03-05
411885.0,4568565.0,2025-03-05
411895.0,4568565.0,2025-03-05
411905.0,4568565.0,2025-03-05
411915.0,4568565.0,2025-03-05
411925.0,4568565.0,2025-03-05
411935.0,4568565.0,2025-03-05
411945.0,4568565.0,2025-03-05
411955.0,4568565.0,2025-03-05
411965.0,4568565.0,2025-03-05
411975.0,4568565.0,2025-03-05
411985.0,4568565.0,2025-03-05
411995.0,4568565.0,2025-03-05
412005.0,4568565.0,2025-03-05
412015.0,4568565.0,2025-03-05
412025.0,4568565.0,2025-03-05
412035.0,4568565.0,2025-03-05
412045.0,4568565.0,2025-03-05
412055.0,4568565.0,2025-03-05
412065.0,4568565.0,2025-03-05
412075.0,4568565.0,2025-03-05
412085.0,4568565.0,2025-03-05
412095.0,4568565.0,2025-03-05
412105.0,4568565.0,2025-03-05
412115.0,4568565.0,2025-03-05
412125.0,4568565.0,2025-03-05
412135.0,4568565.0,2025-03-05
412145.0,4568565.0,2025-03-05
412155.0,4568565.0,2025-03-05
412165.0,4568565.0,2025-03-05
412175.0,4568565.0,2025-03-05
412185.0,4568565.0,2025-03-05
412195.0,4568565.0,2025-03-05
412205.0,4568565.0,2025-03-05
412215.0,4568565.0,2025-03-05
412225.0,4568565.0,2025-03-05
412235.0,4568565.0,2025-03-05
412245.0,4568565.0,2025-03-05
412255.0,4568565.0,2025-03-05
412265.0,4568565.0,2025-03-05
412275.0,4568565.0,2025-03-05
412285.0,4568565.0,2025-03-05
412295.0,4568565.0,2025-03-05
412305.0,4568565.0,2025-03-05
412315.0,4568565.0,2025-03-05
412325.0,4568565.0,2025-03-05
412335.0,4568565.0,2025-03-05
412345.0,4568565.0,2025-03-05
412355.0,4568565.0,2025-03-05
412365.0,4568565.0,2025-03-05
412375.0,4568565.0,2025-03-05
412385.0,4568565.0,2025-03-05
412395.0,4568565.0,2025-03-05
412405.0,4568565.0,2025-03-05
412415.0,4568565.0,2025-03-05
412425.0,4568565.0,2025-03-05
412435.0,4568565.0,2025-03-05
412445.0,4568565.0,2025-03-05
412455.0,4568565.0,2025-03-05
412465.0,4568565.0,2025-03-05
412475.0,4568565.0,2025-03-05
412485.0,4568565.0,2025-03-05
412495.0,4568565.0,2025-03-05
412505.0,4568565.0,2025-03-05
412515.0,4568565.0,2025-03-05
412525.0,4568565.0,2025-03-05
412535.0,4568565.0,2025-03-05
412545.0,4568565.0,2025-03-05
412555.0,4568565.0,2025-03-05
412565.0,4568565.0,2025-03-05
412575.0,4568565.0,2025-03-05
412585.0,4568565.0,2025-03-05
412595.0,4568565.0,2025-03-05
412605.0,4568565.0,2025-03-05
412615.0,4568565.0,2025-03-05
412625.0,4568565.0,2025-03-05
412635.0,4568565.0,2025-03-05
412645.0,4568565.0,2025-03-05
412655.0,4568565.0,2025-03-05
412665.0,4568565.0,2025-03-05
412675.0,4568565.0,2025-03-05
412685.0,4568565.0,2025-03-05
412695.0,4568565.0,2025-03-05
412705.0,4568565.0,2025-03-05
412715.0,4568565.0,2025-03-05
412725.0,4568565.0,2025-03-05
412735.0,4568565.0,2025-03-05
412745.0,4568565.0,2025-03-05
412755.0,4568565.0,2025-03-05
412765.0,4568565.0,2025-03-05
412775.0,4568565.0,2025-03-05
412785.0,4568565.0,2025-03-05
412795.0,4568565.0,2025-03-05
412805.0,4568565.0,2025-03-05
412815.0,4568565.0,2025-03-05
412825.0,4568565.0,2025-03-05
412835.0,4568565.0,2025-03-05
412845.0,4568565.0,2025-03-05
412855.0,4568565.0,2025-03-05
412865.0,4568565.0,2025-03-05
412875.0,4568565.0,2025-03-05
412885.0,4568565.0,2025-03-05
412895.0,4568565.0,2025-03-05
412905.0,4568565.0,2025-03-05
412915.0,4568565.0,2025-03-05
412925.0,4568565.0,2025-03-05
412935.0,4568565.0,2025-03-05
412945.0,4568565.0,2025-03-05
412955.0,4568565.0,2025-03-05
412965.0,4568565.0,2025-03-05
412975.0,4568565.0,2025-03-05
412985.0,4568565.0,2025-03-05
412995.0,4568565.0,2025-03-05
413005.0,4568565.0,2025-03-05
413015.0,4568565.0,2025-03-05
413025.0,4568565.0,2025-03-05
413035.0,4568565.0,2025-03-05
413045.0,4568565.0,2025-03-05
413055.0,4568565.0,2025-03-05
413065.0,4568565.0,2025-03-05
413075.0,4568565.0,2025-03-05
413085.0,4568565.0,2025-03-05
413095.0,4568565.0,2025-03-05
413105.0,4568565.0,2025-03-05
413115.0,4568565.0,2025-03-05
413125.0,4568565.0,2025-03-05
413135.0,4568565.0,2025-03-05
413145.0,4568565.0,2025-03-05
413155.0,4568565.0,2025-03-05
413165.0,4568565.0,2025-03-05
413175.0,4568565.0,2025-03-05
413185.0,4568565.0,2025-03-05
413195.0,4568565.0,2025-03-05
413205.0,4568565.0,2025-03-05
413215.0,4568565.0,2025-03-05
413225.0,4568565.0,2025-03-05
413235.0,4568565.0,2025-03-05
413245.0,4568565.0,2025-03-05
413255.0,4568565.0,2025-03-05
413265.0,4568565.0,2025-03-05
413275.0,4568565.0,2025-03-05
413285.0,4568565.0,2025-03-05
413295.0,4568565.0,2025-03-05
413305.0,4568565.0,2025-03-05
413315.0,4568565.0,2025-03-05
413325.0,4568565.0,2025-03-05
413335.0,4568565.0,2025-03-05
413345.0,4568565.0,2025-03-05
413355.0,4568565.0,2025-03-05
413365.0,4568565.0,2025-03-05
413375.0,4568565.0,2025-03-05
413385.0,4568565.0,2025-03-05
413395.0,4568565.0,2025-03-05
413405.0,4568565.0,2025-03-05
413415.0,4568565.0,2025-03-05
413425.0,4568565.0,2025-03-05
413435.0,4568565.0,2025-03-05
413445.0,4568565.0,2025-03-05
413455.0,4568565.0,2025-03-05
413465.0,4568565.0,2025-03-05
413475.0,4568565.0,2025-03-05
413485.0,4568565.0,2025-03-05
413495.0,4568565.0,2025-03-05
413505.0,4568565.0,2025-03-05
413515.0,4568565.0,2025-03-05
413525.0,4568565.0,2025-03-05
413535.0,4568565.0,2025-03-05
413545.0,4568565.0,2025-03-05
413555.0,4568565.0,2025-03-05
413565.0,4568565.0,2025-03-05
413575.0,4568565.0,2025-03-05
413585.0,4568565.0,2025-03-05
413595.0,4568565.0,2025-03-05
413605.0,4568565.0,2025-03-05
413615.0,4568565.0,2025-03-05
413625.0,4568565.0,2025-03-05
413635.0,4568565.0,2025-03-05
413645.0,4568565.0,2025-03-05
413655.0,4568565.0,2025-03-05
413665.0,4568565.0,2025-03-05
413675.0,4568565.0,2025-03-05
413685.0,4568565.0,2025-03-05
413695.0,4568565.0,2025-03-05
413705.0,4568565.0,2025-03-05
413715.0,4568565.0,2025-03-05
413725.0,4568565.0,2025-03-05
413735.0,4568565.0,2025-03-05
413745.0,4568565.0,2025-03-05
413755.0,4568565.0,2025-03-05
413765.0,4568565.0,2025-03-05
413775.0,4568565.0,2025-03-05
413785.0,4568565.0,2025-03-05
413795.0,4568565.0,2025-03-05
413805.0,4568565.0,2025-03-05
413815.0,4568565.0,2025-03-05
413825.0,4568565.0,2025-03-05
413835.0,4568565.0,2025-03-05
413845.0,4568565.0,2025-03-05
413855.0,4568565.0,2025-03-05
413865.0,4568565.0,2025-03-05
413875.0,4568565.0,2025-03-05
413885.0,4568565.0,2025-03-05
413895.0,4568565.0,2025-03-05
413905.0,4568565.0,2025-03-05
413915.0,4568565.0,2025-03-05
413925.0,4568565.0,2025-03-05
413935.0,4568565.0,2025-03-05
413945.0,4568565.0,2025-03-05
413955.0,4568565.0,2025-03-05
413965.0,4568565.0,2025-03-05
413975.0,4568565.0,2025-03-05
413985.0,4568565.0,2025-03-05
413995.0,4568565.0,2025-03-05
414005.0,4568565.0,2025-03-05
414015.0,4568565.0,2025-03-05
414025.0,4568565.0,2025-03-05
414035.0,4568565.0,2025-03-05
414045.0,4568565.0,2025-03-05
414055.0,4568565.0,2025-03-05
414065.0,4568565.0,2025-03-05
414075.0,4568565.0,2025-03-05
414085.0,4568565.0,2025-03-05
414095.0,4568565.0,2025-03-05
414105.0,4568565.0,2025-03-05
414115.0,4568565.0,2025-03-05
414125.0,4568565.0,2025-03-05
414135.0,4568565.0,2025-03-05
414145.0,4568565.0,2025-03-05
414155.0,4568565.0,2025-03-05
414165.0,4568565.0,2025-03-05
414175.0,4568565.0,2025-03-05
414185.0,4568565.0,2025-03-05
414195.0,4568565.0,2025-03-05
414205.0,4568565.0,2025-03-05
414215.0,4568565.0,2025-03-05
414225.0,4568565.0,2025-03-05
414235.0,4568565.0,2025-03-05
414245.0,4568565.0,2025-03-05
414255.0,4568565.0,2025-03-05
414265.0,4568565.0,2025-03-05
414275.0,4568565.0,2025-03-05
414285.0,4568565.0,2025-03-05
414295.0,4568565.0,2025-03-05
414305.0,4568565.0,2025-03-05
414315.0,4568565.0,2025-03-05
414325.0,4568565.0,2025-03-05
414335.0,4568565.0,2025-03-05
414345.0,4568565.0,2025-03-05
414355.0,4568565.0,2025-03-05
414365.0,4568565.0,2025-03-05
414375.0,4568565.0,2025-03-05
414385.0,4568565.0,2025-03-05
414395.0,4568565.0,2025-03-05
414405.0,4568565.0,2025-03-05
414415.0,4568565.0,2025-03-05
414425.0,4568565.0,2025-03-05
414435.0,4568565.0,2025-03-05
414445.0,4568565.0,2025-03-05
414455.0,4568565.0,2025-03-05
414465.0,4568565.0,2025-03-05
414475.0,4568565.0,2025-03-05
414485.0,4568565.0,2025-03-05
414495.0,4568565.0,2025-03-05
414505.0,4568565.0,2025-03-05
414515.0,4568565.0,2025-03-05
414525.0,4568565.0,2025-03-05
414535.0,4568565.0,2025-03-05
414545.0,4568565.0,2025-03-05
414555.0,4568565.0,2025-03-05
414565.0,4568565.0,2025-03-05
414575.0,4568565.0,2025-03-05
414585.0,4568565.0,2025-03-05
414595.0,4568565.0,2025-03-05
414605.0,4568565.0,2025-03-05
414615.0,4568565.0,2025-03-05
414625.0,4568565.0,2025-03-05
414635.0,4568565.0,2025-03-05
414645.0,4568565.0,2025-03-05
414655.0,4568565.0,2025-03-05
414665.0,4568565.0,2025-03-05
414675.0,4568565.0,2025-03-05
414685.0,4568565.0,2025-03-05
414695.0,4568565.0,2025-03-05
414705.0,4568565.0,2025-03-05
414715.0,4568565.0,2025-03-05
414725.0,4568565.0,2025-03-05
414735.0,4568565.0,2025-03-05
414745.0,4568565.0,2025-03-05
414755.0,4568565.0,2025-03-05
414765.0,4568565.0,2025-03-05
414775.0,4568565.0,2025-03-05
414785.0,4568565.0,2025-03-05
414795.0,4568565.0,2025-03-05
414805.0,4568565.0,2025-03-05
414815.0,4568565.0,2025-03-05
414825.0,4568565.0,2025-03-05
414835.0,4568565.0,2025-03-05
414845.0,4568565.0,2025-03-05
414855.0,4568565.0,2025-03-05
414865.0,4568565.0,2025-03-05
414875.0,4568565.0,2025-03-05
414885.0,4568565.0,2025-03-05
414895.0,4568565.0,2025-03-05
414905.0,4568565.0,2025-03-05
414915.0,4568565.0,2025-03-05
414925.0,4568565.0,2025-03-05
414935.0,4568565.0,2025-03-05
414945.0,4568565.0,2025-03-05
414955.0,4568565.0,2025-03-05
414965.0,4568565.0,2025-03-05
414975.0,4568565.0,2025-03-05
414985.0,4568565.0,2025-03-05
414995.0,4568565.0,2025-03-05
415005.0,4568565.0,2025-03-05
415015.0,4568565.0,2025-03-05
415025.0,4568565.0,2025-03-05
415035.0,4568565.0,2025-03-05
415045.0,4568565.0,2025-03-05
415055.0,4568565.0,2025-03-05
415065.0,4568565.0,2025-03-05
415075.0,4568565.0,2025-03-05
415085.0,4568565.0,2025-03-05
415095.0,4568565.0,2025-03-05
415105.0,4568565.0,2025-03-05
415115.0,4568565.0,2025-03-05
415125.0,4568565.0,2025-03-05
415135.0,4568565.0,2025-03-05
415145.0,4568565.0,2025-03-05
415155.0,4568565.0,2025-03-05
415165.0,4568565.0,2025-03-05
415175.0,4568565.0,2025-03-05
415185.0,4568565.0,2025-03-05
415195.0,4568565.0,2025-03-05
415205.0,4568565.0,2025-03-05
415215.0,4568565.0,2025-03-05
415225.0,4568565.0,2025-03-05
415235.0,4568565.0,2025-03-05
415245.0,4568565.0,2025-03-05
415255.0,4568565.0,2025-03-05
415265.0,4568565.0,2025-03-05
415275.0,4568565.0,2025-03-05
415285.0,4568565.0,2025-03-05
415295.0,4568565.0,2025-03-05
415305.0,4568565.0,2025-03-05
415315.0,4568565.0,2025-03-05
415325.0,4568565.0,2025-03-05
415335.0,4568565.0,2025-03-05
415345.0,4568565.0,2025-03-05
415355.0,4568565.0,2025-03-05
415365.0,4568565.0,2025-03-05
415375.0,4568565.0,2025-03-05
415385.0,4568565.0,2025-03-05
415395.0,4568565.0,2025-03-05
415405.0,4568565.0,2025-03-05
415415.0,4568565.0,2025-03-05
415425.0,4568565.0,2025-03-05
415435.0,4568565.0,2025-03-05
415445.0,4568565.0,2025-03-05
415455.0,4568565.0,2025-03-05
415465.0,4568565.0,2025-03-05
415475.0,4568565.0,2025-03-05
415485.0,4568565.0,2025-03-05
415495.0,4568565.0,2025-03-05
415505.0,4568565.0,2025-03-05
415515.0,4568565.0,2025-03-05
415525.0,4568565.0,2025-03-05
415535.0,4568565.0,2025-03-05
415545.0,4568565.0,2025-03-05
415555.0,4568565.0,2025-03-05
415565.0,4568565.0,2025-03-05
415575.0,4568565.0,2025-03-05
415585.0,4568565.0,2025-03-05
415595.0,4568565.0,2025-03-05
415605.0,4568565.0,2025-03-05
415615.0,4568565.0,2025-03-05
415625.0,4568565.0,2025-03-05
415635.0,4568565.0,2025-03-05
415645.0,4568565.0,2025-03-05
415655.0,4568565.0,2025-03-05
415665.0,4568565.0,2025-03-05
415675.0,4568565.0,2025-03-05
415685.0,4568565.0,2025-03-05
415695.0,4568565.0,2025-03-05
415705.0,4568565.0,2025-03-05
415715.0,4568565.0,2025-03-05
415725.0,4568565.0,2025-03-05
415735.0,4568565.0,2025-03-05
415745.0,4568565.0,2025-03-05
415755.0,4568565.0,2025-03-05
415765.0,4568565.0,2025-03-05
415775.0,4568565.0,2025-03-05
415785.0,4568565.0,2025-03-05
415795.0,4568565.0,2025-03-05
415805.0,4568565.0,2025-03-05
415815.0,4568565.0,2025-03-05
415825.0,4568565.0,2025-03-05
415835.0,4568565.0,2025-03-05
415845.0,4568565.0,2025-03-05
415855.0,4568565.0,2025-03-05
415865.0,4568565.0,2025-03-05
415875.0,4568565.0,2025-03-05
415885.0,4568565.0,2025-03-05
415895.0,4568565.0,2025-03-05
415905.0,4568565.0,2025-03-05
415915.0,4568565.0,2025-03-05
415925.0,4568565.0,2025-03-05
415935.0,4568565.0,2025-03-05
415945.0,4568565.0,2025-03-05
415955.0,4568565.0,2025-03-05
415965.0,4568565.0,2025-03-05
415975.0,4568565.0,2025-03-05
415985.0,4568565.0,2025-03-05
415995.0,4568565.0,2025-03-05
416005.0,4568565.0,2025-03-05
416015.0,4568565.0,2025-03-05
416025.0,4568565.0,2025-03-05
416035.0,4568565.0,2025-03-05
416045.0,4568565.0,2025-03-05
416055.0,4568565.0,2025-03-05
416065.0,4568565.0,2025-03-05
416075.0,4568565.0,2025-03-05
416085.0,4568565.0,2025-03-05
416095.0,4568565.0,2025-03-05
416105.0,4568565.0,2025-03-05
416115.0,4568565.0,2025-03-05
416125.0,4568565.0,2025-03-05
416135.0,4568565.0,2025-03-05
416145.0,4568565.0,2025-03-05
416155.0,4568565.0,2025-03-05
416165.0,4568565.0,2025-03-05
416175.0,4568565.0,2025-03-05
416185.0,4568565.0,2025-03-05
416195.0,4568565.0,2025-03-05
416205.0,4568565.0,2025-03-05
416215.0,4568565.0,2025-03-05
416225.0,4568565.0,2025-03-05
416235.0,4568565.0,2025-03-05
416245.0,4568565.0,2025-03-05
416255.0,4568565.0,2025-03-05
416265.0,4568565.0,2025-03-05
416275.0,4568565.0,2025-03-05
416285.0,4568565.0,2025-03-05
416295.0,4568565.0,2025-03-05
416305.0,4568565.0,2025-03-05
416315.0,4568565.0,2025-03-05
416325.0,4568565.0,2025-03-05
416335.0,4568565.0,2025-03-05
416345.0,4568565.0,2025-03-05
416355.0,4568565.0,2025-03-05
416365.0,4568565.0,2025-03-05
416375.0,4568565.0,2025-03-05
416385.0,4568565.0,2025-03-05
416395.0,4568565.0,2025-03-05
416405.0,4568565.0,2025-03-05
416415.0,4568565.0,2025-03-05
416425.0,4568565.0,2025-03-05
416435.0,4568565.0,2025-03-05
416445.0,4568565.0,2025-03-05
416455.0,4568565.0,2025-03-05
411745.0,4568555.0,2025-03-05
411755.0,4568555.0,2025-03-05
411765.0,4568555.0,2025-03-05
411775.0,4568555.0,2025-03-05
411785.0,4568555.0,2025-03-05
411795.0,4568555.0,2025-03-05
411805.0,4568555.0,2025-03-05
411815.0,4568555.0,2025-03-05
411825.0,4568555.0,2025-03-05
411835.0,4568555.0,2025-03-05
411845.0,4568555.0,2025-03-05
411855.0,4568555.0,2025-03-05
411865.0,4568555.0,2025-03-05
411875.0,4568555.0,2025-03-05
411885.0,4568555.0,2025-03-05
411895.0,4568555.0,2025-03-05
411905.0,4568555.0,2025-03-05
411915.0,4568555.0,2025-03-05
411935.0,4568555.0,2025-03-05
411945.0,4568555.0,2025-03-05
411955.0,4568555.0,2025-03-05
411965.0,4568555.0,2025-03-05
411975.0,4568555.0,2025-03-05
411985.0,4568555.0,2025-03-05
411995.0,4568555.0,2025-03-05
412005.0,4568555.0,2025-03-05
412015.0,4568555.0,2025-03-05
412025.0,4568555.0,2025-03-05
412035.0,4568555.0,2025-03-05
412045.0,4568555.0,2025-03-05
412055.0,4568555.0,2025-03-05
412065.0,4568555.0,2025-03-05
412075.0,4568555.0,2025-03-05
412085.0,4568555.0,2025-03-05
412095.0,4568555.0,2025-03-05
412105.0,4568555.0,2025-03-05
412115.0,4568555.0,2025-03-05
412125.0,4568555.0,2025-03-05
412135.0,4568555.0,2025-03-05
412145.0,4568555.0,2025-03-05
412155.0,4568555.0,2025-03-05
412165.0,4568555.0,2025-03-05
412175.0,4568555.0,2025-03-05
412185.0,4568555.0,2025-03-05
412195.0,4568555.0,2025-03-05
412205.0,4568555.0,2025-03-05
412215.0,4568555.0,2025-03-05
412225.0,4568555.0,2025-03-05
412235.0,4568555.0,2025-03-05
412245.0,4568555.0,2025-03-05
412255.0,4568555.0,2025-03-05
412265.0,4568555.0,2025-03-05
412275.0,4568555.0,2025-03-05
412285.0,4568555.0,2025-03-05
412295.0,4568555.0,2025-03-05
412305.0,4568555.0,2025-03-05
412315.0,4568555.0,2025-03-05
412325.0,4568555.0,2025-03-05
412335.0,4568555.0,2025-03-05
412345.0,4568555.0,2025-03-05
412355.0,4568555.0,2025-03-05
412365.0,4568555.0,2025-03-05
412375.0,4568555.0,2025-03-05
412385.0,4568555.0,2025-03-05
412395.0,4568555.0,2025-03-05
412405.0,4568555.0,2025-03-05
412415.0,4568555.0,2025-03-05
412425.0,4568555.0,2025-03-05
412435.0,4568555.0,2025-03-05
412445.0,4568555.0,2025-03-05
412455.0,4568555.0,2025-03-05
412465.0,4568555.0,2025-03-05
412475.0,4568555.0,2025-03-05
412485.0,4568555.0,2025-03-05
412495.0,4568555.0,2025-03-05
412505.0,4568555.0,2025-03-05
412515.0,4568555.0,2025-03-05
412525.0,4568555.0,2025-03-05
412535.0,4568555.0,2025-03-05
412545.0,4568555.0,2025-03-05
412555.0,4568555.0,2025-03-05
412565.0,4568555.0,2025-03-05
412575.0,4568555.0,2025-03-05
412585.0,4568555.0,2025-03-05
412595.0,4568555.0,2025-03-05
412605.0,4568555.0,2025-03-05
412615.0,4568555.0,2025-03-05
412625.0,4568555.0,2025-03-05
412635.0,4568555.0,2025-03-05
412645.0,4568555.0,2025-03-05
412655.0,4568555.0,2025-03-05
412665.0,4568555.0,2025-03-05
412675.0,4568555.0,2025-03-05
412685.0,4568555.0,2025-03-05
412695.0,4568555.0,2025-03-05
412705.0,4568555.0,2025-03-05
412715.0,4568555.0,2025-03-05
412725.0,4568555.0,2025-03-05
412735.0,4568555.0,2025-03-05
412745.0,4568555.0,2025-03-05
412755.0,4568555.0,2025-03-05
412765.0,4568555.0,2025-03-05
412775.0,4568555.0,2025-03-05
412785.0,4568555.0,2025-03-05
412795.0,4568555.0,2025-03-05
412805.0,4568555.0,2025-03-05
412815.0,4568555.0,2025-03-05
412825.0,4568555.0,2025-03-05
412835.0,4568555.0,2025-03-05
412845.0,4568555.0,2025-03-05
412855.0,4568555.0,2025-03-05
412865.0,4568555.0,2025-03-05
412875.0,4568555.0,2025-03-05
412885.0,4568555.0,2025-03-05
412895.0,4568555.0,2025-03-05
412905.0,4568555.0,2025-03-05
412915.0,4568555.0,2025-03-05
412925.0,4568555.0,2025-03-05
412935.0,4568555.0,2025-03-05
412945.0,4568555.0,2025-03-05
412955.0,4568555.0,2025-03-05
412965.0,4568555.0,2025-03-05
412975.0,4568555.0,2025-03-05
412985.0,4568555.0,2025-03-05
412995.0,4568555.0,2025-03-05
413005.0,4568555.0,2025-03-05
413015.0,4568555.0,2025-03-05
413025.0,4568555.0,2025-03-05
413035.0,4568555.0,2025-03-05
413045.0,4568555.0,2025-03-05
413055.0,4568555.0,2025-03-05
413065.0,4568555.0,2025-03-05
413075.0,4568555.0,2025-03-05
413085.0,4568555.0,2025-03-05
413095.0,4568555.0,2025-03-05
413105.0,4568555.0,2025-03-05
413115.0,4568555.0,2025-03-05
413125.0,4568555.0,2025-03-05
413135.0,4568555.0,2025-03-05
413145.0,4568555.0,2025-03-05
413155.0,4568555.0,2025-03-05
413165.0,4568555.0,2025-03-05
413175.0,4568555.0,2025-03-05
413185.0,4568555.0,2025-03-05
413195.0,4568555.0,2025-03-05
413205.0,4568555.0,2025-03-05
413215.0,4568555.0,2025-03-05
413225.0,4568555.0,2025-03-05
413235.0,4568555.0,2025-03-05
413245.0,4568555.0,2025-03-05
413255.0,4568555.0,2025-03-05
413265.0,4568555.0,2025-03-05
413275.0,4568555.0,2025-03-05
413285.0,4568555.0,2025-03-05
413295.0,4568555.0,2025-03-05
413305.0,4568555.0,2025-03-05
413315.0,4568555.0,2025-03-05
413325.0,4568555.0,2025-03-05
413335.0,4568555.0,2025-03-05
413345.0,4568555.0,2025-03-05
413355.0,4568555.0,2025-03-05
413365.0,4568555.0,2025-03-05
413375.0,4568555.0,2025-03-05
413385.0,4568555.0,2025-03-05
413395.0,4568555.0,2025-03-05
413405.0,4568555.0,2025-03-05
413415.0,4568555.0,2025-03-05
413425.0,4568555.0,2025-03-05
413435.0,4568555.0,2025-03-05
413445.0,4568555.0,2025-03-05
413455.0,4568555.0,2025-03-05
413465.0,4568555.0,2025-03-05
413475.0,4568555.0,2025-03-05
413485.0,4568555.0,2025-03-05
413495.0,4568555.0,2025-03-05
413505.0,4568555.0,2025-03-05
413515.0,4568555.0,2025-03-05
413525.0,4568555.0,2025-03-05
413535.0,4568555.0,2025-03-05
413545.0,4568555.0,2025-03-05
413555.0,4568555.0,2025-03-05
413565.0,4568555.0,2025-03-05
413575.0,4568555.0,2025-03-05
413585.0,4568555.0,2025-03-05
413595.0,4568555.0,2025-03-05
413605.0,4568555.0,2025-03-05
413615.0,4568555.0,2025-03-05
413625.0,4568555.0,2025-03-05
413635.0,4568555.0,2025-03-05
413645.0,4568555.0,2025-03-05
413655.0,4568555.0,2025-03-05
413665.0,4568555.0,2025-03-05
413675.0,4568555.0,2025-03-05
413685.0,4568555.0,2025-03-05
413695.0,4568555.0,2025-03-05
413705.0,4568555.0,2025-03-05
413715.0,4568555.0,2025-03-05
413725.0,4568555.0,2025-03-05
413735.0,4568555.0,2025-03-05
413745.0,4568555.0,2025-03-05
413755.0,4568555.0,2025-03-05
413765.0,4568555.0,2025-03-05
413775.0,4568555.0,2025-03-05
413785.0,4568555.0,2025-03-05
413795.0,4568555.0,2025-03-05
413805.0,4568555.0,2025-03-05
413815.0,4568555.0,2025-03-05
413825.0,4568555.0,2025-03-05
413835.0,4568555.0,2025-03-05
413845.0,4568555.0,2025-03-05
413855.0,4568555.0,2025-03-05
413865.0,4568555.0,2025-03-05
413875.0,4568555.0,2025-03-05
413885.0,4568555.0,2025-03-05
413895.0,4568555.0,2025-03-05
413905.0,4568555.0,2025-03-05
413915.0,4568555.0,2025-03-05
413925.0,4568555.0,2025-03-05
413935.0,4568555.0,2025-03-05
413945.0,4568555.0,2025-03-05
413955.0,4568555.0,2025-03-05
413965.0,4568555.0,2025-03-05
413975.0,4568555.0,2025-03-05
413985.0,4568555.0,2025-03-05
413995.0,4568555.0,2025-03-05
414005.0,4568555.0,2025-03-05
414015.0,4568555.0,2025-03-05
414025.0,4568555.0,2025-03-05
414035.0,4568555.0,2025-03-05
414045.0,4568555.0,2025-03-05
414055.0,4568555.0,2025-03-05
414065.0,4568555.0,2025-03-05
414075.0,4568555.0,2025-03-05
414085.0,4568555.0,2025-03-05
414095.0,4568555.0,2025-03-05
414105.0,4568555.0,2025-03-05
414115.0,4568555.0,2025-03-05
414125.0,4568555.0,2025-03-05
414135.0,4568555.0,2025-03-05
414145.0,4568555.0,2025-03-05
414155.0,4568555.0,2025-03-05
414165.0,4568555.0,2025-03-05
414175.0,4568555.0,2025-03-05
414185.0,4568555.0,2025-03-05
414195.0,4568555.0,2025-03-05
414205.0,4568555.0,2025-03-05
414215.0,4568555.0,2025-03-05
414225.0,4568555.0,2025-03-05
414235.0,4568555.0,2025-03-05
414245.0,4568555.0,2025-03-05
414255.0,4568555.0,2025-03-05
414265.0,4568555.0,2025-03-05
414275.0,4568555.0,2025-03-05
414285.0,4568555.0,2025-03-05
414295.0,4568555.0,2025-03-05
414305.0,4568555.0,2025-03-05
414315.0,4568555.0,2025-03-05
414325.0,4568555.0,2025-03-05
414335.0,4568555.0,2025-03-05
414345.0,4568555.0,2025-03-05
414355.0,4568555.0,2025-03-05
414365.0,4568555.0,2025-03-05
414375.0,4568555.0,2025-03-05
414385.0,4568555.0,2025-03-05
414395.0,4568555.0,2025-03-05
414405.0,4568555.0,2025-03-05
414415.0,4568555.0,2025-03-05
414425.0,4568555.0,2025-03-05
414435.0,4568555.0,2025-03-05
414445.0,4568555.0,2025-03-05
414455.0,4568555.0,2025-03-05
414465.0,4568555.0,2025-03-05
414475.0,4568555.0,2025-03-05
414485.0,4568555.0,2025-03-05
414495.0,4568555.0,2025-03-05
414505.0,4568555.0,2025-03-05
414515.0,4568555.0,2025-03-05
414525.0,4568555.0,2025-03-05
414535.0,4568555.0,2025-03-05
414545.0,4568555.0,2025-03-05
414555.0,4568555.0,2025-03-05
414565.0,4568555.0,2025-03-05
414575.0,4568555.0,2025-03-05
414585.0,4568555.0,2025-03-05
414595.0,4568555.0,2025-03-05
414605.0,4568555.0,2025-03-05
414615.0,4568555.0,2025-03-05
414625.0,4568555.0,2025-03-05
414635.0,4568555.0,2025-03-05
414645.0,4568555.0,2025-03-05
414655.0,4568555.0,2025-03-05
414665.0,4568555.0,2025-03-05
414675.0,4568555.0,2025-03-05
414685.0,4568555.0,2025-03-05
414695.0,4568555.0,2025-03-05
414705.0,4568555.0,2025-03-05
414715.0,4568555.0,2025-03-05
414725.0,4568555.0,2025-03-05
414735.0,4568555.0,2025-03-05
414745.0,4568555.0,2025-03-05
414755.0,4568555.0,2025-03-05
414765.0,4568555.0,2025-03-05
414775.0,4568555.0,2025-03-05
414785.0,4568555.0,2025-03-05
414795.0,4568555.0,2025-03-05
414805.0,4568555.0,2025-03-05
414815.0,4568555.0,2025-03-05
414825.0,4568555.0,2025-03-05
414835.0,4568555.0,2025-03-05
414845.0,4568555.0,2025-03-05
414855.0,4568555.0,2025-03-05
414865.0,4568555.0,2025-03-05
414875.0,4568555.0,2025-03-05
414885.0,4568555.0,2025-03-05
414895.0,4568555.0,2025-03-05
414905.0,4568555.0,2025-03-05
414915.0,4568555.0,2025-03-05
414925.0,4568555.0,2025-03-05
414935.0,4568555.0,2025-03-05
414945.0,4568555.0,2025-03-05
414955.0,4568555.0,2025-03-05
414965.0,4568555.0,2025-03-05
414975.0,4568555.0,2025-03-05
414985.0,4568555.0,2025-03-05
414995.0,4568555.0,2025-03-05
415005.0,4568555.0,2025-03-05
415015.0,4568555.0,2025-03-05
415025.0,4568555.0,2025-03-05
415035.0,4568555.0,2025-03-05
415045.0,4568555.0,2025-03-05
415055.0,4568555.0,2025-03-05
415065.0,4568555.0,2025-03-05
415075.0,4568555.0,2025-03-05
415085.0,4568555.0,2025-03-05
415095.0,4568555.0,2025-03-05
415105.0,4568555.0,2025-03-05
415115.0,4568555.0,2025-03-05
415125.0,4568555.0,2025-03-05
415135.0,4568555.0,2025-03-05
415145.0,4568555.0,2025-03-05
415155.0,4568555.0,2025-03-05
415165.0,4568555.0,2025-03-05
415175.0,4568555.0,2025-03-05
415185.0,4568555.0,2025-03-05
415195.0,4568555.0,2025-03-05
415205.0,4568555.0,2025-03-05
415215.0,4568555.0,2025-03-05
415225.0,4568555.0,2025-03-05
415235.0,4568555.0,2025-03-05
415245.0,4568555.0,2025-03-05
415255.0,4568555.0,2025-03-05
415265.0,4568555.0,2025-03-05
415275.0,4568555.0,2025-03-05
415285.0,4568555.0,2025-03-05
415295.0,4568555.0,2025-03-05
415305.0,4568555.0,2025-03-05
415315.0,4568555.0,2025-03-05
415325.0,4568555.0,2025-03-05
415335.0,4568555.0,2025-03-05
415345.0,4568555.0,2025-03-05
415355.0,4568555.0,2025-03-05
415365.0,4568555.0,2025-03-05
415375.0,4568555.0,2025-03-05
415385.0,4568555.0,2025-03-05
415395.0,4568555.0,2025-03-05
415405.0,4568555.0,2025-03-05
415415.0,4568555.0,2025-03-05
415425.0,4568555.0,2025-03-05
415435.0,4568555.0,2025-03-05
415445.0,4568555.0,2025-03-05
415455.0,4568555.0,2025-03-05
415465.0,4568555.0,2025-03-05
415475.0,4568555.0,2025-03-05
415485.0,4568555.0,2025-03-05
415495.0,4568555.0,2025-03-05
415505.0,4568555.0,2025-03-05
415515.0,4568555.0,2025-03-05
415525.0,4568555.0,2025-03-05
415535.0,4568555.0,2025-03-05
415545.0,4568555.0,2025-03-05
415555.0,4568555.0,2025-03-05
415565.0,4568555.0,2025-03-05
415575.0,4568555.0,2025-03-05
415585.0,4568555.0,2025-03-05
415595.0,4568555.0,2025-03-05
415605.0,4568555.0,2025-03-05
415615.0,4568555.0,2025-03-05
415625.0,4568555.0,2025-03-05
415635.0,4568555.0,2025-03-05
415645.0,4568555.0,2025-03-05
415655.0,4568555.0,2025-03-05
415665.0,4568555.0,2025-03-05
415675.0,4568555.0,2025-03-05
415685.0,4568555.0,2025-03-05
415695.0,4568555.0,2025-03-05
415705.0,4568555.0,2025-03-05
415715.0,4568555.0,2025-03-05
415725.0,4568555.0,2025-03-05
415735.0,4568555.0,2025-03-05
415745.0,4568555.0,2025-03-05
415755.0,4568555.0,2025-03-05
415765.0,4568555.0,2025-03-05
415775.0,4568555.0,2025-03-05
415785.0,4568555.0,2025-03-05
415795.0,4568555.0,2025-03-05
415805.0,4568555.0,2025-03-05
415815.0,4568555.0,2025-03-05
415825.0,4568555.0,2025-03-05
415835.0,4568555.0,2025-03-05
415845.0,4568555.0,2025-03-05
415855.0,4568555.0,2025-03-05
415865.0,4568555.0,2025-03-05
415875.0,4568555.0,2025-03-05
415885.0,4568555.0,2025-03-05
415895.0,4568555.0,2025-03-05
415905.0,4568555.0,2025-03-05
415915.0,4568555.0,2025-03-05
415925.0,4568555.0,2025-03-05
415935.0,4568555.0,2025-03-05
415945.0,4568555.0,2025-03-05
415955.0,4568555.0,2025-03-05
415965.0,4568555.0,2025-03-05
415975.0,4568555.0,2025-03-05
415985.0,4568555.0,2025-03-05
415995.0,4568555.0,2025-03-05
416005.0,4568555.0,2025-03-05
416015.0,4568555.0,2025-03-05
416025.0,4568555.0,2025-03-05
416035.0,4568555.0,2025-03-05
416045.0,4568555.0,2025-03-05
416055.0,4568555.0,2025-03-05
416065.0,4568555.0,2025-03-05
416075.0,4568555.0,2025-03-05
416085.0,4568555.0,2025-03-05
416095.0,4568555.0,2025-03-05
416105.0,4568555.0,2025-03-05
416115.0,4568555.0,2025-03-05
416125.0,4568555.0,2025-03-05
416135.0,4568555.0,2025-03-05
416145.0,4568555.0,2025-03-05
416155.0,4568555.0,2025-03-05
416165.0,4568555.0,2025-03-05
416175.0,4568555.0,2025-03-05
416185.0,4568555.0,2025-03-05
416195.0,4568555.0,2025-03-05
416205.0,4568555.0,2025-03-05
416215.0,4568555.0,2025-03-05
416225.0,4568555.0,2025-03-05
416235.0,4568555.0,2025-03-05
416245.0,4568555.0,2025-03-05
416255.0,4568555.0,2025-03-05
416265.0,4568555.0,2025-03-05
416275.0,4568555.0,2025-03-05
416285.0,4568555.0,2025-03-05
416295.0,4568555.0,2025-03-05
416305.0,4568555.0,2025-03-05
416315.0,4568555.0,2025-03-05
416325.0,4568555.0,2025-03-05
416335.0,4568555.0,2025-03-05
416345.0,4568555.0,2025-03-05
416355.0,4568555.0,2025-03-05
416365.0,4568555.0,2025-03-05
416375.0,4568555.0,2025-03-05
416385.0,4568555.0,2025-03-05
416395.0,4568555.0,2025-03-05
416405.0,4568555.0,2025-03-05
416415.0,4568555.0,2025-03-05
416425.0,4568555.0,2025-03-05
416435.0,4568555.0,2025-03-05
416445.0,4568555.0,2025-03-05
416455.0,4568555.0,2025-03-05
411745.0,4568545.0,2025-03-05
411755.0,4568545.0,2025-03-05
411765.0,4568545.0,2025-03-05
411775.0,4568545.0,2025-03-05
411785.0,4568545.0,2025-03-05
411795.0,4568545.0,2025-03-05
411805.0,4568545.0,2025-03-05
411815.0,4568545.0,2025-03-05
411825.0,4568545.0,2025-03-05
411835.0,4568545.0,2025-03-05
411845.0,4568545.0,2025-03-05
411855.0,4568545.0,2025-03-05
411865.0,4568545.0,2025-03-05
411875.0,4568545.0,2025-03-05
411885.0,4568545.0,2025-03-05
411895.0,4568545.0,2025-03-05
411905.0,4568545.0,2025-03-05
411915.0,4568545.0,2025-03-05
411935.0,4568545.0,2025-03-05
411945.0,4568545.0,2025-03-05
411955.0,4568545.0,2025-03-05
411965.0,4568545.0,2025-03-05
411975.0,4568545.0,2025-03-05
411985.0,4568545.0,2025-03-05
411995.0,4568545.0,2025-03-05
412005.0,4568545.0,2025-03-05
412015.0,4568545.0,2025-03-05
412025.0,4568545.0,2025-03-05
412035.0,4568545.0,2025-03-05
412045.0,4568545.0,2025-03-05
412055.0,4568545.0,2025-03-05
412065.0,4568545.0,2025-03-05
412075.0,4568545.0,2025-03-05
412085.0,4568545.0,2025-03-05
412095.0,4568545.0,2025-03-05
412105.0,4568545.0,2025-03-05
412115.0,4568545.0,2025-03-05
412125.0,4568545.0,2025-03-05
412135.0,4568545.0,2025-03-05
412145.0,4568545.0,2025-03-05
412155.0,4568545.0,2025-03-05
412165.0,4568545.0,2025-03-05
412175.0,4568545.0,2025-03-05
412185.0,4568545.0,2025-03-05
412195.0,4568545.0,2025-03-05
412205.0,4568545.0,2025-03-05
412215.0,4568545.0,2025-03-05
412225.0,4568545.0,2025-03-05
412235.0,4568545.0,2025-03-05
412245.0,4568545.0,2025-03-05
412255.0,4568545.0,2025-03-05
412265.0,4568545.0,2025-03-05
412275.0,4568545.0,2025-03-05
412285.0,4568545.0,2025-03-05
412295.0,4568545.0,2025-03-05
412305.0,4568545.0,2025-03-05
412315.0,4568545.0,2025-03-05
412325.0,4568545.0,2025-03-05
412335.0,4568545.0,2025-03-05
412345.0,4568545.0,2025-03-05
412355.0,4568545.0,2025-03-05
412365.0,4568545.0,2025-03-05
412375.0,4568545.0,2025-03-05
412385.0,4568545.0,2025-03-05
412395.0,4568545.0,2025-03-05
412405.0,4568545.0,2025-03-05
412415.0,4568545.0,2025-03-05
412425.0,4568545.0,2025-03-05
412435.0,4568545.0,2025-03-05
412445.0,4568545.0,2025-03-05
412455.0,4568545.0,2025-03-05
412465.0,4568545.0,2025-03-05
412475.0,4568545.0,2025-03-05
412485.0,4568545.0,2025-03-05
412495.0,4568545.0,2025-03-05
412505.0,4568545.0,2025-03-05
412515.0,4568545.0,2025-03-05
412525.0,4568545.0,2025-03-05
412535.0,4568545.0,2025-03-05
412545.0,4568545.0,2025-03-05
412555.0,4568545.0,2025-03-05
412565.0,4568545.0,2025-03-05
412575.0,4568545.0,2025-03-05
412585.0,4568545.0,2025-03-05
412595.0,4568545.0,2025-03-05
412605.0,4568545.0,2025-03-05
412615.0,4568545.0,2025-03-05
412625.0,4568545.0,2025-03-05
412635.0,4568545.0,2025-03-05
412645.0,4568545.0,2025-03-05
412655.0,4568545.0,2025-03-05
412665.0,4568545.0,2025-03-05
412675.0,4568545.0,2025-03-05
412685.0,4568545.0,2025-03-05
412695.0,4568545.0,2025-03-05
412705.0,4568545.0,2025-03-05
412715.0,4568545.0,2025-03-05
412725.0,4568545.0,2025-03-05
412735.0,4568545.0,2025-03-05
412745.0,4568545.0,2025-03-05
412755.0,4568545.0,2025-03-05
412765.0,4568545.0,2025-03-05
412775.0,4568545.0,2025-03-05
412785.0,4568545.0,2025-03-05
412795.0,4568545.0,2025-03-05
412805.0,4568545.0,2025-03-05
412815.0,4568545.0,2025-03-05
412825.0,4568545.0,2025-03-05
412835.0,4568545.0,2025-03-05
412845.0,4568545.0,2025-03-05
412855.0,4568545.0,2025-03-05
412865.0,4568545.0,2025-03-05
412875.0,4568545.0,2025-03-05
412885.0,4568545.0,2025-03-05
412895.0,4568545.0,2025-03-05
412905.0,4568545.0,2025-03-05
412915.0,4568545.0,2025-03-05
412925.0,4568545.0,2025-03-05
412935.0,4568545.0,2025-03-05
412945.0,4568545.0,2025-03-05
412955.0,4568545.0,2025-03-05
412965.0,4568545.0,2025-03-05
412975.0,4568545.0,2025-03-05
412985.0,4568545.0,2025-03-05
412995.0,4568545.0,2025-03-05
413005.0,4568545.0,2025-03-05
413015.0,4568545.0,2025-03-05
413025.0,4568545.0,2025-03-05
413035.0,4568545.0,2025-03-05
413045.0,4568545.0,2025-03-05
413055.0,4568545.0,2025-03-05
413065.0,4568545.0,2025-03-05
413075.0,4568545.0,2025-03-05
413085.0,4568545.0,2025-03-05
413095.0,4568545.0,2025-03-05
413105.0,4568545.0,2025-03-05
413115.0,4568545.0,2025-03-05
413125.0,4568545.0,2025-03-05
413135.0,4568545.0,2025-03-05
413145.0,4568545.0,2025-03-05
413155.0,4568545.0,2025-03-05
413165.0,4568545.0,2025-03-05
413175.0,4568545.0,2025-03-05
413185.0,4568545.0,2025-03-05
413195.0,4568545.0,2025-03-05
413205.0,4568545.0,2025-03-05
413215.0,4568545.0,2025-03-05
413225.0,4568545.0,2025-03-05
413235.0,4568545.0,2025-03-05
413245.0,4568545.0,2025-03-05
413255.0,4568545.0,2025-03-05
413265.0,4568545.0,2025-03-05
413275.0,4568545.0,2025-03-05
413285.0,4568545.0,2025-03-05
413295.0,4568545.0,2025-03-05
413305.0,4568545.0,2025-03-05
413315.0,4568545.0,2025-03-05
413325.0,4568545.0,2025-03-05
413335.0,4568545.0,2025-03-05
413345.0,4568545.0,2025-03-05
413355.0,4568545.0,2025-03-05
413365.0,4568545.0,2025-03-05
413375.0,4568545.0,2025-03-05
413385.0,4568545.0,2025-03-05
413395.0,4568545.0,2025-03-05
413405.0,4568545.0,2025-03-05
413415.0,4568545.0,2025-03-05
413425.0,4568545.0,2025-03-05
413435.0,4568545.0,2025-03-05
413445.0,4568545.0,2025-03-05
413455.0,4568545.0,2025-03-05
413465.0,4568545.0,2025-03-05
413475.0,4568545.0,2025-03-05
413485.0,4568545.0,2025-03-05
413495.0,4568545.0,2025-03-05
413505.0,4568545.0,2025-03-05
413515.0,4568545.0,2025-03-05
413525.0,4568545.0,2025-03-05
413535.0,4568545.0,2025-03-05
413545.0,4568545.0,2025-03-05
413555.0,4568545.0,2025-03-05
413565.0,4568545.0,2025-03-05
413575.0,4568545.0,2025-03-05
413585.0,4568545.0,2025-03-05
413595.0,4568545.0,2025-03-05
413605.0,4568545.0,2025-03-05
413615.0,4568545.0,2025-03-05
413625.0,4568545.0,2025-03-05
413635.0,4568545.0,2025-03-05
413645.0,4568545.0,2025-03-05
413655.0,4568545.0,2025-03-05
413665.0,4568545.0,2025-03-05
413675.0,4568545.0,2025-03-05
413685.0,4568545.0,2025-03-05
413695.0,4568545.0,2025-03-05
413705.0,4568545.0,2025-03-05
413715.0,4568545.0,2025-03-05
413725.0,4568545.0,2025-03-05
413735.0,4568545.0,2025-03-05
413745.0,4568545.0,2025-03-05
413755.0,4568545.0,2025-03-05
413765.0,4568545.0,2025-03-05
413775.0,4568545.0,2025-03-05
413785.0,4568545.0,2025-03-05
413795.0,4568545.0,2025-03-05
413805.0,4568545.0,2025-03-05
413815.0,4568545.0,2025-03-05
413825.0,4568545.0,2025-03-05
413835.0,4568545.0,2025-03-05
413845.0,4568545.0,2025-03-05
413855.0,4568545.0,2025-03-05
413865.0,4568545.0,2025-03-05
413875.0,4568545.0,2025-03-05
413885.0,4568545.0,2025-03-05
413895.0,4568545.0,2025-03-05
413905.0,4568545.0,2025-03-05
413915.0,4568545.0,2025-03-05
413925.0,4568545.0,2025-03-05
413935.0,4568545.0,2025-03-05
413945.0,4568545.0,2025-03-05
413955.0,4568545.0,2025-03-05
413965.0,4568545.0,2025-03-05
413975.0,4568545.0,2025-03-05
413985.0,4568545.0,2025-03-05
413995.0,4568545.0,2025-03-05
414005.0,4568545.0,2025-03-05
414015.0,4568545.0,2025-03-05
414025.0,4568545.0,2025-03-05
414035.0,4568545.0,2025-03-05
414045.0,4568545.0,2025-03-05
414055.0,4568545.0,2025-03-05
414065.0,4568545.0,2025-03-05
414075.0,4568545.0,2025-03-05
414085.0,4568545.0,2025-03-05
414095.0,4568545.0,2025-03-05
414105.0,4568545.0,2025-03-05
414115.0,4568545.0,2025-03-05
414125.0,4568545.0,2025-03-05
414135.0,4568545.0,2025-03-05
414145.0,4568545.0,2025-03-05
414155.0,4568545.0,2025-03-05
414165.0,4568545.0,2025-03-05
414175.0,4568545.0,2025-03-05
414185.0,4568545.0,2025-03-05
414195.0,4568545.0,2025-03-05
414205.0,4568545.0,2025-03-05
414215.0,4568545.0,2025-03-05
414225.0,4568545.0,2025-03-05
414235.0,4568545.0,2025-03-05
414245.0,4568545.0,2025-03-05
414255.0,4568545.0,2025-03-05
414265.0,4568545.0,2025-03-05
414275.0,4568545.0,2025-03-05
414285.0,4568545.0,2025-03-05
414295.0,4568545.0,2025-03-05
414305.0,4568545.0,2025-03-05
414315.0,4568545.0,2025-03-05
414325.0,4568545.0,2025-03-05
414335.0,4568545.0,2025-03-05
414345.0,4568545.0,2025-03-05
414355.0,4568545.0,2025-03-05
414365.0,4568545.0,2025-03-05
414375.0,4568545.0,2025-03-05
414385.0,4568545.0,2025-03-05
414395.0,4568545.0,2025-03-05
414405.0,4568545.0,2025-03-05
414415.0,4568545.0,2025-03-05
414425.0,4568545.0,2025-03-05
414435.0,4568545.0,2025-03-05
414445.0,4568545.0,2025-03-05
414455.0,4568545.0,2025-03-05
414465.0,4568545.0,2025-03-05
414475.0,4568545.0,2025-03-05
414485.0,4568545.0,2025-03-05
414495.0,4568545.0,2025-03-05
414505.0,4568545.0,2025-03-05
414515.0,4568545.0,2025-03-05
414525.0,4568545.0,2025-03-05
414535.0,4568545.0,2025-03-05
414545.0,4568545.0,2025-03-05
414555.0,4568545.0,2025-03-05
414565.0,4568545.0,2025-03-05
414575.0,4568545.0,2025-03-05
414585.0,4568545.0,2025-03-05
414595.0,4568545.0,2025-03-05
414605.0,4568545.0,2025-03-05
414615.0,4568545.0,2025-03-05
414625.0,4568545.0,2025-03-05
414635.0,4568545.0,2025-03-05
414645.0,4568545.0,2025-03-05
414655.0,4568545.0,2025-03-05
414665.0,4568545.0,2025-03-05
414675.0,4568545.0,2025-03-05
414685.0,4568545.0,2025-03-05
414695.0,4568545.0,2025-03-05
414705.0,4568545.0,2025-03-05
414715.0,4568545.0,2025-03-05
414725.0,4568545.0,2025-03-05
414735.0,4568545.0,2025-03-05
414745.0,4568545.0,2025-03-05
414755.0,4568545.0,2025-03-05
414765.0,4568545.0,2025-03-05
414775.0,4568545.0,2025-03-05
414785.0,4568545.0,2025-03-05
414795.0,4568545.0,2025-03-05
414805.0,4568545.0,2025-03-05
414815.0,4568545.0,2025-03-05
414825.0,4568545.0,2025-03-05
414835.0,4568545.0,2025-03-05
414845.0,4568545.0,2025-03-05
414855.0,4568545.0,2025-03-05
414865.0,4568545.0,2025-03-05
414875.0,4568545.0,2025-03-05
414885.0,4568545.0,2025-03-05
414895.0,4568545.0,2025-03-05
414905.0,4568545.0,2025-03-05
414915.0,4568545.0,2025-03-05
414925.0,4568545.0,2025-03-05
414935.0,4568545.0,2025-03-05
414945.0,4568545.0,2025-03-05
414955.0,4568545.0,2025-03-05
414965.0,4568545.0,2025-03-05
414975.0,4568545.0,2025-03-05
414985.0,4568545.0,2025-03-05
414995.0,4568545.0,2025-03-05
415005.0,4568545.0,2025-03-05
415015.0,4568545.0,2025-03-05
415025.0,4568545.0,2025-03-05
415035.0,4568545.0,2025-03-05
415045.0,4568545.0,2025-03-05
415055.0,4568545.0,2025-03-05
415065.0,4568545.0,2025-03-05
415075.0,4568545.0,2025-03-05
415085.0,4568545.0,2025-03-05
415095.0,4568545.0,2025-03-05
415105.0,4568545.0,2025-03-05
415115.0,4568545.0,2025-03-05
415125.0,4568545.0,2025-03-05
415135.0,4568545.0,2025-03-05
415145.0,4568545.0,2025-03-05
415155.0,4568545.0,2025-03-05
415165.0,4568545.0,2025-03-05
415175.0,4568545.0,2025-03-05
415185.0,4568545.0,2025-03-05
415195.0,4568545.0,2025-03-05
415205.0,4568545.0,2025-03-05
415215.0,4568545.0,2025-03-05
415225.0,4568545.0,2025-03-05
415235.0,4568545.0,2025-03-05
415245.0,4568545.0,2025-03-05
415255.0,4568545.0,2025-03-05
415265.0,4568545.0,2025-03-05
415275.0,4568545.0,2025-03-05
415285.0,4568545.0,2025-03-05
415295.0,4568545.0,2025-03-05
415305.0,4568545.0,2025-03-05
415315.0,4568545.0,2025-03-05
415325.0,4568545.0,2025-03-05
415335.0,4568545.0,2025-03-05
415345.0,4568545.0,2025-03-05
415355.0,4568545.0,2025-03-05
415365.0,4568545.0,2025-03-05
415375.0,4568545.0,2025-03-05
415385.0,4568545.0,2025-03-05
415395.0,4568545.0,2025-03-05
415405.0,4568545.0,2025-03-05
415415.0,4568545.0,2025-03-05
415425.0,4568545.0,2025-03-05
415435.0,4568545.0,2025-03-05
415445.0,4568545.0,2025-03-05
415455.0,4568545.0,2025-03-05
415465.0,4568545.0,2025-03-05
415475.0,4568545.0,2025-03-05
415485.0,4568545.0,2025-03-05
415495.0,4568545.0,2025-03-05
415505.0,4568545.0,2025-03-05
415515.0,4568545.0,2025-03-05
415525.0,4568545.0,2025-03-05
415535.0,4568545.0,2025-03-05
415545.0,4568545.0,2025-03-05
415555.0,4568545.0,2025-03-05
415565.0,4568545.0,2025-03-05
415575.0,4568545.0,2025-03-05
415585.0,4568545.0,2025-03-05
415595.0,4568545.0,2025-03-05
415605.0,4568545.0,2025-03-05
415615.0,4568545.0,2025-03-05
415625.0,4568545.0,2025-03-05
415635.0,4568545.0,2025-03-05
415645.0,4568545.0,2025-03-05
415655.0,4568545.0,2025-03-05
415665.0,4568545.0,2025-03-05
415675.0,4568545.0,2025-03-05
415685.0,4568545.0,2025-03-05
415695.0,4568545.0,2025-03-05
415705.0,4568545.0,2025-03-05
415715.0,4568545.0,2025-03-05
415725.0,4568545.0,2025-03-05
415735.0,4568545.0,2025-03-05
415745.0,4568545.0,2025-03-05
415755.0,4568545.0,2025-03-05
415765.0,4568545.0,2025-03-05
415775.0,4568545.0,2025-03-05
415785.0,4568545.0,2025-03-05
415795.0,4568545.0,2025-03-05
415805.0,4568545.0,2025-03-05
415815.0,4568545.0,2025-03-05
415825.0,4568545.0,2025-03-05
415835.0,4568545.0,2025-03-05
415845.0,4568545.0,2025-03-05
415855.0,4568545.0,2025-03-05
415865.0,4568545.0,2025-03-05
415875.0,4568545.0,2025-03-05
415885.0,4568545.0,2025-03-05
415895.0,4568545.0,2025-03-05
415905.0,4568545.0,2025-03-05
415915.0,4568545.0,2025-03-05
415925.0,4568545.0,2025-03-05
415935.0,4568545.0,2025-03-05
415945.0,4568545.0,2025-03-05
415955.0,4568545.0,2025-03-05
415965.0,4568545.0,2025-03-05
415975.0,4568545.0,2025-03-05
415985.0,4568545.0,2025-03-05
415995.0,4568545.0,2025-03-05
416005.0,4568545.0,2025-03-05
416015.0,4568545.0,2025-03-05
416025.0,4568545.0,2025-03-05
416035.0,4568545.0,2025-03-05
416045.0,4568545.0,2025-03-05
416055.0,4568545.0,2025-03-05
416065.0,4568545.0,2025-03-05
416075.0,4568545.0,2025-03-05
416085.0,4568545.0,2025-03-05
416095.0,4568545.0,2025-03-05
416105.0,4568545.0,2025-03-05
416115.0,4568545.0,2025-03-05
416125.0,4568545.0,2025-03-05
416135.0,4568545.0,2025-03-05
416145.0,4568545.0,2025-03-05
416155.0,4568545.0,2025-03-05
416165.0,4568545.0,2025-03-05
416175.0,4568545.0,2025-03-05
416185.0,4568545.0,2025-03-05
416195.0,4568545.0,2025-03-05
416205.0,4568545.0,2025-03-05
416215.0,4568545.0,2025-03-05
416225.0,4568545.0,2025-03-05
416235.0,4568545.0,2025-03-05
416245.0,4568545.0,2025-03-05
416255.0,4568545.0,2025-03-05
416265.0,4568545.0,2025-03-05
416275.0,4568545.0,2025-03-05
416285.0,4568545.0,2025-03-05
416295.0,4568545.0,2025-03-05
416305.0,4568545.0,2025-03-05
416315.0,4568545.0,2025-03-05
416325.0,4568545.0,2025-03-05
416335.0,4568545.0,2025-03-05
416345.0,4568545.0,2025-03-05
416355.0,4568545.0,2025-03-05
416365.0,4568545.0,2025-03-05
416375.0,4568545.0,2025-03-05
416385.0,4568545.0,2025-03-05
416395.0,4568545.0,2025-03-05
416405.0,4568545.0,2025-03-05
416415.0,4568545.0,2025-03-05
416425.0,4568545.0,2025-03-05
416435.0,4568545.0,2025-03-05
416445.0,4568545.0,2025-03-05
416455.0,4568545.0,2025-03-05
412575.0,4568535.0,2025-03-05
412585.0,4568535.0,2025-03-05
412595.0,4568535.0,2025-03-05
412605.0,4568535.0,2025-03-05
412615.0,4568535.0,2025-03-05
412625.0,4568535.0,2025-03-05
412635.0,4568535.0,2025-03-05
412645.0,4568535.0,2025-03-05
412655.0,4568535.0,2025-03-05
412665.0,4568535.0,2025-03-05
412675.0,4568535.0,2025-03-05
412685.0,4568535.0,2025-03-05
412695.0,4568535.0,2025-03-05
412705.0,4568535.0,2025-03-05
412715.0,4568535.0,2025-03-05
412725.0,4568535.0,2025-03-05
412735.0,4568535.0,2025-03-05
412745.0,4568535.0,2025-03-05
412755.0,4568535.0,2025-03-05
412765.0,4568535.0,2025-03-05
412775.0,4568535.0,2025-03-05
412785.0,4568535.0,2025-03-05
412795.0,4568535.0,2025-03-05
412805.0,4568535.0,2025-03-05
412815.0,4568535.0,2025-03-05
412825.0,4568535.0,2025-03-05
412835.0,4568535.0,2025-03-05
412845.0,4568535.0,2025-03-05
412855.0,4568535.0,2025-03-05
412865.0,4568535.0,2025-03-05
412875.0,4568535.0,2025-03-05
412885.0,4568535.0,2025-03-05
412895.0,4568535.0,2025-03-05
412905.0,4568535.0,2025-03-05
412915.0,4568535.0,2025-03-05
412925.0,4568535.0,2025-03-05
412935.0,4568535.0,2025-03-05
412945.0,4568535.0,2025-03-05
412955.0,4568535.0,2025-03-05
412965.0,4568535.0,2025-03-05
412975.0,4568535.0,2025-03-05
412985.0,4568535.0,2025-03-05
412995.0,4568535.0,2025-03-05
413005.0,4568535.0,2025-03-05
413015.0,4568535.0,2025-03-05
413025.0,4568535.0,2025-03-05
413035.0,4568535.0,2025-03-05
413045.0,4568535.0,2025-03-05
413055.0,4568535.0,2025-03-05
413065.0,4568535.0,2025-03-05
413075.0,4568535.0,2025-03-05
413085.0,4568535.0,2025-03-05
413095.0,4568535.0,2025-03-05
413105.0,4568535.0,2025-03-05
413115.0,4568535.0,2025-03-05
413125.0,4568535.0,2025-03-05
413135.0,4568535.0,2025-03-05
413145.0,4568535.0,2025-03-05
413155.0,4568535.0,2025-03-05
413165.0,4568535.0,2025-03-05
413175.0,4568535.0,2025-03-05
413185.0,4568535.0,2025-03-05
413195.0,4568535.0,2025-03-05
413205.0,4568535.0,2025-03-05
413215.0,4568535.0,2025-03-05
413225.0,4568535.0,2025-03-05
413235.0,4568535.0,2025-03-05
413245.0,4568535.0,2025-03-05
413255.0,4568535.0,2025-03-05
413265.0,4568535.0,2025-03-05
413275.0,4568535.0,2025-03-05
413285.0,4568535.0,2025-03-05
413295.0,4568535.0,2025-03-05
413305.0,4568535.0,2025-03-05
413315.0,4568535.0,2025-03-05
413325.0,4568535.0,2025-03-05
413335.0,4568535.0,2025-03-05
413345.0,4568535.0,2025-03-05
413355.0,4568535.0,2025-03-05
413365.0,4568535.0,2025-03-05
413375.0,4568535.0,2025-03-05
413385.0,4568535.0,2025-03-05
413395.0,4568535.0,2025-03-05
413405.0,4568535.0,2025-03-05
413415.0,4568535.0,2025-03-05
413425.0,4568535.0,2025-03-05
413435.0,4568535.0,2025-03-05
413445.0,4568535.0,2025-03-05
413455.0,4568535.0,2025-03-05
413465.0,4568535.0,2025-03-05
413475.0,4568535.0,2025-03-05
413485.0,4568535.0,2025-03-05
413495.0,4568535.0,2025-03-05
413505.0,4568535.0,2025-03-05
413515.0,4568535.0,2025-03-05
413525.0,4568535.0,2025-03-05
413535.0,4568535.0,2025-03-05
413545.0,4568535.0,2025-03-05
413555.0,4568535.0,2025-03-05
413565.0,4568535.0,2025-03-05
413575.0,4568535.0,2025-03-05
413585.0,4568535.0,2025-03-05
413595.0,4568535.0,2025-03-05
413605.0,4568535.0,2025-03-05
413615.0,4568535.0,2025-03-05
413625.0,4568535.0,2025-03-05
413635.0,4568535.0,2025-03-05
413645.0,4568535.0,2025-03-05
413655.0,4568535.0,2025-03-05
413665.0,4568535.0,2025-03-05
413675.0,4568535.0,2025-03-05
413685.0,4568535.0,2025-03-05
413695.0,4568535.0,2025-03-05
413705.0,4568535.0,2025-03-05
413715.0,4568535.0,2025-03-05
413725.0,4568535.0,2025-03-05
413735.0,4568535.0,2025-03-05
413745.0,4568535.0,2025-03-05
413755.0,4568535.0,2025-03-05
413765.0,4568535.0,2025-03-05
413775.0,4568535.0,2025-03-05
413785.0,4568535.0,2025-03-05
413795.0,4568535.0,2025-03-05
413805.0,4568535.0,2025-03-05
413815.0,4568535.0,2025-03-05
413825.0,4568535.0,2025-03-05
413835.0,4568535.0,2025-03-05
413845.0,4568535.0,2025-03-05
413855.0,4568535.0,2025-03-05
413865.0,4568535.0,2025-03-05
413875.0,4568535.0,2025-03-05
413885.0,4568535.0,2025-03-05
413895.0,4568535.0,2025-03-05
413905.0,4568535.0,2025-03-05
413915.0,4568535.0,2025-03-05
413925.0,4568535.0,2025-03-05
413935.0,4568535.0,2025-03-05
413945.0,4568535.0,2025-03-05
413955.0,4568535.0,2025-03-05
413965.0,4568535.0,2025-03-05
413975.0,4568535.0,2025-03-05
413985.0,4568535.0,2025-03-05
413995.0,4568535.0,2025-03-05
414005.0,4568535.0,2025-03-05
414015.0,4568535.0,2025-03-05
414025.0,4568535.0,2025-03-05
414035.0,4568535.0,2025-03-05
414045.0,4568535.0,2025-03-05
414055.0,4568535.0,2025-03-05
414065.0,4568535.0,2025-03-05
414075.0,4568535.0,2025-03-05
414085.0,4568535.0,2025-03-05
414095.0,4568535.0,2025-03-05
414105.0,4568535.0,2025-03-05
414115.0,4568535.0,2025-03-05
414125.0,4568535.0,2025-03-05
414135.0,4568535.0,2025-03-05
414145.0,4568535.0,2025-03-05
414155.0,4568535.0,2025-03-05
414165.0,4568535.0,2025-03-05
414175.0,4568535.0,2025-03-05
414185.0,4568535.0,2025-03-05
414195.0,4568535.0,2025-03-05
414205.0,4568535.0,2025-03-05
414215.0,4568535.0,2025-03-05
414225.0,4568535.0,2025-03-05
414235.0,4568535.0,2025-03-05
414245.0,4568535.0,2025-03-05
414255.0,4568535.0,2025-03-05
414265.0,4568535.0,2025-03-05
414275.0,4568535.0,2025-03-05
414285.0,4568535.0,2025-03-05
414295.0,4568535.0,2025-03-05
414305.0,4568535.0,2025-03-05
414315.0,4568535.0,2025-03-05
414325.0,4568535.0,2025-03-05
414335.0,4568535.0,2025-03-05
414345.0,4568535.0,2025-03-05
414355.0,4568535.0,2025-03-05
414365.0,4568535.0,2025-03-05
414375.0,4568535.0,2025-03-05
414385.0,4568535.0,2025-03-05
414395.0,4568535.0,2025-03-05
414405.0,4568535.0,2025-03-05
414415.0,4568535.0,2025-03-05
414425.0,4568535.0,2025-03-05
414435.0,4568535.0,2025-03-05
414445.0,4568535.0,2025-03-05
414455.0,4568535.0,2025-03-05
414465.0,4568535.0,2025-03-05
414475.0,4568535.0,2025-03-05
414485.0,4568535.0,2025-03-05
414495.0,4568535.0,2025-03-05
414505.0,4568535.0,2025-03-05
414515.0,4568535.0,2025-03-05
414525.0,4568535.0,2025-03-05
414535.0,4568535.0,2025-03-05
414545.0,4568535.0,2025-03-05
414555.0,4568535.0,2025-03-05
414565.0,4568535.0,2025-03-05
414575.0,4568535.0,2025-03-05
414585.0,4568535.0,2025-03-05
414595.0,4568535.0,2025-03-05
414605.0,4568535.0,2025-03-05
414615.0,4568535.0,2025-03-05
414625.0,4568535.0,2025-03-05
414635.0,4568535.0,2025-03-05
414645.0,4568535.0,2025-03-05
414655.0,4568535.0,2025-03-05
414665.0,4568535.0,2025-03-05
414675.0,4568535.0,2025-03-05
414685.0,4568535.0,2025-03-05
414695.0,4568535.0,2025-03-05
414705.0,4568535.0,2025-03-05
414715.0,4568535.0,2025-03-05
414725.0,4568535.0,2025-03-05
414735.0,4568535.0,2025-03-05
414745.0,4568535.0,2025-03-05
414755.0,4568535.0,2025-03-05
414765.0,4568535.0,2025-03-05
414775.0,4568535.0,2025-03-05
414785.0,4568535.0,2025-03-05
414795.0,4568535.0,2025-03-05
414805.0,4568535.0,2025-03-05
414815.0,4568535.0,2025-03-05
414825.0,4568535.0,2025-03-05
414835.0,4568535.0,2025-03-05
414845.0,4568535.0,2025-03-05
414855.0,4568535.0,2025-03-05
414865.0,4568535.0,2025-03-05
414875.0,4568535.0,2025-03-05
414885.0,4568535.0,2025-03-05
414895.0,4568535.0,2025-03-05
414905.0,4568535.0,2025-03-05
414915.0,4568535.0,2025-03-05
414925.0,4568535.0,2025-03-05
414935.0,4568535.0,2025-03-05
414945.0,4568535.0,2025-03-05
414955.0,4568535.0,2025-03-05
414965.0,4568535.0,2025-03-05
414975.0,4568535.0,2025-03-05
414985.0,4568535.0,2025-03-05
414995.0,4568535.0,2025-03-05
415005.0,4568535.0,2025-03-05
415015.0,4568535.0,2025-03-05
415025.0,4568535.0,2025-03-05
415035.0,4568535.0,2025-03-05
415045.0,4568535.0,2025-03-05
415055.0,4568535.0,2025-03-05
415065.0,4568535.0,2025-03-05
415075.0,4568535.0,2025-03-05
415085.0,4568535.0,2025-03-05
415095.0,4568535.0,2025-03-05
415105.0,4568535.0,2025-03-05
415115.0,4568535.0,2025-03-05
415125.0,4568535.0,2025-03-05
415135.0,4568535.0,2025-03-05
415145.0,4568535.0,2025-03-05
415155.0,4568535.0,2025-03-05
415165.0,4568535.0,2025-03-05
415175.0,4568535.0,2025-03-05
415185.0,4568535.0,2025-03-05
415195.0,4568535.0,2025-03-05
415205.0,4568535.0,2025-03-05
415215.0,4568535.0,2025-03-05
415225.0,4568535.0,2025-03-05
415235.0,4568535.0,2025-03-05
415245.0,4568535.0,2025-03-05
415255.0,4568535.0,2025-03-05
415265.0,4568535.0,2025-03-05
415275.0,4568535.0,2025-03-05
415285.0,4568535.0,2025-03-05
415295.0,4568535.0,2025-03-05
415305.0,4568535.0,2025-03-05
415315.0,4568535.0,2025-03-05
415325.0,4568535.0,2025-03-05
415335.0,4568535.0,2025-03-05
415345.0,4568535.0,2025-03-05
415355.0,4568535.0,2025-03-05
415365.0,4568535.0,2025-03-05
415375.0,4568535.0,2025-03-05
415385.0,4568535.0,2025-03-05
415395.0,4568535.0,2025-03-05
415405.0,4568535.0,2025-03-05
415415.0,4568535.0,2025-03-05
415425.0,4568535.0,2025-03-05
415435.0,4568535.0,2025-03-05
415445.0,4568535.0,2025-03-05
415455.0,4568535.0,2025-03-05
415465.0,4568535.0,2025-03-05
415475.0,4568535.0,2025-03-05
415485.0,4568535.0,2025-03-05
415495.0,4568535.0,2025-03-05
415505.0,4568535.0,2025-03-05
415515.0,4568535.0,2025-03-05
415525.0,4568535.0,2025-03-05
415535.0,4568535.0,2025-03-05
415545.0,4568535.0,2025-03-05
415555.0,4568535.0,2025-03-05
415565.0,4568535.0,2025-03-05
415575.0,4568535.0,2025-03-05
415585.0,4568535.0,2025-03-05
415595.0,4568535.0,2025-03-05
415605.0,4568535.0,2025-03-05
415615.0,4568535.0,2025-03-05
415625.0,4568535.0,2025-03-05
415635.0,4568535.0,2025-03-05
415645.0,4568535.0,2025-03-05
415655.0,4568535.0,2025-03-05
415665.0,4568535.0,2025-03-05
415675.0,4568535.0,2025-03-05
415685.0,4568535.0,2025-03-05
415695.0,4568535.0,2025-03-05
415705.0,4568535.0,2025-03-05
415715.0,4568535.0,2025-03-05
415725.0,4568535.0,2025-03-05
415735.0,4568535.0,2025-03-05
415745.0,4568535.0,2025-03-05
415755.0,4568535.0,2025-03-05
415765.0,4568535.0,2025-03-05
415775.0,4568535.0,2025-03-05
415785.0,4568535.0,2025-03-05
415795.0,4568535.0,2025-03-05
415805.0,4568535.0,2025-03-05
415815.0,4568535.0,2025-03-05
415825.0,4568535.0,2025-03-05
415835.0,4568535.0,2025-03-05
415845.0,4568535.0,2025-03-05
415855.0,4568535.0,2025-03-05
415865.0,4568535.0,2025-03-05
415875.0,4568535.0,2025-03-05
415885.0,4568535.0,2025-03-05
415895.0,4568535.0,2025-03-05
415905.0,4568535.0,2025-03-05
415915.0,4568535.0,2025-03-05
415925.0,4568535.0,2025-03-05
415935.0,4568535.0,2025-03-05
415945.0,4568535.0,2025-03-05
415955.0,4568535.0,2025-03-05
415965.0,4568535.0,2025-03-05
415975.0,4568535.0,2025-03-05
415985.0,4568535.0,2025-03-05
415995.0,4568535.0,2025-03-05
416005.0,4568535.0,2025-03-05
416015.0,4568535.0,2025-03-05
416025.0,4568535.0,2025-03-05
416035.0,4568535.0,2025-03-05
416045.0,4568535.0,2025-03-05
416055.0,4568535.0,2025-03-05
416065.0,4568535.0,2025-03-05
416075.0,4568535.0,2025-03-05
416085.0,4568535.0,2025-03-05
416095.0,4568535.0,2025-03-05
416105.0,4568535.0,2025-03-05
416115.0,4568535.0,2025-03-05
416125.0,4568535.0,2025-03-05
416135.0,4568535.0,2025-03-05
416145.0,4568535.0,2025-03-05
416155.0,4568535.0,2025-03-05
416165.0,4568535.0,2025-03-05
416175.0,4568535.0,2025-03-05
416185.0,4568535.0,2025-03-05
416195.0,4568535.0,2025-03-05
416205.0,4568535.0,2025-03-05
416215.0,4568535.0,2025-03-05
416225.0,4568535.0,2025-03-05
416235.0,4568535.0,2025-03-05
416245.0,4568535.0,2025-03-05
416255.0,4568535.0,2025-03-05
416265.0,4568535.0,2025-03-05
416275.0,4568535.0,2025-03-05
416285.0,4568535.0,2025-03-05
416295.0,4568535.0,2025-03-05
416305.0,4568535.0,2025-03-05
416315.0,4568535.0,2025-03-05
416325.0,4568535.0,2025-03-05
416335.0,4568535.0,2025-03-05
416345.0,4568535.0,2025-03-05
416355.0,4568535.0,2025-03-05
416365.0,4568535.0,2025-03-05
416375.0,4568535.0,2025-03-05
416385.0,4568535.0,2025-03-05
416395.0,4568535.0,2025-03-05
416405.0,4568535.0,2025-03-05
416415.0,4568535.0,2025-03-05
416425.0,4568535.0,2025-03-05
416435.0,4568535.0,2025-03-05
416445.0,4568535.0,2025-03-05
416455.0,4568535.0,2025-03-05
413425.0,4568525.0,2025-03-05
413435.0,4568525.0,2025-03-05
413445.0,4568525.0,2025-03-05
413455.0,4568525.0,2025-03-05
413465.0,4568525.0,2025-03-05
413475.0,4568525.0,2025-03-05
413485.0,4568525.0,2025-03-05
413495.0,4568525.0,2025-03-05
413505.0,4568525.0,2025-03-05
413515.0,4568525.0,2025-03-05
413525.0,4568525.0,2025-03-05
413535.0,4568525.0,2025-03-05
413545.0,4568525.0,2025-03-05
413555.0,4568525.0,2025-03-05
413565.0,4568525.0,2025-03-05
413575.0,4568525.0,2025-03-05
413585.0,4568525.0,2025-03-05
413595.0,4568525.0,2025-03-05
413605.0,4568525.0,2025-03-05
413615.0,4568525.0,2025-03-05
413625.0,4568525.0,2025-03-05
413635.0,4568525.0,2025-03-05
413645.0,4568525.0,2025-03-05
413655.0,4568525.0,2025-03-05
413665.0,4568525.0,2025-03-05
413675.0,4568525.0,2025-03-05
413685.0,4568525.0,2025-03-05
413695.0,4568525.0,2025-03-05
413705.0,4568525.0,2025-03-05
413715.0,4568525.0,2025-03-05
413725.0,4568525.0,2025-03-05
413735.0,4568525.0,2025-03-05
413745.0,4568525.0,2025-03-05
413755.0,4568525.0,2025-03-05
413765.0,4568525.0,2025-03-05
413775.0,4568525.0,2025-03-05
413785.0,4568525.0,2025-03-05
413795.0,4568525.0,2025-03-05
413805.0,4568525.0,2025-03-05
413815.0,4568525.0,2025-03-05
413825.0,4568525.0,2025-03-05
413835.0,4568525.0,2025-03-05
413845.0,4568525.0,2025-03-05
413855.0,4568525.0,2025-03-05
413865.0,4568525.0,2025-03-05
413875.0,4568525.0,2025-03-05
413885.0,4568525.0,2025-03-05
413895.0,4568525.0,2025-03-05
413905.0,4568525.0,2025-03-05
413915.0,4568525.0,2025-03-05
413925.0,4568525.0,2025-03-05
413935.0,4568525.0,2025-03-05
413945.0,4568525.0,2025-03-05
413955.0,4568525.0,2025-03-05
413965.0,4568525.0,2025-03-05
413975.0,4568525.0,2025-03-05
413985.0,4568525.0,2025-03-05
413995.0,4568525.0,2025-03-05
414005.0,4568525.0,2025-03-05
414015.0,4568525.0,2025-03-05
414025.0,4568525.0,2025-03-05
414035.0,4568525.0,2025-03-05
414045.0,4568525.0,2025-03-05
414055.0,4568525.0,2025-03-05
414065.0,4568525.0,2025-03-05
414075.0,4568525.0,2025-03-05
414085.0,4568525.0,2025-03-05
414095.0,4568525.0,2025-03-05
414105.0,4568525.0,2025-03-05
414115.0,4568525.0,2025-03-05
414125.0,4568525.0,2025-03-05
414135.0,4568525.0,2025-03-05
414145.0,4568525.0,2025-03-05
414155.0,4568525.0,2025-03-05
414165.0,4568525.0,2025-03-05
414175.0,4568525.0,2025-03-05
414185.0,4568525.0,2025-03-05
414195.0,4568525.0,2025-03-05
414205.0,4568525.0,2025-03-05
414215.0,4568525.0,2025-03-05
414225.0,4568525.0,2025-03-05
414235.0,4568525.0,2025-03-05
414245.0,4568525.0,2025-03-05
414255.0,4568525.0,2025-03-05
414265.0,4568525.0,2025-03-05
414275.0,4568525.0,2025-03-05
414285.0,4568525.0,2025-03-05
414295.0,4568525.0,2025-03-05
414305.0,4568525.0,2025-03-05
414315.0,4568525.0,2025-03-05
414325.0,4568525.0,2025-03-05
414335.0,4568525.0,2025-03-05
414345.0,4568525.0,2025-03-05
414355.0,4568525.0,2025-03-05
414365.0,4568525.0,2025-03-05
414375.0,4568525.0,2025-03-05
414385.0,4568525.0,2025-03-05
414395.0,4568525.0,2025-03-05
414405.0,4568525.0,2025-03-05
414415.0,4568525.0,2025-03-05
414425.0,4568525.0,2025-03-05
414435.0,4568525.0,2025-03-05
414445.0,4568525.0,2025-03-05
414455.0,4568525.0,2025-03-05
414465.0,4568525.0,2025-03-05
414475.0,4568525.0,2025-03-05
414485.0,4568525.0,2025-03-05
414495.0,4568525.0,2025-03-05
414505.0,4568525.0,2025-03-05
414515.0,4568525.0,2025-03-05
414525.0,4568525.0,2025-03-05
414535.0,4568525.0,2025-03-05
414545.0,4568525.0,2025-03-05
414555.0,4568525.0,2025-03-05
414565.0,4568525.0,2025-03-05
414575.0,4568525.0,2025-03-05
414585.0,4568525.0,2025-03-05
414595.0,4568525.0,2025-03-05
414605.0,4568525.0,2025-03-05
414615.0,4568525.0,2025-03-05
414625.0,4568525.0,2025-03-05
414635.0,4568525.0,2025-03-05
414645.0,4568525.0,2025-03-05
414655.0,4568525.0,2025-03-05
414665.0,4568525.0,2025-03-05
414675.0,4568525.0,2025-03-05
414685.0,4568525.0,2025-03-05
414695.0,4568525.0,2025-03-05
414705.0,4568525.0,2025-03-05
414715.0,4568525.0,2025-03-05
414725.0,4568525.0,2025-03-05
414735.0,4568525.0,2025-03-05
414745.0,4568525.0,2025-03-05
414755.0,4568525.0,2025-03-05
414765.0,4568525.0,2025-03-05
414775.0,4568525.0,2025-03-05
414785.0,4568525.0,2025-03-05
414795.0,4568525.0,2025-03-05
414805.0,4568525.0,2025-03-05
414815.0,4568525.0,2025-03-05
414825.0,4568525.0,2025-03-05
414835.0,4568525.0,2025-03-05
414845.0,4568525.0,2025-03-05
414855.0,4568525.0,2025-03-05
414865.0,4568525.0,2025-03-05
414875.0,4568525.0,2025-03-05
414885.0,4568525.0,2025-03-05
414895.0,4568525.0,2025-03-05
414905.0,4568525.0,2025-03-05
414915.0,4568525.0,2025-03-05
414925.0,4568525.0,2025-03-05
414935.0,4568525.0,2025-03-05
414945.0,4568525.0,2025-03-05
414955.0,4568525.0,2025-03-05
414965.0,4568525.0,2025-03-05
414975.0,4568525.0,2025-03-05
414985.0,4568525.0,2025-03-05
414995.0,4568525.0,2025-03-05
415005.0,4568525.0,2025-03-05
415015.0,4568525.0,2025-03-05
415025.0,4568525.0,2025-03-05
415035.0,4568525.0,2025-03-05
415045.0,4568525.0,2025-03-05
415055.0,4568525.0,2025-03-05
415065.0,4568525.0,2025-03-05
415075.0,4568525.0,2025-03-05
415085.0,4568525.0,2025-03-05
415095.0,4568525.0,2025-03-05
415105.0,4568525.0,2025-03-05
415115.0,4568525.0,2025-03-05
415125.0,4568525.0,2025-03-05
415135.0,4568525.0,2025-03-05
415145.0,4568525.0,2025-03-05
415155.0,4568525.0,2025-03-05
415165.0,4568525.0,2025-03-05
415175.0,4568525.0,2025-03-05
415185.0,4568525.0,2025-03-05
415195.0,4568525.0,2025-03-05
415205.0,4568525.0,2025-03-05
415215.0,4568525.0,2025-03-05
415225.0,4568525.0,2025-03-05
415235.0,4568525.0,2025-03-05
415245.0,4568525.0,2025-03-05
415255.0,4568525.0,2025-03-05
415265.0,4568525.0,2025-03-05
415275.0,4568525.0,2025-03-05
415285.0,4568525.0,2025-03-05
415295.0,4568525.0,2025-03-05
415305.0,4568525.0,2025-03-05
415315.0,4568525.0,2025-03-05
415325.0,4568525.0,2025-03-05
415335.0,4568525.0,2025-03-05
415345.0,4568525.0,2025-03-05
415355.0,4568525.0,2025-03-05
415365.0,4568525.0,2025-03-05
415375.0,4568525.0,2025-03-05
415385.0,4568525.0,2025-03-05
415395.0,4568525.0,2025-03-05
415405.0,4568525.0,2025-03-05
415415.0,4568525.0,2025-03-05
415425.0,4568525.0,2025-03-05
415435.0,4568525.0,2025-03-05
415445.0,4568525.0,2025-03-05
415455.0,4568525.0,2025-03-05
415465.0,4568525.0,2025-03-05
415475.0,4568525.0,2025-03-05
415485.0,4568525.0,2025-03-05
415495.0,4568525.0,2025-03-05
415505.0,4568525.0,2025-03-05
415515.0,4568525.0,2025-03-05
415525.0,4568525.0,2025-03-05
415535.0,4568525.0,2025-03-05
415545.0,4568525.0,2025-03-05
415555.0,4568525.0,2025-03-05
415565.0,4568525.0,2025-03-05
415575.0,4568525.0,2025-03-05
415585.0,4568525.0,2025-03-05
415595.0,4568525.0,2025-03-05
415605.0,4568525.0,2025-03-05
415615.0,4568525.0,2025-03-05
415625.0,4568525.0,2025-03-05
415635.0,4568525.0,2025-03-05
415645.0,4568525.0,2025-03-05
415655.0,4568525.0,2025-03-05
415665.0,4568525.0,2025-03-05
415675.0,4568525.0,2025-03-05
415685.0,4568525.0,2025-03-05
415695.0,4568525.0,2025-03-05
415705.0,4568525.0,2025-03-05
415715.0,4568525.0,2025-03-05
415725.0,4568525.0,2025-03-05
415735.0,4568525.0,2025-03-05
415745.0,4568525.0,2025-03-05
415755.0,4568525.0,2025-03-05
415765.0,4568525.0,2025-03-05
415775.0,4568525.0,2025-03-05
415785.0,4568525.0,2025-03-05
415795.0,4568525.0,2025-03-05
415805.0,4568525.0,2025-03-05
415815.0,4568525.0,2025-03-05
415825.0,4568525.0,2025-03-05
415835.0,4568525.0,2025-03-05
415845.0,4568525.0,2025-03-05
415855.0,4568525.0,2025-03-05
415865.0,4568525.0,2025-03-05
415875.0,4568525.0,2025-03-05
415885.0,4568525.0,2025-03-05
415895.0,4568525.0,2025-03-05
415905.0,4568525.0,2025-03-05
415915.0,4568525.0,2025-03-05
415925.0,4568525.0,2025-03-05
415935.0,4568525.0,2025-03-05
415945.0,4568525.0,2025-03-05
415955.0,4568525.0,2025-03-05
415965.0,4568525.0,2025-03-05
415975.0,4568525.0,2025-03-05
415985.0,4568525.0,2025-03-05
415995.0,4568525.0,2025-03-05
416005.0,4568525.0,2025-03-05
416015.0,4568525.0,2025-03-05
416025.0,4568525.0,2025-03-05
416035.0,4568525.0,2025-03-05
416045.0,4568525.0,2025-03-05
416055.0,4568525.0,2025-03-05
416065.0,4568525.0,2025-03-05
416075.0,4568525.0,2025-03-05
416085.0,4568525.0,2025-03-05
416095.0,4568525.0,2025-03-05
416105.0,4568525.0,2025-03-05
416115.0,4568525.0,2025-03-05
416125.0,4568525.0,2025-03-05
416135.0,4568525.0,2025-03-05
416145.0,4568525.0,2025-03-05
416155.0,4568525.0,2025-03-05
416165.0,4568525.0,2025-03-05
416175.0,4568525.0,2025-03-05
416185.0,4568525.0,2025-03-05
416195.0,4568525.0,2025-03-05
416205.0,4568525.0,2025-03-05
416215.0,4568525.0,2025-03-05
416225.0,4568525.0,2025-03-05
416235.0,4568525.0,2025-03-05
416245.0,4568525.0,2025-03-05
416255.0,4568525.0,2025-03-05
416265.0,4568525.0,2025-03-05
416275.0,4568525.0,2025-03-05
416285.0,4568525.0,2025-03-05
416295.0,4568525.0,2025-03-05
416305.0,4568525.0,2025-03-05
416315.0,4568525.0,2025-03-05
416325.0,4568525.0,2025-03-05
416335.0,4568525.0,2025-03-05
416345.0,4568525.0,2025-03-05
416355.0,4568525.0,2025-03-05
416365.0,4568525.0,2025-03-05
416375.0,4568525.0,2025-03-05
416385.0,4568525.0,2025-03-05
416395.0,4568525.0,2025-03-05
416405.0,4568525.0,2025-03-05
416415.0,4568525.0,2025-03-05
416425.0,4568525.0,2025-03-05
416435.0,4568525.0,2025-03-05
416445.0,4568525.0,2025-03-05
416455.0,4568525.0,2025-03-05
414265.0,4568515.0,2025-03-05
414275.0,4568515.0,2025-03-05
414285.0,4568515.0,2025-03-05
414295.0,4568515.0,2025-03-05
414305.0,4568515.0,2025-03-05
414315.0,4568515.0,2025-03-05
414325.0,4568515.0,2025-03-05
414335.0,4568515.0,2025-03-05
414345.0,4568515.0,2025-03-05
414355.0,4568515.0,2025-03-05
414365.0,4568515.0,2025-03-05
414375.0,4568515.0,2025-03-05
414385.0,4568515.0,2025-03-05
414395.0,4568515.0,2025-03-05
414405.0,4568515.0,2025-03-05
414415.0,4568515.0,2025-03-05
414425.0,4568515.0,2025-03-05
414435.0,4568515.0,2025-03-05
414445.0,4568515.0,2025-03-05
414455.0,4568515.0,2025-03-05
414465.0,4568515.0,2025-03-05
414475.0,4568515.0,2025-03-05
414485.0,4568515.0,2025-03-05
414495.0,4568515.0,2025-03-05
414505.0,4568515.0,2025-03-05
414515.0,4568515.0,2025-03-05
414525.0,4568515.0,2025-03-05
414535.0,4568515.0,2025-03-05
414545.0,4568515.0,2025-03-05
414555.0,4568515.0,2025-03-05
414565.0,4568515.0,2025-03-05
414575.0,4568515.0,2025-03-05
414585.0,4568515.0,2025-03-05
414595.0,4568515.0,2025-03-05
414605.0,4568515.0,2025-03-05
414615.0,4568515.0,2025-03-05
414625.0,4568515.0,2025-03-05
414635.0,4568515.0,2025-03-05
414645.0,4568515.0,2025-03-05
414655.0,4568515.0,2025-03-05
414665.0,4568515.0,2025-03-05
414675.0,4568515.0,2025-03-05
414685.0,4568515.0,2025-03-05
414695.0,4568515.0,2025-03-05
414705.0,4568515.0,2025-03-05
414715.0,4568515.0,2025-03-05
414725.0,4568515.0,2025-03-05
414735.0,4568515.0,2025-03-05
414745.0,4568515.0,2025-03-05
414755.0,4568515.0,2025-03-05
414765.0,4568515.0,2025-03-05
414775.0,4568515.0,2025-03-05
414785.0,4568515.0,2025-03-05
414795.0,4568515.0,2025-03-05
414805.0,4568515.0,2025-03-05
414815.0,4568515.0,2025-03-05
414825.0,4568515.0,2025-03-05
414835.0,4568515.0,2025-03-05
414845.0,4568515.0,2025-03-05
414855.0,4568515.0,2025-03-05
414865.0,4568515.0,2025-03-05
414875.0,4568515.0,2025-03-05
414885.0,4568515.0,2025-03-05
414895.0,4568515.0,2025-03-05
414905.0,4568515.0,2025-03-05
414915.0,4568515.0,2025-03-05
414925.0,4568515.0,2025-03-05
414935.0,4568515.0,2025-03-05
414945.0,4568515.0,2025-03-05
414955.0,4568515.0,2025-03-05
414965.0,4568515.0,2025-03-05
414975.0,4568515.0,2025-03-05
414985.0,4568515.0,2025-03-05
414995.0,4568515.0,2025-03-05
415005.0,4568515.0,2025-03-05
415015.0,4568515.0,2025-03-05
415025.0,4568515.0,2025-03-05
415035.0,4568515.0,2025-03-05
415045.0,4568515.0,2025-03-05
415055.0,4568515.0,2025-03-05
415065.0,4568515.0,2025-03-05
415075.0,4568515.0,2025-03-05
415085.0,4568515.0,2025-03-05
415095.0,4568515.0,2025-03-05
415105.0,4568515.0,2025-03-05
415115.0,4568515.0,2025-03-05
415125.0,4568515.0,2025-03-05
415135.0,4568515.0,2025-03-05
415145.0,4568515.0,2025-03-05
415155.0,4568515.0,2025-03-05
415165.0,4568515.0,2025-03-05
415175.0,4568515.0,2025-03-05
415185.0,4568515.0,2025-03-05
415195.0,4568515.0,2025-03-05
415205.0,4568515.0,2025-03-05
415215.0,4568515.0,2025-03-05
415225.0,4568515.0,2025-03-05
415235.0,4568515.0,2025-03-05
415245.0,4568515.0,2025-03-05
415255.0,4568515.0,2025-03-05
415265.0,4568515.0,2025-03-05
415275.0,4568515.0,2025-03-05
415285.0,4568515.0,2025-03-05
415295.0,4568515.0,2025-03-05
415305.0,4568515.0,2025-03-05
415315.0,4568515.0,2025-03-05
415325.0,4568515.0,2025-03-05
415335.0,4568515.0,2025-03-05
415345.0,4568515.0,2025-03-05
415355.0,4568515.0,2025-03-05
415365.0,4568515.0,2025-03-05
415375.0,4568515.0,2025-03-05
415385.0,4568515.0,2025-03-05
415395.0,4568515.0,2025-03-05
415405.0,4568515.0,2025-03-05
415415.0,4568515.0,2025-03-05
415425.0,4568515.0,2025-03-05
415435.0,4568515.0,2025-03-05
415445.0,4568515.0,2025-03-05
415455.0,4568515.0,2025-03-05
415465.0,4568515.0,2025-03-05
415475.0,4568515.0,2025-03-05
415485.0,4568515.0,2025-03-05
415495.0,4568515.0,2025-03-05
415505.0,4568515.0,2025-03-05
415515.0,4568515.0,2025-03-05
415525.0,4568515.0,2025-03-05
415535.0,4568515.0,2025-03-05
415545.0,4568515.0,2025-03-05
415555.0,4568515.0,2025-03-05
415565.0,4568515.0,2025-03-05
415575.0,4568515.0,2025-03-05
415585.0,4568515.0,2025-03-05
415595.0,4568515.0,2025-03-05
415605.0,4568515.0,2025-03-05
415615.0,4568515.0,2025-03-05
415625.0,4568515.0,2025-03-05
415635.0,4568515.0,2025-03-05
415645.0,4568515.0,2025-03-05
415655.0,4568515.0,2025-03-05
415665.0,4568515.0,2025-03-05
415675.0,4568515.0,2025-03-05
415685.0,4568515.0,2025-03-05
415695.0,4568515.0,2025-03-05
415705.0,4568515.0,2025-03-05
415715.0,4568515.0,2025-03-05
415725.0,4568515.0,2025-03-05
415735.0,4568515.0,2025-03-05
415745.0,4568515.0,2025-03-05
415755.0,4568515.0,2025-03-05
415765.0,4568515.0,2025-03-05
415775.0,4568515.0,2025-03-05
415785.0,4568515.0,2025-03-05
415795.0,4568515.0,2025-03-05
415805.0,4568515.0,2025-03-05
415815.0,4568515.0,2025-03-05
415825.0,4568515.0,2025-03-05
415835.0,4568515.0,2025-03-05
415845.0,4568515.0,2025-03-05
415855.0,4568515.0,2025-03-05
415865.0,4568515.0,2025-03-05
415875.0,4568515.0,2025-03-05
415885.0,4568515.0,2025-03-05
415895.0,4568515.0,2025-03-05
415905.0,4568515.0,2025-03-05
415915.0,4568515.0,2025-03-05
415925.0,4568515.0,2025-03-05
415935.0,4568515.0,2025-03-05
415945.0,4568515.0,2025-03-05
415955.0,4568515.0,2025-03-05
415965.0,4568515.0,2025-03-05
415975.0,4568515.0,2025-03-05
415985.0,4568515.0,2025-03-05
415995.0,4568515.0,2025-03-05
416005.0,4568515.0,2025-03-05
416015.0,4568515.0,2025-03-05
416025.0,4568515.0,2025-03-05
416035.0,4568515.0,2025-03-05
416045.0,4568515.0,2025-03-05
416055.0,4568515.0,2025-03-05
416065.0,4568515.0,2025-03-05
416075.0,4568515.0,2025-03-05
416085.0,4568515.0,2025-03-05
416095.0,4568515.0,2025-03-05
416105.0,4568515.0,2025-03-05
416115.0,4568515.0,2025-03-05
416125.0,4568515.0,2025-03-05
416135.0,4568515.0,2025-03-05
416145.0,4568515.0,2025-03-05
416155.0,4568515.0,2025-03-05
416165.0,4568515.0,2025-03-05
416175.0,4568515.0,2025-03-05
416185.0,4568515.0,2025-03-05
416195.0,4568515.0,2025-03-05
416205.0,4568515.0,2025-03-05
416215.0,4568515.0,2025-03-05
416225.0,4568515.0,2025-03-05
416235.0,4568515.0,2025-03-05
416245.0,4568515.0,2025-03-05
416255.0,4568515.0,2025-03-05
416265.0,4568515.0,2025-03-05
416275.0,4568515.0,2025-03-05
416285.0,4568515.0,2025-03-05
416295.0,4568515.0,2025-03-05
416305.0,4568515.0,2025-03-05
416315.0,4568515.0,2025-03-05
416325.0,4568515.0,2025-03-05
416335.0,4568515.0,2025-03-05
416345.0,4568515.0,2025-03-05
416355.0,4568515.0,2025-03-05
416365.0,4568515.0,2025-03-05
416375.0,4568515.0,2025-03-05
416385.0,4568515.0,2025-03-05
416395.0,4568515.0,2025-03-05
416405.0,4568515.0,2025-03-05
416415.0,4568515.0,2025-03-05
416425.0,4568515.0,2025-03-05
416435.0,4568515.0,2025-03-05
416445.0,4568515.0,2025-03-05
416455.0,4568515.0,2025-03-05
415115.0,4568505.0,2025-03-05
415125.0,4568505.0,2025-03-05
415135.0,4568505.0,2025-03-05
415145.0,4568505.0,2025-03-05
415155.0,4568505.0,2025-03-05
415165.0,4568505.0,2025-03-05
415175.0,4568505.0,2025-03-05
415185.0,4568505.0,2025-03-05
415195.0,4568505.0,2025-03-05
415205.0,4568505.0,2025-03-05
415215.0,4568505.0,2025-03-05
415225.0,4568505.0,2025-03-05
415235.0,4568505.0,2025-03-05
415245.0,4568505.0,2025-03-05
415255.0,4568505.0,2025-03-05
415265.0,4568505.0,2025-03-05
415275.0,4568505.0,2025-03-05
415285.0,4568505.0,2025-03-05
415295.0,4568505.0,2025-03-05
415305.0,4568505.0,2025-03-05
415315.0,4568505.0,2025-03-05
415325.0,4568505.0,2025-03-05
415335.0,4568505.0,2025-03-05
415345.0,4568505.0,2025-03-05
415355.0,4568505.0,2025-03-05
415365.0,4568505.0,2025-03-05
415375.0,4568505.0,2025-03-05
415385.0,4568505.0,2025-03-05
415395.0,4568505.0,2025-03-05
415405.0,4568505.0,2025-03-05
415415.0,4568505.0,2025-03-05
415425.0,4568505.0,2025-03-05
415435.0,4568505.0,2025-03-05
415445.0,4568505.0,2025-03-05
415455.0,4568505.0,2025-03-05
415465.0,4568505.0,2025-03-05
415475.0,4568505.0,2025-03-05
415485.0,4568505.0,2025-03-05
415495.0,4568505.0,2025-03-05
415505.0,4568505.0,2025-03-05
415515.0,4568505.0,2025-03-05
415525.0,4568505.0,2025-03-05
415535.0,4568505.0,2025-03-05
415545.0,4568505.0,2025-03-05
415555.0,4568505.0,2025-03-05
415565.0,4568505.0,2025-03-05
415575.0,4568505.0,2025-03-05
415585.0,4568505.0,2025-03-05
415595.0,4568505.0,2025-03-05
415605.0,4568505.0,2025-03-05
415615.0,4568505.0,2025-03-05
415625.0,4568505.0,2025-03-05
415635.0,4568505.0,2025-03-05
415645.0,4568505.0,2025-03-05
415655.0,4568505.0,2025-03-05
415665.0,4568505.0,2025-03-05
415675.0,4568505.0,2025-03-05
415685.0,4568505.0,2025-03-05
415695.0,4568505.0,2025-03-05
415705.0,4568505.0,2025-03-05
415715.0,4568505.0,2025-03-05
415725.0,4568505.0,2025-03-05
415735.0,4568505.0,2025-03-05
415745.0,4568505.0,2025-03-05
415755.0,4568505.0,2025-03-05
415765.0,4568505.0,2025-03-05
415775.0,4568505.0,2025-03-05
415785.0,4568505.0,2025-03-05
415795.0,4568505.0,2025-03-05
415805.0,4568505.0,2025-03-05
415815.0,4568505.0,2025-03-05
415825.0,4568505.0,2025-03-05
415835.0,4568505.0,2025-03-05
415845.0,4568505.0,2025-03-05
415855.0,4568505.0,2025-03-05
415865.0,4568505.0,2025-03-05
415875.0,4568505.0,2025-03-05
415885.0,4568505.0,2025-03-05
415895.0,4568505.0,2025-03-05
415905.0,4568505.0,2025-03-05
415915.0,4568505.0,2025-03-05
415925.0,4568505.0,2025-03-05
415935.0,4568505.0,2025-03-05
415945.0,4568505.0,2025-03-05
415955.0,4568505.0,2025-03-05
415965.0,4568505.0,2025-03-05
415975.0,4568505.0,2025-03-05
415985.0,4568505.0,2025-03-05
415995.0,4568505.0,2025-03-05
416005.0,4568505.0,2025-03-05
416015.0,4568505.0,2025-03-05
416025.0,4568505.0,2025-03-05
416035.0,4568505.0,2025-03-05
416045.0,4568505.0,2025-03-05
416055.0,4568505.0,2025-03-05
416065.0,4568505.0,2025-03-05
416075.0,4568505.0,2025-03-05
416085.0,4568505.0,2025-03-05
416095.0,4568505.0,2025-03-05
416105.0,4568505.0,2025-03-05
416115.0,4568505.0,2025-03-05
416125.0,4568505.0,2025-03-05
416135.0,4568505.0,2025-03-05
416145.0,4568505.0,2025-03-05
416155.0,4568505.0,2025-03-05
416165.0,4568505.0,2025-03-05
416175.0,4568505.0,2025-03-05
416185.0,4568505.0,2025-03-05
416195.0,4568505.0,2025-03-05
416205.0,4568505.0,2025-03-05
416215.0,4568505.0,2025-03-05
416225.0,4568505.0,2025-03-05
416235.0,4568505.0,2025-03-05
416245.0,4568505.0,2025-03-05
416255.0,4568505.0,2025-03-05
416265.0,4568505.0,2025-03-05
416275.0,4568505.0,2025-03-05
416285.0,4568505.0,2025-03-05
416295.0,4568505.0,2025-03-05
416305.0,4568505.0,2025-03-05
416315.0,4568505.0,2025-03-05
416325.0,4568505.0,2025-03-05
416335.0,4568505.0,2025-03-05
416345.0,4568505.0,2025-03-05
416355.0,4568505.0,2025-03-05
416365.0,4568505.0,2025-03-05
416375.0,4568505.0,2025-03-05
416385.0,4568505.0,2025-03-05
416395.0,4568505.0,2025-03-05
416405.0,4568505.0,2025-03-05
416415.0,4568505.0,2025-03-05
416425.0,4568505.0,2025-03-05
416435.0,4568505.0,2025-03-05
416445.0,4568505.0,2025-03-05
416455.0,4568505.0,2025-03-05
415965.0,4568495.0,2025-03-05
415975.0,4568495.0,2025-03-05
415985.0,4568495.0,2025-03-05
415995.0,4568495.0,2025-03-05
416005.0,4568495.0,2025-03-05
416015.0,4568495.0,2025-03-05
416025.0,4568495.0,2025-03-05
416035.0,4568495.0,2025-03-05
416045.0,4568495.0,2025-03-05
416055.0,4568495.0,2025-03-05
416065.0,4568495.0,2025-03-05
416075.0,4568495.0,2025-03-05
416085.0,4568495.0,2025-03-05
416095.0,4568495.0,2025-03-05
416105.0,4568495.0,2025-03-05
416115.0,4568495.0,2025-03-05
416125.0,4568495.0,2025-03-05
416135.0,4568495.0,2025-03-05
416145.0,4568495.0,2025-03-05
416155.0,4568495.0,2025-03-05
416165.0,4568495.0,2025-03-05
416175.0,4568495.0,2025-03-05
416185.0,4568495.0,2025-03-05
416195.0,4568495.0,2025-03-05
416205.0,4568495.0,2025-03-05
416215.0,4568495.0,2025-03-05
416225.0,4568495.0,2025-03-05
416235.0,4568495.0,2025-03-05
416245.0,4568495.0,2025-03-05
416255.0,4568495.0,2025-03-05
416265.0,4568495.0,2025-03-05
416275.0,4568495.0,2025-03-05
416285.0,4568495.0,2025-03-05
416295.0,4568495.0,2025-03-05
416305.0,4568495.0,2025-03-05
416315.0,4568495.0,2025-03-05
416325.0,4568495.0,2025-03-05
416335.0,4568495.0,2025-03-05
416345.0,4568495.0,2025-03-05
416355.0,4568495.0,2025-03-05
416365.0,4568495.0,2025-03-05
416375.0,4568495.0,2025-03-05
416385.0,4568495.0,2025-03-05
416395.0,4568495.0,2025-03-05
416405.0,4568495.0,2025-03-05
416415.0,4568495.0,2025-03-05
416425.0,4568495.0,2025-03-05
416435.0,4568495.0,2025-03-05
416445.0,4568495.0,2025-03-05
416455.0,4568495.0,2025-03-05
