411745.0,4568635.0,2025-05-31
411755.0,4568635.0,2025-05-31
411765.0,4568635.0,2025-05-31
411775.0,4568635.0,2025-05-31
411785.0,4568635.0,2025-05-31
411795.0,4568635.0,2025-05-31
411805.0,4568635.0,2025-05-31
411815.0,4568635.0,2025-05-31
411825.0,4568635.0,2025-05-31
411835.0,4568635.0,2025-05-31
411845.0,4568635.0,2025-05-31
411855.0,4568635.0,2025-05-31
411865.0,4568635.0,2025-05-31
411875.0,4568635.0,2025-05-31
411885.0,4568635.0,2025-05-31
411895.0,4568635.0,2025-05-31
411905.0,4568635.0,2025-05-31
411915.0,4568635.0,2025-05-31
411925.0,4568635.0,2025-05-31
411935.0,4568635.0,2025-05-31
411945.0,4568635.0,2025-05-31
411955.0,4568635.0,2025-05-31
411965.0,4568635.0,2025-05-31
411975.0,4568635.0,2025-05-31
411985.0,4568635.0,2025-05-31
411995.0,4568635.0,2025-05-31
412005.0,4568635.0,2025-05-31
412015.0,4568635.0,2025-05-31
412025.0,4568635.0,2025-05-31
412035.0,4568635.0,2025-05-31
412045.0,4568635.0,2025-05-31
412055.0,4568635.0,2025-05-31
412065.0,4568635.0,2025-05-31
412075.0,4568635.0,2025-05-31
412085.0,4568635.0,2025-05-31
412095.0,4568635.0,2025-05-31
412105.0,4568635.0,2025-05-31
412115.0,4568635.0,2025-05-31
412125.0,4568635.0,2025-05-31
412135.0,4568635.0,2025-05-31
412145.0,4568635.0,2025-05-31
412155.0,4568635.0,2025-05-31
412165.0,4568635.0,2025-05-31
412175.0,4568635.0,2025-05-31
412185.0,4568635.0,2025-05-31
412195.0,4568635.0,2025-05-31
412205.0,4568635.0,2025-05-31
412215.0,4568635.0,2025-05-31
412225.0,4568635.0,2025-05-31
412235.0,4568635.0,2025-05-31
412245.0,4568635.0,2025-05-31
411745.0,4568625.0,2025-05-31
411755.0,4568625.0,2025-05-31
411765.0,4568625.0,2025-05-31
411775.0,4568625.0,2025-05-31
411785.0,4568625.0,2025-05-31
411795.0,4568625.0,2025-05-31
411805.0,4568625.0,2025-05-31
411815.0,4568625.0,2025-05-31
411825.0,4568625.0,2025-05-31
411835.0,4568625.0,2025-05-31
411845.0,4568625.0,2025-05-31
411855.0,4568625.0,2025-05-31
411865.0,4568625.0,2025-05-31
411875.0,4568625.0,2025-05-31
411885.0,4568625.0,2025-05-31
411895.0,4568625.0,2025-05-31
411905.0,4568625.0,2025-05-31
411915.0,4568625.0,2025-05-31
411925.0,4568625.0,2025-05-31
411935.0,4568625.0,2025-05-31
411945.0,4568625.0,2025-05-31
411955.0,4568625.0,2025-05-31
411965.0,4568625.0,2025-05-31
411975.0,4568625.0,2025-05-31
411985.0,4568625.0,2025-05-31
411995.0,4568625.0,2025-05-31
412005.0,4568625.0,2025-05-31
412015.0,4568625.0,2025-05-31
412025.0,4568625.0,2025-05-31
412035.0,4568625.0,2025-05-31
412045.0,4568625.0,2025-05-31
412055.0,4568625.0,2025-05-31
412065.0,4568625.0,2025-05-31
412075.0,4568625.0,2025-05-31
412085.0,4568625.0,2025-05-31
412095.0,4568625.0,2025-05-31
412105.0,4568625.0,2025-05-31
412115.0,4568625.0,2025-05-31
412125.0,4568625.0,2025-05-31
412135.0,4568625.0,2025-05-31
412145.0,4568625.0,2025-05-31
412155.0,4568625.0,2025-05-31
412165.0,4568625.0,2025-05-31
412175.0,4568625.0,2025-05-31
412185.0,4568625.0,2025-05-31
412195.0,4568625.0,2025-05-31
412205.0,4568625.0,2025-05-31
412215.0,4568625.0,2025-05-31
412225.0,4568625.0,2025-05-31
412235.0,4568625.0,2025-05-31
412245.0,4568625.0,2025-05-31
412255.0,4568625.0,2025-05-31
412265.0,4568625.0,2025-05-31
412275.0,4568625.0,2025-05-31
412285.0,4568625.0,2025-05-31
412295.0,4568625.0,2025-05-31
412305.0,4568625.0,2025-05-31
412315.0,4568625.0,2025-05-31
412325.0,4568625.0,2025-05-31
412335.0,4568625.0,2025-05-31
412345.0,4568625.0,2025-05-31
412355.0,4568625.0,2025-05-31
412365.0,4568625.0,2025-05-31
412375.0,4568625.0,2025-05-31
412385.0,4568625.0,2025-05-31
412395.0,4568625.0,2025-05-31
412405.0,4568625.0,2025-05-31
412415.0,4568625.0,2025-05-31
412425.0,4568625.0,2025-05-31
412435.0,4568625.0,2025-05-31
412445.0,4568625.0,2025-05-31
412455.0,4568625.0,2025-05-31
412465.0,4568625.0,2025-05-31
412475.0,4568625.0,2025-05-31
412485.0,4568625.0,2025-05-31
412495.0,4568625.0,2025-05-31
412505.0,4568625.0,2025-05-31
412515.0,4568625.0,2025-05-31
412525.0,4568625.0,2025-05-31
412535.0,4568625.0,2025-05-31
412545.0,4568625.0,2025-05-31
412555.0,4568625.0,2025-05-31
412565.0,4568625.0,2025-05-31
412575.0,4568625.0,2025-05-31
412585.0,4568625.0,2025-05-31
412595.0,4568625.0,2025-05-31
412605.0,4568625.0,2025-05-31
412615.0,4568625.0,2025-05-31
412625.0,4568625.0,2025-05-31
412635.0,4568625.0,2025-05-31
412645.0,4568625.0,2025-05-31
412655.0,4568625.0,2025-05-31
412665.0,4568625.0,2025-05-31
412675.0,4568625.0,2025-05-31
412685.0,4568625.0,2025-05-31
412695.0,4568625.0,2025-05-31
412705.0,4568625.0,2025-05-31
412715.0,4568625.0,2025-05-31
412725.0,4568625.0,2025-05-31
412735.0,4568625.0,2025-05-31
412745.0,4568625.0,2025-05-31
412755.0,4568625.0,2025-05-31
412765.0,4568625.0,2025-05-31
412775.0,4568625.0,2025-05-31
412785.0,4568625.0,2025-05-31
412795.0,4568625.0,2025-05-31
412805.0,4568625.0,2025-05-31
412815.0,4568625.0,2025-05-31
412825.0,4568625.0,2025-05-31
412835.0,4568625.0,2025-05-31
412845.0,4568625.0,2025-05-31
412855.0,4568625.0,2025-05-31
412865.0,4568625.0,2025-05-31
412875.0,4568625.0,2025-05-31
412885.0,4568625.0,2025-05-31
412895.0,4568625.0,2025-05-31
412905.0,4568625.0,2025-05-31
412915.0,4568625.0,2025-05-31
412925.0,4568625.0,2025-05-31
412935.0,4568625.0,2025-05-31
412945.0,4568625.0,2025-05-31
412955.0,4568625.0,2025-05-31
412965.0,4568625.0,2025-05-31
412975.0,4568625.0,2025-05-31
412985.0,4568625.0,2025-05-31
412995.0,4568625.0,2025-05-31
413005.0,4568625.0,2025-05-31
413015.0,4568625.0,2025-05-31
413025.0,4568625.0,2025-05-31
413035.0,4568625.0,2025-05-31
413045.0,4568625.0,2025-05-31
413055.0,4568625.0,2025-05-31
413065.0,4568625.0,2025-05-31
413075.0,4568625.0,2025-05-31
413085.0,4568625.0,2025-05-31
413095.0,4568625.0,2025-05-31
411745.0,4568615.0,2025-05-31
411755.0,4568615.0,2025-05-31
411765.0,4568615.0,2025-05-31
411775.0,4568615.0,2025-05-31
411785.0,4568615.0,2025-05-31
411795.0,4568615.0,2025-05-31
411805.0,4568615.0,2025-05-31
411815.0,4568615.0,2025-05-31
411825.0,4568615.0,2025-05-31
411835.0,4568615.0,2025-05-31
411845.0,4568615.0,2025-05-31
411855.0,4568615.0,2025-05-31
411865.0,4568615.0,2025-05-31
411875.0,4568615.0,2025-05-31
411885.0,4568615.0,2025-05-31
411895.0,4568615.0,2025-05-31
411905.0,4568615.0,2025-05-31
411915.0,4568615.0,2025-05-31
411925.0,4568615.0,2025-05-31
411935.0,4568615.0,2025-05-31
411945.0,4568615.0,2025-05-31
411955.0,4568615.0,2025-05-31
411965.0,4568615.0,2025-05-31
411975.0,4568615.0,2025-05-31
411985.0,4568615.0,2025-05-31
411995.0,4568615.0,2025-05-31
412005.0,4568615.0,2025-05-31
412015.0,4568615.0,2025-05-31
412025.0,4568615.0,2025-05-31
412035.0,4568615.0,2025-05-31
412045.0,4568615.0,2025-05-31
412055.0,4568615.0,2025-05-31
412065.0,4568615.0,2025-05-31
412075.0,4568615.0,2025-05-31
412085.0,4568615.0,2025-05-31
412095.0,4568615.0,2025-05-31
412105.0,4568615.0,2025-05-31
412115.0,4568615.0,2025-05-31
412125.0,4568615.0,2025-05-31
412135.0,4568615.0,2025-05-31
412145.0,4568615.0,2025-05-31
412155.0,4568615.0,2025-05-31
412165.0,4568615.0,2025-05-31
412175.0,4568615.0,2025-05-31
412185.0,4568615.0,2025-05-31
412195.0,4568615.0,2025-05-31
412205.0,4568615.0,2025-05-31
412215.0,4568615.0,2025-05-31
412225.0,4568615.0,2025-05-31
412235.0,4568615.0,2025-05-31
412245.0,4568615.0,2025-05-31
412255.0,4568615.0,2025-05-31
412265.0,4568615.0,2025-05-31
412275.0,4568615.0,2025-05-31
412285.0,4568615.0,2025-05-31
412295.0,4568615.0,2025-05-31
412305.0,4568615.0,2025-05-31
412315.0,4568615.0,2025-05-31
412325.0,4568615.0,2025-05-31
412335.0,4568615.0,2025-05-31
412345.0,4568615.0,2025-05-31
412355.0,4568615.0,2025-05-31
412365.0,4568615.0,2025-05-31
412375.0,4568615.0,2025-05-31
412385.0,4568615.0,2025-05-31
412395.0,4568615.0,2025-05-31
412405.0,4568615.0,2025-05-31
412415.0,4568615.0,2025-05-31
412425.0,4568615.0,2025-05-31
412435.0,4568615.0,2025-05-31
412445.0,4568615.0,2025-05-31
412455.0,4568615.0,2025-05-31
412465.0,4568615.0,2025-05-31
412475.0,4568615.0,2025-05-31
412485.0,4568615.0,2025-05-31
412495.0,4568615.0,2025-05-31
412505.0,4568615.0,2025-05-31
412515.0,4568615.0,2025-05-31
412525.0,4568615.0,2025-05-31
412535.0,4568615.0,2025-05-31
412545.0,4568615.0,2025-05-31
412555.0,4568615.0,2025-05-31
412565.0,4568615.0,2025-05-31
412575.0,4568615.0,2025-05-31
412585.0,4568615.0,2025-05-31
412595.0,4568615.0,2025-05-31
412605.0,4568615.0,2025-05-31
412615.0,4568615.0,2025-05-31
412625.0,4568615.0,2025-05-31
412635.0,4568615.0,2025-05-31
412645.0,4568615.0,2025-05-31
412655.0,4568615.0,2025-05-31
412665.0,4568615.0,2025-05-31
412675.0,4568615.0,2025-05-31
412685.0,4568615.0,2025-05-31
412695.0,4568615.0,2025-05-31
412705.0,4568615.0,2025-05-31
412715.0,4568615.0,2025-05-31
412725.0,4568615.0,2025-05-31
412735.0,4568615.0,2025-05-31
412745.0,4568615.0,2025-05-31
412755.0,4568615.0,2025-05-31
412765.0,4568615.0,2025-05-31
412775.0,4568615.0,2025-05-31
412785.0,4568615.0,2025-05-31
412795.0,4568615.0,2025-05-31
412805.0,4568615.0,2025-05-31
412815.0,4568615.0,2025-05-31
412825.0,4568615.0,2025-05-31
412835.0,4568615.0,2025-05-31
412845.0,4568615.0,2025-05-31
412855.0,4568615.0,2025-05-31
412865.0,4568615.0,2025-05-31
412875.0,4568615.0,2025-05-31
412885.0,4568615.0,2025-05-31
412895.0,4568615.0,2025-05-31
412905.0,4568615.0,2025-05-31
412915.0,4568615.0,2025-05-31
412925.0,4568615.0,2025-05-31
412935.0,4568615.0,2025-05-31
412945.0,4568615.0,2025-05-31
412955.0,4568615.0,2025-05-31
412965.0,4568615.0,2025-05-31
412975.0,4568615.0,2025-05-31
412985.0,4568615.0,2025-05-31
412995.0,4568615.0,2025-05-31
413005.0,4568615.0,2025-05-31
413015.0,4568615.0,2025-05-31
413025.0,4568615.0,2025-05-31
413035.0,4568615.0,2025-05-31
413045.0,4568615.0,2025-05-31
413055.0,4568615.0,2025-05-31
413065.0,4568615.0,2025-05-31
413075.0,4568615.0,2025-05-31
413085.0,4568615.0,2025-05-31
413095.0,4568615.0,2025-05-31
413105.0,4568615.0,2025-05-31
413115.0,4568615.0,2025-05-31
413125.0,4568615.0,2025-05-31
413135.0,4568615.0,2025-05-31
413145.0,4568615.0,2025-05-31
413155.0,4568615.0,2025-05-31
413165.0,4568615.0,2025-05-31
413175.0,4568615.0,2025-05-31
413185.0,4568615.0,2025-05-31
413195.0,4568615.0,2025-05-31
413205.0,4568615.0,2025-05-31
413215.0,4568615.0,2025-05-31
413225.0,4568615.0,2025-05-31
413235.0,4568615.0,2025-05-31
413245.0,4568615.0,2025-05-31
413255.0,4568615.0,2025-05-31
413265.0,4568615.0,2025-05-31
413275.0,4568615.0,2025-05-31
413285.0,4568615.0,2025-05-31
413295.0,4568615.0,2025-05-31
413305.0,4568615.0,2025-05-31
413315.0,4568615.0,2025-05-31
413325.0,4568615.0,2025-05-31
413335.0,4568615.0,2025-05-31
413345.0,4568615.0,2025-05-31
413355.0,4568615.0,2025-05-31
413365.0,4568615.0,2025-05-31
413375.0,4568615.0,2025-05-31
413385.0,4568615.0,2025-05-31
413395.0,4568615.0,2025-05-31
413405.0,4568615.0,2025-05-31
413415.0,4568615.0,2025-05-31
413425.0,4568615.0,2025-05-31
413435.0,4568615.0,2025-05-31
413445.0,4568615.0,2025-05-31
413455.0,4568615.0,2025-05-31
413465.0,4568615.0,2025-05-31
413475.0,4568615.0,2025-05-31
413485.0,4568615.0,2025-05-31
413495.0,4568615.0,2025-05-31
413505.0,4568615.0,2025-05-31
413515.0,4568615.0,2025-05-31
413525.0,4568615.0,2025-05-31
413535.0,4568615.0,2025-05-31
413545.0,4568615.0,2025-05-31
413555.0,4568615.0,2025-05-31
413565.0,4568615.0,2025-05-31
413575.0,4568615.0,2025-05-31
413585.0,4568615.0,2025-05-31
413595.0,4568615.0,2025-05-31
413605.0,4568615.0,2025-05-31
413615.0,4568615.0,2025-05-31
413625.0,4568615.0,2025-05-31
413635.0,4568615.0,2025-05-31
413645.0,4568615.0,2025-05-31
413655.0,4568615.0,2025-05-31
413665.0,4568615.0,2025-05-31
413675.0,4568615.0,2025-05-31
413685.0,4568615.0,2025-05-31
413695.0,4568615.0,2025-05-31
413705.0,4568615.0,2025-05-31
413715.0,4568615.0,2025-05-31
413725.0,4568615.0,2025-05-31
413735.0,4568615.0,2025-05-31
413745.0,4568615.0,2025-05-31
413755.0,4568615.0,2025-05-31
413765.0,4568615.0,2025-05-31
413775.0,4568615.0,2025-05-31
413785.0,4568615.0,2025-05-31
413795.0,4568615.0,2025-05-31
413805.0,4568615.0,2025-05-31
413815.0,4568615.0,2025-05-31
413825.0,4568615.0,2025-05-31
413835.0,4568615.0,2025-05-31
413845.0,4568615.0,2025-05-31
413855.0,4568615.0,2025-05-31
413865.0,4568615.0,2025-05-31
413875.0,4568615.0,2025-05-31
413885.0,4568615.0,2025-05-31
413895.0,4568615.0,2025-05-31
413905.0,4568615.0,2025-05-31
413915.0,4568615.0,2025-05-31
413925.0,4568615.0,2025-05-31
413935.0,4568615.0,2025-05-31
411745.0,4568605.0,2025-05-31
411755.0,4568605.0,2025-05-31
411765.0,4568605.0,2025-05-31
411775.0,4568605.0,2025-05-31
411785.0,4568605.0,2025-05-31
411795.0,4568605.0,2025-05-31
411805.0,4568605.0,2025-05-31
411815.0,4568605.0,2025-05-31
411825.0,4568605.0,2025-05-31
411835.0,4568605.0,2025-05-31
411845.0,4568605.0,2025-05-31
411855.0,4568605.0,2025-05-31
411865.0,4568605.0,2025-05-31
411875.0,4568605.0,2025-05-31
411885.0,4568605.0,2025-05-31
411895.0,4568605.0,2025-05-31
411905.0,4568605.0,2025-05-31
411915.0,4568605.0,2025-05-31
411925.0,4568605.0,2025-05-31
411935.0,4568605.0,2025-05-31
411945.0,4568605.0,2025-05-31
411955.0,4568605.0,2025-05-31
411965.0,4568605.0,2025-05-31
411975.0,4568605.0,2025-05-31
411985.0,4568605.0,2025-05-31
411995.0,4568605.0,2025-05-31
412005.0,4568605.0,2025-05-31
412015.0,4568605.0,2025-05-31
412025.0,4568605.0,2025-05-31
412035.0,4568605.0,2025-05-31
412045.0,4568605.0,2025-05-31
412055.0,4568605.0,2025-05-31
412065.0,4568605.0,2025-05-31
412075.0,4568605.0,2025-05-31
412085.0,4568605.0,2025-05-31
412095.0,4568605.0,2025-05-31
412105.0,4568605.0,2025-05-31
412115.0,4568605.0,2025-05-31
412125.0,4568605.0,2025-05-31
412135.0,4568605.0,2025-05-31
412145.0,4568605.0,2025-05-31
412155.0,4568605.0,2025-05-31
412165.0,4568605.0,2025-05-31
412175.0,4568605.0,2025-05-31
412185.0,4568605.0,2025-05-31
412195.0,4568605.0,2025-05-31
412205.0,4568605.0,2025-05-31
412215.0,4568605.0,2025-05-31
412225.0,4568605.0,2025-05-31
412235.0,4568605.0,2025-05-31
412245.0,4568605.0,2025-05-31
412255.0,4568605.0,2025-05-31
412265.0,4568605.0,2025-05-31
412275.0,4568605.0,2025-05-31
412285.0,4568605.0,2025-05-31
412295.0,4568605.0,2025-05-31
412305.0,4568605.0,2025-05-31
412315.0,4568605.0,2025-05-31
412325.0,4568605.0,2025-05-31
412335.0,4568605.0,2025-05-31
412345.0,4568605.0,2025-05-31
412355.0,4568605.0,2025-05-31
412365.0,4568605.0,2025-05-31
412375.0,4568605.0,2025-05-31
412385.0,4568605.0,2025-05-31
412395.0,4568605.0,2025-05-31
412405.0,4568605.0,2025-05-31
412415.0,4568605.0,2025-05-31
412425.0,4568605.0,2025-05-31
412435.0,4568605.0,2025-05-31
412445.0,4568605.0,2025-05-31
412455.0,4568605.0,2025-05-31
412465.0,4568605.0,2025-05-31
412475.0,4568605.0,2025-05-31
412485.0,4568605.0,2025-05-31
412495.0,4568605.0,2025-05-31
412505.0,4568605.0,2025-05-31
412515.0,4568605.0,2025-05-31
412525.0,4568605.0,2025-05-31
412535.0,4568605.0,2025-05-31
412545.0,4568605.0,2025-05-31
412555.0,4568605.0,2025-05-31
412565.0,4568605.0,2025-05-31
412575.0,4568605.0,2025-05-31
412585.0,4568605.0,2025-05-31
412595.0,4568605.0,2025-05-31
412605.0,4568605.0,2025-05-31
412615.0,4568605.0,2025-05-31
412625.0,4568605.0,2025-05-31
412635.0,4568605.0,2025-05-31
412645.0,4568605.0,2025-05-31
412655.0,4568605.0,2025-05-31
412665.0,4568605.0,2025-05-31
412675.0,4568605.0,2025-05-31
412685.0,4568605.0,2025-05-31
412695.0,4568605.0,2025-05-31
412705.0,4568605.0,2025-05-31
412715.0,4568605.0,2025-05-31
412725.0,4568605.0,2025-05-31
412735.0,4568605.0,2025-05-31
412745.0,4568605.0,2025-05-31
412755.0,4568605.0,2025-05-31
412765.0,4568605.0,2025-05-31
412775.0,4568605.0,2025-05-31
412785.0,4568605.0,2025-05-31
412795.0,4568605.0,2025-05-31
412805.0,4568605.0,2025-05-31
412815.0,4568605.0,2025-05-31
412825.0,4568605.0,2025-05-31
412835.0,4568605.0,2025-05-31
412845.0,4568605.0,2025-05-31
412855.0,4568605.0,2025-05-31
412865.0,4568605.0,2025-05-31
412875.0,4568605.0,2025-05-31
412885.0,4568605.0,2025-05-31
412895.0,4568605.0,2025-05-31
412905.0,4568605.0,2025-05-31
412915.0,4568605.0,2025-05-31
412925.0,4568605.0,2025-05-31
412935.0,4568605.0,2025-05-31
412945.0,4568605.0,2025-05-31
412955.0,4568605.0,2025-05-31
412965.0,4568605.0,2025-05-31
412975.0,4568605.0,2025-05-31
412985.0,4568605.0,2025-05-31
412995.0,4568605.0,2025-05-31
413005.0,4568605.0,2025-05-31
413015.0,4568605.0,2025-05-31
413025.0,4568605.0,2025-05-31
413035.0,4568605.0,2025-05-31
413045.0,4568605.0,2025-05-31
413055.0,4568605.0,2025-05-31
413065.0,4568605.0,2025-05-31
413075.0,4568605.0,2025-05-31
413085.0,4568605.0,2025-05-31
413095.0,4568605.0,2025-05-31
413105.0,4568605.0,2025-05-31
413115.0,4568605.0,2025-05-31
413125.0,4568605.0,2025-05-31
413135.0,4568605.0,2025-05-31
413145.0,4568605.0,2025-05-31
413155.0,4568605.0,2025-05-31
413165.0,4568605.0,2025-05-31
413175.0,4568605.0,2025-05-31
413185.0,4568605.0,2025-05-31
413195.0,4568605.0,2025-05-31
413205.0,4568605.0,2025-05-31
413215.0,4568605.0,2025-05-31
413225.0,4568605.0,2025-05-31
413235.0,4568605.0,2025-05-31
413245.0,4568605.0,2025-05-31
413255.0,4568605.0,2025-05-31
413265.0,4568605.0,2025-05-31
413275.0,4568605.0,2025-05-31
413285.0,4568605.0,2025-05-31
413295.0,4568605.0,2025-05-31
413305.0,4568605.0,2025-05-31
413315.0,4568605.0,2025-05-31
413325.0,4568605.0,2025-05-31
413335.0,4568605.0,2025-05-31
413345.0,4568605.0,2025-05-31
413355.0,4568605.0,2025-05-31
413365.0,4568605.0,2025-05-31
413375.0,4568605.0,2025-05-31
413385.0,4568605.0,2025-05-31
413395.0,4568605.0,2025-05-31
413405.0,4568605.0,2025-05-31
413415.0,4568605.0,2025-05-31
413425.0,4568605.0,2025-05-31
413435.0,4568605.0,2025-05-31
413445.0,4568605.0,2025-05-31
413455.0,4568605.0,2025-05-31
413465.0,4568605.0,2025-05-31
413475.0,4568605.0,2025-05-31
413485.0,4568605.0,2025-05-31
413495.0,4568605.0,2025-05-31
413505.0,4568605.0,2025-05-31
413515.0,4568605.0,2025-05-31
413525.0,4568605.0,2025-05-31
413535.0,4568605.0,2025-05-31
413545.0,4568605.0,2025-05-31
413555.0,4568605.0,2025-05-31
413565.0,4568605.0,2025-05-31
413575.0,4568605.0,2025-05-31
413585.0,4568605.0,2025-05-31
413595.0,4568605.0,2025-05-31
413605.0,4568605.0,2025-05-31
413615.0,4568605.0,2025-05-31
413625.0,4568605.0,2025-05-31
413635.0,4568605.0,2025-05-31
413645.0,4568605.0,2025-05-31
413655.0,4568605.0,2025-05-31
413665.0,4568605.0,2025-05-31
413675.0,4568605.0,2025-05-31
413685.0,4568605.0,2025-05-31
413695.0,4568605.0,2025-05-31
413705.0,4568605.0,2025-05-31
413715.0,4568605.0,2025-05-31
413725.0,4568605.0,2025-05-31
413735.0,4568605.0,2025-05-31
413745.0,4568605.0,2025-05-31
413755.0,4568605.0,2025-05-31
413765.0,4568605.0,2025-05-31
413775.0,4568605.0,2025-05-31
413785.0,4568605.0,2025-05-31
413795.0,4568605.0,2025-05-31
413805.0,4568605.0,2025-05-31
413815.0,4568605.0,2025-05-31
413825.0,4568605.0,2025-05-31
413835.0,4568605.0,2025-05-31
413845.0,4568605.0,2025-05-31
413855.0,4568605.0,2025-05-31
413865.0,4568605.0,2025-05-31
413875.0,4568605.0,2025-05-31
413885.0,4568605.0,2025-05-31
413895.0,4568605.0,2025-05-31
413905.0,4568605.0,2025-05-31
413915.0,4568605.0,2025-05-31
413925.0,4568605.0,2025-05-31
413935.0,4568605.0,2025-05-31
413945.0,4568605.0,2025-05-31
413955.0,4568605.0,2025-05-31
413965.0,4568605.0,2025-05-31
413975.0,4568605.0,2025-05-31
413985.0,4568605.0,2025-05-31
413995.0,4568605.0,2025-05-31
414005.0,4568605.0,2025-05-31
414015.0,4568605.0,2025-05-31
414025.0,4568605.0,2025-05-31
414035.0,4568605.0,2025-05-31
414045.0,4568605.0,2025-05-31
414055.0,4568605.0,2025-05-31
414065.0,4568605.0,2025-05-31
414075.0,4568605.0,2025-05-31
414085.0,4568605.0,2025-05-31
414095.0,4568605.0,2025-05-31
414105.0,4568605.0,2025-05-31
414115.0,4568605.0,2025-05-31
414125.0,4568605.0,2025-05-31
414135.0,4568605.0,2025-05-31
414145.0,4568605.0,2025-05-31
414155.0,4568605.0,2025-05-31
414165.0,4568605.0,2025-05-31
414175.0,4568605.0,2025-05-31
414185.0,4568605.0,2025-05-31
414195.0,4568605.0,2025-05-31
414205.0,4568605.0,2025-05-31
414215.0,4568605.0,2025-05-31
414225.0,4568605.0,2025-05-31
414235.0,4568605.0,2025-05-31
414245.0,4568605.0,2025-05-31
414255.0,4568605.0,2025-05-31
414265.0,4568605.0,2025-05-31
414275.0,4568605.0,2025-05-31
414285.0,4568605.0,2025-05-31
414295.0,4568605.0,2025-05-31
414305.0,4568605.0,2025-05-31
414315.0,4568605.0,2025-05-31
414325.0,4568605.0,2025-05-31
414335.0,4568605.0,2025-05-31
414345.0,4568605.0,2025-05-31
414355.0,4568605.0,2025-05-31
414365.0,4568605.0,2025-05-31
414375.0,4568605.0,2025-05-31
414385.0,4568605.0,2025-05-31
414395.0,4568605.0,2025-05-31
414405.0,4568605.0,2025-05-31
414415.0,4568605.0,2025-05-31
414425.0,4568605.0,2025-05-31
414435.0,4568605.0,2025-05-31
414445.0,4568605.0,2025-05-31
414455.0,4568605.0,2025-05-31
414465.0,4568605.0,2025-05-31
414475.0,4568605.0,2025-05-31
414485.0,4568605.0,2025-05-31
414495.0,4568605.0,2025-05-31
414505.0,4568605.0,2025-05-31
414515.0,4568605.0,2025-05-31
414525.0,4568605.0,2025-05-31
414535.0,4568605.0,2025-05-31
414545.0,4568605.0,2025-05-31
414555.0,4568605.0,2025-05-31
414565.0,4568605.0,2025-05-31
414575.0,4568605.0,2025-05-31
414585.0,4568605.0,2025-05-31
414595.0,4568605.0,2025-05-31
414605.0,4568605.0,2025-05-31
414615.0,4568605.0,2025-05-31
414625.0,4568605.0,2025-05-31
414635.0,4568605.0,2025-05-31
414645.0,4568605.0,2025-05-31
414655.0,4568605.0,2025-05-31
414665.0,4568605.0,2025-05-31
414675.0,4568605.0,2025-05-31
414685.0,4568605.0,2025-05-31
414695.0,4568605.0,2025-05-31
414705.0,4568605.0,2025-05-31
414715.0,4568605.0,2025-05-31
414725.0,4568605.0,2025-05-31
414735.0,4568605.0,2025-05-31
414745.0,4568605.0,2025-05-31
414755.0,4568605.0,2025-05-31
414765.0,4568605.0,2025-05-31
414775.0,4568605.0,2025-05-31
414785.0,4568605.0,2025-05-31
411745.0,4568595.0,2025-05-31
411755.0,4568595.0,2025-05-31
411765.0,4568595.0,2025-05-31
411775.0,4568595.0,2025-05-31
411785.0,4568595.0,2025-05-31
411795.0,4568595.0,2025-05-31
411805.0,4568595.0,2025-05-31
411815.0,4568595.0,2025-05-31
411825.0,4568595.0,2025-05-31
411835.0,4568595.0,2025-05-31
411845.0,4568595.0,2025-05-31
411855.0,4568595.0,2025-05-31
411865.0,4568595.0,2025-05-31
411875.0,4568595.0,2025-05-31
411885.0,4568595.0,2025-05-31
411895.0,4568595.0,2025-05-31
411905.0,4568595.0,2025-05-31
411915.0,4568595.0,2025-05-31
411925.0,4568595.0,2025-05-31
411935.0,4568595.0,2025-05-31
411945.0,4568595.0,2025-05-31
411955.0,4568595.0,2025-05-31
411965.0,4568595.0,2025-05-31
411975.0,4568595.0,2025-05-31
411985.0,4568595.0,2025-05-31
411995.0,4568595.0,2025-05-31
412005.0,4568595.0,2025-05-31
412015.0,4568595.0,2025-05-31
412025.0,4568595.0,2025-05-31
412035.0,4568595.0,2025-05-31
412045.0,4568595.0,2025-05-31
412055.0,4568595.0,2025-05-31
412065.0,4568595.0,2025-05-31
412075.0,4568595.0,2025-05-31
412085.0,4568595.0,2025-05-31
412095.0,4568595.0,2025-05-31
412105.0,4568595.0,2025-05-31
412115.0,4568595.0,2025-05-31
412125.0,4568595.0,2025-05-31
412135.0,4568595.0,2025-05-31
412145.0,4568595.0,2025-05-31
412155.0,4568595.0,2025-05-31
412165.0,4568595.0,2025-05-31
412175.0,4568595.0,2025-05-31
412185.0,4568595.0,2025-05-31
412195.0,4568595.0,2025-05-31
412205.0,4568595.0,2025-05-31
412215.0,4568595.0,2025-05-31
412225.0,4568595.0,2025-05-31
412235.0,4568595.0,2025-05-31
412245.0,4568595.0,2025-05-31
412255.0,4568595.0,2025-05-31
412265.0,4568595.0,2025-05-31
412275.0,4568595.0,2025-05-31
412285.0,4568595.0,2025-05-31
412295.0,4568595.0,2025-05-31
412305.0,4568595.0,2025-05-31
412315.0,4568595.0,2025-05-31
412325.0,4568595.0,2025-05-31
412335.0,4568595.0,2025-05-31
412345.0,4568595.0,2025-05-31
412355.0,4568595.0,2025-05-31
412365.0,4568595.0,2025-05-31
412375.0,4568595.0,2025-05-31
412385.0,4568595.0,2025-05-31
412395.0,4568595.0,2025-05-31
412405.0,4568595.0,2025-05-31
412415.0,4568595.0,2025-05-31
412425.0,4568595.0,2025-05-31
412435.0,4568595.0,2025-05-31
412445.0,4568595.0,2025-05-31
412455.0,4568595.0,2025-05-31
412465.0,4568595.0,2025-05-31
412475.0,4568595.0,2025-05-31
412485.0,4568595.0,2025-05-31
412495.0,4568595.0,2025-05-31
412505.0,4568595.0,2025-05-31
412515.0,4568595.0,2025-05-31
412525.0,4568595.0,2025-05-31
412535.0,4568595.0,2025-05-31
412545.0,4568595.0,2025-05-31
412555.0,4568595.0,2025-05-31
412565.0,4568595.0,2025-05-31
412575.0,4568595.0,2025-05-31
412585.0,4568595.0,2025-05-31
412595.0,4568595.0,2025-05-31
412605.0,4568595.0,2025-05-31
412615.0,4568595.0,2025-05-31
412625.0,4568595.0,2025-05-31
412635.0,4568595.0,2025-05-31
412645.0,4568595.0,2025-05-31
412655.0,4568595.0,2025-05-31
412665.0,4568595.0,2025-05-31
412675.0,4568595.0,2025-05-31
412685.0,4568595.0,2025-05-31
412695.0,4568595.0,2025-05-31
412705.0,4568595.0,2025-05-31
412715.0,4568595.0,2025-05-31
412725.0,4568595.0,2025-05-31
412735.0,4568595.0,2025-05-31
412745.0,4568595.0,2025-05-31
412755.0,4568595.0,2025-05-31
412765.0,4568595.0,2025-05-31
412775.0,4568595.0,2025-05-31
412785.0,4568595.0,2025-05-31
412795.0,4568595.0,2025-05-31
412805.0,4568595.0,2025-05-31
412815.0,4568595.0,2025-05-31
412825.0,4568595.0,2025-05-31
412835.0,4568595.0,2025-05-31
412845.0,4568595.0,2025-05-31
412855.0,4568595.0,2025-05-31
412865.0,4568595.0,2025-05-31
412875.0,4568595.0,2025-05-31
412885.0,4568595.0,2025-05-31
412895.0,4568595.0,2025-05-31
412905.0,4568595.0,2025-05-31
412915.0,4568595.0,2025-05-31
412925.0,4568595.0,2025-05-31
412935.0,4568595.0,2025-05-31
412945.0,4568595.0,2025-05-31
412955.0,4568595.0,2025-05-31
412965.0,4568595.0,2025-05-31
412975.0,4568595.0,2025-05-31
412985.0,4568595.0,2025-05-31
412995.0,4568595.0,2025-05-31
413005.0,4568595.0,2025-05-31
413015.0,4568595.0,2025-05-31
413025.0,4568595.0,2025-05-31
413035.0,4568595.0,2025-05-31
413045.0,4568595.0,2025-05-31
413055.0,4568595.0,2025-05-31
413065.0,4568595.0,2025-05-31
413075.0,4568595.0,2025-05-31
413085.0,4568595.0,2025-05-31
413095.0,4568595.0,2025-05-31
413105.0,4568595.0,2025-05-31
413115.0,4568595.0,2025-05-31
413125.0,4568595.0,2025-05-31
413135.0,4568595.0,2025-05-31
413145.0,4568595.0,2025-05-31
413155.0,4568595.0,2025-05-31
413165.0,4568595.0,2025-05-31
413175.0,4568595.0,2025-05-31
413185.0,4568595.0,2025-05-31
413195.0,4568595.0,2025-05-31
413205.0,4568595.0,2025-05-31
413215.0,4568595.0,2025-05-31
413225.0,4568595.0,2025-05-31
413235.0,4568595.0,2025-05-31
413245.0,4568595.0,2025-05-31
413255.0,4568595.0,2025-05-31
413265.0,4568595.0,2025-05-31
413275.0,4568595.0,2025-05-31
413285.0,4568595.0,2025-05-31
413295.0,4568595.0,2025-05-31
413305.0,4568595.0,2025-05-31
413315.0,4568595.0,2025-05-31
413325.0,4568595.0,2025-05-31
413335.0,4568595.0,2025-05-31
413345.0,4568595.0,2025-05-31
413355.0,4568595.0,2025-05-31
413365.0,4568595.0,2025-05-31
413375.0,4568595.0,2025-05-31
413385.0,4568595.0,2025-05-31
413395.0,4568595.0,2025-05-31
413405.0,4568595.0,2025-05-31
413415.0,4568595.0,2025-05-31
413425.0,4568595.0,2025-05-31
413435.0,4568595.0,2025-05-31
413445.0,4568595.0,2025-05-31
413455.0,4568595.0,2025-05-31
413465.0,4568595.0,2025-05-31
413475.0,4568595.0,2025-05-31
413485.0,4568595.0,2025-05-31
413495.0,4568595.0,2025-05-31
413505.0,4568595.0,2025-05-31
413515.0,4568595.0,2025-05-31
413525.0,4568595.0,2025-05-31
413535.0,4568595.0,2025-05-31
413545.0,4568595.0,2025-05-31
413555.0,4568595.0,2025-05-31
413565.0,4568595.0,2025-05-31
413575.0,4568595.0,2025-05-31
413585.0,4568595.0,2025-05-31
413595.0,4568595.0,2025-05-31
413605.0,4568595.0,2025-05-31
413615.0,4568595.0,2025-05-31
413625.0,4568595.0,2025-05-31
413635.0,4568595.0,2025-05-31
413645.0,4568595.0,2025-05-31
413655.0,4568595.0,2025-05-31
413665.0,4568595.0,2025-05-31
413675.0,4568595.0,2025-05-31
413685.0,4568595.0,2025-05-31
413695.0,4568595.0,2025-05-31
413705.0,4568595.0,2025-05-31
413715.0,4568595.0,2025-05-31
413725.0,4568595.0,2025-05-31
413735.0,4568595.0,2025-05-31
413745.0,4568595.0,2025-05-31
413755.0,4568595.0,2025-05-31
413765.0,4568595.0,2025-05-31
413775.0,4568595.0,2025-05-31
413785.0,4568595.0,2025-05-31
413795.0,4568595.0,2025-05-31
413805.0,4568595.0,2025-05-31
413815.0,4568595.0,2025-05-31
413825.0,4568595.0,2025-05-31
413835.0,4568595.0,2025-05-31
413845.0,4568595.0,2025-05-31
413855.0,4568595.0,2025-05-31
413865.0,4568595.0,2025-05-31
413875.0,4568595.0,2025-05-31
413885.0,4568595.0,2025-05-31
413895.0,4568595.0,2025-05-31
413905.0,4568595.0,2025-05-31
413915.0,4568595.0,2025-05-31
413925.0,4568595.0,2025-05-31
413935.0,4568595.0,2025-05-31
413945.0,4568595.0,2025-05-31
413955.0,4568595.0,2025-05-31
413965.0,4568595.0,2025-05-31
413975.0,4568595.0,2025-05-31
413985.0,4568595.0,2025-05-31
413995.0,4568595.0,2025-05-31
414005.0,4568595.0,2025-05-31
414015.0,4568595.0,2025-05-31
414025.0,4568595.0,2025-05-31
414035.0,4568595.0,2025-05-31
414045.0,4568595.0,2025-05-31
414055.0,4568595.0,2025-05-31
414065.0,4568595.0,2025-05-31
414075.0,4568595.0,2025-05-31
414085.0,4568595.0,2025-05-31
414095.0,4568595.0,2025-05-31
414105.0,4568595.0,2025-05-31
414115.0,4568595.0,2025-05-31
414125.0,4568595.0,2025-05-31
414135.0,4568595.0,2025-05-31
414145.0,4568595.0,2025-05-31
414155.0,4568595.0,2025-05-31
414165.0,4568595.0,2025-05-31
414175.0,4568595.0,2025-05-31
414185.0,4568595.0,2025-05-31
414195.0,4568595.0,2025-05-31
414205.0,4568595.0,2025-05-31
414215.0,4568595.0,2025-05-31
414225.0,4568595.0,2025-05-31
414235.0,4568595.0,2025-05-31
414245.0,4568595.0,2025-05-31
414255.0,4568595.0,2025-05-31
414265.0,4568595.0,2025-05-31
414275.0,4568595.0,2025-05-31
414285.0,4568595.0,2025-05-31
414295.0,4568595.0,2025-05-31
414305.0,4568595.0,2025-05-31
414315.0,4568595.0,2025-05-31
414325.0,4568595.0,2025-05-31
414335.0,4568595.0,2025-05-31
414345.0,4568595.0,2025-05-31
414355.0,4568595.0,2025-05-31
414365.0,4568595.0,2025-05-31
414375.0,4568595.0,2025-05-31
414385.0,4568595.0,2025-05-31
414395.0,4568595.0,2025-05-31
414405.0,4568595.0,2025-05-31
414415.0,4568595.0,2025-05-31
414425.0,4568595.0,2025-05-31
414435.0,4568595.0,2025-05-31
414445.0,4568595.0,2025-05-31
414455.0,4568595.0,2025-05-31
414465.0,4568595.0,2025-05-31
414475.0,4568595.0,2025-05-31
414485.0,4568595.0,2025-05-31
414495.0,4568595.0,2025-05-31
414505.0,4568595.0,2025-05-31
414515.0,4568595.0,2025-05-31
414525.0,4568595.0,2025-05-31
414535.0,4568595.0,2025-05-31
414545.0,4568595.0,2025-05-31
414555.0,4568595.0,2025-05-31
414565.0,4568595.0,2025-05-31
414575.0,4568595.0,2025-05-31
414585.0,4568595.0,2025-05-31
414595.0,4568595.0,2025-05-31
414605.0,4568595.0,2025-05-31
414615.0,4568595.0,2025-05-31
414625.0,4568595.0,2025-05-31
414635.0,4568595.0,2025-05-31
414645.0,4568595.0,2025-05-31
414655.0,4568595.0,2025-05-31
414665.0,4568595.0,2025-05-31
414675.0,4568595.0,2025-05-31
414685.0,4568595.0,2025-05-31
414695.0,4568595.0,2025-05-31
414705.0,4568595.0,2025-05-31
414715.0,4568595.0,2025-05-31
414725.0,4568595.0,2025-05-31
414735.0,4568595.0,2025-05-31
414745.0,4568595.0,2025-05-31
414755.0,4568595.0,2025-05-31
414765.0,4568595.0,2025-05-31
414775.0,4568595.0,2025-05-31
414785.0,4568595.0,2025-05-31
414795.0,4568595.0,2025-05-31
414805.0,4568595.0,2025-05-31
414815.0,4568595.0,2025-05-31
414825.0,4568595.0,2025-05-31
414835.0,4568595.0,2025-05-31
414845.0,4568595.0,2025-05-31
414855.0,4568595.0,2025-05-31
414865.0,4568595.0,2025-05-31
414875.0,4568595.0,2025-05-31
414885.0,4568595.0,2025-05-31
414895.0,4568595.0,2025-05-31
414905.0,4568595.0,2025-05-31
414915.0,4568595.0,2025-05-31
414925.0,4568595.0,2025-05-31
414935.0,4568595.0,2025-05-31
414945.0,4568595.0,2025-05-31
414955.0,4568595.0,2025-05-31
414965.0,4568595.0,2025-05-31
414975.0,4568595.0,2025-05-31
414985.0,4568595.0,2025-05-31
414995.0,4568595.0,2025-05-31
415005.0,4568595.0,2025-05-31
415015.0,4568595.0,2025-05-31
415025.0,4568595.0,2025-05-31
415035.0,4568595.0,2025-05-31
415045.0,4568595.0,2025-05-31
415055.0,4568595.0,2025-05-31
415065.0,4568595.0,2025-05-31
415075.0,4568595.0,2025-05-31
415085.0,4568595.0,2025-05-31
415095.0,4568595.0,2025-05-31
415105.0,4568595.0,2025-05-31
415115.0,4568595.0,2025-05-31
415125.0,4568595.0,2025-05-31
415135.0,4568595.0,2025-05-31
415145.0,4568595.0,2025-05-31
415155.0,4568595.0,2025-05-31
415165.0,4568595.0,2025-05-31
415175.0,4568595.0,2025-05-31
415185.0,4568595.0,2025-05-31
415195.0,4568595.0,2025-05-31
415205.0,4568595.0,2025-05-31
415215.0,4568595.0,2025-05-31
415225.0,4568595.0,2025-05-31
415235.0,4568595.0,2025-05-31
415245.0,4568595.0,2025-05-31
415255.0,4568595.0,2025-05-31
415265.0,4568595.0,2025-05-31
415275.0,4568595.0,2025-05-31
415285.0,4568595.0,2025-05-31
415295.0,4568595.0,2025-05-31
415305.0,4568595.0,2025-05-31
415315.0,4568595.0,2025-05-31
415325.0,4568595.0,2025-05-31
415335.0,4568595.0,2025-05-31
415345.0,4568595.0,2025-05-31
415355.0,4568595.0,2025-05-31
415365.0,4568595.0,2025-05-31
415375.0,4568595.0,2025-05-31
415385.0,4568595.0,2025-05-31
415395.0,4568595.0,2025-05-31
415405.0,4568595.0,2025-05-31
415415.0,4568595.0,2025-05-31
415425.0,4568595.0,2025-05-31
415435.0,4568595.0,2025-05-31
415445.0,4568595.0,2025-05-31
415455.0,4568595.0,2025-05-31
415465.0,4568595.0,2025-05-31
415475.0,4568595.0,2025-05-31
415485.0,4568595.0,2025-05-31
415495.0,4568595.0,2025-05-31
415505.0,4568595.0,2025-05-31
415515.0,4568595.0,2025-05-31
415525.0,4568595.0,2025-05-31
415535.0,4568595.0,2025-05-31
415545.0,4568595.0,2025-05-31
415555.0,4568595.0,2025-05-31
415565.0,4568595.0,2025-05-31
415575.0,4568595.0,2025-05-31
415585.0,4568595.0,2025-05-31
415595.0,4568595.0,2025-05-31
415605.0,4568595.0,2025-05-31
415615.0,4568595.0,2025-05-31
415625.0,4568595.0,2025-05-31
415635.0,4568595.0,2025-05-31
411745.0,4568585.0,2025-05-31
411755.0,4568585.0,2025-05-31
411765.0,4568585.0,2025-05-31
411775.0,4568585.0,2025-05-31
411785.0,4568585.0,2025-05-31
411795.0,4568585.0,2025-05-31
411805.0,4568585.0,2025-05-31
411815.0,4568585.0,2025-05-31
411825.0,4568585.0,2025-05-31
411835.0,4568585.0,2025-05-31
411845.0,4568585.0,2025-05-31
411855.0,4568585.0,2025-05-31
411865.0,4568585.0,2025-05-31
411875.0,4568585.0,2025-05-31
411885.0,4568585.0,2025-05-31
411895.0,4568585.0,2025-05-31
411905.0,4568585.0,2025-05-31
411915.0,4568585.0,2025-05-31
411925.0,4568585.0,2025-05-31
411935.0,4568585.0,2025-05-31
411945.0,4568585.0,2025-05-31
411955.0,4568585.0,2025-05-31
411965.0,4568585.0,2025-05-31
411975.0,4568585.0,2025-05-31
411985.0,4568585.0,2025-05-31
411995.0,4568585.0,2025-05-31
412005.0,4568585.0,2025-05-31
412015.0,4568585.0,2025-05-31
412025.0,4568585.0,2025-05-31
412035.0,4568585.0,2025-05-31
412045.0,4568585.0,2025-05-31
412055.0,4568585.0,2025-05-31
412065.0,4568585.0,2025-05-31
412075.0,4568585.0,2025-05-31
412085.0,4568585.0,2025-05-31
412095.0,4568585.0,2025-05-31
412105.0,4568585.0,2025-05-31
412115.0,4568585.0,2025-05-31
412125.0,4568585.0,2025-05-31
412135.0,4568585.0,2025-05-31
412145.0,4568585.0,2025-05-31
412155.0,4568585.0,2025-05-31
412165.0,4568585.0,2025-05-31
412175.0,4568585.0,2025-05-31
412185.0,4568585.0,2025-05-31
412195.0,4568585.0,2025-05-31
412205.0,4568585.0,2025-05-31
412215.0,4568585.0,2025-05-31
412225.0,4568585.0,2025-05-31
412235.0,4568585.0,2025-05-31
412245.0,4568585.0,2025-05-31
412255.0,4568585.0,2025-05-31
412265.0,4568585.0,2025-05-31
412275.0,4568585.0,2025-05-31
412285.0,4568585.0,2025-05-31
412295.0,4568585.0,2025-05-31
412305.0,4568585.0,2025-05-31
412315.0,4568585.0,2025-05-31
412325.0,4568585.0,2025-05-31
412335.0,4568585.0,2025-05-31
412345.0,4568585.0,2025-05-31
412355.0,4568585.0,2025-05-31
412365.0,4568585.0,2025-05-31
412375.0,4568585.0,2025-05-31
412385.0,4568585.0,2025-05-31
412395.0,4568585.0,2025-05-31
412405.0,4568585.0,2025-05-31
412415.0,4568585.0,2025-05-31
412425.0,4568585.0,2025-05-31
412435.0,4568585.0,2025-05-31
412445.0,4568585.0,2025-05-31
412455.0,4568585.0,2025-05-31
412465.0,4568585.0,2025-05-31
412475.0,4568585.0,2025-05-31
412485.0,4568585.0,2025-05-31
412495.0,4568585.0,2025-05-31
412505.0,4568585.0,2025-05-31
412515.0,4568585.0,2025-05-31
412525.0,4568585.0,2025-05-31
412535.0,4568585.0,2025-05-31
412545.0,4568585.0,2025-05-31
412555.0,4568585.0,2025-05-31
412565.0,4568585.0,2025-05-31
412575.0,4568585.0,2025-05-31
412585.0,4568585.0,2025-05-31
412595.0,4568585.0,2025-05-31
412605.0,4568585.0,2025-05-31
412615.0,4568585.0,2025-05-31
412625.0,4568585.0,2025-05-31
412635.0,4568585.0,2025-05-31
412645.0,4568585.0,2025-05-31
412655.0,4568585.0,2025-05-31
412665.0,4568585.0,2025-05-31
412675.0,4568585.0,2025-05-31
412685.0,4568585.0,2025-05-31
412695.0,4568585.0,2025-05-31
412705.0,4568585.0,2025-05-31
412715.0,4568585.0,2025-05-31
412725.0,4568585.0,2025-05-31
412735.0,4568585.0,2025-05-31
412745.0,4568585.0,2025-05-31
412755.0,4568585.0,2025-05-31
412765.0,4568585.0,2025-05-31
412775.0,4568585.0,2025-05-31
412785.0,4568585.0,2025-05-31
412795.0,4568585.0,2025-05-31
412805.0,4568585.0,2025-05-31
412815.0,4568585.0,2025-05-31
412825.0,4568585.0,2025-05-31
412835.0,4568585.0,2025-05-31
412845.0,4568585.0,2025-05-31
412855.0,4568585.0,2025-05-31
412865.0,4568585.0,2025-05-31
412875.0,4568585.0,2025-05-31
412885.0,4568585.0,2025-05-31
412895.0,4568585.0,2025-05-31
412905.0,4568585.0,2025-05-31
412915.0,4568585.0,2025-05-31
412925.0,4568585.0,2025-05-31
412935.0,4568585.0,2025-05-31
412945.0,4568585.0,2025-05-31
412955.0,4568585.0,2025-05-31
412965.0,4568585.0,2025-05-31
412975.0,4568585.0,2025-05-31
412985.0,4568585.0,2025-05-31
412995.0,4568585.0,2025-05-31
413005.0,4568585.0,2025-05-31
413015.0,4568585.0,2025-05-31
413025.0,4568585.0,2025-05-31
413035.0,4568585.0,2025-05-31
413045.0,4568585.0,2025-05-31
413055.0,4568585.0,2025-05-31
413065.0,4568585.0,2025-05-31
413075.0,4568585.0,2025-05-31
413085.0,4568585.0,2025-05-31
413095.0,4568585.0,2025-05-31
413105.0,4568585.0,2025-05-31
413115.0,4568585.0,2025-05-31
413125.0,4568585.0,2025-05-31
413135.0,4568585.0,2025-05-31
413145.0,4568585.0,2025-05-31
413155.0,4568585.0,2025-05-31
413165.0,4568585.0,2025-05-31
413175.0,4568585.0,2025-05-31
413185.0,4568585.0,2025-05-31
413195.0,4568585.0,2025-05-31
413205.0,4568585.0,2025-05-31
413215.0,4568585.0,2025-05-31
413225.0,4568585.0,2025-05-31
413235.0,4568585.0,2025-05-31
413245.0,4568585.0,2025-05-31
413255.0,4568585.0,2025-05-31
413265.0,4568585.0,2025-05-31
413275.0,4568585.0,2025-05-31
413285.0,4568585.0,2025-05-31
413295.0,4568585.0,2025-05-31
413305.0,4568585.0,2025-05-31
413315.0,4568585.0,2025-05-31
413325.0,4568585.0,2025-05-31
413335.0,4568585.0,2025-05-31
413345.0,4568585.0,2025-05-31
413355.0,4568585.0,2025-05-31
413365.0,4568585.0,2025-05-31
413375.0,4568585.0,2025-05-31
413385.0,4568585.0,2025-05-31
413395.0,4568585.0,2025-05-31
413405.0,4568585.0,2025-05-31
413415.0,4568585.0,2025-05-31
413425.0,4568585.0,2025-05-31
413435.0,4568585.0,2025-05-31
413445.0,4568585.0,2025-05-31
413455.0,4568585.0,2025-05-31
413465.0,4568585.0,2025-05-31
413475.0,4568585.0,2025-05-31
413485.0,4568585.0,2025-05-31
413495.0,4568585.0,2025-05-31
413505.0,4568585.0,2025-05-31
413515.0,4568585.0,2025-05-31
413525.0,4568585.0,2025-05-31
413535.0,4568585.0,2025-05-31
413545.0,4568585.0,2025-05-31
413555.0,4568585.0,2025-05-31
413565.0,4568585.0,2025-05-31
413575.0,4568585.0,2025-05-31
413585.0,4568585.0,2025-05-31
413595.0,4568585.0,2025-05-31
413605.0,4568585.0,2025-05-31
413615.0,4568585.0,2025-05-31
413625.0,4568585.0,2025-05-31
413635.0,4568585.0,2025-05-31
413645.0,4568585.0,2025-05-31
413655.0,4568585.0,2025-05-31
413665.0,4568585.0,2025-05-31
413675.0,4568585.0,2025-05-31
413685.0,4568585.0,2025-05-31
413695.0,4568585.0,2025-05-31
413705.0,4568585.0,2025-05-31
413715.0,4568585.0,2025-05-31
413725.0,4568585.0,2025-05-31
413735.0,4568585.0,2025-05-31
413745.0,4568585.0,2025-05-31
413755.0,4568585.0,2025-05-31
413765.0,4568585.0,2025-05-31
413775.0,4568585.0,2025-05-31
413785.0,4568585.0,2025-05-31
413795.0,4568585.0,2025-05-31
413805.0,4568585.0,2025-05-31
413815.0,4568585.0,2025-05-31
413825.0,4568585.0,2025-05-31
413835.0,4568585.0,2025-05-31
413845.0,4568585.0,2025-05-31
413855.0,4568585.0,2025-05-31
413865.0,4568585.0,2025-05-31
413875.0,4568585.0,2025-05-31
413885.0,4568585.0,2025-05-31
413895.0,4568585.0,2025-05-31
413905.0,4568585.0,2025-05-31
413915.0,4568585.0,2025-05-31
413925.0,4568585.0,2025-05-31
413935.0,4568585.0,2025-05-31
413945.0,4568585.0,2025-05-31
413955.0,4568585.0,2025-05-31
413965.0,4568585.0,2025-05-31
413975.0,4568585.0,2025-05-31
413985.0,4568585.0,2025-05-31
413995.0,4568585.0,2025-05-31
414005.0,4568585.0,2025-05-31
414015.0,4568585.0,2025-05-31
414025.0,4568585.0,2025-05-31
414035.0,4568585.0,2025-05-31
414045.0,4568585.0,2025-05-31
414055.0,4568585.0,2025-05-31
414065.0,4568585.0,2025-05-31
414075.0,4568585.0,2025-05-31
414085.0,4568585.0,2025-05-31
414095.0,4568585.0,2025-05-31
414105.0,4568585.0,2025-05-31
414115.0,4568585.0,2025-05-31
414125.0,4568585.0,2025-05-31
414135.0,4568585.0,2025-05-31
414145.0,4568585.0,2025-05-31
414155.0,4568585.0,2025-05-31
414165.0,4568585.0,2025-05-31
414175.0,4568585.0,2025-05-31
414185.0,4568585.0,2025-05-31
414195.0,4568585.0,2025-05-31
414205.0,4568585.0,2025-05-31
414215.0,4568585.0,2025-05-31
414225.0,4568585.0,2025-05-31
414235.0,4568585.0,2025-05-31
414245.0,4568585.0,2025-05-31
414255.0,4568585.0,2025-05-31
414265.0,4568585.0,2025-05-31
414275.0,4568585.0,2025-05-31
414285.0,4568585.0,2025-05-31
414295.0,4568585.0,2025-05-31
414305.0,4568585.0,2025-05-31
414315.0,4568585.0,2025-05-31
414325.0,4568585.0,2025-05-31
414335.0,4568585.0,2025-05-31
414345.0,4568585.0,2025-05-31
414355.0,4568585.0,2025-05-31
414365.0,4568585.0,2025-05-31
414375.0,4568585.0,2025-05-31
414385.0,4568585.0,2025-05-31
414395.0,4568585.0,2025-05-31
414405.0,4568585.0,2025-05-31
414415.0,4568585.0,2025-05-31
414425.0,4568585.0,2025-05-31
414435.0,4568585.0,2025-05-31
414445.0,4568585.0,2025-05-31
414455.0,4568585.0,2025-05-31
414465.0,4568585.0,2025-05-31
414475.0,4568585.0,2025-05-31
414485.0,4568585.0,2025-05-31
414495.0,4568585.0,2025-05-31
414505.0,4568585.0,2025-05-31
414515.0,4568585.0,2025-05-31
414525.0,4568585.0,2025-05-31
414535.0,4568585.0,2025-05-31
414545.0,4568585.0,2025-05-31
414555.0,4568585.0,2025-05-31
414565.0,4568585.0,2025-05-31
414575.0,4568585.0,2025-05-31
414585.0,4568585.0,2025-05-31
414595.0,4568585.0,2025-05-31
414605.0,4568585.0,2025-05-31
414615.0,4568585.0,2025-05-31
414625.0,4568585.0,2025-05-31
414635.0,4568585.0,2025-05-31
414645.0,4568585.0,2025-05-31
414655.0,4568585.0,2025-05-31
414665.0,4568585.0,2025-05-31
414675.0,4568585.0,2025-05-31
414685.0,4568585.0,2025-05-31
414695.0,4568585.0,2025-05-31
414705.0,4568585.0,2025-05-31
414715.0,4568585.0,2025-05-31
414725.0,4568585.0,2025-05-31
414735.0,4568585.0,2025-05-31
414745.0,4568585.0,2025-05-31
414755.0,4568585.0,2025-05-31
414765.0,4568585.0,2025-05-31
414775.0,4568585.0,2025-05-31
414785.0,4568585.0,2025-05-31
414795.0,4568585.0,2025-05-31
414805.0,4568585.0,2025-05-31
414815.0,4568585.0,2025-05-31
414825.0,4568585.0,2025-05-31
414835.0,4568585.0,2025-05-31
414845.0,4568585.0,2025-05-31
414855.0,4568585.0,2025-05-31
414865.0,4568585.0,2025-05-31
414875.0,4568585.0,2025-05-31
414885.0,4568585.0,2025-05-31
414895.0,4568585.0,2025-05-31
414905.0,4568585.0,2025-05-31
414915.0,4568585.0,2025-05-31
414925.0,4568585.0,2025-05-31
414935.0,4568585.0,2025-05-31
414945.0,4568585.0,2025-05-31
414955.0,4568585.0,2025-05-31
414965.0,4568585.0,2025-05-31
414975.0,4568585.0,2025-05-31
414985.0,4568585.0,2025-05-31
414995.0,4568585.0,2025-05-31
415005.0,4568585.0,2025-05-31
415015.0,4568585.0,2025-05-31
415025.0,4568585.0,2025-05-31
415035.0,4568585.0,2025-05-31
415045.0,4568585.0,2025-05-31
415055.0,4568585.0,2025-05-31
415065.0,4568585.0,2025-05-31
415075.0,4568585.0,2025-05-31
415085.0,4568585.0,2025-05-31
415095.0,4568585.0,2025-05-31
415105.0,4568585.0,2025-05-31
415115.0,4568585.0,2025-05-31
415125.0,4568585.0,2025-05-31
415135.0,4568585.0,2025-05-31
415145.0,4568585.0,2025-05-31
415155.0,4568585.0,2025-05-31
415165.0,4568585.0,2025-05-31
415175.0,4568585.0,2025-05-31
415185.0,4568585.0,2025-05-31
415195.0,4568585.0,2025-05-31
415205.0,4568585.0,2025-05-31
415215.0,4568585.0,2025-05-31
415225.0,4568585.0,2025-05-31
415235.0,4568585.0,2025-05-31
415245.0,4568585.0,2025-05-31
415255.0,4568585.0,2025-05-31
415265.0,4568585.0,2025-05-31
415275.0,4568585.0,2025-05-31
415285.0,4568585.0,2025-05-31
415295.0,4568585.0,2025-05-31
415305.0,4568585.0,2025-05-31
415315.0,4568585.0,2025-05-31
415325.0,4568585.0,2025-05-31
415335.0,4568585.0,2025-05-31
415345.0,4568585.0,2025-05-31
415355.0,4568585.0,2025-05-31
415365.0,4568585.0,2025-05-31
415375.0,4568585.0,2025-05-31
415385.0,4568585.0,2025-05-31
415395.0,4568585.0,2025-05-31
415405.0,4568585.0,2025-05-31
415415.0,4568585.0,2025-05-31
415425.0,4568585.0,2025-05-31
415435.0,4568585.0,2025-05-31
415445.0,4568585.0,2025-05-31
415455.0,4568585.0,2025-05-31
415465.0,4568585.0,2025-05-31
415475.0,4568585.0,2025-05-31
415485.0,4568585.0,2025-05-31
415495.0,4568585.0,2025-05-31
415505.0,4568585.0,2025-05-31
415515.0,4568585.0,2025-05-31
415525.0,4568585.0,2025-05-31
415535.0,4568585.0,2025-05-31
415545.0,4568585.0,2025-05-31
415555.0,4568585.0,2025-05-31
415565.0,4568585.0,2025-05-31
415575.0,4568585.0,2025-05-31
415585.0,4568585.0,2025-05-31
415595.0,4568585.0,2025-05-31
415605.0,4568585.0,2025-05-31
415615.0,4568585.0,2025-05-31
415625.0,4568585.0,2025-05-31
415635.0,4568585.0,2025-05-31
415645.0,4568585.0,2025-05-31
415655.0,4568585.0,2025-05-31
415665.0,4568585.0,2025-05-31
415675.0,4568585.0,2025-05-31
415685.0,4568585.0,2025-05-31
415695.0,4568585.0,2025-05-31
415705.0,4568585.0,2025-05-31
415715.0,4568585.0,2025-05-31
415725.0,4568585.0,2025-05-31
415735.0,4568585.0,2025-05-31
415745.0,4568585.0,2025-05-31
415755.0,4568585.0,2025-05-31
415765.0,4568585.0,2025-05-31
415775.0,4568585.0,2025-05-31
415785.0,4568585.0,2025-05-31
415795.0,4568585.0,2025-05-31
415805.0,4568585.0,2025-05-31
415815.0,4568585.0,2025-05-31
415825.0,4568585.0,2025-05-31
415835.0,4568585.0,2025-05-31
415845.0,4568585.0,2025-05-31
415855.0,4568585.0,2025-05-31
415865.0,4568585.0,2025-05-31
415875.0,4568585.0,2025-05-31
415885.0,4568585.0,2025-05-31
415895.0,4568585.0,2025-05-31
415905.0,4568585.0,2025-05-31
415915.0,4568585.0,2025-05-31
415925.0,4568585.0,2025-05-31
415935.0,4568585.0,2025-05-31
415945.0,4568585.0,2025-05-31
415955.0,4568585.0,2025-05-31
415965.0,4568585.0,2025-05-31
415975.0,4568585.0,2025-05-31
415985.0,4568585.0,2025-05-31
415995.0,4568585.0,2025-05-31
416005.0,4568585.0,2025-05-31
416015.0,4568585.0,2025-05-31
416025.0,4568585.0,2025-05-31
416035.0,4568585.0,2025-05-31
416045.0,4568585.0,2025-05-31
416055.0,4568585.0,2025-05-31
416065.0,4568585.0,2025-05-31
416075.0,4568585.0,2025-05-31
416085.0,4568585.0,2025-05-31
416095.0,4568585.0,2025-05-31
416105.0,4568585.0,2025-05-31
416115.0,4568585.0,2025-05-31
416125.0,4568585.0,2025-05-31
416135.0,4568585.0,2025-05-31
416145.0,4568585.0,2025-05-31
416155.0,4568585.0,2025-05-31
416165.0,4568585.0,2025-05-31
416175.0,4568585.0,2025-05-31
416185.0,4568585.0,2025-05-31
416195.0,4568585.0,2025-05-31
416205.0,4568585.0,2025-05-31
416215.0,4568585.0,2025-05-31
416225.0,4568585.0,2025-05-31
416235.0,4568585.0,2025-05-31
416245.0,4568585.0,2025-05-31
416255.0,4568585.0,2025-05-31
416265.0,4568585.0,2025-05-31
416275.0,4568585.0,2025-05-31
416285.0,4568585.0,2025-05-31
416295.0,4568585.0,2025-05-31
416305.0,4568585.0,2025-05-31
416325.0,4568585.0,2025-05-31
416335.0,4568585.0,2025-05-31
416345.0,4568585.0,2025-05-31
416355.0,4568585.0,2025-05-31
416365.0,4568585.0,2025-05-31
416375.0,4568585.0,2025-05-31
416385.0,4568585.0,2025-05-31
416395.0,4568585.0,2025-05-31
416405.0,4568585.0,2025-05-31
416415.0,4568585.0,2025-05-31
416425.0,4568585.0,2025-05-31
416435.0,4568585.0,2025-05-31
416445.0,4568585.0,2025-05-31
416455.0,4568585.0,2025-05-31
411745.0,4568575.0,2025-05-31
411755.0,4568575.0,2025-05-31
411765.0,4568575.0,2025-05-31
411775.0,4568575.0,2025-05-31
411785.0,4568575.0,2025-05-31
411795.0,4568575.0,2025-05-31
411805.0,4568575.0,2025-05-31
411815.0,4568575.0,2025-05-31
411825.0,4568575.0,2025-05-31
411835.0,4568575.0,2025-05-31
411845.0,4568575.0,2025-05-31
411855.0,4568575.0,2025-05-31
411865.0,4568575.0,2025-05-31
411875.0,4568575.0,2025-05-31
411885.0,4568575.0,2025-05-31
411895.0,4568575.0,2025-05-31
411905.0,4568575.0,2025-05-31
411915.0,4568575.0,2025-05-31
411925.0,4568575.0,2025-05-31
411935.0,4568575.0,2025-05-31
411945.0,4568575.0,2025-05-31
411955.0,4568575.0,2025-05-31
411965.0,4568575.0,2025-05-31
411975.0,4568575.0,2025-05-31
411985.0,4568575.0,2025-05-31
411995.0,4568575.0,2025-05-31
412005.0,4568575.0,2025-05-31
412015.0,4568575.0,2025-05-31
412025.0,4568575.0,2025-05-31
412035.0,4568575.0,2025-05-31
412045.0,4568575.0,2025-05-31
412055.0,4568575.0,2025-05-31
412065.0,4568575.0,2025-05-31
412075.0,4568575.0,2025-05-31
412085.0,4568575.0,2025-05-31
412095.0,4568575.0,2025-05-31
412105.0,4568575.0,2025-05-31
412115.0,4568575.0,2025-05-31
412125.0,4568575.0,2025-05-31
412135.0,4568575.0,2025-05-31
412145.0,4568575.0,2025-05-31
412155.0,4568575.0,2025-05-31
412165.0,4568575.0,2025-05-31
412175.0,4568575.0,2025-05-31
412185.0,4568575.0,2025-05-31
412195.0,4568575.0,2025-05-31
412205.0,4568575.0,2025-05-31
412215.0,4568575.0,2025-05-31
412225.0,4568575.0,2025-05-31
412235.0,4568575.0,2025-05-31
412245.0,4568575.0,2025-05-31
412255.0,4568575.0,2025-05-31
412265.0,4568575.0,2025-05-31
412275.0,4568575.0,2025-05-31
412285.0,4568575.0,2025-05-31
412295.0,4568575.0,2025-05-31
412305.0,4568575.0,2025-05-31
412315.0,4568575.0,2025-05-31
412325.0,4568575.0,2025-05-31
412335.0,4568575.0,2025-05-31
412345.0,4568575.0,2025-05-31
412355.0,4568575.0,2025-05-31
412365.0,4568575.0,2025-05-31
412375.0,4568575.0,2025-05-31
412385.0,4568575.0,2025-05-31
412395.0,4568575.0,2025-05-31
412405.0,4568575.0,2025-05-31
412415.0,4568575.0,2025-05-31
412425.0,4568575.0,2025-05-31
412435.0,4568575.0,2025-05-31
412445.0,4568575.0,2025-05-31
412455.0,4568575.0,2025-05-31
412465.0,4568575.0,2025-05-31
412475.0,4568575.0,2025-05-31
412485.0,4568575.0,2025-05-31
412495.0,4568575.0,2025-05-31
412505.0,4568575.0,2025-05-31
412515.0,4568575.0,2025-05-31
412525.0,4568575.0,2025-05-31
412535.0,4568575.0,2025-05-31
412545.0,4568575.0,2025-05-31
412555.0,4568575.0,2025-05-31
412565.0,4568575.0,2025-05-31
412575.0,4568575.0,2025-05-31
412585.0,4568575.0,2025-05-31
412595.0,4568575.0,2025-05-31
412605.0,4568575.0,2025-05-31
412615.0,4568575.0,2025-05-31
412625.0,4568575.0,2025-05-31
412635.0,4568575.0,2025-05-31
412645.0,4568575.0,2025-05-31
412655.0,4568575.0,2025-05-31
412665.0,4568575.0,2025-05-31
412675.0,4568575.0,2025-05-31
412685.0,4568575.0,2025-05-31
412695.0,4568575.0,2025-05-31
412705.0,4568575.0,2025-05-31
412715.0,4568575.0,2025-05-31
412725.0,4568575.0,2025-05-31
412735.0,4568575.0,2025-05-31
412745.0,4568575.0,2025-05-31
412755.0,4568575.0,2025-05-31
412765.0,4568575.0,2025-05-31
412775.0,4568575.0,2025-05-31
412785.0,4568575.0,2025-05-31
412795.0,4568575.0,2025-05-31
412805.0,4568575.0,2025-05-31
412815.0,4568575.0,2025-05-31
412825.0,4568575.0,2025-05-31
412835.0,4568575.0,2025-05-31
412845.0,4568575.0,2025-05-31
412855.0,4568575.0,2025-05-31
412865.0,4568575.0,2025-05-31
412875.0,4568575.0,2025-05-31
412885.0,4568575.0,2025-05-31
412895.0,4568575.0,2025-05-31
412905.0,4568575.0,2025-05-31
412915.0,4568575.0,2025-05-31
412925.0,4568575.0,2025-05-31
412935.0,4568575.0,2025-05-31
412945.0,4568575.0,2025-05-31
412955.0,4568575.0,2025-05-31
412965.0,4568575.0,2025-05-31
412975.0,4568575.0,2025-05-31
412985.0,4568575.0,2025-05-31
412995.0,4568575.0,2025-05-31
413005.0,4568575.0,2025-05-31
413015.0,4568575.0,2025-05-31
413025.0,4568575.0,2025-05-31
413035.0,4568575.0,2025-05-31
413045.0,4568575.0,2025-05-31
413055.0,4568575.0,2025-05-31
413065.0,4568575.0,2025-05-31
413075.0,4568575.0,2025-05-31
413085.0,4568575.0,2025-05-31
413095.0,4568575.0,2025-05-31
413105.0,4568575.0,2025-05-31
413115.0,4568575.0,2025-05-31
413125.0,4568575.0,2025-05-31
413135.0,4568575.0,2025-05-31
413145.0,4568575.0,2025-05-31
413155.0,4568575.0,2025-05-31
413165.0,4568575.0,2025-05-31
413175.0,4568575.0,2025-05-31
413185.0,4568575.0,2025-05-31
413195.0,4568575.0,2025-05-31
413205.0,4568575.0,2025-05-31
413215.0,4568575.0,2025-05-31
413225.0,4568575.0,2025-05-31
413235.0,4568575.0,2025-05-31
413245.0,4568575.0,2025-05-31
413255.0,4568575.0,2025-05-31
413265.0,4568575.0,2025-05-31
413275.0,4568575.0,2025-05-31
413285.0,4568575.0,2025-05-31
413295.0,4568575.0,2025-05-31
413305.0,4568575.0,2025-05-31
413315.0,4568575.0,2025-05-31
413325.0,4568575.0,2025-05-31
413335.0,4568575.0,2025-05-31
413345.0,4568575.0,2025-05-31
413355.0,4568575.0,2025-05-31
413365.0,4568575.0,2025-05-31
413375.0,4568575.0,2025-05-31
413385.0,4568575.0,2025-05-31
413395.0,4568575.0,2025-05-31
413405.0,4568575.0,2025-05-31
413415.0,4568575.0,2025-05-31
413425.0,4568575.0,2025-05-31
413435.0,4568575.0,2025-05-31
413445.0,4568575.0,2025-05-31
413455.0,4568575.0,2025-05-31
413465.0,4568575.0,2025-05-31
413475.0,4568575.0,2025-05-31
413485.0,4568575.0,2025-05-31
413495.0,4568575.0,2025-05-31
413505.0,4568575.0,2025-05-31
413515.0,4568575.0,2025-05-31
413525.0,4568575.0,2025-05-31
413535.0,4568575.0,2025-05-31
413545.0,4568575.0,2025-05-31
413555.0,4568575.0,2025-05-31
413565.0,4568575.0,2025-05-31
413575.0,4568575.0,2025-05-31
413585.0,4568575.0,2025-05-31
413595.0,4568575.0,2025-05-31
413605.0,4568575.0,2025-05-31
413615.0,4568575.0,2025-05-31
413625.0,4568575.0,2025-05-31
413635.0,4568575.0,2025-05-31
413645.0,4568575.0,2025-05-31
413655.0,4568575.0,2025-05-31
413665.0,4568575.0,2025-05-31
413675.0,4568575.0,2025-05-31
413685.0,4568575.0,2025-05-31
413695.0,4568575.0,2025-05-31
413705.0,4568575.0,2025-05-31
413715.0,4568575.0,2025-05-31
413725.0,4568575.0,2025-05-31
413735.0,4568575.0,2025-05-31
413745.0,4568575.0,2025-05-31
413755.0,4568575.0,2025-05-31
413765.0,4568575.0,2025-05-31
413775.0,4568575.0,2025-05-31
413785.0,4568575.0,2025-05-31
413795.0,4568575.0,2025-05-31
413805.0,4568575.0,2025-05-31
413815.0,4568575.0,2025-05-31
413825.0,4568575.0,2025-05-31
413835.0,4568575.0,2025-05-31
413845.0,4568575.0,2025-05-31
413855.0,4568575.0,2025-05-31
413865.0,4568575.0,2025-05-31
413875.0,4568575.0,2025-05-31
413885.0,4568575.0,2025-05-31
413895.0,4568575.0,2025-05-31
413905.0,4568575.0,2025-05-31
413915.0,4568575.0,2025-05-31
413925.0,4568575.0,2025-05-31
413935.0,4568575.0,2025-05-31
413945.0,4568575.0,2025-05-31
413955.0,4568575.0,2025-05-31
413965.0,4568575.0,2025-05-31
413975.0,4568575.0,2025-05-31
413985.0,4568575.0,2025-05-31
413995.0,4568575.0,2025-05-31
414005.0,4568575.0,2025-05-31
414015.0,4568575.0,2025-05-31
414025.0,4568575.0,2025-05-31
414035.0,4568575.0,2025-05-31
414045.0,4568575.0,2025-05-31
414055.0,4568575.0,2025-05-31
414065.0,4568575.0,2025-05-31
414075.0,4568575.0,2025-05-31
414085.0,4568575.0,2025-05-31
414095.0,4568575.0,2025-05-31
414105.0,4568575.0,2025-05-31
414115.0,4568575.0,2025-05-31
414125.0,4568575.0,2025-05-31
414135.0,4568575.0,2025-05-31
414145.0,4568575.0,2025-05-31
414155.0,4568575.0,2025-05-31
414165.0,4568575.0,2025-05-31
414175.0,4568575.0,2025-05-31
414185.0,4568575.0,2025-05-31
414195.0,4568575.0,2025-05-31
414205.0,4568575.0,2025-05-31
414215.0,4568575.0,2025-05-31
414225.0,4568575.0,2025-05-31
414235.0,4568575.0,2025-05-31
414245.0,4568575.0,2025-05-31
414255.0,4568575.0,2025-05-31
414265.0,4568575.0,2025-05-31
414275.0,4568575.0,2025-05-31
414285.0,4568575.0,2025-05-31
414295.0,4568575.0,2025-05-31
414305.0,4568575.0,2025-05-31
414315.0,4568575.0,2025-05-31
414325.0,4568575.0,2025-05-31
414335.0,4568575.0,2025-05-31
414345.0,4568575.0,2025-05-31
414355.0,4568575.0,2025-05-31
414365.0,4568575.0,2025-05-31
414375.0,4568575.0,2025-05-31
414385.0,4568575.0,2025-05-31
414395.0,4568575.0,2025-05-31
414405.0,4568575.0,2025-05-31
414415.0,4568575.0,2025-05-31
414425.0,4568575.0,2025-05-31
414435.0,4568575.0,2025-05-31
414445.0,4568575.0,2025-05-31
414455.0,4568575.0,2025-05-31
414465.0,4568575.0,2025-05-31
414475.0,4568575.0,2025-05-31
414485.0,4568575.0,2025-05-31
414495.0,4568575.0,2025-05-31
414505.0,4568575.0,2025-05-31
414515.0,4568575.0,2025-05-31
414525.0,4568575.0,2025-05-31
414535.0,4568575.0,2025-05-31
414545.0,4568575.0,2025-05-31
414555.0,4568575.0,2025-05-31
414565.0,4568575.0,2025-05-31
414575.0,4568575.0,2025-05-31
414585.0,4568575.0,2025-05-31
414595.0,4568575.0,2025-05-31
414605.0,4568575.0,2025-05-31
414615.0,4568575.0,2025-05-31
414625.0,4568575.0,2025-05-31
414635.0,4568575.0,2025-05-31
414645.0,4568575.0,2025-05-31
414655.0,4568575.0,2025-05-31
414665.0,4568575.0,2025-05-31
414675.0,4568575.0,2025-05-31
414685.0,4568575.0,2025-05-31
414695.0,4568575.0,2025-05-31
414705.0,4568575.0,2025-05-31
414715.0,4568575.0,2025-05-31
414725.0,4568575.0,2025-05-31
414735.0,4568575.0,2025-05-31
414745.0,4568575.0,2025-05-31
414755.0,4568575.0,2025-05-31
414765.0,4568575.0,2025-05-31
414775.0,4568575.0,2025-05-31
414785.0,4568575.0,2025-05-31
414795.0,4568575.0,2025-05-31
414805.0,4568575.0,2025-05-31
414815.0,4568575.0,2025-05-31
414825.0,4568575.0,2025-05-31
414835.0,4568575.0,2025-05-31
414845.0,4568575.0,2025-05-31
414855.0,4568575.0,2025-05-31
414865.0,4568575.0,2025-05-31
414875.0,4568575.0,2025-05-31
414885.0,4568575.0,2025-05-31
414895.0,4568575.0,2025-05-31
414905.0,4568575.0,2025-05-31
414915.0,4568575.0,2025-05-31
414925.0,4568575.0,2025-05-31
414935.0,4568575.0,2025-05-31
414945.0,4568575.0,2025-05-31
414955.0,4568575.0,2025-05-31
414965.0,4568575.0,2025-05-31
414975.0,4568575.0,2025-05-31
414985.0,4568575.0,2025-05-31
414995.0,4568575.0,2025-05-31
415005.0,4568575.0,2025-05-31
415015.0,4568575.0,2025-05-31
415025.0,4568575.0,2025-05-31
415035.0,4568575.0,2025-05-31
415045.0,4568575.0,2025-05-31
415055.0,4568575.0,2025-05-31
415065.0,4568575.0,2025-05-31
415075.0,4568575.0,2025-05-31
415085.0,4568575.0,2025-05-31
415095.0,4568575.0,2025-05-31
415105.0,4568575.0,2025-05-31
415115.0,4568575.0,2025-05-31
415125.0,4568575.0,2025-05-31
415135.0,4568575.0,2025-05-31
415145.0,4568575.0,2025-05-31
415155.0,4568575.0,2025-05-31
415165.0,4568575.0,2025-05-31
415175.0,4568575.0,2025-05-31
415185.0,4568575.0,2025-05-31
415195.0,4568575.0,2025-05-31
415205.0,4568575.0,2025-05-31
415215.0,4568575.0,2025-05-31
415225.0,4568575.0,2025-05-31
415235.0,4568575.0,2025-05-31
415245.0,4568575.0,2025-05-31
415255.0,4568575.0,2025-05-31
415265.0,4568575.0,2025-05-31
415275.0,4568575.0,2025-05-31
415285.0,4568575.0,2025-05-31
415295.0,4568575.0,2025-05-31
415305.0,4568575.0,2025-05-31
415315.0,4568575.0,2025-05-31
415325.0,4568575.0,2025-05-31
415335.0,4568575.0,2025-05-31
415345.0,4568575.0,2025-05-31
415355.0,4568575.0,2025-05-31
415365.0,4568575.0,2025-05-31
415375.0,4568575.0,2025-05-31
415385.0,4568575.0,2025-05-31
415395.0,4568575.0,2025-05-31
415405.0,4568575.0,2025-05-31
415415.0,4568575.0,2025-05-31
415425.0,4568575.0,2025-05-31
415435.0,4568575.0,2025-05-31
415445.0,4568575.0,2025-05-31
415455.0,4568575.0,2025-05-31
415465.0,4568575.0,2025-05-31
415475.0,4568575.0,2025-05-31
415485.0,4568575.0,2025-05-31
415495.0,4568575.0,2025-05-31
415505.0,4568575.0,2025-05-31
415515.0,4568575.0,2025-05-31
415525.0,4568575.0,2025-05-31
415535.0,4568575.0,2025-05-31
415545.0,4568575.0,2025-05-31
415555.0,4568575.0,2025-05-31
415565.0,4568575.0,2025-05-31
415575.0,4568575.0,2025-05-31
415585.0,4568575.0,2025-05-31
415595.0,4568575.0,2025-05-31
415605.0,4568575.0,2025-05-31
415615.0,4568575.0,2025-05-31
415625.0,4568575.0,2025-05-31
415635.0,4568575.0,2025-05-31
415645.0,4568575.0,2025-05-31
415655.0,4568575.0,2025-05-31
415665.0,4568575.0,2025-05-31
415675.0,4568575.0,2025-05-31
415685.0,4568575.0,2025-05-31
415695.0,4568575.0,2025-05-31
415705.0,4568575.0,2025-05-31
415715.0,4568575.0,2025-05-31
415725.0,4568575.0,2025-05-31
415735.0,4568575.0,2025-05-31
415745.0,4568575.0,2025-05-31
415755.0,4568575.0,2025-05-31
415765.0,4568575.0,2025-05-31
415775.0,4568575.0,2025-05-31
415785.0,4568575.0,2025-05-31
415795.0,4568575.0,2025-05-31
415805.0,4568575.0,2025-05-31
415815.0,4568575.0,2025-05-31
415825.0,4568575.0,2025-05-31
415835.0,4568575.0,2025-05-31
415845.0,4568575.0,2025-05-31
415855.0,4568575.0,2025-05-31
415865.0,4568575.0,2025-05-31
415875.0,4568575.0,2025-05-31
415885.0,4568575.0,2025-05-31
415895.0,4568575.0,2025-05-31
415905.0,4568575.0,2025-05-31
415915.0,4568575.0,2025-05-31
415925.0,4568575.0,2025-05-31
415935.0,4568575.0,2025-05-31
415945.0,4568575.0,2025-05-31
415955.0,4568575.0,2025-05-31
415965.0,4568575.0,2025-05-31
415975.0,4568575.0,2025-05-31
415985.0,4568575.0,2025-05-31
415995.0,4568575.0,2025-05-31
416005.0,4568575.0,2025-05-31
416015.0,4568575.0,2025-05-31
416025.0,4568575.0,2025-05-31
416035.0,4568575.0,2025-05-31
416045.0,4568575.0,2025-05-31
416055.0,4568575.0,2025-05-31
416065.0,4568575.0,2025-05-31
416075.0,4568575.0,2025-05-31
416085.0,4568575.0,2025-05-31
416095.0,4568575.0,2025-05-31
416105.0,4568575.0,2025-05-31
416115.0,4568575.0,2025-05-31
416125.0,4568575.0,2025-05-31
416135.0,4568575.0,2025-05-31
416145.0,4568575.0,2025-05-31
416155.0,4568575.0,2025-05-31
416165.0,4568575.0,2025-05-31
416175.0,4568575.0,2025-05-31
416185.0,4568575.0,2025-05-31
416195.0,4568575.0,2025-05-31
416205.0,4568575.0,2025-05-31
416215.0,4568575.0,2025-05-31
416225.0,4568575.0,2025-05-31
416235.0,4568575.0,2025-05-31
416245.0,4568575.0,2025-05-31
416255.0,4568575.0,2025-05-31
416265.0,4568575.0,2025-05-31
416275.0,4568575.0,2025-05-31
416285.0,4568575.0,2025-05-31
416295.0,4568575.0,2025-05-31
416305.0,4568575.0,2025-05-31
416315.0,4568575.0,2025-05-31
416325.0,4568575.0,2025-05-31
416335.0,4568575.0,2025-05-31
416345.0,4568575.0,2025-05-31
416355.0,4568575.0,2025-05-31
416365.0,4568575.0,2025-05-31
416375.0,4568575.0,2025-05-31
416385.0,4568575.0,2025-05-31
416395.0,4568575.0,2025-05-31
416405.0,4568575.0,2025-05-31
416415.0,4568575.0,2025-05-31
416425.0,4568575.0,2025-05-31
416435.0,4568575.0,2025-05-31
416445.0,4568575.0,2025-05-31
416455.0,4568575.0,2025-05-31
411745.0,4568565.0,2025-05-31
411755.0,4568565.0,2025-05-31
411765.0,4568565.0,2025-05-31
411775.0,4568565.0,2025-05-31
411785.0,4568565.0,2025-05-31
411795.0,4568565.0,2025-05-31
411805.0,4568565.0,2025-05-31
411815.0,4568565.0,2025-05-31
411825.0,4568565.0,2025-05-31
411835.0,4568565.0,2025-05-31
411845.0,4568565.0,2025-05-31
411855.0,4568565.0,2025-05-31
411865.0,4568565.0,2025-05-31
411875.0,4568565.0,2025-05-31
411885.0,4568565.0,2025-05-31
411895.0,4568565.0,2025-05-31
411905.0,4568565.0,2025-05-31
411915.0,4568565.0,2025-05-31
411925.0,4568565.0,2025-05-31
411935.0,4568565.0,2025-05-31
411945.0,4568565.0,2025-05-31
411955.0,4568565.0,2025-05-31
411965.0,4568565.0,2025-05-31
411975.0,4568565.0,2025-05-31
411985.0,4568565.0,2025-05-31
411995.0,4568565.0,2025-05-31
412005.0,4568565.0,2025-05-31
412015.0,4568565.0,2025-05-31
412025.0,4568565.0,2025-05-31
412035.0,4568565.0,2025-05-31
412045.0,4568565.0,2025-05-31
412055.0,4568565.0,2025-05-31
412065.0,4568565.0,2025-05-31
412075.0,4568565.0,2025-05-31
412085.0,4568565.0,2025-05-31
412095.0,4568565.0,2025-05-31
412105.0,4568565.0,2025-05-31
412115.0,4568565.0,2025-05-31
412125.0,4568565.0,2025-05-31
412135.0,4568565.0,2025-05-31
412145.0,4568565.0,2025-05-31
412155.0,4568565.0,2025-05-31
412165.0,4568565.0,2025-05-31
412175.0,4568565.0,2025-05-31
412185.0,4568565.0,2025-05-31
412195.0,4568565.0,2025-05-31
412205.0,4568565.0,2025-05-31
412215.0,4568565.0,2025-05-31
412225.0,4568565.0,2025-05-31
412235.0,4568565.0,2025-05-31
412245.0,4568565.0,2025-05-31
412255.0,4568565.0,2025-05-31
412265.0,4568565.0,2025-05-31
412275.0,4568565.0,2025-05-31
412285.0,4568565.0,2025-05-31
412295.0,4568565.0,2025-05-31
412305.0,4568565.0,2025-05-31
412315.0,4568565.0,2025-05-31
412325.0,4568565.0,2025-05-31
412335.0,4568565.0,2025-05-31
412345.0,4568565.0,2025-05-31
412355.0,4568565.0,2025-05-31
412365.0,4568565.0,2025-05-31
412375.0,4568565.0,2025-05-31
412385.0,4568565.0,2025-05-31
412395.0,4568565.0,2025-05-31
412405.0,4568565.0,2025-05-31
412415.0,4568565.0,2025-05-31
412425.0,4568565.0,2025-05-31
412435.0,4568565.0,2025-05-31
412445.0,4568565.0,2025-05-31
412455.0,4568565.0,2025-05-31
412465.0,4568565.0,2025-05-31
412475.0,4568565.0,2025-05-31
412485.0,4568565.0,2025-05-31
412495.0,4568565.0,2025-05-31
412505.0,4568565.0,2025-05-31
412515.0,4568565.0,2025-05-31
412525.0,4568565.0,2025-05-31
412535.0,4568565.0,2025-05-31
412545.0,4568565.0,2025-05-31
412555.0,4568565.0,2025-05-31
412565.0,4568565.0,2025-05-31
412575.0,4568565.0,2025-05-31
412585.0,4568565.0,2025-05-31
412595.0,4568565.0,2025-05-31
412605.0,4568565.0,2025-05-31
412615.0,4568565.0,2025-05-31
412625.0,4568565.0,2025-05-31
412635.0,4568565.0,2025-05-31
412645.0,4568565.0,2025-05-31
412655.0,4568565.0,2025-05-31
412665.0,4568565.0,2025-05-31
412675.0,4568565.0,2025-05-31
412685.0,4568565.0,2025-05-31
412695.0,4568565.0,2025-05-31
412705.0,4568565.0,2025-05-31
412715.0,4568565.0,2025-05-31
412725.0,4568565.0,2025-05-31
412735.0,4568565.0,2025-05-31
412745.0,4568565.0,2025-05-31
412755.0,4568565.0,2025-05-31
412765.0,4568565.0,2025-05-31
412775.0,4568565.0,2025-05-31
412785.0,4568565.0,2025-05-31
412795.0,4568565.0,2025-05-31
412805.0,4568565.0,2025-05-31
412815.0,4568565.0,2025-05-31
412825.0,4568565.0,2025-05-31
412835.0,4568565.0,2025-05-31
412845.0,4568565.0,2025-05-31
412855.0,4568565.0,2025-05-31
412865.0,4568565.0,2025-05-31
412875.0,4568565.0,2025-05-31
412885.0,4568565.0,2025-05-31
412895.0,4568565.0,2025-05-31
412905.0,4568565.0,2025-05-31
412915.0,4568565.0,2025-05-31
412925.0,4568565.0,2025-05-31
412935.0,4568565.0,2025-05-31
412945.0,4568565.0,2025-05-31
412955.0,4568565.0,2025-05-31
412965.0,4568565.0,2025-05-31
412975.0,4568565.0,2025-05-31
412985.0,4568565.0,2025-05-31
412995.0,4568565.0,2025-05-31
413005.0,4568565.0,2025-05-31
413015.0,4568565.0,2025-05-31
413025.0,4568565.0,2025-05-31
413035.0,4568565.0,2025-05-31
413045.0,4568565.0,2025-05-31
413055.0,4568565.0,2025-05-31
413065.0,4568565.0,2025-05-31
413075.0,4568565.0,2025-05-31
413085.0,4568565.0,2025-05-31
413095.0,4568565.0,2025-05-31
413105.0,4568565.0,2025-05-31
413115.0,4568565.0,2025-05-31
413125.0,4568565.0,2025-05-31
413135.0,4568565.0,2025-05-31
413145.0,4568565.0,2025-05-31
413155.0,4568565.0,2025-05-31
413165.0,4568565.0,2025-05-31
413175.0,4568565.0,2025-05-31
413185.0,4568565.0,2025-05-31
413195.0,4568565.0,2025-05-31
413205.0,4568565.0,2025-05-31
413215.0,4568565.0,2025-05-31
413225.0,4568565.0,2025-05-31
413235.0,4568565.0,2025-05-31
413245.0,4568565.0,2025-05-31
413255.0,4568565.0,2025-05-31
413265.0,4568565.0,2025-05-31
413275.0,4568565.0,2025-05-31
413285.0,4568565.0,2025-05-31
413295.0,4568565.0,2025-05-31
413305.0,4568565.0,2025-05-31
413315.0,4568565.0,2025-05-31
413325.0,4568565.0,2025-05-31
413335.0,4568565.0,2025-05-31
413345.0,4568565.0,2025-05-31
413355.0,4568565.0,2025-05-31
413365.0,4568565.0,2025-05-31
413375.0,4568565.0,2025-05-31
413385.0,4568565.0,2025-05-31
413395.0,4568565.0,2025-05-31
413405.0,4568565.0,2025-05-31
413415.0,4568565.0,2025-05-31
413425.0,4568565.0,2025-05-31
413435.0,4568565.0,2025-05-31
413445.0,4568565.0,2025-05-31
413455.0,4568565.0,2025-05-31
413465.0,4568565.0,2025-05-31
413475.0,4568565.0,2025-05-31
413485.0,4568565.0,2025-05-31
413495.0,4568565.0,2025-05-31
413505.0,4568565.0,2025-05-31
413515.0,4568565.0,2025-05-31
413525.0,4568565.0,2025-05-31
413535.0,4568565.0,2025-05-31
413545.0,4568565.0,2025-05-31
413555.0,4568565.0,2025-05-31
413565.0,4568565.0,2025-05-31
413575.0,4568565.0,2025-05-31
413585.0,4568565.0,2025-05-31
413595.0,4568565.0,2025-05-31
413605.0,4568565.0,2025-05-31
413615.0,4568565.0,2025-05-31
413625.0,4568565.0,2025-05-31
413635.0,4568565.0,2025-05-31
413645.0,4568565.0,2025-05-31
413655.0,4568565.0,2025-05-31
413665.0,4568565.0,2025-05-31
413675.0,4568565.0,2025-05-31
413685.0,4568565.0,2025-05-31
413695.0,4568565.0,2025-05-31
413705.0,4568565.0,2025-05-31
413715.0,4568565.0,2025-05-31
413725.0,4568565.0,2025-05-31
413735.0,4568565.0,2025-05-31
413745.0,4568565.0,2025-05-31
413755.0,4568565.0,2025-05-31
413765.0,4568565.0,2025-05-31
413775.0,4568565.0,2025-05-31
413785.0,4568565.0,2025-05-31
413795.0,4568565.0,2025-05-31
413805.0,4568565.0,2025-05-31
413815.0,4568565.0,2025-05-31
413825.0,4568565.0,2025-05-31
413835.0,4568565.0,2025-05-31
413845.0,4568565.0,2025-05-31
413855.0,4568565.0,2025-05-31
413865.0,4568565.0,2025-05-31
413875.0,4568565.0,2025-05-31
413885.0,4568565.0,2025-05-31
413895.0,4568565.0,2025-05-31
413905.0,4568565.0,2025-05-31
413915.0,4568565.0,2025-05-31
413925.0,4568565.0,2025-05-31
413935.0,4568565.0,2025-05-31
413945.0,4568565.0,2025-05-31
413955.0,4568565.0,2025-05-31
413965.0,4568565.0,2025-05-31
413975.0,4568565.0,2025-05-31
413985.0,4568565.0,2025-05-31
413995.0,4568565.0,2025-05-31
414005.0,4568565.0,2025-05-31
414015.0,4568565.0,2025-05-31
414025.0,4568565.0,2025-05-31
414035.0,4568565.0,2025-05-31
414045.0,4568565.0,2025-05-31
414055.0,4568565.0,2025-05-31
414065.0,4568565.0,2025-05-31
414075.0,4568565.0,2025-05-31
414085.0,4568565.0,2025-05-31
414095.0,4568565.0,2025-05-31
414105.0,4568565.0,2025-05-31
414115.0,4568565.0,2025-05-31
414125.0,4568565.0,2025-05-31
414135.0,4568565.0,2025-05-31
414145.0,4568565.0,2025-05-31
414155.0,4568565.0,2025-05-31
414165.0,4568565.0,2025-05-31
414175.0,4568565.0,2025-05-31
414185.0,4568565.0,2025-05-31
414195.0,4568565.0,2025-05-31
414205.0,4568565.0,2025-05-31
414215.0,4568565.0,2025-05-31
414225.0,4568565.0,2025-05-31
414235.0,4568565.0,2025-05-31
414245.0,4568565.0,2025-05-31
414255.0,4568565.0,2025-05-31
414265.0,4568565.0,2025-05-31
414275.0,4568565.0,2025-05-31
414285.0,4568565.0,2025-05-31
414295.0,4568565.0,2025-05-31
414305.0,4568565.0,2025-05-31
414315.0,4568565.0,2025-05-31
414325.0,4568565.0,2025-05-31
414335.0,4568565.0,2025-05-31
414345.0,4568565.0,2025-05-31
414355.0,4568565.0,2025-05-31
414365.0,4568565.0,2025-05-31
414375.0,4568565.0,2025-05-31
414385.0,4568565.0,2025-05-31
414395.0,4568565.0,2025-05-31
414405.0,4568565.0,2025-05-31
414415.0,4568565.0,2025-05-31
414425.0,4568565.0,2025-05-31
414435.0,4568565.0,2025-05-31
414445.0,4568565.0,2025-05-31
414455.0,4568565.0,2025-05-31
414465.0,4568565.0,2025-05-31
414475.0,4568565.0,2025-05-31
414485.0,4568565.0,2025-05-31
414495.0,4568565.0,2025-05-31
414505.0,4568565.0,2025-05-31
414515.0,4568565.0,2025-05-31
414525.0,4568565.0,2025-05-31
414535.0,4568565.0,2025-05-31
414545.0,4568565.0,2025-05-31
414555.0,4568565.0,2025-05-31
414565.0,4568565.0,2025-05-31
414575.0,4568565.0,2025-05-31
414585.0,4568565.0,2025-05-31
414595.0,4568565.0,2025-05-31
414605.0,4568565.0,2025-05-31
414615.0,4568565.0,2025-05-31
414625.0,4568565.0,2025-05-31
414635.0,4568565.0,2025-05-31
414645.0,4568565.0,2025-05-31
414655.0,4568565.0,2025-05-31
414665.0,4568565.0,2025-05-31
414675.0,4568565.0,2025-05-31
414685.0,4568565.0,2025-05-31
414695.0,4568565.0,2025-05-31
414705.0,4568565.0,2025-05-31
414715.0,4568565.0,2025-05-31
414725.0,4568565.0,2025-05-31
414735.0,4568565.0,2025-05-31
414745.0,4568565.0,2025-05-31
414755.0,4568565.0,2025-05-31
414765.0,4568565.0,2025-05-31
414775.0,4568565.0,2025-05-31
414785.0,4568565.0,2025-05-31
414795.0,4568565.0,2025-05-31
414805.0,4568565.0,2025-05-31
414815.0,4568565.0,2025-05-31
414825.0,4568565.0,2025-05-31
414835.0,4568565.0,2025-05-31
414845.0,4568565.0,2025-05-31
414855.0,4568565.0,2025-05-31
414865.0,4568565.0,2025-05-31
414875.0,4568565.0,2025-05-31
414885.0,4568565.0,2025-05-31
414895.0,4568565.0,2025-05-31
414905.0,4568565.0,2025-05-31
414915.0,4568565.0,2025-05-31
414925.0,4568565.0,2025-05-31
414935.0,4568565.0,2025-05-31
414945.0,4568565.0,2025-05-31
414955.0,4568565.0,2025-05-31
414965.0,4568565.0,2025-05-31
414975.0,4568565.0,2025-05-31
414985.0,4568565.0,2025-05-31
414995.0,4568565.0,2025-05-31
415005.0,4568565.0,2025-05-31
415015.0,4568565.0,2025-05-31
415025.0,4568565.0,2025-05-31
415035.0,4568565.0,2025-05-31
415045.0,4568565.0,2025-05-31
415055.0,4568565.0,2025-05-31
415065.0,4568565.0,2025-05-31
415075.0,4568565.0,2025-05-31
415085.0,4568565.0,2025-05-31
415095.0,4568565.0,2025-05-31
415105.0,4568565.0,2025-05-31
415115.0,4568565.0,2025-05-31
415125.0,4568565.0,2025-05-31
415135.0,4568565.0,2025-05-31
415145.0,4568565.0,2025-05-31
415155.0,4568565.0,2025-05-31
415165.0,4568565.0,2025-05-31
415175.0,4568565.0,2025-05-31
415185.0,4568565.0,2025-05-31
415195.0,4568565.0,2025-05-31
415205.0,4568565.0,2025-05-31
415215.0,4568565.0,2025-05-31
415225.0,4568565.0,2025-05-31
415235.0,4568565.0,2025-05-31
415245.0,4568565.0,2025-05-31
415255.0,4568565.0,2025-05-31
415265.0,4568565.0,2025-05-31
415275.0,4568565.0,2025-05-31
415285.0,4568565.0,2025-05-31
415295.0,4568565.0,2025-05-31
415305.0,4568565.0,2025-05-31
415315.0,4568565.0,2025-05-31
415325.0,4568565.0,2025-05-31
415335.0,4568565.0,2025-05-31
415345.0,4568565.0,2025-05-31
415355.0,4568565.0,2025-05-31
415365.0,4568565.0,2025-05-31
415375.0,4568565.0,2025-05-31
415385.0,4568565.0,2025-05-31
415395.0,4568565.0,2025-05-31
415405.0,4568565.0,2025-05-31
415415.0,4568565.0,2025-05-31
415425.0,4568565.0,2025-05-31
415435.0,4568565.0,2025-05-31
415445.0,4568565.0,2025-05-31
415455.0,4568565.0,2025-05-31
415465.0,4568565.0,2025-05-31
415475.0,4568565.0,2025-05-31
415485.0,4568565.0,2025-05-31
415495.0,4568565.0,2025-05-31
415505.0,4568565.0,2025-05-31
415515.0,4568565.0,2025-05-31
415525.0,4568565.0,2025-05-31
415535.0,4568565.0,2025-05-31
415545.0,4568565.0,2025-05-31
415555.0,4568565.0,2025-05-31
415565.0,4568565.0,2025-05-31
415575.0,4568565.0,2025-05-31
415585.0,4568565.0,2025-05-31
415595.0,4568565.0,2025-05-31
415605.0,4568565.0,2025-05-31
415615.0,4568565.0,2025-05-31
415625.0,4568565.0,2025-05-31
415635.0,4568565.0,2025-05-31
415645.0,4568565.0,2025-05-31
415655.0,4568565.0,2025-05-31
415665.0,4568565.0,2025-05-31
415675.0,4568565.0,2025-05-31
415685.0,4568565.0,2025-05-31
415695.0,4568565.0,2025-05-31
415705.0,4568565.0,2025-05-31
415715.0,4568565.0,2025-05-31
415725.0,4568565.0,2025-05-31
415735.0,4568565.0,2025-05-31
415745.0,4568565.0,2025-05-31
415755.0,4568565.0,2025-05-31
415765.0,4568565.0,2025-05-31
415775.0,4568565.0,2025-05-31
415785.0,4568565.0,2025-05-31
415795.0,4568565.0,2025-05-31
415815.0,4568565.0,2025-05-31
415825.0,4568565.0,2025-05-31
415835.0,4568565.0,2025-05-31
415845.0,4568565.0,2025-05-31
415855.0,4568565.0,2025-05-31
415865.0,4568565.0,2025-05-31
415875.0,4568565.0,2025-05-31
415885.0,4568565.0,2025-05-31
415895.0,4568565.0,2025-05-31
415905.0,4568565.0,2025-05-31
415915.0,4568565.0,2025-05-31
415925.0,4568565.0,2025-05-31
415935.0,4568565.0,2025-05-31
415945.0,4568565.0,2025-05-31
415955.0,4568565.0,2025-05-31
415965.0,4568565.0,2025-05-31
415975.0,4568565.0,2025-05-31
415985.0,4568565.0,2025-05-31
415995.0,4568565.0,2025-05-31
416005.0,4568565.0,2025-05-31
416015.0,4568565.0,2025-05-31
416025.0,4568565.0,2025-05-31
416035.0,4568565.0,2025-05-31
416045.0,4568565.0,2025-05-31
416055.0,4568565.0,2025-05-31
416065.0,4568565.0,2025-05-31
416075.0,4568565.0,2025-05-31
416085.0,4568565.0,2025-05-31
416095.0,4568565.0,2025-05-31
416105.0,4568565.0,2025-05-31
416115.0,4568565.0,2025-05-31
416125.0,4568565.0,2025-05-31
416135.0,4568565.0,2025-05-31
416145.0,4568565.0,2025-05-31
416155.0,4568565.0,2025-05-31
416165.0,4568565.0,2025-05-31
416175.0,4568565.0,2025-05-31
416185.0,4568565.0,2025-05-31
416195.0,4568565.0,2025-05-31
416205.0,4568565.0,2025-05-31
416215.0,4568565.0,2025-05-31
416225.0,4568565.0,2025-05-31
416235.0,4568565.0,2025-05-31
416245.0,4568565.0,2025-05-31
416255.0,4568565.0,2025-05-31
416265.0,4568565.0,2025-05-31
416275.0,4568565.0,2025-05-31
416285.0,4568565.0,2025-05-31
416295.0,4568565.0,2025-05-31
416305.0,4568565.0,2025-05-31
416315.0,4568565.0,2025-05-31
416325.0,4568565.0,2025-05-31
416335.0,4568565.0,2025-05-31
416345.0,4568565.0,2025-05-31
416355.0,4568565.0,2025-05-31
416365.0,4568565.0,2025-05-31
416375.0,4568565.0,2025-05-31
416385.0,4568565.0,2025-05-31
416395.0,4568565.0,2025-05-31
416405.0,4568565.0,2025-05-31
416415.0,4568565.0,2025-05-31
416425.0,4568565.0,2025-05-31
416435.0,4568565.0,2025-05-31
416445.0,4568565.0,2025-05-31
416455.0,4568565.0,2025-05-31
411745.0,4568555.0,2025-05-31
411755.0,4568555.0,2025-05-31
411765.0,4568555.0,2025-05-31
411775.0,4568555.0,2025-05-31
411785.0,4568555.0,2025-05-31
411795.0,4568555.0,2025-05-31
411805.0,4568555.0,2025-05-31
411815.0,4568555.0,2025-05-31
411825.0,4568555.0,2025-05-31
411835.0,4568555.0,2025-05-31
411845.0,4568555.0,2025-05-31
411855.0,4568555.0,2025-05-31
411865.0,4568555.0,2025-05-31
411875.0,4568555.0,2025-05-31
411885.0,4568555.0,2025-05-31
411895.0,4568555.0,2025-05-31
411905.0,4568555.0,2025-05-31
411915.0,4568555.0,2025-05-31
411925.0,4568555.0,2025-05-31
411935.0,4568555.0,2025-05-31
411945.0,4568555.0,2025-05-31
411955.0,4568555.0,2025-05-31
411965.0,4568555.0,2025-05-31
411975.0,4568555.0,2025-05-31
411985.0,4568555.0,2025-05-31
411995.0,4568555.0,2025-05-31
412005.0,4568555.0,2025-05-31
412015.0,4568555.0,2025-05-31
412025.0,4568555.0,2025-05-31
412035.0,4568555.0,2025-05-31
412045.0,4568555.0,2025-05-31
412055.0,4568555.0,2025-05-31
412065.0,4568555.0,2025-05-31
412075.0,4568555.0,2025-05-31
412085.0,4568555.0,2025-05-31
412095.0,4568555.0,2025-05-31
412105.0,4568555.0,2025-05-31
412115.0,4568555.0,2025-05-31
412125.0,4568555.0,2025-05-31
412135.0,4568555.0,2025-05-31
412145.0,4568555.0,2025-05-31
412155.0,4568555.0,2025-05-31
412165.0,4568555.0,2025-05-31
412175.0,4568555.0,2025-05-31
412185.0,4568555.0,2025-05-31
412195.0,4568555.0,2025-05-31
412205.0,4568555.0,2025-05-31
412215.0,4568555.0,2025-05-31
412225.0,4568555.0,2025-05-31
412235.0,4568555.0,2025-05-31
412245.0,4568555.0,2025-05-31
412255.0,4568555.0,2025-05-31
412265.0,4568555.0,2025-05-31
412275.0,4568555.0,2025-05-31
412285.0,4568555.0,2025-05-31
412295.0,4568555.0,2025-05-31
412305.0,4568555.0,2025-05-31
412315.0,4568555.0,2025-05-31
412325.0,4568555.0,2025-05-31
412335.0,4568555.0,2025-05-31
412345.0,4568555.0,2025-05-31
412355.0,4568555.0,2025-05-31
412365.0,4568555.0,2025-05-31
412375.0,4568555.0,2025-05-31
412385.0,4568555.0,2025-05-31
412395.0,4568555.0,2025-05-31
412405.0,4568555.0,2025-05-31
412415.0,4568555.0,2025-05-31
412425.0,4568555.0,2025-05-31
412435.0,4568555.0,2025-05-31
412445.0,4568555.0,2025-05-31
412455.0,4568555.0,2025-05-31
412465.0,4568555.0,2025-05-31
412475.0,4568555.0,2025-05-31
412485.0,4568555.0,2025-05-31
412495.0,4568555.0,2025-05-31
412505.0,4568555.0,2025-05-31
412515.0,4568555.0,2025-05-31
412525.0,4568555.0,2025-05-31
412535.0,4568555.0,2025-05-31
412545.0,4568555.0,2025-05-31
412555.0,4568555.0,2025-05-31
412565.0,4568555.0,2025-05-31
412575.0,4568555.0,2025-05-31
412585.0,4568555.0,2025-05-31
412595.0,4568555.0,2025-05-31
412605.0,4568555.0,2025-05-31
412615.0,4568555.0,2025-05-31
412625.0,4568555.0,2025-05-31
412635.0,4568555.0,2025-05-31
412645.0,4568555.0,2025-05-31
412655.0,4568555.0,2025-05-31
412665.0,4568555.0,2025-05-31
412675.0,4568555.0,2025-05-31
412685.0,4568555.0,2025-05-31
412695.0,4568555.0,2025-05-31
412705.0,4568555.0,2025-05-31
412715.0,4568555.0,2025-05-31
412725.0,4568555.0,2025-05-31
412735.0,4568555.0,2025-05-31
412745.0,4568555.0,2025-05-31
412755.0,4568555.0,2025-05-31
412765.0,4568555.0,2025-05-31
412775.0,4568555.0,2025-05-31
412785.0,4568555.0,2025-05-31
412795.0,4568555.0,2025-05-31
412805.0,4568555.0,2025-05-31
412815.0,4568555.0,2025-05-31
412825.0,4568555.0,2025-05-31
412835.0,4568555.0,2025-05-31
412845.0,4568555.0,2025-05-31
412855.0,4568555.0,2025-05-31
412865.0,4568555.0,2025-05-31
412875.0,4568555.0,2025-05-31
412885.0,4568555.0,2025-05-31
412895.0,4568555.0,2025-05-31
412905.0,4568555.0,2025-05-31
412915.0,4568555.0,2025-05-31
412925.0,4568555.0,2025-05-31
412935.0,4568555.0,2025-05-31
412945.0,4568555.0,2025-05-31
412955.0,4568555.0,2025-05-31
412965.0,4568555.0,2025-05-31
412975.0,4568555.0,2025-05-31
412985.0,4568555.0,2025-05-31
412995.0,4568555.0,2025-05-31
413005.0,4568555.0,2025-05-31
413015.0,4568555.0,2025-05-31
413025.0,4568555.0,2025-05-31
413035.0,4568555.0,2025-05-31
413045.0,4568555.0,2025-05-31
413055.0,4568555.0,2025-05-31
413065.0,4568555.0,2025-05-31
413075.0,4568555.0,2025-05-31
413085.0,4568555.0,2025-05-31
413095.0,4568555.0,2025-05-31
413105.0,4568555.0,2025-05-31
413115.0,4568555.0,2025-05-31
413125.0,4568555.0,2025-05-31
413135.0,4568555.0,2025-05-31
413145.0,4568555.0,2025-05-31
413155.0,4568555.0,2025-05-31
413165.0,4568555.0,2025-05-31
413175.0,4568555.0,2025-05-31
413185.0,4568555.0,2025-05-31
413195.0,4568555.0,2025-05-31
413205.0,4568555.0,2025-05-31
413215.0,4568555.0,2025-05-31
413225.0,4568555.0,2025-05-31
413235.0,4568555.0,2025-05-31
413245.0,4568555.0,2025-05-31
413255.0,4568555.0,2025-05-31
413265.0,4568555.0,2025-05-31
413275.0,4568555.0,2025-05-31
413285.0,4568555.0,2025-05-31
413295.0,4568555.0,2025-05-31
413305.0,4568555.0,2025-05-31
413315.0,4568555.0,2025-05-31
413325.0,4568555.0,2025-05-31
413335.0,4568555.0,2025-05-31
413345.0,4568555.0,2025-05-31
413355.0,4568555.0,2025-05-31
413365.0,4568555.0,2025-05-31
413375.0,4568555.0,2025-05-31
413385.0,4568555.0,2025-05-31
413395.0,4568555.0,2025-05-31
413405.0,4568555.0,2025-05-31
413415.0,4568555.0,2025-05-31
413425.0,4568555.0,2025-05-31
413435.0,4568555.0,2025-05-31
413445.0,4568555.0,2025-05-31
413455.0,4568555.0,2025-05-31
413465.0,4568555.0,2025-05-31
413475.0,4568555.0,2025-05-31
413485.0,4568555.0,2025-05-31
413495.0,4568555.0,2025-05-31
413505.0,4568555.0,2025-05-31
413515.0,4568555.0,2025-05-31
413525.0,4568555.0,2025-05-31
413535.0,4568555.0,2025-05-31
413545.0,4568555.0,2025-05-31
413555.0,4568555.0,2025-05-31
413565.0,4568555.0,2025-05-31
413575.0,4568555.0,2025-05-31
413585.0,4568555.0,2025-05-31
413595.0,4568555.0,2025-05-31
413605.0,4568555.0,2025-05-31
413615.0,4568555.0,2025-05-31
413625.0,4568555.0,2025-05-31
413635.0,4568555.0,2025-05-31
413645.0,4568555.0,2025-05-31
413655.0,4568555.0,2025-05-31
413665.0,4568555.0,2025-05-31
413675.0,4568555.0,2025-05-31
413685.0,4568555.0,2025-05-31
413695.0,4568555.0,2025-05-31
413705.0,4568555.0,2025-05-31
413715.0,4568555.0,2025-05-31
413725.0,4568555.0,2025-05-31
413735.0,4568555.0,2025-05-31
413745.0,4568555.0,2025-05-31
413755.0,4568555.0,2025-05-31
413765.0,4568555.0,2025-05-31
413775.0,4568555.0,2025-05-31
413785.0,4568555.0,2025-05-31
413795.0,4568555.0,2025-05-31
413805.0,4568555.0,2025-05-31
413815.0,4568555.0,2025-05-31
413825.0,4568555.0,2025-05-31
413835.0,4568555.0,2025-05-31
413845.0,4568555.0,2025-05-31
413855.0,4568555.0,2025-05-31
413865.0,4568555.0,2025-05-31
413875.0,4568555.0,2025-05-31
413885.0,4568555.0,2025-05-31
413895.0,4568555.0,2025-05-31
413905.0,4568555.0,2025-05-31
413915.0,4568555.0,2025-05-31
413925.0,4568555.0,2025-05-31
413935.0,4568555.0,2025-05-31
413945.0,4568555.0,2025-05-31
413955.0,4568555.0,2025-05-31
413965.0,4568555.0,2025-05-31
413975.0,4568555.0,2025-05-31
413985.0,4568555.0,2025-05-31
413995.0,4568555.0,2025-05-31
414005.0,4568555.0,2025-05-31
414015.0,4568555.0,2025-05-31
414025.0,4568555.0,2025-05-31
414035.0,4568555.0,2025-05-31
414045.0,4568555.0,2025-05-31
414055.0,4568555.0,2025-05-31
414065.0,4568555.0,2025-05-31
414075.0,4568555.0,2025-05-31
414085.0,4568555.0,2025-05-31
414095.0,4568555.0,2025-05-31
414105.0,4568555.0,2025-05-31
414115.0,4568555.0,2025-05-31
414125.0,4568555.0,2025-05-31
414135.0,4568555.0,2025-05-31
414145.0,4568555.0,2025-05-31
414155.0,4568555.0,2025-05-31
414165.0,4568555.0,2025-05-31
414175.0,4568555.0,2025-05-31
414185.0,4568555.0,2025-05-31
414195.0,4568555.0,2025-05-31
414205.0,4568555.0,2025-05-31
414215.0,4568555.0,2025-05-31
414225.0,4568555.0,2025-05-31
414235.0,4568555.0,2025-05-31
414245.0,4568555.0,2025-05-31
414255.0,4568555.0,2025-05-31
414265.0,4568555.0,2025-05-31
414275.0,4568555.0,2025-05-31
414285.0,4568555.0,2025-05-31
414295.0,4568555.0,2025-05-31
414305.0,4568555.0,2025-05-31
414315.0,4568555.0,2025-05-31
414325.0,4568555.0,2025-05-31
414335.0,4568555.0,2025-05-31
414345.0,4568555.0,2025-05-31
414355.0,4568555.0,2025-05-31
414365.0,4568555.0,2025-05-31
414375.0,4568555.0,2025-05-31
414385.0,4568555.0,2025-05-31
414395.0,4568555.0,2025-05-31
414405.0,4568555.0,2025-05-31
414415.0,4568555.0,2025-05-31
414425.0,4568555.0,2025-05-31
414435.0,4568555.0,2025-05-31
414445.0,4568555.0,2025-05-31
414455.0,4568555.0,2025-05-31
414465.0,4568555.0,2025-05-31
414475.0,4568555.0,2025-05-31
414485.0,4568555.0,2025-05-31
414495.0,4568555.0,2025-05-31
414505.0,4568555.0,2025-05-31
414515.0,4568555.0,2025-05-31
414525.0,4568555.0,2025-05-31
414535.0,4568555.0,2025-05-31
414545.0,4568555.0,2025-05-31
414555.0,4568555.0,2025-05-31
414565.0,4568555.0,2025-05-31
414575.0,4568555.0,2025-05-31
414585.0,4568555.0,2025-05-31
414595.0,4568555.0,2025-05-31
414605.0,4568555.0,2025-05-31
414615.0,4568555.0,2025-05-31
414625.0,4568555.0,2025-05-31
414635.0,4568555.0,2025-05-31
414645.0,4568555.0,2025-05-31
414655.0,4568555.0,2025-05-31
414665.0,4568555.0,2025-05-31
414675.0,4568555.0,2025-05-31
414685.0,4568555.0,2025-05-31
414695.0,4568555.0,2025-05-31
414705.0,4568555.0,2025-05-31
414715.0,4568555.0,2025-05-31
414725.0,4568555.0,2025-05-31
414735.0,4568555.0,2025-05-31
414745.0,4568555.0,2025-05-31
414755.0,4568555.0,2025-05-31
414765.0,4568555.0,2025-05-31
414775.0,4568555.0,2025-05-31
414785.0,4568555.0,2025-05-31
414795.0,4568555.0,2025-05-31
414805.0,4568555.0,2025-05-31
414815.0,4568555.0,2025-05-31
414825.0,4568555.0,2025-05-31
414835.0,4568555.0,2025-05-31
414845.0,4568555.0,2025-05-31
414855.0,4568555.0,2025-05-31
414865.0,4568555.0,2025-05-31
414875.0,4568555.0,2025-05-31
414885.0,4568555.0,2025-05-31
414895.0,4568555.0,2025-05-31
414905.0,4568555.0,2025-05-31
414915.0,4568555.0,2025-05-31
414925.0,4568555.0,2025-05-31
414935.0,4568555.0,2025-05-31
414945.0,4568555.0,2025-05-31
414955.0,4568555.0,2025-05-31
414965.0,4568555.0,2025-05-31
414975.0,4568555.0,2025-05-31
414985.0,4568555.0,2025-05-31
414995.0,4568555.0,2025-05-31
415005.0,4568555.0,2025-05-31
415015.0,4568555.0,2025-05-31
415025.0,4568555.0,2025-05-31
415035.0,4568555.0,2025-05-31
415045.0,4568555.0,2025-05-31
415055.0,4568555.0,2025-05-31
415065.0,4568555.0,2025-05-31
415075.0,4568555.0,2025-05-31
415085.0,4568555.0,2025-05-31
415095.0,4568555.0,2025-05-31
415105.0,4568555.0,2025-05-31
415115.0,4568555.0,2025-05-31
415125.0,4568555.0,2025-05-31
415135.0,4568555.0,2025-05-31
415145.0,4568555.0,2025-05-31
415155.0,4568555.0,2025-05-31
415165.0,4568555.0,2025-05-31
415175.0,4568555.0,2025-05-31
415185.0,4568555.0,2025-05-31
415195.0,4568555.0,2025-05-31
415205.0,4568555.0,2025-05-31
415215.0,4568555.0,2025-05-31
415225.0,4568555.0,2025-05-31
415235.0,4568555.0,2025-05-31
415245.0,4568555.0,2025-05-31
415255.0,4568555.0,2025-05-31
415265.0,4568555.0,2025-05-31
415275.0,4568555.0,2025-05-31
415285.0,4568555.0,2025-05-31
415295.0,4568555.0,2025-05-31
415305.0,4568555.0,2025-05-31
415315.0,4568555.0,2025-05-31
415325.0,4568555.0,2025-05-31
415335.0,4568555.0,2025-05-31
415345.0,4568555.0,2025-05-31
415355.0,4568555.0,2025-05-31
415365.0,4568555.0,2025-05-31
415375.0,4568555.0,2025-05-31
415385.0,4568555.0,2025-05-31
415395.0,4568555.0,2025-05-31
415405.0,4568555.0,2025-05-31
415415.0,4568555.0,2025-05-31
415425.0,4568555.0,2025-05-31
415435.0,4568555.0,2025-05-31
415445.0,4568555.0,2025-05-31
415455.0,4568555.0,2025-05-31
415465.0,4568555.0,2025-05-31
415475.0,4568555.0,2025-05-31
415485.0,4568555.0,2025-05-31
415495.0,4568555.0,2025-05-31
415505.0,4568555.0,2025-05-31
415515.0,4568555.0,2025-05-31
415525.0,4568555.0,2025-05-31
415535.0,4568555.0,2025-05-31
415545.0,4568555.0,2025-05-31
415555.0,4568555.0,2025-05-31
415565.0,4568555.0,2025-05-31
415575.0,4568555.0,2025-05-31
415585.0,4568555.0,2025-05-31
415595.0,4568555.0,2025-05-31
415605.0,4568555.0,2025-05-31
415615.0,4568555.0,2025-05-31
415625.0,4568555.0,2025-05-31
415635.0,4568555.0,2025-05-31
415645.0,4568555.0,2025-05-31
415655.0,4568555.0,2025-05-31
415665.0,4568555.0,2025-05-31
415675.0,4568555.0,2025-05-31
415685.0,4568555.0,2025-05-31
415695.0,4568555.0,2025-05-31
415705.0,4568555.0,2025-05-31
415715.0,4568555.0,2025-05-31
415725.0,4568555.0,2025-05-31
415735.0,4568555.0,2025-05-31
415745.0,4568555.0,2025-05-31
415755.0,4568555.0,2025-05-31
415765.0,4568555.0,2025-05-31
415775.0,4568555.0,2025-05-31
415785.0,4568555.0,2025-05-31
415795.0,4568555.0,2025-05-31
415805.0,4568555.0,2025-05-31
415815.0,4568555.0,2025-05-31
415825.0,4568555.0,2025-05-31
415835.0,4568555.0,2025-05-31
415845.0,4568555.0,2025-05-31
415855.0,4568555.0,2025-05-31
415865.0,4568555.0,2025-05-31
415875.0,4568555.0,2025-05-31
415885.0,4568555.0,2025-05-31
415895.0,4568555.0,2025-05-31
415905.0,4568555.0,2025-05-31
415915.0,4568555.0,2025-05-31
415925.0,4568555.0,2025-05-31
415935.0,4568555.0,2025-05-31
415945.0,4568555.0,2025-05-31
415955.0,4568555.0,2025-05-31
415965.0,4568555.0,2025-05-31
415975.0,4568555.0,2025-05-31
415985.0,4568555.0,2025-05-31
415995.0,4568555.0,2025-05-31
416005.0,4568555.0,2025-05-31
416015.0,4568555.0,2025-05-31
416025.0,4568555.0,2025-05-31
416035.0,4568555.0,2025-05-31
416045.0,4568555.0,2025-05-31
416055.0,4568555.0,2025-05-31
416065.0,4568555.0,2025-05-31
416075.0,4568555.0,2025-05-31
416085.0,4568555.0,2025-05-31
416095.0,4568555.0,2025-05-31
416105.0,4568555.0,2025-05-31
416115.0,4568555.0,2025-05-31
416125.0,4568555.0,2025-05-31
416135.0,4568555.0,2025-05-31
416145.0,4568555.0,2025-05-31
416155.0,4568555.0,2025-05-31
416165.0,4568555.0,2025-05-31
416175.0,4568555.0,2025-05-31
416185.0,4568555.0,2025-05-31
416195.0,4568555.0,2025-05-31
416205.0,4568555.0,2025-05-31
416215.0,4568555.0,2025-05-31
416225.0,4568555.0,2025-05-31
416235.0,4568555.0,2025-05-31
416245.0,4568555.0,2025-05-31
416255.0,4568555.0,2025-05-31
416265.0,4568555.0,2025-05-31
416275.0,4568555.0,2025-05-31
416285.0,4568555.0,2025-05-31
416295.0,4568555.0,2025-05-31
416305.0,4568555.0,2025-05-31
416315.0,4568555.0,2025-05-31
416325.0,4568555.0,2025-05-31
416335.0,4568555.0,2025-05-31
416345.0,4568555.0,2025-05-31
416355.0,4568555.0,2025-05-31
416365.0,4568555.0,2025-05-31
416375.0,4568555.0,2025-05-31
416385.0,4568555.0,2025-05-31
416395.0,4568555.0,2025-05-31
416405.0,4568555.0,2025-05-31
416415.0,4568555.0,2025-05-31
416425.0,4568555.0,2025-05-31
416435.0,4568555.0,2025-05-31
416445.0,4568555.0,2025-05-31
416455.0,4568555.0,2025-05-31
411745.0,4568545.0,2025-05-31
411755.0,4568545.0,2025-05-31
411765.0,4568545.0,2025-05-31
411775.0,4568545.0,2025-05-31
411785.0,4568545.0,2025-05-31
411795.0,4568545.0,2025-05-31
411805.0,4568545.0,2025-05-31
411815.0,4568545.0,2025-05-31
411825.0,4568545.0,2025-05-31
411835.0,4568545.0,2025-05-31
411845.0,4568545.0,2025-05-31
411855.0,4568545.0,2025-05-31
411865.0,4568545.0,2025-05-31
411875.0,4568545.0,2025-05-31
411885.0,4568545.0,2025-05-31
411895.0,4568545.0,2025-05-31
411905.0,4568545.0,2025-05-31
411915.0,4568545.0,2025-05-31
411925.0,4568545.0,2025-05-31
411935.0,4568545.0,2025-05-31
411945.0,4568545.0,2025-05-31
411955.0,4568545.0,2025-05-31
411965.0,4568545.0,2025-05-31
411975.0,4568545.0,2025-05-31
411985.0,4568545.0,2025-05-31
411995.0,4568545.0,2025-05-31
412005.0,4568545.0,2025-05-31
412015.0,4568545.0,2025-05-31
412025.0,4568545.0,2025-05-31
412035.0,4568545.0,2025-05-31
412045.0,4568545.0,2025-05-31
412055.0,4568545.0,2025-05-31
412065.0,4568545.0,2025-05-31
412075.0,4568545.0,2025-05-31
412085.0,4568545.0,2025-05-31
412095.0,4568545.0,2025-05-31
412105.0,4568545.0,2025-05-31
412115.0,4568545.0,2025-05-31
412125.0,4568545.0,2025-05-31
412135.0,4568545.0,2025-05-31
412145.0,4568545.0,2025-05-31
412155.0,4568545.0,2025-05-31
412165.0,4568545.0,2025-05-31
412175.0,4568545.0,2025-05-31
412185.0,4568545.0,2025-05-31
412195.0,4568545.0,2025-05-31
412205.0,4568545.0,2025-05-31
412215.0,4568545.0,2025-05-31
412225.0,4568545.0,2025-05-31
412235.0,4568545.0,2025-05-31
412245.0,4568545.0,2025-05-31
412255.0,4568545.0,2025-05-31
412265.0,4568545.0,2025-05-31
412275.0,4568545.0,2025-05-31
412285.0,4568545.0,2025-05-31
412295.0,4568545.0,2025-05-31
412305.0,4568545.0,2025-05-31
412315.0,4568545.0,2025-05-31
412325.0,4568545.0,2025-05-31
412335.0,4568545.0,2025-05-31
412345.0,4568545.0,2025-05-31
412355.0,4568545.0,2025-05-31
412365.0,4568545.0,2025-05-31
412375.0,4568545.0,2025-05-31
412385.0,4568545.0,2025-05-31
412395.0,4568545.0,2025-05-31
412405.0,4568545.0,2025-05-31
412415.0,4568545.0,2025-05-31
412425.0,4568545.0,2025-05-31
412435.0,4568545.0,2025-05-31
412445.0,4568545.0,2025-05-31
412455.0,4568545.0,2025-05-31
412465.0,4568545.0,2025-05-31
412475.0,4568545.0,2025-05-31
412485.0,4568545.0,2025-05-31
412495.0,4568545.0,2025-05-31
412505.0,4568545.0,2025-05-31
412515.0,4568545.0,2025-05-31
412525.0,4568545.0,2025-05-31
412535.0,4568545.0,2025-05-31
412545.0,4568545.0,2025-05-31
412555.0,4568545.0,2025-05-31
412565.0,4568545.0,2025-05-31
412575.0,4568545.0,2025-05-31
412585.0,4568545.0,2025-05-31
412595.0,4568545.0,2025-05-31
412605.0,4568545.0,2025-05-31
412615.0,4568545.0,2025-05-31
412625.0,4568545.0,2025-05-31
412635.0,4568545.0,2025-05-31
412645.0,4568545.0,2025-05-31
412655.0,4568545.0,2025-05-31
412665.0,4568545.0,2025-05-31
412675.0,4568545.0,2025-05-31
412685.0,4568545.0,2025-05-31
412695.0,4568545.0,2025-05-31
412705.0,4568545.0,2025-05-31
412715.0,4568545.0,2025-05-31
412725.0,4568545.0,2025-05-31
412735.0,4568545.0,2025-05-31
412745.0,4568545.0,2025-05-31
412755.0,4568545.0,2025-05-31
412765.0,4568545.0,2025-05-31
412775.0,4568545.0,2025-05-31
412785.0,4568545.0,2025-05-31
412795.0,4568545.0,2025-05-31
412805.0,4568545.0,2025-05-31
412815.0,4568545.0,2025-05-31
412825.0,4568545.0,2025-05-31
412835.0,4568545.0,2025-05-31
412845.0,4568545.0,2025-05-31
412855.0,4568545.0,2025-05-31
412865.0,4568545.0,2025-05-31
412875.0,4568545.0,2025-05-31
412885.0,4568545.0,2025-05-31
412895.0,4568545.0,2025-05-31
412905.0,4568545.0,2025-05-31
412915.0,4568545.0,2025-05-31
412925.0,4568545.0,2025-05-31
412935.0,4568545.0,2025-05-31
412945.0,4568545.0,2025-05-31
412955.0,4568545.0,2025-05-31
412965.0,4568545.0,2025-05-31
412975.0,4568545.0,2025-05-31
412985.0,4568545.0,2025-05-31
412995.0,4568545.0,2025-05-31
413005.0,4568545.0,2025-05-31
413015.0,4568545.0,2025-05-31
413025.0,4568545.0,2025-05-31
413035.0,4568545.0,2025-05-31
413045.0,4568545.0,2025-05-31
413055.0,4568545.0,2025-05-31
413065.0,4568545.0,2025-05-31
413075.0,4568545.0,2025-05-31
413085.0,4568545.0,2025-05-31
413095.0,4568545.0,2025-05-31
413105.0,4568545.0,2025-05-31
413115.0,4568545.0,2025-05-31
413125.0,4568545.0,2025-05-31
413135.0,4568545.0,2025-05-31
413145.0,4568545.0,2025-05-31
413155.0,4568545.0,2025-05-31
413165.0,4568545.0,2025-05-31
413175.0,4568545.0,2025-05-31
413185.0,4568545.0,2025-05-31
413195.0,4568545.0,2025-05-31
413205.0,4568545.0,2025-05-31
413215.0,4568545.0,2025-05-31
413225.0,4568545.0,2025-05-31
413235.0,4568545.0,2025-05-31
413245.0,4568545.0,2025-05-31
413255.0,4568545.0,2025-05-31
413265.0,4568545.0,2025-05-31
413275.0,4568545.0,2025-05-31
413285.0,4568545.0,2025-05-31
413295.0,4568545.0,2025-05-31
413305.0,4568545.0,2025-05-31
413315.0,4568545.0,2025-05-31
413325.0,4568545.0,2025-05-31
413335.0,4568545.0,2025-05-31
413345.0,4568545.0,2025-05-31
413355.0,4568545.0,2025-05-31
413365.0,4568545.0,2025-05-31
413375.0,4568545.0,2025-05-31
413385.0,4568545.0,2025-05-31
413395.0,4568545.0,2025-05-31
413405.0,4568545.0,2025-05-31
413415.0,4568545.0,2025-05-31
413425.0,4568545.0,2025-05-31
413435.0,4568545.0,2025-05-31
413445.0,4568545.0,2025-05-31
413455.0,4568545.0,2025-05-31
413465.0,4568545.0,2025-05-31
413475.0,4568545.0,2025-05-31
413485.0,4568545.0,2025-05-31
413495.0,4568545.0,2025-05-31
413505.0,4568545.0,2025-05-31
413515.0,4568545.0,2025-05-31
413525.0,4568545.0,2025-05-31
413535.0,4568545.0,2025-05-31
413545.0,4568545.0,2025-05-31
413555.0,4568545.0,2025-05-31
413565.0,4568545.0,2025-05-31
413575.0,4568545.0,2025-05-31
413585.0,4568545.0,2025-05-31
413595.0,4568545.0,2025-05-31
413605.0,4568545.0,2025-05-31
413615.0,4568545.0,2025-05-31
413625.0,4568545.0,2025-05-31
413635.0,4568545.0,2025-05-31
413645.0,4568545.0,2025-05-31
413655.0,4568545.0,2025-05-31
413665.0,4568545.0,2025-05-31
413675.0,4568545.0,2025-05-31
413685.0,4568545.0,2025-05-31
413695.0,4568545.0,2025-05-31
413705.0,4568545.0,2025-05-31
413715.0,4568545.0,2025-05-31
413725.0,4568545.0,2025-05-31
413735.0,4568545.0,2025-05-31
413745.0,4568545.0,2025-05-31
413755.0,4568545.0,2025-05-31
413765.0,4568545.0,2025-05-31
413775.0,4568545.0,2025-05-31
413785.0,4568545.0,2025-05-31
413795.0,4568545.0,2025-05-31
413805.0,4568545.0,2025-05-31
413815.0,4568545.0,2025-05-31
413825.0,4568545.0,2025-05-31
413835.0,4568545.0,2025-05-31
413845.0,4568545.0,2025-05-31
413855.0,4568545.0,2025-05-31
413865.0,4568545.0,2025-05-31
413875.0,4568545.0,2025-05-31
413885.0,4568545.0,2025-05-31
413895.0,4568545.0,2025-05-31
413905.0,4568545.0,2025-05-31
413915.0,4568545.0,2025-05-31
413925.0,4568545.0,2025-05-31
413935.0,4568545.0,2025-05-31
413945.0,4568545.0,2025-05-31
413955.0,4568545.0,2025-05-31
413965.0,4568545.0,2025-05-31
413975.0,4568545.0,2025-05-31
413985.0,4568545.0,2025-05-31
413995.0,4568545.0,2025-05-31
414005.0,4568545.0,2025-05-31
414015.0,4568545.0,2025-05-31
414025.0,4568545.0,2025-05-31
414035.0,4568545.0,2025-05-31
414045.0,4568545.0,2025-05-31
414055.0,4568545.0,2025-05-31
414065.0,4568545.0,2025-05-31
414075.0,4568545.0,2025-05-31
414085.0,4568545.0,2025-05-31
414095.0,4568545.0,2025-05-31
414105.0,4568545.0,2025-05-31
414115.0,4568545.0,2025-05-31
414125.0,4568545.0,2025-05-31
414135.0,4568545.0,2025-05-31
414145.0,4568545.0,2025-05-31
414155.0,4568545.0,2025-05-31
414165.0,4568545.0,2025-05-31
414175.0,4568545.0,2025-05-31
414185.0,4568545.0,2025-05-31
414195.0,4568545.0,2025-05-31
414205.0,4568545.0,2025-05-31
414215.0,4568545.0,2025-05-31
414225.0,4568545.0,2025-05-31
414235.0,4568545.0,2025-05-31
414245.0,4568545.0,2025-05-31
414255.0,4568545.0,2025-05-31
414265.0,4568545.0,2025-05-31
414275.0,4568545.0,2025-05-31
414285.0,4568545.0,2025-05-31
414295.0,4568545.0,2025-05-31
414305.0,4568545.0,2025-05-31
414315.0,4568545.0,2025-05-31
414325.0,4568545.0,2025-05-31
414335.0,4568545.0,2025-05-31
414345.0,4568545.0,2025-05-31
414355.0,4568545.0,2025-05-31
414365.0,4568545.0,2025-05-31
414375.0,4568545.0,2025-05-31
414385.0,4568545.0,2025-05-31
414395.0,4568545.0,2025-05-31
414405.0,4568545.0,2025-05-31
414415.0,4568545.0,2025-05-31
414425.0,4568545.0,2025-05-31
414435.0,4568545.0,2025-05-31
414445.0,4568545.0,2025-05-31
414455.0,4568545.0,2025-05-31
414465.0,4568545.0,2025-05-31
414475.0,4568545.0,2025-05-31
414485.0,4568545.0,2025-05-31
414495.0,4568545.0,2025-05-31
414505.0,4568545.0,2025-05-31
414515.0,4568545.0,2025-05-31
414525.0,4568545.0,2025-05-31
414535.0,4568545.0,2025-05-31
414545.0,4568545.0,2025-05-31
414555.0,4568545.0,2025-05-31
414565.0,4568545.0,2025-05-31
414575.0,4568545.0,2025-05-31
414585.0,4568545.0,2025-05-31
414595.0,4568545.0,2025-05-31
414605.0,4568545.0,2025-05-31
414615.0,4568545.0,2025-05-31
414625.0,4568545.0,2025-05-31
414635.0,4568545.0,2025-05-31
414645.0,4568545.0,2025-05-31
414655.0,4568545.0,2025-05-31
414665.0,4568545.0,2025-05-31
414675.0,4568545.0,2025-05-31
414685.0,4568545.0,2025-05-31
414695.0,4568545.0,2025-05-31
414705.0,4568545.0,2025-05-31
414715.0,4568545.0,2025-05-31
414725.0,4568545.0,2025-05-31
414735.0,4568545.0,2025-05-31
414745.0,4568545.0,2025-05-31
414755.0,4568545.0,2025-05-31
414765.0,4568545.0,2025-05-31
414775.0,4568545.0,2025-05-31
414785.0,4568545.0,2025-05-31
414795.0,4568545.0,2025-05-31
414805.0,4568545.0,2025-05-31
414815.0,4568545.0,2025-05-31
414825.0,4568545.0,2025-05-31
414835.0,4568545.0,2025-05-31
414845.0,4568545.0,2025-05-31
414855.0,4568545.0,2025-05-31
414865.0,4568545.0,2025-05-31
414875.0,4568545.0,2025-05-31
414885.0,4568545.0,2025-05-31
414895.0,4568545.0,2025-05-31
414905.0,4568545.0,2025-05-31
414915.0,4568545.0,2025-05-31
414925.0,4568545.0,2025-05-31
414935.0,4568545.0,2025-05-31
414945.0,4568545.0,2025-05-31
414955.0,4568545.0,2025-05-31
414965.0,4568545.0,2025-05-31
414975.0,4568545.0,2025-05-31
414985.0,4568545.0,2025-05-31
414995.0,4568545.0,2025-05-31
415005.0,4568545.0,2025-05-31
415015.0,4568545.0,2025-05-31
415025.0,4568545.0,2025-05-31
415035.0,4568545.0,2025-05-31
415045.0,4568545.0,2025-05-31
415055.0,4568545.0,2025-05-31
415065.0,4568545.0,2025-05-31
415075.0,4568545.0,2025-05-31
415085.0,4568545.0,2025-05-31
415095.0,4568545.0,2025-05-31
415105.0,4568545.0,2025-05-31
415115.0,4568545.0,2025-05-31
415125.0,4568545.0,2025-05-31
415135.0,4568545.0,2025-05-31
415145.0,4568545.0,2025-05-31
415155.0,4568545.0,2025-05-31
415165.0,4568545.0,2025-05-31
415175.0,4568545.0,2025-05-31
415185.0,4568545.0,2025-05-31
415195.0,4568545.0,2025-05-31
415205.0,4568545.0,2025-05-31
415215.0,4568545.0,2025-05-31
415225.0,4568545.0,2025-05-31
415235.0,4568545.0,2025-05-31
415245.0,4568545.0,2025-05-31
415255.0,4568545.0,2025-05-31
415265.0,4568545.0,2025-05-31
415275.0,4568545.0,2025-05-31
415285.0,4568545.0,2025-05-31
415295.0,4568545.0,2025-05-31
415305.0,4568545.0,2025-05-31
415315.0,4568545.0,2025-05-31
415325.0,4568545.0,2025-05-31
415335.0,4568545.0,2025-05-31
415345.0,4568545.0,2025-05-31
415355.0,4568545.0,2025-05-31
415365.0,4568545.0,2025-05-31
415375.0,4568545.0,2025-05-31
415385.0,4568545.0,2025-05-31
415395.0,4568545.0,2025-05-31
415405.0,4568545.0,2025-05-31
415415.0,4568545.0,2025-05-31
415425.0,4568545.0,2025-05-31
415435.0,4568545.0,2025-05-31
415445.0,4568545.0,2025-05-31
415455.0,4568545.0,2025-05-31
415465.0,4568545.0,2025-05-31
415475.0,4568545.0,2025-05-31
415485.0,4568545.0,2025-05-31
415495.0,4568545.0,2025-05-31
415505.0,4568545.0,2025-05-31
415515.0,4568545.0,2025-05-31
415525.0,4568545.0,2025-05-31
415535.0,4568545.0,2025-05-31
415545.0,4568545.0,2025-05-31
415555.0,4568545.0,2025-05-31
415565.0,4568545.0,2025-05-31
415575.0,4568545.0,2025-05-31
415585.0,4568545.0,2025-05-31
415595.0,4568545.0,2025-05-31
415605.0,4568545.0,2025-05-31
415615.0,4568545.0,2025-05-31
415625.0,4568545.0,2025-05-31
415635.0,4568545.0,2025-05-31
415645.0,4568545.0,2025-05-31
415655.0,4568545.0,2025-05-31
415665.0,4568545.0,2025-05-31
415675.0,4568545.0,2025-05-31
415685.0,4568545.0,2025-05-31
415695.0,4568545.0,2025-05-31
415705.0,4568545.0,2025-05-31
415715.0,4568545.0,2025-05-31
415725.0,4568545.0,2025-05-31
415735.0,4568545.0,2025-05-31
415745.0,4568545.0,2025-05-31
415755.0,4568545.0,2025-05-31
415765.0,4568545.0,2025-05-31
415775.0,4568545.0,2025-05-31
415785.0,4568545.0,2025-05-31
415795.0,4568545.0,2025-05-31
415805.0,4568545.0,2025-05-31
415815.0,4568545.0,2025-05-31
415825.0,4568545.0,2025-05-31
415835.0,4568545.0,2025-05-31
415845.0,4568545.0,2025-05-31
415855.0,4568545.0,2025-05-31
415865.0,4568545.0,2025-05-31
415875.0,4568545.0,2025-05-31
415885.0,4568545.0,2025-05-31
415895.0,4568545.0,2025-05-31
415905.0,4568545.0,2025-05-31
415915.0,4568545.0,2025-05-31
415925.0,4568545.0,2025-05-31
415935.0,4568545.0,2025-05-31
415945.0,4568545.0,2025-05-31
415955.0,4568545.0,2025-05-31
415965.0,4568545.0,2025-05-31
415975.0,4568545.0,2025-05-31
415985.0,4568545.0,2025-05-31
415995.0,4568545.0,2025-05-31
416005.0,4568545.0,2025-05-31
416015.0,4568545.0,2025-05-31
416025.0,4568545.0,2025-05-31
416035.0,4568545.0,2025-05-31
416045.0,4568545.0,2025-05-31
416055.0,4568545.0,2025-05-31
416065.0,4568545.0,2025-05-31
416075.0,4568545.0,2025-05-31
416085.0,4568545.0,2025-05-31
416095.0,4568545.0,2025-05-31
416105.0,4568545.0,2025-05-31
416115.0,4568545.0,2025-05-31
416125.0,4568545.0,2025-05-31
416135.0,4568545.0,2025-05-31
416145.0,4568545.0,2025-05-31
416155.0,4568545.0,2025-05-31
416165.0,4568545.0,2025-05-31
416175.0,4568545.0,2025-05-31
416185.0,4568545.0,2025-05-31
416195.0,4568545.0,2025-05-31
416205.0,4568545.0,2025-05-31
416215.0,4568545.0,2025-05-31
416225.0,4568545.0,2025-05-31
416235.0,4568545.0,2025-05-31
416245.0,4568545.0,2025-05-31
416255.0,4568545.0,2025-05-31
416265.0,4568545.0,2025-05-31
416275.0,4568545.0,2025-05-31
416285.0,4568545.0,2025-05-31
416295.0,4568545.0,2025-05-31
416305.0,4568545.0,2025-05-31
416315.0,4568545.0,2025-05-31
416325.0,4568545.0,2025-05-31
416335.0,4568545.0,2025-05-31
416345.0,4568545.0,2025-05-31
416355.0,4568545.0,2025-05-31
416365.0,4568545.0,2025-05-31
416375.0,4568545.0,2025-05-31
416385.0,4568545.0,2025-05-31
416395.0,4568545.0,2025-05-31
416405.0,4568545.0,2025-05-31
416415.0,4568545.0,2025-05-31
416425.0,4568545.0,2025-05-31
416435.0,4568545.0,2025-05-31
416445.0,4568545.0,2025-05-31
416455.0,4568545.0,2025-05-31
412575.0,4568535.0,2025-05-31
412585.0,4568535.0,2025-05-31
412595.0,4568535.0,2025-05-31
412605.0,4568535.0,2025-05-31
412615.0,4568535.0,2025-05-31
412625.0,4568535.0,2025-05-31
412635.0,4568535.0,2025-05-31
412645.0,4568535.0,2025-05-31
412655.0,4568535.0,2025-05-31
412665.0,4568535.0,2025-05-31
412675.0,4568535.0,2025-05-31
412685.0,4568535.0,2025-05-31
412695.0,4568535.0,2025-05-31
412705.0,4568535.0,2025-05-31
412715.0,4568535.0,2025-05-31
412725.0,4568535.0,2025-05-31
412735.0,4568535.0,2025-05-31
412745.0,4568535.0,2025-05-31
412755.0,4568535.0,2025-05-31
412765.0,4568535.0,2025-05-31
412775.0,4568535.0,2025-05-31
412785.0,4568535.0,2025-05-31
412795.0,4568535.0,2025-05-31
412805.0,4568535.0,2025-05-31
412815.0,4568535.0,2025-05-31
412825.0,4568535.0,2025-05-31
412835.0,4568535.0,2025-05-31
412845.0,4568535.0,2025-05-31
412855.0,4568535.0,2025-05-31
412865.0,4568535.0,2025-05-31
412875.0,4568535.0,2025-05-31
412885.0,4568535.0,2025-05-31
412895.0,4568535.0,2025-05-31
412905.0,4568535.0,2025-05-31
412915.0,4568535.0,2025-05-31
412925.0,4568535.0,2025-05-31
412935.0,4568535.0,2025-05-31
412945.0,4568535.0,2025-05-31
412955.0,4568535.0,2025-05-31
412965.0,4568535.0,2025-05-31
412975.0,4568535.0,2025-05-31
412985.0,4568535.0,2025-05-31
412995.0,4568535.0,2025-05-31
413005.0,4568535.0,2025-05-31
413015.0,4568535.0,2025-05-31
413025.0,4568535.0,2025-05-31
413035.0,4568535.0,2025-05-31
413045.0,4568535.0,2025-05-31
413055.0,4568535.0,2025-05-31
413065.0,4568535.0,2025-05-31
413075.0,4568535.0,2025-05-31
413085.0,4568535.0,2025-05-31
413095.0,4568535.0,2025-05-31
413105.0,4568535.0,2025-05-31
413115.0,4568535.0,2025-05-31
413125.0,4568535.0,2025-05-31
413135.0,4568535.0,2025-05-31
413145.0,4568535.0,2025-05-31
413155.0,4568535.0,2025-05-31
413165.0,4568535.0,2025-05-31
413175.0,4568535.0,2025-05-31
413185.0,4568535.0,2025-05-31
413195.0,4568535.0,2025-05-31
413205.0,4568535.0,2025-05-31
413215.0,4568535.0,2025-05-31
413225.0,4568535.0,2025-05-31
413235.0,4568535.0,2025-05-31
413245.0,4568535.0,2025-05-31
413255.0,4568535.0,2025-05-31
413265.0,4568535.0,2025-05-31
413275.0,4568535.0,2025-05-31
413285.0,4568535.0,2025-05-31
413295.0,4568535.0,2025-05-31
413305.0,4568535.0,2025-05-31
413315.0,4568535.0,2025-05-31
413325.0,4568535.0,2025-05-31
413335.0,4568535.0,2025-05-31
413345.0,4568535.0,2025-05-31
413355.0,4568535.0,2025-05-31
413365.0,4568535.0,2025-05-31
413375.0,4568535.0,2025-05-31
413385.0,4568535.0,2025-05-31
413395.0,4568535.0,2025-05-31
413405.0,4568535.0,2025-05-31
413415.0,4568535.0,2025-05-31
413425.0,4568535.0,2025-05-31
413435.0,4568535.0,2025-05-31
413445.0,4568535.0,2025-05-31
413455.0,4568535.0,2025-05-31
413465.0,4568535.0,2025-05-31
413475.0,4568535.0,2025-05-31
413485.0,4568535.0,2025-05-31
413495.0,4568535.0,2025-05-31
413505.0,4568535.0,2025-05-31
413515.0,4568535.0,2025-05-31
413525.0,4568535.0,2025-05-31
413535.0,4568535.0,2025-05-31
413545.0,4568535.0,2025-05-31
413555.0,4568535.0,2025-05-31
413565.0,4568535.0,2025-05-31
413575.0,4568535.0,2025-05-31
413585.0,4568535.0,2025-05-31
413595.0,4568535.0,2025-05-31
413605.0,4568535.0,2025-05-31
413615.0,4568535.0,2025-05-31
413625.0,4568535.0,2025-05-31
413635.0,4568535.0,2025-05-31
413645.0,4568535.0,2025-05-31
413655.0,4568535.0,2025-05-31
413665.0,4568535.0,2025-05-31
413675.0,4568535.0,2025-05-31
413685.0,4568535.0,2025-05-31
413695.0,4568535.0,2025-05-31
413705.0,4568535.0,2025-05-31
413715.0,4568535.0,2025-05-31
413725.0,4568535.0,2025-05-31
413735.0,4568535.0,2025-05-31
413745.0,4568535.0,2025-05-31
413755.0,4568535.0,2025-05-31
413765.0,4568535.0,2025-05-31
413775.0,4568535.0,2025-05-31
413785.0,4568535.0,2025-05-31
413795.0,4568535.0,2025-05-31
413805.0,4568535.0,2025-05-31
413815.0,4568535.0,2025-05-31
413825.0,4568535.0,2025-05-31
413835.0,4568535.0,2025-05-31
413845.0,4568535.0,2025-05-31
413855.0,4568535.0,2025-05-31
413865.0,4568535.0,2025-05-31
413875.0,4568535.0,2025-05-31
413885.0,4568535.0,2025-05-31
413895.0,4568535.0,2025-05-31
413905.0,4568535.0,2025-05-31
413915.0,4568535.0,2025-05-31
413925.0,4568535.0,2025-05-31
413935.0,4568535.0,2025-05-31
413945.0,4568535.0,2025-05-31
413955.0,4568535.0,2025-05-31
413965.0,4568535.0,2025-05-31
413975.0,4568535.0,2025-05-31
413985.0,4568535.0,2025-05-31
413995.0,4568535.0,2025-05-31
414005.0,4568535.0,2025-05-31
414015.0,4568535.0,2025-05-31
414025.0,4568535.0,2025-05-31
414035.0,4568535.0,2025-05-31
414045.0,4568535.0,2025-05-31
414055.0,4568535.0,2025-05-31
414065.0,4568535.0,2025-05-31
414075.0,4568535.0,2025-05-31
414085.0,4568535.0,2025-05-31
414095.0,4568535.0,2025-05-31
414105.0,4568535.0,2025-05-31
414115.0,4568535.0,2025-05-31
414125.0,4568535.0,2025-05-31
414135.0,4568535.0,2025-05-31
414145.0,4568535.0,2025-05-31
414155.0,4568535.0,2025-05-31
414165.0,4568535.0,2025-05-31
414175.0,4568535.0,2025-05-31
414185.0,4568535.0,2025-05-31
414195.0,4568535.0,2025-05-31
414205.0,4568535.0,2025-05-31
414215.0,4568535.0,2025-05-31
414225.0,4568535.0,2025-05-31
414235.0,4568535.0,2025-05-31
414245.0,4568535.0,2025-05-31
414255.0,4568535.0,2025-05-31
414265.0,4568535.0,2025-05-31
414275.0,4568535.0,2025-05-31
414285.0,4568535.0,2025-05-31
414295.0,4568535.0,2025-05-31
414305.0,4568535.0,2025-05-31
414315.0,4568535.0,2025-05-31
414325.0,4568535.0,2025-05-31
414335.0,4568535.0,2025-05-31
414345.0,4568535.0,2025-05-31
414355.0,4568535.0,2025-05-31
414365.0,4568535.0,2025-05-31
414375.0,4568535.0,2025-05-31
414385.0,4568535.0,2025-05-31
414395.0,4568535.0,2025-05-31
414405.0,4568535.0,2025-05-31
414415.0,4568535.0,2025-05-31
414425.0,4568535.0,2025-05-31
414435.0,4568535.0,2025-05-31
414445.0,4568535.0,2025-05-31
414455.0,4568535.0,2025-05-31
414465.0,4568535.0,2025-05-31
414475.0,4568535.0,2025-05-31
414485.0,4568535.0,2025-05-31
414495.0,4568535.0,2025-05-31
414505.0,4568535.0,2025-05-31
414515.0,4568535.0,2025-05-31
414525.0,4568535.0,2025-05-31
414535.0,4568535.0,2025-05-31
414545.0,4568535.0,2025-05-31
414555.0,4568535.0,2025-05-31
414565.0,4568535.0,2025-05-31
414575.0,4568535.0,2025-05-31
414585.0,4568535.0,2025-05-31
414595.0,4568535.0,2025-05-31
414605.0,4568535.0,2025-05-31
414615.0,4568535.0,2025-05-31
414625.0,4568535.0,2025-05-31
414635.0,4568535.0,2025-05-31
414645.0,4568535.0,2025-05-31
414655.0,4568535.0,2025-05-31
414665.0,4568535.0,2025-05-31
414675.0,4568535.0,2025-05-31
414685.0,4568535.0,2025-05-31
414695.0,4568535.0,2025-05-31
414705.0,4568535.0,2025-05-31
414715.0,4568535.0,2025-05-31
414725.0,4568535.0,2025-05-31
414735.0,4568535.0,2025-05-31
414745.0,4568535.0,2025-05-31
414755.0,4568535.0,2025-05-31
414765.0,4568535.0,2025-05-31
414775.0,4568535.0,2025-05-31
414785.0,4568535.0,2025-05-31
414795.0,4568535.0,2025-05-31
414805.0,4568535.0,2025-05-31
414815.0,4568535.0,2025-05-31
414825.0,4568535.0,2025-05-31
414835.0,4568535.0,2025-05-31
414845.0,4568535.0,2025-05-31
414855.0,4568535.0,2025-05-31
414865.0,4568535.0,2025-05-31
414875.0,4568535.0,2025-05-31
414885.0,4568535.0,2025-05-31
414895.0,4568535.0,2025-05-31
414905.0,4568535.0,2025-05-31
414915.0,4568535.0,2025-05-31
414925.0,4568535.0,2025-05-31
414935.0,4568535.0,2025-05-31
414945.0,4568535.0,2025-05-31
414955.0,4568535.0,2025-05-31
414965.0,4568535.0,2025-05-31
414975.0,4568535.0,2025-05-31
414985.0,4568535.0,2025-05-31
414995.0,4568535.0,2025-05-31
415005.0,4568535.0,2025-05-31
415015.0,4568535.0,2025-05-31
415025.0,4568535.0,2025-05-31
415035.0,4568535.0,2025-05-31
415045.0,4568535.0,2025-05-31
415055.0,4568535.0,2025-05-31
415065.0,4568535.0,2025-05-31
415075.0,4568535.0,2025-05-31
415085.0,4568535.0,2025-05-31
415095.0,4568535.0,2025-05-31
415105.0,4568535.0,2025-05-31
415115.0,4568535.0,2025-05-31
415125.0,4568535.0,2025-05-31
415135.0,4568535.0,2025-05-31
415145.0,4568535.0,2025-05-31
415155.0,4568535.0,2025-05-31
415165.0,4568535.0,2025-05-31
415175.0,4568535.0,2025-05-31
415185.0,4568535.0,2025-05-31
415195.0,4568535.0,2025-05-31
415205.0,4568535.0,2025-05-31
415215.0,4568535.0,2025-05-31
415225.0,4568535.0,2025-05-31
415235.0,4568535.0,2025-05-31
415245.0,4568535.0,2025-05-31
415255.0,4568535.0,2025-05-31
415265.0,4568535.0,2025-05-31
415275.0,4568535.0,2025-05-31
415285.0,4568535.0,2025-05-31
415295.0,4568535.0,2025-05-31
415305.0,4568535.0,2025-05-31
415315.0,4568535.0,2025-05-31
415325.0,4568535.0,2025-05-31
415335.0,4568535.0,2025-05-31
415345.0,4568535.0,2025-05-31
415355.0,4568535.0,2025-05-31
415365.0,4568535.0,2025-05-31
415375.0,4568535.0,2025-05-31
415385.0,4568535.0,2025-05-31
415395.0,4568535.0,2025-05-31
415405.0,4568535.0,2025-05-31
415415.0,4568535.0,2025-05-31
415425.0,4568535.0,2025-05-31
415435.0,4568535.0,2025-05-31
415445.0,4568535.0,2025-05-31
415455.0,4568535.0,2025-05-31
415465.0,4568535.0,2025-05-31
415475.0,4568535.0,2025-05-31
415485.0,4568535.0,2025-05-31
415495.0,4568535.0,2025-05-31
415505.0,4568535.0,2025-05-31
415515.0,4568535.0,2025-05-31
415525.0,4568535.0,2025-05-31
415535.0,4568535.0,2025-05-31
415545.0,4568535.0,2025-05-31
415555.0,4568535.0,2025-05-31
415565.0,4568535.0,2025-05-31
415575.0,4568535.0,2025-05-31
415585.0,4568535.0,2025-05-31
415595.0,4568535.0,2025-05-31
415605.0,4568535.0,2025-05-31
415615.0,4568535.0,2025-05-31
415625.0,4568535.0,2025-05-31
415635.0,4568535.0,2025-05-31
415645.0,4568535.0,2025-05-31
415655.0,4568535.0,2025-05-31
415665.0,4568535.0,2025-05-31
415675.0,4568535.0,2025-05-31
415685.0,4568535.0,2025-05-31
415695.0,4568535.0,2025-05-31
415705.0,4568535.0,2025-05-31
415715.0,4568535.0,2025-05-31
415725.0,4568535.0,2025-05-31
415735.0,4568535.0,2025-05-31
415745.0,4568535.0,2025-05-31
415755.0,4568535.0,2025-05-31
415765.0,4568535.0,2025-05-31
415775.0,4568535.0,2025-05-31
415785.0,4568535.0,2025-05-31
415795.0,4568535.0,2025-05-31
415805.0,4568535.0,2025-05-31
415815.0,4568535.0,2025-05-31
415825.0,4568535.0,2025-05-31
415835.0,4568535.0,2025-05-31
415845.0,4568535.0,2025-05-31
415855.0,4568535.0,2025-05-31
415865.0,4568535.0,2025-05-31
415875.0,4568535.0,2025-05-31
415885.0,4568535.0,2025-05-31
415895.0,4568535.0,2025-05-31
415905.0,4568535.0,2025-05-31
415915.0,4568535.0,2025-05-31
415925.0,4568535.0,2025-05-31
415935.0,4568535.0,2025-05-31
415945.0,4568535.0,2025-05-31
415955.0,4568535.0,2025-05-31
415965.0,4568535.0,2025-05-31
415975.0,4568535.0,2025-05-31
415985.0,4568535.0,2025-05-31
415995.0,4568535.0,2025-05-31
416005.0,4568535.0,2025-05-31
416015.0,4568535.0,2025-05-31
416025.0,4568535.0,2025-05-31
416035.0,4568535.0,2025-05-31
416045.0,4568535.0,2025-05-31
416055.0,4568535.0,2025-05-31
416065.0,4568535.0,2025-05-31
416075.0,4568535.0,2025-05-31
416085.0,4568535.0,2025-05-31
416095.0,4568535.0,2025-05-31
416105.0,4568535.0,2025-05-31
416115.0,4568535.0,2025-05-31
416125.0,4568535.0,2025-05-31
416135.0,4568535.0,2025-05-31
416145.0,4568535.0,2025-05-31
416155.0,4568535.0,2025-05-31
416165.0,4568535.0,2025-05-31
416175.0,4568535.0,2025-05-31
416185.0,4568535.0,2025-05-31
416195.0,4568535.0,2025-05-31
416205.0,4568535.0,2025-05-31
416215.0,4568535.0,2025-05-31
416225.0,4568535.0,2025-05-31
416235.0,4568535.0,2025-05-31
416245.0,4568535.0,2025-05-31
416255.0,4568535.0,2025-05-31
416265.0,4568535.0,2025-05-31
416275.0,4568535.0,2025-05-31
416285.0,4568535.0,2025-05-31
416295.0,4568535.0,2025-05-31
416305.0,4568535.0,2025-05-31
416315.0,4568535.0,2025-05-31
416325.0,4568535.0,2025-05-31
416335.0,4568535.0,2025-05-31
416345.0,4568535.0,2025-05-31
416355.0,4568535.0,2025-05-31
416365.0,4568535.0,2025-05-31
416375.0,4568535.0,2025-05-31
416385.0,4568535.0,2025-05-31
416395.0,4568535.0,2025-05-31
416405.0,4568535.0,2025-05-31
416415.0,4568535.0,2025-05-31
416425.0,4568535.0,2025-05-31
416435.0,4568535.0,2025-05-31
416445.0,4568535.0,2025-05-31
416455.0,4568535.0,2025-05-31
413425.0,4568525.0,2025-05-31
413435.0,4568525.0,2025-05-31
413445.0,4568525.0,2025-05-31
413455.0,4568525.0,2025-05-31
413465.0,4568525.0,2025-05-31
413475.0,4568525.0,2025-05-31
413485.0,4568525.0,2025-05-31
413495.0,4568525.0,2025-05-31
413505.0,4568525.0,2025-05-31
413515.0,4568525.0,2025-05-31
413525.0,4568525.0,2025-05-31
413535.0,4568525.0,2025-05-31
413545.0,4568525.0,2025-05-31
413555.0,4568525.0,2025-05-31
413565.0,4568525.0,2025-05-31
413575.0,4568525.0,2025-05-31
413585.0,4568525.0,2025-05-31
413595.0,4568525.0,2025-05-31
413605.0,4568525.0,2025-05-31
413615.0,4568525.0,2025-05-31
413625.0,4568525.0,2025-05-31
413635.0,4568525.0,2025-05-31
413645.0,4568525.0,2025-05-31
413655.0,4568525.0,2025-05-31
413665.0,4568525.0,2025-05-31
413675.0,4568525.0,2025-05-31
413685.0,4568525.0,2025-05-31
413695.0,4568525.0,2025-05-31
413705.0,4568525.0,2025-05-31
413715.0,4568525.0,2025-05-31
413725.0,4568525.0,2025-05-31
413735.0,4568525.0,2025-05-31
413745.0,4568525.0,2025-05-31
413755.0,4568525.0,2025-05-31
413765.0,4568525.0,2025-05-31
413775.0,4568525.0,2025-05-31
413785.0,4568525.0,2025-05-31
413795.0,4568525.0,2025-05-31
413805.0,4568525.0,2025-05-31
413815.0,4568525.0,2025-05-31
413825.0,4568525.0,2025-05-31
413835.0,4568525.0,2025-05-31
413845.0,4568525.0,2025-05-31
413855.0,4568525.0,2025-05-31
413865.0,4568525.0,2025-05-31
413875.0,4568525.0,2025-05-31
413885.0,4568525.0,2025-05-31
413895.0,4568525.0,2025-05-31
413905.0,4568525.0,2025-05-31
413915.0,4568525.0,2025-05-31
413925.0,4568525.0,2025-05-31
413935.0,4568525.0,2025-05-31
413945.0,4568525.0,2025-05-31
413955.0,4568525.0,2025-05-31
413965.0,4568525.0,2025-05-31
413975.0,4568525.0,2025-05-31
413985.0,4568525.0,2025-05-31
413995.0,4568525.0,2025-05-31
414005.0,4568525.0,2025-05-31
414015.0,4568525.0,2025-05-31
414025.0,4568525.0,2025-05-31
414035.0,4568525.0,2025-05-31
414045.0,4568525.0,2025-05-31
414055.0,4568525.0,2025-05-31
414065.0,4568525.0,2025-05-31
414075.0,4568525.0,2025-05-31
414085.0,4568525.0,2025-05-31
414095.0,4568525.0,2025-05-31
414105.0,4568525.0,2025-05-31
414115.0,4568525.0,2025-05-31
414125.0,4568525.0,2025-05-31
414135.0,4568525.0,2025-05-31
414145.0,4568525.0,2025-05-31
414155.0,4568525.0,2025-05-31
414165.0,4568525.0,2025-05-31
414175.0,4568525.0,2025-05-31
414185.0,4568525.0,2025-05-31
414195.0,4568525.0,2025-05-31
414205.0,4568525.0,2025-05-31
414215.0,4568525.0,2025-05-31
414225.0,4568525.0,2025-05-31
414235.0,4568525.0,2025-05-31
414245.0,4568525.0,2025-05-31
414255.0,4568525.0,2025-05-31
414265.0,4568525.0,2025-05-31
414275.0,4568525.0,2025-05-31
414285.0,4568525.0,2025-05-31
414295.0,4568525.0,2025-05-31
414305.0,4568525.0,2025-05-31
414315.0,4568525.0,2025-05-31
414325.0,4568525.0,2025-05-31
414335.0,4568525.0,2025-05-31
414345.0,4568525.0,2025-05-31
414355.0,4568525.0,2025-05-31
414365.0,4568525.0,2025-05-31
414375.0,4568525.0,2025-05-31
414385.0,4568525.0,2025-05-31
414395.0,4568525.0,2025-05-31
414405.0,4568525.0,2025-05-31
414415.0,4568525.0,2025-05-31
414425.0,4568525.0,2025-05-31
414435.0,4568525.0,2025-05-31
414445.0,4568525.0,2025-05-31
414455.0,4568525.0,2025-05-31
414465.0,4568525.0,2025-05-31
414475.0,4568525.0,2025-05-31
414485.0,4568525.0,2025-05-31
414495.0,4568525.0,2025-05-31
414505.0,4568525.0,2025-05-31
414515.0,4568525.0,2025-05-31
414525.0,4568525.0,2025-05-31
414535.0,4568525.0,2025-05-31
414545.0,4568525.0,2025-05-31
414555.0,4568525.0,2025-05-31
414565.0,4568525.0,2025-05-31
414575.0,4568525.0,2025-05-31
414585.0,4568525.0,2025-05-31
414595.0,4568525.0,2025-05-31
414605.0,4568525.0,2025-05-31
414615.0,4568525.0,2025-05-31
414625.0,4568525.0,2025-05-31
414635.0,4568525.0,2025-05-31
414645.0,4568525.0,2025-05-31
414655.0,4568525.0,2025-05-31
414665.0,4568525.0,2025-05-31
414675.0,4568525.0,2025-05-31
414685.0,4568525.0,2025-05-31
414695.0,4568525.0,2025-05-31
414705.0,4568525.0,2025-05-31
414715.0,4568525.0,2025-05-31
414725.0,4568525.0,2025-05-31
414735.0,4568525.0,2025-05-31
414745.0,4568525.0,2025-05-31
414755.0,4568525.0,2025-05-31
414765.0,4568525.0,2025-05-31
414775.0,4568525.0,2025-05-31
414785.0,4568525.0,2025-05-31
414795.0,4568525.0,2025-05-31
414805.0,4568525.0,2025-05-31
414815.0,4568525.0,2025-05-31
414825.0,4568525.0,2025-05-31
414835.0,4568525.0,2025-05-31
414845.0,4568525.0,2025-05-31
414855.0,4568525.0,2025-05-31
414865.0,4568525.0,2025-05-31
414875.0,4568525.0,2025-05-31
414885.0,4568525.0,2025-05-31
414895.0,4568525.0,2025-05-31
414905.0,4568525.0,2025-05-31
414915.0,4568525.0,2025-05-31
414925.0,4568525.0,2025-05-31
414935.0,4568525.0,2025-05-31
414945.0,4568525.0,2025-05-31
414955.0,4568525.0,2025-05-31
414965.0,4568525.0,2025-05-31
414975.0,4568525.0,2025-05-31
414985.0,4568525.0,2025-05-31
414995.0,4568525.0,2025-05-31
415005.0,4568525.0,2025-05-31
415015.0,4568525.0,2025-05-31
415025.0,4568525.0,2025-05-31
415035.0,4568525.0,2025-05-31
415045.0,4568525.0,2025-05-31
415055.0,4568525.0,2025-05-31
415065.0,4568525.0,2025-05-31
415075.0,4568525.0,2025-05-31
415085.0,4568525.0,2025-05-31
415095.0,4568525.0,2025-05-31
415105.0,4568525.0,2025-05-31
415115.0,4568525.0,2025-05-31
415125.0,4568525.0,2025-05-31
415135.0,4568525.0,2025-05-31
415145.0,4568525.0,2025-05-31
415155.0,4568525.0,2025-05-31
415165.0,4568525.0,2025-05-31
415175.0,4568525.0,2025-05-31
415185.0,4568525.0,2025-05-31
415195.0,4568525.0,2025-05-31
415205.0,4568525.0,2025-05-31
415215.0,4568525.0,2025-05-31
415225.0,4568525.0,2025-05-31
415235.0,4568525.0,2025-05-31
415245.0,4568525.0,2025-05-31
415255.0,4568525.0,2025-05-31
415265.0,4568525.0,2025-05-31
415275.0,4568525.0,2025-05-31
415285.0,4568525.0,2025-05-31
415295.0,4568525.0,2025-05-31
415305.0,4568525.0,2025-05-31
415315.0,4568525.0,2025-05-31
415325.0,4568525.0,2025-05-31
415335.0,4568525.0,2025-05-31
415345.0,4568525.0,2025-05-31
415355.0,4568525.0,2025-05-31
415365.0,4568525.0,2025-05-31
415375.0,4568525.0,2025-05-31
415385.0,4568525.0,2025-05-31
415395.0,4568525.0,2025-05-31
415405.0,4568525.0,2025-05-31
415415.0,4568525.0,2025-05-31
415425.0,4568525.0,2025-05-31
415435.0,4568525.0,2025-05-31
415445.0,4568525.0,2025-05-31
415455.0,4568525.0,2025-05-31
415465.0,4568525.0,2025-05-31
415475.0,4568525.0,2025-05-31
415485.0,4568525.0,2025-05-31
415495.0,4568525.0,2025-05-31
415505.0,4568525.0,2025-05-31
415515.0,4568525.0,2025-05-31
415525.0,4568525.0,2025-05-31
415535.0,4568525.0,2025-05-31
415545.0,4568525.0,2025-05-31
415555.0,4568525.0,2025-05-31
415565.0,4568525.0,2025-05-31
415575.0,4568525.0,2025-05-31
415585.0,4568525.0,2025-05-31
415595.0,4568525.0,2025-05-31
415605.0,4568525.0,2025-05-31
415615.0,4568525.0,2025-05-31
415625.0,4568525.0,2025-05-31
415635.0,4568525.0,2025-05-31
415645.0,4568525.0,2025-05-31
415655.0,4568525.0,2025-05-31
415665.0,4568525.0,2025-05-31
415675.0,4568525.0,2025-05-31
415685.0,4568525.0,2025-05-31
415695.0,4568525.0,2025-05-31
415705.0,4568525.0,2025-05-31
415715.0,4568525.0,2025-05-31
415725.0,4568525.0,2025-05-31
415735.0,4568525.0,2025-05-31
415745.0,4568525.0,2025-05-31
415755.0,4568525.0,2025-05-31
415765.0,4568525.0,2025-05-31
415775.0,4568525.0,2025-05-31
415785.0,4568525.0,2025-05-31
415795.0,4568525.0,2025-05-31
415805.0,4568525.0,2025-05-31
415815.0,4568525.0,2025-05-31
415825.0,4568525.0,2025-05-31
415835.0,4568525.0,2025-05-31
415845.0,4568525.0,2025-05-31
415855.0,4568525.0,2025-05-31
415865.0,4568525.0,2025-05-31
415875.0,4568525.0,2025-05-31
415885.0,4568525.0,2025-05-31
415895.0,4568525.0,2025-05-31
415905.0,4568525.0,2025-05-31
415915.0,4568525.0,2025-05-31
415925.0,4568525.0,2025-05-31
415935.0,4568525.0,2025-05-31
415945.0,4568525.0,2025-05-31
415955.0,4568525.0,2025-05-31
415965.0,4568525.0,2025-05-31
415975.0,4568525.0,2025-05-31
415985.0,4568525.0,2025-05-31
415995.0,4568525.0,2025-05-31
416005.0,4568525.0,2025-05-31
416015.0,4568525.0,2025-05-31
416025.0,4568525.0,2025-05-31
416035.0,4568525.0,2025-05-31
416045.0,4568525.0,2025-05-31
416055.0,4568525.0,2025-05-31
416065.0,4568525.0,2025-05-31
416075.0,4568525.0,2025-05-31
416085.0,4568525.0,2025-05-31
416095.0,4568525.0,2025-05-31
416105.0,4568525.0,2025-05-31
416115.0,4568525.0,2025-05-31
416125.0,4568525.0,2025-05-31
416135.0,4568525.0,2025-05-31
416145.0,4568525.0,2025-05-31
416155.0,4568525.0,2025-05-31
416165.0,4568525.0,2025-05-31
416175.0,4568525.0,2025-05-31
416185.0,4568525.0,2025-05-31
416195.0,4568525.0,2025-05-31
416205.0,4568525.0,2025-05-31
416215.0,4568525.0,2025-05-31
416225.0,4568525.0,2025-05-31
416235.0,4568525.0,2025-05-31
416245.0,4568525.0,2025-05-31
416255.0,4568525.0,2025-05-31
416265.0,4568525.0,2025-05-31
416275.0,4568525.0,2025-05-31
416285.0,4568525.0,2025-05-31
416295.0,4568525.0,2025-05-31
416305.0,4568525.0,2025-05-31
416315.0,4568525.0,2025-05-31
416325.0,4568525.0,2025-05-31
416335.0,4568525.0,2025-05-31
416345.0,4568525.0,2025-05-31
416355.0,4568525.0,2025-05-31
416365.0,4568525.0,2025-05-31
416375.0,4568525.0,2025-05-31
416385.0,4568525.0,2025-05-31
416395.0,4568525.0,2025-05-31
416405.0,4568525.0,2025-05-31
416415.0,4568525.0,2025-05-31
416425.0,4568525.0,2025-05-31
416435.0,4568525.0,2025-05-31
416445.0,4568525.0,2025-05-31
416455.0,4568525.0,2025-05-31
414265.0,4568515.0,2025-05-31
414275.0,4568515.0,2025-05-31
414285.0,4568515.0,2025-05-31
414295.0,4568515.0,2025-05-31
414305.0,4568515.0,2025-05-31
414315.0,4568515.0,2025-05-31
414325.0,4568515.0,2025-05-31
414335.0,4568515.0,2025-05-31
414345.0,4568515.0,2025-05-31
414355.0,4568515.0,2025-05-31
414365.0,4568515.0,2025-05-31
414375.0,4568515.0,2025-05-31
414385.0,4568515.0,2025-05-31
414395.0,4568515.0,2025-05-31
414405.0,4568515.0,2025-05-31
414415.0,4568515.0,2025-05-31
414425.0,4568515.0,2025-05-31
414435.0,4568515.0,2025-05-31
414445.0,4568515.0,2025-05-31
414455.0,4568515.0,2025-05-31
414465.0,4568515.0,2025-05-31
414475.0,4568515.0,2025-05-31
414485.0,4568515.0,2025-05-31
414495.0,4568515.0,2025-05-31
414505.0,4568515.0,2025-05-31
414515.0,4568515.0,2025-05-31
414525.0,4568515.0,2025-05-31
414535.0,4568515.0,2025-05-31
414545.0,4568515.0,2025-05-31
414555.0,4568515.0,2025-05-31
414565.0,4568515.0,2025-05-31
414575.0,4568515.0,2025-05-31
414585.0,4568515.0,2025-05-31
414595.0,4568515.0,2025-05-31
414605.0,4568515.0,2025-05-31
414615.0,4568515.0,2025-05-31
414625.0,4568515.0,2025-05-31
414635.0,4568515.0,2025-05-31
414645.0,4568515.0,2025-05-31
414655.0,4568515.0,2025-05-31
414665.0,4568515.0,2025-05-31
414675.0,4568515.0,2025-05-31
414685.0,4568515.0,2025-05-31
414695.0,4568515.0,2025-05-31
414705.0,4568515.0,2025-05-31
414715.0,4568515.0,2025-05-31
414725.0,4568515.0,2025-05-31
414735.0,4568515.0,2025-05-31
414745.0,4568515.0,2025-05-31
414755.0,4568515.0,2025-05-31
414765.0,4568515.0,2025-05-31
414775.0,4568515.0,2025-05-31
414785.0,4568515.0,2025-05-31
414795.0,4568515.0,2025-05-31
414805.0,4568515.0,2025-05-31
414815.0,4568515.0,2025-05-31
414825.0,4568515.0,2025-05-31
414835.0,4568515.0,2025-05-31
414845.0,4568515.0,2025-05-31
414855.0,4568515.0,2025-05-31
414865.0,4568515.0,2025-05-31
414875.0,4568515.0,2025-05-31
414885.0,4568515.0,2025-05-31
414895.0,4568515.0,2025-05-31
414905.0,4568515.0,2025-05-31
414915.0,4568515.0,2025-05-31
414925.0,4568515.0,2025-05-31
414935.0,4568515.0,2025-05-31
414945.0,4568515.0,2025-05-31
414955.0,4568515.0,2025-05-31
414965.0,4568515.0,2025-05-31
414975.0,4568515.0,2025-05-31
414985.0,4568515.0,2025-05-31
414995.0,4568515.0,2025-05-31
415005.0,4568515.0,2025-05-31
415015.0,4568515.0,2025-05-31
415025.0,4568515.0,2025-05-31
415035.0,4568515.0,2025-05-31
415045.0,4568515.0,2025-05-31
415055.0,4568515.0,2025-05-31
415065.0,4568515.0,2025-05-31
415075.0,4568515.0,2025-05-31
415085.0,4568515.0,2025-05-31
415095.0,4568515.0,2025-05-31
415105.0,4568515.0,2025-05-31
415115.0,4568515.0,2025-05-31
415125.0,4568515.0,2025-05-31
415135.0,4568515.0,2025-05-31
415145.0,4568515.0,2025-05-31
415155.0,4568515.0,2025-05-31
415165.0,4568515.0,2025-05-31
415175.0,4568515.0,2025-05-31
415185.0,4568515.0,2025-05-31
415195.0,4568515.0,2025-05-31
415205.0,4568515.0,2025-05-31
415215.0,4568515.0,2025-05-31
415225.0,4568515.0,2025-05-31
415235.0,4568515.0,2025-05-31
415245.0,4568515.0,2025-05-31
415255.0,4568515.0,2025-05-31
415265.0,4568515.0,2025-05-31
415275.0,4568515.0,2025-05-31
415285.0,4568515.0,2025-05-31
415295.0,4568515.0,2025-05-31
415305.0,4568515.0,2025-05-31
415315.0,4568515.0,2025-05-31
415325.0,4568515.0,2025-05-31
415335.0,4568515.0,2025-05-31
415345.0,4568515.0,2025-05-31
415355.0,4568515.0,2025-05-31
415365.0,4568515.0,2025-05-31
415375.0,4568515.0,2025-05-31
415385.0,4568515.0,2025-05-31
415395.0,4568515.0,2025-05-31
415405.0,4568515.0,2025-05-31
415415.0,4568515.0,2025-05-31
415425.0,4568515.0,2025-05-31
415435.0,4568515.0,2025-05-31
415445.0,4568515.0,2025-05-31
415455.0,4568515.0,2025-05-31
415465.0,4568515.0,2025-05-31
415475.0,4568515.0,2025-05-31
415485.0,4568515.0,2025-05-31
415495.0,4568515.0,2025-05-31
415505.0,4568515.0,2025-05-31
415515.0,4568515.0,2025-05-31
415525.0,4568515.0,2025-05-31
415535.0,4568515.0,2025-05-31
415545.0,4568515.0,2025-05-31
415555.0,4568515.0,2025-05-31
415565.0,4568515.0,2025-05-31
415575.0,4568515.0,2025-05-31
415585.0,4568515.0,2025-05-31
415595.0,4568515.0,2025-05-31
415605.0,4568515.0,2025-05-31
415615.0,4568515.0,2025-05-31
415625.0,4568515.0,2025-05-31
415635.0,4568515.0,2025-05-31
415645.0,4568515.0,2025-05-31
415655.0,4568515.0,2025-05-31
415665.0,4568515.0,2025-05-31
415675.0,4568515.0,2025-05-31
415685.0,4568515.0,2025-05-31
415695.0,4568515.0,2025-05-31
415705.0,4568515.0,2025-05-31
415715.0,4568515.0,2025-05-31
415725.0,4568515.0,2025-05-31
415735.0,4568515.0,2025-05-31
415745.0,4568515.0,2025-05-31
415755.0,4568515.0,2025-05-31
415765.0,4568515.0,2025-05-31
415775.0,4568515.0,2025-05-31
415785.0,4568515.0,2025-05-31
415795.0,4568515.0,2025-05-31
415805.0,4568515.0,2025-05-31
415815.0,4568515.0,2025-05-31
415825.0,4568515.0,2025-05-31
415835.0,4568515.0,2025-05-31
415845.0,4568515.0,2025-05-31
415855.0,4568515.0,2025-05-31
415865.0,4568515.0,2025-05-31
415875.0,4568515.0,2025-05-31
415885.0,4568515.0,2025-05-31
415895.0,4568515.0,2025-05-31
415905.0,4568515.0,2025-05-31
415915.0,4568515.0,2025-05-31
415925.0,4568515.0,2025-05-31
415935.0,4568515.0,2025-05-31
415945.0,4568515.0,2025-05-31
415955.0,4568515.0,2025-05-31
415965.0,4568515.0,2025-05-31
415975.0,4568515.0,2025-05-31
415985.0,4568515.0,2025-05-31
415995.0,4568515.0,2025-05-31
416005.0,4568515.0,2025-05-31
416015.0,4568515.0,2025-05-31
416025.0,4568515.0,2025-05-31
416035.0,4568515.0,2025-05-31
416045.0,4568515.0,2025-05-31
416055.0,4568515.0,2025-05-31
416065.0,4568515.0,2025-05-31
416075.0,4568515.0,2025-05-31
416085.0,4568515.0,2025-05-31
416095.0,4568515.0,2025-05-31
416105.0,4568515.0,2025-05-31
416115.0,4568515.0,2025-05-31
416125.0,4568515.0,2025-05-31
416135.0,4568515.0,2025-05-31
416145.0,4568515.0,2025-05-31
416155.0,4568515.0,2025-05-31
416165.0,4568515.0,2025-05-31
416175.0,4568515.0,2025-05-31
416185.0,4568515.0,2025-05-31
416195.0,4568515.0,2025-05-31
416205.0,4568515.0,2025-05-31
416215.0,4568515.0,2025-05-31
416225.0,4568515.0,2025-05-31
416235.0,4568515.0,2025-05-31
416245.0,4568515.0,2025-05-31
416255.0,4568515.0,2025-05-31
416265.0,4568515.0,2025-05-31
416275.0,4568515.0,2025-05-31
416285.0,4568515.0,2025-05-31
416295.0,4568515.0,2025-05-31
416305.0,4568515.0,2025-05-31
416315.0,4568515.0,2025-05-31
416325.0,4568515.0,2025-05-31
416335.0,4568515.0,2025-05-31
416345.0,4568515.0,2025-05-31
416355.0,4568515.0,2025-05-31
416365.0,4568515.0,2025-05-31
416375.0,4568515.0,2025-05-31
416385.0,4568515.0,2025-05-31
416395.0,4568515.0,2025-05-31
416405.0,4568515.0,2025-05-31
416415.0,4568515.0,2025-05-31
416425.0,4568515.0,2025-05-31
416435.0,4568515.0,2025-05-31
416445.0,4568515.0,2025-05-31
416455.0,4568515.0,2025-05-31
415115.0,4568505.0,2025-05-31
415125.0,4568505.0,2025-05-31
415135.0,4568505.0,2025-05-31
415145.0,4568505.0,2025-05-31
415155.0,4568505.0,2025-05-31
415165.0,4568505.0,2025-05-31
415175.0,4568505.0,2025-05-31
415185.0,4568505.0,2025-05-31
415195.0,4568505.0,2025-05-31
415205.0,4568505.0,2025-05-31
415215.0,4568505.0,2025-05-31
415225.0,4568505.0,2025-05-31
415235.0,4568505.0,2025-05-31
415245.0,4568505.0,2025-05-31
415255.0,4568505.0,2025-05-31
415265.0,4568505.0,2025-05-31
415275.0,4568505.0,2025-05-31
415285.0,4568505.0,2025-05-31
415295.0,4568505.0,2025-05-31
415305.0,4568505.0,2025-05-31
415315.0,4568505.0,2025-05-31
415325.0,4568505.0,2025-05-31
415335.0,4568505.0,2025-05-31
415345.0,4568505.0,2025-05-31
415355.0,4568505.0,2025-05-31
415365.0,4568505.0,2025-05-31
415375.0,4568505.0,2025-05-31
415385.0,4568505.0,2025-05-31
415395.0,4568505.0,2025-05-31
415405.0,4568505.0,2025-05-31
415415.0,4568505.0,2025-05-31
415425.0,4568505.0,2025-05-31
415435.0,4568505.0,2025-05-31
415445.0,4568505.0,2025-05-31
415455.0,4568505.0,2025-05-31
415465.0,4568505.0,2025-05-31
415475.0,4568505.0,2025-05-31
415485.0,4568505.0,2025-05-31
415495.0,4568505.0,2025-05-31
415505.0,4568505.0,2025-05-31
415515.0,4568505.0,2025-05-31
415525.0,4568505.0,2025-05-31
415535.0,4568505.0,2025-05-31
415545.0,4568505.0,2025-05-31
415555.0,4568505.0,2025-05-31
415565.0,4568505.0,2025-05-31
415575.0,4568505.0,2025-05-31
415585.0,4568505.0,2025-05-31
415595.0,4568505.0,2025-05-31
415605.0,4568505.0,2025-05-31
415615.0,4568505.0,2025-05-31
415625.0,4568505.0,2025-05-31
415635.0,4568505.0,2025-05-31
415645.0,4568505.0,2025-05-31
415655.0,4568505.0,2025-05-31
415665.0,4568505.0,2025-05-31
415675.0,4568505.0,2025-05-31
415685.0,4568505.0,2025-05-31
415695.0,4568505.0,2025-05-31
415705.0,4568505.0,2025-05-31
415715.0,4568505.0,2025-05-31
415725.0,4568505.0,2025-05-31
415735.0,4568505.0,2025-05-31
415745.0,4568505.0,2025-05-31
415755.0,4568505.0,2025-05-31
415765.0,4568505.0,2025-05-31
415775.0,4568505.0,2025-05-31
415785.0,4568505.0,2025-05-31
415795.0,4568505.0,2025-05-31
415805.0,4568505.0,2025-05-31
415815.0,4568505.0,2025-05-31
415825.0,4568505.0,2025-05-31
415835.0,4568505.0,2025-05-31
415845.0,4568505.0,2025-05-31
415855.0,4568505.0,2025-05-31
415865.0,4568505.0,2025-05-31
415875.0,4568505.0,2025-05-31
415885.0,4568505.0,2025-05-31
415895.0,4568505.0,2025-05-31
415905.0,4568505.0,2025-05-31
415915.0,4568505.0,2025-05-31
415925.0,4568505.0,2025-05-31
415935.0,4568505.0,2025-05-31
415945.0,4568505.0,2025-05-31
415955.0,4568505.0,2025-05-31
415965.0,4568505.0,2025-05-31
415975.0,4568505.0,2025-05-31
415985.0,4568505.0,2025-05-31
415995.0,4568505.0,2025-05-31
416005.0,4568505.0,2025-05-31
416015.0,4568505.0,2025-05-31
416025.0,4568505.0,2025-05-31
416035.0,4568505.0,2025-05-31
416045.0,4568505.0,2025-05-31
416055.0,4568505.0,2025-05-31
416065.0,4568505.0,2025-05-31
416075.0,4568505.0,2025-05-31
416085.0,4568505.0,2025-05-31
416095.0,4568505.0,2025-05-31
416105.0,4568505.0,2025-05-31
416115.0,4568505.0,2025-05-31
416125.0,4568505.0,2025-05-31
416135.0,4568505.0,2025-05-31
416145.0,4568505.0,2025-05-31
416155.0,4568505.0,2025-05-31
416165.0,4568505.0,2025-05-31
416175.0,4568505.0,2025-05-31
416185.0,4568505.0,2025-05-31
416195.0,4568505.0,2025-05-31
416205.0,4568505.0,2025-05-31
416215.0,4568505.0,2025-05-31
416225.0,4568505.0,2025-05-31
416235.0,4568505.0,2025-05-31
416245.0,4568505.0,2025-05-31
416255.0,4568505.0,2025-05-31
416265.0,4568505.0,2025-05-31
416275.0,4568505.0,2025-05-31
416285.0,4568505.0,2025-05-31
416295.0,4568505.0,2025-05-31
416305.0,4568505.0,2025-05-31
416315.0,4568505.0,2025-05-31
416325.0,4568505.0,2025-05-31
416335.0,4568505.0,2025-05-31
416345.0,4568505.0,2025-05-31
416355.0,4568505.0,2025-05-31
416365.0,4568505.0,2025-05-31
416375.0,4568505.0,2025-05-31
416385.0,4568505.0,2025-05-31
416395.0,4568505.0,2025-05-31
416405.0,4568505.0,2025-05-31
416415.0,4568505.0,2025-05-31
416425.0,4568505.0,2025-05-31
416435.0,4568505.0,2025-05-31
416445.0,4568505.0,2025-05-31
416455.0,4568505.0,2025-05-31
415965.0,4568495.0,2025-05-31
415975.0,4568495.0,2025-05-31
415985.0,4568495.0,2025-05-31
415995.0,4568495.0,2025-05-31
416005.0,4568495.0,2025-05-31
416015.0,4568495.0,2025-05-31
416025.0,4568495.0,2025-05-31
416035.0,4568495.0,2025-05-31
416045.0,4568495.0,2025-05-31
416055.0,4568495.0,2025-05-31
416065.0,4568495.0,2025-05-31
416075.0,4568495.0,2025-05-31
416085.0,4568495.0,2025-05-31
416095.0,4568495.0,2025-05-31
416105.0,4568495.0,2025-05-31
416115.0,4568495.0,2025-05-31
416125.0,4568495.0,2025-05-31
416135.0,4568495.0,2025-05-31
416145.0,4568495.0,2025-05-31
416155.0,4568495.0,2025-05-31
416165.0,4568495.0,2025-05-31
416175.0,4568495.0,2025-05-31
416185.0,4568495.0,2025-05-31
416195.0,4568495.0,2025-05-31
416205.0,4568495.0,2025-05-31
416215.0,4568495.0,2025-05-31
416225.0,4568495.0,2025-05-31
416235.0,4568495.0,2025-05-31
416245.0,4568495.0,2025-05-31
416255.0,4568495.0,2025-05-31
416265.0,4568495.0,2025-05-31
416275.0,4568495.0,2025-05-31
416285.0,4568495.0,2025-05-31
416295.0,4568495.0,2025-05-31
416305.0,4568495.0,2025-05-31
416315.0,4568495.0,2025-05-31
416325.0,4568495.0,2025-05-31
416335.0,4568495.0,2025-05-31
416345.0,4568495.0,2025-05-31
416355.0,4568495.0,2025-05-31
416365.0,4568495.0,2025-05-31
416375.0,4568495.0,2025-05-31
416385.0,4568495.0,2025-05-31
416395.0,4568495.0,2025-05-31
416405.0,4568495.0,2025-05-31
416415.0,4568495.0,2025-05-31
416425.0,4568495.0,2025-05-31
416435.0,4568495.0,2025-05-31
416445.0,4568495.0,2025-05-31
416455.0,4568495.0,2025-05-31
