date,transect_id,reference_x,reference_y,distance_m
2017-04-13,0,411745.00000000006,4568545.000000001,-19.999999999977305
2017-04-13,1,411745.00000302866,4568562.594691358,
2017-04-13,2,411745.00003966055,4568580.188775992,
2017-04-13,3,411745.0003233083,4568597.778400664,
2017-04-13,4,411745.0005122371,4568615.369735524,
2017-04-13,5,411744.97560143477,4568633.41425569,
2017-04-13,6,411745.93509864394,4568633.684910088,
2017-04-13,7,411748.1409853514,4568611.451522053,
2017-04-13,8,411750.8556074006,4568580.03272149,
2017-04-13,9,411753.3400426703,4568552.770031879,11.720902100666653
2017-04-13,10,411754.8553690399,4568543.004976706,8.950610082177535
2017-04-13,11,411754.9922246418,4568558.128742147,
2017-04-13,12,411754.99982487055,4568575.586263127,
2017-04-13,13,411754.9999366318,4568593.178991276,
2017-04-13,14,411754.9978640491,4568610.811158596,
2017-04-13,15,411754.97962775145,4568628.735168015,
2017-04-13,16,411755.5336322266,4568636.327149884,
2017-04-13,17,411757.4842781009,4568618.702233392,
2017-04-13,18,411760.1371143742,4568588.398998814,
2017-04-13,19,411762.7532180801,4568558.758984881,
2017-04-13,20,411764.59366625315,4568543.123730332,42.88581999054625
2017-04-13,21,411765.0092912782,4568553.214206471,0.009291430855190796
2017-04-13,22,411765.0017106754,4568570.945823211,
2017-04-13,23,411765.00004389003,4568588.5706637055,
2017-04-13,24,411764.9995428117,4568606.174456904,
2017-04-13,25,411765.0046888662,4568623.67628895,
2017-04-13,26,411765.2309447593,4568637.185897701,
2017-04-13,27,411766.87570334465,4568625.0838940265,
2017-04-13,28,411769.41610599234,4568596.810691854,
2017-04-13,29,411772.11322973674,4568565.707829921,
2017-04-13,30,411774.2281516122,4568545.116846964,
2017-04-13,31,411775.03015163186,4568548.231173764,10.030151673902992
2017-04-13,32,411775.00135153777,4568566.345916598,
2017-04-13,33,411774.99991222064,4568583.966650065,
2017-04-13,34,411775.0005471887,4568601.549931511,
2017-04-13,35,411775.0065976937,4568619.035433355,
2017-04-13,36,411775.04029348004,4568636.021788996,
2017-04-13,37,411776.3285176565,4568630.357151392,
2017-04-13,38,411778.705839559,4568605.028434883,
2017-04-13,39,411781.4333362221,4568573.377178207,
2017-04-13,40,411783.77208468004,4568548.744920099,18.893296152990494
2017-04-13,41,411784.9831619667,4568544.473199291,19.998133152875372
2017-04-13,42,411784.9947529048,4568561.85866648,
2017-04-13,43,411784.999464234,4568579.368347654,
2017-04-13,44,411785.0001873464,4568596.950037626,
2017-04-13,45,411784.99946981017,4568614.557739059,
2017-04-13,46,411784.9713834295,4568632.659595517,
2017-04-13,47,411785.8559807009,4568634.282597131,
2017-04-13,48,411788.0195747383,4568612.812819542,
2017-04-13,49,411790.72679720016,4568581.527621379,
2017-04-13,50,411793.23872512067,4568553.768541376,12.302029459843288
2017-04-13,51,411794.81643553404,4568542.877118269,30.426013534595622
2017-04-13,52,411794.9932320533,4568557.2797350595,
2017-04-13,53,411795.0000864252,4568574.750722772,
2017-04-13,54,411794.9999387823,4568592.348134561,
2017-04-13,55,411794.9980066361,4568609.977766246,
2017-04-13,56,411794.9847735225,4568627.811441253,
2017-04-13,57,411795.47135214333,4568636.6208228925,
2017-04-13,58,411797.3705711958,4568619.924437477,
2017-04-13,59,411800.00687233644,4568589.919751081,
2017-04-13,60,411802.64133259957,4568559.9483024385,
2017-04-13,61,411804.53502901923,4568543.351630285,
2017-04-13,62,411805.0146624637,4568552.286409764,40.0153294838252
2017-04-13,63,411805.0019714243,4568570.110297408,
2017-04-13,64,411805.0000601521,4568587.739552204,
2017-04-13,65,411804.999881379,4568605.337526064,
2017-04-13,66,411805.0066155925,4568622.810683284,
2017-04-13,67,411805.1878916481,4568637.132420317,
2017-04-13,68,411806.7720885957,4568626.123880334,
2017-04-13,69,411809.28682129533,4568598.314158965,
2017-04-13,70,411811.9931667814,4568567.04479494,
2017-04-13,71,411814.15220208775,4568545.657326996,
2017-04-13,72,411815.0288962284,4568547.423022678,
2017-04-13,73,411815.00062305667,4568565.528251721,
2017-04-13,74,411814.99982267304,4568583.137448999,
2017-04-13,75,411815.0005388893,4568600.719263474,
2017-04-13,76,411815.00538707676,4568618.226473624,
2017-04-13,77,411815.01885888114,4568635.577981052,
2017-04-13,78,411816.2373866041,4568631.171739755,
2017-04-13,79,411818.5799037426,4568606.4714366635,
2017-04-13,80,411821.3074873313,4568574.818610513,
2017-04-13,81,411823.6812144043,4568549.554800036,49.49623710149969
2017-04-13,82,411824.9621619957,4568544.021543968,
2017-04-13,83,411824.99351826514,4568561.050140489,
2017-04-13,84,411824.9994517234,4568578.537755651,
2017-04-13,85,411825.0000966221,4568596.120857797,
2017-04-13,86,411824.9987128942,4568613.740587577,
2017-04-13,87,411824.96986877295,4568631.856125338,
2017-04-13,88,411825.77972488455,4568634.82860738,
2017-04-13,89,411827.89937934245,4568614.152175826,
2017-04-13,90,411830.59755391424,4568583.030340806,
2017-04-13,91,411833.13532563404,4568554.804641053,1.9824828763613869
2017-04-13,92,411834.773771536,4568542.8166153,14.291991827985724
2017-04-13,93,411834.995064717,4568556.415827721,
2017-04-13,94,411835.000419114,4568573.913898061,
2017-04-13,95,411834.9999539404,4568591.517042993,
2017-04-13,96,411834.99825780705,4568609.142413368,
2017-04-13,97,411834.99014675675,4568626.883607548,
2017-04-13,98,411835.41236310254,4568636.855074858,
2017-04-13,99,411837.25850775966,4568621.116968095,
2017-04-13,100,411839.87662619445,4568591.4405774595,
2017-04-13,101,411842.527795441,4568561.167441684,
2017-04-13,102,411844.47309253365,4568543.639099505,
2017-04-13,103,411845.0198533142,4568551.361869068,
2017-04-13,104,411845.0021269902,4568569.2766707195,
2017-04-13,105,411845.00006389234,4568586.908666785,
2017-04-13,106,411845.00015128957,4568604.501834836,
2017-04-13,107,411845.0077044393,4568621.960205846,
2017-04-13,108,411845.1485609228,4568637.011733828,
2017-04-13,109,411846.67054865934,4568627.126405115,
2017-04-13,110,411849.1579638373,4568599.809912121,
2017-04-13,111,411851.87188349117,4568568.403793583,
2017-04-13,112,411854.0733846547,4568546.249588231,
2017-04-13,113,411855.0249841525,4568546.662838828,
2017-04-13,114,411854.9996117796,4568564.715692832,
2017-04-13,115,411854.99972609506,4568582.308374863,
2017-04-13,116,411855.000494799,4568599.889241654,
2017-04-13,117,411855.0040023411,4568617.420657672,
2017-04-13,118,411855.0015780106,4568635.059175938,
2017-04-13,119,411856.1487617065,4568631.941078529,
2017-04-13,120,411858.45482650766,4568607.898936433,
2017-04-13,121,411861.1808494483,4568576.274288383,
2017-04-13,122,411863.58790756273,4568550.408673115,42.77925099404968
2017-04-13,123,411864.93707788526,4568543.643629365,
2017-04-13,124,411864.9925648287,4568560.236537265,
2017-04-13,125,411864.99948324123,4568577.7063687015,
2017-04-13,126,411865.00002116535,4568595.291402311,
2017-04-13,127,411864.9982110356,4568612.918830942,
2017-04-13,128,411864.97061128047,4568631.011901193,
2017-04-13,129,411865.7064065656,4568635.321579978,
2017-04-13,130,411867.7804738701,4568615.468242034,
2017-04-13,131,411870.46795297775,4568584.5395177305,
2017-04-13,132,411873.0299209233,4568555.876945804,-9.027513531471133
2017-04-13,133,411874.72745474067,4568542.8220649855,15.510981658253282
2017-04-13,134,411874.9978423447,4568555.5348587,
2017-04-13,135,411875.00079309347,4568573.076327836,
2017-04-13,136,411874.9999775013,4568590.685799702,
2017-04-13,137,411874.9985853305,4568608.305681924,
2017-04-13,138,411874.99530081777,4568625.959731106,
2017-04-13,139,411875.3567429023,4568637.028501109,
2017-04-13,140,411877.14816559025,4568622.278420577,
2017-04-13,141,411879.7464537454,4568592.960073277,
2017-04-13,142,411882.412684402,4568562.414997947,
2017-04-13,143,411884.40793459426,4568543.984733317,
2017-04-13,144,411885.02441719326,4568550.4486485915,
2017-04-13,145,411885.00214514154,4568568.445525102,
2017-04-13,146,411885.0000505065,4568586.078090589,
2017-04-13,147,411885.00034401385,4568603.667537237,
2017-04-13,148,411885.00807512447,4568621.122695101,
2017-04-13,149,411885.1130303808,4568636.822433566,
2017-04-13,150,411886.571161332,4568628.090063697,
2017-04-13,151,411889.0296114146,4568601.296546656,
2017-04-13,152,411891.7494576624,4568569.7834211765,
2017-04-13,153,411893.9917771097,4568546.892225993,
2017-04-13,154,411895.01796876715,4568545.958686429,
2017-04-13,155,411894.99834459677,4568563.907754422,
2017-04-13,156,411894.99963169615,4568581.479261389,
2017-04-13,157,411895.0004241266,4568599.059699787,
2017-04-13,158,411895.00256320415,4568616.615823959,
2017-04-13,159,411894.9884661124,4568634.465098417,
2017-04-13,160,411896.062720761,4568632.66376304,
2017-04-13,161,411898.330685651,4568609.309529514,
2017-04-13,162,411901.0535003701,4568577.742807142,
2017-04-13,163,411903.4922419527,4568551.305134661,35.20051646988899
2017-04-13,164,411904.90798743267,4568543.338050802,
2017-04-13,165,411904.99201231275,4568559.415695266,
2017-04-13,166,411904.99956799654,4568576.874020529,
2017-04-13,167,411904.9999695565,4568594.461516246,
2017-04-13,168,411904.9979320027,4568612.093051106,
2017-04-13,169,411904.9731643147,4568630.134987292,
2017-04-13,170,411905.63610354223,4568635.760110253,
2017-04-13,171,411907.6629361198,4568616.759613497,
2017-04-13,172,411910.3380721904,4568586.053747491,
2017-04-13,173,411912.9225887881,4568556.984050967,-20.69336367003417
2017-04-13,174,411914.6775629469,4568542.8920626575,26.759456081380048
2017-04-13,175,411915.0016784699,4568554.6347780945,
2017-04-13,176,411915.00117613125,4568572.238594048,
2017-04-13,177,411915.00000486104,4568589.854487829,
2017-04-13,178,411914.99895697465,4568607.468153859,
2017-04-13,179,411914.9997890677,4568625.04787614,
2017-04-13,180,411915.3045693402,4568637.139696976,
2017-04-13,181,411917.0396224854,4568623.407390247,
2017-04-13,182,411919.6164327874,4568594.47683386,
2017-04-13,183,411922.2960772803,4568563.68956655,
2017-04-13,184,411924.33963299834,4568544.387127047,
2017-04-13,185,411925.0279074632,4568549.554812539,
2017-04-13,186,411925.0019936472,4568567.617442508,
2017-04-13,187,411925.0000153899,4568585.247906745,
2017-04-13,188,411925.0004683068,4568602.834475194,
2017-04-13,189,411925.00784736447,4568620.295989507,
2017-04-13,190,411925.08137781994,4568636.563114855,
2017-04-13,191,411926.4740044128,4568629.013451408,
2017-04-13,192,411928.90184182615,4568602.772657895,
2017-04-13,193,411931.6259670943,4568571.182273054,
2017-04-13,194,411933.90745725157,4568547.583835614,
2017-04-13,195,411935.007403435,4568545.318629681,
2017-04-13,196,411934.996934291,4568563.102400151,
2017-04-13,197,411934.99954868486,4568580.649942301,
2017-04-13,198,411935.0003360812,4568598.230471597,
2017-04-13,199,411935.0011893831,4568615.809810945,
2017-04-13,200,411934.979194339,4568633.801685972,
2017-04-13,201,411935.9793415667,4568633.338388624,
2017-04-13,202,411938.20755897166,4568610.701811245,
2017-04-13,203,411940.9255178952,4568579.2227621265,
2017-04-13,204,411943.3942953719,4568552.242780007,26.800291908331115
2017-04-13,205,411944.8749684358,4568543.103403617,
2017-04-13,206,411944.9919804345,4568558.585452955,-40.00802162823487
2017-04-13,207,411944.99971519766,4568576.040544862,
2017-04-13,208,411944.99994257116,4568593.631185593,
2017-04-13,209,411944.99784356356,4568611.263830018,
2017-04-13,210,411944.9770812387,4568629.233447837,
2017-04-13,211,411945.56889361236,4568636.142793537,
2017-04-13,212,411947.54684388917,4568618.0248855455,
2017-04-13,213,411950.2079893486,4568587.571625411,
2017-04-13,214,411952.8134070247,4568558.124551864,32.33201244746925
2017-04-13,215,411954.62417395174,4568543.025203642,
2017-04-13,216,411955.00645061384,4568553.717797311,
2017-04-13,217,411955.00153599674,4568571.40127866,
2017-04-13,218,411955.00003141456,4568589.023190506,
2017-04-13,219,411954.99934050825,4568606.630411129,
2017-04-13,220,411955.0032450247,4568624.154659621,
2017-04-13,221,411955.25592021446,4568637.18725779,
2017-04-13,222,411956.932956243,4568624.502472442,
2017-04-13,223,411959.48664111795,4568595.989454543,
2017-04-13,224,411962.1780518736,4568564.9897428285,
2017-04-13,225,411964.26826554385,4568544.84487603,
2017-04-13,226,411965.0298774869,4568548.688425119,
2017-04-13,227,411965.0016402749,4568566.79300489,
2017-04-13,228,411964.99995473213,4568584.418184061,
2017-04-13,229,411965.0005333773,4568602.0024824375,
2017-04-13,230,411965.0071408769,4568619.477927525,
2017-04-13,231,411965.05368103815,4568636.232373029,
2017-04-13,232,411966.3791556989,4568629.895163582,
2017-04-13,233,411968.7747328698,4568604.236841176,
2017-04-13,234,411971.50148958515,4568572.598944549,
2017-04-13,235,411973.82050287887,4568548.323012431,
2017-04-13,236,411974.9928497851,4568544.750583558,
2017-04-13,237,411974.9955005793,4568562.297468478,10.004514652973638
2017-04-13,238,411974.99948627054,4568579.820251331,
2017-04-13,239,411975.00023987173,4568597.401390809,
2017-04-13,240,411975.0000005949,4568615.000457089,
2017-04-13,241,411974.97331615567,4568633.077000953,
2017-04-13,242,411975.8987019209,4568633.963550606,
2017-04-13,243,411978.0855242675,4568612.074376951,
2017-04-13,244,411980.7969798222,4568580.7127486635,
2017-04-13,245,411983.2941456194,4568553.220204481,31.868903061196505
2017-04-13,246,411984.8380986931,4568542.938283137,42.45147122798505
2017-04-13,247,411984.99258891103,4568557.743648791,0.007411093800054144
2017-04-13,248,411984.9999340547,4568575.205775432,
2017-04-13,249,411984.9999357045,4568592.800491687,
2017-04-13,250,411984.9979134872,4568610.431749636,
2017-04-13,251,411984.9819154148,4568628.315347035,
2017-04-13,252,411985.5048545738,4568636.468225157,
2017-04-13,253,411987.43227497657,4568619.2626535045,
2017-04-13,254,411990.07778225123,4568589.091746816,
2017-04-13,255,411992.70245343196,4568559.297043825,7.73649288703394
2017-04-13,256,411994.56736555323,4568543.2200832665,46.87431169527567
2017-04-13,257,411995.01173221203,4568552.791618138,
2017-04-13,258,411995.00184045755,4568570.564963611,
2017-04-13,259,411995.0000525579,4568588.191990873,
2017-04-13,260,411994.99970369943,4568605.793035686,
2017-04-13,261,411995.00567822455,4568623.279909371,
2017-04-13,262,411995.21087332314,4568637.16977888,
2017-04-13,263,411996.82824466174,4568625.562262489,
2017-04-13,264,411999.3571565364,4568597.496530656,
2017-04-13,265,412002.05868598085,4568566.3141221125,14.688356485689077
2017-04-13,266,412004.1939100296,4568545.356575595,
2017-04-13,267,412005.02988062706,4568547.857550536,
2017-04-13,268,412005.001052794,4568565.972794203,
2017-04-13,269,412004.9998728831,4568583.588843991,
2017-04-13,270,412005.00054843415,4568601.171392693,
2017-04-13,271,412005.00607537915,4568618.666347614,
2017-04-13,272,412005.0300178337,4568635.828803418,
2017-04-13,273,412006.2866929885,4568630.733795546,
2017-04-13,274,412008.6483623429,4568605.687691824,
2017-04-13,275,412011.37610293116,4568574.032030985,
2017-04-13,276,412013.7309917875,4568549.108351764,
2017-04-13,277,412014.97410594625,4568544.258192896,
2017-04-13,278,412014.99416317925,4568561.490797868,0.005836827725995626
2017-04-13,279,412014.99945366196,4568578.990022201,
2017-04-13,280,412015.0001447074,4568596.572291154,
2017-04-13,281,412014.99909127457,4568614.186057326,
2017-04-13,282,412014.9703849253,4568632.2991075665,
2017-04-13,283,412015.82087962085,4568634.537844316,
2017-04-13,284,412017.9646593354,4568613.425821958,
2017-04-13,285,412020.6679639476,4568582.211362079,
2017-04-13,286,412023.19187049184,4568554.23600341,7.688365953198109
2017-04-13,287,412024.7974560021,4568542.84128469,39.79584436118326
2017-04-13,288,412024.99395745975,4568556.888121235,9.993978915722888
2017-04-13,289,412025.0002308182,4568574.369599369,
2017-04-13,290,412024.99994435214,4568591.969517664,
2017-04-13,291,412024.9981095418,4568609.597391911,
2017-04-13,292,412024.98722020636,4568627.3887490975,
2017-04-13,293,412025.44406422443,4568636.735000444,
2017-04-13,294,412027.3193071793,4568620.471512711,
2017-04-13,295,412029.9475286956,4568590.612707047,
2017-04-13,296,412032.5898058077,4568560.5001221895,17.66598182221305
2017-04-13,297,412034.5072155494,4568543.47529687,
2017-04-13,298,412035.017076627,4568551.864304775,
2017-04-13,299,412035.0020572828,4568569.730230864,
2017-04-13,300,412035.00006368617,4568587.360972065,
2017-04-13,301,412035.0000143177,4568604.956609463,
2017-04-13,302,412035.0072083707,4568622.42146411,
2017-04-13,303,412035.1695064637,4568637.085855574,
2017-04-13,304,412036.72556553857,4568626.585355717,
2017-04-13,305,412039.2280568389,4568598.996657526,
2017-04-13,306,412041.93805739866,4568567.661299732,-29.931422598014432
2017-04-13,307,412044.1166442524,4568545.920821071,
2017-04-13,308,412045.02747024654,4568547.070252999,
2017-04-13,309,412045.0001989723,4568565.157392399,
2017-04-13,310,412044.9997789905,4568582.759721374,
2017-04-13,311,412045.0005226865,4568600.341039689,
2017-04-13,312,412045.004770588,4568617.859088236,
2017-04-13,313,412045.0104660037,4568635.351001349,
2017-04-13,314,412046.19669407903,4568631.527942627,
2017-04-13,315,412048.5228080435,4568607.12380516,
2017-04-13,316,412051.2498849315,4568575.480127687,
2017-04-13,317,412053.63900177693,4568549.938448941,
2017-04-13,318,412054.95123561437,4568543.84030766,
2017-04-13,319,412054.99304180767,4568560.680226779,30.006979689487505
2017-04-13,320,412054.99946006853,4568578.159088646,
2017-04-13,321,412055.000059797,4568595.74300636,
2017-04-13,322,412054.9984545588,4568613.366735591,
2017-04-13,323,412054.9699540102,4568631.476070014,
2017-04-13,324,412055.7459524652,4568635.0598650845,
2017-04-13,325,412057.84504197416,4568614.754741605,
2017-04-13,326,412060.53854807024,4568583.71719771,
2017-04-13,327,412063.08754778764,4568555.288772134,2.9500896880761007
2017-04-13,328,412064.75311816065,4568542.811003611,12.208456419513235
2017-04-13,329,412064.99620579736,4568556.016708744,20.00389031388823
2017-04-13,330,412065.0005863159,4568573.532362834,
2017-04-13,331,412064.9999639096,4568591.138346661,
2017-04-13,332,412064.99839949573,4568608.761338797,
2017-04-13,333,412064.9925489758,4568626.461718228,
2017-04-13,334,412065.38660036173,4568636.941714729,
2017-04-13,335,412067.2080182949,4568621.650058488,
2017-04-13,336,412069.81730647903,4568592.133101423,
2017-04-13,337,412072.4755419486,4568561.732382272,12.5776991939429
2017-04-13,338,412074.4438017376,4568543.789439769,
2017-04-13,339,412075.0220372222,4568550.943921441,
2017-04-13,340,412075.0021542407,4568568.8976623705,
2017-04-13,341,412075.00006019487,4568586.530217216,
2017-04-13,342,412075.0002481681,4568604.1215693215,
2017-04-13,343,412075.0079551803,4568621.577162293,
2017-04-13,344,412075.1318974339,4568636.934083204,
2017-04-13,345,412076.6249966715,4568627.570347458,
2017-04-13,346,412079.09941982396,4568600.488430485,
2017-04-13,347,412081.81624392566,4568569.029871018,
2017-04-13,348,412084.03654601076,4568546.536207791,
2017-04-13,349,412085.0221997082,4568546.334596713,
2017-04-13,350,412084.99905985,4568564.347141802,0.0009401511478713485
2017-04-13,351,412084.999682263,4568581.930649933,
2017-04-13,352,412085.0004653436,4568599.511257155,
2017-04-13,353,412085.0033462209,4568617.053987849,
2017-04-13,354,412084.9950995967,4568634.79762986,
2017-04-13,355,412086.1092367689,4568632.276200162,
2017-04-13,356,412088.39814776997,4568608.5437765345,
2017-04-13,357,412091.122913384,4568576.9418300055,
2017-04-13,358,412093.54461064504,4568550.81189931,41.69122381690254
2017-04-13,359,412094.92431658704,4568543.495523181,
2017-04-13,360,412094.992256182,4568559.863593669,9.992258660715237
2017-04-13,361,412094.99951469887,4568577.327284386,
2017-04-13,362,412094.999994347,4568594.913370197,
2017-04-13,363,412094.99805821566,4568612.543073836,
2017-04-13,364,412094.9715767738,4568630.615952511,
2017-04-13,365,412095.67399825156,4568635.52820824,
2017-04-13,366,412097.72674998076,4568616.059731209,
2017-04-13,367,412100.4088099869,4568585.228850872,
2017-04-13,368,412102.98125530384,4568556.377105963,2.028220274168754
2017-04-13,369,412104.7051629663,4568542.84603522,20.433461639415444
2017-04-13,370,412104.99945364165,4568555.127249781,0.0005463631977196086
2017-04-13,371,412105.0009684194,4568572.694645921,
2017-04-13,372,412104.9999897723,4568590.307061816,
2017-04-13,373,412104.9987511174,4568607.924172242,
2017-04-13,374,412104.9974550859,4568625.542318631,
2017-04-13,375,412105.33254078415,4568637.086963336,
2017-04-13,376,412107.0984861222,4568622.796886167,
2017-04-13,377,412109.68719340087,4568593.651525282,
2017-04-13,378,412112.35973965423,4568562.992419418,7.390496985846757
2017-04-13,379,412114.37720191665,4568544.161107309,
2017-04-13,380,412115.0261673596,4568550.0385323325,
2017-04-13,381,412115.00209909945,4568568.067840079,
2017-04-13,382,412115.00003747945,4568585.699809461,
2017-04-13,383,412115.0004085734,4568603.287855255,
2017-04-13,384,412115.0080383701,4568620.744842379,
2017-04-13,385,412115.0981240321,4568636.713057097,
2017-04-13,386,412116.52661585866,4568628.515833038,
2017-04-13,387,412118.9713232898,4568601.970444858,
2017-04-13,388,412121.6933233595,4568570.41843129,
2017-04-13,389,412123.95369310206,4568547.201331074,
2017-04-13,390,412125.0136223748,4568545.658645884,
2017-04-13,391,412124.99771261466,4568563.540648773,0.002287388858769917
2017-04-13,392,412124.99959191016,4568581.1014634045,
2017-04-13,393,412125.0003856141,4568598.681878818,
2017-04-13,394,412125.0019219946,4568616.248884911,
2017-04-13,395,412124.9837925731,4568634.170964644,
2017-04-13,396,412126.0243988555,4568632.977163473,
2017-04-13,397,412128.27445931925,4568609.9462012565,
2017-04-13,398,412130.99526608543,4568578.415733246,
2017-04-13,399,412133.4478961884,4568551.727298179,31.472936339398323
2017-04-13,400,412134.8934266621,4568543.222434787,
2017-04-13,401,412134.9919260194,4568559.038736998,0.008073980651882334
2017-04-13,402,412134.9996267621,4568576.494443154,
2017-04-13,403,412134.9999544731,4568594.083272249,
2017-04-13,404,412134.99787001347,4568611.715654013,
2017-04-13,405,412134.9748065782,4568629.726819258,
2017-04-13,406,412135.60509477736,4568635.941469113,
2017-04-13,407,412137.6098611536,4568617.339386114,
2017-04-13,408,412140.2788274961,4568586.744916916,
2017-04-13,409,412142.8730708392,4568557.499600252,7.90910202301096
2017-04-13,410,412144.6536682173,4568542.944974858,31.898379672727913
2017-04-13,411,412145.00376094016,4568554.218661964,
2017-04-13,412,412145.0013448973,4568571.857030584,
2017-04-13,413,412145.00001733564,4568589.475746261,
2017-04-13,414,412144.99913217576,4568607.086474208,
2017-04-13,415,412145.0014980573,4568624.638503342,
2017-04-13,416,412145.28196328925,4568637.1693416005,
2017-04-13,417,412146.99078845856,4568623.910591077,
2017-04-13,418,412149.5572672577,4568595.1665739445,
2017-04-13,419,412152.2424767213,4568564.27882894,17.313417676058513
2017-04-13,420,412154.30749388353,4568544.588894802,
2017-04-13,421,412155.0290204025,4568549.15620166,
2017-04-13,422,412155.00185962796,4568567.241345948,
2017-04-13,423,412154.9999909445,4568584.86983178,
2017-04-13,424,412155.00050474296,4568602.455300995,
2017-04-13,425,412155.00757765793,4568619.92234283,
2017-04-13,426,412155.06826405576,4568636.421372584,
2017-04-13,427,412156.43050089775,4568629.42040779,
2017-04-13,428,412158.84384503384,4568603.441295982,
2017-04-13,429,412161.56937349815,4568571.8255758975,
2017-04-13,430,412163.8681633248,4568547.914786267,
2017-04-13,431,412165.00129160896,4568545.05046472,
2017-04-13,432,412164.99627679854,4568562.735755099,29.99632482618752
2017-04-13,433,412164.9995171408,4568580.271995509,
2017-04-13,434,412165.000292707,4568597.852738399,
2017-04-13,435,412165.000617627,4568615.441617888,
2017-04-13,436,412164.97612229094,4568633.478636654,
2017-04-13,437,412165.9422581372,4568633.629427895,
2017-04-13,438,412168.15182049,4568611.329674666,
2017-04-13,439,412170.8670208348,4568579.900432752,
2017-04-13,440,412173.34893620585,4568552.683240889,22.71133220656067
2017-04-13,441,412174.8586436373,4568543.019637808,
2017-04-13,442,412174.99217103666,4568558.203495228,39.992180299927455
2017-04-13,443,412174.99980546755,4568575.660398678,
2017-04-13,444,412174.9999372248,4568593.252765791,
2017-04-13,445,412174.99785772094,4568610.885058076,
2017-04-13,446,412174.9791967869,4568628.816734464,
2017-04-13,447,412175.5393198413,4568636.298243035,
2017-04-13,448,412177.49445329106,4568618.59230164,
2017-04-13,449,412180.1486783966,4568588.263991153,
2017-04-13,450,412182.7630721921,4568558.654850311,-38.77671101288181
2017-04-13,451,412184.59871171194,4568543.106417848,42.065889964693774
2017-04-13,452,412185.0088205781,4568553.296490367,
2017-04-13,453,412185.0016835179,4568571.020098773,
2017-04-13,454,412185.00004199543,4568588.644483135,
2017-04-13,455,412184.9995104384,4568606.248826641,
2017-04-13,456,412185.0044732126,4568623.753967885,
2017-04-13,457,412185.23494567483,4568637.187444853,
2017-04-13,458,412186.8850031016,4568624.989768552,
2017-04-13,459,412189.42760584806,4568596.676842753,
2017-04-13,460,412192.1238309483,4568565.590206188,
2017-04-13,461,412194.23475543666,4568545.071397594,
2017-04-13,462,412195.03014971333,4568548.304993626,
2017-04-13,463,412195.0014035939,4568566.418761927,
2017-04-13,464,412194.99991952366,4568584.0403034305,
2017-04-13,465,412195.00054588524,4568601.623740263,
2017-04-13,466,412195.00669276057,4568619.107502108,
2017-04-13,467,412195.0423953029,4568636.057624994,
2017-04-13,468,412196.3367295866,4568630.282667042,
2017-04-13,469,412198.71706285386,4568604.899579182,
2017-04-13,470,412201.4444721389,4568573.249900152,
2017-04-13,471,412203.78003447584,4568548.675168686,
2017-04-13,472,412204.9848268991,4568544.516923517,
2017-04-13,473,412204.9948721193,4568561.930299235,-30.005169871912138
2017-04-13,474,412204.99946716387,4568579.442079976,
2017-04-13,475,412205.00019583164,4568597.023669639,
2017-04-13,476,412204.9995504488,4568614.630068316,
2017-04-13,477,412204.97164211335,4568632.728710101,
2017-04-13,478,412205.8628924115,4568634.231588753,
2017-04-13,479,412208.0303090798,4568612.692792092,
2017-04-13,480,412210.73825542966,4568581.394523853,
2017-04-13,481,412213.24780849525,4568553.67832277,13.18394245358808
2017-04-13,482,412214.8200453109,4568542.885727577,32.267481643802995
2017-04-13,483,412214.99311095156,4568557.3557068175,-20.006913167276934
2017-04-13,484,412215.00005996024,4568574.824985824,
2017-04-13,485,412214.9999379974,4568592.421933955,
2017-04-13,486,412214.99798910593,4568610.051867976,
2017-04-13,487,412214.9843007622,4568627.893762335,
2017-04-13,488,412215.4767512407,4568636.597125331,
2017-04-13,489,412217.38060419017,4568619.817073122,
2017-04-13,490,412220.0184404849,4568589.784668926,
2017-04-13,491,412222.6513371592,4568559.841451482,12.402722265698701
2017-04-13,492,412224.54037124733,4568543.328959523,
2017-04-13,493,412225.01418618456,4568552.368794386,
2017-04-13,494,412225.0019520498,4568570.184432444,
2017-04-13,495,412225.0000591469,4568587.8133555725,
2017-04-13,496,412224.9998536744,4568605.411811496,
2017-04-13,497,412225.0064801392,4568622.886914166,
2017-04-13,498,412225.1915657389,4568637.139868417,
2017-04-13,499,412226.78120784956,4568626.033013918,
2017-04-13,500,412229.2982869694,4568598.180927028,
2017-04-13,501,412232.00388013286,4568566.925146479,
2017-04-13,502,412234.1590643736,4568545.607211007,
2017-04-13,503,412235.02910865535,4568547.492972445,
2017-04-13,504,412235.0006987666,4568565.600669972,
2017-04-13,505,412234.9998310454,4568583.211083051,
2017-04-13,506,412235.0005412097,4568600.7930067945,
2017-04-13,507,412235.0055033953,4568618.298158672,
2017-04-13,508,412235.0205955714,4568635.620409659,
2017-04-13,509,412236.24537972343,4568631.101206124,
2017-04-13,510,412238.5910545483,4568606.34388979,
2017-04-13,511,412241.31869708054,4568574.689999392,
2017-04-13,512,412243.68938435416,4568549.4810736645,
2017-04-13,513,412244.96419340343,4568544.058651342,
2017-04-13,514,412244.9936182942,4568561.122119649,9.993628159300576
2017-04-13,515,412244.99945118825,4568578.611550537,
2017-04-13,516,412245.0001041964,4568596.194506264,
2017-04-13,517,412244.998769328,4568613.813353877,
2017-04-13,518,412244.96990552405,4568631.929247201,
2017-04-13,519,412245.78637646005,4568634.782290903,
2017-04-13,520,412247.90999288263,4568614.034313104,
2017-04-13,521,412250.60903153906,4568582.896866668,
2017-04-13,522,412253.1445742081,4568554.711412434,
2017-04-13,523,412254.77770266886,4568542.819411241,27.728118403592187
2017-04-13,524,412254.994860914,4568556.493285201,19.994925025862177
2017-04-13,525,412255.0004182989,4568573.987748578,
2017-04-13,526,412255.0008178657,4568591.576647911,
2017-04-13,527,412255.00822517945,4568609.052605331,
2017-04-13,528,412255.0508870844,4568625.962124391,
2017-04-13,529,412256.62257520965,4568618.311994662,
2017-04-13,530,412259.41598501557,4568591.038272383,
2017-04-13,531,412262.40442628204,4568560.631912727,27.551189234370757
2017-04-13,532,412264.5612087884,4568543.583870864,
2017-04-13,533,412265.0057751334,4568554.037879735,
2017-04-13,534,412265.00181148504,4568571.69629089,
2017-04-13,535,412265.00079462066,4568589.307370063,
2017-04-13,536,412265.0037245725,4568606.855054462,
2017-04-13,537,412264.990137989,4568624.6680317065,
2017-04-13,538,412266.32946982165,4568620.750084643,
2017-04-13,539,412269.0229499368,4568595.081458832,
2017-04-13,540,412272.04391167633,4568564.152738765,8.407230601046901
2017-04-13,541,412274.3656657443,4568544.454872537,
2017-04-13,542,412275.02351886145,4568551.48301225,
2017-04-13,543,412275.002665992,4568569.412702455,
2017-04-13,544,412275.0004441581,4568587.043136155,
2017-04-13,545,412274.99947175814,4568604.653501136,
2017-04-13,546,412274.9650214221,4568622.801597357,
2017-04-13,547,412276.0588997522,4568622.826187709,
2017-04-13,548,412278.6353629169,4568599.037118319,
2017-04-13,549,412281.67175884586,4568567.860490324,28.87615758932229
2017-04-13,550,412284.1413982434,4568545.787251819,
2017-04-13,551,412285.03616735263,4568549.009985795,
2017-04-13,552,412285.00228156016,4568567.149014169,
2017-04-13,553,412284.99995036516,4568584.781204464,
2017-04-13,554,412284.99751011265,4568602.415146469,
2017-04-13,555,412284.9653530511,4568620.526407524,
2017-04-13,556,412285.8130716315,4568624.504879216,
2017-04-13,557,412288.2554305878,4568602.869826182,
2017-04-13,558,412291.2901734485,4568571.719750192,
2017-04-13,559,412293.89061091794,4568547.545599344,
2017-04-13,560,412295.03245418135,4568546.799764589,
2017-04-13,561,412294.99986481166,4568564.917969485,49.07702069819212
2017-04-13,562,412294.9994719237,4568582.519026197,
2017-04-13,563,412294.9974273031,4568600.146613454,
2017-04-13,564,412294.9798664534,4568618.023426389,
2017-04-13,565,412295.5941898535,4568625.750751639,
2017-04-13,566,412297.8853573443,4568606.544174898,
2017-04-13,567,412300.9013598794,4568575.695110852,
2017-04-13,568,412303.615508163,4568549.694507595,
2017-04-13,569,412305.0011129249,4568545.033312808,
2017-04-13,570,412304.9953302567,4568562.720941556,
2017-04-13,571,412304.9991675153,4568580.254052557,
2017-04-13,572,412304.99842991977,4568597.860646048,
2017-04-13,573,412304.9972952068,4568615.473618136,
2017-04-13,574,412305.40445880994,4568626.528397435,
2017-04-13,575,412307.52734757704,4568610.024756923,
2017-04-13,576,412310.5075225288,4568579.751164757,
2017-04-13,577,412313.31829436915,4568552.198569029,
2017-04-13,578,412314.9329738022,4568543.857917835,
2017-04-13,579,412314.9911261739,4568560.51860549,
2017-04-13,580,412314.9991958224,4568577.9837347595,
2017-04-13,581,412314.99972455204,4568595.569988204,
2017-04-13,582,412315.0076401139,4568613.037592451,
2017-04-13,583,412315.2460828946,4568626.802409084,
2017-04-13,584,412317.18360568077,4568613.2761647375,
2017-04-13,585,412320.1108657915,4568583.8525043875,
2017-04-13,586,412323.0011739308,4568555.022376126,
2017-04-13,587,412324.82784080284,4568543.276728046,
2017-04-13,588,412324.990267522,4568558.262534258,
2017-04-13,589,412324.9997155268,4568575.7055240115,
2017-04-13,590,412325.00058495905,4568593.286305007,
2017-04-13,591,412325.0099585732,4568610.730489639,
2017-04-13,592,412325.1212665007,4568626.537379056,
2017-04-13,593,412326.85633604834,4568616.262990812,
2017-04-13,594,412329.71359406033,4568587.96372221,
2017-04-13,595,412332.6663512409,4568558.130521348,
2017-04-13,596,412334.6879182942,4568543.25433632,40.40417539227742
2017-04-13,597,412334.9957692588,4568555.904300818,
2017-04-13,598,412335.0008329116,4568573.4177131625,
2017-04-13,599,412335.0008678831,4568591.011897481,
2017-04-13,600,412335.0072493413,4568608.504142892,
2017-04-13,601,412335.03221402067,4568625.697899819,
2017-04-13,602,412336.54774307227,4568618.949827613,
2017-04-13,603,412339.3179117281,4568592.0494107,
2017-04-13,604,412342.31603069254,4568561.487597175,34.28600411366093
2017-04-13,605,412344.5154106695,4568543.755335133,
2017-04-13,606,412345.0100467877,4568553.405108344,
2017-04-13,607,412345.0020963078,4568571.127557048,
2017-04-13,608,412345.0007295518,4568588.744256273,
2017-04-13,609,412345.00252737687,4568606.310125181,
2017-04-13,610,412344.9809047226,4568624.2521798685,
2017-04-13,611,412346.2600311455,4568621.301267609,
2017-04-13,612,412348.92602318747,4568596.074162318,
2017-04-13,613,412351.95241667784,4568565.058196066,-0.5802089709903414
2017-04-13,614,412354.31252232124,4568544.7443169495,
2017-04-13,615,412355.02757624385,4568550.853682579,
2017-04-13,616,412355.00271697796,4568568.84772456,
2017-04-13,617,412355.0003286472,4568586.480832583,
2017-04-13,618,412354.9987654936,4568604.100686401,
2017-04-13,619,412354.96316524217,4568622.2672528485,
2017-04-13,620,412355.99540466163,4568623.281903278,
2017-04-13,621,412358.5401328321,4568600.002569547,
2017-04-13,622,412361.57771359105,4568568.806910504,-38.56682592169035
2017-04-13,623,412364.0814576429,4568546.185874247,
2017-04-13,624,412365.03721026785,4568548.429075283,
2017-04-13,625,412365.00190151227,4568566.590959658,
2017-04-13,626,412364.9998238511,4568584.219077624,
2017-04-13,627,412364.9973449123,4568601.853641019,
2017-04-13,628,412364.9680737657,4568619.918547755,
2017-04-13,629,412365.75606801355,4568624.856327088,
2017-04-13,630,412368.1624450551,4568603.7992248535,
2017-04-13,631,412371.19412582496,4568572.698332955,
2017-04-13,632,412373.82442102773,4568548.044599491,
2017-04-13,633,412375.0276824368,4568546.3122506365,
2017-04-13,634,412374.99887129286,4568564.369768698,
2017-04-13,635,412374.99937384576,4568581.956442603,
2017-04-13,636,412374.9976059704,4568599.579584714,
2017-04-13,637,412374.98436387064,4568617.3870287705,
2017-04-13,638,412375.5442255942,4568625.989131507,
2017-04-13,639,412377.79516424885,4568607.428720704,
2017-04-13,640,412380.80385777215,4568576.697055888,
2017-04-13,641,412383.5436168682,4568550.2850851575,
2017-04-13,642,412384.98775224143,4568544.683756606,
2017-04-13,643,412384.99413732346,4568562.175943814,
2017-04-13,644,412384.9991373131,4568579.690378729,
2017-04-13,645,412384.9987552579,4568597.291261442,
2017-04-13,646,412385.0007696236,4568614.8536522165,
2017-04-13,647,412385.3620817965,4568626.644909005,
2017-04-13,648,412387.44049480674,4568610.855649568,
2017-04-13,649,412390.40911382553,4568580.7676717695,
2017-04-13,650,412393.2412495573,4568552.8719237065,
2017-04-13,651,412394.9102127065,4568543.659353475,
2017-04-13,652,412394.99048317363,4568559.964774584,
2017-04-13,653,412394.99927293503,4568577.418337209,
2017-04-13,654,412394.99999936466,4568595.001415157,
2017-04-13,655,412395.0088502354,4568612.453996221,
2017-04-13,656,412395.21184101404,4568626.788252059,
2017-04-13,657,412397.1006411226,4568614.044603925,
2017-04-13,658,412400.01209837984,4568584.874773081,
2017-04-13,659,412402.91952348966,4568555.76970762,
2017-04-13,660,412404.7962271564,4568543.220355641,34.06280231048563
2017-04-13,661,412404.99092380155,4568557.68783398,
2017-04-13,662,412404.9999393937,4568575.137769256,
2017-04-13,663,412405.000703268,4568592.7202457525,
2017-04-13,664,412405.0096375455,4568610.171487124,
2017-04-13,665,412405.0957076392,4568626.383753134,
2017-04-13,666,412406.777807588,4568616.960176241,
2017-04-13,667,412409.6150158256,4568588.982952287,
2017-04-13,668,412412.58064305596,4568558.943029366,
2017-04-13,669,412414.64799998346,4568543.331355577,
2017-04-13,670,412414.99847416574,4568555.296694961,
2017-04-13,671,412415.00116368424,4568572.848241263,
2017-04-13,672,412415.00086667354,4568590.447757969,
2017-04-13,673,412415.00614651165,4568607.957697883,
2017-04-13,674,412415.01588606555,4568625.396004699,
2017-04-13,675,412416.47419859696,4568619.56695898,
2017-04-13,676,412419.22007055726,4568593.056801852,
2017-04-13,677,412422.2268126505,4568562.356481408,25.95438063645269
2017-04-13,678,412424.467735581,4568543.956945745,
2017-04-13,679,412425.0145266842,4568552.768992152,
2017-04-13,680,412425.00234142767,4568570.559460923,
2017-04-13,681,412425.0006482628,4568588.181403011,
2017-04-13,682,412425.0013920925,4568605.76420147,
2017-04-13,683,412424.9737664755,4568623.802677285,
2017-04-13,684,412426.19201854273,4568621.829544624,
2017-04-13,685,412428.8294669684,4568597.060914259,
2017-04-13,686,412431.8602366667,4568565.974656226,-9.760244405433324
2017-04-13,687,412434.25763834233,4568545.061718624,
2017-04-13,688,412435.0311458963,4568550.232186956,
2017-04-13,689,412435.0026792485,4568568.284171634,
2017-04-13,690,412435.0002067181,4568585.918632092,
2017-04-13,691,412434.9982121219,4568603.545415856,
2017-04-13,692,412434.96270811366,4568621.710436425,
2017-04-13,693,412435.9334718177,4568623.71252564,
2017-04-13,694,412438.4454094507,4568600.959881971,
2017-04-13,695,412441.4831194967,4568569.7621462885,-48.40301157090073
2017-04-13,696,412444.01991266,4568546.610266685,
2017-04-13,697,412445.03706948424,4568547.86717764,
2017-04-13,698,412445.0013837367,4568566.035117357,
2017-04-13,699,412444.99970072164,4568583.656896418,
2017-04-13,700,412444.99728359305,4568601.290467003,
2017-04-13,701,412444.9714975629,4568619.299394898,
2017-04-13,702,412445.7007628151,4568625.18049449,
2017-04-13,703,412448.0701023981,4568604.7182974545,
2017-04-13,704,412451.0976655341,4568573.6835440565,
2017-04-13,705,412453.75676292734,4568548.567182386,
2017-04-13,706,412455.0210310249,4568545.8549283855,
2017-04-13,707,412454.99775823345,4568563.8234880045,
2017-04-13,708,412454.99928895483,4568581.393647196,
2017-04-13,709,412454.99783950666,4568599.011674649,
2017-04-13,710,412454.98886840144,4568616.7505168915,
2017-04-13,711,412455.4960959286,4568626.198043657,
2017-04-13,712,412457.70575020416,4568608.300753193,
2017-04-13,713,412460.7060791726,4568577.703442013,
2017-04-13,714,412463.4703935382,4568550.897058214,
2017-04-13,715,412464.97200400505,4568544.372549893,
2017-04-13,716,412464.9930110944,4568561.629874645,
2017-04-13,717,412464.9991301004,4568579.12633564,
2017-04-13,718,412464.9990864532,4568596.721782751,
2017-04-13,719,412465.0036234623,4568614.24365418,
2017-04-13,720,412465.3216755502,4568626.729765605,
2017-04-13,721,412467.35455726035,4568611.671841648,
2017-04-13,722,412470.31056480354,4568581.786432626,
2017-04-13,723,412473.16300888394,4568553.564486634,
2017-04-13,724,412474.88520020584,4568543.496951767,
2017-04-13,725,412474.9900931227,4568559.406880737,
2017-04-13,726,412474.99938283965,4568576.852412951,
2017-04-13,727,412475.00023344054,4568594.433496422,
2017-04-13,728,412475.00960982277,4568611.87763659,
2017-04-13,729,412475.1797060738,4568626.740252805,
2017-04-13,730,412477.0187279608,4568614.796155287,
2017-04-13,731,412479.913326821,4568585.897108356,
2017-04-13,732,412482.8368133586,4568556.534060106,
2017-04-13,733,412484.76249827765,4568543.197958634,22.081973164118974
2017-04-13,734,412484.9920192761,4568557.106079245,
2017-04-13,735,412485.000204796,4568574.5693473555,
2017-04-13,736,412485.00078818836,4568592.154722795,
2017-04-13,737,412485.00905222876,4568609.616729688,
2017-04-13,738,412485.0723918923,4568626.19409773,
2017-04-13,739,412486.70046669914,4568617.6382865915,
2017-04-13,740,412489.51656961883,4568590.000061688,
2017-04-13,741,412492.4940113558,4568559.770371117,
2017-04-13,742,412494.6061026142,4568543.440162973,
2017-04-13,743,412495.0017994467,4568554.679124497,
2017-04-13,744,412495.0014915839,4568572.278815514,
2017-04-13,745,412495.00084187754,4568589.883997301,
2017-04-13,746,412495.0049656382,4568607.412506439,
2017-04-13,747,412495.0019373983,4568625.055892847,
2017-04-13,748,412496.4019778668,4568620.162828024,
2017-04-13,749,412499.1224975884,4568594.059885088,
2017-04-13,750,412502.1368072674,4568563.238012131,17.393460967489524
2017-04-13,751,412504.4182176078,4568544.188157251,
2017-04-13,752,412505.0190418407,4568552.132309596,
2017-04-13,753,412505.0025346625,4568569.992198191,
2017-04-13,754,412505.00055319,4568587.618771149,
2017-04-13,755,412505.00036500907,4568605.216539802,
2017-04-13,756,412504.9685502701,4568623.322302379,
2017-04-13,757,412506.125465858,4568622.334372054,
2017-04-13,758,412508.7333151239,4568598.041171015,
2017-04-13,759,412511.76740548713,4568566.901575609,-19.12101884302826
2017-04-13,760,412514.20104765194,4568545.406533932,
2017-04-13,761,412515.0340548407,4568549.621303801,
2017-04-13,762,412515.00254062214,4568567.722239344,
2017-04-13,763,412515.000080808,4568585.356495553,
2017-04-13,764,412514.9977994615,4568602.987885166,
2017-04-13,765,412514.96347705764,4568621.133926505,
2017-04-13,766,412515.8731350655,4568624.11751116,
2017-04-13,767,412518.35122661793,4568601.908511957,
2017-04-13,768,412521.38801040774,4568570.725654037,
2017-04-13,769,412523.95679713925,4568547.059885495,
2017-04-13,770,412525.0355720238,4568547.327071293,
2017-04-13,771,412525.0007160524,4568565.481682927,
2017-04-13,772,412524.99958341295,4568583.094621714,
2017-04-13,773,412524.997313973,4568600.725820085,
2017-04-13,774,412524.97545146436,4568618.671727372,
2017-04-13,775,412525.64718988247,4568625.476837806,
2017-04-13,776,412527.9784364643,4568605.62650038,
2017-04-13,777,412531.00082642323,4568574.674839885,
2017-04-13,778,412533.6876704636,4568549.112804415,
2017-04-13,779,412535.01232696744,4568545.430576255,
2017-04-13,780,412534.996571923,4568563.278383882,
2017-04-13,781,412534.99921968736,4568580.830600846,
2017-04-13,782,412534.99811573065,4568598.443078926,
2017-04-13,783,412534.9932070678,4568616.116669169,
2017-04-13,784,412535.4498347015,4568626.376944461,
2017-04-13,785,412537.6171490545,4568609.159728743,
2017-04-13,786,412540.6080579248,4568578.713725604,
2017-04-13,787,412543.3958720167,4568551.529883144,
2017-04-13,788,412544.9539020346,4568544.099149459,
2017-04-13,789,412544.9919978602,4568561.081990534,
2017-04-13,790,412544.9991483131,4568578.561884155,
2017-04-13,791,412544.99941132433,4568596.152405641,
2017-04-13,792,412545.00588681136,4568613.643140738,
2017-04-13,793,412545.2832739162,4568626.782423602,
2017-04-13,794,412547.2695687831,4568612.47278953,
2017-04-13,795,412550.21190930705,4568582.806903685,
2017-04-13,796,412553.0836061927,4568554.27571417,
2017-04-13,797,412554.85797014454,4568543.370169081,
2017-04-13,798,412554.99000231153,4568558.84418043,
2017-04-13,799,412554.99952797237,4568576.2859228505,
2017-04-13,800,412555.0004267621,4568593.866232298,
2017-04-13,801,412555.00996517146,4568611.307769993,
2017-04-13,802,412555.1497120027,4568626.657867063,
2017-04-13,803,412556.9379010193,4568615.530267727,
2017-04-13,804,412559.8145870134,4568586.918950899,
2017-04-13,805,412562.75307976414,4568557.314871745,
2017-04-13,806,412564.7266890517,4568543.208985446,27.217181335740456
2017-04-13,807,412564.993600961,4568556.516520971,
2017-04-13,808,412565.00049930916,4568574.000417411,
2017-04-13,809,412565.00070587953,4568591.590740169,
2017-04-13,810,412565.0066707844,4568609.077554033,
2017-04-13,811,412565.0415284076,4568626.042908184,
2017-04-13,812,412566.33336230385,4568620.313117264,
2017-04-13,813,412568.71245919226,4568594.952355371,
2017-04-13,814,412571.4399008515,4568563.302083345,19.47985737087214
2017-04-13,815,412573.77676906076,4568538.7037620265,
2017-04-13,816,412574.9841455987,4568534.498852259,
2017-04-13,817,412574.99482291855,4568551.900815106,
2017-04-13,818,412574.9994659273,4568569.411729806,
2017-04-13,819,412575.00019233354,4568586.993360294,
2017-04-13,820,412574.9995169794,4568604.600300117,
2017-04-13,821,412574.9715330277,4568622.700307179,
2017-04-13,822,412575.86004458874,4568624.252634787,
2017-04-13,823,412578.02588930615,4568602.742220308,
2017-04-13,824,412580.7335392527,4568571.4493037425,
2017-04-13,825,412583.2440714629,4568543.715423828,
2017-04-13,826,412584.8185629707,4568532.882119296,
2017-04-13,827,412584.99316001823,4568547.324448395,
2017-04-13,828,412585.0000707826,4568564.794417925,
2017-04-13,829,412584.999938308,4568582.391555847,
2017-04-13,830,412584.99799621693,4568600.021367088,
2017-04-13,831,412584.9844951291,4568617.859880467,
2017-04-13,832,412585.47452564875,4568626.606936743,
2017-04-13,833,412587.3764727023,4568609.861296214,
2017-04-13,834,412590.0136786492,4568579.840273196,
2017-04-13,835,412592.6472205234,4568549.885406419,
2017-04-13,836,412594.53817535925,4568533.33823462,
2017-04-13,837,412595.01438238943,4568542.3348793285,
2017-04-13,838,412595.0019601239,4568560.153914158,
2017-04-13,839,412595.0000595723,4568577.782975387,
2017-04-13,840,412594.9998651441,4568595.381231906,
2017-04-13,841,412595.0065367018,4568612.855520397,
2017-04-13,842,412595.19004980655,4568627.136866657,
2017-04-13,843,412596.77745207713,4568616.07045334,
2017-04-13,844,412599.29356690444,4568588.235777123,
2017-04-13,845,412601.99947132275,4568556.974376742,
2017-04-13,846,412604.1562423665,4568535.627790931,
2017-04-13,847,412605.02902373066,4568537.464133294,
2017-04-13,848,412605.0006678716,4568555.570855291,
2017-04-13,849,412604.99982760625,4568573.180772645,
2017-04-13,850,412605.0005402894,4568590.762650917,
2017-04-13,851,412605.00545568625,4568608.268647571,
2017-04-13,852,412605.0198767267,4568625.603016168,
2017-04-13,853,412606.2420870936,4568621.130283314,
2017-04-13,854,412608.58646368136,4568596.396407155,
2017-04-13,855,412611.31408352405,4568564.742926424,2.9605426811024653
2017-04-13,856,412613.68602365605,4568539.5113798585,
2017-04-13,857,412614.96336111135,4568534.043306192,
2017-04-13,858,412614.99357685563,4568551.092495335,
2017-04-13,859,412614.99945136707,4568568.581174808,
2017-04-13,860,412615.0001010647,4568586.1641903035,
2017-04-13,861,412614.99874585005,4568603.783405269,
2017-04-13,862,412614.96988814883,4568621.899188216,
2017-04-13,863,412615.7836374181,4568624.801377796,
2017-04-13,864,412617.9056286464,4568604.082754949,
2017-04-13,865,412620.60431679344,4568572.951647127,
2017-04-13,866,412623.14077889355,4568544.749593061,
2017-04-13,867,412624.776091981,4568532.818131487,39.16754502517114
2017-04-13,868,412624.99494659604,4568546.46137316,
2017-04-13,869,412625.0004004277,4568563.957648168,
2017-04-13,870,412624.99995290034,4568581.560474491,
2017-04-13,871,412624.9982425121,4568599.186102245,
2017-04-13,872,412624.9898675374,4568616.932061683,
2017-04-13,873,412625.41536271496,4568626.844328416,
2017-04-13,874,412627.26432146376,4568611.05541214,
2017-04-13,875,412629.88343079534,4568581.36113048,
2017-04-13,876,412632.53376774385,4568551.103022171,
2017-04-13,877,412634.47640934336,4568533.622625947,
2017-04-13,878,412635.0195937225,4568541.409968818,
2017-04-13,879,412635.002121984,4568559.320173826,
2017-04-13,880,412635.000064081,4568576.952076096,
2017-04-13,881,412635.00013916456,4568594.545466475,
2017-04-13,882,412635.00766636623,4568612.004305989,
2017-04-13,883,412635.1505226488,4568627.019726825,
2017-04-13,884,412636.6758017986,4568617.074970378,
2017-04-13,885,412639.1646851948,4568589.731968138,
2017-04-13,886,412641.8782498716,4568558.332258841,
2017-04-13,887,412644.0775728633,4568536.217381221,
2017-04-13,888,412645.0252615331,4568536.7012433335,
2017-04-13,889,412644.9996718076,4568554.7580217235,
2017-04-13,890,412644.9997311676,4568572.351695994,
2017-04-13,891,412645.0004978411,4568589.9325994495,
2017-04-13,892,412645.0040770847,4568607.462720872,
2017-04-13,893,412645.00237688515,4568625.088164667,
2017-04-13,894,412646.1533293156,4568621.902021299,
2017-04-13,895,412648.4613396563,4568597.824751733,
2017-04-13,896,412651.1874849415,4568566.1978947045,-13.842003450273392
2017-04-13,897,412653.59284220554,4568540.362988947,
2017-04-13,898,412654.9384884826,4568533.661573196,
2017-04-13,899,412654.99260576116,4568550.2792109335,
2017-04-13,900,412654.9994803561,4568567.749833513,
2017-04-13,901,412655.0000245821,4568585.334753339,
2017-04-13,902,412654.99823146197,4568602.961874857,
2017-04-13,903,412654.97052377206,4568621.0568939075,
2017-04-13,904,412655.7101636799,4568625.29715655,
2017-04-13,905,412657.7866538453,4568605.4000729155,
2017-04-13,906,412660.4747326192,4568574.460521411,
2017-04-13,907,412663.0354770356,4568545.820040772,
2017-04-13,908,412664.72996412904,4568532.820169732,39.68180694107679
2017-04-13,909,412664.99767188216,4568545.581349184,
2017-04-13,910,412665.0007730476,4568563.120102488,
2017-04-13,911,412664.99997613614,4568580.729237069,
2017-04-13,912,412664.99856684403,4568598.349428425,
2017-04-13,913,412664.99504411005,4568616.007778785,
2017-04-13,914,412665.3595645561,4568627.020967774,
2017-04-13,915,412667.1538874264,4568612.218523327,
2017-04-13,916,412669.7532525693,4568582.880730604,
2017-04-13,917,412672.4187370183,4568552.349128337,
2017-04-13,918,412674.4114178079,4568533.965255264,
2017-04-13,919,412675.0242014219,4568540.495957145,
2017-04-13,920,412675.0021481141,4568558.488884156,
2017-04-13,921,412675.0000517039,4568576.121481682,
2017-04-13,922,412675.00033571804,4568593.711099742,
2017-04-13,923,412675.00807161303,4568611.166171218,
2017-04-13,924,412675.11479160946,4568626.834046618,
2017-04-13,925,412676.576300065,4568618.040694618,
2017-04-13,926,412679.0363044563,4568591.21911393,
2017-04-13,927,412681.75588181795,4568559.710843294,
2017-04-13,928,412683.9961091839,4568536.857421441,
2017-04-13,929,412685.0184193643,4568535.993963443,
2017-04-13,930,412684.99841539445,4568553.949888858,
2017-04-13,931,412684.9996364267,4568571.522588694,
2017-04-13,932,412685.00042832963,4568589.103036619,
2017-04-13,933,412685.00263782585,4568606.657889355,
2017-04-13,934,412684.9890522855,4568624.497927556,
2017-04-13,935,412686.067151425,4568622.627178419,
2017-04-13,936,412688.33714794525,4568599.236263026,
2017-04-13,937,412691.0601710996,4568567.665777275,-30.895873519674893
2017-04-13,938,412693.49729792215,4568541.257259903,
2017-04-13,939,412694.9096054472,4568533.352249643,
2017-04-13,940,412694.9920293315,4568549.458800706,
2017-04-13,941,412694.99956210156,4568566.917539683,
2017-04-13,942,412694.9999716062,4568584.504891954,
2017-04-13,943,412694.9979415836,4568602.136290834,
2017-04-13,944,412694.97299326025,4568620.181488463,
2017-04-13,945,412695.639701172,4568625.738566381,
2017-04-13,946,412697.6690427012,4568606.692769535,
2017-04-13,947,412700.34486452834,4568575.974521926,
2017-04-13,948,412702.9282436876,4568546.925362289,
2017-04-13,949,412704.68025721307,4568532.8868293585,
2017-04-13,950,412705.00145151664,4568544.682288542,
2017-04-13,951,412705.0011564105,4568562.282362839,
2017-04-13,952,412705.0000034115,4568579.897926721,
2017-04-13,953,412704.9989369809,4568597.511927574,
2017-04-13,954,412704.99957821,4568615.095095977,
2017-04-13,955,412705.3072089708,4568627.135450148,
2017-04-13,956,412707.04524838907,4568613.349225106,
2017-04-13,957,412709.62322176906,4568584.397668893,
2017-04-13,958,412712.302206145,4568553.622320248,
2017-04-13,959,412714.3432785511,4568534.364717902,
2017-04-13,960,412715.0277588503,4568539.600908517,
2017-04-13,961,412715.00200628204,4568557.660627099,
2017-04-13,962,412715.0000178369,4568575.2912752805,
2017-04-13,963,412715.00046335853,4568592.877977255,
2017-04-13,964,412715.00787215936,4568610.338954545,
2017-04-13,965,412715.08293448616,4568626.578421362,
2017-04-13,966,412716.4790246736,4568618.966221381,
2017-04-13,967,412718.90850248653,4568592.695809823,
2017-04-13,968,412721.6324449595,4568561.108725424,44.34591601482536
2017-04-13,969,412723.91192912625,4568537.546506918,
2017-04-13,970,412725.0080505869,4568535.350357824,
2017-04-13,971,412724.9970096031,4568553.144453082,
2017-04-13,972,412724.9995525925,4568570.693284468,
2017-04-13,973,412725.0003409642,4568588.273796155,
2017-04-13,974,412725.00125762733,4568605.851991484,
2017-04-13,975,412724.97959090804,4568623.837938483,
2017-04-13,976,412725.9836312198,4568623.304350005,
2017-04-13,977,412728.2139663458,4568600.629536359,
2017-04-13,978,412730.9322197956,4568569.145169463,-48.16721724662641
2017-04-13,979,412733.3994686029,4568542.192788052,
2017-04-13,980,412734.87678980245,4568533.113930862,
2017-04-13,981,412734.99196728395,4568548.629103111,
2017-04-13,982,412734.99970581196,4568566.08412705,
2017-04-13,983,412734.999943443,4568583.674582567,
2017-04-13,984,412734.9978439838,4568601.307235154,
2017-04-13,985,412734.97684997617,4568619.281036085,
2017-04-13,986,412735.57232769235,4568626.1242026165,
2017-04-13,987,412737.5528730115,4568607.959440136,
2017-04-13,988,412740.2147903181,4568577.492243999,
2017-04-13,989,412742.81915664644,4568548.064152942,
2017-04-13,990,412744.62704903056,4568533.016705697,
2017-04-13,991,412745.0061847614,4568543.766010102,
2017-04-13,992,412745.0015182846,4568561.445011175,
2017-04-13,993,412745.0000301212,4568579.06662658,
2017-04-13,994,412744.9993206912,4568596.67418165,
2017-04-13,995,412745.00309080485,4568614.200856839,
2017-04-13,996,412745.25837375637,4568627.186370864,
2017-04-13,997,412746.93848214886,4568614.446112804,
2017-04-13,998,412749.49341619265,4568585.910540681,
2017-04-13,999,412752.1842529219,4568554.921193233,
2017-04-13,1000,412754.2720693707,4568534.819609189,
2017-04-13,1001,412755.0298193706,4568538.732887143,
2017-04-13,1002,412755.0016642567,4568556.83598461,
2017-04-13,1003,412754.99995850463,4568574.461528661,
2017-04-13,1004,412755.0005312956,4568592.045932744,
2017-04-13,1005,412755.0071877224,4568609.520494429,
2017-04-13,1006,412755.0550290768,4568626.25144639,
2017-04-13,1007,412756.3840534226,4568619.850146004,
2017-04-13,1008,412758.7813570837,4568594.160651155,
2017-04-13,1009,412761.508017094,4568562.52450057,28.337405078419447
2017-04-13,1010,412763.8251104877,4568538.283232987,
2017-04-13,1011,412764.9937142991,4568534.778387137,
2017-04-13,1012,412764.9955741502,4568552.339552851,
2017-04-13,1013,412764.9994888739,4568569.863617047,
2017-04-13,1014,412765.00024495326,4568587.444711783,
2017-04-13,1015,412765.00005620625,4568605.04286572,
2017-04-13,1016,412764.9735464589,4568623.116255458,
2017-04-13,1017,412765.9028464978,4568623.93213139,
2017-04-13,1018,412768.0918726562,4568602.003167066,
2017-04-13,1019,412770.8037088277,4568570.634666602,
2017-04-13,1020,412773.29943204625,4568543.168168729,
2017-04-13,1021,412774.84011934634,4568532.945212185,
2017-04-13,1022,412774.9925393358,4568547.787956612,
2017-04-13,1023,412774.9999206965,4568565.24942934,
2017-04-13,1024,412774.9999356391,4568582.843905583,
2017-04-13,1025,412774.9979064307,4568600.4752897695,
2017-04-13,1026,412774.98164728266,4568618.363600985,
2017-04-13,1027,412775.5081210389,4568626.45266059,
2017-04-13,1028,412777.43822257454,4568609.19868005,
2017-04-13,1029,412780.08458778716,4568579.01228296,
2017-04-13,1030,412782.7082937109,4568549.235008059,
2017-04-13,1031,412784.57041737996,4568533.208394079,
2017-04-13,1032,412785.01145079825,4568542.84011189,
2017-04-13,1033,412785.0018264389,4568560.608629447,
2017-04-13,1034,412785.0000516611,4568578.235419783,
2017-04-13,1035,412784.99968574336,4568595.836772605,
2017-04-13,1036,412785.00557448325,4568613.325195182,
2017-04-13,1037,412785.2131367111,4568627.172325255,
2017-04-13,1038,412786.8336665042,4568615.507781753,
2017-04-13,1039,412789.3639136382,4568587.4179412965,
2017-04-13,1040,412792.06495514716,4568556.24434262,
2017-04-13,1041,412794.1978680652,4568535.328524458,
2017-04-13,1042,412795.0299363458,4568537.899957228,
2017-04-13,1043,412795.00108980655,4568556.015538644,
2017-04-13,1044,412794.99987753795,4568573.632172658,
2017-04-13,1045,412795.0005487377,4568591.214799929,
2017-04-13,1046,412795.0061380195,4568608.708629333,
2017-04-13,1047,412795.03115317936,4568625.85171703,
2017-04-13,1048,412796.29146411,4568620.691063824,
2017-04-13,1049,412798.65494604525,4568595.612233257,
2017-04-13,1050,412801.3826760193,4568563.956764061,11.990132237933164
2017-04-13,1051,412803.73573106644,4568539.066194974,
2017-04-13,1052,412804.97518822073,4568534.282064728,
2017-04-13,1053,412804.99422875314,4568551.533026628,
2017-04-13,1054,412804.9994544799,4568569.033420156,
2017-04-13,1055,412805.0001495061,4568586.615617231,
2017-04-13,1056,412804.9991317594,4568604.228739078,
2017-04-13,1057,412804.9704723005,4568622.340942685,
2017-04-13,1058,412805.82487505674,4568624.5091179,
2017-04-13,1059,412807.9709446736,4568603.355750478,
2017-04-13,1060,412810.67471599294,4568572.132864021,
2017-04-13,1061,412813.1972660492,4568544.181997264,
2017-04-13,1062,412814.7996718766,4568532.844688943,
2017-04-13,1063,412814.9938652039,4568546.9331996655,
2017-04-13,1064,412815.0002135801,4568564.41332333,
2017-04-13,1065,412814.9999435901,4568582.01294414,
2017-04-13,1066,412814.99809669255,4568599.641036632,
2017-04-13,1067,412814.9869385422,4568617.437247367,
2017-04-13,1068,412815.4471590093,4568626.722535627,
2017-04-13,1069,412817.3251691878,4568610.409084604,
2017-04-13,1070,412819.95433473255,4568580.53323414,
2017-04-13,1071,412822.59573267814,4568550.436522972,
2017-04-13,1072,412824.5104400584,4568533.46048983,
2017-04-13,1073,412825.0168029904,4568541.912658115,
2017-04-13,1074,412825.00204864127,4568559.77379961,
2017-04-13,1075,412825.0000634266,4568577.404389465,
2017-04-13,1076,412824.9999999061,4568595.000282393,
2017-04-13,1077,412825.0071488523,4568612.465951458,
2017-04-13,1078,412825.17157563247,4568627.091908649,
2017-04-13,1079,412826.7308792525,4568616.532827282,
2017-04-13,1080,412829.2347919028,4568588.918466067,
2017-04-13,1081,412831.94439061783,4568557.590363741,
2017-04-13,1082,412834.12075243145,4568535.890059034,
2017-04-13,1083,412835.0276631383,4568537.11018298,
2017-04-13,1084,412835.0002507,4568555.19987115,
2017-04-13,1085,412834.99978404655,4568572.8030427955,
2017-04-13,1086,412835.00052489433,4568590.384412548,
2017-04-13,1087,412835.00484276784,4568607.901197717,
2017-04-13,1088,412835.01138459146,4568625.377828611,
2017-04-13,1089,412836.2013345335,4568621.487570156,
2017-04-13,1090,412838.5293471696,4568597.04915145,
2017-04-13,1091,412841.2564995339,4568565.404111222,-4.661271940959281
2017-04-13,1092,412843.64386866067,4568539.893988208,
2017-04-13,1093,412844.9525315843,4568533.860321145,
2017-04-13,1094,412844.9930931291,4568550.722712872,
2017-04-13,1095,412844.9994586197,4568568.202527523,
2017-04-13,1096,412845.0000638318,4568585.786346224,
2017-04-13,1097,412844.9984815973,4568603.40966012,
2017-04-13,1098,412844.9699217957,4568621.520064371,
2017-04-13,1099,412845.7497946946,4568625.033904864,
2017-04-13,1100,412847.8512601964,4568604.685881916,
2017-04-13,1101,412850.54531909025,4568573.638357043,
2017-04-13,1102,412853.0930484106,4568545.23286898,
2017-04-13,1103,412854.7555251914,4568532.8109564595,32.193982431453804
2017-04-13,1104,412854.9960646058,4568546.062670734,
2017-04-13,1105,412855.0005668016,4568563.576127895,
2017-04-13,1106,412854.99996269157,4568581.181781371,
2017-04-13,1107,412854.9983825379,4568598.805057695,
2017-04-13,1108,412854.99227711814,4568616.510039438,
2017-04-13,1109,412855.3895194015,4568626.932423058,
2017-04-13,1110,412857.2137906491,4568611.58924913,
2017-04-13,1111,412859.8241089524,4568582.053692868,
2017-04-13,1112,412862.48155134614,4568551.667293007,
2017-04-13,1113,412864.4471948643,4568533.771588284,
2017-04-13,1114,412865.02179470053,4568540.991712983,
2017-04-13,1115,412865.00215266057,4568558.941103617,
2017-04-13,1116,412865.0000608132,4568576.573618765,
2017-04-13,1117,412865.0002378473,4568594.165168386,
2017-04-13,1118,412865.007933629,4568611.620964125,
2017-04-13,1119,412865.1337683187,4568626.943716376,
2017-04-13,1120,412866.63019819214,4568617.519844718,
2017-04-13,1121,412869.1061287855,4568590.410710324,
2017-04-13,1122,412871.8226371328,4568558.957851922,
2017-04-13,1123,412874.0408002683,4568536.502808252,
2017-04-13,1124,412875.022553111,4568536.371628604,
2017-04-13,1125,412874.9991255604,4568554.389368094,
2017-04-13,1126,412874.9996872395,4568571.973972803,
2017-04-13,1127,412875.00046897423,4568589.554604321,
2017-04-13,1128,412875.0034216845,4568607.096038038,
2017-04-13,1129,412874.9957988023,4568624.8284181515,
2017-04-13,1130,412876.1137424908,4568622.238260338,
2017-04-13,1131,412878.4046382538,4568598.470001066,
2017-04-13,1132,412881.1295654347,4568566.865137381,-21.582532895835186
2017-04-13,1133,412883.54960106773,4568540.76520802,
2017-04-13,1134,412884.92582218687,4568533.511751714,
2017-04-13,1135,412884.9922869952,4568549.906450042,
2017-04-13,1136,412884.99951050227,4568567.37077288,
2017-04-13,1137,412884.99999713904,4568584.956732501,
2017-04-13,1138,412884.99807349197,4568602.586210733,
2017-04-13,1139,412884.9714483078,4568620.661684725,
2017-04-13,1140,412885.67768320924,4568625.505087621,
2017-04-13,1141,412887.7328970223,4568605.992156725,
2017-04-13,1142,412890.41559591703,4568575.1497410145,
2017-04-13,1143,412892.98685692763,4568546.319379218,
2017-04-13,1144,412894.70775708836,4568532.842610072,
2017-04-13,1145,412894.9992572583,4568545.174208273,
2017-04-13,1146,412895.000948313,4568562.738421676,
2017-04-13,1147,412894.99998833885,4568580.350500415,
2017-04-13,1148,412894.9987317355,4568597.967934914,
2017-04-13,1149,412894.99721637304,4568615.590041406,
2017-04-13,1150,412895.33528001345,4568627.080918215,
2017-04-13,1151,412897.10416475625,4568612.737768957,
2017-04-13,1152,412899.69398824475,4568583.572254473,
2017-04-13,1153,412902.36582751287,4568552.925913497,
2017-04-13,1154,412904.3807595951,4568534.1402847655,
2017-04-13,1155,412905.02597929107,4568540.085340701,
2017-04-13,1156,412905.00210626505,4568558.111123419,
2017-04-13,1157,412905.0000392165,4568575.743190817,
2017-04-13,1158,412905.0004018623,4568593.331389146,
2017-04-13,1159,412905.0080485307,4568610.7880716445,
2017-04-13,1160,412905.0997925675,4568626.726343768,
2017-04-13,1161,412906.53170112043,4568618.467429398,
2017-04-13,1162,412908.97800208256,4568591.893269395,
2017-04-13,1163,412911.6997724885,4568560.345402497,
2017-04-13,1164,412913.9580893725,4568537.1653674375,
2017-04-13,1165,412915.0141596269,4568535.6923583085,
2017-04-13,1166,412914.9977862447,4568553.58273207,
2017-04-13,1167,412914.9995963255,4568571.144796403,
2017-04-13,1168,412915.00039018644,4568588.725208978,
2017-04-13,1169,412915.0019944866,4568606.290988758,
2017-04-13,1170,412914.9842894693,4568624.205405707,
2017-04-13,1171,412916.0287657798,4568622.941729696,
2017-04-13,1172,412918.2808970964,4568599.873377437,
2017-04-13,1173,412921.0019515202,4568568.338437871,-38.73966737775048
2017-04-13,1174,412923.4530060857,4568541.678449737,
2017-04-13,1175,412924.8951378269,4568533.234951766,
2017-04-13,1176,412924.99193006865,4568549.082076597,
2017-04-13,1177,412924.9996193364,4568566.537989948,
2017-04-13,1178,412924.99995595653,4568584.126658187,
2017-04-13,1179,412924.99787521176,4568601.75897287,
2017-04-13,1180,412924.9746051992,4568619.773867953,
2017-04-13,1181,412925.60861839895,4568625.92126149,
2017-04-13,1182,412927.6159329496,4568607.273170225,
2017-04-13,1183,412930.28562427143,4568576.66561125,
2017-04-13,1184,412932.87876939867,4568547.440123297,
2017-04-13,1185,412934.6564453655,4568532.938245104,
2017-04-13,1186,412935.00351337006,4568544.26654465,
2017-04-13,1187,412935.0013258827,4568561.900786617,
2017-04-13,1188,412935.0000159274,4568579.519184408,
2017-04-13,1189,412934.9991120534,4568597.130250238,
2017-04-13,1190,412935.0013137269,4568614.6852442175,
2017-04-13,1191,412935.2845186428,4568627.166616425,
2017-04-13,1192,412936.9963693075,4568613.853239411,
2017-04-13,1193,412939.56405040727,4568585.087514279,
2017-04-13,1194,412942.2486389764,4568554.210979768,
2017-04-13,1195,412944.3112120491,4568534.565174606,
2017-04-13,1196,412945.02891012514,4568539.201605475,
2017-04-13,1197,412945.0018772233,4568557.284440972,
2017-04-13,1198,412944.99999403436,4568574.913188709,
2017-04-13,1199,412945.0005011603,4568592.498778399,
2017-04-13,1200,412945.00761327473,4568609.965112476,
2017-04-13,1201,412945.0697261765,4568626.438386148,
2017-04-13,1202,412946.43546583585,4568619.374176646,
2017-04-13,1203,412948.85048959387,4568593.364738617,
2017-04-13,1204,412951.57587448496,4568561.7516108,37.09675975535147
2017-04-13,1205,412953.87269754335,4568537.876331925,
2017-04-13,1206,412955.00203604845,4568535.080436299,
2017-04-13,1207,412954.99635209295,4568552.777808345,
2017-04-13,1208,412954.99952051375,4568570.315347326,
2017-04-13,1209,412955.0002977399,4568587.896060247,
2017-04-13,1210,412955.0006808917,4568605.483888336,
2017-04-13,1211,412954.97644021595,4568623.516309114,
2017-04-13,1212,412955.94648219866,4568623.596573559,
2017-04-13,1213,412958.1582014952,4568601.257875888,
2017-04-13,1214,412960.8737355884,4568569.822608018,
2017-04-13,1215,412963.35416151263,4568542.632308688,
2017-04-13,1216,412964.86055630207,4568533.028516632,
2017-04-13,1217,412964.9921420669,4568548.247431003,
2017-04-13,1218,412964.9997943315,4568565.704012463,
2017-04-13,1219,412964.9999376397,4568583.296171013,
2017-04-13,1220,412964.99785452546,4568600.928528484,
2017-04-13,1221,412964.9789458326,4568618.86467826,
2017-04-13,1222,412965.5426780609,4568626.281021801,
2017-04-13,1223,412967.50044577545,4568608.527517743,
2017-04-13,1224,412970.1554819505,4568578.184563079,
2017-04-13,1225,412972.7688636208,4568548.59369655,
2017-04-13,1226,412974.60166782024,4568533.096456885,
2017-04-13,1227,412975.0085447417,4568543.344883418,
2017-04-13,1228,412975.0016672796,4568561.0638046805,
2017-04-13,1229,412975.0000408527,4568578.687916482,
2017-04-13,1230,412974.9994912602,4568596.292585623,
2017-04-13,1231,412975.00434276613,4568613.799735862,
2017-04-13,1232,412975.2373130876,4568627.188113019,
2017-04-13,1233,412976.8904821006,4568614.934255829,
2017-04-13,1234,412979.4343732381,4568586.598067629,
2017-04-13,1235,412982.1300635346,4568555.521087155,
2017-04-13,1236,412984.2386300239,4568535.044853139,
2017-04-13,1237,412985.03014056577,4568538.348571513,
2017-04-13,1238,412985.0014333035,4568556.461638224,
2017-04-13,1239,412984.9999237578,4568574.083639696,
2017-04-13,1240,412985.00054494996,4568591.66716987,
2017-04-13,1241,412985.00674757775,4568609.149925077,
2017-04-13,1242,412985.04364694393,4568626.078438851,
2017-04-13,1243,412986.34157013556,4568620.2386817895,
2017-04-13,1244,412988.7236691156,4568594.82371331,
2017-04-13,1245,412991.4510209182,4568563.175072147,20.929590485148605
2017-04-13,1246,412993.7847025775,4568538.634297036,
2017-04-13,1247,412994.9857911279,4568534.542926711,
2017-04-13,1248,412994.9949428224,4568551.972435381,
2017-04-13,1249,412994.99946901336,4568569.485459302,
2017-04-13,1250,412995.000200844,4568587.066991859,
2017-04-13,1251,412994.9995989616,4568604.672605111,
2017-04-13,1252,412994.97180440516,4568622.769192578,
2017-04-13,1253,412995.8669695447,4568624.201387261,
2017-04-13,1254,412998.036629247,4568602.622091756,
2017-04-13,1255,413000.74499543593,4568571.316243162,
2017-04-13,1256,413003.2531451454,4568543.625380212,
2017-04-13,1257,413004.8221554098,4568532.891041642,
2017-04-13,1258,413004.9930427069,4568547.400351715,
2017-04-13,1259,413005.00004466943,4568564.868674627,
2017-04-13,1260,413004.99993758486,4568582.465354122,
2017-04-13,1261,413004.9979792012,4568600.095459528,
2017-04-13,1262,413004.98402357084,4568617.942179852,
2017-04-13,1263,413005.47993999306,4568626.582963892,
2017-04-13,1264,413007.386513298,4568609.753794618,
2017-04-13,1265,413010.0252467532,4568579.705191846,
2017-04-13,1266,413012.65721739293,4568549.778694313,
2017-04-13,1267,413014.54350225144,4568533.315840754,
2017-04-13,1268,413015.0139054196,4568542.4172764225,
2017-04-13,1269,413015.00194027164,4568560.228057816,
2017-04-13,1270,413015.0000585106,4568577.856779781,
2017-04-13,1271,413014.99983712495,4568595.455523024,
2017-04-13,1272,413015.00639732124,4568612.931822192,
2017-04-13,1273,413015.19374114583,4568627.144003326,
2017-04-13,1274,413016.7865809333,4568615.979413535,
2017-04-13,1275,413019.30503453495,4568588.102509843,
2017-04-13,1276,413022.0101789851,4568556.854830984,
2017-04-13,1277,413024.16309131763,4568535.577915692,
2017-04-13,1278,413025.02922397514,4568537.53430302,
2017-04-13,1279,413025.00074227457,4568555.643297137,
2017-04-13,1280,413024.9998359428,4568573.25440734,
2017-04-13,1281,413025.00054244086,4568590.836397294,
2017-04-13,1282,413025.00557115756,4568608.340347914,
2017-04-13,1283,413025.02163266746,4568625.645097205,
2017-04-13,1284,413026.2500918178,4568621.059540161,
2017-04-13,1285,413028.59761844616,4568596.268788808,
2017-04-13,1286,413031.32528958656,4568564.614381878,4.439485308175017
2017-04-13,1287,413033.69418227335,4568539.437858107,
2017-04-13,1288,413034.9653735406,4568534.080756228,
2017-04-13,1289,413034.9936781501,4568551.164451638,
2017-04-13,1290,413034.9994510331,4568568.6549660545,
2017-04-13,1291,413035.0001087071,4568586.237837534,
2017-04-13,1292,413034.99880347267,4568603.856150087,
2017-04-13,1293,413034.9699353998,4568621.972120306,
2017-04-13,1294,413035.7903056162,4568624.754766127,
2017-04-13,1295,413037.916258151,4568603.964620362,
2017-04-13,1296,413040.6158088619,4568572.817938616,
2017-04-13,1297,413043.150034783,4568544.656259623,
2017-04-13,1298,413044.7800129485,4568532.821122119,41.86593541819525
2017-04-13,1299,413044.9947517061,4568546.538677197,
2017-04-13,1300,413045.00036893965,4568564.032001916,
2017-04-13,1301,413044.999951187,4568581.634290646,
2017-04-13,1302,413044.9982170077,4568599.260347956,
2017-04-13,1303,413044.9893917768,4568617.01443694,
2017-04-13,1304,413045.42048199376,4568626.825683084,
2017-04-13,1305,413047.27421331545,4568610.950596168,
2017-04-13,1306,413049.89499647706,4568581.226092863,
2017-04-13,1307,413052.5439085125,4568550.993711904,
2017-04-13,1308,413054.48202645616,4568533.594992027,
2017-04-13,1309,413055.0191487672,4568541.491787877,
2017-04-13,1310,413055.0021126276,4568559.394127976,
2017-04-13,1311,413055.0000642961,4568577.025857431,
2017-04-13,1312,413055.00011806656,4568594.619632622,
2017-04-13,1313,413055.00759710954,4568612.079341667,
2017-04-13,1314,413055.1538806149,4568627.032882674,
2017-04-13,1315,413056.68474360346,4568616.987307862,
2017-04-13,1316,413059.17611209553,4568589.599436254,
2017-04-13,1317,413061.8890631254,4568558.210806586,
2017-04-13,1318,413064.0846737275,4568536.162957593,
2017-04-13,1319,413065.0257137167,4568536.766864205,
2017-04-13,1320,413064.99977213755,4568554.829995445,
2017-04-13,1321,413064.99973979883,4568572.425325375,
2017-04-13,1322,413065.0005028414,4568590.006294391,
2017-04-13,1323,413065.00420373096,4568607.534219441,
2017-04-13,1324,413065.00376114494,4568625.13695654,
2017-04-13,1325,413066.16110868065,4568621.835347092,
2017-04-13,1326,413068.4724153836,4568597.698560438,
2017-04-13,1327,413071.19875828805,4568566.068135316,-12.339095750457455
2017-04-13,1328,413073.60121442867,4568540.285610462,
2017-04-13,1329,413074.94086083915,4568533.692524608,
2017-04-13,1330,413074.99267779355,4568550.351695577,
2017-04-13,1331,413074.9994757823,4568567.823701316,
2017-04-13,1332,413075.00003053906,4568585.408431008,
2017-04-13,1333,413074.99826758733,4568603.035007814,
2017-04-13,1334,413074.97038656246,4568621.133156504,
2017-04-13,1335,413075.7165682113,4568625.255305493,
2017-04-13,1336,413077.7971660051,4568605.284057048,
2017-04-13,1337,413080.4862536645,4568574.326289728,
2017-04-13,1338,413083.04490822344,4568545.723542269,
2017-04-13,1339,413084.7342067163,4568532.817353406,37.6257173297211
2017-04-13,1340,413084.99738878105,4568545.660245902,
2017-04-13,1341,413085.00073904695,4568563.194501599,
2017-04-13,1342,413084.99997384165,4568580.803063722,
2017-04-13,1343,413084.9985357134,4568598.42377572,
2017-04-13,1344,413084.9946038135,4568616.08951373,
2017-04-13,1345,413085.36438186036,4568627.0077747125,
2017-04-13,1346,413087.1636236251,4568612.116517732,
2017-04-13,1347,413089.7648089192,4568582.74586147,
2017-04-13,1348,413092.4290147769,4568552.237344663,
2017-04-13,1349,413094.41731823224,4568533.932506044,
2017-04-13,1350,413095.02382814715,4568540.576481983,
2017-04-13,1351,413095.0021521161,4568558.5625971155,
2017-04-13,1352,413095.00005360524,4568576.195232575,
2017-04-13,1353,413095.00032118417,4568593.785147372,
2017-04-13,1354,413095.00806181564,4568611.24013328,
2017-04-13,1355,413095.1178088225,4568626.853354123,
2017-04-13,1356,413096.5850420748,4568617.956629917,
2017-04-13,1357,413099.0476706865,4568591.087656129,
2017-04-13,1358,413101.7667764364,4568559.5878936015,
2017-04-13,1359,413104.00344110344,4568536.798803172,
2017-04-13,1360,413105.0191649307,4568536.054290084,
2017-04-13,1361,413104.9985264626,4568554.02165508,
2017-04-13,1362,413104.99941256305,4568571.600035827,
2017-04-13,1363,413104.9977577759,4568589.220653147,
2017-04-13,1364,413104.9872216466,4568606.984555619,
2017-04-13,1365,413105.5135884026,4568616.124646098,
2017-04-13,1366,413107.7385551073,4568597.981395298,
2017-04-13,1367,413110.74208510097,4568567.332672904,-24.12693104966451
2017-04-13,1368,413113.4974881632,4568540.66943409,
2017-04-13,1369,413114.9780740737,4568534.48263403,
2017-04-13,1370,413114.9934148038,4568551.83097338,
2017-04-13,1371,413114.9991299265,4568569.333921677,
2017-04-13,1372,413114.9989646786,4568586.93132197,
2017-04-13,1373,413115.00264450494,4568604.466961697,
2017-04-13,1374,413115.3363117926,4568616.702257752,
2017-04-13,1375,413117.38606956264,4568601.373266164,
2017-04-13,1376,413120.34684025997,4568571.411350128,
2017-04-13,1377,413123.1919345891,4568543.307457739,
2017-04-13,1378,413124.89466325415,4568533.552537089,
2017-04-13,1379,413124.990204301,4568549.612678215,
2017-04-13,1380,413124.9993384329,4568567.060709475,
2017-04-13,1381,413125.00015218,4568584.642384897,
2017-04-13,1382,413125.00937979185,4568602.088914656,
2017-04-13,1383,413125.1912830404,4568616.761883831,
2017-04-13,1384,413127.0487436495,4568604.521618808,
2017-04-13,1385,413129.94966832583,4568575.520964987,
2017-04-13,1386,413132.86736777384,4568546.250870461,
2017-04-13,1387,413134.77515269775,4568533.202283327,35.94607584096824
2017-04-13,1388,413134.9915621959,4568547.321004234,
2017-04-13,1389,413135.000102559,4568564.778572759,
2017-04-13,1390,413135.00076067005,4568582.362748047,
2017-04-13,1391,413135.00929540076,4568599.820407047,
2017-04-13,1392,413135.08070798725,4568616.2681057155,
2017-04-13,1393,413136.7287841778,4568607.391027195,
2017-04-13,1394,413139.55277557555,4568579.626095525,
2017-04-13,1395,413142.52599288477,4568549.4642587975,
2017-04-13,1396,413144.6217468099,4568533.396465115,
2017-04-13,1397,413145.00050332793,4568544.907526341,
2017-04-13,1398,413145.0013720372,4568562.488318948,
2017-04-13,1399,413145.0008535896,4568580.091392423,
2017-04-13,1400,413145.0054062895,4568597.613011832,
2017-04-13,1401,413145.0067910256,4568615.185515878,
2017-04-13,1402,413146.4283955397,4568609.946083793,
2017-04-13,1403,413149.1583664014,4568583.691334211,
2017-04-13,1404,413152.1700143146,4568552.912215226,
2017-04-13,1405,413154.4366499836,4568534.099674932,
2017-04-13,1406,413155.0173873235,4568542.366468132,
2017-04-13,1407,413155.0024703652,4568560.200814199,
2017-04-13,1408,413155.000589621,4568577.82576924,
2017-04-13,1409,413155.00072741596,4568595.418301976,
2017-04-13,1410,413154.9702570262,4568613.502471272,
2017-04-13,1411,413156.14978212945,4568612.15138108,
2017-04-13,1412,413158.76864519686,4568587.68127352,
2017-04-13,1413,413161.80163645616,4568556.559332209,
2017-04-13,1414,413164.2220666113,4568535.276505238,
2017-04-13,1415,413165.0330722603,4568539.844669512,
2017-04-13,1416,413165.00260413287,4568557.928802465,
2017-04-13,1417,413165.00012744573,4568575.563329696,
2017-04-13,1418,413164.99793570885,4568593.193279973,
2017-04-13,1419,413164.963062496,4568611.348168549,
2017-04-13,1420,413165.89514833956,4568613.971511524,
2017-04-13,1421,413168.38581635564,4568591.560505923,
2017-04-13,1422,413171.42306370346,4568560.37020222,47.149574817883085
2017-04-13,1423,413173.98020108696,4568536.891548508,
2017-04-13,1424,413175.0362917159,4568537.5230946615,
2017-04-13,1425,413175.0009799302,4568555.685027705,
2017-04-13,1426,413174.9996257458,4568573.301525002,
2017-04-13,1427,413174.99729290215,4568590.933741779,
2017-04-13,1428,413174.97394592076,4568608.903493052,
2017-04-13,1429,413175.66669856315,4568615.371067596,
2017-04-13,1430,413178.01208427007,4568595.293623892,
2017-04-13,1431,413181.0365004484,4568564.30941773,7.104833738150476
2017-04-13,1432,413183.71325780277,4568538.909397214,
2017-04-13,1433,413185.01577926765,4568535.582707767,
2017-04-13,1434,413184.99701401725,4568553.478866096,
2017-04-13,1435,413184.99924320367,4568571.037806371,
2017-04-13,1436,413184.9980099003,4568588.652362046,
2017-04-13,1437,413184.9916408776,4568606.349408974,
2017-04-13,1438,413185.4666371929,4568616.314641761,
2017-04-13,1439,413187.64965333295,4568598.845219887,
2017-04-13,1440,413190.64415108477,4568568.341571211,-34.60860740371836
2017-04-13,1441,413193.42344115255,4568541.294643828,
2017-04-13,1442,413194.96083424054,4568534.1953858305,
2017-04-13,1443,413194.99235461396,4568551.283843512,
2017-04-13,1444,413194.99913850095,4568568.769625008,
2017-04-13,1445,413194.9992932932,4568586.361884735,
2017-04-13,1446,413195.005119743,4568603.863044838,
2017-04-13,1447,413195.2971686226,4568616.7668264955,
2017-04-13,1448,413197.3007279383,4568602.1798863895,
2017-04-13,1449,413200.2482200056,4568572.431255132,
2017-04-13,1450,413203.1129555288,4568544.011880816,
2017-04-13,1451,413204.8682452126,4568533.412711538,
2017-04-13,1452,413204.98999800126,4568549.051832908,
2017-04-13,1453,413204.99947032006,4568566.494432126,
2017-04-13,1454,413205.00036021374,4568584.07488446,
2017-04-13,1455,413205.0098784947,4568601.516745419,
2017-04-13,1456,413205.16049724485,4568616.69221427,
2017-04-13,1457,413206.9675124786,4568605.262215869,
2017-04-13,1458,413209.85091160424,4568576.543061963,
2017-04-13,1459,413212.78400532575,4568547.025700653,
2017-04-13,1460,413214.74010434723,4568533.201080028,34.58468809352153
2017-04-13,1461,413214.9929591372,4568546.734407256,
2017-04-13,1462,413215.0003908054,4568564.209783925,
2017-04-13,1463,413215.0008257439,4568581.797543872,
2017-04-13,1464,413215.0085669153,4568599.2679492235,
2017-04-13,1465,413215.0588274526,4568616.055397552,
2017-04-13,1466,413216.6522113466,4568608.056800792,
2017-04-13,1467,413219.45443027245,4568580.641584178,
2017-04-13,1468,413222.4387949343,4568550.300695807,
2017-04-13,1469,413224.5786160364,4568533.525083773,
2017-04-13,1470,413225.0041974605,4568544.284031289,
2017-04-13,1471,413225.0016918379,4568561.919023287,
2017-04-13,1472,413225.000815143,4568579.5278510265,
2017-04-13,1473,413225.004199963,4568597.068229214,
2017-04-13,1474,413224.994359879,4568614.821029219,
2017-04-13,1475,413226.3570289362,4568610.5282336315,
2017-04-13,1476,413229.06098040484,4568584.691414243,
2017-04-13,1477,413232.0795287494,4568553.801458747,
2017-04-13,1478,413234.38598467415,4568534.349315239,
2017-04-13,1479,413235.0218355499,4568541.730860626,
2017-04-13,1480,413235.00262452324,4568559.634179128,
2017-04-13,1481,413235.0004870928,4568577.263257128,
2017-04-13,1482,413234.9997924648,4568594.869160462,
2017-04-13,1483,413234.9661664272,4568613.004016584,
2017-04-13,1484,413236.0841696396,4568612.641106858,
2017-04-13,1485,413238.6727663933,4568588.657144632,
2017-04-13,1486,413241.70841116307,4568557.492581948,
2017-04-13,1487,413244.16441465315,4568535.638366903,
2017-04-13,1488,413245.03547438857,4568539.2419269625,
2017-04-13,1489,413245.0023954517,4568557.367995407,
2017-04-13,1490,413245.0000002754,4568575.001213391,
2017-04-13,1491,413244.99760570214,4568592.634421682,
2017-04-13,1492,413244.9645171609,4568610.760644404,
2017-04-13,1493,413245.83583785046,4568614.360012942,
2017-04-13,1494,413248.29199263157,4568592.503367811,
2017-04-13,1495,413251.3276465689,4568561.338657877,37.39451553940895
2017-04-13,1496,413253.91611036647,4568537.35683123,
2017-04-13,1497,413255.03384755354,4568536.998194479,
2017-04-13,1498,413255.00021121337,4568555.133216088,
2017-04-13,1499,413254.9995133729,4568572.739171021,
2017-04-13,1500,413254.99737495795,4568590.3682648325,
2017-04-13,1501,413254.97814565705,4568608.271876861,
2017-04-13,1502,413255.6142379614,4568615.649544352,
2017-04-13,1503,413257.9208635127,4568596.194676259,
2017-04-13,1504,413260.93943935994,4568565.304279008,-3.1366523705757463
2017-04-13,1505,413263.6432762075,4568539.469300696,
2017-04-13,1506,413265.00568862277,4568535.180627366,
2017-04-13,1507,413264.99580528383,4568552.93412214,
2017-04-13,1508,413264.9991850674,4568570.474581228,
2017-04-13,1509,413264.99830682203,4568588.083433867,
2017-04-13,1510,413264.99578549335,4568605.718678144,
2017-04-13,1511,413265.42157436576,4568616.474293563,
2017-04-13,1512,413267.5615834292,4568599.695662438,
2017-04-13,1513,413270.54599392886,4568569.354037807,-45.14656418736669
2017-04-13,1514,413273.3481165687,4568541.940367765,
2017-04-13,1515,413274.9412620531,4568533.945600407,
2017-04-13,1516,413274.9914366724,4568550.734428782,
2017-04-13,1517,413274.9991740408,4568568.204895218,
2017-04-13,1518,413274.9996078844,4568585.792672745,
2017-04-13,1519,413275.0070337492,4568603.268142633,
2017-04-13,1520,413275.26005145645,4568616.798853041,
2017-04-13,1521,413277.2163567748,4568602.970918824,
2017-04-13,1522,413280.1495146689,4568573.452526748,
2017-04-13,1523,413283.03283584357,4568544.734624913,
2017-04-13,1524,413284.83963100263,4568533.308161411,
2017-04-13,1525,413284.99012019864,4568548.485711198,
2017-04-13,1526,413284.99963897484,4568565.9275642,
2017-04-13,1527,413285.00052903267,4568583.5080139,
2017-04-13,1528,413285.0100022107,4568600.950599319,
2017-04-13,1529,413285.1318736268,4568616.5878152605,
2017-04-13,1530,413286.8873879422,4568605.985037887,
2017-04-13,1531,413289.7522059736,4568577.564338304,
2017-04-13,1532,413292.69963842514,4568547.816664608,
2017-04-13,1533,413294.7029960012,4568533.2329649,
2017-04-13,1534,413294.9948708207,4568546.139542358,
2017-04-13,1535,413295.0007053096,4568563.640573335,
2017-04-13,1536,413295.00086140516,4568581.232812123,
2017-04-13,1537,413295.0076496882,4568598.718523017,
2017-04-13,1538,413295.03924526914,4568615.805772687,
2017-04-13,1539,413296.57688132394,4568608.702612092,
2017-04-13,1540,413299.3562722349,4568581.654064939,
2017-04-13,1541,413302.350728706,4568551.151079326,
2017-04-13,1542,413304.53356144164,4568533.684603346,
2017-04-13,1543,413305.008340513,4568543.653325566,
2017-04-13,1544,413305.0019888841,4568561.350093104,
2017-04-13,1545,413305.00075708615,4568578.964624608,
2017-04-13,1546,413305.0029911399,4568596.523486696,
2017-04-13,1547,413304.98425952526,4568614.41910476,
2017-04-13,1548,413306.28704131395,4568611.088233914,
2017-04-13,1549,413308.9639178465,4568585.686299127,
2017-04-13,1550,413311.9883110795,4568554.702461528,
2017-04-13,1551,413314.3335317171,4568534.627669213,
2017-04-13,1552,413315.02603672794,4568541.099221281,
2017-04-13,1553,413315.0027069155,4568559.068696782,
2017-04-13,1554,413315.0003747569,4568576.700902551,
2017-04-13,1555,413314.9990230411,4568594.317360198,
2017-04-13,1556,413314.96371556085,4568612.479224088,
2017-04-13,1557,413316.02007230505,4568613.106495827,
2017-04-13,1558,413318.5773472019,4568589.625633339,
2017-04-13,1559,413321.6145899389,4568558.43540369,
2017-04-13,1560,413324.10511122074,4568536.026754977,
2017-04-13,1561,413325.0369334996,4568538.6543314,
2017-04-13,1562,413325.002065993,4568556.809128321,
2017-04-13,1563,413324.9998730998,4568574.439097173,
2017-04-13,1564,413324.9973965259,4568592.073622583,
2017-04-13,1565,413324.9669155894,4568610.157961275,
2017-04-13,1566,413325.7781786898,4568614.7219902985,
2017-04-13,1567,413328.1987646932,4568593.436660048,
2017-04-13,1568,413331.231769677,4568562.314498287,27.500571223289473
2017-04-13,1569,413333.85050434544,4568537.846453108,
2017-04-13,1570,413335.02976440557,4568536.499620113,
2017-04-13,1571,413334.9992769486,4568554.584063546,
2017-04-13,1572,413334.9994107973,4568572.176659676,
2017-04-13,1573,413334.99752883235,4568589.801634317,
2017-04-13,1574,413334.9825931888,4568607.636280518,
2017-04-13,1575,413335.5635648617,4568615.899309795,
2017-04-13,1576,413337.83037471416,4568597.083971717,
2017-04-13,1577,413340.84205468686,4568566.304337779,-13.469416183512228
2017-04-13,1578,413343.5719154844,4568540.051356075,
2017-04-13,1579,413344.9932678107,4568534.815974701,
2017-04-13,1580,413344.99459884723,4568552.389341294,
2017-04-13,1581,413344.99914653075,4568569.911041271,
2017-04-13,1582,413344.99862655054,4568587.514139363,
2017-04-13,1583,413344.9994819357,4568605.095145988,
2017-04-13,1584,413345.3784352141,4568616.603046793,
2017-04-13,1585,413347.4743816579,4568600.532160823,
2017-04-13,1586,413350.447649362,4568570.369514644,
2017-04-13,1587,413353.2715490307,4568542.60605635,
2017-04-13,1588,413354.9193913684,4568533.732734036,
2017-04-13,1589,413354.9907072725,4568550.181985644,
2017-04-13,1590,413354.99923898233,4568567.639693165,
2017-04-13,1591,413354.99989627034,4568585.223881672,
2017-04-13,1592,413355.0084328136,4568602.681511559,
2017-04-13,1593,413355.22499413934,4568616.797793761,
2017-04-13,1594,413357.1329899168,4568603.745819838,
2017-04-13,1595,413360.05075809464,4568574.474621354,
2017-04-13,1596,413362.95160937717,4568545.475146402,
2017-04-13,1597,413364.80885446875,4568533.238343084,
2017-04-13,1598,413364.9906171829,4568547.913569566,
2017-04-13,1599,413364.9998468341,4568565.360066566,
2017-04-13,1600,413365.00066107314,4568582.941734087,
2017-04-13,1601,413365.0097972296,4568600.389732831,
2017-04-13,1602,413365.10544603074,4568616.448143169,
2017-04-13,1603,413366.8084038846,4568606.689541226,
2017-04-13,1604,413369.65358527866,4568578.584250374,
2017-04-13,1605,413372.6143009174,4568548.623218706,
2017-04-13,1606,413374.6638615051,4568533.2973943185,48.64843307480967
2017-04-13,1607,413374.9973435364,4568545.535666017,
2017-04-13,1608,413375.0010338898,4568563.071136651,-9.998967804820936
2017-04-13,1609,413375.0008700906,4568580.668513676,
2017-04-13,1610,413375.0065900094,4568598.17138491,
2017-04-13,1611,413375.0219952818,4568615.518687489,
2017-04-13,1612,413376.5028279539,4568609.327917463,
2017-04-13,1613,413379.2583353064,4568582.662994178,
2017-04-13,1614,413382.26182804373,4568552.014865727,29.243355205704912
2017-04-13,1615,413384.48661686986,4568533.8744802065,
2017-04-13,1616,413385.0127595075,4568543.018187595,
2017-04-13,1617,413385.002250995,4568560.781724073,0.0022509952233340136
2017-04-13,1618,413385.0006818554,4568578.401674034,
2017-04-13,1619,413385.0018261102,4568595.978040758,
2017-04-13,1620,413384.9763218943,4568613.982442088,
2017-04-13,1621,413386.21846651804,4568611.625541018,
2017-04-13,1622,413388.86721257144,4568586.675445236,
2017-04-13,1623,413391.8963951495,4568555.614679939,-6.145019467484606
2017-04-13,1624,413394.2793249567,4568534.934193222,
2017-04-13,1625,413395.029817879,4568540.47432851,
2017-04-13,1626,413395.0027053598,4568558.504562822,10.002705395458715
2017-04-13,1627,413395.00025504973,4568576.138666376,
2017-04-13,1628,413394.9984112782,4568593.763027546,
2017-04-13,1629,413394.9627314488,4568611.930872207,
2017-04-13,1630,413395.9575239697,4568613.547004362,
2017-04-13,1631,413398.4824214666,4568590.586196018,
2017-04-13,1632,413401.5202066282,4568559.387253811,-16.6009510901991
2017-04-13,1633,413404.04419015866,4568536.441125833,
2017-04-13,1634,413405.03727661533,4568538.084661243,
2017-04-13,1635,413405.00160357443,4568556.252396858,20.00161277680499
2017-04-13,1636,413404.9997483555,4568573.876941905,
2017-04-13,1637,413404.99729599716,4568591.5110783465,
2017-04-13,1638,413404.9700847873,4568609.542897723,
2017-04-13,1639,413405.72220509005,4568615.056896995,
2017-04-13,1640,413408.1061678574,4568594.359827722,
2017-04-13,1641,413411.13546921033,4568563.297161916,-26.260372716287936
2017-04-13,1642,413413.7834189282,4568538.359854745,
2017-04-13,1643,413415.0238690139,4568536.030152118,
2017-04-13,1644,413414.9982064595,4568554.037109967,
2017-04-13,1645,413414.9993569722,4568571.613672302,
2017-04-13,1646,413414.99816518713,4568589.230809128,
2017-04-13,1647,413414.98958407575,4568606.98058633,
2017-04-13,1648,413415.4183810932,4568616.833258841,
2017-04-13,1649,413417.27015703934,4568600.993489441,
2017-04-13,1650,413419.8902508818,4568571.281428962,
2017-04-13,1651,413422.5397443995,4568541.038538247,
2017-04-13,1652,413424.47971937153,4568523.606278142,
2017-04-13,1653,413425.0193324046,4568531.458099603,
2017-04-13,1654,413425.0021165986,4568549.363683762,
2017-04-13,1655,413425.000064223,4568566.995486249,
2017-04-13,1656,413425.00012682634,4568584.589101965,
2017-04-13,1657,413425.0076263153,4568602.048441844,
2017-04-13,1658,413425.15249474,4568617.027532681,
2017-04-13,1659,413426.68106080464,4568607.02342972,
2017-04-13,1660,413429.1714079205,4568579.653999456,
2017-04-13,1661,413431.8846131219,4568548.260780624,
2017-04-13,1662,413434.0817534431,4568526.185311959,
2017-04-13,1663,413435.0255305042,4568526.739799674,
2017-04-13,1664,413434.9997311007,4568544.800363879,
2017-04-13,1665,413434.9997362445,4568562.395017042,49.99973658813752
2017-04-13,1666,413435.00050080917,4568579.975958575,
2017-04-13,1667,413435.00415166223,4568597.504787059,
2017-04-13,1668,413435.0031873025,4568615.116944987,
2017-04-13,1669,413436.1579039692,4568611.862836886,
2017-04-13,1670,413438.4678553509,4568587.750521073,
2017-04-13,1671,413441.1941184823,4568556.121536287,-12.957502021464482
2017-04-13,1672,413443.5977703974,4568530.317421261,
2017-04-13,1673,413444.9398881305,4568523.679714733,
2017-04-13,1674,413444.99264777097,4568540.321865145,
2017-04-13,1675,413444.999477615,4568557.793295721,
2017-04-13,1676,413445.0000280646,4568575.378103185,
2017-04-13,1677,413444.99825250113,4568593.004907702,
2017-04-13,1678,413444.97044127085,4568611.101796215,
2017-04-13,1679,413445.71392901597,4568615.272584673,
2017-04-13,1680,413447.79283754405,4568595.33183657,
2017-04-13,1681,413450.4815114854,4568564.381539085,
2017-04-13,1682,413453.0410278742,4568535.763230954,
2017-04-13,1683,413454.73246374505,4568522.818450914,38.44556020489425
2017-04-13,1684,413454.9975043097,4568535.627787489,
2017-04-13,1685,413455.0007530312,4568553.163876609,
2017-04-13,1686,413454.9999747822,4568570.772674237,
2017-04-13,1687,413454.9985484826,4568588.393172664,
2017-04-13,1688,413454.9947856479,4568606.0558581315,
2017-04-13,1689,413455.3623956098,4568617.01326473,
2017-04-13,1690,413457.1596141642,4568602.158537591,
2017-04-13,1691,413459.7600517956,4568572.801380664,
2017-04-13,1692,413462.42478553846,4568542.283332684,
2017-04-13,1693,413464.414892427,4568523.945932388,
2017-04-13,1694,413465.02398278285,4568530.543317476,
2017-04-13,1695,413465.0021506275,4568548.5322514875,
2017-04-13,1696,413465.000052843,4568566.164873839,
2017-04-13,1697,413465.0003272338,4568583.754665644,
2017-04-13,1698,413465.0080664504,4568601.209677144,
2017-04-13,1699,413465.11656341574,4568616.845468695,
2017-04-13,1700,413466.58144487656,4568607.991215779,
2017-04-13,1701,413469.04299907835,4568581.141652669,
2017-04-13,1702,413471.7623030553,4568549.638318099,
2017-04-13,1703,413474.0004338415,4568526.822750802,
2017-04-13,1704,413475.0188603325,4568526.02941431,
2017-04-13,1705,413474.99848578434,4568543.992030659,
2017-04-13,1706,413474.9996411871,4568561.565915461,
2017-04-13,1707,413475.00043248397,4568579.146374331,
2017-04-13,1708,413475.00271260866,4568596.699951838,
2017-04-13,1709,413474.9896490077,4568614.530566226,
2017-04-13,1710,413476.07158934517,4568612.590462774,
2017-04-13,1711,413478.3436129973,4568589.1629467355,
2017-04-13,1712,413481.06684008846,4568557.588778829,-29.999079837462645
2017-04-13,1713,413483.50234765274,4568531.209497791,
2017-04-13,1714,413484.9112127244,4568523.366642351,
2017-04-13,1715,413484.99204775447,4568539.501880784,
2017-04-13,1716,413484.9995563756,4568556.961055782,
2017-04-13,1717,413484.99997372425,4568574.548266434,
2017-04-13,1718,413484.9979516897,4568592.179521084,
2017-04-13,1719,413484.9728259936,4568610.227921247,
2017-04-13,1720,413485.64330723597,4568615.716870225,
2017-04-13,1721,413487.67515321827,4568596.625854511,
2017-04-13,1722,413490.35165630357,4568565.895306522,
2017-04-13,1723,413492.93389352586,4568536.866764996,
2017-04-13,1724,413494.6829419194,4568522.881768664,
2017-04-13,1725,413495.0012272376,4568534.729750705,
2017-04-13,1726,413495.0011366307,4568552.326132689,
2017-04-13,1727,413495.00000196014,4568569.941365641,
2017-04-13,1728,413494.9989170242,4568587.55570062,
2017-04-13,1729,413494.99936437845,4568605.142369506,
2017-04-13,1730,413495.30985821335,4568617.131029772,
2017-04-13,1731,413497.0508794063,4568603.290967641,
2017-04-13,1732,413499.63001136587,4568574.318492829,
2017-04-13,1733,413502.30833112635,4568543.555144071,
2017-04-13,1734,413504.3469157219,4568524.3424601015,
2017-04-13,1735,413505.0276061504,4568529.647078293,
2017-04-13,1736,413505.00201837026,4568547.703821559,
2017-04-13,1737,413505.0000202127,4568565.334645101,
2017-04-13,1738,413505.00045824726,4568582.921482259,
2017-04-13,1739,413505.00789562997,4568600.381943492,
2017-04-13,1740,413505.08450194227,4568616.593533059,
2017-04-13,1741,413506.484051226,4568608.9188777665,
2017-04-13,1742,413508.91516494006,4568582.618929386,
2017-04-13,1743,413511.6389201188,4568551.035226652,45.17243819736737
2017-04-13,1744,413513.9163937963,4568527.509308301,
2017-04-13,1745,413515.0086868901,4568525.382281842,
2017-04-13,1746,413514.9970848339,4568543.186507473,
2017-04-13,1747,413514.9995565548,4568560.736625642,
2017-04-13,1748,413515.00034582306,4568578.317121136,
2017-04-13,1749,413515.00132636,4568595.894163211,
2017-04-13,1750,413514.9799968069,4568613.874022548,
2017-04-13,1751,413515.98792834184,4568613.270176532,
2017-04-13,1752,413518.2203766902,4568590.557207837,
2017-04-13,1753,413520.9389201672,4568559.067604383,-47.25989459692633
2017-04-13,1754,413523.4046358069,4568532.142904906,
2017-04-13,1755,413524.8786006437,4568523.12464814,
2017-04-13,1756,413524.9919558648,4568538.672722008,
2017-04-13,1757,413524.99969662016,4568556.127705728,
2017-04-13,1758,413524.99994437065,4568573.717978541,
2017-04-13,1759,413524.9978448407,4568591.350632397,
2017-04-13,1760,413524.9766212819,4568609.3285779655,
2017-04-13,1761,413525.57577041903,4568616.10545558,
2017-04-13,1762,413527.5589062822,4568597.893919829,
2017-04-13,1763,413530.22159093776,4568567.412868911,
2017-04-13,1764,413532.8249014198,4568538.003841563,
2017-04-13,1765,413534.6299147626,4568523.00837652,
2017-04-13,1766,413535.00592036336,4568533.814196626,
2017-04-13,1767,413535.0015004258,4568551.4887463385,
2017-04-13,1768,413535.00002881355,4568569.110062907,
2017-04-13,1769,413534.9993008233,4568586.7179530915,
2017-04-13,1770,413535.0029337752,4568604.247104784,
2017-04-13,1771,413535.2608371227,4568617.185306556,
2017-04-13,1772,413536.9440133807,4568604.389657008,
2017-04-13,1773,413539.50019209477,4568575.831611886,
2017-04-13,1774,413542.19045029895,4568544.852709923,
2017-04-13,1775,413544.27586502803,4568524.794489858,
2017-04-13,1776,413545.0297559479,4568528.777444983,
2017-04-13,1777,413545.00168760377,4568546.878975787,
2017-04-13,1778,413544.9999622179,4568564.5048743365,
2017-04-13,1779,413545.0005290758,4568582.089385536,
2017-04-13,1780,413545.0072335704,4568599.563079341,
2017-04-13,1781,413545.05638811766,4568616.270321103,
2017-04-13,1782,413546.38895765034,4568609.805011009,
2017-04-13,1783,413548.7879833029,4568584.084424933,
2017-04-13,1784,413551.5145421098,4568552.450101616,29.18258833870342
2017-04-13,1785,413553.8297111051,4568528.243579786,
2017-04-13,1786,413554.99456732295,4568524.80639818,
2017-04-13,1787,413554.99564796657,4568542.381632781,
2017-04-13,1788,413554.99949155725,4568559.9069813145,
2017-04-13,1789,413555.00025003613,4568577.488032727,
2017-04-13,1790,413555.00011263264,4568595.085259634,
2017-04-13,1791,413554.97378487204,4568613.155363534,
2017-04-13,1792,413555.90699875617,4568613.900573483,
2017-04-13,1793,413558.09822422755,4568591.931899714,
2017-04-13,1794,413560.8104365168,4568560.556608293,
2017-04-13,1795,413563.3047126585,4568533.116237956,
2017-04-13,1796,413564.8421296866,4568522.952327433,
2017-04-13,1797,413564.99249181844,4568537.832227267,
2017-04-13,1798,413564.9999075578,4568555.293079282,
2017-04-13,1799,413564.9999356169,4568572.887318707,
2017-04-13,1800,413564.99789972266,4568590.518823598,
2017-04-13,1801,413564.98138049897,4568608.411830584,
2017-04-13,1802,413565.5113963629,4568616.436936069,
2017-04-13,1803,413567.44417453307,4568599.13462786,
2017-04-13,1804,413570.0913931851,4568568.932821593,
2017-04-13,1805,413572.7141293532,4568539.173056002,
2017-04-13,1806,413574.5734600717,4568523.19686982,
2017-04-13,1807,413575.0111696197,4568532.888601394,
2017-04-13,1808,413575.00181218504,4568550.652299521,
2017-04-13,1809,413575.0000507376,4568568.278849173,
2017-04-13,1810,413574.9996676485,4568585.880512034,
2017-04-13,1811,413575.00546825904,4568603.370525817,
2017-04-13,1812,413575.21541013604,4568617.174690414,
2017-04-13,1813,413576.8390938852,4568605.453201023,
2017-04-13,1814,413579.3706717801,4568577.339333166,
2017-04-13,1815,413582.0712208549,4568546.174625577,
2017-04-13,1816,413584.2018181435,4568525.300616993,
2017-04-13,1817,413585.02998553845,4568527.942481755,
2017-04-13,1818,413585.0011260968,4568546.058296131,
2017-04-13,1819,413584.9998821589,4568563.6755019445,
2017-04-13,1820,413585.0005489286,4568581.258209201,
2017-04-13,1821,413585.0061999894,4568598.7509231595,
2017-04-13,1822,413585.03229973966,4568615.874428159,
2017-04-13,1823,413586.2962419476,4568610.648210839,
2017-04-13,1824,413588.66153196536,4568585.53673465,
2017-04-13,1825,413591.38924682676,4568553.881538321,12.852155942022007
2017-04-13,1826,413593.74046356604,4568529.02416059,
2017-04-13,1827,413594.9762592175,4568524.306140188,
2017-04-13,1828,413594.9942948995,4568541.575245043,
2017-04-13,1829,413594.99945540284,4568559.076816207,
2017-04-13,1830,413595.0001543313,4568576.6589428205,
2017-04-13,1831,413594.99917299306,4568594.271407305,
2017-04-13,1832,413594.97056656657,4568612.382653397,
2017-04-13,1833,413595.8288783863,4568614.480248958,
2017-04-13,1834,413597.9772334069,4568593.285617689,
2017-04-13,1835,413600.681466935,4568562.054385874,
2017-04-13,1836,413603.2026560049,4568534.128092252,
2017-04-13,1837,413604.8018776508,4568522.8482755525,
2017-04-13,1838,413604.9937753333,4568536.978235032,
2017-04-13,1839,413605.000196507,4568554.457044306,
2017-04-13,1840,413604.9999428587,4568572.0563700665,
2017-04-13,1841,413604.99808410386,4568589.684676636,
2017-04-13,1842,413604.9866570074,4568607.485743304,
2017-04-13,1843,413605.4502628657,4568616.709907021,
2017-04-13,1844,413607.3310357693,4568600.34657393,
2017-04-13,1845,413609.96114084433,4568570.453759885,
2017-04-13,1846,413612.60165512486,4568540.373003625,
2017-04-13,1847,413614.5136556452,4568523.445843886,
2017-04-13,1848,413615.0165283692,4568531.961029222,
2017-04-13,1849,413615.00203967694,4568549.817374183,
2017-04-13,1850,413615.0000631279,4568567.447807577,
2017-04-13,1851,413614.9999852684,4568585.043959399,
2017-04-13,1852,413615.00708717766,4568602.510477727,
2017-04-13,1853,413615.17365505075,4568617.097776672,
2017-04-13,1854,413616.7361987175,4568606.480195017,
2017-04-13,1855,413619.24152821954,4568578.840252003,
2017-04-13,1856,413621.95072059083,4568547.519486364,
2017-04-13,1857,413624.1248528658,4568525.859436836,
2017-04-13,1858,413625.02784828446,4568527.1502528135,
2017-04-13,1859,413625.00030161714,4568545.242364535,
2017-04-13,1860,413624.99978909397,4568562.846364384,
2017-04-13,1861,413625.0005270145,4568580.427786985,
2017-04-13,1862,413625.00491460407,4568597.943313402,
2017-04-13,1863,413625.0123146063,4568615.404449553,
2017-04-13,1864,413626.20598191634,4568611.447072587,
2017-04-13,1865,413628.53588872525,4568586.974453855,
2017-04-13,1866,413631.2631120675,4568555.328132094,-3.784207915064499
2017-04-13,1867,413633.6487289771,4568529.8496460365,
2017-04-13,1868,413634.9538164884,4568523.880534418,
2017-04-13,1869,413634.9931453497,4568540.765182718,
2017-04-13,1870,413634.9994573011,4568558.2459640475,
2017-04-13,1871,413635.0000679187,4568575.829685157,
2017-04-13,1872,413634.9985092964,4568593.452572714,
2017-04-13,1873,413634.96989525284,4568611.563956338,
2017-04-13,1874,413635.75364503055,4568615.00779829,
2017-04-13,1875,413637.8574820268,4568594.616957098,
2017-04-13,1876,413640.5520892202,4568563.559532471,
2017-04-13,1877,413643.09854364465,4568535.17706314,
2017-04-13,1878,413644.7579223345,4568522.811087839,32.32562299315675
2017-04-13,1879,413644.99592612585,4568536.108583753,
2017-04-13,1880,413645.000547364,4568553.61989156,
2017-04-13,1881,413644.9999614914,4568571.225215759,
2017-04-13,1882,413644.998365753,4568588.84877347,
2017-04-13,1883,413644.9920041703,4568606.5583803365,
2017-04-13,1884,413645.39244772523,4568616.922963767,
2017-04-13,1885,413647.2195677883,4568601.528353368,
2017-04-13,1886,413649.8309117125,4568571.974279129,
2017-04-13,1887,413652.4875565319,4568541.6022797795,
2017-04-13,1888,413654.45057928073,4568523.753894056,
2017-04-13,1889,413655.0215499748,4568531.039544313,
2017-04-13,1890,413655.0021506698,4568548.98455228,
2017-04-13,1891,413655.00006137986,4568566.617021252,
2017-04-13,1892,413655.0002273247,4568584.208771095,
2017-04-13,1893,413655.0079102487,4568601.66479898,
2017-04-13,1894,413655.1356496652,4568616.953160662,
2017-04-13,1895,413656.6354056758,4568607.469234317,
2017-04-13,1896,413659.1128392113,4568580.332963722,
2017-04-13,1897,413661.8290273056,4568548.88588761,
2017-04-13,1898,413664.0450469932,4568526.469544716,
2017-04-13,1899,413665.0228975487,4568526.408822364,
2017-04-13,1900,413664.99919068505,4568544.431604962,
2017-04-13,1901,413664.99969223194,4568562.017295377,
2017-04-13,1902,413665.00047254225,4568579.597952612,
2017-04-13,1903,413665.00349713146,4568597.138088531,
2017-04-13,1904,413664.996509221,4568614.859003989,
2017-04-13,1905,413666.1182553534,4568612.20019158,
2017-04-13,1906,413668.4111313801,4568588.396177884,
2017-04-13,1907,413671.13621562946,4568556.788478265,-20.69221178511277
2017-04-13,1908,413673.5545851359,4568530.718631459,
2017-04-13,1909,413674.9273169335,4568523.5281762,
2017-04-13,1910,413674.99231903494,4568539.94928427,
2017-04-13,1911,413674.9995064609,4568557.414258563,
2017-04-13,1912,413675.0000000064,4568575.000093454,
2017-04-13,1913,413674.99808934116,4568592.629337286,
2017-04-13,1914,413674.9713242936,4568610.707336568,
2017-04-13,1915,413675.6813764862,4568615.481816806,
2017-04-13,1916,413677.7390478841,4568595.9245132655,
2017-04-13,1917,413680.4223811687,4568565.070643396,
2017-04-13,1918,413682.9924533741,4568536.261745933,
2017-04-13,1919,413684.7103415347,4568522.839359609,
2017-04-13,1920,413684.9990639139,4568535.221111898,
2017-04-13,1921,413685.00092819537,4568552.782197619,
2017-04-13,1922,413684.9999869106,4568570.39393892,
2017-04-13,1923,413684.9987124383,4568588.011696047,
2017-04-13,1924,413684.99697535,4568605.637805884,
2017-04-13,1925,413685.3380287389,4568617.074701634,
2017-04-13,1926,413687.10984838835,4568602.678561508,
2017-04-13,1927,413689.7007835882,4568573.492974644,
2017-04-13,1928,413692.37191137276,4568542.8594797775,
2017-04-13,1929,413694.38430877624,4568524.119615647,
2017-04-13,1930,413695.0257877993,4568530.132210875,
2017-04-13,1931,413695.0021129319,4568548.154415762,
2017-04-13,1932,413695.00004088914,4568565.786573336,
2017-04-13,1933,413695.0003949744,4568583.374926225,
2017-04-13,1934,413695.00805718906,4568600.831328029,
2017-04-13,1935,413695.1014717769,4568616.739437711,
2017-04-13,1936,413696.53679255815,4568608.418914257,
2017-04-13,1937,413698.9846825534,4568581.816063656,
2017-04-13,1938,413701.70621879725,4568550.272424647,
2017-04-13,1939,413703.9624783236,4568527.129535964,
2017-04-13,1940,413705.0146866945,4568525.726254619,
2017-04-13,1941,413704.9978596159,4568543.624820039,
2017-04-13,1942,413704.99960078194,4568561.188128656,
2017-04-13,1943,413705.0003947216,4568578.768539814,
2017-04-13,1944,413705.0020672887,4568596.333087005,
2017-04-13,1945,413704.98479635903,4568614.239666338,
2017-04-13,1946,413706.03314005723,4568612.906163149,
2017-04-13,1947,413708.2873377281,4568589.8005020665,
2017-04-13,1948,413711.00863531115,4568558.261172171,-37.83785872818989
2017-04-13,1949,413713.45810984087,4568531.629712192,
2017-04-13,1950,413714.89683835104,4568523.247660867,
2017-04-13,1951,413714.9919356716,4568539.125388152,
2017-04-13,1952,413714.9996120912,4568556.58153348,
2017-04-13,1953,413714.99995750224,4568574.170042997,
2017-04-13,1954,413714.9978808952,4568591.802282972,
2017-04-13,1955,413714.9744070521,4568609.820858292,
2017-04-13,1956,413715.6121505513,4568615.900899832,
2017-04-13,1957,413717.6220087774,4568597.206881524,
2017-04-13,1958,413720.2924205798,4568566.586313994,
2017-04-13,1959,413722.8844629926,4568537.380735976,
2017-04-13,1960,413724.65921305015,4568522.931686206,
2017-04-13,1961,413725.00326791895,4568534.3143890845,
2017-04-13,1962,413725.00130676944,4568551.944544437,
2017-04-13,1963,413725.00001451175,4568569.562622684,
2017-04-13,1964,413724.9990919283,4568587.1740263235,
2017-04-13,1965,413725.00112640887,4568604.732039035,
2017-04-13,1966,413725.2870837052,4568617.163715952,
2017-04-13,1967,413727.0019553671,4568603.795793674,
2017-04-13,1968,413729.57083426905,4568575.008441768,
2017-04-13,1969,413732.2547974451,4568544.143198966,
2017-04-13,1970,413734.3149219296,4568524.541604005,
2017-04-13,1971,413735.02879520523,4568529.247093116,
2017-04-13,1972,413735.0018942321,4568547.327546588,
2017-04-13,1973,413734.9999970512,4568564.956546957,
2017-04-13,1974,413735.00049742614,4568582.542258537,
2017-04-13,1975,413735.00764771615,4568600.007903339,
2017-04-13,1976,413735.0711991839,4568616.455203152,
2017-04-13,1977,413736.44043716165,4568609.327830161,
2017-04-13,1978,413738.8571360433,4568583.288147134,
2017-04-13,1979,413741.58237286296,4568551.6776928045,37.93201110540917
2017-04-13,1980,413743.87722465454,4568527.838005908,
2017-04-13,1981,413745.00276908407,4568525.110613778,
2017-04-13,1982,413744.9964274553,4568542.819860366,
2017-04-13,1983,413744.999523953,4568560.358697943,
2017-04-13,1984,413745.0003027607,4568577.939382312,
2017-04-13,1985,413745.0007447934,4568595.5261472855,
2017-04-13,1986,413744.9767669149,4568613.55382316,
2017-04-13,1987,413745.9507138253,4568613.563582622,
2017-04-13,1988,413748.1645855665,4568591.186021729,
2017-04-13,1989,413750.88044890936,4568559.7448091265,
2017-04-13,1990,413753.35938088846,4568532.581483552,
2017-04-13,1991,413754.862458538,4568523.03758374,
2017-04-13,1992,413754.9921149775,4568538.291332833,
2017-04-13,1993,413754.9997834012,4568555.74762253,
2017-04-13,1994,413754.99993810494,4568573.339575339,
2017-04-13,1995,413754.99785172706,4568590.971991728,
2017-04-13,1996,413754.97869689064,4568608.912585718,
2017-04-13,1997,413755.54604502383,4568616.263642706,
2017-04-13,1998,413757.50644250476,4568598.462657202,
2017-04-13,1999,413760.16228525137,4568568.105139585,
2017-04-13,2000,413762.7746502978,4568538.5326285865,
2017-04-13,2001,413764.6046146785,4568523.086662946,
2017-04-13,2002,413765.0082698043,4568533.393260234,
2017-04-13,2003,413765.0016508543,4568551.10751396,
2017-04-13,2004,413765.0000396904,4568568.73135019,
2017-04-13,2005,413764.9994719913,4568586.336346252,
2017-04-13,2006,413765.0042096589,4568603.845551879,
2017-04-13,2007,413765.2396904217,4568617.188602055,
2017-04-13,2008,413766.89596652245,4568604.878645199,
2017-04-13,2009,413769.44114155264,4568576.519275822,
2017-04-13,2010,413772.13629254664,4568545.452032657,
2017-04-13,2011,413774.2424965386,4568525.018454442,
2017-04-13,2012,413775.0301255557,4568528.39225524,
2017-04-13,2013,413775.00146233843,4568546.5045267055,
2017-04-13,2014,413774.9999279442,4568564.126976826,
2017-04-13,2015,413775.00054388825,4568581.710601758,
2017-04-13,2016,413775.00680154655,4568599.192363365,
2017-04-13,2017,413775.04490968393,4568616.099052312,
2017-04-13,2018,413776.34641728475,4568610.194577362,
2017-04-13,2019,413778.7302774789,4568584.747809484,
2017-04-13,2020,413781.45756730065,4568553.10028741,21.78267063133018
2017-04-13,2021,413783.7893637839,4568528.593549877,
2017-04-13,2022,413784.9867439632,4568524.56913562,
2017-04-13,2023,413784.9950139201,4568542.014564399,
2017-04-13,2024,413784.99947095435,4568559.528836973,
2017-04-13,2025,413785.0002058692,4568577.110313844,
2017-04-13,2026,413784.9996482715,4568594.715127523,
2017-04-13,2027,413784.97197425127,4568612.809538657,
2017-04-13,2028,413785.871054456,4568614.17104533,
2017-04-13,2029,413788.0429526941,4568592.5513322055,
2017-04-13,2030,413790.75173422345,4568561.237984478,
2017-04-13,2031,413793.2584760784,4568533.572540885,
2017-04-13,2032,413794.8242552931,4568522.89654016,
2017-04-13,2033,413794.99297666945,4568537.444956762,
2017-04-13,2034,413795.0000295915,4568554.9123595795,
2017-04-13,2035,413794.99993720965,4568572.508773617,
2017-04-13,2036,413794.9979696054,4568590.139045504,
2017-04-13,2037,413794.98374717246,4568607.990583053,
2017-04-13,2038,413795.4831377014,4568616.56864075,
2017-04-13,2039,413797.39242686325,4568599.690435631,
2017-04-13,2040,413800.0320529803,4568569.625715506,
2017-04-13,2041,413802.66309308686,4568539.716019108,
2017-04-13,2042,413804.54662421724,4568523.302885173,
2017-04-13,2043,413805.01362433436,4568532.465764242,
2017-04-13,2044,413805.00192821905,4568550.271688152,
2017-04-13,2045,413805.00005784177,4568567.900204569,
2017-04-13,2046,413804.9998203961,4568585.499237785,
2017-04-13,2047,413805.00631216954,4568602.976772358,
2017-04-13,2048,413805.19592668634,4568617.147955269,
2017-04-13,2049,413806.79195965244,4568605.925711415,
2017-04-13,2050,413809.3117832377,4568578.024072147,
2017-04-13,2051,413812.016474476,4568546.7845762,
2017-04-13,2052,413814.1671104017,4568525.5487623075,
2017-04-13,2053,413815.0293322133,4568527.575761456,
2017-04-13,2054,413815.0007850199,4568545.685938072,
2017-04-13,2055,413814.9998408177,4568563.29773204,
2017-04-13,2056,413815.00054357026,4568580.879789617,
2017-04-13,2057,413815.00563839835,4568598.382546573,
2017-04-13,2058,413815.02268107503,4568615.669580524,
2017-04-13,2059,413816.25481072534,4568611.017751192,
2017-04-13,2060,413818.60418465856,4568586.193646036,
2017-04-13,2061,413821.3318799087,4568554.538803796,5.308583441157361
2017-04-13,2062,413823.69897351007,4568529.394763203,
2017-04-13,2063,413824.9665424966,4568524.103062994,
2017-04-13,2064,413824.99373872805,4568541.206770601,
2017-04-13,2065,413824.99945099454,4568558.698379469,
2017-04-13,2066,413825.00011325564,4568576.281168126,
2017-04-13,2067,413824.9988383315,4568593.89893342,
2017-04-13,2068,413824.9699717315,4568612.014877043,
2017-04-13,2069,413825.7942397468,4568614.727146603,
2017-04-13,2070,413827.9225169078,4568593.8950288175,
2017-04-13,2071,413830.62256904994,4568562.73929354,
2017-04-13,2072,413833.1554732071,4568534.601479504,
2017-04-13,2073,413834.78230641363,4568522.823125444,43.611617823429796
2017-04-13,2074,413834.994640465,4568536.584098412,
2017-04-13,2075,413835.0003505807,4568554.075746113,
2017-04-13,2076,413834.999950212,4568571.677720966,
2017-04-13,2077,413834.9982022986,4568589.3040262535,
2017-04-13,2078,413834.9891112599,4568607.062914499,
2017-04-13,2079,413835.4235063824,4568616.8144893,
2017-04-13,2080,413837.2800396518,4568600.88881214,
2017-04-13,2081,413839.9018015658,4568571.146637079,
2017-04-13,2082,413842.5498691587,4568540.929502853,
2017-04-13,2083,413844.48531946493,4568523.578948201,
2017-04-13,2084,413845.0188848723,4568531.539965321,
2017-04-13,2085,413845.00210663164,4568549.437648956,-49.99789387170236
2017-04-13,2086,413845.00006436184,4568567.069268964,
2017-04-13,2087,413845.00010536297,4568584.663274714,
2017-04-13,2088,413845.00755365734,4568602.123538925,
2017-04-13,2089,413845.15587029676,4568617.040370922,
2017-04-13,2090,413846.69001255446,4568606.935587646,
2017-04-13,2091,413849.1828371207,4568579.521426062,
2017-04-13,2092,413851.8954210296,4568548.139424907,43.27527360625156
2017-04-13,2093,413854.0888413155,4568526.131122913,
2017-04-13,2094,413855.02596854104,4568526.80567597,
2017-04-13,2095,413854.99983014277,4568544.872360855,
2017-04-13,2096,413854.999744881,4568562.468646335,
2017-04-13,2097,413855.00050568074,4568580.049655839,
2017-04-13,2098,413855.00427798793,4568597.576291419,
2017-04-13,2099,413855.0045911548,4568615.165383113,
2017-04-13,2100,413856.16569528094,4568611.795946972,
2017-04-13,2101,413858.47893537924,4568587.624252119,
2017-04-13,2102,413861.2053884844,4568555.991837289,-11.455771657634596
2017-04-13,2103,413863.6061316301,4568530.240241214,
2017-04-13,2104,413864.9422418508,4568523.711002629,
2017-04-13,2105,413864.9927215957,4568540.394317428,
2017-04-13,2106,413864.99947328295,4568557.86715916,
2017-04-13,2107,413865.0000341297,4568575.451778895,
2017-04-13,2108,413864.99828967906,4568593.0780216595,
2017-04-13,2109,413864.9703127177,4568611.177902516,
2017-04-13,2110,413865.72034749563,4568615.230481771,
2017-04-13,2111,413867.80335600616,4568595.215706906,
2017-04-13,2112,413870.49303118716,4568564.247331656,
2017-04-13,2113,413873.050450073,4568535.666894754,
2017-04-13,2114,413874.73668969766,4568522.815934936,36.526557739687604
2017-04-13,2115,413874.99722608103,4568535.70659623,
2017-04-13,2116,413875.0007190911,4568553.238274631,19.999282983105072
2017-04-13,2117,413874.9999725077,4568570.846500523,
2017-04-13,2118,413874.998517575,4568588.467515931,
2017-04-13,2119,413874.9943425162,4568606.1376442695,
2017-04-13,2120,413875.3672288641,4568616.99978368,
2017-04-13,2121,413877.1693586672,4568602.056382057,
2017-04-13,2122,413879.77160880447,4568572.666499641,
2017-04-13,2123,413882.43505631044,4568542.17167517,30.86588804315049
2017-04-13,2124,413884.4207782189,4568523.9134473745,
2017-04-13,2125,413885.0236047804,4568530.623927673,
2017-04-13,2126,413885.0021538608,4568548.605978332,9.997846145330659
2017-04-13,2127,413885.0000546457,4568566.238626506,
2017-04-13,2128,413885.0003123787,4568583.828719081,
2017-04-13,2129,413885.0080538403,4568601.283690048,
2017-04-13,2130,413885.1195990512,4568616.864444346,
2017-04-13,2131,413886.59020302695,4568607.906869224,
2017-04-13,2132,413889.0543810005,4568581.009932901,
2017-04-13,2133,413891.77321000636,4568549.515174113,3.239427874744948
2017-04-13,2134,413894.0077670788,4568526.764131596,
2017-04-13,2135,413895.01958790136,4568526.09006299,
2017-04-13,2136,413894.99860443664,4568544.063673568,
2017-04-13,2137,413894.9996493425,4568561.639553429,
2017-04-13,2138,413895.0004394289,4568579.220034152,
2017-04-13,2139,413895.0028400331,4568596.771436363,
2017-04-13,2140,413894.9906875915,4568614.5855994215,
2017-04-13,2141,413896.07914874953,4568612.527760043,
2017-04-13,2142,413898.3546074396,4568589.038223067,
2017-04-13,2143,413901.0781708257,4568557.45798322,-28.476245109147243
2017-04-13,2144,413903.51091594226,4568531.128579238,
2017-04-13,2145,413904.9139198233,4568523.391549856,
2017-04-13,2146,413904.99208224076,4568539.575043348,
2017-04-13,2147,413904.9995470284,4568557.035009772,
2017-04-13,2148,413904.9999774822,4568574.621983805,
2017-04-13,2149,413904.9979700835,4568592.252974195,
2017-04-13,2150,413904.97255057306,4568610.306679291,
2017-04-13,2151,413905.64945550053,4568615.6796461595,
2017-04-13,2152,413907.6855477869,4568596.51196179,
2017-04-13,2153,413910.3631984334,4568565.7606941415,
2017-04-13,2154,413912.9434844741,4568536.767381949,
2017-04-13,2155,413914.68748294335,4568522.873563951,
2017-04-13,2156,413915.0008523633,4568534.810304427,
2017-04-13,2157,413915.0011028911,4568552.400527089,9.998898141465093
2017-04-13,2158,413914.999999492,4568570.015195426,
2017-04-13,2159,413914.9988832031,4568587.630096489,
2017-04-13,2160,413914.9989943037,4568605.222836567,
2017-04-13,2161,413915.31438294466,4568617.123119223,
2017-04-13,2162,413917.06046170794,4568603.191740711,
2017-04-13,2163,413919.6415524949,4568574.183898515,
2017-04-13,2164,413922.3187323398,4568543.441131368,
2017-04-13,2165,413924.35307827697,4568524.304978009,
2017-04-13,2166,413925.02733742184,4568529.725715509,
2017-04-13,2167,413925.00203767477,4568547.777258228,0.002037674835541033
2017-04-13,2168,413925.0000240891,4568565.408360332,
2017-04-13,2169,413925.00044918235,4568582.995431149,
2017-04-13,2170,413925.00793243485,4568600.455064183,
2017-04-13,2171,413925.0871907471,4568616.61877087,
2017-04-13,2172,413926.49260886706,4568608.838151479,
2017-04-13,2173,413928.92649267457,4568582.488187995,
2017-04-13,2174,413931.6499192039,4568550.910419153,6.675703846458642
2017-04-13,2175,413933.92396548926,4568527.446383689,
2017-04-13,2176,413935.00974365755,4568525.43698672,
2017-04-13,2177,413934.997212464,4568543.25798828,
2017-04-13,2178,413934.9995634117,4568560.810287057,
2017-04-13,2179,413935.0003540226,4568578.390758315,
2017-04-13,2180,413935.00144424464,4568595.965819962,
2017-04-13,2181,413934.98070834234,4568613.934960845,
2017-04-13,2182,413935.9952451537,4568613.211847709,
2017-04-13,2183,413938.23126772227,4568590.434333399,
2017-04-13,2184,413940.95028813294,4568558.936109415,-46.12151128928213
2017-04-13,2185,413943.41338816436,4568532.058636601,
2017-04-13,2186,413944.8816495958,4568523.1433757935,
2017-04-13,2187,413944.99192803074,4568538.746989551,
2017-04-13,2188,413944.99962993624,4568556.202610573,
2017-04-13,2189,413945.00044349924,4568573.783566711,
2017-04-13,2190,413945.009984039,4568591.22512278,
2017-04-13,2191,413945.14551518625,4568606.642943048,
2017-04-13,2192,413946.9261952671,4568595.635933084,
2017-04-13,2193,413949.80017792,4568567.068030421,
2017-04-13,2194,413952.74077292474,4568537.43019023,
2017-04-13,2195,413954.721290061,4568523.213367686,42.16236441616246
2017-04-13,2196,413954.99387430225,4568536.429796655,
2017-04-13,2197,413955.00054991187,4568553.917317363,29.999454690061516
2017-04-13,2198,413955.00084758986,4568571.507282018,
2017-04-13,2199,413955.0081162259,4568588.985277352,
2017-04-13,2200,413955.04847532127,4568605.9317652,
2017-04-13,2201,413956.6133432621,4568598.391199032,
2017-04-13,2202,413959.4039631299,4568571.162289479,
2017-04-13,2203,413962.3936456289,4568540.735984633,41.39839062471219
2017-04-13,2204,413964.5557014636,4568523.6032325905,
2017-04-13,2205,413965.00628133037,4568533.960648673,
2017-04-13,2206,413965.0018480944,4568551.626602491,19.998154633309028
2017-04-13,2207,413965.0007876043,4568569.238382398,
2017-04-13,2208,413965.0035761652,4568586.788337857,
2017-04-13,2209,413964.9888886571,4568604.618998433,
2017-04-13,2210,413966.32088920486,4568600.818808359,
2017-04-13,2211,413969.01105920033,4568575.203350541,
2017-04-13,2212,413972.0327429672,4568544.263033083,13.033531742015969
2017-04-13,2213,413974.3592512097,4568524.488804078,
2017-04-13,2214,413975.0240362185,4568531.405601963,
2017-04-13,2215,413975.00267659465,4568549.343431783,-9.99732350999315
2017-04-13,2216,413975.00043043675,4568566.9742561905,
2017-04-13,2217,413974.99937662604,4568584.585928816,
2017-04-13,2218,413974.9647130662,4568602.737449888,
2017-04-13,2219,413976.05103981047,4568602.883335753,
2017-04-13,2220,413978.6236726763,4568579.155789611,
2017-04-13,2221,413981.66027045355,4568547.975919478,3.3562225957049443
2017-04-13,2222,413984.1341438462,4568525.834673447,
2017-04-13,2223,413985.03635288804,4568528.937905318,
2017-04-13,2224,413985.0022420023,4568547.080549196,0.0022420026797414123
2017-04-13,2225,413984.99993476947,4568564.712354609,
2017-04-13,2226,413984.99748388596,4568582.346467368,
2017-04-13,2227,413984.96564269275,4568600.452654861,
2017-04-13,2228,413985.8059994727,4568604.549373698,
2017-04-13,2229,413988.24400795106,4568582.984199167,
2017-04-13,2230,413991.2784324807,4568551.839236293,-6.308660365593847
2017-04-13,2231,413993.8825837661,4568527.605433172,
2017-04-13,2232,413995.0319649168,4568526.738522923,
2017-04-13,2233,413994.9997511027,4568544.850695546,
2017-04-13,2234,413994.9994592839,4568562.450128853,
2017-04-13,2235,413994.99744582863,4568580.077215531,
2017-04-13,2236,413994.98041111435,4568597.945577541,
2017-04-13,2237,413995.5879725839,4568605.781514656,
2017-04-13,2238,413997.8742694173,4568586.653171671,
2017-04-13,2239,414000.8894334419,4568555.817575992,-15.964587811260676
2017-04-13,2240,414003.60677536234,4568529.765675718,
2017-04-13,2241,414004.9996058826,4568524.98841894,
2017-04-13,2242,414004.99518211355,4568542.654220701,
2017-04-13,2243,414004.99916266237,4568560.185030142,
2017-04-13,2244,414004.99846904376,4568577.79091726,
2017-04-13,2245,414004.9977519086,4568595.397182113,
2017-04-13,2246,414005.3991635376,4568606.544351101,
2017-04-13,2247,414007.51666146837,4568590.127299597,
2017-04-13,2248,414010.49547773035,4568559.875531049,
2017-04-13,2249,414013.3089230282,4568532.279993556,
2017-04-13,2250,414014.93030806584,4568523.831635213,
2017-04-13,2251,414014.9910353799,4568540.450963485,
2017-04-13,2252,414014.9992035872,4568557.914509676,
2017-04-13,2253,414014.9997601216,4568575.500316515,
2017-04-13,2254,414015.0078141033,4568592.965697428,
2017-04-13,2255,414015.24177672673,4568606.8024755,
2017-04-13,2256,414017.17338849703,4568593.371175412,
2017-04-13,2257,414020.09876973875,4568563.977693934,
2017-04-13,2258,414022.9912311563,4568535.112979161,
2017-04-13,2259,414024.8240834538,4568523.267979188,
2017-04-13,2260,414024.9903258599,4568538.192496857,
2017-04-13,2261,414024.9997407397,4568555.636018669,
2017-04-13,2262,414025.00060132623,4568573.216941747,
2017-04-13,2263,414025.0099350124,4568590.661767713,
2017-04-13,2264,414025.1180165442,4568606.52048033,
2017-04-13,2265,414026.8466548966,4568596.349391596,
2017-04-13,2266,414029.7015138605,4568568.08865712,
2017-04-13,2267,414032.65590414,4568538.2292249985,
2017-04-13,2268,414034.68313643965,4568523.262043329,42.073609584667715
2017-04-13,2269,414034.9960685116,4568535.830393783,
2017-04-13,2270,414035.0008731706,4568553.3479661485,
2017-04-13,2271,414035.0008690844,4568570.942777824,
2017-04-13,2272,414035.0071200136,4568588.437119827,
2017-04-13,2273,414035.03008738323,4568605.662958055,
2017-04-13,2274,414036.5386650603,4568599.026540613,
2017-04-13,2275,414039.30591448874,4568572.173013079,
2017-04-13,2276,414042.3051463728,4568541.593323549,33.27825530603697
2017-04-13,2277,414044.50967141706,4568523.7784201205,
2017-04-13,2278,414045.01058779005,4568533.327318264,
2017-04-13,2279,414045.0021287096,4568551.057936235,
2017-04-13,2280,414045.00072041777,4568568.67530262,
2017-04-13,2281,414045.00238406495,4568586.243326732,
2017-04-13,2282,414044.97992129275,4568604.19887561,
2017-04-13,2283,414046.2516233805,4568601.367214929,
2017-04-13,2284,414048.91417601594,4568576.195354272,
2017-04-13,2285,414051.9411622471,4568545.16986727,-1.6945044204220627
2017-04-13,2286,414054.3058927781,4568524.781702017,
2017-04-13,2287,414055.0280431579,4568530.777082524,
2017-04-13,2288,414055.0027173692,4568548.778617909,
2017-04-13,2289,414055.00031400874,4568566.411967346,
2017-04-13,2290,414054.9986897428,4568584.0328027615,
2017-04-13,2291,414054.9630375435,4568602.200203618,
2017-04-13,2292,414055.98773425096,4568603.336007024,
2017-04-13,2293,414058.5285028354,4568580.120273178,
2017-04-13,2294,414061.5661561556,4568548.923448639,-39.76401126743557
2017-04-13,2295,414064.0740049159,4568526.236481499,
2017-04-13,2296,414065.03726011515,4568528.359174258,
2017-04-13,2297,414065.00184573943,4568546.522755128,
2017-04-13,2298,414064.9998085388,4568564.15022321,
2017-04-13,2299,414064.99733206385,4568581.784747029,
2017-04-13,2300,414064.96845881967,4568599.843262559,
2017-04-13,2301,414065.74920206424,4568604.897509364,
2017-04-13,2302,414068.15109934035,4568583.912362266,
2017-04-13,2303,414071.1823324923,4568552.818660123,
2017-04-13,2304,414073.8162122243,4568528.107351031,
2017-04-13,2305,414075.02697223914,4568526.25455765,
2017-04-13,2306,414074.9987404543,4568544.302769894,
2017-04-13,2307,414074.9993626903,4568561.887521421,
2017-04-13,2308,414074.9976318709,4568579.510068327,
2017-04-13,2309,414074.98491869896,4568597.309016617,
2017-04-13,2310,414075.5382312138,4568606.016314421,
2017-04-13,2311,414077.7841699239,4568587.536214006,
2017-04-13,2312,414080.79189564986,4568556.820094199,
2017-04-13,2313,414083.5347190958,4568530.358903091,
2017-04-13,2314,414084.9859509663,4568524.643588781,
2017-04-13,2315,414084.99399486283,4568542.109131685,
2017-04-13,2316,414084.9991351452,4568559.621313186,
2017-04-13,2317,414084.9987957539,4568577.221510615,
2017-04-13,2318,414085.00115246285,4568594.778402588,
2017-04-13,2319,414085.3570260924,4568606.6570146615,
2017-04-13,2320,414087.4299189793,4568590.9564208705,
2017-04-13,2321,414090.3970500218,4568560.892343334,
2017-04-13,2322,414093.2317299242,4568532.955730149,
2017-04-13,2323,414094.9072693908,4568523.6375294095,
2017-04-13,2324,414094.9904208741,4568539.896674893,
2017-04-13,2325,414094.99928458536,4568557.349049716,
2017-04-13,2326,414095.00003030704,4568574.93181778,
2017-04-13,2327,414095.00896655396,4568592.383027522,
2017-04-13,2328,414095.2077910934,4568606.784202565,
2017-04-13,2329,414097.09055089887,4568594.137575332,
2017-04-13,2330,414100.0000000001,4568565.000000003,
2017-04-13,2331,414102.90944910125,4568535.862424673,
2017-04-13,2332,414104.7922089067,4568523.215797437,31.85354509952785
2017-04-13,2333,414104.9910334461,4568537.616972477,
2017-04-13,2334,414104.99996969296,4568555.068182219,
2017-04-13,2335,414105.00071541464,4568572.650950286,
2017-04-13,2336,414105.009579126,4568590.103325109,
2017-04-13,2337,414105.0927306093,4568606.362470591,
2017-04-13,2338,414106.7682700758,4568597.044269848,
2017-04-13,2339,414109.60294997826,4568569.107656661,
2017-04-13,2340,414112.57008102065,4568539.043579126,
2017-04-13,2341,414114.6429739074,4568523.342985336,
2017-04-13,2342,414114.99884753703,4568535.221597412,
2017-04-13,2343,414115.0012042461,4568552.778489386,
2017-04-13,2344,414115.0008648548,4568570.378686814,
2017-04-13,2345,414115.00600513717,4568587.8908683155,
2017-04-13,2346,414115.0140490336,4568605.356411216,
2017-04-13,2347,414116.4652809038,4568599.641096902,
2017-04-13,2348,414119.2081043496,4568573.179905795,
2017-04-13,2349,414122.2158300755,4568542.463785988,24.917879790283898
2017-04-13,2350,414124.46176878584,4568523.983685577,
2017-04-13,2351,414125.01508130116,4568532.690983387,
2017-04-13,2352,414125.00236812903,4568550.489931673,
2017-04-13,2353,414125.0006373097,4568568.112478581,
2017-04-13,2354,414125.00125954574,4568585.697230106,
2017-04-13,2355,414124.9730277608,4568603.745442351,
2017-04-13,2356,414126.18378777546,4568601.892648965,
2017-04-13,2357,414128.81766750745,4568577.181339872,
2017-04-13,2358,414131.84890065953,4568546.087637731,-10.897312250841205
2017-04-13,2359,414134.2507979358,4568525.1024906365,
2017-04-13,2360,414135.03154118033,4568530.156737444,
2017-04-13,2361,414135.00266793615,4568548.21525297,
2017-04-13,2362,414135.000191461,4568565.849776789,
2017-04-13,2363,414134.99815426057,4568583.477244873,
2017-04-13,2364,414134.962739885,4568601.640825745,
2017-04-13,2365,414135.92599508376,4568603.7635185,
2017-04-13,2366,414138.433843844,4568581.076551359,
2017-04-13,2367,414141.47149716446,4568549.879726818,-49.61722937908822
2017-04-13,2368,414144.0122657491,4568526.663992974,
2017-04-13,2369,414145.03696245665,4568527.799796383,
2017-04-13,2370,414145.00131025724,4568545.967197236,
2017-04-13,2371,414144.9996859915,4568563.588032655,
2017-04-13,2372,414144.997282631,4568581.221382092,
2017-04-13,2373,414144.97195684206,4568599.222917477,
2017-04-13,2374,414145.6941072217,4568605.218297981,
2017-04-13,2375,414148.05883775273,4568584.830132727,
2017-04-13,2376,414151.0858239839,4568553.804645724,
2017-04-13,2377,414153.74837661936,4568528.632785067,
2017-04-13,2378,414155.02007870725,4568525.801124391,
2017-04-13,2379,414154.99761593516,4568543.756673267,
2017-04-13,2380,414154.9992795823,4568561.324697382,
2017-04-13,2381,414154.9978712904,4568578.942063764,
2017-04-13,2382,414154.98941221007,4568596.672681738,
2017-04-13,2383,414155.4903285828,4568606.221579881,
2017-04-13,2384,414157.69485362666,4568588.406676448,
2017-04-13,2385,414160.6940855108,4568557.826986918,
2017-04-13,2386,414163.46133493935,4568530.973459384,
2017-04-13,2387,414164.96991261654,4568524.337041944,
2017-04-13,2388,414164.9928799865,4568541.562880174,
2017-04-13,2389,414164.9991309157,4568559.057222178,
2017-04-13,2390,414164.9991268294,4568576.6520338515,
2017-04-13,2391,414165.00393148855,4568594.169606221,
2017-04-13,2392,414165.31686355994,4568606.737956667,
2017-04-13,2393,414167.3440958592,4568591.770774995,
2017-04-13,2394,414170.2984861388,4568561.911342875,
2017-04-13,2395,414173.1533451028,4568533.650608402,
2017-04-13,2396,414174.8819834555,4568523.47951967,
2017-04-13,2397,414174.99006498774,4568539.338232287,
2017-04-13,2398,414174.99939867394,4568556.783058254,
2017-04-13,2399,414175.00025926024,4568574.363981332,
2017-04-13,2400,414175.00967414014,4568591.807503145,
2017-04-13,2401,414175.175916546,4568606.732020812,
2017-04-13,2402,414177.0087688435,4568594.887020837,
2017-04-13,2403,414179.90123026085,4568566.022306061,
2017-04-13,2404,414182.8266115027,4568536.628824584,
2017-04-13,2405,414184.7582232731,4568523.197524497,21.822448001479703
2017-04-13,2406,414184.99218589684,4568537.034302574,
2017-04-13,2407,414185.0002398785,4568554.499683486,
2017-04-13,2408,414185.000796413,4568572.085490324,
2017-04-13,2409,414185.0089646201,4568589.549036516,
2017-04-13,2410,414185.069691934,4568606.168364786,
2017-04-13,2411,414186.69107697165,4568597.720006443,
2017-04-13,2412,414189.50452226936,4568570.124468949,
2017-04-13,2413,414192.4833385315,4568539.872700403,49.44693840545367
2017-04-13,2414,414194.6008364622,4568523.455648899,
2017-04-13,2415,414195.0022480914,4568534.602817887,
2017-04-13,2416,414195.00153095624,4568552.2090827385,
2017-04-13,2417,414195.0008373376,4568569.81496986,
2017-04-13,2418,414195.0048178864,4568587.345779297,
2017-04-13,2419,414195.0003941172,4568605.011581059,
2017-04-13,2420,414196.39322463755,4568600.234324283,
2017-04-13,2421,414199.11056655797,4568574.182424007,
2017-04-13,2422,414202.12573058275,4568543.346828328,16.329724011875463
2017-04-13,2423,414204.41202741605,4568524.218485342,
2017-04-13,2424,414205.01958888565,4568532.05442246,
2017-04-13,2425,414205.0025541714,4568549.92278447,
2017-04-13,2426,414205.0005407163,4568567.549871148,
2017-04-13,2427,414205.0002488973,4568585.149304455,
2017-04-13,2428,414204.96803508344,4568603.26147708,
2017-04-13,2429,414206.1174162337,4568602.394566827,
2017-04-13,2430,414208.7215675191,4568578.160763706,
2017-04-13,2431,414211.7559920488,4568547.015800831,-20.279414878575338
2017-04-13,2432,414214.19400052726,4568525.4506263,
2017-04-13,2433,414215.03435730736,4568529.547345142,
2017-04-13,2434,414215.00251611404,4568547.653532632,
2017-04-13,2435,414215.00006523065,4568565.287645394,
2017-04-13,2436,414214.9977579976,4568582.919450805,
2017-04-13,2437,414214.963647112,4568601.062094686,
2017-04-13,2438,414215.8658561535,4568604.165326552,
2017-04-13,2439,414218.33972954634,4568582.02408052,
2017-04-13,2440,414221.3763273235,4568550.844210385,
2017-04-13,2441,414223.94896018936,4568527.116664243,
2017-04-13,2442,414225.035286934,4568527.262550115,
2017-04-13,2443,414225.0006233741,4568545.4140711855,
2017-04-13,2444,414224.99956956314,4568563.0257438095,
2017-04-13,2445,414224.99732340546,4568580.656568217,
2017-04-13,2446,414224.9759637816,4568598.594398038,
2017-04-13,2447,414225.64074879006,4568605.511195921,
2017-04-13,2448,414227.96725703264,4568585.736966916,
2017-04-13,2449,414230.98894079967,4568554.796649457,
2017-04-13,2450,414233.67911079526,4568529.181191642,
2017-04-13,2451,414235.0111113429,4568525.381001566,
2017-04-13,2452,414234.99642383493,4568543.2116621435,
2017-04-13,2453,414234.9992123957,4568560.761617603,
2017-04-13,2454,414234.99815190554,4568578.373397508,
2017-04-13,2455,414234.9937186698,4568596.039351328,
2017-04-13,2456,414235.4442985363,4568606.396767411,
2017-04-13,2457,414237.60635437095,4568589.264015368,
2017-04-13,2458,414240.59603687003,4568558.837710522,
2017-04-13,2459,414243.38665673777,4568531.608800968,
2017-04-13,2460,414244.95152467873,4568524.068234801,
2017-04-13,2461,414244.9918837741,4568541.014722647,
2017-04-13,2462,414244.9991524099,4568558.4927179795,
2017-04-13,2463,414244.9994500883,4568576.082682638,
2017-04-13,2464,414245.00612569804,4568593.570203349,
2017-04-13,2465,414245.27870993875,4568606.786632312,
2017-04-13,2466,414247.2592270747,4568592.569809764,
2017-04-13,2467,414250.1998220794,4568562.931969572,
2017-04-13,2468,414253.0738047324,4568534.36406691,
2017-04-13,2469,414254.85448481364,4568523.357056951,
2017-04-13,2470,414254.99001596106,4568538.774877221,
2017-04-13,2471,414254.99955650105,4568556.216433292,
2017-04-13,2472,414255.0003700636,4568573.797389425,
2017-04-13,2473,414255.0080719694,4568591.253010451,
2017-04-13,2474,414255.11835040426,4568606.856624207,
2017-04-13,2475,414256.58661183546,4568597.941363397,
2017-04-13,2476,414259.0497118669,4568571.063890582,
2017-04-13,2477,414261.76873227756,4568539.565666601,
2017-04-13,2478,414264.0047548461,4568516.788152291,
2017-04-13,2479,414265.01929165766,4568516.065039157,
2017-04-13,2480,414264.99855575524,4568534.034180036,
2017-04-13,2481,414264.9996459776,4568551.609241687,
2017-04-13,2482,414265.00043658837,4568569.189712943,
2017-04-13,2483,414265.0027875357,4568586.742011719,
2017-04-13,2484,414264.99025634263,4568604.563013281,
2017-04-13,2485,414266.0760345111,4568602.553616316,
2017-04-13,2486,414268.3500807966,4568579.0895808535,
2017-04-13,2487,414271.0735073259,4568547.511812013,-29.10288474988038
2017-04-13,2488,414273.50739113323,4568521.161848525,
2017-04-13,2489,414274.912809253,4568513.381229131,
2017-04-13,2490,414274.9920675651,4568529.544935816,
2017-04-13,2491,414274.9995508176,4568547.00456885,
2017-04-13,2492,414274.9999759108,4568564.591639667,
2017-04-13,2493,414274.99796232535,4568582.2227417715,
2017-04-13,2494,414274.9726625782,4568600.274284493,
2017-04-13,2495,414275.64692172303,4568605.695021988,
2017-04-13,2496,414277.68126766017,4568586.558868628,
2017-04-13,2497,414280.3584475051,4568555.816101483,
2017-04-13,2498,414282.9395382921,4568526.808259287,
2017-04-13,2499,414284.6856170553,4568512.876880777,
2017-04-13,2500,414285.0010056966,4568524.777163434,
2017-04-13,2501,414285.001116797,4568542.36990351,
2017-04-13,2502,414285.00000050804,4568559.984804577,
2017-04-13,2503,414284.99889710883,4568577.59947291,
2017-04-13,2504,414284.99914763676,4568595.1896955725,
2017-04-13,2505,414285.3125170567,4568607.12643605,
2017-04-13,2506,414287.05651552585,4568593.232618052,
2017-04-13,2507,414289.63680156675,4568564.239305861,
2017-04-13,2508,414292.31445221324,4568533.488038211,
2017-04-13,2509,414294.35054449976,4568514.320353841,
2017-04-13,2510,414295.02744942694,4568519.69332071,
2017-04-13,2511,414295.0020299165,4568537.747025803,
2017-04-13,2512,414295.00002251787,4568555.378016198,
2017-04-13,2513,414295.0004529715,4568572.9649902275,
2017-04-13,2514,414295.0079177591,4568590.424956655,
2017-04-13,2515,414295.0860801767,4568606.608450144,
2017-04-13,2516,414296.4890840579,4568598.8714207625,
2017-04-13,2517,414298.92182917445,4568572.542016781,
2017-04-13,2518,414301.64539256063,4568540.9617769355,45.99793479886034
2017-04-13,2519,414303.9208512505,4568517.47223996,
2017-04-13,2520,414305.0093124087,4568515.414400579,
2017-04-13,2521,414304.9971599668,4568533.228563636,
2017-04-13,2522,414304.999560571,4568550.779965846,
2017-04-13,2523,414305.0003506574,4568568.360446571,
2017-04-13,2524,414305.00139556336,4568585.936326434,
2017-04-13,2525,414304.9804120987,4568603.909937013,
2017-04-13,2526,414305.9922329215,4568603.235868405,
2017-04-13,2527,414308.22678999376,4568580.484825886,
2017-04-13,2528,414310.94561899966,4568548.990067097,-46.3530786513002
2017-04-13,2529,414313.4097969731,4568522.093130773,
2017-04-13,2530,414314.88040094887,4568513.135555653,
2017-04-13,2531,414314.9919461599,4568528.7163099535,
2017-04-13,2532,414314.99968762154,4568546.171280918,
2017-04-13,2533,414314.99994535424,4568563.761373495,
2017-04-13,2534,414314.9978461392,4568581.394021668,
2017-04-13,2535,414314.9763952196,4568599.376072327,
2017-04-13,2536,414315.5792217813,4568606.086552628,
2017-04-13,2537,414317.5649436899,4568587.828324833,
2017-04-13,2538,414320.22839119565,4568557.333500361,
2017-04-13,2539,414322.83064133296,4568527.943617946,
2017-04-13,2540,414324.63277113583,4568513.00021632,
2017-04-13,2541,414325.00565748394,4568523.8623557305,
2017-04-13,2542,414325.0014824249,4568541.532484068,
2017-04-13,2543,414325.00002749235,4568559.1534994785,
2017-04-13,2544,414324.9992809089,4568576.761725368,
2017-04-13,2545,414325.002773919,4568594.293403768,
2017-04-13,2546,414325.26331030217,4568607.184065068,
2017-04-13,2547,414326.9495499268,4568594.333105251,
2017-04-13,2548,414329.50696881267,4568565.752668352,
2017-04-13,2549,414332.1966439936,4568534.784293098,
2017-04-13,2550,414334.2796525043,4568514.769518231,
2017-04-13,2551,414335.0296872824,4568518.822097485,
2017-04-13,2552,414335.00171032094,4568536.921978342,
2017-04-13,2553,414334.99996587035,4568554.548221105,
2017-04-13,2554,414335.00052671705,4568572.13284084,
2017-04-13,2555,414335.00727840414,4568589.6056825705,
2017-04-13,2556,414335.0577581494,4568606.288997373,
2017-04-13,2557,414336.39386837033,4568599.759758789,
2017-04-13,2558,414338.79461151623,4568574.008162715,
2017-04-13,2559,414341.5210646211,4568542.375747883,30.026841761767095
2017-04-13,2560,414343.83430471935,4568518.204053029,
2017-04-13,2561,414344.9954088452,4568514.834616887,
2017-04-13,2562,414344.9957220118,4568532.42370858,
2017-04-13,2563,414344.9994943193,4568549.950344161,
2017-04-13,2564,414345.00025511906,4568567.5313536655,
2017-04-13,2565,414345.0001698571,4568585.127639144,
2017-04-13,2566,414344.9740314591,4568603.1943240315,
2017-04-13,2567,414345.91115868464,4568603.868877089,
2017-04-13,2568,414348.1045789707,4568581.860575097,
2017-04-13,2569,414350.8171628797,4568550.478573941,
2017-04-13,2570,414353.30998744577,4568523.064412355,
2017-04-13,2571,414354.84412970324,4568512.959629077,
2017-04-13,2572,414354.9924463427,4568527.876461076,
2017-04-13,2573,414354.99989463703,4568545.336725287,
2017-04-13,2574,414354.9999356381,4568562.930731037,
2017-04-13,2575,414354.9978933682,4568580.562351042,
2017-04-13,2576,414354.98111512774,4568598.460034679,
2017-04-13,2577,414355.5146805351,4568606.421051797,
2017-04-13,2578,414357.45013084146,4568589.070497145,
2017-04-13,2579,414360.09819843457,4568558.853362922,
2017-04-13,2580,414362.71996034856,4568529.111187862,
2017-04-13,2581,414364.57649361773,4568513.1855107015,
2017-04-13,2582,414365.0108887401,4568522.9370855,
2017-04-13,2583,414365.0017977013,4568540.695973745,
2017-04-13,2584,414365.00004978804,4568558.322279037,
2017-04-13,2585,414364.9996494192,4568575.924253886,
2017-04-13,2586,414365.00535953505,4568593.415901589,
2017-04-13,2587,414365.21769358637,4568607.176874556,
2017-04-13,2588,414366.844526793,4568595.398520498,
2017-04-13,2589,414369.3774309501,4568567.260706462,
2017-04-13,2590,414372.07748309226,4568536.104971184,
2017-04-13,2591,414374.2057602533,4568515.272853399,
2017-04-13,2592,414375.03002826875,4568517.98512296,
2017-04-13,2593,414375.0011616686,4568536.101066579,
2017-04-13,2594,414374.99988674413,4568553.718831873,
2017-04-13,2595,414375.0005490054,4568571.301620533,
2017-04-13,2596,414375.006261272,4568588.7932294,
2017-04-13,2597,414375.0334575035,4568605.896937008,
2017-04-13,2598,414376.3010264903,4568600.6052367985,
2017-04-13,2599,414378.6681200918,4568575.4611962065,
2017-04-13,2600,414381.39581534197,4568543.806353968,13.713344402708318
2017-04-13,2601,414383.74518927507,4568518.982248812,
2017-04-13,2602,414384.97731892514,4568514.330419477,
2017-04-13,2603,414384.9943616017,4568531.617453426,
2017-04-13,2604,414384.99945642985,4568549.120210383,
2017-04-13,2605,414385.00015918224,4568566.702267958,
2017-04-13,2606,414384.9992149802,4568584.3140619295,
2017-04-13,2607,414384.97066778666,4568602.424238544,
2017-04-13,2608,414385.8328895988,4568604.451237696,
2017-04-13,2609,414387.98352552473,4568583.215423806,
2017-04-13,2610,414390.6882167632,4568551.975927859,
2017-04-13,2611,414393.20804034814,4568524.074288589,
2017-04-13,2612,414394.80407331395,4568512.852044733,
2017-04-13,2613,414394.9936878305,4568527.023227643,
2017-04-13,2614,414395.00017960387,4568544.500762215,
2017-04-13,2615,414394.99994215806,4568562.09979543,
2017-04-13,2616,414394.998071781,4568579.72831185,
2017-04-13,2617,414394.9863756657,4568597.534235757,
2017-04-13,2618,414395.45337578247,4568606.697114827,
2017-04-13,2619,414397.3369069128,4568590.283980891,
2017-04-13,2620,414399.96794701956,4568560.374284489,
2017-04-13,2621,414402.6075731367,4568530.309564362,
2017-04-13,2622,414404.5168622986,4568513.4313592445,
2017-04-13,2623,414405.0162528277,4568522.009416951,
2017-04-13,2624,414405.0020303945,4568539.860954496,
2017-04-13,2625,414405.00006279035,4568557.4912263835,
2017-04-13,2626,414404.99997040833,4568575.087640419,
2017-04-13,2627,414405.0070233304,4568592.555043236,
2017-04-13,2628,414405.1757447072,4568607.1034598425,
2017-04-13,2629,414406.74152392213,4568596.42745912,
2017-04-13,2630,414409.2482657772,4568568.762015527,
2017-04-13,2631,414411.95704730647,4568537.4486678,
2017-04-13,2632,414414.12894554425,4568515.8289546715,
2017-04-13,2633,414415.02802574873,4568517.190461344,
2017-04-13,2634,414415.00035172835,4568535.284872477,
2017-04-13,2635,414414.9997941309,4568552.889686158,
2017-04-13,2636,414415.00052904553,4568570.471163027,
2017-04-13,2637,414415.0049860797,4568587.985435601,
2017-04-13,2638,414415.01325603673,4568605.430864378,
2017-04-13,2639,414416.210636216,4568601.406450122,
2017-04-13,2640,414418.54243269947,4568576.89971259,
2017-04-13,2641,414421.26972252125,4568545.252190517,-2.907885532944955
2017-04-13,2642,414423.65358271543,4568519.805422639,
2017-04-13,2643,414424.95509031625,4568513.900947687,
2017-04-13,2644,414424.9931984533,4568530.807636634,
2017-04-13,2645,414424.9994561118,4568548.289398242,
2017-04-13,2646,414425.0000720558,4568565.873023175,
2017-04-13,2647,414424.9985376615,4568583.4954732945,
2017-04-13,2648,414424.9698744442,4568601.60774476,
2017-04-13,2649,414425.7575034613,4568604.981545557,
2017-04-13,2650,414427.8637074532,4568584.547967347,
2017-04-13,2651,414430.5588584472,4568553.480724188,
2017-04-13,2652,414433.10403347743,4568525.121354811,
2017-04-13,2653,414434.76030957827,4568512.811397949,32.63815148350467
2017-04-13,2654,414434.9957903409,4568526.154448124,
2017-04-13,2655,414435.0005280097,4568543.663653728,
2017-04-13,2656,414434.9999603354,4568561.268649348,
2017-04-13,2657,414434.9983494199,4568578.892481084,
2017-04-13,2658,414434.9917315611,4568596.606715115,
2017-04-13,2659,414435.395321694,4568606.914485872,
2017-04-13,2660,414437.225024374,4568591.473245338,
2017-04-13,2661,414439.83710859634,4568561.90580473,
2017-04-13,2662,414442.4928460518,4568531.550188186,
2017-04-13,2663,414444.453508431,4568513.744419843,
2017-04-13,2664,414445.02151423163,4568521.083602388,
2017-04-13,2665,414445.00455403345,4568538.984571337,
2017-04-13,2666,414444.9995689399,4568556.669325164,
2017-04-13,2667,414445.0002406931,4568574.251942443,
2017-04-13,2668,414445.0078935966,4568591.708512358,
2017-04-13,2669,414445.137545476,4568606.962343784,
2017-04-13,2670,414446.6406319018,4568597.418285512,
2017-04-13,2671,414449.11956411705,4568570.254955676,
2017-04-13,2672,414451.83542289946,4568538.813825417,
2017-04-13,2673,414454.049289027,4568516.436365876,
2017-04-13,2674,414455.0232330115,4568516.446178173,
2017-04-13,2675,414454.9992552089,4568534.473852672,
2017-04-13,2676,414454.99969724024,4568552.060617664,
2017-04-13,2677,414455.00047604693,4568569.641302055,
2017-04-13,2678,414455.0035725448,4568587.180139635,
2017-04-13,2679,414454.9972309161,4568604.889386224,
2017-04-13,2680,414456.12277534587,4568602.161994094,
2017-04-13,2681,414458.4176271377,4568578.322307199,
2017-04-13,2682,414461.1428639573,4568546.711852871,-19.80253956634421
2017-04-13,2683,414463.55956283864,4568520.672169843,
2017-04-13,2684,414464.9288008162,4568513.544796848,
2017-04-13,2685,414464.9923522838,4568529.992096659,
2017-04-13,2686,414464.9995025739,4568547.457741462,
2017-04-13,2687,414465.0000029488,4568565.043453042,
2017-04-13,2688,414464.998105768,4568582.672453415,
2017-04-13,2689,414464.97120479477,4568600.752906886,
2017-04-13,2690,414465.6850780703,4568605.458395995,
2017-04-13,2691,414467.74520255486,4568585.856801033,
2017-04-13,2692,414470.4291657308,4568554.991558229,
2017-04-13,2693,414472.99804463267,4568526.20420632,
2017-04-13,2694,414474.71291629464,4568512.836284043,49.325801615959634
2017-04-13,2695,414474.9988735914,4568525.267960968,
2017-04-13,2696,414475.00090807176,4568542.825973676,
2017-04-13,2697,414474.99998548813,4568560.437377315,
2017-04-13,2698,414474.99869323074,4568578.055455564,
2017-04-13,2699,414474.99673208105,4568595.6856109155,
2017-04-13,2700,414475.34078694973,4568607.068313796,
2017-04-13,2701,414477.1155370071,4568592.619264027,
2017-04-13,2702,414479.7075794197,4568563.413686009,
2017-04-13,2703,414482.3779912222,4568532.793118478,
2017-04-13,2704,414484.3878494485,4568514.099100169,
2017-04-13,2705,414485.025592948,4568520.179141709,
2017-04-13,2706,414485.0021191047,4568538.197717027,
2017-04-13,2707,414485.00004249776,4568555.829957006,
2017-04-13,2708,414485.00038790866,4568573.418466518,
2017-04-13,2709,414485.0080643283,4568590.874611846,
2017-04-13,2710,414485.10316164885,4568606.752339132,
2017-04-13,2711,414486.54189015913,4568598.370287809,
2017-04-13,2712,414488.99136468896,4568571.738827831,
2017-04-13,2713,414491.71266227216,4568540.199497934,
2017-04-13,2714,414493.96685994294,4568517.093836853,
2017-04-13,2715,414495.0152036412,4568515.760333664,
2017-04-13,2716,414494.99793271127,4568533.666912996,
2017-04-13,2717,414494.99960527854,4568551.231460188,
2017-04-13,2718,414495.00039921777,4568568.811871343,
2017-04-13,2719,414495.002140384,4568586.375179961,
2017-04-13,2720,414494.9853133057,4568604.273745384,
2017-04-13,2721,414496.037521677,4568602.87046404,
2017-04-13,2722,414498.2937812038,4568579.727575358,
2017-04-13,2723,414501.0153174476,4568548.183936349,-36.936606717552415
2017-04-13,2724,414503.46320744284,4568521.581085749,
2017-04-13,2725,414504.8985282234,4568513.2605622895,
2017-04-13,2726,414504.9919428107,4568529.168671969,
2017-04-13,2727,414504.99960502546,4568546.625073775,
2017-04-13,2728,414504.9999591111,4568564.213426664,
2017-04-13,2729,414504.9978870681,4568581.845584238,
2017-04-13,2730,414504.97421220073,4568599.867789125,
2017-04-13,2731,414505.61569122353,4568605.88038435,
2017-04-13,2732,414507.6280886271,4568587.140520221,
2017-04-13,2733,414510.29921641166,4568556.5070253555,
2017-04-13,2734,414512.89015161165,4568527.321438492,
2017-04-13,2735,414514.661971261,4568512.925298366,
2017-04-13,2736,414515.0030246501,4568524.362194116,
2017-04-13,2737,414515.0012875617,4568541.988303953,
2017-04-13,2738,414515.0000130897,4568559.606061081,
2017-04-13,2739,414514.9990718046,4568577.21780238,
2017-04-13,2740,414515.0009360861,4568594.778888101,
2017-04-13,2741,414515.2896584652,4568607.160640389,
2017-04-13,2742,414517.007546626,4568593.738254068,
2017-04-13,2743,414519.5776188314,4568564.929356606,
2017-04-13,2744,414522.2609521161,4568534.075486737,
2017-04-13,2745,414524.31862351403,4568514.518183198,
2017-04-13,2746,414525.0286757063,4568519.292663433,
2017-04-13,2747,414525.0019106588,4568537.370662713,
2017-04-13,2748,414524.9999999938,4568554.999906547,
2017-04-13,2749,414525.000493539,4568572.585741435,
2017-04-13,2750,414525.0076809651,4568590.0507157305,
2017-04-13,2751,414525.0726830664,4568606.471823799,
2017-04-13,2752,414526.44541486434,4568599.281368542,
2017-04-13,2753,414528.8637843708,4568573.211521737,
2017-04-13,2754,414531.5888686203,4568541.603822119,38.76628063677609
2017-04-13,2755,414533.8817446468,4568517.799808422,
2017-04-13,2756,414535.0034907792,4568515.140996013,
2017-04-13,2757,414534.9965028685,4568532.861911467,
2017-04-13,2758,414534.99952745775,4568550.402047389,
2017-04-13,2759,414535.00030776806,4568567.982704623,
2017-04-13,2760,414535.00080931524,4568585.56839504,
2017-04-13,2761,414534.97710245126,4568603.591177637,
2017-04-13,2762,414535.95495300717,4568603.530455286,
2017-04-13,2763,414538.1709726948,4568581.114112392,
2017-04-13,2764,414540.8871607892,4568549.667036282,
2017-04-13,2765,414543.3645943246,4568522.530765685,
2017-04-13,2766,414544.864350335,4568513.04683934,
2017-04-13,2767,414544.9920897511,4568528.335201019,
2017-04-13,2768,414544.99977267534,4568545.791228906,
2017-04-13,2769,414544.9999386202,4568563.382978748,
2017-04-13,2770,414544.99784933025,4568581.015447722,
2017-04-13,2771,414544.9784500252,4568598.960455689,
2017-04-13,2772,414545.5494207193,4568606.246105947,
2017-04-13,2773,414547.5124434683,4568588.397720224,
2017-04-13,2774,414550.1690882877,4568558.025720874,
2017-04-13,2775,414552.780432212,4568528.471646633,
2017-04-13,2776,414554.60755227506,4568513.077036235,
2017-04-13,2777,414555.0079958296,4568523.441619664,
2017-04-13,2778,414555.001634247,4568541.151226531,-39.998368670661606
2017-04-13,2779,414555.0000385086,4568558.774784242,
2017-04-13,2780,414554.99945263594,4568576.380108439,
2017-04-13,2781,414555.00407387415,4568593.891416246,
2017-04-13,2782,414555.2420776658,4568607.1889121635,
2017-04-13,2783,414556.901456356,4568594.822936867,
2017-04-13,2784,414559.4479107805,4568566.440467536,
2017-04-13,2785,414562.1425179735,4568535.3830429055,32.9910337021009
2017-04-13,2786,414564.2463549695,4568514.992201712,
2017-04-13,2787,414565.0301047473,4568518.436043663,
2017-04-13,2788,414565.00149070355,4568536.547427286,-29.99851569834587
2017-04-13,2789,414564.99993208144,4568554.170314845,
2017-04-13,2790,414565.00054269895,4568571.754035953,
2017-04-13,2791,414565.00685465016,4568589.23481728,
2017-04-13,2792,414565.0461835117,4568606.119465584,
2017-04-13,2793,414566.351271023,4568600.150353965,
2017-04-13,2794,414568.7368879329,4568574.671867911,
2017-04-13,2795,414571.46411127504,4568543.0255461475,22.634864182784586
2017-04-13,2796,414573.79401808395,4568518.552927416,
2017-04-13,2797,414574.98768539366,4568514.595550447,
2017-04-13,2798,414574.9950853959,4568532.056686598,
2017-04-13,2799,414574.99947298545,4568549.5722130155,
2017-04-13,2800,414575.000210906,4568567.153635616,
2017-04-13,2801,414574.9996983828,4568584.757635464,
2017-04-13,2802,414574.97215171554,4568602.8497471865,
2017-04-13,2803,414575.8751471341,4568604.140563161,
2017-04-13,2804,414578.0492794091,4568582.480513634,
2017-04-13,2805,414580.7584717805,4568551.159747998,
2017-04-13,2806,414583.26380128245,4568523.519804984,
2017-04-13,2807,414584.82634494914,4568512.902223328,
2017-04-13,2808,414584.9929128222,4568527.489522272,
2017-04-13,2809,414585.0000147316,4568544.956040602,9.999985838542681
2017-04-13,2810,414584.99993687234,4568562.552192424,
2017-04-13,2811,414584.99796032306,4568580.182625819,
2017-04-13,2812,414584.98347163067,4568598.038970778,
2017-04-13,2813,414585.4863443549,4568606.554156113,
2017-04-13,2814,414587.3983448754,4568589.626996373,
2017-04-13,2815,414590.03885915614,4568559.546240115,
2017-04-13,2816,414592.6689642311,4568529.653426073,
2017-04-13,2817,414594.5497371345,4568513.2900929805,
2017-04-13,2818,414595.0133429924,4568522.514256696,
2017-04-13,2819,414595.001915896,4568540.315323362,0.00191589609836041
2017-04-13,2820,414595.00005714153,4568557.943629935,
2017-04-13,2821,414594.999803493,4568575.542955693,
2017-04-13,2822,414595.0062246667,4568593.021764968,
2017-04-13,2823,414595.19812234933,4568607.151724447,
2017-04-13,2824,414596.79734399525,4568595.871907749,
2017-04-13,2825,414599.3185330651,4568567.945614127,
2017-04-13,2826,414602.0227665932,4568536.714382314,7.050934046055215
2017-04-13,2827,414604.1711216136,4568515.519751043,
2017-04-13,2828,414605.02943343355,4568517.617346605,
2017-04-13,2829,414605.0008270068,4568535.728592695,10.000831763702369
2017-04-13,2830,414604.99984566856,4568553.341057178,
2017-04-13,2831,414605.00054459716,4568570.923183794,
2017-04-13,2832,414605.0057051006,4568588.424754957,
2017-04-13,2833,414605.02374078246,4568605.693859813,
2017-04-13,2834,414606.2595364339,4568600.975839413,
2017-04-13,2835,414608.6107531734,4568576.1184616815,
2017-04-13,2836,414611.33846803487,4568544.463265354,-16.40050191122646
2017-04-13,2837,414613.70375805243,4568519.351789162,
2017-04-13,2838,414614.9677002604,4568514.125571842,
2017-04-13,2839,414614.99380001053,4568531.2490768405,
2017-04-13,2840,414614.99945107143,4568548.7417907985,
2017-04-13,2841,414615.000117841,4568566.324498055,
2017-04-13,2842,414614.9988739033,4568583.941703871,
2017-04-13,2843,414614.9700144616,4568602.057518247,
2017-04-13,2844,414615.7981818569,4568604.69938301,
2017-04-13,2845,414617.9287791458,4568583.825374426,
2017-04-13,2846,414620.62932822044,4568552.660666838,
2017-04-13,2847,414623.1609061152,4568524.546798981,
2017-04-13,2848,414624.7845898642,4568512.825309588,31.333446620511083
2017-04-13,2849,414624.994531741,4568526.629474181,
2017-04-13,2850,414625.00033235154,4568544.119487967,0.00033235156972885745
2017-04-13,2851,414624.9999492625,4568561.721150827,
2017-04-13,2852,414624.998187815,4568579.347700482,
2017-04-13,2853,414624.9888303803,4568597.1113986075,
2017-04-13,2854,414625.4265399283,4568606.80313018,
2017-04-13,2855,414627.2858706468,4568590.826943996,
2017-04-13,2856,414629.90860681486,4568561.067178402,
2017-04-13,2857,414632.5558254669,4568530.865372134,44.697592497273696
2017-04-13,2858,414634.488603637,4568513.563063927,
2017-04-13,2859,414635.01861950115,4568521.58816942,
2017-04-13,2860,414635.0021002774,4568539.481176402,10.002100390000816
2017-04-13,2861,414635.00006438314,4568557.112681295,
2017-04-13,2862,414635.00009244226,4568574.706920716,
2017-04-13,2863,414635.00750818144,4568592.167772731,
2017-04-13,2864,414635.15787031356,4568607.04767257,
2017-04-13,2865,414636.69528734195,4568596.88376205,
2017-04-13,2866,414639.18956348376,4568569.443391712,
2017-04-13,2867,414641.90177577315,4568538.068100291,16.96874752971757
2017-04-13,2868,414644.09300124424,4568516.099426519,
2017-04-13,2869,414645.02621512796,4568516.844636467,
2017-04-13,2870,414644.9998873672,4568534.914740365,
2017-04-13,2871,414644.99974996404,4568552.511967275,
2017-04-13,2872,414645.0005084429,4568570.093018686,
2017-04-13,2873,414645.0043520335,4568587.61836722,
2017-04-13,2874,414645.00543267705,4568605.193601819,
2017-04-13,2875,414646.170288895,4568601.756420212,
2017-04-13,2876,414648.4854578904,4568577.549898382,
2017-04-13,2877,414651.2120166972,4568545.915575064,26.310849408388677
2017-04-13,2878,414653.6110423499,4568520.19498899,
2017-04-13,2879,414654.94361188245,4568513.729678897,
2017-04-13,2880,414654.9927664295,4568530.436920658,
2017-04-13,2881,414654.99947092426,4568547.910614466,
2017-04-13,2882,414655.0000377823,4568565.495125664,
2017-04-13,2883,414654.99831239623,4568583.121024212,
2017-04-13,2884,414654.97024405195,4568601.222555016,
2017-04-13,2885,414655.7241349724,4568605.205510145,
2017-04-13,2886,414657.80954970146,4568585.147290081,
2017-04-13,2887,414660.4998079059,4568554.168388119,
2017-04-13,2888,414663.05598661967,4568525.610342996,
2017-04-13,2889,414664.73916287743,4568512.814693444,24.486216998263593
2017-04-13,2890,414664.9970662248,4568525.752895215,
2017-04-13,2891,414665.0006991767,4568543.2820469085,40.00070330715317
2017-04-13,2892,414664.99997118657,4568560.8899370935,
2017-04-13,2893,414664.998499574,4568578.511253661,
2017-04-13,2894,414664.99407963676,4568596.185803377,
2017-04-13,2895,414665.37008523755,4568606.991623478,
2017-04-13,2896,414667.1750985804,4568591.996158434,
2017-04-13,2897,414669.77840906254,4568562.587131086,
2017-04-13,2898,414672.44109371817,4568532.106080171,31.567555054288604
2017-04-13,2899,414674.4242295811,4568513.894544419,
2017-04-13,2900,414675.0233787182,4568520.671422035,
2017-04-13,2901,414675.00215515937,4568538.6493676035,
2017-04-13,2902,414675.0000556296,4568556.282021462,
2017-04-13,2903,414675.0003033797,4568573.872294271,
2017-04-13,2904,414675.0080441352,4568591.327277992,
2017-04-13,2905,414675.1213993564,4568606.87535186,
2017-04-13,2906,414676.59536419326,4568597.857095094,
2017-04-13,2907,414679.0610798332,4568570.932395618,
2017-04-13,2908,414681.7796233103,4568539.442792165,
2017-04-13,2909,414684.01207165874,4568516.729823471,
2017-04-13,2910,414685.02000319323,4568516.125977453,
2017-04-13,2911,414684.9986736401,4568534.105836788,
2017-04-13,2912,414684.9996541768,4568551.682878863,
2017-04-13,2913,414685.000443445,4568569.2633743575,
2017-04-13,2914,414685.00291516597,4568586.813492526,
2017-04-13,2915,414684.99131311005,4568604.61771816,
2017-04-13,2916,414686.08360620425,4568602.490691703,
2017-04-13,2917,414688.36107988196,4568578.964773351,
2017-04-13,2918,414691.08483506064,4568547.3810706185,
2017-04-13,2919,414693.51594877464,4568521.081122237,
2017-04-13,2920,414694.91549805796,4568513.406466942,
2017-04-13,2921,414694.99210437003,4568529.618056507,
2017-04-13,2922,414694.9995417528,4568547.078517741,
2017-04-13,2923,414694.9999797872,4568564.665354899,
2017-04-13,2924,414694.99798163,4568582.296178443,
2017-04-13,2925,414694.9723938498,4568600.35292171,
2017-04-13,2926,414695.65308427834,4568605.657539899,
2017-04-13,2927,414697.69166887394,4568586.444855928,
2017-04-13,2928,414700.3699886342,4568555.681507168,
2017-04-13,2929,414702.9491205937,4568526.709032356,
2017-04-13,2930,414704.6901417867,4568512.8689702265,43.614767651113155
2017-04-13,2931,414705.0006356218,4568524.857630496,
2017-04-13,2932,414705.0010829758,4568542.44429938,
2017-04-13,2933,414704.99999803986,4568560.058634359,
2017-04-13,2934,414704.9988633692,4568577.673867311,
2017-04-13,2935,414704.9987727625,4568595.270249295,
2017-04-13,2936,414705.3170580806,4568607.118231337,
2017-04-13,2937,414707.06610647426,4568593.133235008,
2017-04-13,2938,414709.64834369667,4568564.104693481,
2017-04-13,2939,414712.3248467819,4568533.374145492,17.882176858070107
2017-04-13,2940,414714.3566927641,4568514.283129776,
2017-04-13,2941,414715.02717400633,4568519.772078753,
2017-04-13,2942,414715.00204831036,4568537.820478916,
2017-04-13,2943,414715.00002627575,4568555.451733568,
2017-04-13,2944,414715.0004436244,4568573.038944217,
2017-04-13,2945,414715.0079522453,4568590.4981192155,
2017-04-13,2946,414715.0887872757,4568606.633357651,
2017-04-13,2947,414716.49765234767,4568598.790502217,
2017-04-13,2948,414718.9331599119,4568572.411221176,
2017-04-13,2949,414721.6563870029,4568540.837053269,
2017-04-13,2950,414723.9284106549,4568517.409537228,
2017-04-13,2951,414725.0103509923,4568515.469433774,
2017-04-13,2952,414724.99728739145,4568533.300048163,
2017-04-13,2953,414724.99956751615,4568550.85362567,
2017-04-13,2954,414725.00035881286,4568568.434084538,
2017-04-13,2955,414725.00151421555,4568586.007969341,
2017-04-13,2956,414724.9811396678,4568603.970585693,
2017-04-13,2957,414725.99956615904,4568603.1772492025,
2017-04-13,2958,414728.23769694543,4568580.361681907,
2017-04-13,2959,414730.9570009223,4568548.858347336,
2017-04-13,2960,414733.4185551239,4568522.008784223,
2017-04-13,2961,414734.8834365845,4568513.154531306,
2017-04-13,2962,414734.99193354946,4568528.790322856,
2017-04-13,2963,414734.9996727662,4568546.245334356,
2017-04-13,2964,414734.9999471571,4568563.8351261625,
2017-04-13,2965,414734.9978493725,4568581.467748513,
2017-04-13,2966,414734.97601721727,4568599.456682525,
2017-04-13,2967,414735.58510757296,4568606.05406761,
2017-04-13,2968,414737.5752144616,4568587.716667312,
2017-04-13,2969,414740.23994820466,4568557.198619334,
2017-04-13,2970,414742.8403858363,4568527.841462408,
2017-04-13,2971,414744.6376043905,4568512.986735271,
2017-04-13,2972,414745.0052143519,4568523.9441418685,
2017-04-13,2973,414745.0014515175,4568541.606827336,
2017-04-13,2974,414745.000025218,4568559.227325764,
2017-04-13,2975,414744.9992469688,4568576.836123389,
2017-04-13,2976,414745.0024956904,4568594.37221251,
2017-04-13,2977,414745.2675362549,4568607.181549085,
2017-04-13,2978,414746.9589721256,4568594.236769045,
2017-04-13,2979,414749.5184885147,4568565.618460916,
2017-04-13,2980,414752.2071624561,4568534.668163433,3.677477099809885
2017-04-13,2981,414754.2860709841,4568514.727415328,
2017-04-13,2982,414755.0295587291,4568518.898203785,
2017-04-13,2983,414755.00174749887,4568536.995092296,
2017-04-13,2984,414754.99997193547,4568554.621896817,
2017-04-13,2985,414755.00052238494,4568572.206704278,
2017-04-13,2986,414755.007352229,4568589.678134855,
2017-04-13,2987,414755.0601118695,4568606.320285268,
2017-04-13,2988,414756.40222960257,4568599.682578741,
2017-04-13,2989,414758.80588151765,4568573.878463715,
2017-04-13,2990,414761.5321446491,4568542.24947893,
2017-04-13,2991,414763.84209603106,4568518.1371631175,
2017-04-13,2992,414764.9968126976,4568514.883055014,
2017-04-13,2993,414764.99584833754,4568532.49521294,
2017-04-13,2994,414764.99949919083,4568550.024041425,
2017-04-13,2995,414765.00026375527,4568567.604982957,
2017-04-13,2996,414765.00026889925,4568585.199636122,
2017-04-13,2997,414764.9744694958,4568603.260200328,
2017-04-13,2998,414765.91824655706,4568603.814688043,
2017-04-13,2999,414768.11538687843,4568581.739219378,
2017-04-13,3000,414770.82859208004,4568550.3460005475,
2017-04-13,3001,414773.31893919583,4568522.976570283,
2017-04-13,3002,414774.84750526026,4568512.97246732,
2017-04-13,3003,414774.99237368477,4568527.951558157,
2017-04-13,3004,414774.9998731736,4568545.410898036,
2017-04-13,3005,414774.99993577634,4568563.004513758,
2017-04-13,3006,414774.9978833926,4568580.636316378,
2017-04-13,3007,414774.9806675176,4568598.541901674,
2017-04-13,3008,414775.52028265427,4568606.3936886,
2017-04-13,3009,414777.46026426204,4568588.961319553,
2017-04-13,3010,414780.1097644138,4568558.718319932,
2017-04-13,3011,414782.7298601435,4568529.006228469,
2017-04-13,3012,414784.5816284857,4568513.166583903,
2017-04-13,3013,414785.01041221706,4568523.019474529,
2017-04-13,3014,414785.0017725696,4568540.770212728,
2017-04-13,3015,414785.00004811684,4568558.396094433,
2017-04-13,3016,414784.9996181428,4568575.998603819,
2017-04-13,3017,414785.0051689411,4568593.493128022,
2017-04-13,3018,414785.2215966797,4568607.180186483,
2017-04-13,3019,414786.85376660136,4568595.30546639,
2017-04-13,3020,414789.38890749053,4568567.127255679,
2017-04-13,3021,414792.08810112585,4568535.987015189,-11.014415722241626
2017-04-13,3022,414794.21242928645,4568515.226205761,
2017-04-13,3023,414795.0300904281,4568518.0577927185,
2017-04-13,3024,414795.0012343268,4568536.173562595,
2017-04-13,3025,414794.9997611489,4568553.794666381,
2017-04-13,3026,414794.9972968312,4568571.428797335,
2017-04-13,3027,414794.9706022102,4568589.452266075,
2017-04-13,3028,414795.7141776624,4568595.1034904905,
2017-04-13,3029,414798.0927057706,4568574.493698848,
2017-04-13,3030,414801.12137805927,4568543.441135465,
2017-04-13,3031,414803.7735043078,4568518.43675551,
2017-04-13,3032,414805.0228471838,4568515.964239765,
2017-04-13,3033,414804.99804001575,4568533.95744482,
2017-04-13,3034,414804.99930843955,4568551.531817116,
2017-04-13,3035,414804.99777775956,4568569.151149334,
2017-04-13,3036,414804.9877713938,4568586.9066202,
2017-04-13,3037,414805.5077384854,4568596.149520789,
2017-04-13,3038,414807.72762449906,4568578.087885503,
2017-04-13,3039,414810.73010444717,4568547.456024732,
2017-04-13,3040,414813.4884890339,4568520.7448865725,
2017-04-13,3041,414814.9760889634,4568514.44541912,
2017-04-13,3042,414814.993278863,4568531.764056564,
2017-04-13,3043,414814.99912960985,4568549.264826403,
2017-04-13,3044,414814.9990052725,4568566.861569578,
2017-04-13,3045,414815.0029793995,4568584.39248217,
2017-04-13,3046,414815.33140964556,4568596.711896941,
2017-04-13,3047,414817.3755655765,4568581.4728835365,
2017-04-13,3048,414820.33476658183,4568551.536180297,
2017-04-13,3049,414823.1823233658,4568523.39273532,
2017-04-13,3050,414824.89154663275,4568513.533496702,
2017-04-13,3051,414824.99016293575,4568529.54424227,
2017-04-13,3052,414824.999352693,4568546.991380061,
2017-04-13,3053,414825.00017985003,4568564.572840089,
2017-04-13,3054,414825.009462584,4568582.018484467,
2017-04-13,3055,414825.18739721883,4568596.755198537,
2017-04-13,3056,414827.03873580956,4568584.6132669505,
2017-04-13,3057,414829.9375706147,4568555.646181181,
2017-04-13,3058,414832.85721233836,4568526.344889322,
2017-04-13,3059,414834.77097168483,4568513.200339472,23.504561033577104
2017-04-13,3060,414834.9917071928,4568527.249574891,
2017-04-13,3061,414835.00013604376,4568544.708934557,
2017-04-13,3062,414835.0007703032,4568562.293492956,
2017-04-13,3063,414835.00921787304,4568579.752551952,
2017-04-13,3064,414835.077905598,4568596.244018047,
2017-04-13,3065,414836.71933959075,4568587.473628218,
2017-04-13,3066,414839.5407209379,4568559.750619854,
2017-04-13,3067,414842.5153603437,4568529.565941051,
2017-04-13,3068,414844.61656851234,4568513.410539903,
2017-04-13,3069,414845.00092585647,4568524.831639215,
2017-04-13,3070,414845.00141202076,4568542.41857636,
2017-04-13,3071,414845.0008500165,4568560.022349459,
2017-04-13,3072,414845.00526022504,4568577.546257595,
2017-04-13,3073,414845.0051391766,4568595.142947942,
2017-04-13,3074,414846.4195813137,4568590.0185597995,
2017-04-13,3075,414849.14642194536,4568563.814088775,
2017-04-13,3076,414852.15897177573,4568533.020482962,19.515456962943173
2017-04-13,3077,414854.4305415087,4568514.128690455,
2017-04-13,3078,414855.0179396182,4568522.2884966675,
2017-04-13,3079,414855.00249269424,4568540.131355183,-49.99750978563093
2017-04-13,3080,414855.0005776718,4568557.756860803,
2017-04-13,3081,414855.0006045977,4568575.351174353,
2017-04-13,3082,414854.9696620556,4568593.442927482,
2017-04-13,3083,414856.1416653713,4568592.212654178,
2017-04-13,3084,414858.75687802973,4568567.801180431,
2017-04-13,3085,414861.79025102686,4568536.673107543,16.80714978546975
2017-04-13,3086,414864.2150950669,4568515.319383614,
2017-04-13,3087,414865.0334113429,4568519.770122713,
2017-04-13,3088,414865.0025846538,4568537.860014981,-39.99741708877846
2017-04-13,3089,414865.00011195167,4568555.4944782015,
2017-04-13,3090,414864.99788838526,4568573.124939736,
2017-04-13,3091,414864.96318413253,4568591.277114427,
2017-04-13,3092,414865.88779615675,4568594.020503816,
2017-04-13,3093,414868.3742935845,4568571.67648728,
2017-04-13,3094,414871.41140249075,4568540.488407256,33.75158888336128
2017-04-13,3095,414873.9724335801,4568516.947211839,
2017-04-13,3096,414875.0360746081,4568517.45748154,
2017-04-13,3097,414875.0008944896,4568535.617299706,-29.999130064580374
2017-04-13,3098,414874.99961153744,4568553.232652858,
2017-04-13,3099,414874.9972986834,4568570.8645485565,
2017-04-13,3100,414874.97444118623,4568588.826437611,
2017-04-13,3101,414875.6601780628,4568595.406701185,
2017-04-13,3102,414878.00087300193,4568575.4046017965,
2017-04-13,3103,414881.0246305599,4568544.430974573,
2017-04-13,3104,414883.7047614408,4568518.976767605,
2017-04-13,3105,414885.014662991,4568515.531537327,
2017-04-13,3106,414884.9968674005,4568533.412120732,
2017-04-13,3107,414884.9992351115,4568550.968835984,
2017-04-13,3108,414884.9980446331,4568568.582703795,
2017-04-13,3109,414884.99216679344,4568586.271861212,
2017-04-13,3110,414885.4610154826,4568596.335838759,
2017-04-13,3111,414887.63882067584,4568578.950116457,
2017-04-13,3112,414890.63213962776,4568548.465401968,
2017-04-13,3113,414893.41428304254,4568521.372643383,
2017-04-13,3114,414894.95856162487,4568514.162788805,
2017-04-13,3115,414894.9922336054,4568531.216686817,
2017-04-13,3116,414894.999141356,4568548.70047879,
2017-04-13,3117,414894.9993328241,4568566.292149413,
2017-04-13,3118,414895.0053834082,4568583.789709419,
2017-04-13,3119,414895.29251280945,4568596.772509004,
2017-04-13,3120,414897.2903409991,4568582.277623724,
2017-04-13,3121,414900.2361340874,4568552.556281907,
2017-04-13,3122,414903.10320277873,4568524.099431646,
2017-04-13,3123,414904.86485777725,4568513.398021037,
2017-04-13,3124,414904.98999438406,4568528.982790646,
2017-04-13,3125,414904.99948895234,4568546.425032479,
2017-04-13,3126,414905.0003829499,4568564.005418906,
2017-04-13,3127,414905.0099128692,4568581.447092924,
2017-04-13,3128,414905.1568744361,4568596.681304397,
2017-04-13,3129,414906.9576383645,4568585.351716072,
2017-04-13,3130,414909.8388183316,4568556.66820686,
2017-04-13,3131,414912.7737250416,4568527.121724855,
2017-04-13,3132,414914.7356691989,4568513.203218156,36.07796800993715
2017-04-13,3133,414914.9931646942,4568526.662005184,
2017-04-13,3134,414915.00042816094,4568544.14008355,10.000429611668006
2017-04-13,3135,414915.00083164347,4568561.728348747,
2017-04-13,3136,414915.00846378214,4568579.200505411,
2017-04-13,3137,414915.0563047556,4568596.026817403,
2017-04-13,3138,414916.6429171652,4568588.136985972,
2017-04-13,3139,414919.4423967535,4568560.765769303,
2017-04-13,3140,414922.42805422464,4568530.404115491,
2017-04-13,3141,414924.57320028316,4568513.542972634,
2017-04-13,3142,414925.0046842704,4568524.207111658,
2017-04-13,3143,414925.00172968913,4568541.849314947,20.001732610352597
2017-04-13,3144,414925.00080903666,4568559.458848741,
2017-04-13,3145,414925.004051105,4568577.001519846,
2017-04-13,3146,414924.9930007046,4568594.773760267,
2017-04-13,3147,414926.3483817942,4568590.598025889,
2017-04-13,3148,414929.04907374585,4568564.813561699,
2017-04-13,3149,414932.06839472055,4568533.911196018,
2017-04-13,3150,414934.37965542264,4568514.38187694,
2017-04-13,3151,414935.0223668813,4568521.653225885,
2017-04-13,3152,414935.00263871666,4568539.564850786,30.00263929813333
2017-04-13,3153,414935.0004738116,4568557.194370093,
2017-04-13,3154,414934.99968934024,4568574.801716512,
2017-04-13,3155,414934.96578159346,4568592.941097521,
2017-04-13,3156,414936.0762366447,4568592.699428302,
2017-04-13,3157,414938.6610537024,4568568.776176528,
2017-04-13,3158,414941.696950923,4568537.607558912,
2017-04-13,3159,414944.157239011,4568515.68452355,
2017-04-13,3160,414945.03570726275,4568519.169086113,
2017-04-13,3161,414945.00236183405,4568537.299435023,40.00236691000926
2017-04-13,3162,414944.99998464965,4568554.93236401,
2017-04-13,3163,414944.99757383286,4568572.565833213,
2017-04-13,3164,414944.9647636892,4568590.687584237,
2017-04-13,3165,414945.8286861099,4568594.40578568,
2017-04-13,3166,414948.28054101585,4568572.618206258,
2017-04-13,3167,414951.31592722493,4568541.457796644,36.18988948394043
2017-04-13,3168,414953.9081554412,4568517.415504933,
2017-04-13,3169,414955.0334389926,4568516.935656532,
2017-04-13,3170,414955.0001056311,4568535.0658116145,
2017-04-13,3171,414954.99950023374,4568552.670281706,
2017-04-13,3172,414954.9973901904,4568570.298919802,
2017-04-13,3173,414954.9786805695,4568588.1941846,
2017-04-13,3174,414955.60793458245,4568595.681690485,
2017-04-13,3175,414957.909740079,4568576.3042433495,
2017-04-13,3176,414960.9275280189,4568545.426501673,-4.3975787830148985
2017-04-13,3177,414963.6346091059,4568519.539413549,
2017-04-13,3178,414965.00429564784,4568515.13390132,
2017-04-13,3179,414964.99565646064,4568532.867412214,
2017-04-13,3180,414964.99917924503,4568550.405574382,
2017-04-13,3181,414964.9983450029,4568568.013720235,
2017-04-13,3182,414964.9962658112,4568585.641862789,
2017-04-13,3183,414965.41618645575,4568596.4917351995,
2017-04-13,3184,414967.55085528543,4568579.798880289,
2017-04-13,3185,414970.53395769827,4568549.478266484,-46.44058996181423
2017-04-13,3186,414973.3388043983,4568522.0208418835,
2017-04-13,3187,414974.93870608986,4568513.917554583,
2017-04-13,3188,414974.99133626954,4568530.666941115,
2017-04-13,3189,414974.99918036605,4568548.135693257,
2017-04-13,3190,414974.99964486016,4568565.722978467,
2017-04-13,3191,414975.0072318547,4568583.195860251,
2017-04-13,3192,414975.2556461227,4568596.800512285,
2017-04-13,3193,414977.2060910276,4568583.066709532,
2017-04-13,3194,414980.1374206557,4568553.577683538,
2017-04-13,3195,414983.02294571116,4568524.824382398,
2017-04-13,3196,414984.83597689844,4568513.2977542095,
2017-04-13,3197,414984.99015999906,4568528.415971551,
2017-04-13,3198,414984.99966227845,4568545.85808953,
2017-04-13,3199,414985.0005471329,4568563.438622805,
2017-04-13,3200,414985.00999383745,4568580.881633448,
2017-04-13,3201,414985.1285179764,4568596.572614217,
2017-04-13,3202,414986.8776516993,4568586.07232356,
2017-04-13,3203,414989.7401212853,4568557.68934531,
2017-04-13,3204,414992.6892374385,4568527.914627567,
2017-04-13,3205,414994.6983108634,4568513.239118423,
2017-04-13,3206,414994.9951426073,4568526.066076487,
2017-04-13,3207,414995.00074504386,4568543.570834749,
2017-04-13,3208,414995.0008638698,4568561.163672173,
2017-04-13,3209,414995.0075266191,4568578.651399419,
2017-04-13,3210,414995.0370064096,4568595.772633465,
2017-04-13,3211,414996.5677416927,4568588.780314841,
2017-04-13,3212,414999.3442639789,4568561.777844274,
2017-04-13,3213,415002.3398839723,4568531.256169862,
2017-04-13,3214,415004.5279123775,4568513.706239698,
2017-04-13,3215,415005.0088704174,4568523.5757137425,
2017-04-13,3216,415005.0020231109,4568541.280442983,
2017-04-13,3217,415005.0007487454,4568558.895658212,
2017-04-13,3218,415005.00284515833,4568576.456731128,
2017-04-13,3219,415004.9831745454,4568594.367431622,
2017-04-13,3220,415006.2785654015,4568591.155275841,
2017-04-13,3221,415008.9520531303,4568565.807772893,
2017-04-13,3222,415011.9770897065,4568534.813601752,
2017-04-13,3223,415014.3269858343,4568514.663710508,
2017-04-13,3224,415015.0265259086,4568521.02226357,
2017-04-13,3225,415015.0027114811,4568538.999523079,
2017-04-13,3226,415015.00036044174,4568556.632032121,
2017-04-13,3227,415014.99893988215,4568574.2495955555,
2017-04-13,3228,415014.96351967676,4568592.413270067,
2017-04-13,3229,415016.01232721854,4568593.161799036,
2017-04-13,3230,415018.5656931322,4568569.743723642,
2017-04-13,3231,415021.6030590333,4568538.551515701,
2017-04-13,3232,415024.09773562604,4568516.076123311,
2017-04-13,3233,415025.03703897836,4568518.583536808,
2017-04-13,3234,415025.00201674446,4568536.740819,
2017-04-13,3235,415024.9998576411,4568554.370245112,
2017-04-13,3236,415024.9973786189,4568572.004809844,
2017-04-13,3237,415024.96726582275,4568590.083235379,
2017-04-13,3238,415025.77123153704,4568594.764476894,
2017-04-13,3239,415028.1873883783,4568573.550288993,
2017-04-13,3240,415031.2199963469,4568542.434504194,26.27975798086896
2017-04-13,3241,415033.84236614686,4568517.908070593,
2017-04-13,3242,415035.0291432042,4568516.440497647,
2017-04-13,3243,415034.9991521393,4568534.516967901,
2017-04-13,3244,415034.99939902534,4568552.107748396,
2017-04-13,3245,415034.9975520241,4568569.732161444,
2017-04-13,3246,415034.98314656096,4568587.558291748,
2017-04-13,3247,415035.5574827497,4568595.927901886,
2017-04-13,3248,415037.81934326043,4568577.192061406,
2017-04-13,3249,415040.8301060386,4568546.427159682,-14.740719770787033
2017-04-13,3250,415043.56308178854,4568520.124144808,
2017-04-13,3251,415044.99158121436,4568514.773964883,
2017-04-13,3252,415044.99445348734,4568532.322575737,
2017-04-13,3253,415044.9991432764,4568549.841993178,
2017-04-13,3254,415044.99866668734,4568567.444394309,
2017-04-13,3255,415044.99989546865,4568585.019403355,
2017-04-13,3256,415045.37328524963,4568596.616666482,
2017-04-13,3257,415047.4637621726,4568580.633633366,
2017-04-13,3258,415050.4355925031,4568550.494074655,
2017-04-13,3259,415053.2620869452,4568522.6889384445,
2017-04-13,3260,415054.91655620304,4568513.709172829,
2017-04-13,3261,415054.99063314515,4568530.114075935,
2017-04-13,3262,415054.99924907635,4568547.57043067,
2017-04-13,3263,415054.9999291992,4568565.1542524,
2017-04-13,3264,415055.008571029,4568582.610191146,
2017-04-13,3265,415055.22084343026,4568596.795363155,
2017-04-13,3266,415057.12284950784,4568583.839597338,
2017-04-13,3267,415060.03866013273,4568554.599841576,
2017-04-13,3268,415062.9415860094,4568525.567043964,
2017-04-13,3269,415064.8049378418,4568513.232152597,
2017-04-13,3270,415064.9907060708,4568527.843041461,
2017-04-13,3271,415064.99987510714,4568545.2905120775,
2017-04-13,3272,415065.0006748363,4568562.872412658,
2017-04-13,3273,415065.0097517785,4568580.321362516,
2017-04-13,3274,415065.10236168443,4568596.428584374,
2017-04-13,3275,415066.7988096587,4568586.774545789,
2017-04-13,3276,415069.64151332073,4568558.709052911,
2017-04-13,3277,415072.6037833743,4568528.7230538335,
2017-04-13,3278,415074.65893052355,4568513.307496652,
2017-04-13,3279,415074.99768722244,4568525.461045278,
2017-04-13,3280,415075.00107451074,4568543.001383821,
2017-04-13,3281,415075.0008694185,4568560.599424106,
2017-04-13,3282,415075.00645267445,4568578.104490453,
2017-04-13,3283,415075.0200444051,4568595.480922609,
2017-04-13,3284,415076.49384701863,4568589.403071198,
2017-04-13,3285,415079.24635645957,4568562.78630114,
2017-04-13,3286,415082.25088343234,4568532.121560531,
2017-04-13,3287,415084.4807386411,4568513.899797469,
2017-04-13,3288,415085.0133113191,4568522.9402238885,
2017-04-13,3289,415085.0022801053,4568540.712156132,
2017-04-13,3290,415085.0006715788,4568558.332738738,
2017-04-13,3291,415085.00168867485,4568575.91114792,
2017-04-13,3292,415084.9754899221,4568593.926705078,
2017-04-13,3293,415086.21016598074,4568591.689766024,
2017-04-13,3294,415088.8553939433,4568566.796178723,
2017-04-13,3295,415091.8850905779,4568535.727156522,
2017-04-13,3296,415094.27256658825,4568514.973647519,
2017-04-13,3297,415095.0302437222,4568520.398388144,
2017-04-13,3298,415095.0026988062,4568538.435567728,
2017-04-13,3299,415095.0002399992,4568556.069807755,
2017-04-13,3300,415094.99834659183,4568573.694966185,
2017-04-13,3301,415094.96270330646,4568591.862223697,
2017-04-13,3302,415095.94997144135,4568593.599218891,
2017-04-13,3303,415098.47083177604,4568570.7032658,
2017-04-13,3304,415101.5086115877,4568539.504416024,
2017-04-13,3305,415104.0366206557,4568516.4936247375,
2017-04-13,3306,415105.0372328559,4568518.01625824,
2017-04-13,3307,415105.00153499766,4568536.184379452,
2017-04-13,3308,415104.99975418294,4568553.807922992,
2017-04-13,3309,415104.99780266406,4568571.43814527,
2017-04-13,3310,415104.9761666179,4568589.423603959,
2017-04-13,3311,415105.58269297925,4568596.067309894,
2017-04-13,3312,415107.57100259175,4568577.762370194,
2017-04-13,3313,415110.23520570877,4568547.253898383,-26.40133080613279
2017-04-13,3314,415112.83638410905,4568517.883355297,
2017-04-13,3315,415114.63561957167,4568502.99220178,
2017-04-13,3316,415115.00539616495,4568513.910486627,
2017-04-13,3317,415115.0014642807,4568531.576224378,
2017-04-13,3318,415115.0000261578,4568549.196936291,
2017-04-13,3319,415114.99926095275,4568566.805498401,
2017-04-13,3320,415115.00261121884,4568584.339754098,
2017-04-13,3321,415115.26579328405,4568597.182646596,
2017-04-13,3322,415116.9550917772,4568584.276457732,
2017-04-13,3323,415119.51374633634,4568555.6737102745,
2017-04-13,3324,415122.2028339955,4568524.715942955,
2017-04-13,3325,415124.2834317891,4568504.744694509,
2017-04-13,3326,415125.0296134376,4568508.866843497,
2017-04-13,3327,415125.0017324124,4568526.964992184,
2017-04-13,3328,415124.999969461,4568544.591568993,
2017-04-13,3329,415125.0005242177,4568562.176298684,
2017-04-13,3330,415125.00732220645,4568579.648304423,
2017-04-13,3331,415125.05913916085,4568596.307475392,
2017-04-13,3332,415126.39878557145,4568589.714389537,
2017-04-13,3333,415128.801241712,4568563.931864684,
2017-04-13,3334,415131.52758461656,4568532.301439563,43.639473699971255
2017-04-13,3335,415133.8388913195,4568508.164652911,
2017-04-13,3336,415134.996238855,4568504.863043459,
2017-04-13,3337,415134.9957962691,4568522.46578056,
2017-04-13,3338,415134.99949715886,4568539.993705609,-40.000502929238614
2017-04-13,3339,415135.0002602013,4568557.574674629,
2017-04-13,3340,415135.00022786227,4568575.170004554,
2017-04-13,3341,415134.9742862834,4568593.233135796,
2017-04-13,3342,415135.91532627237,4568593.837042405,
2017-04-13,3343,415138.1109368745,4568571.789193412,
2017-04-13,3344,415140.8238879046,4568540.400563745,34.30288350820927
2017-04-13,3345,415143.3152563967,4568513.012692139,
2017-04-13,3346,415144.8461193851,4568502.967117326,
2017-04-13,3347,415144.99240289046,4568517.920658333,
2017-04-13,3348,415144.9998819334,4568535.380367377,-30.00011931621431
2017-04-13,3349,415144.9999357039,4568552.97414257,
2017-04-13,3350,415144.9978873722,4568570.605872023,
2017-04-13,3351,415144.9808512327,4568588.508212126,
2017-04-13,3352,415145.51797354413,4568596.4050079705,
2017-04-13,3353,415147.45609148795,4568579.0062880935,
2017-04-13,3354,415150.1050035234,4568548.773907136,-44.22491860529334
2017-04-13,3355,415152.7257866848,4568519.049403831,
2017-04-13,3356,415154.5795180063,4568503.174316917,
2017-04-13,3357,415155.0106082232,4568512.985563059,
2017-04-13,3358,415155.0017829923,4568530.739652045,
2017-04-13,3359,415155.00004881306,4568548.365709356,
2017-04-13,3360,415154.9996310603,4568565.967998086,
2017-04-13,3361,415155.00524829404,4568583.461322804,
2017-04-13,3362,415155.2199870514,4568597.178877879,
2017-04-13,3363,415156.849965217,4568585.343740375,
2017-04-13,3364,415159.3841911381,4568557.1820613835,
2017-04-13,3365,415162.08374184906,4568526.035379638,
2017-04-13,3366,415164.2096943839,4568505.245233873,
2017-04-13,3367,415165.0300646003,4568508.027879695,
2017-04-13,3368,415165.0011965273,4568526.143849913,
2017-04-13,3369,415164.9998912928,4568543.762162466,-10.000108761812488
2017-04-13,3370,415165.0005489668,4568561.345033945,
2017-04-13,3371,415165.0063218499,4568578.835548362,
2017-04-13,3372,415165.03462645947,4568595.919243773,
2017-04-13,3373,415166.305817727,4568590.562141898,
2017-04-13,3374,415168.6747104138,4568565.385618128,
2017-04-13,3375,415171.40238155425,4568533.731211197,14.573692746896985
2017-04-13,3376,415173.7499081823,4568508.940459841,
2017-04-13,3377,415174.97836733254,4568504.354902795,
2017-04-13,3378,415174.99442884244,4568521.659652086,
2017-04-13,3379,415174.9994575593,4568539.163602708,-0.0005424406847169294
2017-04-13,3380,415175.0001640571,4568556.74559266,
2017-04-13,3381,415174.9992577255,4568574.356702866,
2017-04-13,3382,415174.9707760248,4568592.465696981,
2017-04-13,3383,415175.83690868266,4568594.422084307,
2017-04-13,3384,415177.9898210153,4568573.145169013,
2017-04-13,3385,415180.69496546517,4568541.897490151,-5.716007643035138
2017-04-13,3386,415183.21341906674,4568514.02058646,
2017-04-13,3387,415184.8062588543,4568502.855996673,
2017-04-13,3388,415184.99360267894,4568517.06817781,
2017-04-13,3389,415185.00016287516,4568534.544476976,
2017-04-13,3390,415184.99994148937,4568552.143220222,
2017-04-13,3391,415184.9980597283,4568569.771942183,
2017-04-13,3392,415184.9860945803,4568587.582723579,
2017-04-13,3393,415185.45649774873,4568596.684159248,
2017-04-13,3394,415187.3427826071,4568580.221305687,
2017-04-13,3395,415189.974753247,4568550.294808156,
2017-04-13,3396,415192.6134867023,4568520.246205385,
2017-04-13,3397,415194.52006000705,4568503.417036109,
2017-04-13,3398,415195.01597642904,4568512.057820146,
2017-04-13,3399,415195.0020207985,4568529.904540472,
2017-04-13,3400,415195.00006241514,4568547.53464588,
2017-04-13,3401,415194.99995533045,4568565.1313253725,
2017-04-13,3402,415195.0069572931,4568582.599648285,
2017-04-13,3403,415195.17784459016,4568597.108958359,
2017-04-13,3404,415196.7468548546,4568586.374619788,
2017-04-13,3405,415199.2550045642,4568558.683756839,
2017-04-13,3406,415201.9633707531,4568527.377908245,
2017-04-13,3407,415204.13303045544,4568505.79861274,
2017-04-13,3408,415205.02819559496,4568507.230807423,
2017-04-13,3409,415205.00040103827,4568525.327394888,
2017-04-13,3410,415204.9997991562,4568542.933008143,29.999799357537036
2017-04-13,3411,415205.00053098676,4568560.514540699,
2017-04-13,3412,415205.0050571776,4568578.027564618,
2017-04-13,3413,415205.0142088722,4568595.457073291,
2017-04-13,3414,415206.2152974229,4568591.365702967,
2017-04-13,3415,415208.5489790824,4568566.824927856,
2017-04-13,3416,415211.2763308849,4568535.176286695,-2.032309683629535
2017-04-13,3417,415213.6584298647,4568509.761318213,
2017-04-13,3418,415214.9563530561,4568503.92156115,
2017-04-13,3419,415214.99325242225,4568520.850074922,
2017-04-13,3420,415214.9994550499,4568538.332830129,39.99945506049228
2017-04-13,3421,415215.00007624214,4568555.916360306,
2017-04-13,3422,415214.9985666965,4568573.538361775,
2017-04-13,3423,415214.9698594344,4568591.651428488,
2017-04-13,3424,415215.76136997575,4568594.9551468585,
2017-04-13,3425,415217.8699364653,4568574.478912844,
2017-04-13,3426,415220.56562676176,4568543.401932371,-45.733445253945106
2017-04-13,3427,415223.10951789934,4568515.065744173,
2017-04-13,3428,415224.76268691244,4568502.811886983,33.131499049491886
2017-04-13,3429,415224.9956572338,4568516.200264138,
2017-04-13,3430,415225.0005087397,4568533.707414376,
2017-04-13,3431,415224.9999591472,4568551.312083518,
2017-04-13,3432,415224.9983327203,4568568.936195318,
2017-04-13,3433,415224.99145525845,4568586.655116584,
2017-04-13,3434,415225.39833217947,4568596.903543112,
2017-04-13,3435,415227.2311363792,4568581.40630345,
2017-04-13,3436,415229.84451804945,4568551.815436919,
2017-04-13,3437,415232.4995542248,4568521.472482257,
2017-04-13,3438,415234.45732193923,4568503.718978198,
2017-04-13,3439,415235.0210541674,4568511.135321739,
2017-04-13,3440,415235.0021454744,4568529.071471515,
2017-04-13,3441,415235.0000623602,4568546.703828987,
2017-04-13,3442,415235.0002056685,4568564.295987538,
2017-04-13,3443,415235.0078579331,4568581.752568997,
2017-04-13,3444,415235.1394436983,4568596.971483368,
2017-04-13,3445,415236.64583848807,4568587.367691312,
2017-04-13,3446,415239.1262644123,4568560.177391982,
2017-04-13,3447,415241.8417985053,4568528.742124114,
2017-04-13,3448,415244.0535178014,4568506.403426442,
2017-04-13,3449,415245.02355978405,4568506.483690887,
2017-04-13,3450,415244.99931910826,4568524.516111663,
2017-04-13,3451,415244.99970226,4568542.103939752,
2017-04-13,3452,415245.0004794863,4568559.684652674,
2017-04-13,3453,415245.0036479072,4568577.222191658,
2017-04-13,3454,415244.99796395155,4568594.919563703,
2017-04-13,3455,415246.1273024568,4568592.123668078,
2017-04-13,3456,415248.4241255153,4568568.248389203,
2017-04-13,3457,415251.14951040637,4568536.635261383,-18.913520882316316
2017-04-13,3458,415253.5645341643,4568510.625823354,
2017-04-13,3459,415254.93027382356,4568503.561613853,
2017-04-13,3460,415254.9923867255,4568520.034887527,
2017-04-13,3461,415254.9994988398,4568537.501221603,
2017-04-13,3462,415255.00000596547,4568555.08681129,
2017-04-13,3463,415254.9981227767,4568572.715559029,
2017-04-13,3464,415254.9710898748,4568590.798394527,
2017-04-13,3465,415255.688787951,4568595.434825392,
2017-04-13,3466,415257.7513610237,4568575.789020232,
2017-04-13,3467,415260.435949593,4568544.912485719,
2017-04-13,3468,415263.0036306927,4568516.146760588,
2017-04-13,3469,415264.7154813573,4568502.833383575,47.787760555973584
2017-04-13,3470,415264.99868627306,4568515.314755783,
2017-04-13,3471,415265.0008879465,4568532.869749762,
2017-04-13,3472,415264.99998407264,4568550.480815594,
2017-04-13,3473,415264.99867411726,4568568.099213382,
2017-04-13,3474,415264.99648662994,4568585.733455352,
2017-04-13,3475,415265.3435546346,4568597.061754895,
2017-04-13,3476,415267.1212306015,4568582.559876701,
2017-04-13,3477,415269.71437572886,4568553.334388749,
2017-04-13,3478,415272.38406705065,4568522.726829771,
2017-04-13,3479,415274.3913816012,4568504.078738508,
2017-04-13,3480,415275.02539480093,4568510.226132048,
2017-04-13,3481,415275.0021247881,4568528.241027132,
2017-04-13,3482,415275.0000440437,4568545.873341813,
2017-04-13,3483,415275.0003806635,4568563.46201005,
2017-04-13,3484,415275.0080699312,4568580.917923401,
2017-04-13,3485,415275.1048621734,4568596.765048237,
2017-04-13,3486,415276.5469939148,4568588.321550267,
2017-04-13,3487,415278.9980484805,4568561.661562133,
2017-04-13,3488,415281.7191029043,4568530.126622568,
2017-04-13,3489,415283.9712342206,4568507.058270307,
2017-04-13,3490,415285.0157105307,4568505.794594292,
2017-04-13,3491,415284.9980055132,4568523.709011241,
2017-04-13,3492,415284.9996098137,4568541.274791023,
2017-04-13,3493,415285.00040367444,4568558.855203598,
2017-04-13,3494,415285.0022137554,4568576.417267933,
2017-04-13,3495,415284.9858403732,4568594.307641692,
2017-04-13,3496,415286.0419106272,4568592.834632562,
2017-04-13,3497,415288.300227511,4568569.654597502,
2017-04-13,3498,415291.0219979169,4568538.1067306055,-36.035916116099216
2017-04-13,3499,415293.46829887945,4568511.532570606,
2017-04-13,3500,415294.9002074325,4568503.273656236,
2017-04-13,3501,415294.9919514694,4568519.211928356,
2017-04-13,3502,415294.99959813757,4568536.668610855,
2017-04-13,3503,415294.9999607836,4568554.256809183,
2017-04-13,3504,415294.99789373495,4568571.888876582,
2017-04-13,3505,415294.9740207089,4568589.9146593,
2017-04-13,3506,415295.61924040486,4568595.859715235,
2017-04-13,3507,415297.63417248725,4568577.074086506,
2017-04-13,3508,415300.30601175566,4568546.427745532,
2017-04-13,3509,415302.895835244,4568517.262231046,
2017-04-13,3510,415304.66471998673,4568502.919081786,
2017-04-13,3511,415305.002783627,4568514.409958594,
2017-04-13,3512,415305.00126826455,4568532.032065088,
2017-04-13,3513,415305.0000116613,4568549.649499586,
2017-04-13,3514,415304.99905168713,4568567.261578326,
2017-04-13,3515,415305.0007427417,4568584.825791728,
2017-04-13,3516,415305.2922429118,4568597.1573899295,
2017-04-13,3517,415307.01314307266,4568583.680620785,
2017-04-13,3518,415309.5844040831,4568554.850258988,
2017-04-13,3519,415312.26710297767,4568524.007843276,
2017-04-13,3520,415314.3223167906,4568504.494912382,
2017-04-13,3521,415315.0285516921,4568509.338315274,
2017-04-13,3522,415315.00192650803,4568527.413789268,
2017-04-13,3523,415315.00000286085,4568545.0432675,
2017-04-13,3524,415315.0004894979,4568562.629227122,
2017-04-13,3525,415315.00771300495,4568580.093549958,
2017-04-13,3526,415315.0741778132,4568596.488248289,
2017-04-13,3527,415316.45039893244,4568589.234791986,
2017-04-13,3528,415318.8704345655,4568563.134862624,
2017-04-13,3529,415321.5953617465,4568531.5299989395,39.59956338051888
2017-04-13,3530,415323.8862575096,4568507.761739666,
2017-04-13,3531,415325.0042011978,4568505.17158185,
2017-04-13,3532,415324.99657831545,4568522.903961961,
2017-04-13,3533,415324.9995310257,4568540.445395679,
2017-04-13,3534,415325.0003127605,4568558.0260272,
2017-04-13,3535,415325.00087443955,4568575.610631906,
2017-04-13,3536,415324.977446889,4568593.628371396,
2017-04-13,3537,415325.95919973205,4568593.497191748,
2017-04-13,3538,415328.1773628675,4568571.042148077,
2017-04-13,3539,415330.89387121476,4568539.589289676,
2017-04-13,3540,415333.36980180803,4568512.480155281,
2017-04-13,3541,415334.8662316812,4568503.056283623,
2017-04-13,3542,415334.992066371,4568518.379035876,
2017-04-13,3543,415334.9997621527,4568535.834831614,
2017-04-13,3544,415334.9999391867,4568553.426381236,
2017-04-13,3545,415334.99784733955,4568571.058896384,
2017-04-13,3546,415334.97820529965,4568589.008287019,
2017-04-13,3547,415335.55280513584,4568596.228411718,
2017-04-13,3548,415337.51844865386,4568578.332706992,
2017-04-13,3549,415340.17589104763,4568547.946307131,
2017-04-13,3550,415342.78620935103,4568518.410750868,
2017-04-13,3551,415344.6104805984,4568503.067576937,
2017-04-13,3552,415345.0077228818,4568513.489960562,
2017-04-13,3553,415345.0016174621,4568531.194942307,
2017-04-13,3554,415345.0000373085,4568548.818218629,
2017-04-13,3555,415344.9994331985,4568566.423872104,
2017-04-13,3556,415345.0039353942,4568583.937329268,
2017-04-13,3557,415345.24447480886,4568597.189043542,
2017-04-13,3558,415346.90695158957,4568584.76713102,
2017-04-13,3559,415349.45468090987,4568556.361642955,
2017-04-13,3560,415352.1487398037,4568525.314118083,
2017-04-13,3561,415354.2502053053,4568504.966095135,
2017-04-13,3562,415355.0300782041,4568508.479935627,
2017-04-13,3563,415355.00151840266,4568526.59033988,
2017-04-13,3564,415354.9999361682,4568544.213653777,
2017-04-13,3565,415355.00054138026,4568561.797472477,
2017-04-13,3566,415355.0069068711,4568579.277287131,
2017-04-13,3567,415355.0474684158,4568596.139678856,
2017-04-13,3568,415356.35613133933,4568590.106011791,
2017-04-13,3569,415358.7435004662,4568564.59588878,
2017-04-13,3570,415361.47065283055,4568532.950848553,23.486166238745646
2017-04-13,3571,415363.7986654666,4568508.5124298455,
2017-04-13,3572,415364.9886154084,4568504.62217139,
2017-04-13,3573,415364.9951572322,4568522.098802284,
2017-04-13,3574,415364.9994751057,4568539.615587453,
2017-04-13,3575,415365.0002159534,4568557.196957205,
2017-04-13,3576,415364.9997492998,4568574.800128849,
2017-04-13,3577,415364.9723368618,4568592.889817022,
2017-04-13,3578,415365.8792475688,4568594.109940966,
2017-04-13,3579,415368.0556093825,4568572.409636262,
2017-04-13,3580,415370.7652080973,4568541.081533934,
2017-04-13,3581,415373.2691207476,4568513.467172718,
2017-04-13,3582,415374.82842436753,4568502.908091351,
2017-04-13,3583,415374.99285114766,4568517.534048542,
2017-04-13,3584,415375.00000009383,4568534.999717608,-0.8491211499625051
2017-04-13,3585,415374.9999365734,4568552.595610535,
2017-04-13,3586,415374.9979513587,4568570.22620039,
2017-04-13,3587,415374.98319700966,4568588.087341888,
2017-04-13,3588,415375.4895599418,4568596.539510172,
2017-04-13,3589,415377.4042673222,4568579.563477031,
2017-04-13,3590,415380.0456652677,4568549.466765862,
2017-04-13,3591,415382.67483081244,4568519.590915397,
2017-04-13,3592,415384.5528409907,4568503.277464373,
2017-04-13,3593,415385.0130614576,4568512.562752632,
2017-04-13,3594,415385.0019033077,4568530.358963371,
2017-04-13,3595,415385.0000564099,4568547.987055861,
2017-04-13,3596,415384.9997864201,4568565.586676674,
2017-04-13,3597,415385.0061347962,4568583.066800336,
2017-04-13,3598,415385.2003281234,4568597.155311059,
2017-04-13,3599,415386.80273395084,4568585.81800274,
2017-04-13,3600,415389.3252840072,4568557.867135984,
2017-04-13,3601,415392.02905532654,4568526.644249527,
2017-04-13,3602,415394.17512494326,4568505.4908821015,
2017-04-13,3603,415395.02952769934,4568507.6590573145,
2017-04-13,3604,415395.00086824043,4568525.771260922,
2017-04-13,3605,415394.999850494,4568543.384382772,
2017-04-13,3606,415395.00054552,4568560.966579846,
2017-04-13,3607,415395.005771247,4568578.466973374,
2017-04-13,3608,415395.02481177927,4568595.717935273,
2017-04-13,3609,415396.2642689338,4568590.933805029,
2017-04-13,3610,415398.6173239811,4568566.043235943,
2017-04-13,3611,415401.3450539551,4568534.387766747,7.044397399611972
2017-04-13,3612,415403.7085358902,4568509.308936179,
2017-04-13,3613,415404.9688468206,4568504.148282969,
2017-04-13,3614,415404.9938619803,4568521.291370666,
2017-04-13,3615,415404.99945126224,4568538.785200071,
2017-04-13,3616,415405.000122462,4568556.367827341,
2017-04-13,3617,415404.99891019345,4568573.98446136,
2017-04-13,3618,415404.9700636544,4568592.100042771,
2017-04-13,3619,415405.802131935,4568594.671475542,
2017-04-13,3620,415407.9350448529,4568573.7556573795,
2017-04-13,3621,415410.63608636137,4568542.5820587,
2017-04-13,3622,415413.16633349523,4568514.492218243,
2017-04-13,3623,415414.7868632886,4568502.827674743,47.414406633856174
2017-04-13,3624,415414.9944255171,4568516.674804822,
2017-04-13,3625,415415.0003142565,4568534.163227395,
2017-04-13,3626,415414.9999483389,4568551.764580217,
2017-04-13,3627,415414.9981735612,4568569.391370552,
2017-04-13,3628,415414.9885492017,4568587.159888112,
2017-04-13,3629,415415.42958262033,4568596.791605924,
2017-04-13,3630,415417.2917062896,4568580.764991944,
2017-04-13,3631,415419.9154122133,4568550.987717042,
2017-04-13,3632,415422.56177742593,4568520.801319953,
2017-04-13,3633,415424.4918789614,4568503.547339411,
2017-04-13,3634,415425.0183527174,4568511.636399016,
2017-04-13,3635,415425.0020935696,4568529.524710233,
2017-04-13,3636,415425.0000643609,4568547.156094417,
2017-04-13,3637,415425.0000793034,4568564.75057066,
2017-04-13,3638,415425.0074606643,4568582.21204339,
2017-04-13,3639,415425.1598806537,4568597.054787816,
2017-04-13,3640,415426.70056795387,4568586.83183127,
2017-04-13,3641,415429.1962911726,4568559.365333398,
2017-04-13,3642,415431.90812734404,4568527.996832933,
2017-04-13,3643,415434.09715350234,4568506.067868611,
2017-04-13,3644,415435.0264535411,4568506.883744542,
2017-04-13,3645,415434.9999437938,4568524.957134281,
2017-04-13,3646,415434.99975504685,4568542.555288219,
2017-04-13,3647,415435.00051112624,4568560.136382954,
2017-04-13,3648,415435.0044258499,4568577.66044715,
2017-04-13,3649,415435.0062857009,4568595.221612864,
2017-04-13,3650,415436.1748895126,4568591.716767016,
2017-04-13,3651,415438.4919829064,4568567.475499431,
2017-04-13,3652,415441.2186429167,4568535.839348845,-9.691226069884374
2017-04-13,3653,415443.6159465775,4568510.149853993,
2017-04-13,3654,415444.94497092324,4568503.7485536095,
2017-04-13,3655,415444.9928122775,4568520.47950557,
2017-04-13,3656,415444.99946870457,4568537.954067259,
2017-04-13,3657,415445.0000414953,4568555.538471339,
2017-04-13,3658,415444.99833574326,4568573.16401539,
2017-04-13,3659,415444.97018062935,4568591.267112856,
2017-04-13,3660,415445.72793062916,4568595.180390809,
2017-04-13,3661,415447.81574707804,4568575.078806769,
2017-04-13,3662,415450.5065838072,4568544.08945932,
2017-04-13,3663,415453.06151785096,4568515.553887198,
2017-04-13,3664,415454.7416262435,4568502.813629137,34.62831457816733
2017-04-13,3665,415454.9969091953,4568515.799143163,
2017-04-13,3666,415455.00067930884,4568533.32581835,
2017-04-13,3667,415454.9999698789,4568550.933373421,
2017-04-13,3668,415454.9984817152,4568568.554988826,
2017-04-13,3669,415454.99381523865,4568586.233989898,
2017-04-13,3670,415455.37295096944,4568596.983294305,
2017-04-13,3671,415457.1808433536,4568581.935847062,
2017-04-13,3672,415459.785209682,4568552.507756004,
2017-04-13,3673,415462.4471269886,4568522.040559867,
2017-04-13,3674,415464.42767230765,4568503.8757973835,
2017-04-13,3675,415465.0231500239,4568510.7189639155,
2017-04-13,3676,415465.0021560161,4568528.692764848,
2017-04-13,3677,415465.00005655695,4568546.325417433,
2017-04-13,3678,415465.00029418815,4568563.91587295,
2017-04-13,3679,415465.00803271605,4568581.370896889,
2017-04-13,3680,415465.12321019784,4568596.88606914,
2017-04-13,3681,415466.6005313974,4568587.807211952,
2017-04-13,3682,415469.0677802049,4568560.854830541,
2017-04-13,3683,415471.78603365464,4568529.370463644,
2017-04-13,3684,415474.01636878063,4568506.695649997,
2017-04-13,3685,415475.0204090918,4568506.162061515,
2017-04-13,3686,415474.9987423726,4568524.148008515,
2017-04-13,3687,415474.99965903594,4568541.726203845,
2017-04-13,3688,415475.00044740754,4568559.306715532,
2017-04-13,3689,415475.00299039704,4568576.8555469215,
2017-04-13,3690,415474.9919494132,4568594.649642176,
2017-04-13,3691,415476.08807087416,4568592.453493085,
2017-04-13,3692,415478.3675550408,4568568.89127458,
2017-04-13,3693,415481.0914975136,4568537.304190179,-26.686523236313217
2017-04-13,3694,415483.52097532654,4568511.033778621,
2017-04-13,3695,415484.9170655139,4568503.421578638,
2017-04-13,3696,415484.99212784064,4568519.661045455,
2017-04-13,3697,415484.9995366415,4568537.122022746,
2017-04-13,3698,415484.9999821631,4568554.708724721,
2017-04-13,3699,415484.997993718,4568572.339372901,
2017-04-13,3700,415484.97224114963,4568590.399091481,
2017-04-13,3701,415485.65672144905,4568595.635282099,
2017-04-13,3702,415487.69779385516,4568576.377679752,
2017-04-13,3703,415490.37677823124,4568545.602331107,
2017-04-13,3704,415492.9547516112,4568516.650774895,
2017-04-13,3705,415494.6927910294,4568502.864549854,
2017-04-13,3706,415495.00042179,4568514.904904024,
2017-04-13,3707,415495.0010630191,4568532.488072426,
2017-04-13,3708,415494.9999965886,4568550.10207328,
2017-04-13,3709,415494.99884358956,4568567.717637161,
2017-04-13,3710,415494.9985484834,4568585.317711458,
2017-04-13,3711,415495.31974278705,4568597.113170643,
2017-04-13,3712,415497.07175631274,4568583.074637711,
2017-04-13,3713,415499.6551354721,4568554.025478072,
2017-04-13,3714,415502.3309572991,4568523.307230461,
2017-04-13,3715,415504.3602988281,4568504.261433616,
2017-04-13,3716,415505.0270067397,4568509.818511538,
2017-04-13,3717,415505.0020584164,4568527.863709168,
2017-04-13,3718,415505.00002839364,4568545.495108045,
2017-04-13,3719,415505.0004378985,4568563.082460317,
2017-04-13,3720,415505.00797066855,4568580.541199295,
2017-04-13,3721,415505.09039455303,4568596.64775036,
2017-04-13,3722,415506.5027020782,4568588.742740102,
2017-04-13,3723,415508.9398289007,4568562.334222729,
2017-04-13,3724,415511.66285205504,4568530.76373698,48.22130280727788
2017-04-13,3725,415513.9328485751,4568507.372821584,
2017-04-13,3726,415515.0109477143,4568505.502072443,
2017-04-13,3727,415514.99736217427,4568523.342110645,
2017-04-13,3728,415514.99957167037,4568540.896963381,
2017-04-13,3729,415515.00036357326,4568558.477411306,
2017-04-13,3730,415515.0015846055,4568576.050111142,
2017-04-13,3731,415514.9815806358,4568594.006036559,
2017-04-13,3732,415516.0038908162,4568593.142578563,
2017-04-13,3733,415518.24411818234,4568570.289156712,
2017-04-13,3734,415520.96369554405,4568538.780886075,-43.90758592993673
2017-04-13,3735,415523.42369993543,4568511.959305387,
2017-04-13,3736,415524.88520839065,4568503.165953383,
2017-04-13,3737,415524.99192838697,4568518.833828784,
2017-04-13,3738,415524.9996642821,4568536.288900258,
2017-04-13,3739,415524.99994829594,4568553.878518318,
2017-04-13,3740,415524.99785188603,4568571.511115844,
2017-04-13,3741,415524.97579857823,4568589.5040428545,
2017-04-13,3742,415525.5885821924,4568596.034744737,
2017-04-13,3743,415527.58126298204,4568577.650871663,
2017-04-13,3744,415530.2467474312,4568547.119269398,
2017-04-13,3745,415532.8461125738,4568517.781476674,
2017-04-13,3746,415534.6404354441,4568502.979032226,
2017-04-13,3747,415535.00495589,4568513.992221218,
2017-04-13,3748,415535.00143315614,4568531.650571578,
2017-04-13,3749,415535.0000238637,4568549.270762932,
2017-04-13,3750,415534.9992269526,4568566.879897514,
2017-04-13,3751,415535.00232811796,4568584.418650817,
2017-04-13,3752,415535.27003587113,4568597.179830272,
2017-04-13,3753,415536.9645229644,4568584.179959232,
2017-04-13,3754,415539.5252673808,4568555.539478592,
2017-04-13,3755,415542.2133461548,4568524.599927087,
2017-04-13,3756,415544.28983632015,4568504.702843452,
2017-04-13,3757,415545.0294762278,4568508.9431060925,
2017-04-13,3758,415545.0017685381,4568527.038125143,
2017-04-13,3759,415544.99997541774,4568544.665246661,
2017-04-13,3760,415545.00051964395,4568562.25016649,
2017-04-13,3761,415545.0073942389,4568579.720789067,
2017-04-13,3762,415545.06151151727,4568596.338426806,
2017-04-13,3763,415546.4071577943,4568589.637011053,
2017-04-13,3764,415548.8125150582,4568563.802105295,
2017-04-13,3765,415551.53866034345,4568532.175248264,32.301324973572136
2017-04-13,3766,415553.84667068406,4568508.097978698,
2017-04-13,3767,415554.9976231146,4568504.911835333,
2017-04-13,3768,415554.9959229155,4568522.537279131,
2017-04-13,3769,415554.99950215884,4568540.067400551,
2017-04-13,3770,415555.0002688325,4568557.648304005,
2017-04-13,3771,415555.00032819243,4568575.2419782765,
2017-04-13,3772,415554.9747384669,4568593.298756667,
2017-04-13,3773,415555.92242713686,4568593.782618782,
2017-04-13,3774,415558.1217501287,4568571.667741164,
2017-04-13,3775,415560.8353148055,4568540.268031866,
2017-04-13,3776,415563.3241982016,4568512.925029624,
2017-04-13,3777,415564.84947735106,4568502.980273174,
2017-04-13,3778,415564.99233363365,4568517.995694011,
2017-04-13,3779,415564.9998608354,4568535.454533525,
2017-04-13,3780,415564.99993591907,4568553.047923904,
2017-04-13,3781,415564.9978780161,4568570.679826176,
2017-04-13,3782,415564.9804062777,4568588.590031182,
2017-04-13,3783,415565.5235906568,4568596.377374053,
2017-04-13,3784,415567.4662322565,4568578.89697783,
2017-04-13,3785,415570.1165692048,4568548.63886952,
2017-04-13,3786,415572.7356785363,4568518.94458786,
2017-04-13,3787,415574.5846372852,4568503.155671584,
2017-04-13,3788,415575.01013246283,4568513.0679383185,
2017-04-13,3789,415575.00175748783,4568530.813897755,
2017-04-13,3790,415575.00004709983,4568548.43952551,
2017-04-13,3791,415574.99959957215,4568566.042351833,
2017-04-13,3792,415575.0050534039,4568583.538626841,
2017-04-13,3793,415575.22390801925,4568597.181868515,
2017-04-13,3794,415576.8592211067,4568585.250406941,
2017-04-13,3795,415579.3956832068,4568557.048352875,
2017-04-13,3796,415582.0943713538,4568525.917245052,
2017-04-13,3797,415584.216362582,4568505.198622206,
2017-04-13,3798,415585.0301118512,4568508.100811784,
2017-04-13,3799,415585.0012541501,4568526.216594731,
2017-04-13,3800,415584.9998989353,4568543.835809696,
2017-04-13,3801,415585.000548633,4568561.418825193,
2017-04-13,3802,415585.0064231444,4568578.907504667,
2017-04-13,3803,415585.03663888865,4568595.956693808,
2017-04-13,3804,415586.3139763442,4568590.488620141,
2017-04-13,3805,415588.6859164762,4568565.257073575,
2017-04-13,3806,415591.4135363188,4568533.603592844,16.034018551873448
2017-04-13,3807,415593.7579129066,4568508.869716685,
2017-04-13,3808,415594.9801232732,4568504.39698383,
2017-04-13,3809,415594.9945443138,4568521.731352429,
2017-04-13,3810,415594.99945971067,4568539.237349085,
2017-04-13,3811,415595.00017239375,4568556.8192273555,
2017-04-13,3812,415594.9993321285,4568574.429144709,
2017-04-13,3813,415594.9709762694,4568592.535866709,
2017-04-13,3814,415595.8437576336,4568594.37220907,
2017-04-13,3815,415598.00052867737,4568573.025623257,
2017-04-13,3816,415600.7064330958,4568541.764222877,
2017-04-13,3817,415603.2225479231,4568513.929546661,
2017-04-13,3818,415604.8099501934,4568502.863133344,
2017-04-13,3819,415604.9934632981,4568517.1444796035,
2017-04-13,3820,415605.000134856,4568534.618768094,
2017-04-13,3821,415604.9999404276,4568552.217024613,
2017-04-13,3822,415604.99803987605,4568569.846085842,
2017-04-13,3823,415604.9856176105,4568587.665120671,
2017-04-13,3824,415605.4618246407,4568596.66176538,
2017-04-13,3825,415607.3527794766,4568580.114593582,
2017-04-13,3826,415609.98632135085,4568550.159726805,
2017-04-13,3827,415612.62352729775,4568520.138703786,
2017-04-13,3828,415614.52547435137,4568503.393063258,
2017-04-13,3829,415615.01550487085,4568512.140119533,
2017-04-13,3830,415615.00200378307,4568529.978632914,
2017-04-13,3831,415615.00006169226,4568547.608444155,
2017-04-13,3832,415614.9999292175,4568565.205582075,
2017-04-13,3833,415615.0068399817,4568582.6755516045,
2017-04-13,3834,415615.1814370294,4568597.117880707,
2017-04-13,3835,415616.7559285374,4568586.284576177,
2017-04-13,3836,415619.26646074775,4568558.550696262,
2017-04-13,3837,415621.9741106943,4568527.257779696,
2017-04-13,3838,415624.13995541143,4568505.747365215,
2017-04-13,3839,415625.0284669723,4568507.299692822,
2017-04-13,3840,415625.0004830208,4568525.399699883,
2017-04-13,3841,415624.9998076665,4568543.006639703,
2017-04-13,3842,415625.000534075,4568560.588270158,
2017-04-13,3843,415625.00517710234,4568578.099184553,
2017-04-13,3844,415625.0158544652,4568595.501146697,
2017-04-13,3845,415626.2232355252,4568591.29616269,
2017-04-13,3846,415628.5601109515,4568566.697722891,
2017-04-13,3847,415631.28755777795,4568535.047366036,0.545887790475279
2017-04-13,3848,415633.6666530389,4568509.686630859,
2017-04-13,3849,415634.9584737684,4568503.957056094,
2017-04-13,3850,415634.9933460863,4568520.922169003,
2017-04-13,3851,415634.99945353455,4568538.406642709,-40.00054647199431
2017-04-13,3852,415635.0000834661,4568555.990015091,
2017-04-13,3853,415634.99861760065,4568573.611227905,
2017-04-13,3854,415634.9698475274,4568591.725428892,
2017-04-13,3855,415635.7679571561,4568594.909993174,
2017-04-13,3856,415637.8805217086,4568574.361561174,
2017-04-13,3857,415640.5771121328,4568543.268318452,
2017-04-13,3858,415643.11881020764,4568514.971725848,
2017-04-13,3859,415644.76669771184,4568502.8132442,34.372202783837444
2017-04-13,3860,415644.995433259,4568516.278087024,
2017-04-13,3861,415645.00051193766,4568533.7812004015,
2017-04-13,3862,415645.0008286052,4568551.371597894,
2017-04-13,3863,415645.00788713794,4568568.8531694645,
2017-04-13,3864,415645.04383709276,4568585.870498022,
2017-04-13,3865,415646.59525327035,4568578.545981316,
2017-04-13,3866,415649.38034545653,4568551.405858649,
2017-04-13,3867,415652.37242343114,4568520.941085196,
2017-04-13,3868,415654.54479697393,4568503.642616129,
2017-04-13,3869,415655.0072913265,4568513.808660791,
2017-04-13,3870,415655.0019187369,4568531.489702724,
2017-04-13,3871,415655.0007730213,4568549.102851537,
2017-04-13,3872,415655.0032855912,4568566.65724003,
2017-04-13,3873,415654.98653190443,4568584.521088107,
2017-04-13,3874,415656.30409148976,4568580.952852489,
2017-04-13,3875,415658.9877117992,4568555.44259742,
2017-04-13,3876,415662.0107680502,4568524.480234767,
2017-04-13,3877,415664.3465709471,4568504.556712627,
2017-04-13,3878,415665.0250377207,4568511.253750476,
2017-04-13,3879,415665.0026939966,4568529.207387174,
2017-04-13,3880,415665.00040310796,4568546.838930056,
2017-04-13,3881,415664.9991968411,4568564.453051464,
2017-04-13,3882,415664.9641746881,4568582.610332353,
2017-04-13,3883,415666.0356639937,4568582.994540991,
2017-04-13,3884,415668.60072515,4568559.388613599,
2017-04-13,3885,415671.637673388,4568528.203114275,
2017-04-13,3886,415674.1198194118,4568505.928991111,
2017-04-13,3887,415675.0366720332,4568508.797014032,
2017-04-13,3888,415675.00215870916,4568526.946121976,
2017-04-13,3889,415674.9999041859,4568544.577080745,9.581411962487343e-05
2017-04-13,3890,415674.9974373421,4568562.211449872,
2017-04-13,3891,415674.966248822,4568580.307153954,
2017-04-13,3892,415675.7921774034,4568584.635622243,
2017-04-13,3893,415678.22159214894,4568563.208482464,
2017-04-13,3894,415681.25534511614,4568532.074306402,43.95499945822772
2017-04-13,3895,415683.8667470091,4568507.724042153,
2017-04-13,3896,415685.03092783695,4568506.619415667,
2017-04-13,3897,415684.99952077447,4568524.71863004,
2017-04-13,3898,415684.9994349371,4568542.314754822,0.0005650629262553123
2017-04-13,3899,415684.9974850701,4568559.940820126,
2017-04-13,3900,415684.98148788366,4568577.792517098,
2017-04-13,3901,415685.5758361114,4568585.840688711,
2017-04-13,3902,415687.8525171886,4568566.866796481,
2017-04-13,3903,415690.86598762724,4568536.058403617,5.893709490174152
2017-04-13,3904,415693.58955813164,4568509.906458217,
2017-04-13,3905,415694.99653940636,4568504.901908378,
2017-04-13,3906,415694.9948922688,4568522.5231111655,
2017-04-13,3907,415694.99915404327,4568540.049403488,9.999154060678093
2017-04-13,3908,415694.99854661524,4568557.653906192,
2017-04-13,3909,415694.9986254502,4568575.247385962,
2017-04-13,3910,415695.3888445109,4568586.574332873,
2017-04-13,3911,415697.49570466194,4568570.328148128,
2017-04-13,3912,415700.47180531465,4568540.119998401,4.549369869227057
2017-04-13,3913,415703.2904571732,4568512.440831787,
2017-04-13,3914,415704.9249709418,4568503.781596379,
2017-04-13,3915,415704.9908663494,4568520.317913398,
2017-04-13,3916,415704.99922018655,4568537.778477955,0.0007798134530569362
2017-04-13,3917,415704.99982856744,4568555.363452021,
2017-04-13,3918,415705.00813456805,4568572.824784938,
2017-04-13,3919,415705.2334069949,4568586.801147193,-43.36882789713834
2017-04-13,3920,415707.1533589624,4568573.557129871,
2017-04-13,3921,415710.0750025714,4568544.223683215,5.098634665470258
2017-04-13,3922,415712.9716485264,4568515.291755322,
2017-04-13,3923,415714.8166075314,4568503.252294287,
2017-04-13,3924,415714.9904579745,4568518.054609701,
2017-04-13,3925,415714.9997920489,4568535.49942943,9.999792787114618
2017-04-13,3926,415715.0006319356,4568553.0806849925,
2017-04-13,3927,415715.0098754784,4568570.526958867,
2017-04-13,3928,415715.1117279568,4568586.4857241465,
2017-04-13,3929,415716.82768448285,4568576.51833418,
2017-04-13,3930,415719.6777837905,4568548.334050532,34.83957126575613
2017-04-13,3931,415722.6353365841,4568518.423821297,
2017-04-13,3932,415724.6736535679,4568503.278594568,
2017-04-13,3933,415724.99668210186,4568515.684773037,
2017-04-13,3934,415725.0009525902,4568533.210925393,
2017-04-13,3935,415725.00087032496,4568550.806992799,
2017-04-13,3936,415725.00686081115,4568568.305518104,
2017-04-13,3937,415725.02601178916,4568585.592656198,
2017-04-13,3938,415726.52088561637,4568579.176353527,
2017-04-13,3939,415729.28235336515,4568552.415692822,
2017-04-13,3940,415732.2837257399,4568521.80162218,
2017-04-13,3941,415734.4983134449,4568503.825089698,
2017-04-13,3942,415735.0116586009,4568513.174353525,
2017-04-13,3943,415735.0021905502,4568530.921177836,
2017-04-13,3944,415735.0007017806,4568548.539836879,
2017-04-13,3945,415735.0021055249,4568566.1120356135,
2017-04-13,3946,415734.9780794135,4568584.092695249,
2017-04-13,3947,415736.2351667559,4568581.495780381,
2017-04-13,3948,415738.8909156883,4568556.433202557,
2017-04-13,3949,415741.9190203866,4568525.389750445,
2017-04-13,3950,415744.29279155505,4568504.856372142,
2017-04-13,3951,415745.0289379939,4568510.62694434,
2017-04-13,3952,415745.0027141755,4568528.642904107,
2017-04-13,3953,415745.0002849844,4568546.276668438,
2017-04-13,3954,415744.9985475057,4568563.899322314,
2017-04-13,3955,415744.9628465539,4568582.067506242,
2017-04-13,3956,415745.97273229493,4568583.441207218,
2017-04-13,3957,415748.5056751532,4568560.351172209,
2017-04-13,3958,415751.5434249174,4568529.152798562,
2017-04-13,3959,415754.05929229164,4568506.3370343745,
2017-04-13,3960,415755.03730510874,4568508.222686462,
2017-04-13,3961,415755.0017300562,4568526.388848167,
2017-04-13,3962,415754.99977861915,4568544.014938691,29.99977934703648
2017-04-13,3963,415754.9973112729,4568561.64931588,
2017-04-13,3964,415754.9692448526,4568579.694872001,
2017-04-13,3965,415755.73578662594,4568584.9772264995,
2017-04-13,3966,415758.12883615214,4568564.13419424,
2017-04-13,3967,415761.1591437244,4568533.055358995,19.950611726690674
2017-04-13,3968,415763.80002004706,4568508.23166886,
2017-04-13,3969,415765.0254935228,4568506.142544078,
2017-04-13,3970,415764.9984784935,4568524.1712124795,
2017-04-13,3971,415764.9993413662,4568541.752098839,39.99934184350682
2017-04-13,3972,415764.9976850707,4568559.373448721,
2017-04-13,3973,415764.9860078861,4568577.155756707,
2017-04-13,3974,415765.52653414226,4568586.068430703,
2017-04-13,3975,415767.7626030795,4568567.746861135,
2017-04-13,3976,415770.7683812026,4568537.062024229,-21.319146444029478
2017-04-13,3977,415773.5171792158,4568510.504868082,
2017-04-13,3978,415774.9823078233,4568504.566340788,
2017-04-13,3979,415774.99371820554,4568521.97781033,
2017-04-13,3980,415774.9991319076,4568539.485600092,49.999131916431196
2017-04-13,3981,415774.9988754887,4568557.084464793,
2017-04-13,3982,415775.0018771513,4568574.630997358,
2017-04-13,3983,415775.3471792369,4568586.679412299,
2017-04-13,3984,415777.4091803271,4568571.153765352,
2017-04-13,3985,415780.37334174314,4568541.137386722,
2017-04-13,3986,415783.2129741894,4568513.121224498,
2017-04-13,3987,415784.90138837026,4568503.596226782,
2017-04-13,3988,415784.99030985107,4568519.762693074,
2017-04-13,3989,415784.99930892535,4568537.212893663,
2017-04-13,3990,415785.00008923176,4568554.79510622,
2017-04-13,3991,415785.0091757326,4568572.243902542,
2017-04-13,3992,415785.199926303,4568586.7747637555,
2017-04-13,3993,415787.0707722885,4568574.319499371,
2017-04-13,3994,415789.97622973996,4568545.246038949,
2017-04-13,3995,415792.8896093617,4568516.045330586,
2017-04-13,3996,415794.78422185784,4568503.208322377,40.85498095347501
2017-04-13,3997,415794.99126838794,4568517.477433683,
2017-04-13,3998,415795.0000310974,4568534.931430827,
2017-04-13,3999,415795.0007378383,4568552.514825011,
2017-04-13,4000,415795.00945312565,4568569.969583862,
2017-04-13,4001,415795.08697973343,4568586.319077543,
2017-04-13,4002,415796.7495833568,4568577.2086556535,
2017-04-13,4003,415799.57924958615,4568549.352573379,
2017-04-13,4004,415802.5492891256,4568519.241778812,
2017-04-13,4005,415804.6330126795,4568503.36722005,
2017-04-13,4006,415804.9996087748,4568515.073605118,
2017-04-13,4007,415805.00128372817,4568532.641447627,
2017-04-13,4008,415805.00086026866,4568550.242995383,
2017-04-13,4009,415805.0057242884,4568567.759614282,
2017-04-13,4010,415805.0105439213,4568585.276946133,
2017-04-13,4011,415806.4478179247,4568579.785826674,
2017-04-13,4012,415809.1846056742,4568553.421582481,
2017-04-13,4013,415812.1942178738,4568522.675161647,
2017-04-13,4014,415814.4499652281,4568504.03751227,
2017-04-13,4015,415815.0161713037,4568512.537710388,
2017-04-13,4016,415815.00241823756,4568530.353361721,
2017-04-13,4017,415815.00061520445,4568547.977068541,
2017-04-13,4018,415815.00100417936,4568565.565566768,
2017-04-13,4019,415814.97165912803,4568583.631660588,
2017-04-13,4020,415816.1676803861,4568582.0156049095,
2017-04-13,4021,415818.794502398,4568557.417658735,
2017-04-13,4022,415821.8266000003,4568526.310071569,
2017-04-13,4023,415824.2372838971,4568505.183791509,
2017-04-13,4024,415825.0322877226,4568510.008981189,
2017-04-13,4025,415825.00264121563,4568528.079917068,
2017-04-13,4026,415825.0001613283,4568545.714495698,
2017-04-13,4027,415824.9980466396,4568563.343208407,
2017-04-13,4028,415824.9628546565,4568581.503217154,
2017-04-13,4029,415825.91137513286,4568583.8625828205,
2017-04-13,4030,415828.41114414966,4568561.305394598,
2017-04-13,4031,415831.44863989693,4568530.111101037,49.747597145449404
2017-04-13,4032,415833.99717307877,4568506.770650232,
2017-04-13,4033,415835.0366916714,4568507.6683807075,
2017-04-13,4034,415835.0011592522,4568525.833857621,
2017-04-13,4035,415834.9996573218,4568543.452728056,28.44708348669503
2017-04-13,4036,415834.9972846614,4568561.085584379,
2017-04-13,4037,415834.9728811507,4568579.072305894,
2017-04-13,4038,415835.681106559,4568585.291352883,
2017-04-13,4039,415838.0367353234,4568565.0493825525,
2017-04-13,4040,415841.062541958,4568534.042842533,9.841828483011737
2017-04-13,4041,415843.73183716706,4568508.76268092,
2017-04-13,4042,415845.0181167271,4568505.6968731275,
2017-04-13,4043,415844.9973334815,4568523.625445015,
2017-04-13,4044,415844.99926186696,4568541.189216831,16.187894942015113
2017-04-13,4045,415844.99793551693,4568558.805267044,
2017-04-13,4046,415844.99047218816,4568576.519890995,
2017-04-13,4047,415845.4790790571,4568586.266507566,
2017-04-13,4048,415847.6734803111,4568568.614215064,
2017-04-13,4049,415850.67051057535,4568538.06988852,8.233072551653635
2017-04-13,4050,415853.44348055404,4568511.124476031,
2017-04-13,4051,415854.96570095175,4568504.268925695,
2017-04-13,4052,415854.99262765626,4568521.431168068,
2017-04-13,4053,415854.9991336459,4568538.921413226,3.922380266431776
2017-04-13,4054,415854.99920579634,4568556.515000367,
2017-04-13,4055,415855.00451121037,4568574.024529478,
2017-04-13,4056,415855.3074970205,4568586.752639344,
2017-04-13,4057,415857.32358350663,4568571.964484604,
2017-04-13,4058,415860.2747501429,4568542.156831472,2.0932365380194558
2017-04-13,4059,415863.13430763385,4568513.820628048,
2017-04-13,4060,415864.8755666835,4568503.446822422,
2017-04-13,4061,415864.99002311163,4568519.203139813,
2017-04-13,4062,415864.9994313408,4568536.646768453,0.0005686592368140699
2017-04-13,4063,415865.0003082265,4568554.227429722,
2017-04-13,4064,415865.0097831722,4568571.669986745,
2017-04-13,4065,415865.16856484197,4568586.714340679,
2017-04-13,4066,415866.98924930266,4568575.064783638,
2017-04-13,4067,415869.8774650535,4568546.268263858,
2017-04-13,4068,415872.80652279884,4568516.815729431,
2017-04-13,4069,415874.749733243,4568503.198128455,32.33194291982257
2017-04-13,4070,415874.99253480573,4568516.892933209,
2017-04-13,4071,415875.00031020434,4568534.362788795,
2017-04-13,4072,415875.0008112372,4568551.949487116,
2017-04-13,4073,415875.00878329313,4568569.416183939,
2017-04-13,4074,415875.0644869146,4568586.116204049,
2017-04-13,4075,415876.67268209194,4568577.879704641,
2017-04-13,4076,415879.48085969966,4568550.368778144,
2017-04-13,4077,415882.46233044204,4568520.074372654,
2017-04-13,4078,415884.59040502313,4568503.487436265,
2017-04-13,4079,415885.00315273576,4568514.452522157,
2017-04-13,4080,415885.0016075694,4568532.072087063,
2017-04-13,4081,415885.0008275106,4568549.679362602,
2017-04-13,4082,415885.004526531,4568567.214694026,
2017-04-13,4083,415884.9974673175,4568584.922826973,
2017-04-13,4084,415886.3760862683,4568580.373840089,
2017-04-13,4085,415889.0871384754,4568554.422966814,
2017-04-13,4086,415892.1039349569,4568523.561150193,
2017-04-13,4087,415894.39978641726,4568504.279338324,
2017-04-13,4088,415895.02065645234,4568511.901509829,
2017-04-13,4089,415895.00258961617,4568529.786450048,
2017-04-13,4090,415895.00051572936,4568547.414507393,
2017-04-13,4091,415895.00002784416,4568565.017089966,
2017-04-13,4092,415894.9670980694,4568583.140762541,
2017-04-13,4093,415896.10166622413,4568582.511782443,
2017-04-13,4094,415898.6985057726,4568558.3954223255,
2017-04-13,4095,415901.7335407358,4568527.240654513,
2017-04-13,4096,415904.1800818178,4568505.538427101,
2017-04-13,4097,415905.0349139289,4568509.402639444,
2017-04-13,4098,415905.00246293505,4568527.518621709,
2017-04-13,4099,415905.00003457494,4568545.152372692,
2017-04-13,4100,415904.99768206145,4568562.784905412,
2017-04-13,4101,415904.96402601735,4568580.920243508,
2017-04-13,4102,415905.85162635316,4568584.258124181,
2017-04-13,4103,415908.3171659856,4568562.250737156,
2017-04-13,4104,415911.3533521728,4568531.077478087,43.8576949795462
2017-04-13,4105,415913.93349561887,4568507.2292950675,
2017-04-13,4106,415915.0346587427,4568507.136875186,
2017-04-13,4107,415915.00043411594,4568525.281346004,
2017-04-13,4108,415914.9995427299,4568542.8904097155,9.999542922695907
2017-04-13,4109,415914.9973453259,4568560.520451025,
2017-04-13,4110,415914.97698473884,4568578.442234061,
2017-04-13,4111,415915.62817104766,4568585.577457766,
2017-04-13,4112,415917.94532350654,4568565.95350377,
2017-04-13,4113,415920.96557366,4568535.036213379,0.37311472290585024
2017-04-13,4114,415923.6622322124,4568509.316534691,
2017-04-13,4115,415925.0086244714,4568505.285181238,
2017-04-13,4116,415924.99613202806,4568523.080584122,
2017-04-13,4117,415924.9991988756,4568540.626069665,19.99919896726498
2017-04-13,4118,415924.9982242274,4568558.236470762,
2017-04-13,4119,415924.9947078112,4568575.887698379,
2017-04-13,4120,415925.43350470124,4568586.434375676,
2017-04-13,4121,415927.58518272906,4568569.468314647,
2017-04-13,4122,415930.5724095914,4568539.081452873,14.495197896913636
2017-04-13,4123,415933.3684959925,4568511.764738447,
2017-04-13,4124,415934.94675263675,4568504.00911947,
2017-04-13,4125,415934.9916669107,4568520.882440866,
2017-04-13,4126,415934.99916169466,4568538.356803755,10.000838333004712
2017-04-13,4127,415934.9995253558,4568555.945708571,
2017-04-13,4128,415935.0065715894,4568573.427276195,
2017-04-13,4129,415935.26983170665,4568586.793470377,
2017-04-13,4130,415937.2389480456,4568572.759762248,
2017-04-13,4131,415940.176064359,4568543.177789025,4.846409660918519
2017-04-13,4132,415943.05449135153,4568514.538498804,
2017-04-13,4133,415944.84753972694,4568503.332839679,
2017-04-13,4134,415944.9900524212,4568518.638510088,
2017-04-13,4135,415944.9995898687,4568536.080063188,0.0004101313153491115
2017-04-13,4136,415945.0004873517,4568553.660393626,
2017-04-13,4137,415945.01000318275,4568571.102293985,
2017-04-13,4138,415945.1393565346,4568586.6193337515,
2017-04-13,4139,415946.90882481314,4568575.792431674,
2017-04-13,4140,415949.778744397,4568547.289798696,-44.98743477061389
2017-04-13,4141,415952.72242506576,4568517.602389987,
2017-04-13,4142,415954.71317659924,4568503.22116072,
2017-04-13,4143,415954.99430412904,4568516.300360079,
2017-04-13,4144,415955.00061326317,4568533.793715113,
2017-04-13,4145,415955.0007173501,4568551.385682548,
2017-04-13,4146,415955.0063986698,4568568.877601856,
2017-04-13,4147,415955.0358085327,4568585.9413168775,
2017-04-13,4148,415956.31063091074,4568580.518675732,
2017-04-13,4149,415958.6813199187,4568555.3097215295,
2017-04-13,4150,415961.4089573356,4568523.65591511,
2017-04-13,4151,415963.7546249402,4568498.898717316,
2017-04-13,4152,415964.97940451145,4568494.379588984,
2017-04-13,4153,415964.99449662684,4568511.701840965,
2017-04-13,4154,415964.99945879256,4568529.206993166,
2017-04-13,4155,415965.0001689548,4568546.788916948,
2017-04-13,4156,415964.9993012336,4568564.39933003,
2017-04-13,4157,415964.97089134454,4568582.507027555,
2017-04-13,4158,415965.8409356269,4568584.392788997,
2017-04-13,4159,415967.9961198679,4568563.074853524,
2017-04-13,4160,415970.70171303116,4568531.819072975,37.102179751059225
2017-04-13,4161,415973.21879215096,4568503.9669860825,
2017-04-13,4162,415974.80843426136,4568492.860131582,
2017-04-13,4163,415974.99351986084,4568507.113085836,
2017-04-13,4164,415975.00014632556,4568524.588188503,
2017-04-13,4165,415974.99994085304,4568542.1866444275,5.9146957944960294e-05
2017-04-13,4166,415974.99804795027,4568559.815567556,
2017-04-13,4167,415974.98581381555,4568577.631205615,
2017-04-13,4168,415975.45962875284,4568586.671040478,
2017-04-13,4169,415977.3486628409,4568570.158548517,
2017-04-13,4170,415979.9815595153,4568540.215331073,4.999793198195725
2017-04-13,4171,415982.61939581006,4568510.182926878,
2017-04-13,4172,415984.5232487595,4568493.402874669,
2017-04-13,4173,415985.0156992377,4568502.106237665,
2017-04-13,4174,415985.002010894,4568519.948132024,
2017-04-13,4175,415985.0000620026,4568537.578066045,9.99993799786686
2017-04-13,4176,415984.99994003965,4568555.175014175,
2017-04-13,4177,415985.0068890485,4568572.6442931825,
2017-04-13,4178,415985.1799546893,4568587.114272426,
2017-04-13,4179,415986.7521915048,4568576.321677234,
2017-04-13,4180,415989.26174457045,4568548.605476149,42.03221752078173
2017-04-13,4181,415991.9696909203,4568517.3072079085,
2017-04-13,4182,415994.1371075886,4568495.768411247,
2017-04-13,4183,415995.02835788677,4568497.271289901,
2017-04-13,4184,415995.0004495512,4568515.369931686,
2017-04-13,4185,415994.99980416836,4568532.976330362,
2017-04-13,4186,415995.00053283613,4568550.557920022,
2017-04-13,4187,415995.00512788084,4568568.069700766,
2017-04-13,4188,415995.015173101,4568585.483076485,
2017-04-13,4189,415996.2199655243,4568581.324831316,
2017-04-13,4190,415998.5555278612,4568556.750099848,
2017-04-13,4191,416001.28293714614,4568525.100420818,
2017-04-13,4192,416003.6632704133,4568499.717332958,
2017-04-13,4193,416004.9576046971,4568493.942375006,
2017-04-13,4194,416004.99330723955,4568510.892497893,
2017-04-13,4195,416004.9994541147,4568528.376259735,
2017-04-13,4196,416005.0000804765,4568545.9596965695,
2017-04-13,4197,416004.99859640596,4568563.581238073,
2017-04-13,4198,416004.9698502865,4568581.695006373,
2017-04-13,4199,416005.7652445635,4568584.928602407,
2017-04-13,4200,416007.87616905186,4568564.409793812,
2017-04-13,4201,416010.572394152,4568533.323157248,
2017-04-13,4202,416013.1149968982,4568505.010231446,
2017-04-13,4203,416014.765054325,4568492.812555147,44.304693731717656
2017-04-13,4204,416014.9955267877,4568506.246032117,
2017-04-13,4205,416015.0004895616,4568523.75117336,
2017-04-13,4206,416014.99995800474,4568541.355516868,10.000041998655034
2017-04-13,4207,416014.998316482,4568558.979901226,
2017-04-13,4208,416014.991179422,4568576.703509635,
2017-04-13,4209,416015.4012882881,4568586.893582152,
2017-04-13,4210,416017.23692780785,4568571.345149685,
2017-04-13,4211,416019.85132160364,4568541.736008843,5.16753165390239
2017-04-13,4212,416022.5055467094,4568511.407698358,
2017-04-13,4213,416024.46068015904,4568493.701756967,
2017-04-13,4214,416025.020803213,4568501.183265536,
2017-04-13,4215,416025.00214227923,4568519.114941924,
2017-04-13,4216,416025.0000627753,4568536.747234211,6.277527427991658e-05
2017-04-13,4217,416025.00019453245,4568554.339601322,
2017-04-13,4218,416025.00782896334,4568571.796504774,
2017-04-13,4219,416025.14135636267,4568586.980362191,
2017-04-13,4220,416026.6510637941,4568577.316759109,
2017-04-13,4221,416029.1329791652,4568550.099567245,
2017-04-13,4222,416031.8481795101,4568518.670325332,
2017-04-13,4223,416034.05774186284,4568496.370572105,
2017-04-13,4224,416035.02387770906,4568496.521363346,
2017-04-13,4225,416034.99938237295,4568514.558382113,
2017-04-13,4226,416034.999707293,4568532.147261601,
2017-04-13,4227,416035.0004828592,4568549.728004489,
2017-04-13,4228,416035.0037232015,4568567.264244903,
2017-04-13,4229,416034.99870839104,4568584.949535279,
2017-04-13,4230,416036.1318366757,4568582.085213734,
2017-04-13,4231,416038.4306265024,4568558.174424104,
2017-04-13,4232,416041.1561549667,4568526.558704017,
2017-04-13,4233,416043.56949910254,4568500.579592209,
2017-04-13,4234,416044.93173594435,4568493.578627417,
2017-04-13,4235,416044.992422342,4568510.077657168,
2017-04-13,4236,416044.9994952573,4568527.544699008,
2017-04-13,4237,416045.0000090555,4568545.130168219,
2017-04-13,4238,416044.9981403724,4568562.758654055,
2017-04-13,4239,416044.97097959777,4568580.843798343,
2017-04-13,4240,416045.69250611664,4568585.411105197,
2017-04-13,4241,416047.75752327876,4568565.721171056,
2017-04-13,4242,416050.4427327426,4568534.833426053,
2017-04-13,4243,416053.00921154185,4568506.089408921,
2017-04-13,4244,416054.71803671087,4568492.830658397,
2017-04-13,4245,416054.99850194267,4568505.361496658,
2017-04-13,4246,416055.0008678244,4568522.913525792,
2017-04-13,4247,416054.99998266436,4568540.524253742,29.999982680043466
2017-04-13,4248,416054.9986551025,4568558.142969416,
2017-04-13,4249,416054.99623906,4568575.781338037,
2017-04-13,4250,416055.3463317825,4568587.055025142,
2017-04-13,4251,416057.1269291607,4568572.50039975,
2017-04-13,4252,416059.72117250395,4568543.255083087,20.434932292400905
2017-04-13,4253,416062.3901388466,4568512.660613889,
2017-04-13,4254,416064.3949052228,4568494.0585308885,
2017-04-13,4255,416065.02519342175,4568500.273180743,
2017-04-13,4256,416065.0021299866,4568518.284345988,
2017-04-13,4257,416065.0000455268,4568535.916727749,40.00004554918247
2017-04-13,4258,416065.00037323777,4568553.505556844,
2017-04-13,4259,416065.00807398057,4568570.961263002,
2017-04-13,4260,416065.1065733379,4568586.777565213,
2017-04-13,4261,416066.55210381193,4568578.272701822,
2017-04-13,4262,416069.0047339148,4568551.584266754,
2017-04-13,4263,416071.725540681,4568520.0537987435,
2017-04-13,4264,416073.9756011445,4568497.022836526,
2017-04-13,4265,416075.016207427,4568495.8290353585,
2017-04-13,4266,416074.99807800533,4568513.751115089,
2017-04-13,4267,416074.99961438595,4568531.318121183,
2017-04-13,4268,416075.00040808995,4568548.8985365955,
2017-04-13,4269,416075.00228738564,4568566.459351228,
2017-04-13,4270,416074.98637762544,4568584.341354118,
2017-04-13,4271,416076.0463068978,4568582.798668923,
2017-04-13,4272,416078.3066766404,4568559.581568705,
2017-04-13,4273,416081.02867671015,4568528.02955514,
2017-04-13,4274,416083.4733841413,4568501.484166961,
2017-04-13,4275,416084.9018759679,4568493.286942904,
2017-04-13,4276,416084.9919616299,4568509.2551576225,
2017-04-13,4277,416084.9995914265,4568526.712144744,
2017-04-13,4278,416084.9999625205,4568544.300190538,
2017-04-13,4279,416084.9979009005,4568561.93215992,
2017-04-13,4280,416084.9738326406,4568579.96146767,
2017-04-13,4281,416085.6227980836,4568585.838892693,
2017-04-13,4282,416087.64026034606,4568567.007580585,
2017-04-13,4283,416090.31280659925,4568536.348474719,
2017-04-13,4284,416092.9015138779,4568507.203113833,
2017-04-13,4285,416094.66745921585,4568492.913036664,
2017-04-13,4286,416095.0025449141,4568504.457681369,
2017-04-13,4287,416095.0012488826,4568522.075827759,
2017-04-13,4288,416095.0000102277,4568539.692938186,
2017-04-13,4289,416094.99903158034,4568557.305354078,
2017-04-13,4290,416095.00054635847,4568574.87275022,
2017-04-13,4291,416095.2948370337,4568587.153964779,
2017-04-13,4292,416097.018744696,4568573.622894033,
2017-04-13,4293,416099.59119001316,4568544.771149124,2.6777957200477815
2017-04-13,4294,416102.2732500194,4568513.9402687885,
2017-04-13,4295,416104.3260017488,4568494.471791761,
2017-04-13,4296,416105.0284232264,4568499.3840474915,
2017-04-13,4297,416105.0019417844,4568517.456926164,
2017-04-13,4298,416105.00000565295,4568535.086629802,
2017-04-13,4299,416105.000485301,4568552.672715612,
2017-04-13,4300,416105.0077438181,4568570.136406335,
2017-04-13,4301,416105.07568341313,4568586.504476819,
2017-04-13,4302,416106.4553893557,4568579.188100694,
2017-04-13,4303,416108.8770866168,4568553.058169998,
2017-04-13,4304,416111.60185223067,4568521.456223467,
2017-04-13,4305,416113.89076323144,4568497.723799839,
2017-04-13,4306,416115.00490040344,4568495.20237014,
2017-04-13,4307,416114.99665377935,4568512.946012154,
2017-04-13,4308,416114.99953465647,4568530.488742845,
2017-04-13,4309,416115.0003177369,4568548.069350064,
2017-04-13,4310,416115.00094015006,4568565.652858199,
2017-04-13,4311,416114.977800292,4568583.665403289,
2017-04-13,4312,416115.96345398924,4568583.46379221,
2017-04-13,4313,416118.1837560741,4568560.970128984,
2017-04-13,4314,416120.90058017586,4568529.511569517,
2017-04-13,4315,416123.3750033282,4568502.429652543,
2017-04-13,4316,416124.868102566,4568493.065916799,
2017-04-13,4317,416124.99204481987,4568508.42283771,
2017-04-13,4318,416124.9997518319,4568525.878430677,
2017-04-13,4319,416124.9999398053,4568543.469782786,
2017-04-13,4320,416124.9978457592,4568561.102337631,
2017-04-13,4321,416124.97796277795,4568579.056078561,
2017-04-13,4322,416125.55619826226,4568586.210560229,
2017-04-13,4323,416127.52445805125,4568568.267617727,
2017-04-13,4324,416130.1826935207,4568537.866898576,
2017-04-13,4325,416132.791981705,4568508.3499415135,
2017-04-13,4326,416134.6133996381,4568493.058285274,
2017-04-13,4327,416135.0074510243,4568503.538281774,
2017-04-13,4328,416135.0016005043,4568521.2386612035,
2017-04-13,4329,416135.00003609044,4568538.86165334,
2017-04-13,4330,416134.999413684,4568556.467637166,
2017-04-13,4331,416135.00379420264,4568573.983291256,
2017-04-13,4332,416135.24688183947,4568587.188996389,-42.25635214997637
2017-04-13,4333,416136.9124522125,4568574.711227867,
2017-04-13,4334,416139.46145192994,4568546.28280229,-14.992260098347968
2017-04-13,4335,416142.1549580261,4568515.2452583965,
2017-04-13,4336,416144.2540475349,4568494.940134916,
2017-04-13,4337,416145.03004599,4568498.523929986,
2017-04-13,4338,416145.0015454412,4568516.63326441,
2017-04-13,4339,416144.999940203,4568534.256993643,
2017-04-13,4340,416145.0005399313,4568551.840911352,
2017-04-13,4341,416145.0069581923,4568569.319773222,
2017-04-13,4342,416145.04876438575,4568586.1596923405,
2017-04-13,4343,416146.3609982232,4568580.061551056,
2017-04-13,4344,416148.7501150688,4568554.519872311,
2017-04-13,4345,416151.4771919566,4568522.876194837,
2017-04-13,4346,416153.803305921,4568498.472057371,
2017-04-13,4347,416154.9895339962,4568494.64899865,
2017-04-13,4348,416154.99522941187,4568512.140911764,
2017-04-13,4349,416154.99947731354,4568529.658960313,
2017-04-13,4350,416155.00022100966,4568547.240278626,
2017-04-13,4351,416154.99980102805,4568564.842607603,
2017-04-13,4352,416154.97252975375,4568582.929747003,
2017-04-13,4353,416155.8833557476,4568584.079178929,
2017-04-13,4354,416158.06194260134,4568562.338700269,
2017-04-13,4355,416160.7719431612,4568531.003342474,
2017-04-13,4356,416163.2744344615,4568503.414644281,
2017-04-13,4357,416164.83049353637,4568492.914144427,
2017-04-13,4358,416164.99279162934,4568507.578535892,
2017-04-13,4359,416164.99998568225,4568525.043390534,
2017-04-13,4360,416164.9999363139,4568542.639027936,
2017-04-13,4361,416164.99794271716,4568560.269769137,
2017-04-13,4362,416164.9829233727,4568578.135695221,
2017-04-13,4363,416165.4927844509,4568586.524703132,
2017-04-13,4364,416167.410194193,4568569.499877817,
2017-04-13,4365,416170.052471305,4568539.38729296,
2017-04-13,4366,416172.68069282116,4568509.528487294,
2017-04-13,4367,416174.5559357757,4568493.264999557,
2017-04-13,4368,416175.0127797937,4568502.611250903,
2017-04-13,4369,416175.0018904581,4568520.402608087,
2017-04-13,4370,416175.0000556478,4568538.030482335,
2017-04-13,4371,416174.9997691816,4568555.630400631,
2017-04-13,4372,416175.0060425405,4568573.111878767,
2017-04-13,4373,416175.202543998,4568587.15871531,
2017-04-13,4374,416176.80812950846,4568575.76399659,
2017-04-13,4375,416179.3320360526,4568547.788637923,-32.54136300416048
2017-04-13,4376,416182.0353406648,4568516.574178043,
2017-04-13,4377,416184.1791203792,4568495.462155685,
2017-04-13,4378,416185.0296150749,4568497.700892436,
2017-04-13,4379,416185.00090872525,4568515.813942673,
2017-04-13,4380,416184.99985529255,4568533.427708846,
2017-04-13,4381,416185.00054633804,4568551.009977798,
2017-04-13,4382,416185.0058368209,4568568.509202133,
2017-04-13,4383,416185.0258940538,4568585.741807106,
2017-04-13,4384,416186.26900821255,4568580.8916482385,
2017-04-13,4385,416188.62389706913,4568555.967969018,
2017-04-13,4386,416191.35163765744,4568524.312308178,
2017-04-13,4387,416193.7133070119,4568499.266204455,
2017-04-13,4388,416194.9699821665,4568494.171196582,
2017-04-13,4389,416194.9939246209,4568511.333652387,
2017-04-13,4390,416194.9994515659,4568528.828607308,
2017-04-13,4391,416195.000127117,4568546.411156009,
2017-04-13,4392,416194.9989472059,4568564.027205796,
2017-04-13,4393,416194.9701193731,4568582.142449466,
2017-04-13,4394,416195.8060899706,4568584.643424407,
2017-04-13,4395,416197.94131401944,4568563.685877889,
2017-04-13,4396,416200.64284346404,4568532.503469345,
2017-04-13,4397,416203.1717553385,4568504.437737511,
2017-04-13,4398,416204.7891266769,4568492.83022112,
2017-04-13,4399,416204.9943217754,4568506.7200906295,
2017-04-13,4400,416205.0002963006,4568524.206964315,
2017-04-13,4401,416204.9999474422,4568541.808009129,
2017-04-13,4402,416204.9981595422,4568559.435036387,
2017-04-13,4403,416204.988267788,4568577.208381864,
2017-04-13,4404,416205.43263444694,4568586.7799167335,
2017-04-13,4405,416207.29754656815,4568570.702956175,
2017-04-13,4406,416209.92221774906,4568540.9082531845,47.95183392818787
2017-04-13,4407,416212.5677250238,4568510.737346496,
2017-04-13,4408,416214.4951454263,4568493.531774844,
2017-04-13,4409,416215.01808458526,4568501.684652966,
2017-04-13,4410,416215.00208651286,4568519.568250363,
2017-04-13,4411,416215.00006429554,4568537.199508315,
2017-04-13,4412,416215.00006594515,4568554.794224565,
2017-04-13,4413,416215.00741108897,4568572.256351209,
2017-04-13,4414,416215.16190130694,4568587.061716866,
2017-04-13,4415,416216.7058543808,4568576.779795523,
2017-04-13,4416,416219.203020178,4568549.28725134,-49.93549917449486
2017-04-13,4417,416221.91447573283,4568517.925623053,
2017-04-13,4418,416224.1012980794,4568496.036449396,
2017-04-13,4419,416225.0266838444,4568496.922999047,
2017-04-13,4420,416224.99999940523,4568514.999542913,
2017-04-13,4421,416224.9997601282,4568532.598609191,
2017-04-13,4422,416225.0005137293,4568550.179748667,
2017-04-13,4423,416225.00449942064,4568567.702531521,
2017-04-13,4424,416225.0071502152,4568585.249416444,
2017-04-13,4425,416226.1794971218,4568581.676987573,
2017-04-13,4426,416228.49851041567,4568557.401055455,
2017-04-13,4427,416231.22526713077,4568525.763158827,
2017-04-13,4428,416233.6208443015,4568500.104836421,
2017-04-13,4429,416234.94631896185,4568493.767626971,
2017-04-13,4430,416234.9928591229,4568510.522072477,
2017-04-13,4431,416234.9994666227,4568527.997517562,
2017-04-13,4432,416235.0000452681,4568545.581815941,
2017-04-13,4433,416234.99835972476,4568563.20699511,
2017-04-13,4434,416234.97012251324,4568581.311574883,
2017-04-13,4435,416235.731734456,4568585.155123971,
2017-04-13,4436,416237.8219481263,4568565.010257174,
2017-04-13,4437,416240.5133588818,4568534.010545458,
2017-04-13,4438,416243.0670437568,4568505.497527557,
2017-04-13,4439,416244.7440797854,4568492.812742209,
2017-04-13,4440,416244.99675497523,4568505.8453403795,
2017-04-13,4441,416245.00065949175,4568523.369588871,
2017-04-13,4442,416244.99996858544,4568540.976809494,
2017-04-13,4443,416244.9984640033,4568558.598721342,
2017-04-13,4444,416244.9935493862,4568576.282202689,
2017-04-13,4445,416245.37582604826,4568586.974796359,
2017-04-13,4446,416247.18659297517,4568571.875448137,
2017-04-13,4447,416249.79201065126,4568542.428374591,30.12656992886688
2017-04-13,4448,416252.4531561107,4568511.9751144545,
2017-04-13,4449,416254.43110638764,4568493.857206464,
2017-04-13,4450,416255.0229187613,4568500.766552163,
2017-04-13,4451,416255.00215643627,4568518.736169982,
2017-04-13,4452,416255.00005742884,4568536.368814409,
2017-04-13,4453,416255.00028480205,4568553.959455135,
2017-04-13,4454,416255.0080195655,4568571.414547045,
2017-04-13,4455,416255.12503156415,4568586.896596385,
2017-04-13,4456,416256.6057046279,4568577.757219997,
2017-04-13,4457,416259.07448210457,4568550.777237876,
2017-04-13,4458,416261.7924410283,4568519.298188758,
2017-04-13,4459,416264.0206584333,4568496.661611377,
2017-04-13,4460,416265.020805661,4568496.198314028,
2017-04-13,4461,416264.9988106169,4568514.190189054,
2017-04-13,4462,416264.9996639188,4568531.769528405,
2017-04-13,4463,416265.0004513152,4568549.350057698,44.34563712496799
2017-04-13,4464,416265.0030657092,4568566.897599851,
2017-04-13,4465,416264.992596565,4568584.68137032,
2017-04-13,4466,416266.09254274843,4568582.416164389,
2017-04-13,4467,416268.3740329058,4568558.817726949,
2017-04-13,4468,416271.0981581741,4568527.2273421055,
2017-04-13,4469,416273.5259955876,4568500.986548591,
2017-04-13,4470,416274.91862218024,4568493.4368851455,
2017-04-13,4471,416274.9921526355,4568509.704010493,
2017-04-13,4472,416274.9995316931,4568527.165524806,
2017-04-13,4473,416274.9999846102,4568544.752093255,
2017-04-13,4474,416274.9980063529,4568562.382557493,
2017-04-13,4475,416274.972092537,4568580.445187461,
2017-04-13,4476,416275.660367002,4568585.612872957,
2017-04-13,4477,416277.7039227201,4568566.310433457,
2017-04-13,4478,416280.383567213,4568535.523166145,
2017-04-13,4479,416282.96037751494,4568506.592609758,
2017-04-13,4480,416284.6954306599,4568492.860303025,
2017-04-13,4481,416285.0002109323,4568504.952123861,
2017-04-13,4482,416285.0010430253,4568522.53184614,
2017-04-13,4483,416284.99999513896,4568540.14551217,
2017-04-13,4484,416284.9988238687,4568557.7614059495,
2017-04-13,4485,416284.99832153006,4568575.365221905,
2017-04-13,4486,416285.3224370533,4568587.107937347,
2017-04-13,4487,416287.0774112123,4568573.01594904,
2017-04-13,4488,416289.6619278098,4568543.946252513,12.336231726443158
2017-04-13,4489,416292.33706388035,4568513.240386505,
2017-04-13,4490,416294.3638964577,4568494.2398897465,
2017-04-13,4491,416295.0268356852,4568499.865012709,
2017-04-13,4492,416295.00206799735,4568517.906948893,
2017-04-13,4493,416295.0000304435,4568535.538483754,
2017-04-13,4494,416295.00043200364,4568553.12597947,18.128038542755014
2017-04-13,4495,416295.00798768725,4568570.584304735,
2017-04-13,4496,416295.0920125676,4568586.6619492015,
2017-04-13,4497,416296.50775804784,4568578.694865343,
2017-04-13,4498,416298.9464996303,4568552.25719286,14.627107972328245
2017-04-13,4499,416301.6693143492,4568520.690470486,
2017-04-13,4500,416303.93727923906,4568497.336236959,
2017-04-13,4501,416305.01153388753,4568495.53490158,
2017-04-13,4502,416304.9974367959,4568513.38417604,
2017-04-13,4503,416304.99957587325,4568530.940300212,
2017-04-13,4504,416305.00036830385,4568548.520738609,3.5199872485894037
2017-04-13,4505,416305.0016554032,4568566.092245578,
2017-04-13,4506,416304.9820312329,4568584.041313575,
2017-04-13,4507,416306.00822289055,4568583.107774012,
2017-04-13,4508,416308.25054233783,4568560.216578828,
2017-04-13,4509,416310.9703885856,4568528.703453347,
2017-04-13,4510,416313.428838668,4568501.909936304,
2017-04-13,4511,416314.8869696193,4568493.177566435,
2017-04-13,4512,416314.99192487577,4568508.877304901,
2017-04-13,4513,416314.999655986,4568526.332462763,
2017-04-13,4514,416314.9999494937,4568543.921909414,
2017-04-13,4515,416314.9978548583,4568561.554474898,
2017-04-13,4516,416314.97558280674,4568579.551351409,
2017-04-13,4517,416315.5920654061,4568586.015266689,
2017-04-13,4518,416317.58731559856,4568567.58500206,
2017-04-13,4519,416320.2535462551,4568537.039926726,
2017-04-13,4520,416322.8518344103,4568507.721579425,
2017-04-13,4521,416324.643257098,4568492.971498891,
2017-04-13,4522,416325.00469918206,4568504.040268892,
2017-04-13,4523,416325.0014146695,4568521.694318074,
2017-04-13,4524,416325.00002249854,4568539.314200297,
2017-04-13,4525,416324.99920690665,4568556.923672164,
2017-04-13,4526,416325.0021576555,4568574.465141301,
2017-04-13,4527,416325.2725452593,4568587.177935016,
2017-04-13,4528,416326.9700790767,4568574.123054198,
2017-04-13,4529,416329.5320470223,4568545.46048227,5.385425075851481
2017-04-13,4530,416332.2195261302,4568514.531757967,
2017-04-13,4531,416334.2935934347,4568494.678420024,
2017-04-13,4532,416335.02938871953,4568498.988098806,
2017-04-13,4533,416335.0017889644,4568517.081169059,
2017-04-13,4534,416334.99997883453,4568534.708597688,
2017-04-13,4535,416335.00051675877,4568552.293631298,0.0005167587672371568
2017-04-13,4536,416335.00743517134,4568569.763462737,
2017-04-13,4537,416335.0629221151,4568586.356370639,
2017-04-13,4538,416336.4120924377,4568579.59132689,
2017-04-13,4539,416338.8191505522,4568553.725711621,3.8335279206679154
2017-04-13,4540,416341.545173493,4568522.101063573,
2017-04-13,4541,416343.85123829404,4568498.058921475,
2017-04-13,4542,416344.9984219896,4568494.9408240635,
2017-04-13,4543,416344.99599765893,4568512.579342328,
2017-04-13,4544,416344.999505201,4568530.110758344,
2017-04-13,4545,416345.0002739049,4568547.691625136,10.000273973358345
2017-04-13,4546,416345.00038822036,4568565.28430717,
2017-04-13,4547,416344.97501584754,4568583.337161172,
2017-04-13,4548,416345.9266153459,4568583.750411774,
2017-04-13,4549,416348.1281165095,4568561.596206423,
2017-04-13,4550,416350.8420361633,4568530.190087882,
2017-04-13,4551,416353.32945134107,4568502.873594886,
2017-04-13,4552,416354.8514390773,4568492.988266171,
2017-04-13,4553,416354.9922955606,4568508.0397941535,
2017-04-13,4554,416354.9998487106,4568525.498165163,
2017-04-13,4555,416354.9999361076,4568543.091333215,
2017-04-13,4556,416354.9978730098,4568560.7233292805,
2017-04-13,4557,416354.9801466856,4568578.63813093,
2017-04-13,4558,416355.5269074661,4568586.360900494,
2017-04-13,4559,416357.4722045589,4568568.832558315,
2017-04-13,4560,416360.1233738057,4568538.5594225405,
2017-04-13,4561,416362.7414922406,4568508.883031904,
2017-04-13,4562,416364.5876368977,4568493.144925142,
2017-04-13,4563,416365.00985324325,4568503.116392453,
2017-04-13,4564,416365.0017421929,4568520.85758663,
2017-04-13,4565,416365.0000460597,4568538.482957008,
2017-04-13,4566,416364.9995808858,4568556.086101939,
2017-04-13,4567,416365.0049352829,4568573.584172278,
2017-04-13,4568,416365.2262284644,4568587.183384703,-37.75343907751546
2017-04-13,4569,416366.8646743666,4568575.1953589525,
2017-04-13,4570,416369.4024460864,4568546.969659198,
2017-04-13,4571,416372.100620658,4568515.847824175,
2017-04-13,4572,416374.22027511575,4568495.17139262,
2017-04-13,4573,416375.0301312271,4568498.143874663,
2017-04-13,4574,416375.0012871057,4568516.259412422,
2017-04-13,4575,416374.999903378,4568533.879142203,
2017-04-13,4576,416375.00054827664,4568551.462244348,40.00054827848212
2017-04-13,4577,416375.0064817349,4568568.949859512,
2017-04-13,4578,416375.0378380043,4568585.978456033,
2017-04-13,4579,416376.3187855958,4568580.4451999655,
2017-04-13,4580,416378.6925126691,4568555.181389491,2.0893296286941876
2017-04-13,4581,416381.4200962578,4568523.528563339,
2017-04-13,4582,416383.7626133964,4568498.828260247,
2017-04-13,4583,416384.981141119,4568494.42201895,
2017-04-13,4584,416384.9946129231,4568511.773526374,
2017-04-13,4585,416384.99946111056,4568529.2807365265,
2017-04-13,4586,416385.0001773269,4568546.862551001,
2017-04-13,4587,416384.9993769434,4568564.471748279,
2017-04-13,4588,416384.97110377153,4568582.576977323,
2017-04-13,4589,416385.84779791237,4568584.3426730065,
2017-04-13,4590,416388.0068332188,4568562.955205064,
2017-04-13,4591,416390.7131787046,4568531.685841039,
2017-04-13,4592,416393.22791140416,4568503.876119667,
2017-04-13,4593,416394.81210835173,4568492.867579683,
2017-04-13,4594,416394.99338440766,4568507.189316719,
2017-04-13,4595,416395.0001186213,4568524.6624739375,
2017-04-13,4596,416394.9999398479,4568542.260447798,
2017-04-13,4597,416394.9980285757,4568559.889702593,
2017-04-13,4598,416394.98533753643,4568577.713590236,
2017-04-13,4599,416395.4649709807,4568586.648369715,
2017-04-13,4600,416397.35866740043,4568570.0516975615,
2017-04-13,4601,416399.99312766356,4568540.080248919,
2017-04-13,4602,416402.6294288044,4568510.075562523,
2017-04-13,4603,416404.5286478569,4568493.379177108,
2017-04-13,4604,416405.0152264777,4568502.18855875,
2017-04-13,4605,416405.00199336384,4568520.022233753,
2017-04-13,4606,416405.0000612177,4568537.651865438,
2017-04-13,4607,416404.9999135749,4568555.249277228,
2017-04-13,4608,416405.00676794676,4568572.720264942,
2017-04-13,4609,416405.18356446625,4568587.122881735,
2017-04-13,4610,416406.7612748796,4568576.231458627,
2017-04-13,4611,416409.27320280013,4568548.472378624,
2017-04-13,4612,416411.980425262,4568517.1871804595,
2017-04-13,4613,416414.1440192994,4568495.717402869,
2017-04-13,4614,416415.0286165706,4568497.3404044835,
2017-04-13,4615,416415.0005301899,4568515.442260941,
2017-04-13,4616,416414.99981265375,4568533.049962375,
2017-04-13,4617,416415.00053576584,4568550.631652343,
2017-04-13,4618,416415.00524709513,4568568.14133352,
2017-04-13,4619,416415.0168380334,4568585.52680071,
2017-04-13,4620,416416.2279153204,4568581.255079905,
2017-04-13,4621,416418.56666377845,4568556.622821796,-18.622207604792084
2017-04-13,4622,416421.2941604415,4568524.971565119,
2017-04-13,4623,416423.67148234404,4568499.64284861,
2017-04-13,4624,416424.9597065201,4568493.978211004,
2017-04-13,4625,416424.9934023063,4568510.964566646,
2017-04-13,4626,416424.9994528113,4568528.450068489,
2017-04-13,4627,416425.0000877795,4568546.033349936,
2017-04-13,4628,416424.99864846206,4568563.654083401,
2017-04-13,4629,416424.96984836797,4568581.768826233,
2017-04-13,4630,416425.77184838784,4568584.883153037,
2017-04-13,4631,416427.8867702633,4568564.292170079,
2017-04-13,4632,416430.58389400796,4568533.189308148,
2017-04-13,4633,416433.12429665576,4568504.916105975,
2017-04-13,4634,416434.7690552408,4568492.814102299,
2017-04-13,4635,416434.9953111337,4568506.323711051,
2017-04-13,4636,416435.000457188,4568523.825543093,
2017-04-13,4637,416434.9999561099,4568541.429336294,
2017-04-13,4638,416434.9982893246,4568559.054176788,
2017-04-13,4639,416434.99070872174,4568576.78579353,
2017-04-13,4640,416435.40633374697,4568586.876269667,
2017-04-13,4641,416437.24678192,4568571.241015118,
2017-04-13,4642,416439.86288562603,4568541.601001186,
2017-04-13,4643,416442.515721899,4568511.297766607,
2017-04-13,4644,416444.46636777325,4568493.672850116,
2017-04-13,4645,416445.02037224855,4568501.264831987,
2017-04-13,4646,416445.00213595096,4568519.188841404,
2017-04-13,4647,416445.0000633683,4568536.821008725,
2017-04-13,4648,416445.0001751294,4568554.413736872,
2017-04-13,4649,416445.0077753583,4568571.871257854,
2017-04-13,4650,416445.1446309602,4568586.995023296,
2017-04-13,4651,416446.65995733,4568577.229968122,
2017-04-13,4652,416449.14439259993,4568549.967278514,
2017-04-13,4653,416451.8590146492,4568518.548477951,
2017-04-13,4654,416454.06490135647,4568496.315089915,
2017-04-13,4655,416455.0243985652,4568496.58574431,
2017-04-13,4656,416454.99948776304,4568514.630264478,
2017-04-13,4657,416454.9996766918,4568532.221599336,
2017-04-13,4658,416454.9999603393,4568549.811224007,
2017-04-13,4659,416454.99999697134,4568567.405308643,
2017-04-13,4660,416455.0,4568585.0,
2017-04-16,0,411745.00000000006,4568545.000000001,5.820766091346741e-11
2017-04-16,1,411745.00000302866,4568562.594691358,
2017-04-16,2,411745.00003966055,4568580.188775992,
2017-04-16,3,411745.0003233083,4568597.778400664,
2017-04-16,4,411745.0005122371,4568615.369735524,
2017-04-16,5,411744.97560143477,4568633.41425569,
2017-04-16,6,411745.93509864394,4568633.684910088,
2017-04-16,7,411748.1409853514,4568611.451522053,
2017-04-16,8,411750.8556074006,4568580.03272149,
2017-04-16,9,411753.3400426703,4568552.770031879,8.383634767278537
2017-04-16,10,411754.8553690399,4568543.004976706,8.950610082177535
2017-04-16,11,411754.9922246418,4568558.128742147,
2017-04-16,12,411754.99982487055,4568575.586263127,
2017-04-16,13,411754.9999366318,4568593.178991276,
2017-04-16,14,411754.9978640491,4568610.811158596,
2017-04-16,15,411754.97962775145,4568628.735168015,
2017-04-16,16,411755.5336322266,4568636.327149884,
2017-04-16,17,411757.4842781009,4568618.702233392,
2017-04-16,18,411760.1371143742,4568588.398998814,
2017-04-16,19,411762.7532180801,4568558.758984881,
2017-04-16,20,411764.59366625315,4568543.123730332,10.829882092639394
2017-04-16,21,411765.0092912782,4568553.214206471,0.009291430855190796
2017-04-16,22,411765.0017106754,4568570.945823211,
2017-04-16,23,411765.00004389003,4568588.5706637055,
2017-04-16,24,411764.9995428117,4568606.174456904,
2017-04-16,25,411765.0046888662,4568623.67628895,
2017-04-16,26,411765.2309447593,4568637.185897701,
2017-04-16,27,411766.87570334465,4568625.0838940265,
2017-04-16,28,411769.41610599234,4568596.810691854,
2017-04-16,29,411772.11322973674,4568565.707829921,
2017-04-16,30,411774.2281516122,4568545.116846964,0.7799077599361969
2017-04-16,31,411775.03015163186,4568548.231173764,0.030151631984095983
2017-04-16,32,411775.00135153777,4568566.345916598,
2017-04-16,33,411774.99991222064,4568583.966650065,
2017-04-16,34,411775.0005471887,4568601.549931511,
2017-04-16,35,411775.0065976937,4568619.035433355,
2017-04-16,36,411775.04029348004,4568636.021788996,
2017-04-16,37,411776.3285176565,4568630.357151392,
2017-04-16,38,411778.705839559,4568605.028434883,
2017-04-16,39,411781.4333362221,4568573.377178207,
2017-04-16,40,411783.77208468004,4568548.744920099,8.82872608786748
2017-04-16,41,411784.9831619667,4568544.473199291,19.998133152875372
2017-04-16,42,411784.9947529048,4568561.85866648,
2017-04-16,43,411784.999464234,4568579.368347654,
2017-04-16,44,411785.0001873464,4568596.950037626,
2017-04-16,45,411784.99946981017,4568614.557739059,
2017-04-16,46,411784.9713834295,4568632.659595517,
2017-04-16,47,411785.8559807009,4568634.282597131,
2017-04-16,48,411788.0195747383,4568612.812819542,
2017-04-16,49,411790.72679720016,4568581.527621379,
2017-04-16,50,411793.23872512067,4568553.768541376,1.7701661169728866
2017-04-16,51,411794.81643553404,4568542.877118269,5.32800943813111
2017-04-16,52,411794.9932320533,4568557.2797350595,
2017-04-16,53,411795.0000864252,4568574.750722772,
2017-04-16,54,411794.9999387823,4568592.348134561,
2017-04-16,55,411794.9980066361,4568609.977766246,
2017-04-16,56,411794.9847735225,4568627.811441253,
2017-04-16,57,411795.47135214333,4568636.6208228925,
2017-04-16,58,411797.3705711958,4568619.924437477,
2017-04-16,59,411800.00687233644,4568589.919751081,
2017-04-16,60,411802.64133259957,4568559.9483024385,
2017-04-16,61,411804.53502901923,4568543.351630285,
2017-04-16,62,411805.0146624637,4568552.286409764,10.01482940202936
2017-04-16,63,411805.0019714243,4568570.110297408,
2017-04-16,64,411805.0000601521,4568587.739552204,
2017-04-16,65,411804.999881379,4568605.337526064,
2017-04-16,66,411805.0066155925,4568622.810683284,
2017-04-16,67,411805.1878916481,4568637.132420317,
2017-04-16,68,411806.7720885957,4568626.123880334,
2017-04-16,69,411809.28682129533,4568598.314158965,
2017-04-16,70,411811.9931667814,4568567.04479494,
2017-04-16,71,411814.15220208775,4568545.657326996,
2017-04-16,72,411815.0288962284,4568547.423022678,20.02899842256821
2017-04-16,73,411815.00062305667,4568565.528251721,
2017-04-16,74,411814.99982267304,4568583.137448999,
2017-04-16,75,411815.0005388893,4568600.719263474,
2017-04-16,76,411815.00538707676,4568618.226473624,
2017-04-16,77,411815.01885888114,4568635.577981052,
2017-04-16,78,411816.2373866041,4568631.171739755,
2017-04-16,79,411818.5799037426,4568606.4714366635,
2017-04-16,80,411821.3074873313,4568574.818610513,
2017-04-16,81,411823.6812144043,4568549.554800036,28.856366358715686
2017-04-16,82,411824.9621619957,4568544.021543968,30.008462169565547
2017-04-16,83,411824.99351826514,4568561.050140489,
2017-04-16,84,411824.9994517234,4568578.537755651,
2017-04-16,85,411825.0000966221,4568596.120857797,
2017-04-16,86,411824.9987128942,4568613.740587577,
2017-04-16,87,411824.96986877295,4568631.856125338,
2017-04-16,88,411825.77972488455,4568634.82860738,
2017-04-16,89,411827.89937934245,4568614.152175826,
2017-04-16,90,411830.59755391424,4568583.030340806,
2017-04-16,91,411833.13532563404,4568554.804641053,1.9824828763613869
2017-04-16,92,411834.773771536,4568542.8166153,14.291991827985724
2017-04-16,93,411834.995064717,4568556.415827721,
2017-04-16,94,411835.000419114,4568573.913898061,
2017-04-16,95,411834.9999539404,4568591.517042993,
2017-04-16,96,411834.99825780705,4568609.142413368,
2017-04-16,97,411834.99014675675,4568626.883607548,
2017-04-16,98,411835.41236310254,4568636.855074858,
2017-04-16,99,411837.25850775966,4568621.116968095,
2017-04-16,100,411839.87662619445,4568591.4405774595,
2017-04-16,101,411842.527795441,4568561.167441684,
2017-04-16,102,411844.47309253365,4568543.639099505,
2017-04-16,103,411845.0198533142,4568551.361869068,
2017-04-16,104,411845.0021269902,4568569.2766707195,
2017-04-16,105,411845.00006389234,4568586.908666785,
2017-04-16,106,411845.00015128957,4568604.501834836,
2017-04-16,107,411845.0077044393,4568621.960205846,
2017-04-16,108,411845.1485609228,4568637.011733828,
2017-04-16,109,411846.67054865934,4568627.126405115,
2017-04-16,110,411849.1579638373,4568599.809912121,
2017-04-16,111,411851.87188349117,4568568.403793583,
2017-04-16,112,411854.0733846547,4568546.249588231,
2017-04-16,113,411855.0249841525,4568546.662838828,
2017-04-16,114,411854.9996117796,4568564.715692832,
2017-04-16,115,411854.99972609506,4568582.308374863,
2017-04-16,116,411855.000494799,4568599.889241654,
2017-04-16,117,411855.0040023411,4568617.420657672,
2017-04-16,118,411855.0015780106,4568635.059175938,
2017-04-16,119,411856.1487617065,4568631.941078529,
2017-04-16,120,411858.45482650766,4568607.898936433,
2017-04-16,121,411861.1808494483,4568576.274288383,
2017-04-16,122,411863.58790756273,4568550.408673115,42.77925099404968
2017-04-16,123,411864.93707788526,4568543.643629365,
2017-04-16,124,411864.9925648287,4568560.236537265,
2017-04-16,125,411864.99948324123,4568577.7063687015,
2017-04-16,126,411865.00002116535,4568595.291402311,
2017-04-16,127,411864.9982110356,4568612.918830942,
2017-04-16,128,411864.97061128047,4568631.011901193,
2017-04-16,129,411865.7064065656,4568635.321579978,
2017-04-16,130,411867.7804738701,4568615.468242034,
2017-04-16,131,411870.46795297775,4568584.5395177305,
2017-04-16,132,411873.0299209233,4568555.876945804,-9.027513531471133
2017-04-16,133,411874.72745474067,4568542.8220649855,15.510981658253282
2017-04-16,134,411874.9978423447,4568555.5348587,
2017-04-16,135,411875.00079309347,4568573.076327836,
2017-04-16,136,411874.9999775013,4568590.685799702,
2017-04-16,137,411874.9985853305,4568608.305681924,
2017-04-16,138,411874.99530081777,4568625.959731106,
2017-04-16,139,411875.3567429023,4568637.028501109,
2017-04-16,140,411877.14816559025,4568622.278420577,
2017-04-16,141,411879.7464537454,4568592.960073277,
2017-04-16,142,411882.412684402,4568562.414997947,
2017-04-16,143,411884.40793459426,4568543.984733317,
2017-04-16,144,411885.02441719326,4568550.4486485915,
2017-04-16,145,411885.00214514154,4568568.445525102,
2017-04-16,146,411885.0000505065,4568586.078090589,
2017-04-16,147,411885.00034401385,4568603.667537237,
2017-04-16,148,411885.00807512447,4568621.122695101,
2017-04-16,149,411885.1130303808,4568636.822433566,
2017-04-16,150,411886.571161332,4568628.090063697,
2017-04-16,151,411889.0296114146,4568601.296546656,
2017-04-16,152,411891.7494576624,4568569.7834211765,
2017-04-16,153,411893.9917771097,4568546.892225993,
2017-04-16,154,411895.01796876715,4568545.958686429,
2017-04-16,155,411894.99834459677,4568563.907754422,
2017-04-16,156,411894.99963169615,4568581.479261389,
2017-04-16,157,411895.0004241266,4568599.059699787,
2017-04-16,158,411895.00256320415,4568616.615823959,
2017-04-16,159,411894.9884661124,4568634.465098417,
2017-04-16,160,411896.062720761,4568632.66376304,
2017-04-16,161,411898.330685651,4568609.309529514,
2017-04-16,162,411901.0535003701,4568577.742807142,
2017-04-16,163,411903.4922419527,4568551.305134661,35.20051646988899
2017-04-16,164,411904.90798743267,4568543.338050802,
2017-04-16,165,411904.99201231275,4568559.415695266,
2017-04-16,166,411904.99956799654,4568576.874020529,
2017-04-16,167,411904.9999695565,4568594.461516246,
2017-04-16,168,411904.9979320027,4568612.093051106,
2017-04-16,169,411904.9731643147,4568630.134987292,
2017-04-16,170,411905.63610354223,4568635.760110253,
2017-04-16,171,411907.6629361198,4568616.759613497,
2017-04-16,172,411910.3380721904,4568586.053747491,
2017-04-16,173,411912.9225887881,4568556.984050967,-20.69336367003417
2017-04-16,174,411914.6775629469,4568542.8920626575,26.759456081380048
2017-04-16,175,411915.0016784699,4568554.6347780945,
2017-04-16,176,411915.00117613125,4568572.238594048,
2017-04-16,177,411915.00000486104,4568589.854487829,
2017-04-16,178,411914.99895697465,4568607.468153859,
2017-04-16,179,411914.9997890677,4568625.04787614,
2017-04-16,180,411915.3045693402,4568637.139696976,
2017-04-16,181,411917.0396224854,4568623.407390247,
2017-04-16,182,411919.6164327874,4568594.47683386,
2017-04-16,183,411922.2960772803,4568563.68956655,
2017-04-16,184,411924.33963299834,4568544.387127047,
2017-04-16,185,411925.0279074632,4568549.554812539,
2017-04-16,186,411925.0019936472,4568567.617442508,
2017-04-16,187,411925.0000153899,4568585.247906745,
2017-04-16,188,411925.0004683068,4568602.834475194,
2017-04-16,189,411925.00784736447,4568620.295989507,
2017-04-16,190,411925.08137781994,4568636.563114855,
2017-04-16,191,411926.4740044128,4568629.013451408,
2017-04-16,192,411928.90184182615,4568602.772657895,
2017-04-16,193,411931.6259670943,4568571.182273054,
2017-04-16,194,411933.90745725157,4568547.583835614,
2017-04-16,195,411935.007403435,4568545.318629681,
2017-04-16,196,411934.996934291,4568563.102400151,
2017-04-16,197,411934.99954868486,4568580.649942301,
2017-04-16,198,411935.0003360812,4568598.230471597,
2017-04-16,199,411935.0011893831,4568615.809810945,
2017-04-16,200,411934.979194339,4568633.801685972,
2017-04-16,201,411935.9793415667,4568633.338388624,
2017-04-16,202,411938.20755897166,4568610.701811245,
2017-04-16,203,411940.9255178952,4568579.2227621265,
2017-04-16,204,411943.3942953719,4568552.242780007,26.800291908331115
2017-04-16,205,411944.8749684358,4568543.103403617,
2017-04-16,206,411944.9919804345,4568558.585452955,
2017-04-16,207,411944.99971519766,4568576.040544862,
2017-04-16,208,411944.99994257116,4568593.631185593,
2017-04-16,209,411944.99784356356,4568611.263830018,
2017-04-16,210,411944.9770812387,4568629.233447837,
2017-04-16,211,411945.56889361236,4568636.142793537,
2017-04-16,212,411947.54684388917,4568618.0248855455,
2017-04-16,213,411950.2079893486,4568587.571625411,
2017-04-16,214,411952.8134070247,4568558.124551864,-32.9812193199215
2017-04-16,215,411954.62417395174,4568543.025203642,37.64290367456448
2017-04-16,216,411955.00645061384,4568553.717797311,
2017-04-16,217,411955.00153599674,4568571.40127866,
2017-04-16,218,411955.00003141456,4568589.023190506,
2017-04-16,219,411954.99934050825,4568606.630411129,
2017-04-16,220,411955.0032450247,4568624.154659621,
2017-04-16,221,411955.25592021446,4568637.18725779,
2017-04-16,222,411956.932956243,4568624.502472442,
2017-04-16,223,411959.48664111795,4568595.989454543,
2017-04-16,224,411962.1780518736,4568564.9897428285,
2017-04-16,225,411964.26826554385,4568544.84487603,
2017-04-16,226,411965.0298774869,4568548.688425119,
2017-04-16,227,411965.0016402749,4568566.79300489,
2017-04-16,228,411964.99995473213,4568584.418184061,
2017-04-16,229,411965.0005333773,4568602.0024824375,
2017-04-16,230,411965.0071408769,4568619.477927525,
2017-04-16,231,411965.05368103815,4568636.232373029,
2017-04-16,232,411966.3791556989,4568629.895163582,
2017-04-16,233,411968.7747328698,4568604.236841176,
2017-04-16,234,411971.50148958515,4568572.598944549,
2017-04-16,235,411973.82050287887,4568548.323012431,
2017-04-16,236,411974.9928497851,4568544.750583558,
2017-04-16,237,411974.9955005793,4568562.297468478,
2017-04-16,238,411974.99948627054,4568579.820251331,
2017-04-16,239,411975.00023987173,4568597.401390809,
2017-04-16,240,411975.0000005949,4568615.000457089,
2017-04-16,241,411974.97331615567,4568633.077000953,
2017-04-16,242,411975.8987019209,4568633.963550606,
2017-04-16,243,411978.0855242675,4568612.074376951,
2017-04-16,244,411980.7969798222,4568580.7127486635,
2017-04-16,245,411983.2941456194,4568553.220204481,17.617173193498253
2017-04-16,246,411984.8380986931,4568542.938283137,42.45147122798505
2017-04-16,247,411984.99258891103,4568557.743648791,40.007437166017425
2017-04-16,248,411984.9999340547,4568575.205775432,
2017-04-16,249,411984.9999357045,4568592.800491687,
2017-04-16,250,411984.9979134872,4568610.431749636,
2017-04-16,251,411984.9819154148,4568628.315347035,
2017-04-16,252,411985.5048545738,4568636.468225157,
2017-04-16,253,411987.43227497657,4568619.2626535045,
2017-04-16,254,411990.07778225123,4568589.091746816,
2017-04-16,255,411992.70245343196,4568559.297043825,32.440279126411205
2017-04-16,256,411994.56736555323,4568543.2200832665,46.87431169527567
2017-04-16,257,411995.01173221203,4568552.791618138,
2017-04-16,258,411995.00184045755,4568570.564963611,
2017-04-16,259,411995.0000525579,4568588.191990873,
2017-04-16,260,411994.99970369943,4568605.793035686,
2017-04-16,261,411995.00567822455,4568623.279909371,
2017-04-16,262,411995.21087332314,4568637.16977888,
2017-04-16,263,411996.82824466174,4568625.562262489,
2017-04-16,264,411999.3571565364,4568597.496530656,
2017-04-16,265,412002.05868598085,4568566.3141221125,
2017-04-16,266,412004.1939100296,4568545.356575595,
2017-04-16,267,412005.02988062706,4568547.857550536,
2017-04-16,268,412005.001052794,4568565.972794203,
2017-04-16,269,412004.9998728831,4568583.588843991,
2017-04-16,270,412005.00054843415,4568601.171392693,
2017-04-16,271,412005.00607537915,4568618.666347614,
2017-04-16,272,412005.0300178337,4568635.828803418,
2017-04-16,273,412006.2866929885,4568630.733795546,
2017-04-16,274,412008.6483623429,4568605.687691824,
2017-04-16,275,412011.37610293116,4568574.032030985,
2017-04-16,276,412013.7309917875,4568549.108351764,
2017-04-16,277,412014.97410594625,4568544.258192896,
2017-04-16,278,412014.99416317925,4568561.490797868,10.00584877385943
2017-04-16,279,412014.99945366196,4568578.990022201,
2017-04-16,280,412015.0001447074,4568596.572291154,
2017-04-16,281,412014.99909127457,4568614.186057326,
2017-04-16,282,412014.9703849253,4568632.2991075665,
2017-04-16,283,412015.82087962085,4568634.537844316,
2017-04-16,284,412017.9646593354,4568613.425821958,
2017-04-16,285,412020.6679639476,4568582.211362079,
2017-04-16,286,412023.19187049184,4568554.23600341,11.487468079688236
2017-04-16,287,412024.7974560021,4568542.84128469,21.836389670234457
2017-04-16,288,412024.99395745975,4568556.888121235,0.00604255322002714
2017-04-16,289,412025.0002308182,4568574.369599369,
2017-04-16,290,412024.99994435214,4568591.969517664,
2017-04-16,291,412024.9981095418,4568609.597391911,
2017-04-16,292,412024.98722020636,4568627.3887490975,
2017-04-16,293,412025.44406422443,4568636.735000444,
2017-04-16,294,412027.3193071793,4568620.471512711,
2017-04-16,295,412029.9475286956,4568590.612707047,
2017-04-16,296,412032.5898058077,4568560.5001221895,2.8388240803112286
2017-04-16,297,412034.5072155494,4568543.47529687,
2017-04-16,298,412035.017076627,4568551.864304775,
2017-04-16,299,412035.0020572828,4568569.730230864,
2017-04-16,300,412035.00006368617,4568587.360972065,
2017-04-16,301,412035.0000143177,4568604.956609463,
2017-04-16,302,412035.0072083707,4568622.42146411,
2017-04-16,303,412035.1695064637,4568637.085855574,
2017-04-16,304,412036.72556553857,4568626.585355717,
2017-04-16,305,412039.2280568389,4568598.996657526,
2017-04-16,306,412041.93805739866,4568567.661299732,
2017-04-16,307,412044.1166442524,4568545.920821071,
2017-04-16,308,412045.02747024654,4568547.070252999,
2017-04-16,309,412045.0001989723,4568565.157392399,
2017-04-16,310,412044.9997789905,4568582.759721374,
2017-04-16,311,412045.0005226865,4568600.341039689,
2017-04-16,312,412045.004770588,4568617.859088236,
2017-04-16,313,412045.0104660037,4568635.351001349,
2017-04-16,314,412046.19669407903,4568631.527942627,
2017-04-16,315,412048.5228080435,4568607.12380516,
2017-04-16,316,412051.2498849315,4568575.480127687,
2017-04-16,317,412053.63900177693,4568549.938448941,
2017-04-16,318,412054.95123561437,4568543.84030766,
2017-04-16,319,412054.99304180767,4568560.680226779,0.006958197315497902
2017-04-16,320,412054.99946006853,4568578.159088646,
2017-04-16,321,412055.000059797,4568595.74300636,
2017-04-16,322,412054.9984545588,4568613.366735591,
2017-04-16,323,412054.9699540102,4568631.476070014,
2017-04-16,324,412055.7459524652,4568635.0598650845,
2017-04-16,325,412057.84504197416,4568614.754741605,
2017-04-16,326,412060.53854807024,4568583.71719771,
2017-04-16,327,412063.08754778764,4568555.288772134,1.4854126291366752
2017-04-16,328,412064.75311816065,4568542.811003611,12.208456419513235
2017-04-16,329,412064.99620579736,4568556.016708744,1.0097891713329576
2017-04-16,330,412065.0005863159,4568573.532362834,
2017-04-16,331,412064.9999639096,4568591.138346661,
2017-04-16,332,412064.99839949573,4568608.761338797,
2017-04-16,333,412064.9925489758,4568626.461718228,
2017-04-16,334,412065.38660036173,4568636.941714729,
2017-04-16,335,412067.2080182949,4568621.650058488,
2017-04-16,336,412069.81730647903,4568592.133101423,
2017-04-16,337,412072.4755419486,4568561.732382272,13.06259287732645
2017-04-16,338,412074.4438017376,4568543.789439769,
2017-04-16,339,412075.0220372222,4568550.943921441,
2017-04-16,340,412075.0021542407,4568568.8976623705,
2017-04-16,341,412075.00006019487,4568586.530217216,
2017-04-16,342,412075.0002481681,4568604.1215693215,
2017-04-16,343,412075.0079551803,4568621.577162293,
2017-04-16,344,412075.1318974339,4568636.934083204,
2017-04-16,345,412076.6249966715,4568627.570347458,
2017-04-16,346,412079.09941982396,4568600.488430485,
2017-04-16,347,412081.81624392566,4568569.029871018,
2017-04-16,348,412084.03654601076,4568546.536207791,
2017-04-16,349,412085.0221997082,4568546.334596713,
2017-04-16,350,412084.99905985,4568564.347141802,10.000952368208722
2017-04-16,351,412084.999682263,4568581.930649933,
2017-04-16,352,412085.0004653436,4568599.511257155,
2017-04-16,353,412085.0033462209,4568617.053987849,
2017-04-16,354,412084.9950995967,4568634.79762986,
2017-04-16,355,412086.1092367689,4568632.276200162,
2017-04-16,356,412088.39814776997,4568608.5437765345,
2017-04-16,357,412091.122913384,4568576.9418300055,
2017-04-16,358,412093.54461064504,4568550.81189931,39.43082305791635
2017-04-16,359,412094.92431658704,4568543.495523181,
2017-04-16,360,412094.992256182,4568559.863593669,0.0077438199080892625
2017-04-16,361,412094.99951469887,4568577.327284386,
2017-04-16,362,412094.999994347,4568594.913370197,
2017-04-16,363,412094.99805821566,4568612.543073836,
2017-04-16,364,412094.9715767738,4568630.615952511,
2017-04-16,365,412095.67399825156,4568635.52820824,
2017-04-16,366,412097.72674998076,4568616.059731209,
2017-04-16,367,412100.4088099869,4568585.228850872,
2017-04-16,368,412102.98125530384,4568556.377105963,0.5876468174535364
2017-04-16,369,412104.7051629663,4568542.84603522,20.433461639415444
2017-04-16,370,412104.99945364165,4568555.127249781,0.1261730969623445
2017-04-16,371,412105.0009684194,4568572.694645921,
2017-04-16,372,412104.9999897723,4568590.307061816,
2017-04-16,373,412104.9987511174,4568607.924172242,
2017-04-16,374,412104.9974550859,4568625.542318631,
2017-04-16,375,412105.33254078415,4568637.086963336,
2017-04-16,376,412107.0984861222,4568622.796886167,
2017-04-16,377,412109.68719340087,4568593.651525282,
2017-04-16,378,412112.35973965423,4568562.992419418,14.123728014928977
2017-04-16,379,412114.37720191665,4568544.161107309,
2017-04-16,380,412115.0261673596,4568550.0385323325,
2017-04-16,381,412115.00209909945,4568568.067840079,
2017-04-16,382,412115.00003747945,4568585.699809461,
2017-04-16,383,412115.0004085734,4568603.287855255,
2017-04-16,384,412115.0080383701,4568620.744842379,
2017-04-16,385,412115.0981240321,4568636.713057097,
2017-04-16,386,412116.52661585866,4568628.515833038,
2017-04-16,387,412118.9713232898,4568601.970444858,
2017-04-16,388,412121.6933233595,4568570.41843129,
2017-04-16,389,412123.95369310206,4568547.201331074,
2017-04-16,390,412125.0136223748,4568545.658645884,
2017-04-16,391,412124.99771261466,4568563.540648773,28.58851128593744
2017-04-16,392,412124.99959191016,4568581.1014634045,
2017-04-16,393,412125.0003856141,4568598.681878818,
2017-04-16,394,412125.0019219946,4568616.248884911,
2017-04-16,395,412124.9837925731,4568634.170964644,
2017-04-16,396,412126.0243988555,4568632.977163473,
2017-04-16,397,412128.27445931925,4568609.9462012565,
2017-04-16,398,412130.99526608543,4568578.415733246,
2017-04-16,399,412133.4478961884,4568551.727298179,31.700310801132318
2017-04-16,400,412134.8934266621,4568543.222434787,
2017-04-16,401,412134.9919260194,4568559.038736998,20.008074037443553
2017-04-16,402,412134.9996267621,4568576.494443154,
2017-04-16,403,412134.9999544731,4568594.083272249,
2017-04-16,404,412134.99787001347,4568611.715654013,
2017-04-16,405,412134.9748065782,4568629.726819258,
2017-04-16,406,412135.60509477736,4568635.941469113,
2017-04-16,407,412137.6098611536,4568617.339386114,
2017-04-16,408,412140.2788274961,4568586.744916916,
2017-04-16,409,412142.8730708392,4568557.499600252,12.18242816773022
2017-04-16,410,412144.6536682173,4568542.944974858,31.898379672727913
2017-04-16,411,412145.00376094016,4568554.218661964,
2017-04-16,412,412145.0013448973,4568571.857030584,
2017-04-16,413,412145.00001733564,4568589.475746261,
2017-04-16,414,412144.99913217576,4568607.086474208,
2017-04-16,415,412145.0014980573,4568624.638503342,
2017-04-16,416,412145.28196328925,4568637.1693416005,
2017-04-16,417,412146.99078845856,4568623.910591077,
2017-04-16,418,412149.5572672577,4568595.1665739445,
2017-04-16,419,412152.2424767213,4568564.27882894,2.7688685939286692
2017-04-16,420,412154.30749388353,4568544.588894802,
2017-04-16,421,412155.0290204025,4568549.15620166,
2017-04-16,422,412155.00185962796,4568567.241345948,
2017-04-16,423,412154.9999909445,4568584.86983178,
2017-04-16,424,412155.00050474296,4568602.455300995,
2017-04-16,425,412155.00757765793,4568619.92234283,
2017-04-16,426,412155.06826405576,4568636.421372584,
2017-04-16,427,412156.43050089775,4568629.42040779,
2017-04-16,428,412158.84384503384,4568603.441295982,
2017-04-16,429,412161.56937349815,4568571.8255758975,
2017-04-16,430,412163.8681633248,4568547.914786267,
2017-04-16,431,412165.00129160896,4568545.05046472,
2017-04-16,432,412164.99627679854,4568562.735755099,7.74590542979751
2017-04-16,433,412164.9995171408,4568580.271995509,
2017-04-16,434,412165.000292707,4568597.852738399,
2017-04-16,435,412165.000617627,4568615.441617888,
2017-04-16,436,412164.97612229094,4568633.478636654,
2017-04-16,437,412165.9422581372,4568633.629427895,
2017-04-16,438,412168.15182049,4568611.329674666,
2017-04-16,439,412170.8670208348,4568579.900432752,
2017-04-16,440,412173.34893620585,4568552.683240889,22.71133220656067
2017-04-16,441,412174.8586436373,4568543.019637808,
2017-04-16,442,412174.99217103666,4568558.203495228,10.007831281421332
2017-04-16,443,412174.99980546755,4568575.660398678,
2017-04-16,444,412174.9999372248,4568593.252765791,
2017-04-16,445,412174.99785772094,4568610.885058076,
2017-04-16,446,412174.9791967869,4568628.816734464,
2017-04-16,447,412175.5393198413,4568636.298243035,
2017-04-16,448,412177.49445329106,4568618.59230164,
2017-04-16,449,412180.1486783966,4568588.263991153,
2017-04-16,450,412182.7630721921,4568558.654850311,2.246930679640872
2017-04-16,451,412184.59871171194,4568543.106417848,
2017-04-16,452,412185.0088205781,4568553.296490367,
2017-04-16,453,412185.0016835179,4568571.020098773,
2017-04-16,454,412185.00004199543,4568588.644483135,
2017-04-16,455,412184.9995104384,4568606.248826641,
2017-04-16,456,412185.0044732126,4568623.753967885,
2017-04-16,457,412185.23494567483,4568637.187444853,
2017-04-16,458,412186.8850031016,4568624.989768552,
2017-04-16,459,412189.42760584806,4568596.676842753,
2017-04-16,460,412192.1238309483,4568565.590206188,6.57308066282304
2017-04-16,461,412194.23475543666,4568545.071397594,
2017-04-16,462,412195.03014971333,4568548.304993626,
2017-04-16,463,412195.0014035939,4568566.418761927,
2017-04-16,464,412194.99991952366,4568584.0403034305,
2017-04-16,465,412195.00054588524,4568601.623740263,
2017-04-16,466,412195.00669276057,4568619.107502108,
2017-04-16,467,412195.0423953029,4568636.057624994,
2017-04-16,468,412196.3367295866,4568630.282667042,
2017-04-16,469,412198.71706285386,4568604.899579182,
2017-04-16,470,412201.4444721389,4568573.249900152,
2017-04-16,471,412203.78003447584,4568548.675168686,
2017-04-16,472,412204.9848268991,4568544.516923517,
2017-04-16,473,412204.9948721193,4568561.930299235,9.994886106772254
2017-04-16,474,412204.99946716387,4568579.442079976,
2017-04-16,475,412205.00019583164,4568597.023669639,
2017-04-16,476,412204.9995504488,4568614.630068316,
2017-04-16,477,412204.97164211335,4568632.728710101,
2017-04-16,478,412205.8628924115,4568634.231588753,
2017-04-16,479,412208.0303090798,4568612.692792092,
2017-04-16,480,412210.73825542966,4568581.394523853,
2017-04-16,481,412213.24780849525,4568553.67832277,
2017-04-16,482,412214.8200453109,4568542.885727577,32.267481643802995
2017-04-16,483,412214.99311095156,4568557.3557068175,0.006889056745083577
2017-04-16,484,412215.00005996024,4568574.824985824,
2017-04-16,485,412214.9999379974,4568592.421933955,
2017-04-16,486,412214.99798910593,4568610.051867976,
2017-04-16,487,412214.9843007622,4568627.893762335,
2017-04-16,488,412215.4767512407,4568636.597125331,
2017-04-16,489,412217.38060419017,4568619.817073122,
2017-04-16,490,412220.0184404849,4568589.784668926,
2017-04-16,491,412222.6513371592,4568559.841451482,7.684832841479551
2017-04-16,492,412224.54037124733,4568543.328959523,
2017-04-16,493,412225.01418618456,4568552.368794386,
2017-04-16,494,412225.0019520498,4568570.184432444,
2017-04-16,495,412225.0000591469,4568587.8133555725,
2017-04-16,496,412224.9998536744,4568605.411811496,
2017-04-16,497,412225.0064801392,4568622.886914166,
2017-04-16,498,412225.1915657389,4568637.139868417,
2017-04-16,499,412226.78120784956,4568626.033013918,
2017-04-16,500,412229.2982869694,4568598.180927028,
2017-04-16,501,412232.00388013286,4568566.925146479,37.15200467584335
2017-04-16,502,412234.1590643736,4568545.607211007,
2017-04-16,503,412235.02910865535,4568547.492972445,
2017-04-16,504,412235.0006987666,4568565.600669972,
2017-04-16,505,412234.9998310454,4568583.211083051,
2017-04-16,506,412235.0005412097,4568600.7930067945,
2017-04-16,507,412235.0055033953,4568618.298158672,
2017-04-16,508,412235.0205955714,4568635.620409659,
2017-04-16,509,412236.24537972343,4568631.101206124,
2017-04-16,510,412238.5910545483,4568606.34388979,
2017-04-16,511,412241.31869708054,4568574.689999392,
2017-04-16,512,412243.68938435416,4568549.4810736645,
2017-04-16,513,412244.96419340343,4568544.058651342,
2017-04-16,514,412244.9936182942,4568561.122119649,29.993647902123577
2017-04-16,515,412244.99945118825,4568578.611550537,
2017-04-16,516,412245.0001041964,4568596.194506264,
2017-04-16,517,412244.998769328,4568613.813353877,
2017-04-16,518,412244.96990552405,4568631.929247201,
2017-04-16,519,412245.78637646005,4568634.782290903,
2017-04-16,520,412247.90999288263,4568614.034313104,
2017-04-16,521,412250.60903153906,4568582.896866668,
2017-04-16,522,412253.1445742081,4568554.711412434,
2017-04-16,523,412254.77770266886,4568542.819411241,27.728118403592187
2017-04-16,524,412254.994860914,4568556.493285201,39.99498915419118
2017-04-16,525,412255.0004182989,4568573.987748578,
2017-04-16,526,412255.0008178657,4568591.576647911,
2017-04-16,527,412255.00822517945,4568609.052605331,
2017-04-16,528,412255.0508870844,4568625.962124391,
2017-04-16,529,412256.62257520965,4568618.311994662,
2017-04-16,530,412259.41598501557,4568591.038272383,
2017-04-16,531,412262.40442628204,4568560.631912727,42.37575007273085
2017-04-16,532,412264.5612087884,4568543.583870864,
2017-04-16,533,412265.0057751334,4568554.037879735,
2017-04-16,534,412265.00181148504,4568571.69629089,
2017-04-16,535,412265.00079462066,4568589.307370063,
2017-04-16,536,412265.0037245725,4568606.855054462,
2017-04-16,537,412264.990137989,4568624.6680317065,
2017-04-16,538,412266.32946982165,4568620.750084643,
2017-04-16,539,412269.0229499368,4568595.081458832,
2017-04-16,540,412272.04391167633,4568564.152738765,8.407230601046901
2017-04-16,541,412274.3656657443,4568544.454872537,
2017-04-16,542,412275.02351886145,4568551.48301225,
2017-04-16,543,412275.002665992,4568569.412702455,
2017-04-16,544,412275.0004441581,4568587.043136155,
2017-04-16,545,412274.99947175814,4568604.653501136,
2017-04-16,546,412274.9650214221,4568622.801597357,
2017-04-16,547,412276.0588997522,4568622.826187709,
2017-04-16,548,412278.6353629169,4568599.037118319,
2017-04-16,549,412281.67175884586,4568567.860490324,-28.87615758932229
2017-04-16,550,412284.1413982434,4568545.787251819,
2017-04-16,551,412285.03616735263,4568549.009985795,
2017-04-16,552,412285.00228156016,4568567.149014169,
2017-04-16,553,412284.99995036516,4568584.781204464,
2017-04-16,554,412284.99751011265,4568602.415146469,
2017-04-16,555,412284.9653530511,4568620.526407524,
2017-04-16,556,412285.8130716315,4568624.504879216,
2017-04-16,557,412288.2554305878,4568602.869826182,
2017-04-16,558,412291.2901734485,4568571.719750192,
2017-04-16,559,412293.89061091794,4568547.545599344,
2017-04-16,560,412295.03245418135,4568546.799764589,
2017-04-16,561,412294.99986481166,4568564.917969485,49.07702069819212
2017-04-16,562,412294.9994719237,4568582.519026197,
2017-04-16,563,412294.9974273031,4568600.146613454,
2017-04-16,564,412294.9798664534,4568618.023426389,
2017-04-16,565,412295.5941898535,4568625.750751639,
2017-04-16,566,412297.8853573443,4568606.544174898,
2017-04-16,567,412300.9013598794,4568575.695110852,
2017-04-16,568,412303.615508163,4568549.694507595,
2017-04-16,569,412305.0011129249,4568545.033312808,
2017-04-16,570,412304.9953302567,4568562.720941556,
2017-04-16,571,412304.9991675153,4568580.254052557,
2017-04-16,572,412304.99842991977,4568597.860646048,
2017-04-16,573,412304.9972952068,4568615.473618136,
2017-04-16,574,412305.40445880994,4568626.528397435,
2017-04-16,575,412307.52734757704,4568610.024756923,
2017-04-16,576,412310.5075225288,4568579.751164757,
2017-04-16,577,412313.31829436915,4568552.198569029,
2017-04-16,578,412314.9329738022,4568543.857917835,
2017-04-16,579,412314.9911261739,4568560.51860549,
2017-04-16,580,412314.9991958224,4568577.9837347595,
2017-04-16,581,412314.99972455204,4568595.569988204,
2017-04-16,582,412315.0076401139,4568613.037592451,
2017-04-16,583,412315.2460828946,4568626.802409084,
2017-04-16,584,412317.18360568077,4568613.2761647375,
2017-04-16,585,412320.1108657915,4568583.8525043875,
2017-04-16,586,412323.0011739308,4568555.022376126,
2017-04-16,587,412324.82784080284,4568543.276728046,
2017-04-16,588,412324.990267522,4568558.262534258,
2017-04-16,589,412324.9997155268,4568575.7055240115,
2017-04-16,590,412325.00058495905,4568593.286305007,
2017-04-16,591,412325.0099585732,4568610.730489639,
2017-04-16,592,412325.1212665007,4568626.537379056,
2017-04-16,593,412326.85633604834,4568616.262990812,
2017-04-16,594,412329.71359406033,4568587.96372221,
2017-04-16,595,412332.6663512409,4568558.130521348,
2017-04-16,596,412334.6879182942,4568543.25433632,40.40417539227742
2017-04-16,597,412334.9957692588,4568555.904300818,
2017-04-16,598,412335.0008329116,4568573.4177131625,
2017-04-16,599,412335.0008678831,4568591.011897481,
2017-04-16,600,412335.0072493413,4568608.504142892,
2017-04-16,601,412335.03221402067,4568625.697899819,
2017-04-16,602,412336.54774307227,4568618.949827613,
2017-04-16,603,412339.3179117281,4568592.0494107,
2017-04-16,604,412342.31603069254,4568561.487597175,34.28600411366093
2017-04-16,605,412344.5154106695,4568543.755335133,
2017-04-16,606,412345.0100467877,4568553.405108344,
2017-04-16,607,412345.0020963078,4568571.127557048,
2017-04-16,608,412345.0007295518,4568588.744256273,
2017-04-16,609,412345.00252737687,4568606.310125181,
2017-04-16,610,412344.9809047226,4568624.2521798685,
2017-04-16,611,412346.2600311455,4568621.301267609,
2017-04-16,612,412348.92602318747,4568596.074162318,
2017-04-16,613,412351.95241667784,4568565.058196066,-0.5802089709903414
2017-04-16,614,412354.31252232124,4568544.7443169495,
2017-04-16,615,412355.02757624385,4568550.853682579,
2017-04-16,616,412355.00271697796,4568568.84772456,
2017-04-16,617,412355.0003286472,4568586.480832583,
2017-04-16,618,412354.9987654936,4568604.100686401,
2017-04-16,619,412354.96316524217,4568622.2672528485,
2017-04-16,620,412355.99540466163,4568623.281903278,
2017-04-16,621,412358.5401328321,4568600.002569547,
2017-04-16,622,412361.57771359105,4568568.806910504,-38.56682592169035
2017-04-16,623,412364.0814576429,4568546.185874247,
2017-04-16,624,412365.03721026785,4568548.429075283,
2017-04-16,625,412365.00190151227,4568566.590959658,
2017-04-16,626,412364.9998238511,4568584.219077624,
2017-04-16,627,412364.9973449123,4568601.853641019,
2017-04-16,628,412364.9680737657,4568619.918547755,
2017-04-16,629,412365.75606801355,4568624.856327088,
2017-04-16,630,412368.1624450551,4568603.7992248535,
2017-04-16,631,412371.19412582496,4568572.698332955,
2017-04-16,632,412373.82442102773,4568548.044599491,
2017-04-16,633,412375.0276824368,4568546.3122506365,
2017-04-16,634,412374.99887129286,4568564.369768698,
2017-04-16,635,412374.99937384576,4568581.956442603,
2017-04-16,636,412374.9976059704,4568599.579584714,
2017-04-16,637,412374.98436387064,4568617.3870287705,
2017-04-16,638,412375.5442255942,4568625.989131507,
2017-04-16,639,412377.79516424885,4568607.428720704,
2017-04-16,640,412380.80385777215,4568576.697055888,
2017-04-16,641,412383.5436168682,4568550.2850851575,
2017-04-16,642,412384.98775224143,4568544.683756606,
2017-04-16,643,412384.99413732346,4568562.175943814,
2017-04-16,644,412384.9991373131,4568579.690378729,
2017-04-16,645,412384.9987552579,4568597.291261442,
2017-04-16,646,412385.0007696236,4568614.8536522165,
2017-04-16,647,412385.3620817965,4568626.644909005,
2017-04-16,648,412387.44049480674,4568610.855649568,
2017-04-16,649,412390.40911382553,4568580.7676717695,
2017-04-16,650,412393.2412495573,4568552.8719237065,
2017-04-16,651,412394.9102127065,4568543.659353475,
2017-04-16,652,412394.99048317363,4568559.964774584,
2017-04-16,653,412394.99927293503,4568577.418337209,
2017-04-16,654,412394.99999936466,4568595.001415157,
2017-04-16,655,412395.0088502354,4568612.453996221,
2017-04-16,656,412395.21184101404,4568626.788252059,
2017-04-16,657,412397.1006411226,4568614.044603925,
2017-04-16,658,412400.01209837984,4568584.874773081,
2017-04-16,659,412402.91952348966,4568555.76970762,
2017-04-16,660,412404.7962271564,4568543.220355641,34.06280231048563
2017-04-16,661,412404.99092380155,4568557.68783398,
2017-04-16,662,412404.9999393937,4568575.137769256,
2017-04-16,663,412405.000703268,4568592.7202457525,
2017-04-16,664,412405.0096375455,4568610.171487124,
2017-04-16,665,412405.0957076392,4568626.383753134,
2017-04-16,666,412406.777807588,4568616.960176241,
2017-04-16,667,412409.6150158256,4568588.982952287,
2017-04-16,668,412412.58064305596,4568558.943029366,
2017-04-16,669,412414.64799998346,4568543.331355577,
2017-04-16,670,412414.99847416574,4568555.296694961,
2017-04-16,671,412415.00116368424,4568572.848241263,29.998841394220207
2017-04-16,672,412415.00086667354,4568590.447757969,
2017-04-16,673,412415.00614651165,4568607.957697883,
2017-04-16,674,412415.01588606555,4568625.396004699,
2017-04-16,675,412416.47419859696,4568619.56695898,
2017-04-16,676,412419.22007055726,4568593.056801852,
2017-04-16,677,412422.2268126505,4568562.356481408,32.29530017251303
2017-04-16,678,412424.467735581,4568543.956945745,
2017-04-16,679,412425.0145266842,4568552.768992152,
2017-04-16,680,412425.00234142767,4568570.559460923,19.997660090409457
2017-04-16,681,412425.0006482628,4568588.181403011,
2017-04-16,682,412425.0013920925,4568605.76420147,
2017-04-16,683,412424.9737664755,4568623.802677285,
2017-04-16,684,412426.19201854273,4568621.829544624,
2017-04-16,685,412428.8294669684,4568597.060914259,
2017-04-16,686,412431.8602366667,4568565.974656226,9.760244405433324
2017-04-16,687,412434.25763834233,4568545.061718624,
2017-04-16,688,412435.0311458963,4568550.232186956,
2017-04-16,689,412435.0026792485,4568568.284171634,9.997320868615628
2017-04-16,690,412435.0002067181,4568585.918632092,
2017-04-16,691,412434.9982121219,4568603.545415856,
2017-04-16,692,412434.96270811366,4568621.710436425,
2017-04-16,693,412435.9334718177,4568623.71252564,
2017-04-16,694,412438.4454094507,4568600.959881971,
2017-04-16,695,412441.4831194967,4568569.7621462885,3.534026204821354
2017-04-16,696,412444.01991266,4568546.610266685,
2017-04-16,697,412445.03706948424,4568547.86717764,
2017-04-16,698,412445.0013837367,4568566.035117357,0.001383737455799893
2017-04-16,699,412444.99970072164,4568583.656896418,
2017-04-16,700,412444.99728359305,4568601.290467003,
2017-04-16,701,412444.9714975629,4568619.299394898,
2017-04-16,702,412445.7007628151,4568625.18049449,
2017-04-16,703,412448.0701023981,4568604.7182974545,
2017-04-16,704,412451.0976655341,4568573.6835440565,4.376060808091953
2017-04-16,705,412453.75676292734,4568548.567182386,
2017-04-16,706,412455.0210310249,4568545.8549283855,
2017-04-16,707,412454.99775823345,4568563.8234880045,
2017-04-16,708,412454.99928895483,4568581.393647196,
2017-04-16,709,412454.99783950666,4568599.011674649,
2017-04-16,710,412454.98886840144,4568616.7505168915,
2017-04-16,711,412455.4960959286,4568626.198043657,
2017-04-16,712,412457.70575020416,4568608.300753193,
2017-04-16,713,412460.7060791726,4568577.703442013,
2017-04-16,714,412463.4703935382,4568550.897058214,
2017-04-16,715,412464.97200400505,4568544.372549893,
2017-04-16,716,412464.9930110944,4568561.629874645,
2017-04-16,717,412464.9991301004,4568579.12633564,
2017-04-16,718,412464.9990864532,4568596.721782751,
2017-04-16,719,412465.0036234623,4568614.24365418,
2017-04-16,720,412465.3216755502,4568626.729765605,
2017-04-16,721,412467.35455726035,4568611.671841648,
2017-04-16,722,412470.31056480354,4568581.786432626,
2017-04-16,723,412473.16300888394,4568553.564486634,
2017-04-16,724,412474.88520020584,4568543.496951767,
2017-04-16,725,412474.9900931227,4568559.406880737,
2017-04-16,726,412474.99938283965,4568576.852412951,
2017-04-16,727,412475.00023344054,4568594.433496422,
2017-04-16,728,412475.00960982277,4568611.87763659,
2017-04-16,729,412475.1797060738,4568626.740252805,
2017-04-16,730,412477.0187279608,4568614.796155287,
2017-04-16,731,412479.913326821,4568585.897108356,
2017-04-16,732,412482.8368133586,4568556.534060106,
2017-04-16,733,412484.76249827765,4568543.197958634,22.081973164118974
2017-04-16,734,412484.9920192761,4568557.106079245,
2017-04-16,735,412485.000204796,4568574.5693473555,39.549781311838004
2017-04-16,736,412485.00078818836,4568592.154722795,
2017-04-16,737,412485.00905222876,4568609.616729688,
2017-04-16,738,412485.0723918923,4568626.19409773,
2017-04-16,739,412486.70046669914,4568617.6382865915,
2017-04-16,740,412489.51656961883,4568590.000061688,
2017-04-16,741,412492.4940113558,4568559.770371117,
2017-04-16,742,412494.6061026142,4568543.440162973,
2017-04-16,743,412495.0017994467,4568554.679124497,
2017-04-16,744,412495.0014915839,4568572.278815514,47.253556110491246
2017-04-16,745,412495.00084187754,4568589.883997301,
2017-04-16,746,412495.0049656382,4568607.412506439,
2017-04-16,747,412495.0019373983,4568625.055892847,
2017-04-16,748,412496.4019778668,4568620.162828024,
2017-04-16,749,412499.1224975884,4568594.059885088,
2017-04-16,750,412502.1368072674,4568563.238012131,17.393460967489524
2017-04-16,751,412504.4182176078,4568544.188157251,
2017-04-16,752,412505.0190418407,4568552.132309596,
2017-04-16,753,412505.0025346625,4568569.992198191,
2017-04-16,754,412505.00055319,4568587.618771149,
2017-04-16,755,412505.00036500907,4568605.216539802,
2017-04-16,756,412504.9685502701,4568623.322302379,
2017-04-16,757,412506.125465858,4568622.334372054,
2017-04-16,758,412508.7333151239,4568598.041171015,
2017-04-16,759,412511.76740548713,4568566.901575609,-19.12101884302826
2017-04-16,760,412514.20104765194,4568545.406533932,
2017-04-16,761,412515.0340548407,4568549.621303801,
2017-04-16,762,412515.00254062214,4568567.722239344,
2017-04-16,763,412515.000080808,4568585.356495553,
2017-04-16,764,412514.9977994615,4568602.987885166,
2017-04-16,765,412514.96347705764,4568621.133926505,
2017-04-16,766,412515.8731350655,4568624.11751116,
2017-04-16,767,412518.35122661793,4568601.908511957,
2017-04-16,768,412521.38801040774,4568570.725654037,
2017-04-16,769,412523.95679713925,4568547.059885495,
2017-04-16,770,412525.0355720238,4568547.327071293,
2017-04-16,771,412525.0007160524,4568565.481682927,
2017-04-16,772,412524.99958341295,4568583.094621714,
2017-04-16,773,412524.997313973,4568600.725820085,
2017-04-16,774,412524.97545146436,4568618.671727372,
2017-04-16,775,412525.64718988247,4568625.476837806,
2017-04-16,776,412527.9784364643,4568605.62650038,
2017-04-16,777,412531.00082642323,4568574.674839885,
2017-04-16,778,412533.6876704636,4568549.112804415,
2017-04-16,779,412535.01232696744,4568545.430576255,
2017-04-16,780,412534.996571923,4568563.278383882,
2017-04-16,781,412534.99921968736,4568580.830600846,
2017-04-16,782,412534.99811573065,4568598.443078926,
2017-04-16,783,412534.9932070678,4568616.116669169,
2017-04-16,784,412535.4498347015,4568626.376944461,
2017-04-16,785,412537.6171490545,4568609.159728743,
2017-04-16,786,412540.6080579248,4568578.713725604,
2017-04-16,787,412543.3958720167,4568551.529883144,
2017-04-16,788,412544.9539020346,4568544.099149459,
2017-04-16,789,412544.9919978602,4568561.081990534,
2017-04-16,790,412544.9991483131,4568578.561884155,
2017-04-16,791,412544.99941132433,4568596.152405641,
2017-04-16,792,412545.00588681136,4568613.643140738,
2017-04-16,793,412545.2832739162,4568626.782423602,
2017-04-16,794,412547.2695687831,4568612.47278953,
2017-04-16,795,412550.21190930705,4568582.806903685,
2017-04-16,796,412553.0836061927,4568554.27571417,
2017-04-16,797,412554.85797014454,4568543.370169081,
2017-04-16,798,412554.99000231153,4568558.84418043,
2017-04-16,799,412554.99952797237,4568576.2859228505,
2017-04-16,800,412555.0004267621,4568593.866232298,
2017-04-16,801,412555.00996517146,4568611.307769993,
2017-04-16,802,412555.1497120027,4568626.657867063,
2017-04-16,803,412556.9379010193,4568615.530267727,
2017-04-16,804,412559.8145870134,4568586.918950899,
2017-04-16,805,412562.75307976414,4568557.314871745,
2017-04-16,806,412564.7266890517,4568543.208985446,27.217181335740456
2017-04-16,807,412564.993600961,4568556.516520971,
2017-04-16,808,412565.00049930916,4568574.000417411,
2017-04-16,809,412565.00070587953,4568591.590740169,
2017-04-16,810,412565.0066707844,4568609.077554033,
2017-04-16,811,412565.0415284076,4568626.042908184,
2017-04-16,812,412566.33336230385,4568620.313117264,
2017-04-16,813,412568.71245919226,4568594.952355371,
2017-04-16,814,412571.4399008515,4568563.302083345,19.47985737087214
2017-04-16,815,412573.77676906076,4568538.7037620265,
2017-04-16,816,412574.9841455987,4568534.498852259,
2017-04-16,817,412574.99482291855,4568551.900815106,
2017-04-16,818,412574.9994659273,4568569.411729806,
2017-04-16,819,412575.00019233354,4568586.993360294,
2017-04-16,820,412574.9995169794,4568604.600300117,
2017-04-16,821,412574.9715330277,4568622.700307179,
2017-04-16,822,412575.86004458874,4568624.252634787,
2017-04-16,823,412578.02588930615,4568602.742220308,
2017-04-16,824,412580.7335392527,4568571.4493037425,
2017-04-16,825,412583.2440714629,4568543.715423828,
2017-04-16,826,412584.8185629707,4568532.882119296,
2017-04-16,827,412584.99316001823,4568547.324448395,
2017-04-16,828,412585.0000707826,4568564.794417925,
2017-04-16,829,412584.999938308,4568582.391555847,
2017-04-16,830,412584.99799621693,4568600.021367088,
2017-04-16,831,412584.9844951291,4568617.859880467,
2017-04-16,832,412585.47452564875,4568626.606936743,
2017-04-16,833,412587.3764727023,4568609.861296214,
2017-04-16,834,412590.0136786492,4568579.840273196,
2017-04-16,835,412592.6472205234,4568549.885406419,
2017-04-16,836,412594.53817535925,4568533.33823462,
2017-04-16,837,412595.01438238943,4568542.3348793285,
2017-04-16,838,412595.0019601239,4568560.153914158,
2017-04-16,839,412595.0000595723,4568577.782975387,
2017-04-16,840,412594.9998651441,4568595.381231906,
2017-04-16,841,412595.0065367018,4568612.855520397,
2017-04-16,842,412595.19004980655,4568627.136866657,
2017-04-16,843,412596.77745207713,4568616.07045334,
2017-04-16,844,412599.29356690444,4568588.235777123,
2017-04-16,845,412601.99947132275,4568556.974376742,
2017-04-16,846,412604.1562423665,4568535.627790931,
2017-04-16,847,412605.02902373066,4568537.464133294,
2017-04-16,848,412605.0006678716,4568555.570855291,
2017-04-16,849,412604.99982760625,4568573.180772645,
2017-04-16,850,412605.0005402894,4568590.762650917,
2017-04-16,851,412605.00545568625,4568608.268647571,
2017-04-16,852,412605.0198767267,4568625.603016168,
2017-04-16,853,412606.2420870936,4568621.130283314,
2017-04-16,854,412608.58646368136,4568596.396407155,
2017-04-16,855,412611.31408352405,4568564.742926424,2.9605426811024653
2017-04-16,856,412613.68602365605,4568539.5113798585,
2017-04-16,857,412614.96336111135,4568534.043306192,
2017-04-16,858,412614.99357685563,4568551.092495335,
2017-04-16,859,412614.99945136707,4568568.581174808,
2017-04-16,860,412615.0001010647,4568586.1641903035,
2017-04-16,861,412614.99874585005,4568603.783405269,
2017-04-16,862,412614.96988814883,4568621.899188216,
2017-04-16,863,412615.7836374181,4568624.801377796,
2017-04-16,864,412617.9056286464,4568604.082754949,
2017-04-16,865,412620.60431679344,4568572.951647127,
2017-04-16,866,412623.14077889355,4568544.749593061,
2017-04-16,867,412624.776091981,4568532.818131487,39.16754502517114
2017-04-16,868,412624.99494659604,4568546.46137316,
2017-04-16,869,412625.0004004277,4568563.957648168,
2017-04-16,870,412624.99995290034,4568581.560474491,
2017-04-16,871,412624.9982425121,4568599.186102245,
2017-04-16,872,412624.9898675374,4568616.932061683,
2017-04-16,873,412625.41536271496,4568626.844328416,
2017-04-16,874,412627.26432146376,4568611.05541214,
2017-04-16,875,412629.88343079534,4568581.36113048,
2017-04-16,876,412632.53376774385,4568551.103022171,
2017-04-16,877,412634.47640934336,4568533.622625947,
2017-04-16,878,412635.0195937225,4568541.409968818,
2017-04-16,879,412635.002121984,4568559.320173826,
2017-04-16,880,412635.000064081,4568576.952076096,
2017-04-16,881,412635.00013916456,4568594.545466475,
2017-04-16,882,412635.00766636623,4568612.004305989,
2017-04-16,883,412635.1505226488,4568627.019726825,
2017-04-16,884,412636.6758017986,4568617.074970378,
2017-04-16,885,412639.1646851948,4568589.731968138,
2017-04-16,886,412641.8782498716,4568558.332258841,
2017-04-16,887,412644.0775728633,4568536.217381221,
2017-04-16,888,412645.0252615331,4568536.7012433335,
2017-04-16,889,412644.9996718076,4568554.7580217235,
2017-04-16,890,412644.9997311676,4568572.351695994,
2017-04-16,891,412645.0004978411,4568589.9325994495,
2017-04-16,892,412645.0040770847,4568607.462720872,
2017-04-16,893,412645.00237688515,4568625.088164667,
2017-04-16,894,412646.1533293156,4568621.902021299,
2017-04-16,895,412648.4613396563,4568597.824751733,
2017-04-16,896,412651.1874849415,4568566.1978947045,-13.842003450273392
2017-04-16,897,412653.59284220554,4568540.362988947,
2017-04-16,898,412654.9384884826,4568533.661573196,
2017-04-16,899,412654.99260576116,4568550.2792109335,
2017-04-16,900,412654.9994803561,4568567.749833513,
2017-04-16,901,412655.0000245821,4568585.334753339,
2017-04-16,902,412654.99823146197,4568602.961874857,
2017-04-16,903,412654.97052377206,4568621.0568939075,
2017-04-16,904,412655.7101636799,4568625.29715655,
2017-04-16,905,412657.7866538453,4568605.4000729155,
2017-04-16,906,412660.4747326192,4568574.460521411,
2017-04-16,907,412663.0354770356,4568545.820040772,
2017-04-16,908,412664.72996412904,4568532.820169732,39.68180694107679
2017-04-16,909,412664.99767188216,4568545.581349184,
2017-04-16,910,412665.0007730476,4568563.120102488,
2017-04-16,911,412664.99997613614,4568580.729237069,
2017-04-16,912,412664.99856684403,4568598.349428425,
2017-04-16,913,412664.99504411005,4568616.007778785,
2017-04-16,914,412665.3595645561,4568627.020967774,
2017-04-16,915,412667.1538874264,4568612.218523327,
2017-04-16,916,412669.7532525693,4568582.880730604,
2017-04-16,917,412672.4187370183,4568552.349128337,
2017-04-16,918,412674.4114178079,4568533.965255264,
2017-04-16,919,412675.0242014219,4568540.495957145,
2017-04-16,920,412675.0021481141,4568558.488884156,
2017-04-16,921,412675.0000517039,4568576.121481682,
2017-04-16,922,412675.00033571804,4568593.711099742,
2017-04-16,923,412675.00807161303,4568611.166171218,
2017-04-16,924,412675.11479160946,4568626.834046618,
2017-04-16,925,412676.576300065,4568618.040694618,
2017-04-16,926,412679.0363044563,4568591.21911393,
2017-04-16,927,412681.75588181795,4568559.710843294,
2017-04-16,928,412683.9961091839,4568536.857421441,
2017-04-16,929,412685.0184193643,4568535.993963443,
2017-04-16,930,412684.99841539445,4568553.949888858,
2017-04-16,931,412684.9996364267,4568571.522588694,
2017-04-16,932,412685.00042832963,4568589.103036619,
2017-04-16,933,412685.00263782585,4568606.657889355,
2017-04-16,934,412684.9890522855,4568624.497927556,
2017-04-16,935,412686.067151425,4568622.627178419,
2017-04-16,936,412688.33714794525,4568599.236263026,
2017-04-16,937,412691.0601710996,4568567.665777275,-30.895873519674893
2017-04-16,938,412693.49729792215,4568541.257259903,
2017-04-16,939,412694.9096054472,4568533.352249643,
2017-04-16,940,412694.9920293315,4568549.458800706,
2017-04-16,941,412694.99956210156,4568566.917539683,
2017-04-16,942,412694.9999716062,4568584.504891954,
2017-04-16,943,412694.9979415836,4568602.136290834,
2017-04-16,944,412694.97299326025,4568620.181488463,
2017-04-16,945,412695.639701172,4568625.738566381,
2017-04-16,946,412697.6690427012,4568606.692769535,
2017-04-16,947,412700.34486452834,4568575.974521926,
2017-04-16,948,412702.9282436876,4568546.925362289,
2017-04-16,949,412704.68025721307,4568532.8868293585,
2017-04-16,950,412705.00145151664,4568544.682288542,
2017-04-16,951,412705.0011564105,4568562.282362839,
2017-04-16,952,412705.0000034115,4568579.897926721,
2017-04-16,953,412704.9989369809,4568597.511927574,
2017-04-16,954,412704.99957821,4568615.095095977,
2017-04-16,955,412705.3072089708,4568627.135450148,
2017-04-16,956,412707.04524838907,4568613.349225106,
2017-04-16,957,412709.62322176906,4568584.397668893,
2017-04-16,958,412712.302206145,4568553.622320248,
2017-04-16,959,412714.3432785511,4568534.364717902,
2017-04-16,960,412715.0277588503,4568539.600908517,
2017-04-16,961,412715.00200628204,4568557.660627099,
2017-04-16,962,412715.0000178369,4568575.2912752805,
2017-04-16,963,412715.00046335853,4568592.877977255,
2017-04-16,964,412715.00787215936,4568610.338954545,
2017-04-16,965,412715.08293448616,4568626.578421362,
2017-04-16,966,412716.4790246736,4568618.966221381,
2017-04-16,967,412718.90850248653,4568592.695809823,
2017-04-16,968,412721.6324449595,4568561.108725424,44.34591601482536
2017-04-16,969,412723.91192912625,4568537.546506918,
2017-04-16,970,412725.0080505869,4568535.350357824,
2017-04-16,971,412724.9970096031,4568553.144453082,
2017-04-16,972,412724.9995525925,4568570.693284468,
2017-04-16,973,412725.0003409642,4568588.273796155,
2017-04-16,974,412725.00125762733,4568605.851991484,
2017-04-16,975,412724.97959090804,4568623.837938483,
2017-04-16,976,412725.9836312198,4568623.304350005,
2017-04-16,977,412728.2139663458,4568600.629536359,
2017-04-16,978,412730.9322197956,4568569.145169463,-48.16721724662641
2017-04-16,979,412733.3994686029,4568542.192788052,
2017-04-16,980,412734.87678980245,4568533.113930862,
2017-04-16,981,412734.99196728395,4568548.629103111,
2017-04-16,982,412734.99970581196,4568566.08412705,
2017-04-16,983,412734.999943443,4568583.674582567,
2017-04-16,984,412734.9978439838,4568601.307235154,
2017-04-16,985,412734.97684997617,4568619.281036085,
2017-04-16,986,412735.57232769235,4568626.1242026165,
2017-04-16,987,412737.5528730115,4568607.959440136,
2017-04-16,988,412740.2147903181,4568577.492243999,
2017-04-16,989,412742.81915664644,4568548.064152942,
2017-04-16,990,412744.62704903056,4568533.016705697,
2017-04-16,991,412745.0061847614,4568543.766010102,
2017-04-16,992,412745.0015182846,4568561.445011175,
2017-04-16,993,412745.0000301212,4568579.06662658,
2017-04-16,994,412744.9993206912,4568596.67418165,
2017-04-16,995,412745.00309080485,4568614.200856839,
2017-04-16,996,412745.25837375637,4568627.186370864,
2017-04-16,997,412746.93848214886,4568614.446112804,
2017-04-16,998,412749.49341619265,4568585.910540681,
2017-04-16,999,412752.1842529219,4568554.921193233,
2017-04-16,1000,412754.2720693707,4568534.819609189,
2017-04-16,1001,412755.0298193706,4568538.732887143,
2017-04-16,1002,412755.0016642567,4568556.83598461,
2017-04-16,1003,412754.99995850463,4568574.461528661,
2017-04-16,1004,412755.0005312956,4568592.045932744,
2017-04-16,1005,412755.0071877224,4568609.520494429,
2017-04-16,1006,412755.0550290768,4568626.25144639,
2017-04-16,1007,412756.3840534226,4568619.850146004,
2017-04-16,1008,412758.7813570837,4568594.160651155,
2017-04-16,1009,412761.508017094,4568562.52450057,28.337405078419447
2017-04-16,1010,412763.8251104877,4568538.283232987,
2017-04-16,1011,412764.9937142991,4568534.778387137,
2017-04-16,1012,412764.9955741502,4568552.339552851,
2017-04-16,1013,412764.9994888739,4568569.863617047,
2017-04-16,1014,412765.00024495326,4568587.444711783,
2017-04-16,1015,412765.00005620625,4568605.04286572,
2017-04-16,1016,412764.9735464589,4568623.116255458,
2017-04-16,1017,412765.9028464978,4568623.93213139,
2017-04-16,1018,412768.0918726562,4568602.003167066,
2017-04-16,1019,412770.8037088277,4568570.634666602,
2017-04-16,1020,412773.29943204625,4568543.168168729,
2017-04-16,1021,412774.84011934634,4568532.945212185,
2017-04-16,1022,412774.9925393358,4568547.787956612,
2017-04-16,1023,412774.9999206965,4568565.24942934,
2017-04-16,1024,412774.9999356391,4568582.843905583,
2017-04-16,1025,412774.9979064307,4568600.4752897695,
2017-04-16,1026,412774.98164728266,4568618.363600985,
2017-04-16,1027,412775.5081210389,4568626.45266059,
2017-04-16,1028,412777.43822257454,4568609.19868005,
2017-04-16,1029,412780.08458778716,4568579.01228296,
2017-04-16,1030,412782.7082937109,4568549.235008059,
2017-04-16,1031,412784.57041737996,4568533.208394079,
2017-04-16,1032,412785.01145079825,4568542.84011189,
2017-04-16,1033,412785.0018264389,4568560.608629447,
2017-04-16,1034,412785.0000516611,4568578.235419783,
2017-04-16,1035,412784.99968574336,4568595.836772605,
2017-04-16,1036,412785.00557448325,4568613.325195182,
2017-04-16,1037,412785.2131367111,4568627.172325255,
2017-04-16,1038,412786.8336665042,4568615.507781753,
2017-04-16,1039,412789.3639136382,4568587.4179412965,
2017-04-16,1040,412792.06495514716,4568556.24434262,
2017-04-16,1041,412794.1978680652,4568535.328524458,
2017-04-16,1042,412795.0299363458,4568537.899957228,
2017-04-16,1043,412795.00108980655,4568556.015538644,
2017-04-16,1044,412794.99987753795,4568573.632172658,
2017-04-16,1045,412795.0005487377,4568591.214799929,
2017-04-16,1046,412795.0061380195,4568608.708629333,
2017-04-16,1047,412795.03115317936,4568625.85171703,
2017-04-16,1048,412796.29146411,4568620.691063824,
2017-04-16,1049,412798.65494604525,4568595.612233257,
2017-04-16,1050,412801.3826760193,4568563.956764061,11.990132237933164
2017-04-16,1051,412803.73573106644,4568539.066194974,
2017-04-16,1052,412804.97518822073,4568534.282064728,
2017-04-16,1053,412804.99422875314,4568551.533026628,
2017-04-16,1054,412804.9994544799,4568569.033420156,
2017-04-16,1055,412805.0001495061,4568586.615617231,
2017-04-16,1056,412804.9991317594,4568604.228739078,
2017-04-16,1057,412804.9704723005,4568622.340942685,
2017-04-16,1058,412805.82487505674,4568624.5091179,
2017-04-16,1059,412807.9709446736,4568603.355750478,
2017-04-16,1060,412810.67471599294,4568572.132864021,
2017-04-16,1061,412813.1972660492,4568544.181997264,
2017-04-16,1062,412814.7996718766,4568532.844688943,
2017-04-16,1063,412814.9938652039,4568546.9331996655,
2017-04-16,1064,412815.0002135801,4568564.41332333,
2017-04-16,1065,412814.9999435901,4568582.01294414,
2017-04-16,1066,412814.99809669255,4568599.641036632,
2017-04-16,1067,412814.9869385422,4568617.437247367,
2017-04-16,1068,412815.4471590093,4568626.722535627,
2017-04-16,1069,412817.3251691878,4568610.409084604,
2017-04-16,1070,412819.95433473255,4568580.53323414,
2017-04-16,1071,412822.59573267814,4568550.436522972,
2017-04-16,1072,412824.5104400584,4568533.46048983,
2017-04-16,1073,412825.0168029904,4568541.912658115,
2017-04-16,1074,412825.00204864127,4568559.77379961,
2017-04-16,1075,412825.0000634266,4568577.404389465,
2017-04-16,1076,412824.9999999061,4568595.000282393,
2017-04-16,1077,412825.0071488523,4568612.465951458,
2017-04-16,1078,412825.17157563247,4568627.091908649,
2017-04-16,1079,412826.7308792525,4568616.532827282,
2017-04-16,1080,412829.2347919028,4568588.918466067,
2017-04-16,1081,412831.94439061783,4568557.590363741,
2017-04-16,1082,412834.12075243145,4568535.890059034,
2017-04-16,1083,412835.0276631383,4568537.11018298,
2017-04-16,1084,412835.0002507,4568555.19987115,
2017-04-16,1085,412834.99978404655,4568572.8030427955,
2017-04-16,1086,412835.00052489433,4568590.384412548,
2017-04-16,1087,412835.00484276784,4568607.901197717,
2017-04-16,1088,412835.01138459146,4568625.377828611,
2017-04-16,1089,412836.2013345335,4568621.487570156,
2017-04-16,1090,412838.5293471696,4568597.04915145,
2017-04-16,1091,412841.2564995339,4568565.404111222,-4.661271940959281
2017-04-16,1092,412843.64386866067,4568539.893988208,
2017-04-16,1093,412844.9525315843,4568533.860321145,
2017-04-16,1094,412844.9930931291,4568550.722712872,
2017-04-16,1095,412844.9994586197,4568568.202527523,
2017-04-16,1096,412845.0000638318,4568585.786346224,
2017-04-16,1097,412844.9984815973,4568603.40966012,-34.71537825966735
2017-04-16,1098,412844.9699217957,4568621.520064371,
2017-04-16,1099,412845.7497946946,4568625.033904864,
2017-04-16,1100,412847.8512601964,4568604.685881916,
2017-04-16,1101,412850.54531909025,4568573.638357043,
2017-04-16,1102,412853.0930484106,4568545.23286898,
2017-04-16,1103,412854.7555251914,4568532.8109564595,32.193982431453804
2017-04-16,1104,412854.9960646058,4568546.062670734,
2017-04-16,1105,412855.0005668016,4568563.576127895,
2017-04-16,1106,412854.99996269157,4568581.181781371,
2017-04-16,1107,412854.9983825379,4568598.805057695,
2017-04-16,1108,412854.99227711814,4568616.510039438,
2017-04-16,1109,412855.3895194015,4568626.932423058,
2017-04-16,1110,412857.2137906491,4568611.58924913,
2017-04-16,1111,412859.8241089524,4568582.053692868,
2017-04-16,1112,412862.48155134614,4568551.667293007,
2017-04-16,1113,412864.4471948643,4568533.771588284,
2017-04-16,1114,412865.02179470053,4568540.991712983,
2017-04-16,1115,412865.00215266057,4568558.941103617,
2017-04-16,1116,412865.0000608132,4568576.573618765,
2017-04-16,1117,412865.0002378473,4568594.165168386,
2017-04-16,1118,412865.007933629,4568611.620964125,
2017-04-16,1119,412865.1337683187,4568626.943716376,
2017-04-16,1120,412866.63019819214,4568617.519844718,
2017-04-16,1121,412869.1061287855,4568590.410710324,
2017-04-16,1122,412871.8226371328,4568558.957851922,
2017-04-16,1123,412874.0408002683,4568536.502808252,
2017-04-16,1124,412875.022553111,4568536.371628604,
2017-04-16,1125,412874.9991255604,4568554.389368094,
2017-04-16,1126,412874.9996872395,4568571.973972803,
2017-04-16,1127,412875.00046897423,4568589.554604321,
2017-04-16,1128,412875.0034216845,4568607.096038038,
2017-04-16,1129,412874.9957988023,4568624.8284181515,
2017-04-16,1130,412876.1137424908,4568622.238260338,
2017-04-16,1131,412878.4046382538,4568598.470001066,25.717137429396075
2017-04-16,1132,412881.1295654347,4568566.865137381,-21.582532895835186
2017-04-16,1133,412883.54960106773,4568540.76520802,
2017-04-16,1134,412884.92582218687,4568533.511751714,
2017-04-16,1135,412884.9922869952,4568549.906450042,
2017-04-16,1136,412884.99951050227,4568567.37077288,
2017-04-16,1137,412884.99999713904,4568584.956732501,
2017-04-16,1138,412884.99807349197,4568602.586210733,-2.0344517647737694
2017-04-16,1139,412884.9714483078,4568620.661684725,
2017-04-16,1140,412885.67768320924,4568625.505087621,
2017-04-16,1141,412887.7328970223,4568605.992156725,-17.442151997290566
2017-04-16,1142,412890.41559591703,4568575.1497410145,
2017-04-16,1143,412892.98685692763,4568546.319379218,
2017-04-16,1144,412894.70775708836,4568532.842610072,
2017-04-16,1145,412894.9992572583,4568545.174208273,
2017-04-16,1146,412895.000948313,4568562.738421676,
2017-04-16,1147,412894.99998833885,4568580.350500415,
2017-04-16,1148,412894.9987317355,4568597.967934914,-34.03162436999674
2017-04-16,1149,412894.99721637304,4568615.590041406,
2017-04-16,1150,412895.33528001345,4568627.080918215,
2017-04-16,1151,412897.10416475625,4568612.737768957,
2017-04-16,1152,412899.69398824475,4568583.572254473,
2017-04-16,1153,412902.36582751287,4568552.925913497,
2017-04-16,1154,412904.3807595951,4568534.1402847655,
2017-04-16,1155,412905.02597929107,4568540.085340701,
2017-04-16,1156,412905.00210626505,4568558.111123419,
2017-04-16,1157,412905.0000392165,4568575.743190817,
2017-04-16,1158,412905.0004018623,4568593.331389146,
2017-04-16,1159,412905.0080485307,4568610.7880716445,
2017-04-16,1160,412905.0997925675,4568626.726343768,
2017-04-16,1161,412906.53170112043,4568618.467429398,
2017-04-16,1162,412908.97800208256,4568591.893269395,42.41308581267188
2017-04-16,1163,412911.6997724885,4568560.345402497,
2017-04-16,1164,412913.9580893725,4568537.1653674375,
2017-04-16,1165,412915.0141596269,4568535.6923583085,
2017-04-16,1166,412914.9977862447,4568553.58273207,
2017-04-16,1167,412914.9995963255,4568571.144796403,
2017-04-16,1168,412915.00039018644,4568588.725208978,
2017-04-16,1169,412915.0019944866,4568606.290988758,
2017-04-16,1170,412914.9842894693,4568624.205405707,
2017-04-16,1171,412916.0287657798,4568622.941729696,
2017-04-16,1172,412918.2808970964,4568599.873377437,-3.6122810865643014
2017-04-16,1173,412921.0019515202,4568568.338437871,-38.73966737775048
2017-04-16,1174,412923.4530060857,4568541.678449737,
2017-04-16,1175,412924.8951378269,4568533.234951766,
2017-04-16,1176,412924.99193006865,4568549.082076597,
2017-04-16,1177,412924.9996193364,4568566.537989948,
2017-04-16,1178,412924.99995595653,4568584.126658187,
2017-04-16,1179,412924.99787521176,4568601.75897287,30.45841014950608
2017-04-16,1180,412924.9746051992,4568619.773867953,
2017-04-16,1181,412925.60861839895,4568625.92126149,
2017-04-16,1182,412927.6159329496,4568607.273170225,-45.578974517467046
2017-04-16,1183,412930.28562427143,4568576.66561125,
2017-04-16,1184,412932.87876939867,4568547.440123297,
2017-04-16,1185,412934.6564453655,4568532.938245104,
2017-04-16,1186,412935.00351337006,4568544.26654465,
2017-04-16,1187,412935.0013258827,4568561.900786617,29.998676964675372
2017-04-16,1188,412935.0000159274,4568579.519184408,
2017-04-16,1189,412934.9991120534,4568597.130250238,-1.804783865188846
2017-04-16,1190,412935.0013137269,4568614.6852442175,
2017-04-16,1191,412935.2845186428,4568627.166616425,-39.60572190080826
2017-04-16,1192,412936.9963693075,4568613.853239411,
2017-04-16,1193,412939.56405040727,4568585.087514279,
2017-04-16,1194,412942.2486389764,4568554.210979768,22.845040635642334
2017-04-16,1195,412944.3112120491,4568534.565174606,
2017-04-16,1196,412945.02891012514,4568539.201605475,
2017-04-16,1197,412945.0018772233,4568557.284440972,19.998124387929288
2017-04-16,1198,412944.99999403436,4568574.913188709,
2017-04-16,1199,412945.0005011603,4568592.498778399,-34.047006427680174
2017-04-16,1200,412945.00761327473,4568609.965112476,
2017-04-16,1201,412945.0697261765,4568626.438386148,
2017-04-16,1202,412946.43546583585,4568619.374176646,
2017-04-16,1203,412948.85048959387,4568593.364738617,12.503498198409094
2017-04-16,1204,412951.57587448496,4568561.7516108,13.475889358396403
2017-04-16,1205,412953.87269754335,4568537.876331925,
2017-04-16,1206,412955.00203604845,4568535.080436299,
2017-04-16,1207,412954.99635209295,4568552.777808345,
2017-04-16,1208,412954.99952051375,4568570.315347326,
2017-04-16,1209,412955.0002977399,4568587.896060247,
2017-04-16,1210,412955.0006808917,4568605.483888336,
2017-04-16,1211,412954.97644021595,4568623.516309114,
2017-04-16,1212,412955.94648219866,4568623.596573559,
2017-04-16,1213,412958.1582014952,4568601.257875888,-32.71600115957983
2017-04-16,1214,412960.8737355884,4568569.822608018,
2017-04-16,1215,412963.35416151263,4568542.632308688,
2017-04-16,1216,412964.86055630207,4568533.028516632,
2017-04-16,1217,412964.9921420669,4568548.247431003,
2017-04-16,1218,412964.9997943315,4568565.704012463,
2017-04-16,1219,412964.9999376397,4568583.296171013,
2017-04-16,1220,412964.99785452546,4568600.928528484,
2017-04-16,1221,412964.9789458326,4568618.86467826,
2017-04-16,1222,412965.5426780609,4568626.281021801,
2017-04-16,1223,412967.50044577545,4568608.527517743,
2017-04-16,1224,412970.1554819505,4568578.184563079,
2017-04-16,1225,412972.7688636208,4568548.59369655,
2017-04-16,1226,412974.60166782024,4568533.096456885,
2017-04-16,1227,412975.0085447417,4568543.344883418,
2017-04-16,1228,412975.0016672796,4568561.0638046805,9.998333418480842
2017-04-16,1229,412975.0000408527,4568578.687916482,
2017-04-16,1230,412974.9994912602,4568596.292585623,30.422382780116152
2017-04-16,1231,412975.00434276613,4568613.799735862,
2017-04-16,1232,412975.2373130876,4568627.188113019,-36.2418959327473
2017-04-16,1233,412976.8904821006,4568614.934255829,
2017-04-16,1234,412979.4343732381,4568586.598067629,30.091873632672403
2017-04-16,1235,412982.1300635346,4568555.521087155,2.881584683945237
2017-04-16,1236,412984.2386300239,4568535.044853139,
2017-04-16,1237,412985.03014056577,4568538.348571513,
2017-04-16,1238,412985.0014333035,4568556.461638224,0.001433303857615049
2017-04-16,1239,412984.9999237578,4568574.083639696,
2017-04-16,1240,412985.00054494996,4568591.66716987,-1.661181554928158
2017-04-16,1241,412985.00674757775,4568609.149925077,
2017-04-16,1242,412985.04364694393,4568626.078438851,
2017-04-16,1243,412986.34157013556,4568620.2386817895,
2017-04-16,1244,412988.7236691156,4568594.82371331,-17.264729067786934
2017-04-16,1245,412991.4510209182,4568563.175072147,6.475684345837535
2017-04-16,1246,412993.7847025775,4568538.634297036,
2017-04-16,1247,412994.9857911279,4568534.542926711,
2017-04-16,1248,412994.9949428224,4568551.972435381,
2017-04-16,1249,412994.99946901336,4568569.485459302,
2017-04-16,1250,412995.000200844,4568587.066991859,-33.6740972919709
2017-04-16,1251,412994.9995989616,4568604.672605111,
2017-04-16,1252,412994.97180440516,4568622.769192578,
2017-04-16,1253,412995.8669695447,4568624.201387261,
2017-04-16,1254,412998.036629247,4568602.622091756,
2017-04-16,1255,413000.74499543593,4568571.316243162,
2017-04-16,1256,413003.2531451454,4568543.625380212,
2017-04-16,1257,413004.8221554098,4568532.891041642,
2017-04-16,1258,413004.9930427069,4568547.400351715,
2017-04-16,1259,413005.00004466943,4568564.868674627,20.000045877623787
2017-04-16,1260,413004.99993758486,4568582.465354122,
2017-04-16,1261,413004.9979792012,4568600.095459528,
2017-04-16,1262,413004.98402357084,4568617.942179852,
2017-04-16,1263,413005.47993999306,4568626.582963892,
2017-04-16,1264,413007.386513298,4568609.753794618,
2017-04-16,1265,413010.0252467532,4568579.705191846,48.333623984515576
2017-04-16,1266,413012.65721739293,4568549.778694313,
2017-04-16,1267,413014.54350225144,4568533.315840754,
2017-04-16,1268,413015.0139054196,4568542.4172764225,
2017-04-16,1269,413015.00194027164,4568560.228057816,30.001941390716063
2017-04-16,1270,413015.0000585106,4568577.856779781,
2017-04-16,1271,413014.99983712495,4568595.455523024,
2017-04-16,1272,413015.00639732124,4568612.931822192,
2017-04-16,1273,413015.19374114583,4568627.144003326,
2017-04-16,1274,413016.7865809333,4568615.979413535,
2017-04-16,1275,413019.30503453495,4568588.102509843,-0.06490427583417412
2017-04-16,1276,413022.0101789851,4568556.854830984,
2017-04-16,1277,413024.16309131763,4568535.577915692,
2017-04-16,1278,413025.02922397514,4568537.53430302,
2017-04-16,1279,413025.00074227457,4568555.643297137,40.00076273899213
2017-04-16,1280,413024.9998359428,4568573.25440734,
2017-04-16,1281,413025.00054244086,4568590.836397294,30.765304419942854
2017-04-16,1282,413025.00557115756,4568608.340347914,
2017-04-16,1283,413025.02163266746,4568625.645097205,
2017-04-16,1284,413026.2500918178,4568621.059540161,
2017-04-16,1285,413028.59761844616,4568596.268788808,-46.86922115796506
2017-04-16,1286,413031.32528958656,4568564.614381878,4.439485308175017
2017-04-16,1287,413033.69418227335,4568539.437858107,
2017-04-16,1288,413034.9653735406,4568534.080756228,
2017-04-16,1289,413034.9936781501,4568551.164451638,
2017-04-16,1290,413034.9994510331,4568568.6549660545,
2017-04-16,1291,413035.0001087071,4568586.237837534,-1.2057739820556486
2017-04-16,1292,413034.99880347267,4568603.856150087,
2017-04-16,1293,413034.9699353998,4568621.972120306,
2017-04-16,1294,413035.7903056162,4568624.754766127,
2017-04-16,1295,413037.916258151,4568603.964620362,
2017-04-16,1296,413040.6158088619,4568572.817938616,
2017-04-16,1297,413043.150034783,4568544.656259623,
2017-04-16,1298,413044.7800129485,4568532.821122119,41.86593541819525
2017-04-16,1299,413044.9947517061,4568546.538677197,
2017-04-16,1300,413045.00036893965,4568564.032001916,
2017-04-16,1301,413044.999951187,4568581.634290646,-33.20525825078486
2017-04-16,1302,413044.9982170077,4568599.260347956,
2017-04-16,1303,413044.9893917768,4568617.01443694,
2017-04-16,1304,413045.42048199376,4568626.825683084,
2017-04-16,1305,413047.27421331545,4568610.950596168,
2017-04-16,1306,413049.89499647706,4568581.226092863,18.05148504826396
2017-04-16,1307,413052.5439085125,4568550.993711904,
2017-04-16,1308,413054.48202645616,4568533.594992027,
2017-04-16,1309,413055.0191487672,4568541.491787877,
2017-04-16,1310,413055.0021126276,4568559.394127976,
2017-04-16,1311,413055.0000642961,4568577.025857431,
2017-04-16,1312,413055.00011806656,4568594.619632622,
2017-04-16,1313,413055.00759710954,4568612.079341667,
2017-04-16,1314,413055.1538806149,4568627.032882674,
2017-04-16,1315,413056.68474360346,4568616.987307862,
2017-04-16,1316,413059.17611209553,4568589.599436254,-30.136834813564064
2017-04-16,1317,413061.8890631254,4568558.210806586,
2017-04-16,1318,413064.0846737275,4568536.162957593,
2017-04-16,1319,413065.0257137167,4568536.766864205,
2017-04-16,1320,413064.99977213755,4568554.829995445,
2017-04-16,1321,413064.99973979883,4568572.425325375,
2017-04-16,1322,413065.0005028414,4568590.006294391,
2017-04-16,1323,413065.00420373096,4568607.534219441,
2017-04-16,1324,413065.00376114494,4568625.13695654,
2017-04-16,1325,413066.16110868065,4568621.835347092,
2017-04-16,1326,413068.4724153836,4568597.698560438,
2017-04-16,1327,413071.19875828805,4568566.068135316,-12.339095750457455
2017-04-16,1328,413073.60121442867,4568540.285610462,
2017-04-16,1329,413074.94086083915,4568533.692524608,
2017-04-16,1330,413074.99267779355,4568550.351695577,
2017-04-16,1331,413074.9994757823,4568567.823701316,
2017-04-16,1332,413075.00003053906,4568585.408431008,31.250376996099014
2017-04-16,1333,413074.99826758733,4568603.035007814,
2017-04-16,1334,413074.97038656246,4568621.133156504,
2017-04-16,1335,413075.7165682113,4568625.255305493,
2017-04-16,1336,413077.7971660051,4568605.284057048,
2017-04-16,1337,413080.4862536645,4568574.326289728,36.25327807361298
2017-04-16,1338,413083.04490822344,4568545.723542269,
2017-04-16,1339,413084.7342067163,4568532.817353406,37.6257173297211
2017-04-16,1340,413084.99738878105,4568545.660245902,
2017-04-16,1341,413085.00073904695,4568563.194501599,
2017-04-16,1342,413084.99997384165,4568580.803063722,-0.7968453660441541
2017-04-16,1343,413084.9985357134,4568598.42377572,
2017-04-16,1344,413084.9946038135,4568616.08951373,
2017-04-16,1345,413085.36438186036,4568627.0077747125,
2017-04-16,1346,413087.1636236251,4568612.116517732,
2017-04-16,1347,413089.7648089192,4568582.74586147,-12.220534239724923
2017-04-16,1348,413092.4290147769,4568552.237344663,
2017-04-16,1349,413094.41731823224,4568533.932506044,
2017-04-16,1350,413095.02382814715,4568540.576481983,
2017-04-16,1351,413095.0021521161,4568558.5625971155,
2017-04-16,1352,413095.00005360524,4568576.195232575,-32.85083610118362
2017-04-16,1353,413095.00032118417,4568593.785147372,
2017-04-16,1354,413095.00806181564,4568611.24013328,
2017-04-16,1355,413095.1178088225,4568626.853354123,
2017-04-16,1356,413096.5850420748,4568617.956629917,
2017-04-16,1357,413099.0476706865,4568591.087656129,
2017-04-16,1358,413101.7667764364,4568559.5878936015,
2017-04-16,1359,413104.00344110344,4568536.798803172,
2017-04-16,1360,413105.0191649307,4568536.054290084,
2017-04-16,1361,413104.9985264626,4568554.02165508,
2017-04-16,1362,413104.99941256305,4568571.600035827,
2017-04-16,1363,413104.9977577759,4568589.220653147,
2017-04-16,1364,413104.9872216466,4568606.984555619,
2017-04-16,1365,413105.5135884026,4568616.124646098,
2017-04-16,1366,413107.7385551073,4568597.981395298,
2017-04-16,1367,413110.74208510097,4568567.332672904,-24.12693104966451
2017-04-16,1368,413113.4974881632,4568540.66943409,
2017-04-16,1369,413114.9780740737,4568534.48263403,
2017-04-16,1370,413114.9934148038,4568551.83097338,
2017-04-16,1371,413114.9991299265,4568569.333921677,
2017-04-16,1372,413114.9989646786,4568586.93132197,
2017-04-16,1373,413115.00264450494,4568604.466961697,
2017-04-16,1374,413115.3363117926,4568616.702257752,
2017-04-16,1375,413117.38606956264,4568601.373266164,
2017-04-16,1376,413120.34684025997,4568571.411350128,27.296260063655783
2017-04-16,1377,413123.1919345891,4568543.307457739,
2017-04-16,1378,413124.89466325415,4568533.552537089,
2017-04-16,1379,413124.990204301,4568549.612678215,
2017-04-16,1380,413124.9993384329,4568567.060709475,
2017-04-16,1381,413125.00015218,4568584.642384897,
2017-04-16,1382,413125.00937979185,4568602.088914656,
2017-04-16,1383,413125.1912830404,4568616.761883831,
2017-04-16,1384,413127.0487436495,4568604.521618808,
2017-04-16,1385,413129.94966832583,4568575.520964987,2.1605880873371124
2017-04-16,1386,413132.86736777384,4568546.250870461,
2017-04-16,1387,413134.77515269775,4568533.202283327,35.94607584096824
2017-04-16,1388,413134.9915621959,4568547.321004234,
2017-04-16,1389,413135.000102559,4568564.778572759,
2017-04-16,1390,413135.00076067005,4568582.362748047,
2017-04-16,1391,413135.00929540076,4568599.820407047,
2017-04-16,1392,413135.08070798725,4568616.2681057155,
2017-04-16,1393,413136.7287841778,4568607.391027195,
2017-04-16,1394,413139.55277557555,4568579.626095525,-22.947432327439675
2017-04-16,1395,413142.52599288477,4568549.4642587975,
2017-04-16,1396,413144.6217468099,4568533.396465115,
2017-04-16,1397,413145.00050332793,4568544.907526341,
2017-04-16,1398,413145.0013720372,4568562.488318948,
2017-04-16,1399,413145.0008535896,4568580.091392423,
2017-04-16,1400,413145.0054062895,4568597.613011832,
2017-04-16,1401,413145.0067910256,4568615.185515878,
2017-04-16,1402,413146.4283955397,4568609.946083793,
2017-04-16,1403,413149.1583664014,4568583.691334211,-47.74883346553531
2017-04-16,1404,413152.1700143146,4568552.912215226,
2017-04-16,1405,413154.4366499836,4568534.099674932,
2017-04-16,1406,413155.0173873235,4568542.366468132,
2017-04-16,1407,413155.0024703652,4568560.200814199,
2017-04-16,1408,413155.000589621,4568577.82576924,42.101843732347476
2017-04-16,1409,413155.00072741596,4568595.418301976,
2017-04-16,1410,413154.9702570262,4568613.502471272,
2017-04-16,1411,413156.14978212945,4568612.15138108,
2017-04-16,1412,413158.76864519686,4568587.68127352,
2017-04-16,1413,413161.80163645616,4568556.559332209,
2017-04-16,1414,413164.2220666113,4568535.276505238,
2017-04-16,1415,413165.0330722603,4568539.844669512,
2017-04-16,1416,413165.00260413287,4568557.928802465,
2017-04-16,1417,413165.00012744573,4568575.563329696,31.455029695177146
2017-04-16,1418,413164.99793570885,4568593.193279973,
2017-04-16,1419,413164.963062496,4568611.348168549,
2017-04-16,1420,413165.89514833956,4568613.971511524,
2017-04-16,1421,413168.38581635564,4568591.560505923,
2017-04-16,1422,413171.42306370346,4568560.37020222,47.149574817883085
2017-04-16,1423,413173.98020108696,4568536.891548508,
2017-04-16,1424,413175.0362917159,4568537.5230946615,
2017-04-16,1425,413175.0009799302,4568555.685027705,
2017-04-16,1426,413174.9996257458,4568573.301525002,20.79033434093809
2017-04-16,1427,413174.99729290215,4568590.933741779,
2017-04-16,1428,413174.97394592076,4568608.903493052,
2017-04-16,1429,413175.66669856315,4568615.371067596,
2017-04-16,1430,413178.01208427007,4568595.293623892,
2017-04-16,1431,413181.0365004484,4568564.30941773,7.104833738150476
2017-04-16,1432,413183.71325780277,4568538.909397214,
2017-04-16,1433,413185.01577926765,4568535.582707767,
2017-04-16,1434,413184.99701401725,4568553.478866096,
2017-04-16,1435,413184.99924320367,4568571.037806371,10.105218626472997
2017-04-16,1436,413184.9980099003,4568588.652362046,
2017-04-16,1437,413184.9916408776,4568606.349408974,
2017-04-16,1438,413185.4666371929,4568616.314641761,
2017-04-16,1439,413187.64965333295,4568598.845219887,
2017-04-16,1440,413190.64415108477,4568568.341571211,4.724007019134837
2017-04-16,1441,413193.42344115255,4568541.294643828,
2017-04-16,1442,413194.96083424054,4568534.1953858305,
2017-04-16,1443,413194.99235461396,4568551.283843512,
2017-04-16,1444,413194.99913850095,4568568.769625008,-0.6028223268581158
2017-04-16,1445,413194.9992932932,4568586.361884735,
2017-04-16,1446,413195.005119743,4568603.863044838,
2017-04-16,1447,413195.2971686226,4568616.7668264955,
2017-04-16,1448,413197.3007279383,4568602.1798863895,
2017-04-16,1449,413200.2482200056,4568572.431255132,-20.315427273404012
2017-04-16,1450,413203.1129555288,4568544.011880816,
2017-04-16,1451,413204.8682452126,4568533.412711538,
2017-04-16,1452,413204.98999800126,4568549.051832908,
2017-04-16,1453,413204.99947032006,4568566.494432126,-11.336474132691977
2017-04-16,1454,413205.00036021374,4568584.07488446,
2017-04-16,1455,413205.0098784947,4568601.516745419,
2017-04-16,1456,413205.16049724485,4568616.69221427,
2017-04-16,1457,413206.9675124786,4568605.262215869,
2017-04-16,1458,413209.85091160424,4568576.543061963,-45.47744479188944
2017-04-16,1459,413212.78400532575,4568547.025700653,
2017-04-16,1460,413214.74010434723,4568533.201080028,34.58468809352153
2017-04-16,1461,413214.9929591372,4568546.734407256,
2017-04-16,1462,413215.0003908054,4568564.209783925,-22.102794881570496
2017-04-16,1463,413215.0008257439,4568581.797543872,
2017-04-16,1464,413215.0085669153,4568599.2679492235,
2017-04-16,1465,413215.0588274526,4568616.055397552,
2017-04-16,1466,413216.6522113466,4568608.056800792,
2017-04-16,1467,413219.45443027245,4568580.641584178,
2017-04-16,1468,413222.4387949343,4568550.300695807,
2017-04-16,1469,413224.5786160364,4568533.525083773,
2017-04-16,1470,413225.0041974605,4568544.284031289,
2017-04-16,1471,413225.0016918379,4568561.919023287,-32.948227619579285
2017-04-16,1472,413225.000815143,4568579.5278510265,
2017-04-16,1473,413225.004199963,4568597.068229214,
2017-04-16,1474,413224.994359879,4568614.821029219,
2017-04-16,1475,413226.3570289362,4568610.5282336315,
2017-04-16,1476,413229.06098040484,4568584.691414243,
2017-04-16,1477,413232.0795287494,4568553.801458747,
2017-04-16,1478,413234.38598467415,4568534.349315239,
2017-04-16,1479,413235.0218355499,4568541.730860626,
2017-04-16,1480,413235.00262452324,4568559.634179128,-43.87540704581693
2017-04-16,1481,413235.0004870928,4568577.263257128,
2017-04-16,1482,413234.9997924648,4568594.869160462,
2017-04-16,1483,413234.9661664272,4568613.004016584,
2017-04-16,1484,413236.0841696396,4568612.641106858,
2017-04-16,1485,413238.6727663933,4568588.657144632,
2017-04-16,1486,413241.70841116307,4568557.492581948,29.888018607077843
2017-04-16,1487,413244.16441465315,4568535.638366903,
2017-04-16,1488,413245.03547438857,4568539.2419269625,
2017-04-16,1489,413245.0023954517,4568557.367995407,
2017-04-16,1490,413245.0000002754,4568575.001213391,
2017-04-16,1491,413244.99760570214,4568592.634421682,
2017-04-16,1492,413244.9645171609,4568610.760644404,
2017-04-16,1493,413245.83583785046,4568614.360012942,
2017-04-16,1494,413248.29199263157,4568592.503367811,
2017-04-16,1495,413251.3276465689,4568561.338657877,6.397266209091498
2017-04-16,1496,413253.91611036647,4568537.35683123,
2017-04-16,1497,413255.03384755354,4568536.998194479,
2017-04-16,1498,413255.00021121337,4568555.133216088,
2017-04-16,1499,413254.9995133729,4568572.739171021,
2017-04-16,1500,413254.99737495795,4568590.3682648325,
2017-04-16,1501,413254.97814565705,4568608.271876861,
2017-04-16,1502,413255.6142379614,4568615.649544352,
2017-04-16,1503,413257.9208635127,4568596.194676259,
2017-04-16,1504,413260.93943935994,4568565.304279008,3.1366523705757463
2017-04-16,1505,413263.6432762075,4568539.469300696,
2017-04-16,1506,413265.00568862277,4568535.180627366,
2017-04-16,1507,413264.99580528383,4568552.93412214,
2017-04-16,1508,413264.9991850674,4568570.474581228,
2017-04-16,1509,413264.99830682203,4568588.083433867,
2017-04-16,1510,413264.99578549335,4568605.718678144,
2017-04-16,1511,413265.42157436576,4568616.474293563,
2017-04-16,1512,413267.5615834292,4568599.695662438,
2017-04-16,1513,413270.54599392886,4568569.354037807,42.80563267905482
2017-04-16,1514,413273.3481165687,4568541.940367765,
2017-04-16,1515,413274.9412620531,4568533.945600407,
2017-04-16,1516,413274.9914366724,4568550.734428782,
2017-04-16,1517,413274.9991740408,4568568.204895218,
2017-04-16,1518,413274.9996078844,4568585.792672745,
2017-04-16,1519,413275.0070337492,4568603.268142633,
2017-04-16,1520,413275.26005145645,4568616.798853041,
2017-04-16,1521,413277.2163567748,4568602.970918824,
2017-04-16,1522,413280.1495146689,4568573.452526748,
2017-04-16,1523,413283.03283584357,4568544.734624913,
2017-04-16,1524,413284.83963100263,4568533.308161411,
2017-04-16,1525,413284.99012019864,4568548.485711198,
2017-04-16,1526,413284.99963897484,4568565.9275642,
2017-04-16,1527,413285.00052903267,4568583.5080139,
2017-04-16,1528,413285.0100022107,4568600.950599319,
2017-04-16,1529,413285.1318736268,4568616.5878152605,
2017-04-16,1530,413286.8873879422,4568605.985037887,
2017-04-16,1531,413289.7522059736,4568577.564338304,
2017-04-16,1532,413292.69963842514,4568547.816664608,48.05135102850104
2017-04-16,1533,413294.7029960012,4568533.2329649,34.95251218024101
2017-04-16,1534,413294.9948708207,4568546.139542358,
2017-04-16,1535,413295.0007053096,4568563.640573335,
2017-04-16,1536,413295.00086140516,4568581.232812123,
2017-04-16,1537,413295.0076496882,4568598.718523017,
2017-04-16,1538,413295.03924526914,4568615.805772687,
2017-04-16,1539,413296.57688132394,4568608.702612092,
2017-04-16,1540,413299.3562722349,4568581.654064939,
2017-04-16,1541,413302.350728706,4568551.151079326,27.96480270981323
2017-04-16,1542,413304.53356144164,4568533.684603346,
2017-04-16,1543,413305.008340513,4568543.653325566,
2017-04-16,1544,413305.0019888841,4568561.350093104,41.5090284607753
2017-04-16,1545,413305.00075708615,4568578.964624608,
2017-04-16,1546,413305.0029911399,4568596.523486696,
2017-04-16,1547,413304.98425952526,4568614.41910476,
2017-04-16,1548,413306.28704131395,4568611.088233914,
2017-04-16,1549,413308.9639178465,4568585.686299127,
2017-04-16,1550,413311.9883110795,4568554.702461528,6.264453334855231
2017-04-16,1551,413314.3335317171,4568534.627669213,
2017-04-16,1552,413315.02603672794,4568541.099221281,
2017-04-16,1553,413315.0027069155,4568559.068696782,30.858403818335496
2017-04-16,1554,413315.0003747569,4568576.700902551,
2017-04-16,1555,413314.9990230411,4568594.317360198,
2017-04-16,1556,413314.96371556085,4568612.479224088,
2017-04-16,1557,413316.02007230505,4568613.106495827,
2017-04-16,1558,413318.5773472019,4568589.625633339,
2017-04-16,1559,413321.6145899389,4568558.43540369,-16.716814552344946
2017-04-16,1560,413324.10511122074,4568536.026754977,
2017-04-16,1561,413325.0369334996,4568538.6543314,
2017-04-16,1562,413325.002065993,4568556.809128321,20.3917621840393
2017-04-16,1563,413324.9998730998,4568574.439097173,
2017-04-16,1564,413324.9973965259,4568592.073622583,
2017-04-16,1565,413324.9669155894,4568610.157961275,
2017-04-16,1566,413325.7781786898,4568614.7219902985,
2017-04-16,1567,413328.1987646932,4568593.436660048,
2017-04-16,1568,413331.231769677,4568562.314498287,27.500571223289473
2017-04-16,1569,413333.85050434544,4568537.846453108,
2017-04-16,1570,413335.02976440557,4568536.499620113,
2017-04-16,1571,413334.9992769486,4568554.584063546,10.12427990519482
2017-04-16,1572,413334.9994107973,4568572.176659676,
2017-04-16,1573,413334.99752883235,4568589.801634317,
2017-04-16,1574,413334.9825931888,4568607.636280518,
2017-04-16,1575,413335.5635648617,4568615.899309795,
2017-04-16,1576,413337.83037471416,4568597.083971717,
2017-04-16,1577,413340.84205468686,4568566.304337779,-13.469416183512228
2017-04-16,1578,413343.5719154844,4568540.051356075,
2017-04-16,1579,413344.9932678107,4568534.815974701,
2017-04-16,1580,413344.99459884723,4568552.389341294,-0.07924052000953255
2017-04-16,1581,413344.99914653075,4568569.911041271,
2017-04-16,1582,413344.99862655054,4568587.514139363,
2017-04-16,1583,413344.9994819357,4568605.095145988,
2017-04-16,1584,413345.3784352141,4568616.603046793,
2017-04-16,1585,413347.4743816579,4568600.532160823,
2017-04-16,1586,413350.447649362,4568570.369514644,
2017-04-16,1587,413353.2715490307,4568542.60605635,39.94994023097711
2017-04-16,1588,413354.9193913684,4568533.732734036,
2017-04-16,1589,413354.9907072725,4568550.181985644,-10.329071304272409
2017-04-16,1590,413354.99923898233,4568567.639693165,
2017-04-16,1591,413354.99989627034,4568585.223881672,
2017-04-16,1592,413355.0084328136,4568602.681511559,
2017-04-16,1593,413355.22499413934,4568616.797793761,
2017-04-16,1594,413357.1329899168,4568603.745819838,
2017-04-16,1595,413360.05075809464,4568574.474621354,
2017-04-16,1596,413362.95160937717,4568545.475146402,22.78757386128498
2017-04-16,1597,413364.80885446875,4568533.238343084,40.074516057368086
2017-04-16,1598,413364.9906171829,4568547.913569566,-20.693421736774713
2017-04-16,1599,413364.9998468341,4568565.360066566,
2017-04-16,1600,413365.00066107314,4568582.941734087,
2017-04-16,1601,413365.0097972296,4568600.389732831,
2017-04-16,1602,413365.10544603074,4568616.448143169,
2017-04-16,1603,413366.8084038846,4568606.689541226,
2017-04-16,1604,413369.65358527866,4568578.584250374,
2017-04-16,1605,413372.6143009174,4568548.623218706,3.4976973217712195
2017-04-16,1606,413374.6638615051,4568533.2973943185,29.12403324146457
2017-04-16,1607,413374.9973435364,4568545.535666017,-31.315159005206908
2017-04-16,1608,413375.0010338898,4568563.071136651,-29.998971194470492
2017-04-16,1609,413375.0008700906,4568580.668513676,
2017-04-16,1610,413375.0065900094,4568598.17138491,
2017-04-16,1611,413375.0219952818,4568615.518687489,
2017-04-16,1612,413376.5028279539,4568609.327917463,
2017-04-16,1613,413379.2583353064,4568582.662994178,
2017-04-16,1614,413382.26182804373,4568552.014865727,17.53278005888027
2017-04-16,1615,413384.48661686986,4568533.8744802065,42.46606973576416
2017-04-16,1616,413385.0127595075,4568543.018187595,-42.81068670025106
2017-04-16,1617,413385.002250995,4568560.781724073,-19.997750798664235
2017-04-16,1618,413385.0006818554,4568578.401674034,
2017-04-16,1619,413385.0018261102,4568595.978040758,
2017-04-16,1620,413384.9763218943,4568613.982442088,
2017-04-16,1621,413386.21846651804,4568611.625541018,
2017-04-16,1622,413388.86721257144,4568586.675445236,
2017-04-16,1623,413391.8963951495,4568555.614679939,13.169656928201475
2017-04-16,1624,413394.2793249567,4568534.934193222,43.48554015177711
2017-04-16,1625,413395.029817879,4568540.47432851,
2017-04-16,1626,413395.0027053598,4568558.504562822,-9.997294675892903
2017-04-16,1627,413395.00025504973,4568576.138666376,
2017-04-16,1628,413394.9984112782,4568593.763027546,
2017-04-16,1629,413394.9627314488,4568611.930872207,
2017-04-16,1630,413395.9575239697,4568613.547004362,
2017-04-16,1631,413398.4824214666,4568590.586196018,
2017-04-16,1632,413401.5202066282,4568559.387253811,3.496801273107442
2017-04-16,1633,413404.04419015866,4568536.441125833,37.72232169799995
2017-04-16,1634,413405.03727661533,4568538.084661243,
2017-04-16,1635,413405.00160357443,4568556.252396858,0.001603575171905709
2017-04-16,1636,413404.9997483555,4568573.876941905,
2017-04-16,1637,413404.99729599716,4568591.5110783465,
2017-04-16,1638,413404.9700847873,4568609.542897723,
2017-04-16,1639,413405.72220509005,4568615.056896995,
2017-04-16,1640,413408.1061678574,4568594.359827722,
2017-04-16,1641,413411.13546921033,4568563.297161916,-6.164791110381591
2017-04-16,1642,413413.7834189282,4568538.359854745,27.451256204621313
2017-04-16,1643,413415.0238690139,4568536.030152118,
2017-04-16,1644,413414.9982064595,4568554.037109967,
2017-04-16,1645,413414.9993569722,4568571.613672302,
2017-04-16,1646,413414.99816518713,4568589.230809128,
2017-04-16,1647,413414.98958407575,4568606.98058633,
2017-04-16,1648,413415.4183810932,4568616.833258841,
2017-04-16,1649,413417.27015703934,4568600.993489441,
2017-04-16,1650,413419.8902508818,4568571.281428962,
2017-04-16,1651,413422.5397443995,4568541.038538247,14.199502845810422
2017-04-16,1652,413424.47971937153,4568523.606278142,
2017-04-16,1653,413425.0193324046,4568531.458099603,
2017-04-16,1654,413425.0021165986,4568549.363683762,
2017-04-16,1655,413425.000064223,4568566.995486249,
2017-04-16,1656,413425.00012682634,4568584.589101965,
2017-04-16,1657,413425.0076263153,4568602.048441844,
2017-04-16,1658,413425.15249474,4568617.027532681,
2017-04-16,1659,413426.68106080464,4568607.02342972,
2017-04-16,1660,413429.1714079205,4568579.653999456,
2017-04-16,1661,413431.8846131219,4568548.260780624,-27.219119908604053
2017-04-16,1662,413434.0817534431,4568526.185311959,
2017-04-16,1663,413435.0255305042,4568526.739799674,
2017-04-16,1664,413434.9997311007,4568544.800363879,20.943968558703194
2017-04-16,1665,413434.9997362445,4568562.395017042,29.999736450681507
2017-04-16,1666,413435.00050080917,4568579.975958575,
2017-04-16,1667,413435.00415166223,4568597.504787059,
2017-04-16,1668,413435.0031873025,4568615.116944987,
2017-04-16,1669,413436.1579039692,4568611.862836886,
2017-04-16,1670,413438.4678553509,4568587.750521073,
2017-04-16,1671,413441.1941184823,4568556.121536287,-12.957502021464482
2017-04-16,1672,413443.5977703974,4568530.317421261,
2017-04-16,1673,413444.9398881305,4568523.679714733,
2017-04-16,1674,413444.99264777097,4568540.321865145,-10.289001374521911
2017-04-16,1675,413444.999477615,4568557.793295721,39.99947769045344
2017-04-16,1676,413445.0000280646,4568575.378103185,
2017-04-16,1677,413444.99825250113,4568593.004907702,
2017-04-16,1678,413444.97044127085,4568611.101796215,
2017-04-16,1679,413445.71392901597,4568615.272584673,
2017-04-16,1680,413447.79283754405,4568595.33183657,
2017-04-16,1681,413450.4815114854,4568564.381539085,-45.64873183688654
2017-04-16,1682,413453.0410278742,4568535.763230954,23.23192919495654
2017-04-16,1683,413454.73246374505,4568522.818450914,19.568409237271187
2017-04-16,1684,413454.9975043097,4568535.627787489,-41.663359183013846
2017-04-16,1685,413455.0007530312,4568553.163876609,
2017-04-16,1686,413454.9999747822,4568570.772674237,
2017-04-16,1687,413454.9985484826,4568588.393172664,
2017-04-16,1688,413454.9947856479,4568606.0558581315,
2017-04-16,1689,413455.3623956098,4568617.01326473,
2017-04-16,1690,413457.1596141642,4568602.158537591,
2017-04-16,1691,413459.7600517956,4568572.801380664,
2017-04-16,1692,413462.42478553846,4568542.283332684,-13.725227889419463
2017-04-16,1693,413464.414892427,4568523.945932388,
2017-04-16,1694,413465.02398278285,4568530.543317476,
2017-04-16,1695,413465.0021506275,4568548.5322514875,
2017-04-16,1696,413465.000052843,4568566.164873839,
2017-04-16,1697,413465.0003272338,4568583.754665644,
2017-04-16,1698,413465.0080664504,4568601.209677144,
2017-04-16,1699,413465.11656341574,4568616.845468695,
2017-04-16,1700,413466.58144487656,4568607.991215779,
2017-04-16,1701,413469.04299907835,4568581.141652669,
2017-04-16,1702,413471.7623030553,4568549.638318099,
2017-04-16,1703,413474.0004338415,4568526.822750802,49.161300731065
2017-04-16,1704,413475.0188603325,4568526.02941431,
2017-04-16,1705,413474.99848578434,4568543.992030659,
2017-04-16,1706,413474.9996411871,4568561.565915461,
2017-04-16,1707,413475.00043248397,4568579.146374331,
2017-04-16,1708,413475.00271260866,4568596.699951838,
2017-04-16,1709,413474.9896490077,4568614.530566226,
2017-04-16,1710,413476.07158934517,4568612.590462774,
2017-04-16,1711,413478.3436129973,4568589.1629467355,
2017-04-16,1712,413481.06684008846,4568557.588778829,-29.999079837462645
2017-04-16,1713,413483.50234765274,4568531.209497791,28.05779399308656
2017-04-16,1714,413484.9112127244,4568523.366642351,
2017-04-16,1715,413484.99204775447,4568539.501880784,22.412505490234267
2017-04-16,1716,413484.9995563756,4568556.961055782,
2017-04-16,1717,413484.99997372425,4568574.548266434,
2017-04-16,1718,413484.9979516897,4568592.179521084,
2017-04-16,1719,413484.9728259936,4568610.227921247,
2017-04-16,1720,413485.64330723597,4568615.716870225,
2017-04-16,1721,413487.67515321827,4568596.625854511,
2017-04-16,1722,413490.35165630357,4568565.895306522,
2017-04-16,1723,413492.93389352586,4568536.866764996,-3.32267131297957
2017-04-16,1724,413494.6829419194,4568522.881768664,22.97203265508113
2017-04-16,1725,413495.0012272376,4568534.729750705,-10.753792909578076
2017-04-16,1726,413495.0011366307,4568552.326132689,
2017-04-16,1727,413495.00000196014,4568569.941365641,
2017-04-16,1728,413494.9989170242,4568587.55570062,
2017-04-16,1729,413494.99936437845,4568605.142369506,
2017-04-16,1730,413495.30985821335,4568617.131029772,
2017-04-16,1731,413497.0508794063,4568603.290967641,
2017-04-16,1732,413499.63001136587,4568574.318492829,
2017-04-16,1733,413502.30833112635,4568543.555144071,-41.99503186492334
2017-04-16,1734,413504.3469157219,4568524.3424601015,39.262857100216394
2017-04-16,1735,413505.0276061504,4568529.647078293,-46.157714661753474
2017-04-16,1736,413505.00201837026,4568547.703821559,
2017-04-16,1737,413505.0000202127,4568565.334645101,
2017-04-16,1738,413505.00045824726,4568582.921482259,
2017-04-16,1739,413505.00789562997,4568600.381943492,
2017-04-16,1740,413505.08450194227,4568616.593533059,
2017-04-16,1741,413506.484051226,4568608.9188777665,
2017-04-16,1742,413508.91516494006,4568582.618929386,
2017-04-16,1743,413511.6389201188,4568551.035226652,45.17243819736737
2017-04-16,1744,413513.9163937963,4568527.509308301,27.956997970484835
2017-04-16,1745,413515.0086868901,4568525.382281842,
2017-04-16,1746,413514.9970848339,4568543.186507473,
2017-04-16,1747,413514.9995565548,4568560.736625642,
2017-04-16,1748,413515.00034582306,4568578.317121136,
2017-04-16,1749,413515.00132636,4568595.894163211,
2017-04-16,1750,413514.9799968069,4568613.874022548,
2017-04-16,1751,413515.98792834184,4568613.270176532,
2017-04-16,1752,413518.2203766902,4568590.557207837,
2017-04-16,1753,413520.9389201672,4568559.067604383,-47.25989459692633
2017-04-16,1754,413523.4046358069,4568532.142904906,3.3153663825795445
2017-04-16,1755,413524.8786006437,4568523.12464814,
2017-04-16,1756,413524.9919558648,4568538.672722008,
2017-04-16,1757,413524.99969662016,4568556.127705728,
2017-04-16,1758,413524.99994437065,4568573.717978541,
2017-04-16,1759,413524.9978448407,4568591.350632397,
2017-04-16,1760,413524.9766212819,4568609.3285779655,
2017-04-16,1761,413525.57577041903,4568616.10545558,
2017-04-16,1762,413527.5589062822,4568597.893919829,
2017-04-16,1763,413530.22159093776,4568567.412868911,
2017-04-16,1764,413532.8249014198,4568538.003841563,-30.351777753665445
2017-04-16,1765,413534.6299147626,4568523.00837652,19.953888587339456
2017-04-16,1766,413535.00592036336,4568533.814196626,19.46373562366439
2017-04-16,1767,413535.0015004258,4568551.4887463385,
2017-04-16,1768,413535.00002881355,4568569.110062907,
2017-04-16,1769,413534.9993008233,4568586.7179530915,
2017-04-16,1770,413535.0029337752,4568604.247104784,
2017-04-16,1771,413535.2608371227,4568617.185306556,
2017-04-16,1772,413536.9440133807,4568604.389657008,
2017-04-16,1773,413539.50019209477,4568575.831611886,
2017-04-16,1774,413542.19045029895,4568544.852709923,
2017-04-16,1775,413544.27586502803,4568524.794489858,22.33919913568546
2017-04-16,1776,413545.0297559479,4568528.777444983,15.294403203428974
2017-04-16,1777,413545.00168760377,4568546.878975787,-49.99831956901272
2017-04-16,1778,413544.9999622179,4568564.5048743365,
2017-04-16,1779,413545.0005290758,4568582.089385536,
2017-04-16,1780,413545.0072335704,4568599.563079341,
2017-04-16,1781,413545.05638811766,4568616.270321103,
2017-04-16,1782,413546.38895765034,4568609.805011009,
2017-04-16,1783,413548.7879833029,4568584.084424933,
2017-04-16,1784,413551.5145421098,4568552.450101616,29.18258833870342
2017-04-16,1785,413553.8297111051,4568528.243579786,5.656684262724586
2017-04-16,1786,413554.99456732295,4568524.80639818,
2017-04-16,1787,413554.99564796657,4568542.381632781,-40.004413786230764
2017-04-16,1788,413554.99949155725,4568559.9069813145,
2017-04-16,1789,413555.00025003613,4568577.488032727,
2017-04-16,1790,413555.00011263264,4568595.085259634,
2017-04-16,1791,413554.97378487204,4568613.155363534,
2017-04-16,1792,413555.90699875617,4568613.900573483,
2017-04-16,1793,413558.09822422755,4568591.931899714,
2017-04-16,1794,413560.8104365168,4568560.556608293,
2017-04-16,1795,413563.3047126585,4568533.116237956,22.083621288332637
2017-04-16,1796,413564.8421296866,4568522.952327433,32.9563127541259
2017-04-16,1797,413564.99249181844,4568537.832227267,-30.007524743810695
2017-04-16,1798,413564.9999075578,4568555.293079282,
2017-04-16,1799,413564.9999356169,4568572.887318707,
2017-04-16,1800,413564.99789972266,4568590.518823598,
2017-04-16,1801,413564.98138049897,4568608.411830584,
2017-04-16,1802,413565.5113963629,4568616.436936069,
2017-04-16,1803,413567.44417453307,4568599.13462786,
2017-04-16,1804,413570.0913931851,4568568.932821593,
2017-04-16,1805,413572.7141293532,4568539.173056002,22.38457745947276
2017-04-16,1806,413574.5734600717,4568523.19686982,11.14768528203746
2017-04-16,1807,413575.0111696197,4568532.888601394,19.989166147676883
2017-04-16,1808,413575.00181218504,4568550.652299521,-19.998188897463287
2017-04-16,1809,413575.0000507376,4568568.278849173,
2017-04-16,1810,413574.9996676485,4568585.880512034,
2017-04-16,1811,413575.00546825904,4568603.370525817,
2017-04-16,1812,413575.21541013604,4568617.174690414,
2017-04-16,1813,413576.8390938852,4568605.453201023,
2017-04-16,1814,413579.3706717801,4568577.339333166,
2017-04-16,1815,413582.0712208549,4568546.174625577,12.980906399310882
2017-04-16,1816,413584.2018181435,4568525.300616993,3.5470814705002804
2017-04-16,1817,413585.02998553845,4568527.942481755,9.970020266245761
2017-04-16,1818,413585.0011260968,4568546.058296131,-9.998877432459977
2017-04-16,1819,413584.9998821589,4568563.6755019445,
2017-04-16,1820,413585.0005489286,4568581.258209201,
2017-04-16,1821,413585.0061999894,4568598.7509231595,
2017-04-16,1822,413585.03229973966,4568615.874428159,
2017-04-16,1823,413586.2962419476,4568610.648210839,
2017-04-16,1824,413588.66153196536,4568585.53673465,
2017-04-16,1825,413591.38924682676,4568553.881538321,3.6245041473612396
2017-04-16,1826,413593.74046356604,4568529.02416059,1.2675058169209912
2017-04-16,1827,413594.9762592175,4568524.306140188,
2017-04-16,1828,413594.9942948995,4568541.575245043,-0.005705107548356244
2017-04-16,1829,413594.99945540284,4568559.076816207,
2017-04-16,1830,413595.0001543313,4568576.6589428205,
2017-04-16,1831,413594.99917299306,4568594.271407305,
2017-04-16,1832,413594.97056656657,4568612.382653397,
2017-04-16,1833,413595.8288783863,4568614.480248958,
2017-04-16,1834,413597.9772334069,4568593.285617689,
2017-04-16,1835,413600.681466935,4568562.054385874,
2017-04-16,1836,413603.2026560049,4568534.128092252,8.243593242874564
2017-04-16,1837,413604.8018776508,4568522.8482755525,11.422640637070332
2017-04-16,1838,413604.9937753333,4568536.978235032,9.993794728461785
2017-04-16,1839,413605.000196507,4568554.457044306,10.000197262040018
2017-04-16,1840,413604.9999428587,4568572.0563700665,
2017-04-16,1841,413604.99808410386,4568589.684676636,
2017-04-16,1842,413604.9866570074,4568607.485743304,
2017-04-16,1843,413605.4502628657,4568616.709907021,
2017-04-16,1844,413607.3310357693,4568600.34657393,
2017-04-16,1845,413609.96114084433,4568570.453759885,
2017-04-16,1846,413612.60165512486,4568540.373003625,-17.67803778954518
2017-04-16,1847,413614.5136556452,4568523.445843886,
2017-04-16,1848,413615.0165283692,4568531.961029222,20.01685195273479
2017-04-16,1849,413615.00203967694,4568549.817374183,20.00204011537151
2017-04-16,1850,413615.0000631279,4568567.447807577,
2017-04-16,1851,413614.9999852684,4568585.043959399,
2017-04-16,1852,413615.00708717766,4568602.510477727,
2017-04-16,1853,413615.17365505075,4568617.097776672,
2017-04-16,1854,413616.7361987175,4568606.480195017,
2017-04-16,1855,413619.24152821954,4568578.840252003,
2017-04-16,1856,413621.95072059083,4568547.519486364,-27.05802112177497
2017-04-16,1857,413624.1248528658,4568525.859436836,
2017-04-16,1858,413625.02784828446,4568527.1502528135,30.028154565925114
2017-04-16,1859,413625.00030161714,4568545.242364535,30.00032280650026
2017-04-16,1860,413624.99978909397,4568562.846364384,
2017-04-16,1861,413625.0005270145,4568580.427786985,
2017-04-16,1862,413625.00491460407,4568597.943313402,
2017-04-16,1863,413625.0123146063,4568615.404449553,
2017-04-16,1864,413626.20598191634,4568611.447072587,
2017-04-16,1865,413628.53588872525,4568586.974453855,
2017-04-16,1866,413631.2631120675,4568555.328132094,-36.400212877537086
2017-04-16,1867,413633.6487289771,4568529.8496460365,38.88050893821799
2017-04-16,1868,413634.9538164884,4568523.880534418,40.032981037441104
2017-04-16,1869,413634.9931453497,4568540.765182718,39.99317611086252
2017-04-16,1870,413634.9994573011,4568558.2459640475,
2017-04-16,1871,413635.0000679187,4568575.829685157,
2017-04-16,1872,413634.9985092964,4568593.452572714,
2017-04-16,1873,413634.96989525284,4568611.563956338,
2017-04-16,1874,413635.75364503055,4568615.00779829,
2017-04-16,1875,413637.8574820268,4568594.616957098,
2017-04-16,1876,413640.5520892202,4568563.559532471,
2017-04-16,1877,413643.09854364465,4568535.17706314,-48.331351246594295
2017-04-16,1878,413644.7579223345,4568522.811087839,
2017-04-16,1879,413644.99592612585,4568536.108583753,49.99614935703251
2017-04-16,1880,413645.000547364,4568553.61989156,
2017-04-16,1881,413644.9999614914,4568571.225215759,
2017-04-16,1882,413644.998365753,4568588.84877347,
2017-04-16,1883,413644.9920041703,4568606.5583803365,
2017-04-16,1884,413645.39244772523,4568616.922963767,
2017-04-16,1885,413647.2195677883,4568601.528353368,
2017-04-16,1886,413649.8309117125,4568571.974279129,
2017-04-16,1887,413652.4875565319,4568541.6022797795,
2017-04-16,1888,413654.45057928073,4568523.753894056,
2017-04-16,1889,413655.0215499748,4568531.039544313,
2017-04-16,1890,413655.0021506698,4568548.98455228,
2017-04-16,1891,413655.00006137986,4568566.617021252,
2017-04-16,1892,413655.0002273247,4568584.208771095,
2017-04-16,1893,413655.0079102487,4568601.66479898,
2017-04-16,1894,413655.1356496652,4568616.953160662,
2017-04-16,1895,413656.6354056758,4568607.469234317,
2017-04-16,1896,413659.1128392113,4568580.332963722,
2017-04-16,1897,413661.8290273056,4568548.88588761,
2017-04-16,1898,413664.0450469932,4568526.469544716,
2017-04-16,1899,413665.0228975487,4568526.408822364,
2017-04-16,1900,413664.99919068505,4568544.431604962,
2017-04-16,1901,413664.99969223194,4568562.017295377,
2017-04-16,1902,413665.00047254225,4568579.597952612,
2017-04-16,1903,413665.00349713146,4568597.138088531,
2017-04-16,1904,413664.996509221,4568614.859003989,
2017-04-16,1905,413666.1182553534,4568612.20019158,
2017-04-16,1906,413668.4111313801,4568588.396177884,
2017-04-16,1907,413671.13621562946,4568556.788478265,
2017-04-16,1908,413673.5545851359,4568530.718631459,
2017-04-16,1909,413674.9273169335,4568523.5281762,
2017-04-16,1910,413674.99231903494,4568539.94928427,
2017-04-16,1911,413674.9995064609,4568557.414258563,
2017-04-16,1912,413675.0000000064,4568575.000093454,
2017-04-16,1913,413674.99808934116,4568592.629337286,
2017-04-16,1914,413674.9713242936,4568610.707336568,
2017-04-16,1915,413675.6813764862,4568615.481816806,
2017-04-16,1916,413677.7390478841,4568595.9245132655,
2017-04-16,1917,413680.4223811687,4568565.070643396,
2017-04-16,1918,413682.9924533741,4568536.261745933,
2017-04-16,1919,413684.7103415347,4568522.839359609,
2017-04-16,1920,413684.9990639139,4568535.221111898,
2017-04-16,1921,413685.00092819537,4568552.782197619,
2017-04-16,1922,413684.9999869106,4568570.39393892,
2017-04-16,1923,413684.9987124383,4568588.011696047,
2017-04-16,1924,413684.99697535,4568605.637805884,
2017-04-16,1925,413685.3380287389,4568617.074701634,
2017-04-16,1926,413687.10984838835,4568602.678561508,
2017-04-16,1927,413689.7007835882,4568573.492974644,
2017-04-16,1928,413692.37191137276,4568542.8594797775,
2017-04-16,1929,413694.38430877624,4568524.119615647,
2017-04-16,1930,413695.0257877993,4568530.132210875,
2017-04-16,1931,413695.0021129319,4568548.154415762,
2017-04-16,1932,413695.00004088914,4568565.786573336,
2017-04-16,1933,413695.0003949744,4568583.374926225,
2017-04-16,1934,413695.00805718906,4568600.831328029,
2017-04-16,1935,413695.1014717769,4568616.739437711,
2017-04-16,1936,413696.53679255815,4568608.418914257,
2017-04-16,1937,413698.9846825534,4568581.816063656,
2017-04-16,1938,413701.70621879725,4568550.272424647,
2017-04-16,1939,413703.9624783236,4568527.129535964,
2017-04-16,1940,413705.0146866945,4568525.726254619,
2017-04-16,1941,413704.9978596159,4568543.624820039,
2017-04-16,1942,413704.99960078194,4568561.188128656,
2017-04-16,1943,413705.0003947216,4568578.768539814,
2017-04-16,1944,413705.0020672887,4568596.333087005,
2017-04-16,1945,413704.98479635903,4568614.239666338,
2017-04-16,1946,413706.03314005723,4568612.906163149,
2017-04-16,1947,413708.2873377281,4568589.8005020665,
2017-04-16,1948,413711.00863531115,4568558.261172171,
2017-04-16,1949,413713.45810984087,4568531.629712192,
2017-04-16,1950,413714.89683835104,4568523.247660867,
2017-04-16,1951,413714.9919356716,4568539.125388152,
2017-04-16,1952,413714.9996120912,4568556.58153348,
2017-04-16,1953,413714.99995750224,4568574.170042997,
2017-04-16,1954,413714.9978808952,4568591.802282972,
2017-04-16,1955,413714.9744070521,4568609.820858292,
2017-04-16,1956,413715.6121505513,4568615.900899832,
2017-04-16,1957,413717.6220087774,4568597.206881524,
2017-04-16,1958,413720.2924205798,4568566.586313994,
2017-04-16,1959,413722.8844629926,4568537.380735976,
2017-04-16,1960,413724.65921305015,4568522.931686206,
2017-04-16,1961,413725.00326791895,4568534.3143890845,
2017-04-16,1962,413725.00130676944,4568551.944544437,
2017-04-16,1963,413725.00001451175,4568569.562622684,
2017-04-16,1964,413724.9990919283,4568587.1740263235,
2017-04-16,1965,413725.00112640887,4568604.732039035,
2017-04-16,1966,413725.2870837052,4568617.163715952,
2017-04-16,1967,413727.0019553671,4568603.795793674,
2017-04-16,1968,413729.57083426905,4568575.008441768,
2017-04-16,1969,413732.2547974451,4568544.143198966,
2017-04-16,1970,413734.3149219296,4568524.541604005,
2017-04-16,1971,413735.02879520523,4568529.247093116,
2017-04-16,1972,413735.0018942321,4568547.327546588,
2017-04-16,1973,413734.9999970512,4568564.956546957,
2017-04-16,1974,413735.00049742614,4568582.542258537,
2017-04-16,1975,413735.00764771615,4568600.007903339,
2017-04-16,1976,413735.0711991839,4568616.455203152,
2017-04-16,1977,413736.44043716165,4568609.327830161,
2017-04-16,1978,413738.8571360433,4568583.288147134,
2017-04-16,1979,413741.58237286296,4568551.6776928045,
2017-04-16,1980,413743.87722465454,4568527.838005908,
2017-04-16,1981,413745.00276908407,4568525.110613778,
2017-04-16,1982,413744.9964274553,4568542.819860366,
2017-04-16,1983,413744.999523953,4568560.358697943,
2017-04-16,1984,413745.0003027607,4568577.939382312,
2017-04-16,1985,413745.0007447934,4568595.5261472855,
2017-04-16,1986,413744.9767669149,4568613.55382316,
2017-04-16,1987,413745.9507138253,4568613.563582622,
2017-04-16,1988,413748.1645855665,4568591.186021729,
2017-04-16,1989,413750.88044890936,4568559.7448091265,
2017-04-16,1990,413753.35938088846,4568532.581483552,
2017-04-16,1991,413754.862458538,4568523.03758374,
2017-04-16,1992,413754.9921149775,4568538.291332833,
2017-04-16,1993,413754.9997834012,4568555.74762253,
2017-04-16,1994,413754.99993810494,4568573.339575339,
2017-04-16,1995,413754.99785172706,4568590.971991728,
2017-04-16,1996,413754.97869689064,4568608.912585718,
2017-04-16,1997,413755.54604502383,4568616.263642706,
2017-04-16,1998,413757.50644250476,4568598.462657202,
2017-04-16,1999,413760.16228525137,4568568.105139585,
2017-04-16,2000,413762.7746502978,4568538.5326285865,
2017-04-16,2001,413764.6046146785,4568523.086662946,
2017-04-16,2002,413765.0082698043,4568533.393260234,
2017-04-16,2003,413765.0016508543,4568551.10751396,
2017-04-16,2004,413765.0000396904,4568568.73135019,
2017-04-16,2005,413764.9994719913,4568586.336346252,
2017-04-16,2006,413765.0042096589,4568603.845551879,
2017-04-16,2007,413765.2396904217,4568617.188602055,
2017-04-16,2008,413766.89596652245,4568604.878645199,
2017-04-16,2009,413769.44114155264,4568576.519275822,
2017-04-16,2010,413772.13629254664,4568545.452032657,
2017-04-16,2011,413774.2424965386,4568525.018454442,
2017-04-16,2012,413775.0301255557,4568528.39225524,
2017-04-16,2013,413775.00146233843,4568546.5045267055,
2017-04-16,2014,413774.9999279442,4568564.126976826,
2017-04-16,2015,413775.00054388825,4568581.710601758,
2017-04-16,2016,413775.00680154655,4568599.192363365,
2017-04-16,2017,413775.04490968393,4568616.099052312,
2017-04-16,2018,413776.34641728475,4568610.194577362,
2017-04-16,2019,413778.7302774789,4568584.747809484,
2017-04-16,2020,413781.45756730065,4568553.10028741,
2017-04-16,2021,413783.7893637839,4568528.593549877,
2017-04-16,2022,413784.9867439632,4568524.56913562,
2017-04-16,2023,413784.9950139201,4568542.014564399,
2017-04-16,2024,413784.99947095435,4568559.528836973,
2017-04-16,2025,413785.0002058692,4568577.110313844,
2017-04-16,2026,413784.9996482715,4568594.715127523,
2017-04-16,2027,413784.97197425127,4568612.809538657,
2017-04-16,2028,413785.871054456,4568614.17104533,
2017-04-16,2029,413788.0429526941,4568592.5513322055,
2017-04-16,2030,413790.75173422345,4568561.237984478,
2017-04-16,2031,413793.2584760784,4568533.572540885,
2017-04-16,2032,413794.8242552931,4568522.89654016,
2017-04-16,2033,413794.99297666945,4568537.444956762,
2017-04-16,2034,413795.0000295915,4568554.9123595795,
2017-04-16,2035,413794.99993720965,4568572.508773617,
2017-04-16,2036,413794.9979696054,4568590.139045504,
2017-04-16,2037,413794.98374717246,4568607.990583053,
2017-04-16,2038,413795.4831377014,4568616.56864075,
2017-04-16,2039,413797.39242686325,4568599.690435631,
2017-04-16,2040,413800.0320529803,4568569.625715506,
2017-04-16,2041,413802.66309308686,4568539.716019108,
2017-04-16,2042,413804.54662421724,4568523.302885173,
2017-04-16,2043,413805.01362433436,4568532.465764242,
2017-04-16,2044,413805.00192821905,4568550.271688152,
2017-04-16,2045,413805.00005784177,4568567.900204569,
2017-04-16,2046,413804.9998203961,4568585.499237785,
2017-04-16,2047,413805.00631216954,4568602.976772358,
2017-04-16,2048,413805.19592668634,4568617.147955269,
2017-04-16,2049,413806.79195965244,4568605.925711415,
2017-04-16,2050,413809.3117832377,4568578.024072147,
2017-04-16,2051,413812.016474476,4568546.7845762,
2017-04-16,2052,413814.1671104017,4568525.5487623075,
2017-04-16,2053,413815.0293322133,4568527.575761456,
2017-04-16,2054,413815.0007850199,4568545.685938072,
2017-04-16,2055,413814.9998408177,4568563.29773204,
2017-04-16,2056,413815.00054357026,4568580.879789617,
2017-04-16,2057,413815.00563839835,4568598.382546573,
2017-04-16,2058,413815.02268107503,4568615.669580524,
2017-04-16,2059,413816.25481072534,4568611.017751192,
2017-04-16,2060,413818.60418465856,4568586.193646036,
2017-04-16,2061,413821.3318799087,4568554.538803796,
2017-04-16,2062,413823.69897351007,4568529.394763203,
2017-04-16,2063,413824.9665424966,4568524.103062994,
2017-04-16,2064,413824.99373872805,4568541.206770601,
2017-04-16,2065,413824.99945099454,4568558.698379469,
2017-04-16,2066,413825.00011325564,4568576.281168126,
2017-04-16,2067,413824.9988383315,4568593.89893342,
2017-04-16,2068,413824.9699717315,4568612.014877043,
2017-04-16,2069,413825.7942397468,4568614.727146603,
2017-04-16,2070,413827.9225169078,4568593.8950288175,
2017-04-16,2071,413830.62256904994,4568562.73929354,
2017-04-16,2072,413833.1554732071,4568534.601479504,
2017-04-16,2073,413834.78230641363,4568522.823125444,
2017-04-16,2074,413834.994640465,4568536.584098412,
2017-04-16,2075,413835.0003505807,4568554.075746113,
2017-04-16,2076,413834.999950212,4568571.677720966,
2017-04-16,2077,413834.9982022986,4568589.3040262535,
2017-04-16,2078,413834.9891112599,4568607.062914499,
2017-04-16,2079,413835.4235063824,4568616.8144893,
2017-04-16,2080,413837.2800396518,4568600.88881214,
2017-04-16,2081,413839.9018015658,4568571.146637079,
2017-04-16,2082,413842.5498691587,4568540.929502853,
2017-04-16,2083,413844.48531946493,4568523.578948201,
2017-04-16,2084,413845.0188848723,4568531.539965321,
2017-04-16,2085,413845.00210663164,4568549.437648956,
2017-04-16,2086,413845.00006436184,4568567.069268964,
2017-04-16,2087,413845.00010536297,4568584.663274714,
2017-04-16,2088,413845.00755365734,4568602.123538925,
2017-04-16,2089,413845.15587029676,4568617.040370922,
2017-04-16,2090,413846.69001255446,4568606.935587646,
2017-04-16,2091,413849.1828371207,4568579.521426062,
2017-04-16,2092,413851.8954210296,4568548.139424907,
2017-04-16,2093,413854.0888413155,4568526.131122913,
2017-04-16,2094,413855.02596854104,4568526.80567597,
2017-04-16,2095,413854.99983014277,4568544.872360855,
2017-04-16,2096,413854.999744881,4568562.468646335,
2017-04-16,2097,413855.00050568074,4568580.049655839,
2017-04-16,2098,413855.00427798793,4568597.576291419,
2017-04-16,2099,413855.0045911548,4568615.165383113,
2017-04-16,2100,413856.16569528094,4568611.795946972,
2017-04-16,2101,413858.47893537924,4568587.624252119,
2017-04-16,2102,413861.2053884844,4568555.991837289,
2017-04-16,2103,413863.6061316301,4568530.240241214,
2017-04-16,2104,413864.9422418508,4568523.711002629,
2017-04-16,2105,413864.9927215957,4568540.394317428,
2017-04-16,2106,413864.99947328295,4568557.86715916,
2017-04-16,2107,413865.0000341297,4568575.451778895,
2017-04-16,2108,413864.99828967906,4568593.0780216595,
2017-04-16,2109,413864.9703127177,4568611.177902516,
2017-04-16,2110,413865.72034749563,4568615.230481771,
2017-04-16,2111,413867.80335600616,4568595.215706906,
2017-04-16,2112,413870.49303118716,4568564.247331656,
2017-04-16,2113,413873.050450073,4568535.666894754,
2017-04-16,2114,413874.73668969766,4568522.815934936,
2017-04-16,2115,413874.99722608103,4568535.70659623,
2017-04-16,2116,413875.0007190911,4568553.238274631,
2017-04-16,2117,413874.9999725077,4568570.846500523,
2017-04-16,2118,413874.998517575,4568588.467515931,
2017-04-16,2119,413874.9943425162,4568606.1376442695,
2017-04-16,2120,413875.3672288641,4568616.99978368,
2017-04-16,2121,413877.1693586672,4568602.056382057,
2017-04-16,2122,413879.77160880447,4568572.666499641,
2017-04-16,2123,413882.43505631044,4568542.17167517,
2017-04-16,2124,413884.4207782189,4568523.9134473745,
2017-04-16,2125,413885.0236047804,4568530.623927673,
2017-04-16,2126,413885.0021538608,4568548.605978332,
2017-04-16,2127,413885.0000546457,4568566.238626506,
2017-04-16,2128,413885.0003123787,4568583.828719081,
2017-04-16,2129,413885.0080538403,4568601.283690048,
2017-04-16,2130,413885.1195990512,4568616.864444346,
2017-04-16,2131,413886.59020302695,4568607.906869224,
2017-04-16,2132,413889.0543810005,4568581.009932901,
2017-04-16,2133,413891.77321000636,4568549.515174113,
2017-04-16,2134,413894.0077670788,4568526.764131596,
2017-04-16,2135,413895.01958790136,4568526.09006299,
2017-04-16,2136,413894.99860443664,4568544.063673568,
2017-04-16,2137,413894.9996493425,4568561.639553429,
2017-04-16,2138,413895.0004394289,4568579.220034152,
2017-04-16,2139,413895.0028400331,4568596.771436363,
2017-04-16,2140,413894.9906875915,4568614.5855994215,
2017-04-16,2141,413896.07914874953,4568612.527760043,
2017-04-16,2142,413898.3546074396,4568589.038223067,
2017-04-16,2143,413901.0781708257,4568557.45798322,
2017-04-16,2144,413903.51091594226,4568531.128579238,
2017-04-16,2145,413904.9139198233,4568523.391549856,
2017-04-16,2146,413904.99208224076,4568539.575043348,
2017-04-16,2147,413904.9995470284,4568557.035009772,
2017-04-16,2148,413904.9999774822,4568574.621983805,
2017-04-16,2149,413904.9979700835,4568592.252974195,
2017-04-16,2150,413904.97255057306,4568610.306679291,
2017-04-16,2151,413905.64945550053,4568615.6796461595,
2017-04-16,2152,413907.6855477869,4568596.51196179,
2017-04-16,2153,413910.3631984334,4568565.7606941415,
2017-04-16,2154,413912.9434844741,4568536.767381949,
2017-04-16,2155,413914.68748294335,4568522.873563951,
2017-04-16,2156,413915.0008523633,4568534.810304427,
2017-04-16,2157,413915.0011028911,4568552.400527089,
2017-04-16,2158,413914.999999492,4568570.015195426,
2017-04-16,2159,413914.9988832031,4568587.630096489,
2017-04-16,2160,413914.9989943037,4568605.222836567,
2017-04-16,2161,413915.31438294466,4568617.123119223,
2017-04-16,2162,413917.06046170794,4568603.191740711,
2017-04-16,2163,413919.6415524949,4568574.183898515,
2017-04-16,2164,413922.3187323398,4568543.441131368,
2017-04-16,2165,413924.35307827697,4568524.304978009,
2017-04-16,2166,413925.02733742184,4568529.725715509,
2017-04-16,2167,413925.00203767477,4568547.777258228,
2017-04-16,2168,413925.0000240891,4568565.408360332,
2017-04-16,2169,413925.00044918235,4568582.995431149,
2017-04-16,2170,413925.00793243485,4568600.455064183,
2017-04-16,2171,413925.0871907471,4568616.61877087,
2017-04-16,2172,413926.49260886706,4568608.838151479,
2017-04-16,2173,413928.92649267457,4568582.488187995,
2017-04-16,2174,413931.6499192039,4568550.910419153,
2017-04-16,2175,413933.92396548926,4568527.446383689,
2017-04-16,2176,413935.00974365755,4568525.43698672,
2017-04-16,2177,413934.997212464,4568543.25798828,
2017-04-16,2178,413934.9995634117,4568560.810287057,
2017-04-16,2179,413935.0003540226,4568578.390758315,
2017-04-16,2180,413935.00144424464,4568595.965819962,
2017-04-16,2181,413934.98070834234,4568613.934960845,
2017-04-16,2182,413935.9952451537,4568613.211847709,
2017-04-16,2183,413938.23126772227,4568590.434333399,
2017-04-16,2184,413940.95028813294,4568558.936109415,
2017-04-16,2185,413943.41338816436,4568532.058636601,
2017-04-16,2186,413944.8816495958,4568523.1433757935,
2017-04-16,2187,413944.99192803074,4568538.746989551,
2017-04-16,2188,413944.99962993624,4568556.202610573,
2017-04-16,2189,413945.00044349924,4568573.783566711,
2017-04-16,2190,413945.009984039,4568591.22512278,
2017-04-16,2191,413945.14551518625,4568606.642943048,
2017-04-16,2192,413946.9261952671,4568595.635933084,
2017-04-16,2193,413949.80017792,4568567.068030421,
2017-04-16,2194,413952.74077292474,4568537.43019023,
2017-04-16,2195,413954.721290061,4568523.213367686,
2017-04-16,2196,413954.99387430225,4568536.429796655,
2017-04-16,2197,413955.00054991187,4568553.917317363,
2017-04-16,2198,413955.00084758986,4568571.507282018,
2017-04-16,2199,413955.0081162259,4568588.985277352,
2017-04-16,2200,413955.04847532127,4568605.9317652,
2017-04-16,2201,413956.6133432621,4568598.391199032,
2017-04-16,2202,413959.4039631299,4568571.162289479,
2017-04-16,2203,413962.3936456289,4568540.735984633,
2017-04-16,2204,413964.5557014636,4568523.6032325905,
2017-04-16,2205,413965.00628133037,4568533.960648673,
2017-04-16,2206,413965.0018480944,4568551.626602491,
2017-04-16,2207,413965.0007876043,4568569.238382398,
2017-04-16,2208,413965.0035761652,4568586.788337857,
2017-04-16,2209,413964.9888886571,4568604.618998433,
2017-04-16,2210,413966.32088920486,4568600.818808359,
2017-04-16,2211,413969.01105920033,4568575.203350541,
2017-04-16,2212,413972.0327429672,4568544.263033083,
2017-04-16,2213,413974.3592512097,4568524.488804078,
2017-04-16,2214,413975.0240362185,4568531.405601963,
2017-04-16,2215,413975.00267659465,4568549.343431783,
2017-04-16,2216,413975.00043043675,4568566.9742561905,
2017-04-16,2217,413974.99937662604,4568584.585928816,
2017-04-16,2218,413974.9647130662,4568602.737449888,
2017-04-16,2219,413976.05103981047,4568602.883335753,
2017-04-16,2220,413978.6236726763,4568579.155789611,
2017-04-16,2221,413981.66027045355,4568547.975919478,
2017-04-16,2222,413984.1341438462,4568525.834673447,
2017-04-16,2223,413985.03635288804,4568528.937905318,
2017-04-16,2224,413985.0022420023,4568547.080549196,
2017-04-16,2225,413984.99993476947,4568564.712354609,
2017-04-16,2226,413984.99748388596,4568582.346467368,
2017-04-16,2227,413984.96564269275,4568600.452654861,
2017-04-16,2228,413985.8059994727,4568604.549373698,
2017-04-16,2229,413988.24400795106,4568582.984199167,
2017-04-16,2230,413991.2784324807,4568551.839236293,
2017-04-16,2231,413993.8825837661,4568527.605433172,
2017-04-16,2232,413995.0319649168,4568526.738522923,
2017-04-16,2233,413994.9997511027,4568544.850695546,
2017-04-16,2234,413994.9994592839,4568562.450128853,
2017-04-16,2235,413994.99744582863,4568580.077215531,
2017-04-16,2236,413994.98041111435,4568597.945577541,
2017-04-16,2237,413995.5879725839,4568605.781514656,
2017-04-16,2238,413997.8742694173,4568586.653171671,
2017-04-16,2239,414000.8894334419,4568555.817575992,
2017-04-16,2240,414003.60677536234,4568529.765675718,
2017-04-16,2241,414004.9996058826,4568524.98841894,
2017-04-16,2242,414004.99518211355,4568542.654220701,
2017-04-16,2243,414004.99916266237,4568560.185030142,
2017-04-16,2244,414004.99846904376,4568577.79091726,
2017-04-16,2245,414004.9977519086,4568595.397182113,
2017-04-16,2246,414005.3991635376,4568606.544351101,
2017-04-16,2247,414007.51666146837,4568590.127299597,
2017-04-16,2248,414010.49547773035,4568559.875531049,
2017-04-16,2249,414013.3089230282,4568532.279993556,
2017-04-16,2250,414014.93030806584,4568523.831635213,
2017-04-16,2251,414014.9910353799,4568540.450963485,
2017-04-16,2252,414014.9992035872,4568557.914509676,
2017-04-16,2253,414014.9997601216,4568575.500316515,
2017-04-16,2254,414015.0078141033,4568592.965697428,
2017-04-16,2255,414015.24177672673,4568606.8024755,
2017-04-16,2256,414017.17338849703,4568593.371175412,
2017-04-16,2257,414020.09876973875,4568563.977693934,
2017-04-16,2258,414022.9912311563,4568535.112979161,
2017-04-16,2259,414024.8240834538,4568523.267979188,
2017-04-16,2260,414024.9903258599,4568538.192496857,
2017-04-16,2261,414024.9997407397,4568555.636018669,
2017-04-16,2262,414025.00060132623,4568573.216941747,
2017-04-16,2263,414025.0099350124,4568590.661767713,
2017-04-16,2264,414025.1180165442,4568606.52048033,
2017-04-16,2265,414026.8466548966,4568596.349391596,
2017-04-16,2266,414029.7015138605,4568568.08865712,
2017-04-16,2267,414032.65590414,4568538.2292249985,
2017-04-16,2268,414034.68313643965,4568523.262043329,
2017-04-16,2269,414034.9960685116,4568535.830393783,
2017-04-16,2270,414035.0008731706,4568553.3479661485,
2017-04-16,2271,414035.0008690844,4568570.942777824,
2017-04-16,2272,414035.0071200136,4568588.437119827,
2017-04-16,2273,414035.03008738323,4568605.662958055,
2017-04-16,2274,414036.5386650603,4568599.026540613,
2017-04-16,2275,414039.30591448874,4568572.173013079,
2017-04-16,2276,414042.3051463728,4568541.593323549,
2017-04-16,2277,414044.50967141706,4568523.7784201205,
2017-04-16,2278,414045.01058779005,4568533.327318264,
2017-04-16,2279,414045.0021287096,4568551.057936235,
2017-04-16,2280,414045.00072041777,4568568.67530262,
2017-04-16,2281,414045.00238406495,4568586.243326732,
2017-04-16,2282,414044.97992129275,4568604.19887561,
2017-04-16,2283,414046.2516233805,4568601.367214929,
2017-04-16,2284,414048.91417601594,4568576.195354272,
2017-04-16,2285,414051.9411622471,4568545.16986727,
2017-04-16,2286,414054.3058927781,4568524.781702017,
2017-04-16,2287,414055.0280431579,4568530.777082524,
2017-04-16,2288,414055.0027173692,4568548.778617909,
2017-04-16,2289,414055.00031400874,4568566.411967346,
2017-04-16,2290,414054.9986897428,4568584.0328027615,
2017-04-16,2291,414054.9630375435,4568602.200203618,
2017-04-16,2292,414055.98773425096,4568603.336007024,
2017-04-16,2293,414058.5285028354,4568580.120273178,
2017-04-16,2294,414061.5661561556,4568548.923448639,
2017-04-16,2295,414064.0740049159,4568526.236481499,
2017-04-16,2296,414065.03726011515,4568528.359174258,
2017-04-16,2297,414065.00184573943,4568546.522755128,
2017-04-16,2298,414064.9998085388,4568564.15022321,
2017-04-16,2299,414064.99733206385,4568581.784747029,
2017-04-16,2300,414064.96845881967,4568599.843262559,
2017-04-16,2301,414065.74920206424,4568604.897509364,
2017-04-16,2302,414068.15109934035,4568583.912362266,
2017-04-16,2303,414071.1823324923,4568552.818660123,
2017-04-16,2304,414073.8162122243,4568528.107351031,
2017-04-16,2305,414075.02697223914,4568526.25455765,
2017-04-16,2306,414074.9987404543,4568544.302769894,
2017-04-16,2307,414074.9993626903,4568561.887521421,
2017-04-16,2308,414074.9976318709,4568579.510068327,
2017-04-16,2309,414074.98491869896,4568597.309016617,
2017-04-16,2310,414075.5382312138,4568606.016314421,
2017-04-16,2311,414077.7841699239,4568587.536214006,
2017-04-16,2312,414080.79189564986,4568556.820094199,
2017-04-16,2313,414083.5347190958,4568530.358903091,
2017-04-16,2314,414084.9859509663,4568524.643588781,
2017-04-16,2315,414084.99399486283,4568542.109131685,
2017-04-16,2316,414084.9991351452,4568559.621313186,
2017-04-16,2317,414084.9987957539,4568577.221510615,
2017-04-16,2318,414085.00115246285,4568594.778402588,
2017-04-16,2319,414085.3570260924,4568606.6570146615,
2017-04-16,2320,414087.4299189793,4568590.9564208705,
2017-04-16,2321,414090.3970500218,4568560.892343334,
2017-04-16,2322,414093.2317299242,4568532.955730149,
2017-04-16,2323,414094.9072693908,4568523.6375294095,
2017-04-16,2324,414094.9904208741,4568539.896674893,
2017-04-16,2325,414094.99928458536,4568557.349049716,
2017-04-16,2326,414095.00003030704,4568574.93181778,
2017-04-16,2327,414095.00896655396,4568592.383027522,
2017-04-16,2328,414095.2077910934,4568606.784202565,
2017-04-16,2329,414097.09055089887,4568594.137575332,
2017-04-16,2330,414100.0000000001,4568565.000000003,
2017-04-16,2331,414102.90944910125,4568535.862424673,
2017-04-16,2332,414104.7922089067,4568523.215797437,
2017-04-16,2333,414104.9910334461,4568537.616972477,
2017-04-16,2334,414104.99996969296,4568555.068182219,
2017-04-16,2335,414105.00071541464,4568572.650950286,
2017-04-16,2336,414105.009579126,4568590.103325109,
2017-04-16,2337,414105.0927306093,4568606.362470591,
2017-04-16,2338,414106.7682700758,4568597.044269848,
2017-04-16,2339,414109.60294997826,4568569.107656661,
2017-04-16,2340,414112.57008102065,4568539.043579126,
2017-04-16,2341,414114.6429739074,4568523.342985336,
2017-04-16,2342,414114.99884753703,4568535.221597412,
2017-04-16,2343,414115.0012042461,4568552.778489386,
2017-04-16,2344,414115.0008648548,4568570.378686814,
2017-04-16,2345,414115.00600513717,4568587.8908683155,
2017-04-16,2346,414115.0140490336,4568605.356411216,
2017-04-16,2347,414116.4652809038,4568599.641096902,
2017-04-16,2348,414119.2081043496,4568573.179905795,
2017-04-16,2349,414122.2158300755,4568542.463785988,
2017-04-16,2350,414124.46176878584,4568523.983685577,
2017-04-16,2351,414125.01508130116,4568532.690983387,
2017-04-16,2352,414125.00236812903,4568550.489931673,
2017-04-16,2353,414125.0006373097,4568568.112478581,
2017-04-16,2354,414125.00125954574,4568585.697230106,
2017-04-16,2355,414124.9730277608,4568603.745442351,
2017-04-16,2356,414126.18378777546,4568601.892648965,
2017-04-16,2357,414128.81766750745,4568577.181339872,
2017-04-16,2358,414131.84890065953,4568546.087637731,
2017-04-16,2359,414134.2507979358,4568525.1024906365,
2017-04-16,2360,414135.03154118033,4568530.156737444,
2017-04-16,2361,414135.00266793615,4568548.21525297,
2017-04-16,2362,414135.000191461,4568565.849776789,
2017-04-16,2363,414134.99815426057,4568583.477244873,
2017-04-16,2364,414134.962739885,4568601.640825745,
2017-04-16,2365,414135.92599508376,4568603.7635185,
2017-04-16,2366,414138.433843844,4568581.076551359,
2017-04-16,2367,414141.47149716446,4568549.879726818,
2017-04-16,2368,414144.0122657491,4568526.663992974,
2017-04-16,2369,414145.03696245665,4568527.799796383,
2017-04-16,2370,414145.00131025724,4568545.967197236,
2017-04-16,2371,414144.9996859915,4568563.588032655,
2017-04-16,2372,414144.997282631,4568581.221382092,
2017-04-16,2373,414144.97195684206,4568599.222917477,
2017-04-16,2374,414145.6941072217,4568605.218297981,
2017-04-16,2375,414148.05883775273,4568584.830132727,
2017-04-16,2376,414151.0858239839,4568553.804645724,
2017-04-16,2377,414153.74837661936,4568528.632785067,
2017-04-16,2378,414155.02007870725,4568525.801124391,
2017-04-16,2379,414154.99761593516,4568543.756673267,
2017-04-16,2380,414154.9992795823,4568561.324697382,
2017-04-16,2381,414154.9978712904,4568578.942063764,
2017-04-16,2382,414154.98941221007,4568596.672681738,
2017-04-16,2383,414155.4903285828,4568606.221579881,
2017-04-16,2384,414157.69485362666,4568588.406676448,
2017-04-16,2385,414160.6940855108,4568557.826986918,
2017-04-16,2386,414163.46133493935,4568530.973459384,
2017-04-16,2387,414164.96991261654,4568524.337041944,
2017-04-16,2388,414164.9928799865,4568541.562880174,
2017-04-16,2389,414164.9991309157,4568559.057222178,
2017-04-16,2390,414164.9991268294,4568576.6520338515,
2017-04-16,2391,414165.00393148855,4568594.169606221,
2017-04-16,2392,414165.31686355994,4568606.737956667,
2017-04-16,2393,414167.3440958592,4568591.770774995,
2017-04-16,2394,414170.2984861388,4568561.911342875,
2017-04-16,2395,414173.1533451028,4568533.650608402,
2017-04-16,2396,414174.8819834555,4568523.47951967,
2017-04-16,2397,414174.99006498774,4568539.338232287,
2017-04-16,2398,414174.99939867394,4568556.783058254,
2017-04-16,2399,414175.00025926024,4568574.363981332,
2017-04-16,2400,414175.00967414014,4568591.807503145,
2017-04-16,2401,414175.175916546,4568606.732020812,
2017-04-16,2402,414177.0087688435,4568594.887020837,
2017-04-16,2403,414179.90123026085,4568566.022306061,
2017-04-16,2404,414182.8266115027,4568536.628824584,
2017-04-16,2405,414184.7582232731,4568523.197524497,
2017-04-16,2406,414184.99218589684,4568537.034302574,
2017-04-16,2407,414185.0002398785,4568554.499683486,
2017-04-16,2408,414185.000796413,4568572.085490324,
2017-04-16,2409,414185.0089646201,4568589.549036516,
2017-04-16,2410,414185.069691934,4568606.168364786,
2017-04-16,2411,414186.69107697165,4568597.720006443,
2017-04-16,2412,414189.50452226936,4568570.124468949,
2017-04-16,2413,414192.4833385315,4568539.872700403,
2017-04-16,2414,414194.6008364622,4568523.455648899,
2017-04-16,2415,414195.0022480914,4568534.602817887,
2017-04-16,2416,414195.00153095624,4568552.2090827385,
2017-04-16,2417,414195.0008373376,4568569.81496986,
2017-04-16,2418,414195.0048178864,4568587.345779297,
2017-04-16,2419,414195.0003941172,4568605.011581059,
2017-04-16,2420,414196.39322463755,4568600.234324283,
2017-04-16,2421,414199.11056655797,4568574.182424007,
2017-04-16,2422,414202.12573058275,4568543.346828328,
2017-04-16,2423,414204.41202741605,4568524.218485342,
2017-04-16,2424,414205.01958888565,4568532.05442246,
2017-04-16,2425,414205.0025541714,4568549.92278447,
2017-04-16,2426,414205.0005407163,4568567.549871148,
2017-04-16,2427,414205.0002488973,4568585.149304455,
2017-04-16,2428,414204.96803508344,4568603.26147708,
2017-04-16,2429,414206.1174162337,4568602.394566827,
2017-04-16,2430,414208.7215675191,4568578.160763706,
2017-04-16,2431,414211.7559920488,4568547.015800831,
2017-04-16,2432,414214.19400052726,4568525.4506263,
2017-04-16,2433,414215.03435730736,4568529.547345142,
2017-04-16,2434,414215.00251611404,4568547.653532632,
2017-04-16,2435,414215.00006523065,4568565.287645394,
2017-04-16,2436,414214.9977579976,4568582.919450805,
2017-04-16,2437,414214.963647112,4568601.062094686,
2017-04-16,2438,414215.8658561535,4568604.165326552,
2017-04-16,2439,414218.33972954634,4568582.02408052,
2017-04-16,2440,414221.3763273235,4568550.844210385,
2017-04-16,2441,414223.94896018936,4568527.116664243,
2017-04-16,2442,414225.035286934,4568527.262550115,
2017-04-16,2443,414225.0006233741,4568545.4140711855,
2017-04-16,2444,414224.99956956314,4568563.0257438095,
2017-04-16,2445,414224.99732340546,4568580.656568217,
2017-04-16,2446,414224.9759637816,4568598.594398038,
2017-04-16,2447,414225.64074879006,4568605.511195921,
2017-04-16,2448,414227.96725703264,4568585.736966916,
2017-04-16,2449,414230.98894079967,4568554.796649457,
2017-04-16,2450,414233.67911079526,4568529.181191642,
2017-04-16,2451,414235.0111113429,4568525.381001566,
2017-04-16,2452,414234.99642383493,4568543.2116621435,
2017-04-16,2453,414234.9992123957,4568560.761617603,
2017-04-16,2454,414234.99815190554,4568578.373397508,
2017-04-16,2455,414234.9937186698,4568596.039351328,
2017-04-16,2456,414235.4442985363,4568606.396767411,
2017-04-16,2457,414237.60635437095,4568589.264015368,
2017-04-16,2458,414240.59603687003,4568558.837710522,
2017-04-16,2459,414243.38665673777,4568531.608800968,
2017-04-16,2460,414244.95152467873,4568524.068234801,
2017-04-16,2461,414244.9918837741,4568541.014722647,
2017-04-16,2462,414244.9991524099,4568558.4927179795,
2017-04-16,2463,414244.9994500883,4568576.082682638,
2017-04-16,2464,414245.00612569804,4568593.570203349,
2017-04-16,2465,414245.27870993875,4568606.786632312,
2017-04-16,2466,414247.2592270747,4568592.569809764,
2017-04-16,2467,414250.1998220794,4568562.931969572,
2017-04-16,2468,414253.0738047324,4568534.36406691,
2017-04-16,2469,414254.85448481364,4568523.357056951,
2017-04-16,2470,414254.99001596106,4568538.774877221,
2017-04-16,2471,414254.99955650105,4568556.216433292,
2017-04-16,2472,414255.0003700636,4568573.797389425,
2017-04-16,2473,414255.0080719694,4568591.253010451,
2017-04-16,2474,414255.11835040426,4568606.856624207,
2017-04-16,2475,414256.58661183546,4568597.941363397,
2017-04-16,2476,414259.0497118669,4568571.063890582,
2017-04-16,2477,414261.76873227756,4568539.565666601,
2017-04-16,2478,414264.0047548461,4568516.788152291,
2017-04-16,2479,414265.01929165766,4568516.065039157,
2017-04-16,2480,414264.99855575524,4568534.034180036,
2017-04-16,2481,414264.9996459776,4568551.609241687,
2017-04-16,2482,414265.00043658837,4568569.189712943,
2017-04-16,2483,414265.0027875357,4568586.742011719,
2017-04-16,2484,414264.99025634263,4568604.563013281,
2017-04-16,2485,414266.0760345111,4568602.553616316,
2017-04-16,2486,414268.3500807966,4568579.0895808535,
2017-04-16,2487,414271.0735073259,4568547.511812013,
2017-04-16,2488,414273.50739113323,4568521.161848525,
2017-04-16,2489,414274.912809253,4568513.381229131,
2017-04-16,2490,414274.9920675651,4568529.544935816,
2017-04-16,2491,414274.9995508176,4568547.00456885,
2017-04-16,2492,414274.9999759108,4568564.591639667,
2017-04-16,2493,414274.99796232535,4568582.2227417715,
2017-04-16,2494,414274.9726625782,4568600.274284493,
2017-04-16,2495,414275.64692172303,4568605.695021988,
2017-04-16,2496,414277.68126766017,4568586.558868628,
2017-04-16,2497,414280.3584475051,4568555.816101483,
2017-04-16,2498,414282.9395382921,4568526.808259287,
2017-04-16,2499,414284.6856170553,4568512.876880777,
2017-04-16,2500,414285.0010056966,4568524.777163434,
2017-04-16,2501,414285.001116797,4568542.36990351,
2017-04-16,2502,414285.00000050804,4568559.984804577,
2017-04-16,2503,414284.99889710883,4568577.59947291,
2017-04-16,2504,414284.99914763676,4568595.1896955725,
2017-04-16,2505,414285.3125170567,4568607.12643605,
2017-04-16,2506,414287.05651552585,4568593.232618052,
2017-04-16,2507,414289.63680156675,4568564.239305861,
2017-04-16,2508,414292.31445221324,4568533.488038211,
2017-04-16,2509,414294.35054449976,4568514.320353841,
2017-04-16,2510,414295.02744942694,4568519.69332071,
2017-04-16,2511,414295.0020299165,4568537.747025803,
2017-04-16,2512,414295.00002251787,4568555.378016198,
2017-04-16,2513,414295.0004529715,4568572.9649902275,
2017-04-16,2514,414295.0079177591,4568590.424956655,
2017-04-16,2515,414295.0860801767,4568606.608450144,
2017-04-16,2516,414296.4890840579,4568598.8714207625,
2017-04-16,2517,414298.92182917445,4568572.542016781,
2017-04-16,2518,414301.64539256063,4568540.9617769355,
2017-04-16,2519,414303.9208512505,4568517.47223996,
2017-04-16,2520,414305.0093124087,4568515.414400579,
2017-04-16,2521,414304.9971599668,4568533.228563636,
2017-04-16,2522,414304.999560571,4568550.779965846,
2017-04-16,2523,414305.0003506574,4568568.360446571,
2017-04-16,2524,414305.00139556336,4568585.936326434,
2017-04-16,2525,414304.9804120987,4568603.909937013,
2017-04-16,2526,414305.9922329215,4568603.235868405,
2017-04-16,2527,414308.22678999376,4568580.484825886,
2017-04-16,2528,414310.94561899966,4568548.990067097,
2017-04-16,2529,414313.4097969731,4568522.093130773,
2017-04-16,2530,414314.88040094887,4568513.135555653,
2017-04-16,2531,414314.9919461599,4568528.7163099535,
2017-04-16,2532,414314.99968762154,4568546.171280918,
2017-04-16,2533,414314.99994535424,4568563.761373495,
2017-04-16,2534,414314.9978461392,4568581.394021668,
2017-04-16,2535,414314.9763952196,4568599.376072327,
2017-04-16,2536,414315.5792217813,4568606.086552628,
2017-04-16,2537,414317.5649436899,4568587.828324833,
2017-04-16,2538,414320.22839119565,4568557.333500361,
2017-04-16,2539,414322.83064133296,4568527.943617946,
2017-04-16,2540,414324.63277113583,4568513.00021632,
2017-04-16,2541,414325.00565748394,4568523.8623557305,
2017-04-16,2542,414325.0014824249,4568541.532484068,
2017-04-16,2543,414325.00002749235,4568559.1534994785,
2017-04-16,2544,414324.9992809089,4568576.761725368,
2017-04-16,2545,414325.002773919,4568594.293403768,
2017-04-16,2546,414325.26331030217,4568607.184065068,
2017-04-16,2547,414326.9495499268,4568594.333105251,
2017-04-16,2548,414329.50696881267,4568565.752668352,
2017-04-16,2549,414332.1966439936,4568534.784293098,
2017-04-16,2550,414334.2796525043,4568514.769518231,
2017-04-16,2551,414335.0296872824,4568518.822097485,
2017-04-16,2552,414335.00171032094,4568536.921978342,
2017-04-16,2553,414334.99996587035,4568554.548221105,
2017-04-16,2554,414335.00052671705,4568572.13284084,
2017-04-16,2555,414335.00727840414,4568589.6056825705,
2017-04-16,2556,414335.0577581494,4568606.288997373,
2017-04-16,2557,414336.39386837033,4568599.759758789,
2017-04-16,2558,414338.79461151623,4568574.008162715,
2017-04-16,2559,414341.5210646211,4568542.375747883,
2017-04-16,2560,414343.83430471935,4568518.204053029,
2017-04-16,2561,414344.9954088452,4568514.834616887,
2017-04-16,2562,414344.9957220118,4568532.42370858,
2017-04-16,2563,414344.9994943193,4568549.950344161,
2017-04-16,2564,414345.00025511906,4568567.5313536655,
2017-04-16,2565,414345.0001698571,4568585.127639144,
2017-04-16,2566,414344.9740314591,4568603.1943240315,
2017-04-16,2567,414345.91115868464,4568603.868877089,
2017-04-16,2568,414348.1045789707,4568581.860575097,
2017-04-16,2569,414350.8171628797,4568550.478573941,
2017-04-16,2570,414353.30998744577,4568523.064412355,
2017-04-16,2571,414354.84412970324,4568512.959629077,
2017-04-16,2572,414354.9924463427,4568527.876461076,
2017-04-16,2573,414354.99989463703,4568545.336725287,
2017-04-16,2574,414354.9999356381,4568562.930731037,
2017-04-16,2575,414354.9978933682,4568580.562351042,
2017-04-16,2576,414354.98111512774,4568598.460034679,
2017-04-16,2577,414355.5146805351,4568606.421051797,
2017-04-16,2578,414357.45013084146,4568589.070497145,
2017-04-16,2579,414360.09819843457,4568558.853362922,
2017-04-16,2580,414362.71996034856,4568529.111187862,
2017-04-16,2581,414364.57649361773,4568513.1855107015,
2017-04-16,2582,414365.0108887401,4568522.9370855,
2017-04-16,2583,414365.0017977013,4568540.695973745,
2017-04-16,2584,414365.00004978804,4568558.322279037,
2017-04-16,2585,414364.9996494192,4568575.924253886,
2017-04-16,2586,414365.00535953505,4568593.415901589,
2017-04-16,2587,414365.21769358637,4568607.176874556,
2017-04-16,2588,414366.844526793,4568595.398520498,
2017-04-16,2589,414369.3774309501,4568567.260706462,
2017-04-16,2590,414372.07748309226,4568536.104971184,
2017-04-16,2591,414374.2057602533,4568515.272853399,
2017-04-16,2592,414375.03002826875,4568517.98512296,
2017-04-16,2593,414375.0011616686,4568536.101066579,
2017-04-16,2594,414374.99988674413,4568553.718831873,
2017-04-16,2595,414375.0005490054,4568571.301620533,
2017-04-16,2596,414375.006261272,4568588.7932294,
2017-04-16,2597,414375.0334575035,4568605.896937008,
2017-04-16,2598,414376.3010264903,4568600.6052367985,
2017-04-16,2599,414378.6681200918,4568575.4611962065,
2017-04-16,2600,414381.39581534197,4568543.806353968,
2017-04-16,2601,414383.74518927507,4568518.982248812,
2017-04-16,2602,414384.97731892514,4568514.330419477,
2017-04-16,2603,414384.9943616017,4568531.617453426,
2017-04-16,2604,414384.99945642985,4568549.120210383,
2017-04-16,2605,414385.00015918224,4568566.702267958,
2017-04-16,2606,414384.9992149802,4568584.3140619295,
2017-04-16,2607,414384.97066778666,4568602.424238544,
2017-04-16,2608,414385.8328895988,4568604.451237696,
2017-04-16,2609,414387.98352552473,4568583.215423806,
2017-04-16,2610,414390.6882167632,4568551.975927859,
2017-04-16,2611,414393.20804034814,4568524.074288589,
2017-04-16,2612,414394.80407331395,4568512.852044733,
2017-04-16,2613,414394.9936878305,4568527.023227643,
2017-04-16,2614,414395.00017960387,4568544.500762215,
2017-04-16,2615,414394.99994215806,4568562.09979543,
2017-04-16,2616,414394.998071781,4568579.72831185,
2017-04-16,2617,414394.9863756657,4568597.534235757,
2017-04-16,2618,414395.45337578247,4568606.697114827,
2017-04-16,2619,414397.3369069128,4568590.283980891,
2017-04-16,2620,414399.96794701956,4568560.374284489,
2017-04-16,2621,414402.6075731367,4568530.309564362,
2017-04-16,2622,414404.5168622986,4568513.4313592445,
2017-04-16,2623,414405.0162528277,4568522.009416951,
2017-04-16,2624,414405.0020303945,4568539.860954496,
2017-04-16,2625,414405.00006279035,4568557.4912263835,
2017-04-16,2626,414404.99997040833,4568575.087640419,
2017-04-16,2627,414405.0070233304,4568592.555043236,
2017-04-16,2628,414405.1757447072,4568607.1034598425,
2017-04-16,2629,414406.74152392213,4568596.42745912,
2017-04-16,2630,414409.2482657772,4568568.762015527,
2017-04-16,2631,414411.95704730647,4568537.4486678,
2017-04-16,2632,414414.12894554425,4568515.8289546715,
2017-04-16,2633,414415.02802574873,4568517.190461344,
2017-04-16,2634,414415.00035172835,4568535.284872477,
2017-04-16,2635,414414.9997941309,4568552.889686158,
2017-04-16,2636,414415.00052904553,4568570.471163027,
2017-04-16,2637,414415.0049860797,4568587.985435601,
2017-04-16,2638,414415.01325603673,4568605.430864378,
2017-04-16,2639,414416.210636216,4568601.406450122,
2017-04-16,2640,414418.54243269947,4568576.89971259,
2017-04-16,2641,414421.26972252125,4568545.252190517,
2017-04-16,2642,414423.65358271543,4568519.805422639,
2017-04-16,2643,414424.95509031625,4568513.900947687,
2017-04-16,2644,414424.9931984533,4568530.807636634,
2017-04-16,2645,414424.9994561118,4568548.289398242,
2017-04-16,2646,414425.0000720558,4568565.873023175,
2017-04-16,2647,414424.9985376615,4568583.4954732945,
2017-04-16,2648,414424.9698744442,4568601.60774476,
2017-04-16,2649,414425.7575034613,4568604.981545557,
2017-04-16,2650,414427.8637074532,4568584.547967347,
2017-04-16,2651,414430.5588584472,4568553.480724188,
2017-04-16,2652,414433.10403347743,4568525.121354811,
2017-04-16,2653,414434.76030957827,4568512.811397949,
2017-04-16,2654,414434.9957903409,4568526.154448124,
2017-04-16,2655,414435.0005280097,4568543.663653728,
2017-04-16,2656,414434.9999603354,4568561.268649348,
2017-04-16,2657,414434.9983494199,4568578.892481084,
2017-04-16,2658,414434.9917315611,4568596.606715115,
2017-04-16,2659,414435.395321694,4568606.914485872,
2017-04-16,2660,414437.225024374,4568591.473245338,
2017-04-16,2661,414439.83710859634,4568561.90580473,
2017-04-16,2662,414442.4928460518,4568531.550188186,
2017-04-16,2663,414444.453508431,4568513.744419843,
2017-04-16,2664,414445.02151423163,4568521.083602388,
2017-04-16,2665,414445.00455403345,4568538.984571337,
2017-04-16,2666,414444.9995689399,4568556.669325164,
2017-04-16,2667,414445.0002406931,4568574.251942443,
2017-04-16,2668,414445.0078935966,4568591.708512358,
2017-04-16,2669,414445.137545476,4568606.962343784,
2017-04-16,2670,414446.6406319018,4568597.418285512,
2017-04-16,2671,414449.11956411705,4568570.254955676,
2017-04-16,2672,414451.83542289946,4568538.813825417,
2017-04-16,2673,414454.049289027,4568516.436365876,
2017-04-16,2674,414455.0232330115,4568516.446178173,
2017-04-16,2675,414454.9992552089,4568534.473852672,
2017-04-16,2676,414454.99969724024,4568552.060617664,
2017-04-16,2677,414455.00047604693,4568569.641302055,
2017-04-16,2678,414455.0035725448,4568587.180139635,
2017-04-16,2679,414454.9972309161,4568604.889386224,
2017-04-16,2680,414456.12277534587,4568602.161994094,
2017-04-16,2681,414458.4176271377,4568578.322307199,
2017-04-16,2682,414461.1428639573,4568546.711852871,
2017-04-16,2683,414463.55956283864,4568520.672169843,
2017-04-16,2684,414464.9288008162,4568513.544796848,
2017-04-16,2685,414464.9923522838,4568529.992096659,
2017-04-16,2686,414464.9995025739,4568547.457741462,
2017-04-16,2687,414465.0000029488,4568565.043453042,
2017-04-16,2688,414464.998105768,4568582.672453415,
2017-04-16,2689,414464.97120479477,4568600.752906886,
2017-04-16,2690,414465.6850780703,4568605.458395995,
2017-04-16,2691,414467.74520255486,4568585.856801033,
2017-04-16,2692,414470.4291657308,4568554.991558229,
2017-04-16,2693,414472.99804463267,4568526.20420632,
2017-04-16,2694,414474.71291629464,4568512.836284043,
2017-04-16,2695,414474.9988735914,4568525.267960968,
2017-04-16,2696,414475.00090807176,4568542.825973676,
2017-04-16,2697,414474.99998548813,4568560.437377315,
2017-04-16,2698,414474.99869323074,4568578.055455564,
2017-04-16,2699,414474.99673208105,4568595.6856109155,
2017-04-16,2700,414475.34078694973,4568607.068313796,
2017-04-16,2701,414477.1155370071,4568592.619264027,
2017-04-16,2702,414479.7075794197,4568563.413686009,
2017-04-16,2703,414482.3779912222,4568532.793118478,
2017-04-16,2704,414484.3878494485,4568514.099100169,
2017-04-16,2705,414485.025592948,4568520.179141709,
2017-04-16,2706,414485.0021191047,4568538.197717027,
2017-04-16,2707,414485.00004249776,4568555.829957006,
2017-04-16,2708,414485.00038790866,4568573.418466518,
2017-04-16,2709,414485.0080643283,4568590.874611846,
2017-04-16,2710,414485.10316164885,4568606.752339132,
2017-04-16,2711,414486.54189015913,4568598.370287809,
2017-04-16,2712,414488.99136468896,4568571.738827831,
2017-04-16,2713,414491.71266227216,4568540.199497934,
2017-04-16,2714,414493.96685994294,4568517.093836853,
2017-04-16,2715,414495.0152036412,4568515.760333664,
2017-04-16,2716,414494.99793271127,4568533.666912996,
2017-04-16,2717,414494.99960527854,4568551.231460188,
2017-04-16,2718,414495.00039921777,4568568.811871343,
2017-04-16,2719,414495.002140384,4568586.375179961,
2017-04-16,2720,414494.9853133057,4568604.273745384,
2017-04-16,2721,414496.037521677,4568602.87046404,
2017-04-16,2722,414498.2937812038,4568579.727575358,
2017-04-16,2723,414501.0153174476,4568548.183936349,
2017-04-16,2724,414503.46320744284,4568521.581085749,
2017-04-16,2725,414504.8985282234,4568513.2605622895,
2017-04-16,2726,414504.9919428107,4568529.168671969,
2017-04-16,2727,414504.99960502546,4568546.625073775,
2017-04-16,2728,414504.9999591111,4568564.213426664,
2017-04-16,2729,414504.9978870681,4568581.845584238,
2017-04-16,2730,414504.97421220073,4568599.867789125,
2017-04-16,2731,414505.61569122353,4568605.88038435,
2017-04-16,2732,414507.6280886271,4568587.140520221,
2017-04-16,2733,414510.29921641166,4568556.5070253555,
2017-04-16,2734,414512.89015161165,4568527.321438492,
2017-04-16,2735,414514.661971261,4568512.925298366,
2017-04-16,2736,414515.0030246501,4568524.362194116,
2017-04-16,2737,414515.0012875617,4568541.988303953,
2017-04-16,2738,414515.0000130897,4568559.606061081,
2017-04-16,2739,414514.9990718046,4568577.21780238,
2017-04-16,2740,414515.0009360861,4568594.778888101,
2017-04-16,2741,414515.2896584652,4568607.160640389,
2017-04-16,2742,414517.007546626,4568593.738254068,
2017-04-16,2743,414519.5776188314,4568564.929356606,
2017-04-16,2744,414522.2609521161,4568534.075486737,
2017-04-16,2745,414524.31862351403,4568514.518183198,
2017-04-16,2746,414525.0286757063,4568519.292663433,
2017-04-16,2747,414525.0019106588,4568537.370662713,
2017-04-16,2748,414524.9999999938,4568554.999906547,
2017-04-16,2749,414525.000493539,4568572.585741435,
2017-04-16,2750,414525.0076809651,4568590.0507157305,
2017-04-16,2751,414525.0726830664,4568606.471823799,
2017-04-16,2752,414526.44541486434,4568599.281368542,
2017-04-16,2753,414528.8637843708,4568573.211521737,
2017-04-16,2754,414531.5888686203,4568541.603822119,
2017-04-16,2755,414533.8817446468,4568517.799808422,
2017-04-16,2756,414535.0034907792,4568515.140996013,
2017-04-16,2757,414534.9965028685,4568532.861911467,
2017-04-16,2758,414534.99952745775,4568550.402047389,
2017-04-16,2759,414535.00030776806,4568567.982704623,
2017-04-16,2760,414535.00080931524,4568585.56839504,
2017-04-16,2761,414534.97710245126,4568603.591177637,
2017-04-16,2762,414535.95495300717,4568603.530455286,
2017-04-16,2763,414538.1709726948,4568581.114112392,
2017-04-16,2764,414540.8871607892,4568549.667036282,
2017-04-16,2765,414543.3645943246,4568522.530765685,
2017-04-16,2766,414544.864350335,4568513.04683934,
2017-04-16,2767,414544.9920897511,4568528.335201019,
2017-04-16,2768,414544.99977267534,4568545.791228906,
2017-04-16,2769,414544.9999386202,4568563.382978748,
2017-04-16,2770,414544.99784933025,4568581.015447722,
2017-04-16,2771,414544.9784500252,4568598.960455689,
2017-04-16,2772,414545.5494207193,4568606.246105947,
2017-04-16,2773,414547.5124434683,4568588.397720224,
2017-04-16,2774,414550.1690882877,4568558.025720874,
2017-04-16,2775,414552.780432212,4568528.471646633,
2017-04-16,2776,414554.60755227506,4568513.077036235,
2017-04-16,2777,414555.0079958296,4568523.441619664,
2017-04-16,2778,414555.001634247,4568541.151226531,
2017-04-16,2779,414555.0000385086,4568558.774784242,
2017-04-16,2780,414554.99945263594,4568576.380108439,
2017-04-16,2781,414555.00407387415,4568593.891416246,
2017-04-16,2782,414555.2420776658,4568607.1889121635,
2017-04-16,2783,414556.901456356,4568594.822936867,
2017-04-16,2784,414559.4479107805,4568566.440467536,
2017-04-16,2785,414562.1425179735,4568535.3830429055,
2017-04-16,2786,414564.2463549695,4568514.992201712,
2017-04-16,2787,414565.0301047473,4568518.436043663,
2017-04-16,2788,414565.00149070355,4568536.547427286,
2017-04-16,2789,414564.99993208144,4568554.170314845,
2017-04-16,2790,414565.00054269895,4568571.754035953,
2017-04-16,2791,414565.00685465016,4568589.23481728,
2017-04-16,2792,414565.0461835117,4568606.119465584,
2017-04-16,2793,414566.351271023,4568600.150353965,
2017-04-16,2794,414568.7368879329,4568574.671867911,
2017-04-16,2795,414571.46411127504,4568543.0255461475,
2017-04-16,2796,414573.79401808395,4568518.552927416,
2017-04-16,2797,414574.98768539366,4568514.595550447,
2017-04-16,2798,414574.9950853959,4568532.056686598,
2017-04-16,2799,414574.99947298545,4568549.5722130155,
2017-04-16,2800,414575.000210906,4568567.153635616,
2017-04-16,2801,414574.9996983828,4568584.757635464,
2017-04-16,2802,414574.97215171554,4568602.8497471865,
2017-04-16,2803,414575.8751471341,4568604.140563161,
2017-04-16,2804,414578.0492794091,4568582.480513634,
2017-04-16,2805,414580.7584717805,4568551.159747998,
2017-04-16,2806,414583.26380128245,4568523.519804984,
2017-04-16,2807,414584.82634494914,4568512.902223328,
2017-04-16,2808,414584.9929128222,4568527.489522272,
2017-04-16,2809,414585.0000147316,4568544.956040602,
2017-04-16,2810,414584.99993687234,4568562.552192424,
2017-04-16,2811,414584.99796032306,4568580.182625819,
2017-04-16,2812,414584.98347163067,4568598.038970778,
2017-04-16,2813,414585.4863443549,4568606.554156113,
2017-04-16,2814,414587.3983448754,4568589.626996373,
2017-04-16,2815,414590.03885915614,4568559.546240115,
2017-04-16,2816,414592.6689642311,4568529.653426073,
2017-04-16,2817,414594.5497371345,4568513.2900929805,
2017-04-16,2818,414595.0133429924,4568522.514256696,
2017-04-16,2819,414595.001915896,4568540.315323362,
2017-04-16,2820,414595.00005714153,4568557.943629935,
2017-04-16,2821,414594.999803493,4568575.542955693,
2017-04-16,2822,414595.0062246667,4568593.021764968,
2017-04-16,2823,414595.19812234933,4568607.151724447,
2017-04-16,2824,414596.79734399525,4568595.871907749,
2017-04-16,2825,414599.3185330651,4568567.945614127,
2017-04-16,2826,414602.0227665932,4568536.714382314,
2017-04-16,2827,414604.1711216136,4568515.519751043,
2017-04-16,2828,414605.02943343355,4568517.617346605,
2017-04-16,2829,414605.0008270068,4568535.728592695,
2017-04-16,2830,414604.99984566856,4568553.341057178,
2017-04-16,2831,414605.00054459716,4568570.923183794,
2017-04-16,2832,414605.0057051006,4568588.424754957,
2017-04-16,2833,414605.02374078246,4568605.693859813,
2017-04-16,2834,414606.2595364339,4568600.975839413,
2017-04-16,2835,414608.6107531734,4568576.1184616815,
2017-04-16,2836,414611.33846803487,4568544.463265354,
2017-04-16,2837,414613.70375805243,4568519.351789162,
2017-04-16,2838,414614.9677002604,4568514.125571842,
2017-04-16,2839,414614.99380001053,4568531.2490768405,
2017-04-16,2840,414614.99945107143,4568548.7417907985,
2017-04-16,2841,414615.000117841,4568566.324498055,
2017-04-16,2842,414614.9988739033,4568583.941703871,
2017-04-16,2843,414614.9700144616,4568602.057518247,
2017-04-16,2844,414615.7981818569,4568604.69938301,
2017-04-16,2845,414617.9287791458,4568583.825374426,
2017-04-16,2846,414620.62932822044,4568552.660666838,
2017-04-16,2847,414623.1609061152,4568524.546798981,
2017-04-16,2848,414624.7845898642,4568512.825309588,
2017-04-16,2849,414624.994531741,4568526.629474181,
2017-04-16,2850,414625.00033235154,4568544.119487967,
2017-04-16,2851,414624.9999492625,4568561.721150827,
2017-04-16,2852,414624.998187815,4568579.347700482,
2017-04-16,2853,414624.9888303803,4568597.1113986075,
2017-04-16,2854,414625.4265399283,4568606.80313018,
2017-04-16,2855,414627.2858706468,4568590.826943996,
2017-04-16,2856,414629.90860681486,4568561.067178402,
2017-04-16,2857,414632.5558254669,4568530.865372134,
2017-04-16,2858,414634.488603637,4568513.563063927,
2017-04-16,2859,414635.01861950115,4568521.58816942,
2017-04-16,2860,414635.0021002774,4568539.481176402,
2017-04-16,2861,414635.00006438314,4568557.112681295,
2017-04-16,2862,414635.00009244226,4568574.706920716,
2017-04-16,2863,414635.00750818144,4568592.167772731,
2017-04-16,2864,414635.15787031356,4568607.04767257,
2017-04-16,2865,414636.69528734195,4568596.88376205,
2017-04-16,2866,414639.18956348376,4568569.443391712,
2017-04-16,2867,414641.90177577315,4568538.068100291,
2017-04-16,2868,414644.09300124424,4568516.099426519,
2017-04-16,2869,414645.02621512796,4568516.844636467,
2017-04-16,2870,414644.9998873672,4568534.914740365,
2017-04-16,2871,414644.99974996404,4568552.511967275,
2017-04-16,2872,414645.0005084429,4568570.093018686,
2017-04-16,2873,414645.0043520335,4568587.61836722,
2017-04-16,2874,414645.00543267705,4568605.193601819,
2017-04-16,2875,414646.170288895,4568601.756420212,
2017-04-16,2876,414648.4854578904,4568577.549898382,
2017-04-16,2877,414651.2120166972,4568545.915575064,
2017-04-16,2878,414653.6110423499,4568520.19498899,
2017-04-16,2879,414654.94361188245,4568513.729678897,
2017-04-16,2880,414654.9927664295,4568530.436920658,
2017-04-16,2881,414654.99947092426,4568547.910614466,
2017-04-16,2882,414655.0000377823,4568565.495125664,
2017-04-16,2883,414654.99831239623,4568583.121024212,
2017-04-16,2884,414654.97024405195,4568601.222555016,
2017-04-16,2885,414655.7241349724,4568605.205510145,
2017-04-16,2886,414657.80954970146,4568585.147290081,
2017-04-16,2887,414660.4998079059,4568554.168388119,
2017-04-16,2888,414663.05598661967,4568525.610342996,
2017-04-16,2889,414664.73916287743,4568512.814693444,
2017-04-16,2890,414664.9970662248,4568525.752895215,
2017-04-16,2891,414665.0006991767,4568543.2820469085,
2017-04-16,2892,414664.99997118657,4568560.8899370935,
2017-04-16,2893,414664.998499574,4568578.511253661,
2017-04-16,2894,414664.99407963676,4568596.185803377,
2017-04-16,2895,414665.37008523755,4568606.991623478,
2017-04-16,2896,414667.1750985804,4568591.996158434,
2017-04-16,2897,414669.77840906254,4568562.587131086,
2017-04-16,2898,414672.44109371817,4568532.106080171,
2017-04-16,2899,414674.4242295811,4568513.894544419,
2017-04-16,2900,414675.0233787182,4568520.671422035,
2017-04-16,2901,414675.00215515937,4568538.6493676035,
2017-04-16,2902,414675.0000556296,4568556.282021462,
2017-04-16,2903,414675.0003033797,4568573.872294271,
2017-04-16,2904,414675.0080441352,4568591.327277992,
2017-04-16,2905,414675.1213993564,4568606.87535186,
2017-04-16,2906,414676.59536419326,4568597.857095094,
2017-04-16,2907,414679.0610798332,4568570.932395618,
2017-04-16,2908,414681.7796233103,4568539.442792165,
2017-04-16,2909,414684.01207165874,4568516.729823471,
2017-04-16,2910,414685.02000319323,4568516.125977453,
2017-04-16,2911,414684.9986736401,4568534.105836788,
2017-04-16,2912,414684.9996541768,4568551.682878863,
2017-04-16,2913,414685.000443445,4568569.2633743575,
2017-04-16,2914,414685.00291516597,4568586.813492526,
2017-04-16,2915,414684.99131311005,4568604.61771816,
2017-04-16,2916,414686.08360620425,4568602.490691703,
2017-04-16,2917,414688.36107988196,4568578.964773351,
2017-04-16,2918,414691.08483506064,4568547.3810706185,
2017-04-16,2919,414693.51594877464,4568521.081122237,
2017-04-16,2920,414694.91549805796,4568513.406466942,
2017-04-16,2921,414694.99210437003,4568529.618056507,
2017-04-16,2922,414694.9995417528,4568547.078517741,
2017-04-16,2923,414694.9999797872,4568564.665354899,
2017-04-16,2924,414694.99798163,4568582.296178443,
2017-04-16,2925,414694.9723938498,4568600.35292171,
2017-04-16,2926,414695.65308427834,4568605.657539899,
2017-04-16,2927,414697.69166887394,4568586.444855928,
2017-04-16,2928,414700.3699886342,4568555.681507168,
2017-04-16,2929,414702.9491205937,4568526.709032356,
2017-04-16,2930,414704.6901417867,4568512.8689702265,
2017-04-16,2931,414705.0006356218,4568524.857630496,
2017-04-16,2932,414705.0010829758,4568542.44429938,
2017-04-16,2933,414704.99999803986,4568560.058634359,
2017-04-16,2934,414704.9988633692,4568577.673867311,
2017-04-16,2935,414704.9987727625,4568595.270249295,
2017-04-16,2936,414705.3170580806,4568607.118231337,
2017-04-16,2937,414707.06610647426,4568593.133235008,
2017-04-16,2938,414709.64834369667,4568564.104693481,
2017-04-16,2939,414712.3248467819,4568533.374145492,
2017-04-16,2940,414714.3566927641,4568514.283129776,
2017-04-16,2941,414715.02717400633,4568519.772078753,
2017-04-16,2942,414715.00204831036,4568537.820478916,
2017-04-16,2943,414715.00002627575,4568555.451733568,
2017-04-16,2944,414715.0004436244,4568573.038944217,
2017-04-16,2945,414715.0079522453,4568590.4981192155,
2017-04-16,2946,414715.0887872757,4568606.633357651,
2017-04-16,2947,414716.49765234767,4568598.790502217,
2017-04-16,2948,414718.9331599119,4568572.411221176,
2017-04-16,2949,414721.6563870029,4568540.837053269,
2017-04-16,2950,414723.9284106549,4568517.409537228,
2017-04-16,2951,414725.0103509923,4568515.469433774,
2017-04-16,2952,414724.99728739145,4568533.300048163,
2017-04-16,2953,414724.99956751615,4568550.85362567,
2017-04-16,2954,414725.00035881286,4568568.434084538,
2017-04-16,2955,414725.00151421555,4568586.007969341,
2017-04-16,2956,414724.9811396678,4568603.970585693,
2017-04-16,2957,414725.99956615904,4568603.1772492025,
2017-04-16,2958,414728.23769694543,4568580.361681907,
2017-04-16,2959,414730.9570009223,4568548.858347336,
2017-04-16,2960,414733.4185551239,4568522.008784223,
2017-04-16,2961,414734.8834365845,4568513.154531306,
2017-04-16,2962,414734.99193354946,4568528.790322856,
2017-04-16,2963,414734.9996727662,4568546.245334356,
2017-04-16,2964,414734.9999471571,4568563.8351261625,
2017-04-16,2965,414734.9978493725,4568581.467748513,
2017-04-16,2966,414734.97601721727,4568599.456682525,
2017-04-16,2967,414735.58510757296,4568606.05406761,
2017-04-16,2968,414737.5752144616,4568587.716667312,
2017-04-16,2969,414740.23994820466,4568557.198619334,
2017-04-16,2970,414742.8403858363,4568527.841462408,
2017-04-16,2971,414744.6376043905,4568512.986735271,
2017-04-16,2972,414745.0052143519,4568523.9441418685,
2017-04-16,2973,414745.0014515175,4568541.606827336,
2017-04-16,2974,414745.000025218,4568559.227325764,
2017-04-16,2975,414744.9992469688,4568576.836123389,
2017-04-16,2976,414745.0024956904,4568594.37221251,
2017-04-16,2977,414745.2675362549,4568607.181549085,
2017-04-16,2978,414746.9589721256,4568594.236769045,
2017-04-16,2979,414749.5184885147,4568565.618460916,
2017-04-16,2980,414752.2071624561,4568534.668163433,
2017-04-16,2981,414754.2860709841,4568514.727415328,
2017-04-16,2982,414755.0295587291,4568518.898203785,
2017-04-16,2983,414755.00174749887,4568536.995092296,
2017-04-16,2984,414754.99997193547,4568554.621896817,
2017-04-16,2985,414755.00052238494,4568572.206704278,
2017-04-16,2986,414755.007352229,4568589.678134855,
2017-04-16,2987,414755.0601118695,4568606.320285268,
2017-04-16,2988,414756.40222960257,4568599.682578741,
2017-04-16,2989,414758.80588151765,4568573.878463715,
2017-04-16,2990,414761.5321446491,4568542.24947893,
2017-04-16,2991,414763.84209603106,4568518.1371631175,
2017-04-16,2992,414764.9968126976,4568514.883055014,
2017-04-16,2993,414764.99584833754,4568532.49521294,
2017-04-16,2994,414764.99949919083,4568550.024041425,
2017-04-16,2995,414765.00026375527,4568567.604982957,
2017-04-16,2996,414765.00026889925,4568585.199636122,
2017-04-16,2997,414764.9744694958,4568603.260200328,
2017-04-16,2998,414765.91824655706,4568603.814688043,
2017-04-16,2999,414768.11538687843,4568581.739219378,
2017-04-16,3000,414770.82859208004,4568550.3460005475,
2017-04-16,3001,414773.31893919583,4568522.976570283,
2017-04-16,3002,414774.84750526026,4568512.97246732,
2017-04-16,3003,414774.99237368477,4568527.951558157,
2017-04-16,3004,414774.9998731736,4568545.410898036,
2017-04-16,3005,414774.99993577634,4568563.004513758,
2017-04-16,3006,414774.9978833926,4568580.636316378,
2017-04-16,3007,414774.9806675176,4568598.541901674,
2017-04-16,3008,414775.52028265427,4568606.3936886,
2017-04-16,3009,414777.46026426204,4568588.961319553,
2017-04-16,3010,414780.1097644138,4568558.718319932,
2017-04-16,3011,414782.7298601435,4568529.006228469,
2017-04-16,3012,414784.5816284857,4568513.166583903,
2017-04-16,3013,414785.01041221706,4568523.019474529,
2017-04-16,3014,414785.0017725696,4568540.770212728,
2017-04-16,3015,414785.00004811684,4568558.396094433,
2017-04-16,3016,414784.9996181428,4568575.998603819,
2017-04-16,3017,414785.0051689411,4568593.493128022,
2017-04-16,3018,414785.2215966797,4568607.180186483,
2017-04-16,3019,414786.85376660136,4568595.30546639,
2017-04-16,3020,414789.38890749053,4568567.127255679,
2017-04-16,3021,414792.08810112585,4568535.987015189,
2017-04-16,3022,414794.21242928645,4568515.226205761,
2017-04-16,3023,414795.0300904281,4568518.0577927185,
2017-04-16,3024,414795.0012343268,4568536.173562595,
2017-04-16,3025,414794.9997611489,4568553.794666381,
2017-04-16,3026,414794.9972968312,4568571.428797335,
2017-04-16,3027,414794.9706022102,4568589.452266075,
2017-04-16,3028,414795.7141776624,4568595.1034904905,
2017-04-16,3029,414798.0927057706,4568574.493698848,
2017-04-16,3030,414801.12137805927,4568543.441135465,
2017-04-16,3031,414803.7735043078,4568518.43675551,
2017-04-16,3032,414805.0228471838,4568515.964239765,
2017-04-16,3033,414804.99804001575,4568533.95744482,
2017-04-16,3034,414804.99930843955,4568551.531817116,
2017-04-16,3035,414804.99777775956,4568569.151149334,
2017-04-16,3036,414804.9877713938,4568586.9066202,
2017-04-16,3037,414805.5077384854,4568596.149520789,
2017-04-16,3038,414807.72762449906,4568578.087885503,
2017-04-16,3039,414810.73010444717,4568547.456024732,
2017-04-16,3040,414813.4884890339,4568520.7448865725,
2017-04-16,3041,414814.9760889634,4568514.44541912,
2017-04-16,3042,414814.993278863,4568531.764056564,
2017-04-16,3043,414814.99912960985,4568549.264826403,
2017-04-16,3044,414814.9990052725,4568566.861569578,
2017-04-16,3045,414815.0029793995,4568584.39248217,
2017-04-16,3046,414815.33140964556,4568596.711896941,
2017-04-16,3047,414817.3755655765,4568581.4728835365,
2017-04-16,3048,414820.33476658183,4568551.536180297,
2017-04-16,3049,414823.1823233658,4568523.39273532,
2017-04-16,3050,414824.89154663275,4568513.533496702,
2017-04-16,3051,414824.99016293575,4568529.54424227,
2017-04-16,3052,414824.999352693,4568546.991380061,
2017-04-16,3053,414825.00017985003,4568564.572840089,
2017-04-16,3054,414825.009462584,4568582.018484467,
2017-04-16,3055,414825.18739721883,4568596.755198537,
2017-04-16,3056,414827.03873580956,4568584.6132669505,
2017-04-16,3057,414829.9375706147,4568555.646181181,
2017-04-16,3058,414832.85721233836,4568526.344889322,
2017-04-16,3059,414834.77097168483,4568513.200339472,
2017-04-16,3060,414834.9917071928,4568527.249574891,
2017-04-16,3061,414835.00013604376,4568544.708934557,
2017-04-16,3062,414835.0007703032,4568562.293492956,
2017-04-16,3063,414835.00921787304,4568579.752551952,
2017-04-16,3064,414835.077905598,4568596.244018047,
2017-04-16,3065,414836.71933959075,4568587.473628218,
2017-04-16,3066,414839.5407209379,4568559.750619854,
2017-04-16,3067,414842.5153603437,4568529.565941051,
2017-04-16,3068,414844.61656851234,4568513.410539903,
2017-04-16,3069,414845.00092585647,4568524.831639215,
2017-04-16,3070,414845.00141202076,4568542.41857636,
2017-04-16,3071,414845.0008500165,4568560.022349459,
2017-04-16,3072,414845.00526022504,4568577.546257595,
2017-04-16,3073,414845.0051391766,4568595.142947942,
2017-04-16,3074,414846.4195813137,4568590.0185597995,
2017-04-16,3075,414849.14642194536,4568563.814088775,
2017-04-16,3076,414852.15897177573,4568533.020482962,
2017-04-16,3077,414854.4305415087,4568514.128690455,
2017-04-16,3078,414855.0179396182,4568522.2884966675,
2017-04-16,3079,414855.00249269424,4568540.131355183,
2017-04-16,3080,414855.0005776718,4568557.756860803,
2017-04-16,3081,414855.0006045977,4568575.351174353,
2017-04-16,3082,414854.9696620556,4568593.442927482,
2017-04-16,3083,414856.1416653713,4568592.212654178,
2017-04-16,3084,414858.75687802973,4568567.801180431,
2017-04-16,3085,414861.79025102686,4568536.673107543,
2017-04-16,3086,414864.2150950669,4568515.319383614,
2017-04-16,3087,414865.0334113429,4568519.770122713,
2017-04-16,3088,414865.0025846538,4568537.860014981,
2017-04-16,3089,414865.00011195167,4568555.4944782015,
2017-04-16,3090,414864.99788838526,4568573.124939736,
2017-04-16,3091,414864.96318413253,4568591.277114427,
2017-04-16,3092,414865.88779615675,4568594.020503816,
2017-04-16,3093,414868.3742935845,4568571.67648728,
2017-04-16,3094,414871.41140249075,4568540.488407256,
2017-04-16,3095,414873.9724335801,4568516.947211839,
2017-04-16,3096,414875.0360746081,4568517.45748154,
2017-04-16,3097,414875.0008944896,4568535.617299706,
2017-04-16,3098,414874.99961153744,4568553.232652858,
2017-04-16,3099,414874.9972986834,4568570.8645485565,
2017-04-16,3100,414874.97444118623,4568588.826437611,
2017-04-16,3101,414875.6601780628,4568595.406701185,
2017-04-16,3102,414878.00087300193,4568575.4046017965,
2017-04-16,3103,414881.0246305599,4568544.430974573,
2017-04-16,3104,414883.7047614408,4568518.976767605,
2017-04-16,3105,414885.014662991,4568515.531537327,
2017-04-16,3106,414884.9968674005,4568533.412120732,
2017-04-16,3107,414884.9992351115,4568550.968835984,
2017-04-16,3108,414884.9980446331,4568568.582703795,
2017-04-16,3109,414884.99216679344,4568586.271861212,
2017-04-16,3110,414885.4610154826,4568596.335838759,
2017-04-16,3111,414887.63882067584,4568578.950116457,
2017-04-16,3112,414890.63213962776,4568548.465401968,
2017-04-16,3113,414893.41428304254,4568521.372643383,
2017-04-16,3114,414894.95856162487,4568514.162788805,
2017-04-16,3115,414894.9922336054,4568531.216686817,
2017-04-16,3116,414894.999141356,4568548.70047879,
2017-04-16,3117,414894.9993328241,4568566.292149413,
2017-04-16,3118,414895.0053834082,4568583.789709419,
2017-04-16,3119,414895.29251280945,4568596.772509004,
2017-04-16,3120,414897.2903409991,4568582.277623724,
2017-04-16,3121,414900.2361340874,4568552.556281907,
2017-04-16,3122,414903.10320277873,4568524.099431646,
2017-04-16,3123,414904.86485777725,4568513.398021037,
2017-04-16,3124,414904.98999438406,4568528.982790646,
2017-04-16,3125,414904.99948895234,4568546.425032479,
2017-04-16,3126,414905.0003829499,4568564.005418906,
2017-04-16,3127,414905.0099128692,4568581.447092924,
2017-04-16,3128,414905.1568744361,4568596.681304397,
2017-04-16,3129,414906.9576383645,4568585.351716072,
2017-04-16,3130,414909.8388183316,4568556.66820686,
2017-04-16,3131,414912.7737250416,4568527.121724855,
2017-04-16,3132,414914.7356691989,4568513.203218156,
2017-04-16,3133,414914.9931646942,4568526.662005184,
2017-04-16,3134,414915.00042816094,4568544.14008355,
2017-04-16,3135,414915.00083164347,4568561.728348747,
2017-04-16,3136,414915.00846378214,4568579.200505411,
2017-04-16,3137,414915.0563047556,4568596.026817403,
2017-04-16,3138,414916.6429171652,4568588.136985972,
2017-04-16,3139,414919.4423967535,4568560.765769303,
2017-04-16,3140,414922.42805422464,4568530.404115491,
2017-04-16,3141,414924.57320028316,4568513.542972634,
2017-04-16,3142,414925.0046842704,4568524.207111658,
2017-04-16,3143,414925.00172968913,4568541.849314947,
2017-04-16,3144,414925.00080903666,4568559.458848741,
2017-04-16,3145,414925.004051105,4568577.001519846,
2017-04-16,3146,414924.9930007046,4568594.773760267,
2017-04-16,3147,414926.3483817942,4568590.598025889,
2017-04-16,3148,414929.04907374585,4568564.813561699,
2017-04-16,3149,414932.06839472055,4568533.911196018,
2017-04-16,3150,414934.37965542264,4568514.38187694,
2017-04-16,3151,414935.0223668813,4568521.653225885,
2017-04-16,3152,414935.00263871666,4568539.564850786,
2017-04-16,3153,414935.0004738116,4568557.194370093,
2017-04-16,3154,414934.99968934024,4568574.801716512,
2017-04-16,3155,414934.96578159346,4568592.941097521,
2017-04-16,3156,414936.0762366447,4568592.699428302,
2017-04-16,3157,414938.6610537024,4568568.776176528,
2017-04-16,3158,414941.696950923,4568537.607558912,
2017-04-16,3159,414944.157239011,4568515.68452355,
2017-04-16,3160,414945.03570726275,4568519.169086113,
2017-04-16,3161,414945.00236183405,4568537.299435023,
2017-04-16,3162,414944.99998464965,4568554.93236401,
2017-04-16,3163,414944.99757383286,4568572.565833213,
2017-04-16,3164,414944.9647636892,4568590.687584237,
2017-04-16,3165,414945.8286861099,4568594.40578568,
2017-04-16,3166,414948.28054101585,4568572.618206258,
2017-04-16,3167,414951.31592722493,4568541.457796644,
2017-04-16,3168,414953.9081554412,4568517.415504933,
2017-04-16,3169,414955.0334389926,4568516.935656532,
2017-04-16,3170,414955.0001056311,4568535.0658116145,
2017-04-16,3171,414954.99950023374,4568552.670281706,
2017-04-16,3172,414954.9973901904,4568570.298919802,
2017-04-16,3173,414954.9786805695,4568588.1941846,
2017-04-16,3174,414955.60793458245,4568595.681690485,
2017-04-16,3175,414957.909740079,4568576.3042433495,
2017-04-16,3176,414960.9275280189,4568545.426501673,
2017-04-16,3177,414963.6346091059,4568519.539413549,
2017-04-16,3178,414965.00429564784,4568515.13390132,
2017-04-16,3179,414964.99565646064,4568532.867412214,
2017-04-16,3180,414964.99917924503,4568550.405574382,
2017-04-16,3181,414964.9983450029,4568568.013720235,
2017-04-16,3182,414964.9962658112,4568585.641862789,
2017-04-16,3183,414965.41618645575,4568596.4917351995,
2017-04-16,3184,414967.55085528543,4568579.798880289,
2017-04-16,3185,414970.53395769827,4568549.478266484,
2017-04-16,3186,414973.3388043983,4568522.0208418835,
2017-04-16,3187,414974.93870608986,4568513.917554583,
2017-04-16,3188,414974.99133626954,4568530.666941115,
2017-04-16,3189,414974.99918036605,4568548.135693257,
2017-04-16,3190,414974.99964486016,4568565.722978467,
2017-04-16,3191,414975.0072318547,4568583.195860251,
2017-04-16,3192,414975.2556461227,4568596.800512285,
2017-04-16,3193,414977.2060910276,4568583.066709532,
2017-04-16,3194,414980.1374206557,4568553.577683538,
2017-04-16,3195,414983.02294571116,4568524.824382398,
2017-04-16,3196,414984.83597689844,4568513.2977542095,
2017-04-16,3197,414984.99015999906,4568528.415971551,
2017-04-16,3198,414984.99966227845,4568545.85808953,
2017-04-16,3199,414985.0005471329,4568563.438622805,
2017-04-16,3200,414985.00999383745,4568580.881633448,
2017-04-16,3201,414985.1285179764,4568596.572614217,
2017-04-16,3202,414986.8776516993,4568586.07232356,
2017-04-16,3203,414989.7401212853,4568557.68934531,
2017-04-16,3204,414992.6892374385,4568527.914627567,
2017-04-16,3205,414994.6983108634,4568513.239118423,
2017-04-16,3206,414994.9951426073,4568526.066076487,
2017-04-16,3207,414995.00074504386,4568543.570834749,
2017-04-16,3208,414995.0008638698,4568561.163672173,
2017-04-16,3209,414995.0075266191,4568578.651399419,
2017-04-16,3210,414995.0370064096,4568595.772633465,
2017-04-16,3211,414996.5677416927,4568588.780314841,
2017-04-16,3212,414999.3442639789,4568561.777844274,
2017-04-16,3213,415002.3398839723,4568531.256169862,
2017-04-16,3214,415004.5279123775,4568513.706239698,
2017-04-16,3215,415005.0088704174,4568523.5757137425,
2017-04-16,3216,415005.0020231109,4568541.280442983,
2017-04-16,3217,415005.0007487454,4568558.895658212,
2017-04-16,3218,415005.00284515833,4568576.456731128,
2017-04-16,3219,415004.9831745454,4568594.367431622,
2017-04-16,3220,415006.2785654015,4568591.155275841,
2017-04-16,3221,415008.9520531303,4568565.807772893,
2017-04-16,3222,415011.9770897065,4568534.813601752,
2017-04-16,3223,415014.3269858343,4568514.663710508,
2017-04-16,3224,415015.0265259086,4568521.02226357,
2017-04-16,3225,415015.0027114811,4568538.999523079,
2017-04-16,3226,415015.00036044174,4568556.632032121,
2017-04-16,3227,415014.99893988215,4568574.2495955555,
2017-04-16,3228,415014.96351967676,4568592.413270067,
2017-04-16,3229,415016.01232721854,4568593.161799036,
2017-04-16,3230,415018.5656931322,4568569.743723642,
2017-04-16,3231,415021.6030590333,4568538.551515701,
2017-04-16,3232,415024.09773562604,4568516.076123311,
2017-04-16,3233,415025.03703897836,4568518.583536808,
2017-04-16,3234,415025.00201674446,4568536.740819,
2017-04-16,3235,415024.9998576411,4568554.370245112,
2017-04-16,3236,415024.9973786189,4568572.004809844,
2017-04-16,3237,415024.96726582275,4568590.083235379,
2017-04-16,3238,415025.77123153704,4568594.764476894,
2017-04-16,3239,415028.1873883783,4568573.550288993,
2017-04-16,3240,415031.2199963469,4568542.434504194,
2017-04-16,3241,415033.84236614686,4568517.908070593,
2017-04-16,3242,415035.0291432042,4568516.440497647,
2017-04-16,3243,415034.9991521393,4568534.516967901,
2017-04-16,3244,415034.99939902534,4568552.107748396,
2017-04-16,3245,415034.9975520241,4568569.732161444,
2017-04-16,3246,415034.98314656096,4568587.558291748,
2017-04-16,3247,415035.5574827497,4568595.927901886,
2017-04-16,3248,415037.81934326043,4568577.192061406,
2017-04-16,3249,415040.8301060386,4568546.427159682,
2017-04-16,3250,415043.56308178854,4568520.124144808,
2017-04-16,3251,415044.99158121436,4568514.773964883,
2017-04-16,3252,415044.99445348734,4568532.322575737,
2017-04-16,3253,415044.9991432764,4568549.841993178,
2017-04-16,3254,415044.99866668734,4568567.444394309,
2017-04-16,3255,415044.99989546865,4568585.019403355,
2017-04-16,3256,415045.37328524963,4568596.616666482,
2017-04-16,3257,415047.4637621726,4568580.633633366,
2017-04-16,3258,415050.4355925031,4568550.494074655,
2017-04-16,3259,415053.2620869452,4568522.6889384445,
2017-04-16,3260,415054.91655620304,4568513.709172829,
2017-04-16,3261,415054.99063314515,4568530.114075935,
2017-04-16,3262,415054.99924907635,4568547.57043067,
2017-04-16,3263,415054.9999291992,4568565.1542524,
2017-04-16,3264,415055.008571029,4568582.610191146,
2017-04-16,3265,415055.22084343026,4568596.795363155,
2017-04-16,3266,415057.12284950784,4568583.839597338,
2017-04-16,3267,415060.03866013273,4568554.599841576,
2017-04-16,3268,415062.9415860094,4568525.567043964,
2017-04-16,3269,415064.8049378418,4568513.232152597,
2017-04-16,3270,415064.9907060708,4568527.843041461,
2017-04-16,3271,415064.99987510714,4568545.2905120775,
2017-04-16,3272,415065.0006748363,4568562.872412658,
2017-04-16,3273,415065.0097517785,4568580.321362516,
2017-04-16,3274,415065.10236168443,4568596.428584374,
2017-04-16,3275,415066.7988096587,4568586.774545789,
2017-04-16,3276,415069.64151332073,4568558.709052911,
2017-04-16,3277,415072.6037833743,4568528.7230538335,
2017-04-16,3278,415074.65893052355,4568513.307496652,
2017-04-16,3279,415074.99768722244,4568525.461045278,
2017-04-16,3280,415075.00107451074,4568543.001383821,
2017-04-16,3281,415075.0008694185,4568560.599424106,
2017-04-16,3282,415075.00645267445,4568578.104490453,
2017-04-16,3283,415075.0200444051,4568595.480922609,
2017-04-16,3284,415076.49384701863,4568589.403071198,
2017-04-16,3285,415079.24635645957,4568562.78630114,
2017-04-16,3286,415082.25088343234,4568532.121560531,
2017-04-16,3287,415084.4807386411,4568513.899797469,
2017-04-16,3288,415085.0133113191,4568522.9402238885,
2017-04-16,3289,415085.0022801053,4568540.712156132,
2017-04-16,3290,415085.0006715788,4568558.332738738,
2017-04-16,3291,415085.00168867485,4568575.91114792,
2017-04-16,3292,415084.9754899221,4568593.926705078,
2017-04-16,3293,415086.21016598074,4568591.689766024,
2017-04-16,3294,415088.8553939433,4568566.796178723,
2017-04-16,3295,415091.8850905779,4568535.727156522,
2017-04-16,3296,415094.27256658825,4568514.973647519,
2017-04-16,3297,415095.0302437222,4568520.398388144,
2017-04-16,3298,415095.0026988062,4568538.435567728,
2017-04-16,3299,415095.0002399992,4568556.069807755,
2017-04-16,3300,415094.99834659183,4568573.694966185,
2017-04-16,3301,415094.96270330646,4568591.862223697,
2017-04-16,3302,415095.94997144135,4568593.599218891,
2017-04-16,3303,415098.47083177604,4568570.7032658,
2017-04-16,3304,415101.5086115877,4568539.504416024,
2017-04-16,3305,415104.0366206557,4568516.4936247375,
2017-04-16,3306,415105.0372328559,4568518.01625824,
2017-04-16,3307,415105.00153499766,4568536.184379452,
2017-04-16,3308,415104.99975418294,4568553.807922992,
2017-04-16,3309,415104.99780266406,4568571.43814527,
2017-04-16,3310,415104.9761666179,4568589.423603959,
2017-04-16,3311,415105.58269297925,4568596.067309894,
2017-04-16,3312,415107.57100259175,4568577.762370194,
2017-04-16,3313,415110.23520570877,4568547.253898383,
2017-04-16,3314,415112.83638410905,4568517.883355297,
2017-04-16,3315,415114.63561957167,4568502.99220178,
2017-04-16,3316,415115.00539616495,4568513.910486627,
2017-04-16,3317,415115.0014642807,4568531.576224378,
2017-04-16,3318,415115.0000261578,4568549.196936291,
2017-04-16,3319,415114.99926095275,4568566.805498401,
2017-04-16,3320,415115.00261121884,4568584.339754098,
2017-04-16,3321,415115.26579328405,4568597.182646596,
2017-04-16,3322,415116.9550917772,4568584.276457732,
2017-04-16,3323,415119.51374633634,4568555.6737102745,
2017-04-16,3324,415122.2028339955,4568524.715942955,
2017-04-16,3325,415124.2834317891,4568504.744694509,
2017-04-16,3326,415125.0296134376,4568508.866843497,
2017-04-16,3327,415125.0017324124,4568526.964992184,
2017-04-16,3328,415124.999969461,4568544.591568993,
2017-04-16,3329,415125.0005242177,4568562.176298684,
2017-04-16,3330,415125.00732220645,4568579.648304423,
2017-04-16,3331,415125.05913916085,4568596.307475392,
2017-04-16,3332,415126.39878557145,4568589.714389537,
2017-04-16,3333,415128.801241712,4568563.931864684,
2017-04-16,3334,415131.52758461656,4568532.301439563,
2017-04-16,3335,415133.8388913195,4568508.164652911,
2017-04-16,3336,415134.996238855,4568504.863043459,
2017-04-16,3337,415134.9957962691,4568522.46578056,
2017-04-16,3338,415134.99949715886,4568539.993705609,
2017-04-16,3339,415135.0002602013,4568557.574674629,
2017-04-16,3340,415135.00022786227,4568575.170004554,
2017-04-16,3341,415134.9742862834,4568593.233135796,
2017-04-16,3342,415135.91532627237,4568593.837042405,
2017-04-16,3343,415138.1109368745,4568571.789193412,
2017-04-16,3344,415140.8238879046,4568540.400563745,
2017-04-16,3345,415143.3152563967,4568513.012692139,
2017-04-16,3346,415144.8461193851,4568502.967117326,
2017-04-16,3347,415144.99240289046,4568517.920658333,
2017-04-16,3348,415144.9998819334,4568535.380367377,
2017-04-16,3349,415144.9999357039,4568552.97414257,
2017-04-16,3350,415144.9978873722,4568570.605872023,
2017-04-16,3351,415144.9808512327,4568588.508212126,
2017-04-16,3352,415145.51797354413,4568596.4050079705,
2017-04-16,3353,415147.45609148795,4568579.0062880935,
2017-04-16,3354,415150.1050035234,4568548.773907136,
2017-04-16,3355,415152.7257866848,4568519.049403831,
2017-04-16,3356,415154.5795180063,4568503.174316917,
2017-04-16,3357,415155.0106082232,4568512.985563059,
2017-04-16,3358,415155.0017829923,4568530.739652045,
2017-04-16,3359,415155.00004881306,4568548.365709356,
2017-04-16,3360,415154.9996310603,4568565.967998086,
2017-04-16,3361,415155.00524829404,4568583.461322804,
2017-04-16,3362,415155.2199870514,4568597.178877879,
2017-04-16,3363,415156.849965217,4568585.343740375,
2017-04-16,3364,415159.3841911381,4568557.1820613835,
2017-04-16,3365,415162.08374184906,4568526.035379638,
2017-04-16,3366,415164.2096943839,4568505.245233873,
2017-04-16,3367,415165.0300646003,4568508.027879695,
2017-04-16,3368,415165.0011965273,4568526.143849913,
2017-04-16,3369,415164.9998912928,4568543.762162466,
2017-04-16,3370,415165.0005489668,4568561.345033945,
2017-04-16,3371,415165.0063218499,4568578.835548362,
2017-04-16,3372,415165.03462645947,4568595.919243773,
2017-04-16,3373,415166.305817727,4568590.562141898,
2017-04-16,3374,415168.6747104138,4568565.385618128,
2017-04-16,3375,415171.40238155425,4568533.731211197,
2017-04-16,3376,415173.7499081823,4568508.940459841,
2017-04-16,3377,415174.97836733254,4568504.354902795,
2017-04-16,3378,415174.99442884244,4568521.659652086,
2017-04-16,3379,415174.9994575593,4568539.163602708,
2017-04-16,3380,415175.0001640571,4568556.74559266,
2017-04-16,3381,415174.9992577255,4568574.356702866,
2017-04-16,3382,415174.9707760248,4568592.465696981,
2017-04-16,3383,415175.83690868266,4568594.422084307,
2017-04-16,3384,415177.9898210153,4568573.145169013,
2017-04-16,3385,415180.69496546517,4568541.897490151,
2017-04-16,3386,415183.21341906674,4568514.02058646,
2017-04-16,3387,415184.8062588543,4568502.855996673,
2017-04-16,3388,415184.99360267894,4568517.06817781,
2017-04-16,3389,415185.00016287516,4568534.544476976,
2017-04-16,3390,415184.99994148937,4568552.143220222,
2017-04-16,3391,415184.9980597283,4568569.771942183,
2017-04-16,3392,415184.9860945803,4568587.582723579,
2017-04-16,3393,415185.45649774873,4568596.684159248,
2017-04-16,3394,415187.3427826071,4568580.221305687,
2017-04-16,3395,415189.974753247,4568550.294808156,
2017-04-16,3396,415192.6134867023,4568520.246205385,
2017-04-16,3397,415194.52006000705,4568503.417036109,
2017-04-16,3398,415195.01597642904,4568512.057820146,
2017-04-16,3399,415195.0020207985,4568529.904540472,
2017-04-16,3400,415195.00006241514,4568547.53464588,
2017-04-16,3401,415194.99995533045,4568565.1313253725,
2017-04-16,3402,415195.0069572931,4568582.599648285,
2017-04-16,3403,415195.17784459016,4568597.108958359,
2017-04-16,3404,415196.7468548546,4568586.374619788,
2017-04-16,3405,415199.2550045642,4568558.683756839,
2017-04-16,3406,415201.9633707531,4568527.377908245,
2017-04-16,3407,415204.13303045544,4568505.79861274,
2017-04-16,3408,415205.02819559496,4568507.230807423,
2017-04-16,3409,415205.00040103827,4568525.327394888,
2017-04-16,3410,415204.9997991562,4568542.933008143,
2017-04-16,3411,415205.00053098676,4568560.514540699,
2017-04-16,3412,415205.0050571776,4568578.027564618,
2017-04-16,3413,415205.0142088722,4568595.457073291,
2017-04-16,3414,415206.2152974229,4568591.365702967,
2017-04-16,3415,415208.5489790824,4568566.824927856,
2017-04-16,3416,415211.2763308849,4568535.176286695,
2017-04-16,3417,415213.6584298647,4568509.761318213,
2017-04-16,3418,415214.9563530561,4568503.92156115,
2017-04-16,3419,415214.99325242225,4568520.850074922,
2017-04-16,3420,415214.9994550499,4568538.332830129,
2017-04-16,3421,415215.00007624214,4568555.916360306,
2017-04-16,3422,415214.9985666965,4568573.538361775,
2017-04-16,3423,415214.9698594344,4568591.651428488,
2017-04-16,3424,415215.76136997575,4568594.9551468585,
2017-04-16,3425,415217.8699364653,4568574.478912844,
2017-04-16,3426,415220.56562676176,4568543.401932371,
2017-04-16,3427,415223.10951789934,4568515.065744173,
2017-04-16,3428,415224.76268691244,4568502.811886983,
2017-04-16,3429,415224.9956572338,4568516.200264138,
2017-04-16,3430,415225.0005087397,4568533.707414376,
2017-04-16,3431,415224.9999591472,4568551.312083518,
2017-04-16,3432,415224.9983327203,4568568.936195318,
2017-04-16,3433,415224.99145525845,4568586.655116584,
2017-04-16,3434,415225.39833217947,4568596.903543112,
2017-04-16,3435,415227.2311363792,4568581.40630345,
2017-04-16,3436,415229.84451804945,4568551.815436919,
2017-04-16,3437,415232.4995542248,4568521.472482257,
2017-04-16,3438,415234.45732193923,4568503.718978198,
2017-04-16,3439,415235.0210541674,4568511.135321739,
2017-04-16,3440,415235.0021454744,4568529.071471515,
2017-04-16,3441,415235.0000623602,4568546.703828987,
2017-04-16,3442,415235.0002056685,4568564.295987538,
2017-04-16,3443,415235.0078579331,4568581.752568997,
2017-04-16,3444,415235.1394436983,4568596.971483368,
2017-04-16,3445,415236.64583848807,4568587.367691312,
2017-04-16,3446,415239.1262644123,4568560.177391982,
2017-04-16,3447,415241.8417985053,4568528.742124114,
2017-04-16,3448,415244.0535178014,4568506.403426442,
2017-04-16,3449,415245.02355978405,4568506.483690887,
2017-04-16,3450,415244.99931910826,4568524.516111663,
2017-04-16,3451,415244.99970226,4568542.103939752,
2017-04-16,3452,415245.0004794863,4568559.684652674,
2017-04-16,3453,415245.0036479072,4568577.222191658,
2017-04-16,3454,415244.99796395155,4568594.919563703,
2017-04-16,3455,415246.1273024568,4568592.123668078,
2017-04-16,3456,415248.4241255153,4568568.248389203,
2017-04-16,3457,415251.14951040637,4568536.635261383,
2017-04-16,3458,415253.5645341643,4568510.625823354,
2017-04-16,3459,415254.93027382356,4568503.561613853,
2017-04-16,3460,415254.9923867255,4568520.034887527,
2017-04-16,3461,415254.9994988398,4568537.501221603,
2017-04-16,3462,415255.00000596547,4568555.08681129,
2017-04-16,3463,415254.9981227767,4568572.715559029,
2017-04-16,3464,415254.9710898748,4568590.798394527,
2017-04-16,3465,415255.688787951,4568595.434825392,
2017-04-16,3466,415257.7513610237,4568575.789020232,
2017-04-16,3467,415260.435949593,4568544.912485719,
2017-04-16,3468,415263.0036306927,4568516.146760588,
2017-04-16,3469,415264.7154813573,4568502.833383575,
2017-04-16,3470,415264.99868627306,4568515.314755783,
2017-04-16,3471,415265.0008879465,4568532.869749762,
2017-04-16,3472,415264.99998407264,4568550.480815594,
2017-04-16,3473,415264.99867411726,4568568.099213382,
2017-04-16,3474,415264.99648662994,4568585.733455352,
2017-04-16,3475,415265.3435546346,4568597.061754895,
2017-04-16,3476,415267.1212306015,4568582.559876701,
2017-04-16,3477,415269.71437572886,4568553.334388749,
2017-04-16,3478,415272.38406705065,4568522.726829771,
2017-04-16,3479,415274.3913816012,4568504.078738508,
2017-04-16,3480,415275.02539480093,4568510.226132048,
2017-04-16,3481,415275.0021247881,4568528.241027132,
2017-04-16,3482,415275.0000440437,4568545.873341813,
2017-04-16,3483,415275.0003806635,4568563.46201005,
2017-04-16,3484,415275.0080699312,4568580.917923401,
2017-04-16,3485,415275.1048621734,4568596.765048237,
2017-04-16,3486,415276.5469939148,4568588.321550267,
2017-04-16,3487,415278.9980484805,4568561.661562133,
2017-04-16,3488,415281.7191029043,4568530.126622568,
2017-04-16,3489,415283.9712342206,4568507.058270307,
2017-04-16,3490,415285.0157105307,4568505.794594292,
2017-04-16,3491,415284.9980055132,4568523.709011241,
2017-04-16,3492,415284.9996098137,4568541.274791023,
2017-04-16,3493,415285.00040367444,4568558.855203598,
2017-04-16,3494,415285.0022137554,4568576.417267933,
2017-04-16,3495,415284.9858403732,4568594.307641692,
2017-04-16,3496,415286.0419106272,4568592.834632562,
2017-04-16,3497,415288.300227511,4568569.654597502,
2017-04-16,3498,415291.0219979169,4568538.1067306055,
2017-04-16,3499,415293.46829887945,4568511.532570606,
2017-04-16,3500,415294.9002074325,4568503.273656236,
2017-04-16,3501,415294.9919514694,4568519.211928356,
2017-04-16,3502,415294.99959813757,4568536.668610855,
2017-04-16,3503,415294.9999607836,4568554.256809183,
2017-04-16,3504,415294.99789373495,4568571.888876582,
2017-04-16,3505,415294.9740207089,4568589.9146593,
2017-04-16,3506,415295.61924040486,4568595.859715235,
2017-04-16,3507,415297.63417248725,4568577.074086506,
2017-04-16,3508,415300.30601175566,4568546.427745532,
2017-04-16,3509,415302.895835244,4568517.262231046,
2017-04-16,3510,415304.66471998673,4568502.919081786,
2017-04-16,3511,415305.002783627,4568514.409958594,
2017-04-16,3512,415305.00126826455,4568532.032065088,
2017-04-16,3513,415305.0000116613,4568549.649499586,
2017-04-16,3514,415304.99905168713,4568567.261578326,
2017-04-16,3515,415305.0007427417,4568584.825791728,
2017-04-16,3516,415305.2922429118,4568597.1573899295,
2017-04-16,3517,415307.01314307266,4568583.680620785,
2017-04-16,3518,415309.5844040831,4568554.850258988,
2017-04-16,3519,415312.26710297767,4568524.007843276,
2017-04-16,3520,415314.3223167906,4568504.494912382,
2017-04-16,3521,415315.0285516921,4568509.338315274,
2017-04-16,3522,415315.00192650803,4568527.413789268,
2017-04-16,3523,415315.00000286085,4568545.0432675,
2017-04-16,3524,415315.0004894979,4568562.629227122,
2017-04-16,3525,415315.00771300495,4568580.093549958,
2017-04-16,3526,415315.0741778132,4568596.488248289,
2017-04-16,3527,415316.45039893244,4568589.234791986,
2017-04-16,3528,415318.8704345655,4568563.134862624,
2017-04-16,3529,415321.5953617465,4568531.5299989395,
2017-04-16,3530,415323.8862575096,4568507.761739666,
2017-04-16,3531,415325.0042011978,4568505.17158185,
2017-04-16,3532,415324.99657831545,4568522.903961961,
2017-04-16,3533,415324.9995310257,4568540.445395679,
2017-04-16,3534,415325.0003127605,4568558.0260272,
2017-04-16,3535,415325.00087443955,4568575.610631906,
2017-04-16,3536,415324.977446889,4568593.628371396,
2017-04-16,3537,415325.95919973205,4568593.497191748,
2017-04-16,3538,415328.1773628675,4568571.042148077,
2017-04-16,3539,415330.89387121476,4568539.589289676,
2017-04-16,3540,415333.36980180803,4568512.480155281,
2017-04-16,3541,415334.8662316812,4568503.056283623,
2017-04-16,3542,415334.992066371,4568518.379035876,
2017-04-16,3543,415334.9997621527,4568535.834831614,
2017-04-16,3544,415334.9999391867,4568553.426381236,
2017-04-16,3545,415334.99784733955,4568571.058896384,
2017-04-16,3546,415334.97820529965,4568589.008287019,
2017-04-16,3547,415335.55280513584,4568596.228411718,
2017-04-16,3548,415337.51844865386,4568578.332706992,
2017-04-16,3549,415340.17589104763,4568547.946307131,
2017-04-16,3550,415342.78620935103,4568518.410750868,
2017-04-16,3551,415344.6104805984,4568503.067576937,
2017-04-16,3552,415345.0077228818,4568513.489960562,
2017-04-16,3553,415345.0016174621,4568531.194942307,
2017-04-16,3554,415345.0000373085,4568548.818218629,
2017-04-16,3555,415344.9994331985,4568566.423872104,
2017-04-16,3556,415345.0039353942,4568583.937329268,
2017-04-16,3557,415345.24447480886,4568597.189043542,
2017-04-16,3558,415346.90695158957,4568584.76713102,
2017-04-16,3559,415349.45468090987,4568556.361642955,
2017-04-16,3560,415352.1487398037,4568525.314118083,
2017-04-16,3561,415354.2502053053,4568504.966095135,
2017-04-16,3562,415355.0300782041,4568508.479935627,
2017-04-16,3563,415355.00151840266,4568526.59033988,
2017-04-16,3564,415354.9999361682,4568544.213653777,
2017-04-16,3565,415355.00054138026,4568561.797472477,
2017-04-16,3566,415355.0069068711,4568579.277287131,
2017-04-16,3567,415355.0474684158,4568596.139678856,
2017-04-16,3568,415356.35613133933,4568590.106011791,
2017-04-16,3569,415358.7435004662,4568564.59588878,
2017-04-16,3570,415361.47065283055,4568532.950848553,
2017-04-16,3571,415363.7986654666,4568508.5124298455,
2017-04-16,3572,415364.9886154084,4568504.62217139,
2017-04-16,3573,415364.9951572322,4568522.098802284,
2017-04-16,3574,415364.9994751057,4568539.615587453,
2017-04-16,3575,415365.0002159534,4568557.196957205,
2017-04-16,3576,415364.9997492998,4568574.800128849,
2017-04-16,3577,415364.9723368618,4568592.889817022,
2017-04-16,3578,415365.8792475688,4568594.109940966,
2017-04-16,3579,415368.0556093825,4568572.409636262,
2017-04-16,3580,415370.7652080973,4568541.081533934,
2017-04-16,3581,415373.2691207476,4568513.467172718,
2017-04-16,3582,415374.82842436753,4568502.908091351,
2017-04-16,3583,415374.99285114766,4568517.534048542,
2017-04-16,3584,415375.00000009383,4568534.999717608,
2017-04-16,3585,415374.9999365734,4568552.595610535,
2017-04-16,3586,415374.9979513587,4568570.22620039,
2017-04-16,3587,415374.98319700966,4568588.087341888,
2017-04-16,3588,415375.4895599418,4568596.539510172,
2017-04-16,3589,415377.4042673222,4568579.563477031,
2017-04-16,3590,415380.0456652677,4568549.466765862,
2017-04-16,3591,415382.67483081244,4568519.590915397,
2017-04-16,3592,415384.5528409907,4568503.277464373,
2017-04-16,3593,415385.0130614576,4568512.562752632,
2017-04-16,3594,415385.0019033077,4568530.358963371,
2017-04-16,3595,415385.0000564099,4568547.987055861,
2017-04-16,3596,415384.9997864201,4568565.586676674,
2017-04-16,3597,415385.0061347962,4568583.066800336,
2017-04-16,3598,415385.2003281234,4568597.155311059,
2017-04-16,3599,415386.80273395084,4568585.81800274,
2017-04-16,3600,415389.3252840072,4568557.867135984,
2017-04-16,3601,415392.02905532654,4568526.644249527,
2017-04-16,3602,415394.17512494326,4568505.4908821015,
2017-04-16,3603,415395.02952769934,4568507.6590573145,
2017-04-16,3604,415395.00086824043,4568525.771260922,
2017-04-16,3605,415394.999850494,4568543.384382772,
2017-04-16,3606,415395.00054552,4568560.966579846,
2017-04-16,3607,415395.005771247,4568578.466973374,
2017-04-16,3608,415395.02481177927,4568595.717935273,
2017-04-16,3609,415396.2642689338,4568590.933805029,
2017-04-16,3610,415398.6173239811,4568566.043235943,
2017-04-16,3611,415401.3450539551,4568534.387766747,
2017-04-16,3612,415403.7085358902,4568509.308936179,
2017-04-16,3613,415404.9688468206,4568504.148282969,
2017-04-16,3614,415404.9938619803,4568521.291370666,
2017-04-16,3615,415404.99945126224,4568538.785200071,
2017-04-16,3616,415405.000122462,4568556.367827341,
2017-04-16,3617,415404.99891019345,4568573.98446136,
2017-04-16,3618,415404.9700636544,4568592.100042771,
2017-04-16,3619,415405.802131935,4568594.671475542,
2017-04-16,3620,415407.9350448529,4568573.7556573795,
2017-04-16,3621,415410.63608636137,4568542.5820587,
2017-04-16,3622,415413.16633349523,4568514.492218243,
2017-04-16,3623,415414.7868632886,4568502.827674743,
2017-04-16,3624,415414.9944255171,4568516.674804822,
2017-04-16,3625,415415.0003142565,4568534.163227395,
2017-04-16,3626,415414.9999483389,4568551.764580217,
2017-04-16,3627,415414.9981735612,4568569.391370552,
2017-04-16,3628,415414.9885492017,4568587.159888112,
2017-04-16,3629,415415.42958262033,4568596.791605924,
2017-04-16,3630,415417.2917062896,4568580.764991944,
2017-04-16,3631,415419.9154122133,4568550.987717042,
2017-04-16,3632,415422.56177742593,4568520.801319953,
2017-04-16,3633,415424.4918789614,4568503.547339411,
2017-04-16,3634,415425.0183527174,4568511.636399016,
2017-04-16,3635,415425.0020935696,4568529.524710233,
2017-04-16,3636,415425.0000643609,4568547.156094417,
2017-04-16,3637,415425.0000793034,4568564.75057066,
2017-04-16,3638,415425.0074606643,4568582.21204339,
2017-04-16,3639,415425.1598806537,4568597.054787816,
2017-04-16,3640,415426.70056795387,4568586.83183127,
2017-04-16,3641,415429.1962911726,4568559.365333398,
2017-04-16,3642,415431.90812734404,4568527.996832933,
2017-04-16,3643,415434.09715350234,4568506.067868611,
2017-04-16,3644,415435.0264535411,4568506.883744542,
2017-04-16,3645,415434.9999437938,4568524.957134281,
2017-04-16,3646,415434.99975504685,4568542.555288219,
2017-04-16,3647,415435.00051112624,4568560.136382954,
2017-04-16,3648,415435.0044258499,4568577.66044715,
2017-04-16,3649,415435.0062857009,4568595.221612864,
2017-04-16,3650,415436.1748895126,4568591.716767016,
2017-04-16,3651,415438.4919829064,4568567.475499431,
2017-04-16,3652,415441.2186429167,4568535.839348845,
2017-04-16,3653,415443.6159465775,4568510.149853993,
2017-04-16,3654,415444.94497092324,4568503.7485536095,
2017-04-16,3655,415444.9928122775,4568520.47950557,
2017-04-16,3656,415444.99946870457,4568537.954067259,
2017-04-16,3657,415445.0000414953,4568555.538471339,
2017-04-16,3658,415444.99833574326,4568573.16401539,
2017-04-16,3659,415444.97018062935,4568591.267112856,
2017-04-16,3660,415445.72793062916,4568595.180390809,
2017-04-16,3661,415447.81574707804,4568575.078806769,
2017-04-16,3662,415450.5065838072,4568544.08945932,
2017-04-16,3663,415453.06151785096,4568515.553887198,
2017-04-16,3664,415454.7416262435,4568502.813629137,
2017-04-16,3665,415454.9969091953,4568515.799143163,
2017-04-16,3666,415455.00067930884,4568533.32581835,
2017-04-16,3667,415454.9999698789,4568550.933373421,
2017-04-16,3668,415454.9984817152,4568568.554988826,
2017-04-16,3669,415454.99381523865,4568586.233989898,
2017-04-16,3670,415455.37295096944,4568596.983294305,
2017-04-16,3671,415457.1808433536,4568581.935847062,
2017-04-16,3672,415459.785209682,4568552.507756004,
2017-04-16,3673,415462.4471269886,4568522.040559867,
2017-04-16,3674,415464.42767230765,4568503.8757973835,
2017-04-16,3675,415465.0231500239,4568510.7189639155,
2017-04-16,3676,415465.0021560161,4568528.692764848,
2017-04-16,3677,415465.00005655695,4568546.325417433,
2017-04-16,3678,415465.00029418815,4568563.91587295,
2017-04-16,3679,415465.00803271605,4568581.370896889,
2017-04-16,3680,415465.12321019784,4568596.88606914,
2017-04-16,3681,415466.6005313974,4568587.807211952,
2017-04-16,3682,415469.0677802049,4568560.854830541,
2017-04-16,3683,415471.78603365464,4568529.370463644,
2017-04-16,3684,415474.01636878063,4568506.695649997,
2017-04-16,3685,415475.0204090918,4568506.162061515,
2017-04-16,3686,415474.9987423726,4568524.148008515,
2017-04-16,3687,415474.99965903594,4568541.726203845,
2017-04-16,3688,415475.00044740754,4568559.306715532,
2017-04-16,3689,415475.00299039704,4568576.8555469215,
2017-04-16,3690,415474.9919494132,4568594.649642176,
2017-04-16,3691,415476.08807087416,4568592.453493085,
2017-04-16,3692,415478.3675550408,4568568.89127458,
2017-04-16,3693,415481.0914975136,4568537.304190179,
2017-04-16,3694,415483.52097532654,4568511.033778621,
2017-04-16,3695,415484.9170655139,4568503.421578638,
2017-04-16,3696,415484.99212784064,4568519.661045455,
2017-04-16,3697,415484.9995366415,4568537.122022746,
2017-04-16,3698,415484.9999821631,4568554.708724721,
2017-04-16,3699,415484.997993718,4568572.339372901,
2017-04-16,3700,415484.97224114963,4568590.399091481,
2017-04-16,3701,415485.65672144905,4568595.635282099,
2017-04-16,3702,415487.69779385516,4568576.377679752,
2017-04-16,3703,415490.37677823124,4568545.602331107,
2017-04-16,3704,415492.9547516112,4568516.650774895,
2017-04-16,3705,415494.6927910294,4568502.864549854,
2017-04-16,3706,415495.00042179,4568514.904904024,
2017-04-16,3707,415495.0010630191,4568532.488072426,
2017-04-16,3708,415494.9999965886,4568550.10207328,
2017-04-16,3709,415494.99884358956,4568567.717637161,
2017-04-16,3710,415494.9985484834,4568585.317711458,
2017-04-16,3711,415495.31974278705,4568597.113170643,
2017-04-16,3712,415497.07175631274,4568583.074637711,
2017-04-16,3713,415499.6551354721,4568554.025478072,
2017-04-16,3714,415502.3309572991,4568523.307230461,
2017-04-16,3715,415504.3602988281,4568504.261433616,
2017-04-16,3716,415505.0270067397,4568509.818511538,
2017-04-16,3717,415505.0020584164,4568527.863709168,
2017-04-16,3718,415505.00002839364,4568545.495108045,
2017-04-16,3719,415505.0004378985,4568563.082460317,
2017-04-16,3720,415505.00797066855,4568580.541199295,
2017-04-16,3721,415505.09039455303,4568596.64775036,
2017-04-16,3722,415506.5027020782,4568588.742740102,
2017-04-16,3723,415508.9398289007,4568562.334222729,
2017-04-16,3724,415511.66285205504,4568530.76373698,
2017-04-16,3725,415513.9328485751,4568507.372821584,
2017-04-16,3726,415515.0109477143,4568505.502072443,
2017-04-16,3727,415514.99736217427,4568523.342110645,
2017-04-16,3728,415514.99957167037,4568540.896963381,
2017-04-16,3729,415515.00036357326,4568558.477411306,
2017-04-16,3730,415515.0015846055,4568576.050111142,
2017-04-16,3731,415514.9815806358,4568594.006036559,
2017-04-16,3732,415516.0038908162,4568593.142578563,
2017-04-16,3733,415518.24411818234,4568570.289156712,
2017-04-16,3734,415520.96369554405,4568538.780886075,
2017-04-16,3735,415523.42369993543,4568511.959305387,
2017-04-16,3736,415524.88520839065,4568503.165953383,
2017-04-16,3737,415524.99192838697,4568518.833828784,
2017-04-16,3738,415524.9996642821,4568536.288900258,
2017-04-16,3739,415524.99994829594,4568553.878518318,
2017-04-16,3740,415524.99785188603,4568571.511115844,
2017-04-16,3741,415524.97579857823,4568589.5040428545,
2017-04-16,3742,415525.5885821924,4568596.034744737,
2017-04-16,3743,415527.58126298204,4568577.650871663,
2017-04-16,3744,415530.2467474312,4568547.119269398,
2017-04-16,3745,415532.8461125738,4568517.781476674,
2017-04-16,3746,415534.6404354441,4568502.979032226,
2017-04-16,3747,415535.00495589,4568513.992221218,
2017-04-16,3748,415535.00143315614,4568531.650571578,
2017-04-16,3749,415535.0000238637,4568549.270762932,
2017-04-16,3750,415534.9992269526,4568566.879897514,
2017-04-16,3751,415535.00232811796,4568584.418650817,
2017-04-16,3752,415535.27003587113,4568597.179830272,
2017-04-16,3753,415536.9645229644,4568584.179959232,
2017-04-16,3754,415539.5252673808,4568555.539478592,
2017-04-16,3755,415542.2133461548,4568524.599927087,
2017-04-16,3756,415544.28983632015,4568504.702843452,
2017-04-16,3757,415545.0294762278,4568508.9431060925,
2017-04-16,3758,415545.0017685381,4568527.038125143,
2017-04-16,3759,415544.99997541774,4568544.665246661,
2017-04-16,3760,415545.00051964395,4568562.25016649,
2017-04-16,3761,415545.0073942389,4568579.720789067,
2017-04-16,3762,415545.06151151727,4568596.338426806,
2017-04-16,3763,415546.4071577943,4568589.637011053,
2017-04-16,3764,415548.8125150582,4568563.802105295,
2017-04-16,3765,415551.53866034345,4568532.175248264,
2017-04-16,3766,415553.84667068406,4568508.097978698,
2017-04-16,3767,415554.9976231146,4568504.911835333,
2017-04-16,3768,415554.9959229155,4568522.537279131,
2017-04-16,3769,415554.99950215884,4568540.067400551,
2017-04-16,3770,415555.0002688325,4568557.648304005,
2017-04-16,3771,415555.00032819243,4568575.2419782765,
2017-04-16,3772,415554.9747384669,4568593.298756667,
2017-04-16,3773,415555.92242713686,4568593.782618782,
2017-04-16,3774,415558.1217501287,4568571.667741164,
2017-04-16,3775,415560.8353148055,4568540.268031866,
2017-04-16,3776,415563.3241982016,4568512.925029624,
2017-04-16,3777,415564.84947735106,4568502.980273174,
2017-04-16,3778,415564.99233363365,4568517.995694011,
2017-04-16,3779,415564.9998608354,4568535.454533525,
2017-04-16,3780,415564.99993591907,4568553.047923904,
2017-04-16,3781,415564.9978780161,4568570.679826176,
2017-04-16,3782,415564.9804062777,4568588.590031182,
2017-04-16,3783,415565.5235906568,4568596.377374053,
2017-04-16,3784,415567.4662322565,4568578.89697783,
2017-04-16,3785,415570.1165692048,4568548.63886952,
2017-04-16,3786,415572.7356785363,4568518.94458786,
2017-04-16,3787,415574.5846372852,4568503.155671584,
2017-04-16,3788,415575.01013246283,4568513.0679383185,
2017-04-16,3789,415575.00175748783,4568530.813897755,
2017-04-16,3790,415575.00004709983,4568548.43952551,
2017-04-16,3791,415574.99959957215,4568566.042351833,
2017-04-16,3792,415575.0050534039,4568583.538626841,
2017-04-16,3793,415575.22390801925,4568597.181868515,
2017-04-16,3794,415576.8592211067,4568585.250406941,
2017-04-16,3795,415579.3956832068,4568557.048352875,
2017-04-16,3796,415582.0943713538,4568525.917245052,
2017-04-16,3797,415584.216362582,4568505.198622206,
2017-04-16,3798,415585.0301118512,4568508.100811784,
2017-04-16,3799,415585.0012541501,4568526.216594731,
2017-04-16,3800,415584.9998989353,4568543.835809696,
2017-04-16,3801,415585.000548633,4568561.418825193,
2017-04-16,3802,415585.0064231444,4568578.907504667,
2017-04-16,3803,415585.03663888865,4568595.956693808,
2017-04-16,3804,415586.3139763442,4568590.488620141,
2017-04-16,3805,415588.6859164762,4568565.257073575,
2017-04-16,3806,415591.4135363188,4568533.603592844,
2017-04-16,3807,415593.7579129066,4568508.869716685,
2017-04-16,3808,415594.9801232732,4568504.39698383,
2017-04-16,3809,415594.9945443138,4568521.731352429,
2017-04-16,3810,415594.99945971067,4568539.237349085,
2017-04-16,3811,415595.00017239375,4568556.8192273555,
2017-04-16,3812,415594.9993321285,4568574.429144709,
2017-04-16,3813,415594.9709762694,4568592.535866709,
2017-04-16,3814,415595.8437576336,4568594.37220907,
2017-04-16,3815,415598.00052867737,4568573.025623257,
2017-04-16,3816,415600.7064330958,4568541.764222877,
2017-04-16,3817,415603.2225479231,4568513.929546661,
2017-04-16,3818,415604.8099501934,4568502.863133344,
2017-04-16,3819,415604.9934632981,4568517.1444796035,
2017-04-16,3820,415605.000134856,4568534.618768094,
2017-04-16,3821,415604.9999404276,4568552.217024613,
2017-04-16,3822,415604.99803987605,4568569.846085842,
2017-04-16,3823,415604.9856176105,4568587.665120671,
2017-04-16,3824,415605.4618246407,4568596.66176538,
2017-04-16,3825,415607.3527794766,4568580.114593582,
2017-04-16,3826,415609.98632135085,4568550.159726805,
2017-04-16,3827,415612.62352729775,4568520.138703786,
2017-04-16,3828,415614.52547435137,4568503.393063258,
2017-04-16,3829,415615.01550487085,4568512.140119533,
2017-04-16,3830,415615.00200378307,4568529.978632914,
2017-04-16,3831,415615.00006169226,4568547.608444155,
2017-04-16,3832,415614.9999292175,4568565.205582075,
2017-04-16,3833,415615.0068399817,4568582.6755516045,
2017-04-16,3834,415615.1814370294,4568597.117880707,
2017-04-16,3835,415616.7559285374,4568586.284576177,
2017-04-16,3836,415619.26646074775,4568558.550696262,
2017-04-16,3837,415621.9741106943,4568527.257779696,
2017-04-16,3838,415624.13995541143,4568505.747365215,
2017-04-16,3839,415625.0284669723,4568507.299692822,
2017-04-16,3840,415625.0004830208,4568525.399699883,
2017-04-16,3841,415624.9998076665,4568543.006639703,
2017-04-16,3842,415625.000534075,4568560.588270158,
2017-04-16,3843,415625.00517710234,4568578.099184553,
2017-04-16,3844,415625.0158544652,4568595.501146697,
2017-04-16,3845,415626.2232355252,4568591.29616269,
2017-04-16,3846,415628.5601109515,4568566.697722891,
2017-04-16,3847,415631.28755777795,4568535.047366036,
2017-04-16,3848,415633.6666530389,4568509.686630859,
2017-04-16,3849,415634.9584737684,4568503.957056094,
2017-04-16,3850,415634.9933460863,4568520.922169003,
2017-04-16,3851,415634.99945353455,4568538.406642709,
2017-04-16,3852,415635.0000834661,4568555.990015091,
2017-04-16,3853,415634.99861760065,4568573.611227905,
2017-04-16,3854,415634.9698475274,4568591.725428892,
2017-04-16,3855,415635.7679571561,4568594.909993174,
2017-04-16,3856,415637.8805217086,4568574.361561174,
2017-04-16,3857,415640.5771121328,4568543.268318452,
2017-04-16,3858,415643.11881020764,4568514.971725848,
2017-04-16,3859,415644.76669771184,4568502.8132442,
2017-04-16,3860,415644.995433259,4568516.278087024,
2017-04-16,3861,415645.00051193766,4568533.7812004015,
2017-04-16,3862,415645.0008286052,4568551.371597894,
2017-04-16,3863,415645.00788713794,4568568.8531694645,
2017-04-16,3864,415645.04383709276,4568585.870498022,
2017-04-16,3865,415646.59525327035,4568578.545981316,
2017-04-16,3866,415649.38034545653,4568551.405858649,
2017-04-16,3867,415652.37242343114,4568520.941085196,
2017-04-16,3868,415654.54479697393,4568503.642616129,
2017-04-16,3869,415655.0072913265,4568513.808660791,
2017-04-16,3870,415655.0019187369,4568531.489702724,
2017-04-16,3871,415655.0007730213,4568549.102851537,
2017-04-16,3872,415655.0032855912,4568566.65724003,
2017-04-16,3873,415654.98653190443,4568584.521088107,
2017-04-16,3874,415656.30409148976,4568580.952852489,
2017-04-16,3875,415658.9877117992,4568555.44259742,
2017-04-16,3876,415662.0107680502,4568524.480234767,
2017-04-16,3877,415664.3465709471,4568504.556712627,
2017-04-16,3878,415665.0250377207,4568511.253750476,
2017-04-16,3879,415665.0026939966,4568529.207387174,
2017-04-16,3880,415665.00040310796,4568546.838930056,
2017-04-16,3881,415664.9991968411,4568564.453051464,
2017-04-16,3882,415664.9641746881,4568582.610332353,
2017-04-16,3883,415666.0356639937,4568582.994540991,
2017-04-16,3884,415668.60072515,4568559.388613599,
2017-04-16,3885,415671.637673388,4568528.203114275,
2017-04-16,3886,415674.1198194118,4568505.928991111,
2017-04-16,3887,415675.0366720332,4568508.797014032,
2017-04-16,3888,415675.00215870916,4568526.946121976,
2017-04-16,3889,415674.9999041859,4568544.577080745,
2017-04-16,3890,415674.9974373421,4568562.211449872,
2017-04-16,3891,415674.966248822,4568580.307153954,
2017-04-16,3892,415675.7921774034,4568584.635622243,
2017-04-16,3893,415678.22159214894,4568563.208482464,
2017-04-16,3894,415681.25534511614,4568532.074306402,
2017-04-16,3895,415683.8667470091,4568507.724042153,
2017-04-16,3896,415685.03092783695,4568506.619415667,
2017-04-16,3897,415684.99952077447,4568524.71863004,
2017-04-16,3898,415684.9994349371,4568542.314754822,
2017-04-16,3899,415684.9974850701,4568559.940820126,
2017-04-16,3900,415684.98148788366,4568577.792517098,
2017-04-16,3901,415685.5758361114,4568585.840688711,
2017-04-16,3902,415687.8525171886,4568566.866796481,
2017-04-16,3903,415690.86598762724,4568536.058403617,
2017-04-16,3904,415693.58955813164,4568509.906458217,
2017-04-16,3905,415694.99653940636,4568504.901908378,
2017-04-16,3906,415694.9948922688,4568522.5231111655,
2017-04-16,3907,415694.99915404327,4568540.049403488,
2017-04-16,3908,415694.99854661524,4568557.653906192,
2017-04-16,3909,415694.9986254502,4568575.247385962,
2017-04-16,3910,415695.3888445109,4568586.574332873,
2017-04-16,3911,415697.49570466194,4568570.328148128,
2017-04-16,3912,415700.47180531465,4568540.119998401,
2017-04-16,3913,415703.2904571732,4568512.440831787,
2017-04-16,3914,415704.9249709418,4568503.781596379,
2017-04-16,3915,415704.9908663494,4568520.317913398,
2017-04-16,3916,415704.99922018655,4568537.778477955,
2017-04-16,3917,415704.99982856744,4568555.363452021,
2017-04-16,3918,415705.00813456805,4568572.824784938,
2017-04-16,3919,415705.2334069949,4568586.801147193,
2017-04-16,3920,415707.1533589624,4568573.557129871,
2017-04-16,3921,415710.0750025714,4568544.223683215,
2017-04-16,3922,415712.9716485264,4568515.291755322,
2017-04-16,3923,415714.8166075314,4568503.252294287,
2017-04-16,3924,415714.9904579745,4568518.054609701,
2017-04-16,3925,415714.9997920489,4568535.49942943,
2017-04-16,3926,415715.0006319356,4568553.0806849925,
2017-04-16,3927,415715.0098754784,4568570.526958867,
2017-04-16,3928,415715.1117279568,4568586.4857241465,
2017-04-16,3929,415716.82768448285,4568576.51833418,
2017-04-16,3930,415719.6777837905,4568548.334050532,
2017-04-16,3931,415722.6353365841,4568518.423821297,
2017-04-16,3932,415724.6736535679,4568503.278594568,
2017-04-16,3933,415724.99668210186,4568515.684773037,
2017-04-16,3934,415725.0009525902,4568533.210925393,
2017-04-16,3935,415725.00087032496,4568550.806992799,
2017-04-16,3936,415725.00686081115,4568568.305518104,
2017-04-16,3937,415725.02601178916,4568585.592656198,
2017-04-16,3938,415726.52088561637,4568579.176353527,
2017-04-16,3939,415729.28235336515,4568552.415692822,
2017-04-16,3940,415732.2837257399,4568521.80162218,
2017-04-16,3941,415734.4983134449,4568503.825089698,
2017-04-16,3942,415735.0116586009,4568513.174353525,
2017-04-16,3943,415735.0021905502,4568530.921177836,
2017-04-16,3944,415735.0007017806,4568548.539836879,
2017-04-16,3945,415735.0021055249,4568566.1120356135,
2017-04-16,3946,415734.9780794135,4568584.092695249,
2017-04-16,3947,415736.2351667559,4568581.495780381,
2017-04-16,3948,415738.8909156883,4568556.433202557,
2017-04-16,3949,415741.9190203866,4568525.389750445,
2017-04-16,3950,415744.29279155505,4568504.856372142,
2017-04-16,3951,415745.0289379939,4568510.62694434,
2017-04-16,3952,415745.0027141755,4568528.642904107,
2017-04-16,3953,415745.0002849844,4568546.276668438,
2017-04-16,3954,415744.9985475057,4568563.899322314,
2017-04-16,3955,415744.9628465539,4568582.067506242,
2017-04-16,3956,415745.97273229493,4568583.441207218,
2017-04-16,3957,415748.5056751532,4568560.351172209,
2017-04-16,3958,415751.5434249174,4568529.152798562,
2017-04-16,3959,415754.05929229164,4568506.3370343745,
2017-04-16,3960,415755.03730510874,4568508.222686462,
2017-04-16,3961,415755.0017300562,4568526.388848167,
2017-04-16,3962,415754.99977861915,4568544.014938691,
2017-04-16,3963,415754.9973112729,4568561.64931588,
2017-04-16,3964,415754.9692448526,4568579.694872001,
2017-04-16,3965,415755.73578662594,4568584.9772264995,
2017-04-16,3966,415758.12883615214,4568564.13419424,
2017-04-16,3967,415761.1591437244,4568533.055358995,
2017-04-16,3968,415763.80002004706,4568508.23166886,
2017-04-16,3969,415765.0254935228,4568506.142544078,
2017-04-16,3970,415764.9984784935,4568524.1712124795,
2017-04-16,3971,415764.9993413662,4568541.752098839,
2017-04-16,3972,415764.9976850707,4568559.373448721,
2017-04-16,3973,415764.9860078861,4568577.155756707,
2017-04-16,3974,415765.52653414226,4568586.068430703,
2017-04-16,3975,415767.7626030795,4568567.746861135,
2017-04-16,3976,415770.7683812026,4568537.062024229,
2017-04-16,3977,415773.5171792158,4568510.504868082,
2017-04-16,3978,415774.9823078233,4568504.566340788,
2017-04-16,3979,415774.99371820554,4568521.97781033,
2017-04-16,3980,415774.9991319076,4568539.485600092,
2017-04-16,3981,415774.9988754887,4568557.084464793,
2017-04-16,3982,415775.0018771513,4568574.630997358,
2017-04-16,3983,415775.3471792369,4568586.679412299,
2017-04-16,3984,415777.4091803271,4568571.153765352,
2017-04-16,3985,415780.37334174314,4568541.137386722,
2017-04-16,3986,415783.2129741894,4568513.121224498,
2017-04-16,3987,415784.90138837026,4568503.596226782,
2017-04-16,3988,415784.99030985107,4568519.762693074,
2017-04-16,3989,415784.99930892535,4568537.212893663,
2017-04-16,3990,415785.00008923176,4568554.79510622,
2017-04-16,3991,415785.0091757326,4568572.243902542,
2017-04-16,3992,415785.199926303,4568586.7747637555,
2017-04-16,3993,415787.0707722885,4568574.319499371,
2017-04-16,3994,415789.97622973996,4568545.246038949,
2017-04-16,3995,415792.8896093617,4568516.045330586,
2017-04-16,3996,415794.78422185784,4568503.208322377,
2017-04-16,3997,415794.99126838794,4568517.477433683,
2017-04-16,3998,415795.0000310974,4568534.931430827,
2017-04-16,3999,415795.0007378383,4568552.514825011,
2017-04-16,4000,415795.00945312565,4568569.969583862,
2017-04-16,4001,415795.08697973343,4568586.319077543,
2017-04-16,4002,415796.7495833568,4568577.2086556535,
2017-04-16,4003,415799.57924958615,4568549.352573379,
2017-04-16,4004,415802.5492891256,4568519.241778812,
2017-04-16,4005,415804.6330126795,4568503.36722005,
2017-04-16,4006,415804.9996087748,4568515.073605118,
2017-04-16,4007,415805.00128372817,4568532.641447627,
2017-04-16,4008,415805.00086026866,4568550.242995383,
2017-04-16,4009,415805.0057242884,4568567.759614282,
2017-04-16,4010,415805.0105439213,4568585.276946133,
2017-04-16,4011,415806.4478179247,4568579.785826674,
2017-04-16,4012,415809.1846056742,4568553.421582481,
2017-04-16,4013,415812.1942178738,4568522.675161647,
2017-04-16,4014,415814.4499652281,4568504.03751227,
2017-04-16,4015,415815.0161713037,4568512.537710388,
2017-04-16,4016,415815.00241823756,4568530.353361721,
2017-04-16,4017,415815.00061520445,4568547.977068541,
2017-04-16,4018,415815.00100417936,4568565.565566768,
2017-04-16,4019,415814.97165912803,4568583.631660588,
2017-04-16,4020,415816.1676803861,4568582.0156049095,
2017-04-16,4021,415818.794502398,4568557.417658735,
2017-04-16,4022,415821.8266000003,4568526.310071569,
2017-04-16,4023,415824.2372838971,4568505.183791509,
2017-04-16,4024,415825.0322877226,4568510.008981189,
2017-04-16,4025,415825.00264121563,4568528.079917068,
2017-04-16,4026,415825.0001613283,4568545.714495698,
2017-04-16,4027,415824.9980466396,4568563.343208407,
2017-04-16,4028,415824.9628546565,4568581.503217154,
2017-04-16,4029,415825.91137513286,4568583.8625828205,
2017-04-16,4030,415828.41114414966,4568561.305394598,
2017-04-16,4031,415831.44863989693,4568530.111101037,
2017-04-16,4032,415833.99717307877,4568506.770650232,
2017-04-16,4033,415835.0366916714,4568507.6683807075,
2017-04-16,4034,415835.0011592522,4568525.833857621,
2017-04-16,4035,415834.9996573218,4568543.452728056,
2017-04-16,4036,415834.9972846614,4568561.085584379,
2017-04-16,4037,415834.9728811507,4568579.072305894,
2017-04-16,4038,415835.681106559,4568585.291352883,
2017-04-16,4039,415838.0367353234,4568565.0493825525,
2017-04-16,4040,415841.062541958,4568534.042842533,
2017-04-16,4041,415843.73183716706,4568508.76268092,
2017-04-16,4042,415845.0181167271,4568505.6968731275,
2017-04-16,4043,415844.9973334815,4568523.625445015,
2017-04-16,4044,415844.99926186696,4568541.189216831,
2017-04-16,4045,415844.99793551693,4568558.805267044,
2017-04-16,4046,415844.99047218816,4568576.519890995,
2017-04-16,4047,415845.4790790571,4568586.266507566,
2017-04-16,4048,415847.6734803111,4568568.614215064,
2017-04-16,4049,415850.67051057535,4568538.06988852,
2017-04-16,4050,415853.44348055404,4568511.124476031,
2017-04-16,4051,415854.96570095175,4568504.268925695,
2017-04-16,4052,415854.99262765626,4568521.431168068,
2017-04-16,4053,415854.9991336459,4568538.921413226,
2017-04-16,4054,415854.99920579634,4568556.515000367,
2017-04-16,4055,415855.00451121037,4568574.024529478,
2017-04-16,4056,415855.3074970205,4568586.752639344,
2017-04-16,4057,415857.32358350663,4568571.964484604,
2017-04-16,4058,415860.2747501429,4568542.156831472,
2017-04-16,4059,415863.13430763385,4568513.820628048,
2017-04-16,4060,415864.8755666835,4568503.446822422,
2017-04-16,4061,415864.99002311163,4568519.203139813,
2017-04-16,4062,415864.9994313408,4568536.646768453,
2017-04-16,4063,415865.0003082265,4568554.227429722,
2017-04-16,4064,415865.0097831722,4568571.669986745,
2017-04-16,4065,415865.16856484197,4568586.714340679,
2017-04-16,4066,415866.98924930266,4568575.064783638,
2017-04-16,4067,415869.8774650535,4568546.268263858,
2017-04-16,4068,415872.80652279884,4568516.815729431,
2017-04-16,4069,415874.749733243,4568503.198128455,
2017-04-16,4070,415874.99253480573,4568516.892933209,
2017-04-16,4071,415875.00031020434,4568534.362788795,
2017-04-16,4072,415875.0008112372,4568551.949487116,
2017-04-16,4073,415875.00878329313,4568569.416183939,
2017-04-16,4074,415875.0644869146,4568586.116204049,
2017-04-16,4075,415876.67268209194,4568577.879704641,
2017-04-16,4076,415879.48085969966,4568550.368778144,
2017-04-16,4077,415882.46233044204,4568520.074372654,
2017-04-16,4078,415884.59040502313,4568503.487436265,
2017-04-16,4079,415885.00315273576,4568514.452522157,
2017-04-16,4080,415885.0016075694,4568532.072087063,
2017-04-16,4081,415885.0008275106,4568549.679362602,
2017-04-16,4082,415885.004526531,4568567.214694026,
2017-04-16,4083,415884.9974673175,4568584.922826973,
2017-04-16,4084,415886.3760862683,4568580.373840089,
2017-04-16,4085,415889.0871384754,4568554.422966814,
2017-04-16,4086,415892.1039349569,4568523.561150193,
2017-04-16,4087,415894.39978641726,4568504.279338324,
2017-04-16,4088,415895.02065645234,4568511.901509829,
2017-04-16,4089,415895.00258961617,4568529.786450048,
2017-04-16,4090,415895.00051572936,4568547.414507393,
2017-04-16,4091,415895.00002784416,4568565.017089966,
2017-04-16,4092,415894.9670980694,4568583.140762541,
2017-04-16,4093,415896.10166622413,4568582.511782443,
2017-04-16,4094,415898.6985057726,4568558.3954223255,
2017-04-16,4095,415901.7335407358,4568527.240654513,
2017-04-16,4096,415904.1800818178,4568505.538427101,
2017-04-16,4097,415905.0349139289,4568509.402639444,
2017-04-16,4098,415905.00246293505,4568527.518621709,
2017-04-16,4099,415905.00003457494,4568545.152372692,
2017-04-16,4100,415904.99768206145,4568562.784905412,
2017-04-16,4101,415904.96402601735,4568580.920243508,
2017-04-16,4102,415905.85162635316,4568584.258124181,
2017-04-16,4103,415908.3171659856,4568562.250737156,
2017-04-16,4104,415911.3533521728,4568531.077478087,
2017-04-16,4105,415913.93349561887,4568507.2292950675,
2017-04-16,4106,415915.0346587427,4568507.136875186,
2017-04-16,4107,415915.00043411594,4568525.281346004,
2017-04-16,4108,415914.9995427299,4568542.8904097155,
2017-04-16,4109,415914.9973453259,4568560.520451025,
2017-04-16,4110,415914.97698473884,4568578.442234061,
2017-04-16,4111,415915.62817104766,4568585.577457766,
2017-04-16,4112,415917.94532350654,4568565.95350377,
2017-04-16,4113,415920.96557366,4568535.036213379,
2017-04-16,4114,415923.6622322124,4568509.316534691,
2017-04-16,4115,415925.0086244714,4568505.285181238,
2017-04-16,4116,415924.99613202806,4568523.080584122,
2017-04-16,4117,415924.9991988756,4568540.626069665,
2017-04-16,4118,415924.9982242274,4568558.236470762,
2017-04-16,4119,415924.9947078112,4568575.887698379,
2017-04-16,4120,415925.43350470124,4568586.434375676,
2017-04-16,4121,415927.58518272906,4568569.468314647,
2017-04-16,4122,415930.5724095914,4568539.081452873,
2017-04-16,4123,415933.3684959925,4568511.764738447,
2017-04-16,4124,415934.94675263675,4568504.00911947,
2017-04-16,4125,415934.9916669107,4568520.882440866,
2017-04-16,4126,415934.99916169466,4568538.356803755,
2017-04-16,4127,415934.9995253558,4568555.945708571,
2017-04-16,4128,415935.0065715894,4568573.427276195,
2017-04-16,4129,415935.26983170665,4568586.793470377,
2017-04-16,4130,415937.2389480456,4568572.759762248,
2017-04-16,4131,415940.176064359,4568543.177789025,
2017-04-16,4132,415943.05449135153,4568514.538498804,
2017-04-16,4133,415944.84753972694,4568503.332839679,
2017-04-16,4134,415944.9900524212,4568518.638510088,
2017-04-16,4135,415944.9995898687,4568536.080063188,
2017-04-16,4136,415945.0004873517,4568553.660393626,
2017-04-16,4137,415945.01000318275,4568571.102293985,
2017-04-16,4138,415945.1393565346,4568586.6193337515,
2017-04-16,4139,415946.90882481314,4568575.792431674,
2017-04-16,4140,415949.778744397,4568547.289798696,
2017-04-16,4141,415952.72242506576,4568517.602389987,
2017-04-16,4142,415954.71317659924,4568503.22116072,
2017-04-16,4143,415954.99430412904,4568516.300360079,
2017-04-16,4144,415955.00061326317,4568533.793715113,
2017-04-16,4145,415955.0007173501,4568551.385682548,
2017-04-16,4146,415955.0063986698,4568568.877601856,
2017-04-16,4147,415955.0358085327,4568585.9413168775,
2017-04-16,4148,415956.31063091074,4568580.518675732,
2017-04-16,4149,415958.6813199187,4568555.3097215295,
2017-04-16,4150,415961.4089573356,4568523.65591511,
2017-04-16,4151,415963.7546249402,4568498.898717316,
2017-04-16,4152,415964.97940451145,4568494.379588984,
2017-04-16,4153,415964.99449662684,4568511.701840965,
2017-04-16,4154,415964.99945879256,4568529.206993166,
2017-04-16,4155,415965.0001689548,4568546.788916948,
2017-04-16,4156,415964.9993012336,4568564.39933003,
2017-04-16,4157,415964.97089134454,4568582.507027555,
2017-04-16,4158,415965.8409356269,4568584.392788997,
2017-04-16,4159,415967.9961198679,4568563.074853524,
2017-04-16,4160,415970.70171303116,4568531.819072975,
2017-04-16,4161,415973.21879215096,4568503.9669860825,
2017-04-16,4162,415974.80843426136,4568492.860131582,
2017-04-16,4163,415974.99351986084,4568507.113085836,
2017-04-16,4164,415975.00014632556,4568524.588188503,
2017-04-16,4165,415974.99994085304,4568542.1866444275,
2017-04-16,4166,415974.99804795027,4568559.815567556,
2017-04-16,4167,415974.98581381555,4568577.631205615,
2017-04-16,4168,415975.45962875284,4568586.671040478,
2017-04-16,4169,415977.3486628409,4568570.158548517,
2017-04-16,4170,415979.9815595153,4568540.215331073,
2017-04-16,4171,415982.61939581006,4568510.182926878,
2017-04-16,4172,415984.5232487595,4568493.402874669,
2017-04-16,4173,415985.0156992377,4568502.106237665,
2017-04-16,4174,415985.002010894,4568519.948132024,
2017-04-16,4175,415985.0000620026,4568537.578066045,
2017-04-16,4176,415984.99994003965,4568555.175014175,
2017-04-16,4177,415985.0068890485,4568572.6442931825,
2017-04-16,4178,415985.1799546893,4568587.114272426,
2017-04-16,4179,415986.7521915048,4568576.321677234,
2017-04-16,4180,415989.26174457045,4568548.605476149,
2017-04-16,4181,415991.9696909203,4568517.3072079085,
2017-04-16,4182,415994.1371075886,4568495.768411247,
2017-04-16,4183,415995.02835788677,4568497.271289901,
2017-04-16,4184,415995.0004495512,4568515.369931686,
2017-04-16,4185,415994.99980416836,4568532.976330362,
2017-04-16,4186,415995.00053283613,4568550.557920022,
2017-04-16,4187,415995.00512788084,4568568.069700766,
2017-04-16,4188,415995.015173101,4568585.483076485,
2017-04-16,4189,415996.2199655243,4568581.324831316,
2017-04-16,4190,415998.5555278612,4568556.750099848,
2017-04-16,4191,416001.28293714614,4568525.100420818,
2017-04-16,4192,416003.6632704133,4568499.717332958,
2017-04-16,4193,416004.9576046971,4568493.942375006,
2017-04-16,4194,416004.99330723955,4568510.892497893,
2017-04-16,4195,416004.9994541147,4568528.376259735,
2017-04-16,4196,416005.0000804765,4568545.9596965695,
2017-04-16,4197,416004.99859640596,4568563.581238073,
2017-04-16,4198,416004.9698502865,4568581.695006373,
2017-04-16,4199,416005.7652445635,4568584.928602407,
2017-04-16,4200,416007.87616905186,4568564.409793812,
2017-04-16,4201,416010.572394152,4568533.323157248,
2017-04-16,4202,416013.1149968982,4568505.010231446,
2017-04-16,4203,416014.765054325,4568492.812555147,
2017-04-16,4204,416014.9955267877,4568506.246032117,
2017-04-16,4205,416015.0004895616,4568523.75117336,
2017-04-16,4206,416014.99995800474,4568541.355516868,
2017-04-16,4207,416014.998316482,4568558.979901226,
2017-04-16,4208,416014.991179422,4568576.703509635,
2017-04-16,4209,416015.4012882881,4568586.893582152,
2017-04-16,4210,416017.23692780785,4568571.345149685,
2017-04-16,4211,416019.85132160364,4568541.736008843,
2017-04-16,4212,416022.5055467094,4568511.407698358,
2017-04-16,4213,416024.46068015904,4568493.701756967,
2017-04-16,4214,416025.020803213,4568501.183265536,
2017-04-16,4215,416025.00214227923,4568519.114941924,
2017-04-16,4216,416025.0000627753,4568536.747234211,
2017-04-16,4217,416025.00019453245,4568554.339601322,
2017-04-16,4218,416025.00782896334,4568571.796504774,
2017-04-16,4219,416025.14135636267,4568586.980362191,
2017-04-16,4220,416026.6510637941,4568577.316759109,
2017-04-16,4221,416029.1329791652,4568550.099567245,
2017-04-16,4222,416031.8481795101,4568518.670325332,
2017-04-16,4223,416034.05774186284,4568496.370572105,
2017-04-16,4224,416035.02387770906,4568496.521363346,
2017-04-16,4225,416034.99938237295,4568514.558382113,
2017-04-16,4226,416034.999707293,4568532.147261601,
2017-04-16,4227,416035.0004828592,4568549.728004489,
2017-04-16,4228,416035.0037232015,4568567.264244903,
2017-04-16,4229,416034.99870839104,4568584.949535279,
2017-04-16,4230,416036.1318366757,4568582.085213734,
2017-04-16,4231,416038.4306265024,4568558.174424104,
2017-04-16,4232,416041.1561549667,4568526.558704017,
2017-04-16,4233,416043.56949910254,4568500.579592209,
2017-04-16,4234,416044.93173594435,4568493.578627417,
2017-04-16,4235,416044.992422342,4568510.077657168,
2017-04-16,4236,416044.9994952573,4568527.544699008,
2017-04-16,4237,416045.0000090555,4568545.130168219,
2017-04-16,4238,416044.9981403724,4568562.758654055,
2017-04-16,4239,416044.97097959777,4568580.843798343,
2017-04-16,4240,416045.69250611664,4568585.411105197,
2017-04-16,4241,416047.75752327876,4568565.721171056,
2017-04-16,4242,416050.4427327426,4568534.833426053,
2017-04-16,4243,416053.00921154185,4568506.089408921,
2017-04-16,4244,416054.71803671087,4568492.830658397,
2017-04-16,4245,416054.99850194267,4568505.361496658,
2017-04-16,4246,416055.0008678244,4568522.913525792,
2017-04-16,4247,416054.99998266436,4568540.524253742,
2017-04-16,4248,416054.9986551025,4568558.142969416,
2017-04-16,4249,416054.99623906,4568575.781338037,
2017-04-16,4250,416055.3463317825,4568587.055025142,
2017-04-16,4251,416057.1269291607,4568572.50039975,
2017-04-16,4252,416059.72117250395,4568543.255083087,
2017-04-16,4253,416062.3901388466,4568512.660613889,
2017-04-16,4254,416064.3949052228,4568494.0585308885,
2017-04-16,4255,416065.02519342175,4568500.273180743,
2017-04-16,4256,416065.0021299866,4568518.284345988,
2017-04-16,4257,416065.0000455268,4568535.916727749,
2017-04-16,4258,416065.00037323777,4568553.505556844,
2017-04-16,4259,416065.00807398057,4568570.961263002,
2017-04-16,4260,416065.1065733379,4568586.777565213,
2017-04-16,4261,416066.55210381193,4568578.272701822,
2017-04-16,4262,416069.0047339148,4568551.584266754,
2017-04-16,4263,416071.725540681,4568520.0537987435,
2017-04-16,4264,416073.9756011445,4568497.022836526,
2017-04-16,4265,416075.016207427,4568495.8290353585,
2017-04-16,4266,416074.99807800533,4568513.751115089,
2017-04-16,4267,416074.99961438595,4568531.318121183,
2017-04-16,4268,416075.00040808995,4568548.8985365955,
2017-04-16,4269,416075.00228738564,4568566.459351228,
2017-04-16,4270,416074.98637762544,4568584.341354118,
2017-04-16,4271,416076.0463068978,4568582.798668923,
2017-04-16,4272,416078.3066766404,4568559.581568705,
2017-04-16,4273,416081.02867671015,4568528.02955514,
2017-04-16,4274,416083.4733841413,4568501.484166961,
2017-04-16,4275,416084.9018759679,4568493.286942904,
2017-04-16,4276,416084.9919616299,4568509.2551576225,
2017-04-16,4277,416084.9995914265,4568526.712144744,
2017-04-16,4278,416084.9999625205,4568544.300190538,
2017-04-16,4279,416084.9979009005,4568561.93215992,
2017-04-16,4280,416084.9738326406,4568579.96146767,
2017-04-16,4281,416085.6227980836,4568585.838892693,
2017-04-16,4282,416087.64026034606,4568567.007580585,
2017-04-16,4283,416090.31280659925,4568536.348474719,
2017-04-16,4284,416092.9015138779,4568507.203113833,
2017-04-16,4285,416094.66745921585,4568492.913036664,
2017-04-16,4286,416095.0025449141,4568504.457681369,
2017-04-16,4287,416095.0012488826,4568522.075827759,
2017-04-16,4288,416095.0000102277,4568539.692938186,
2017-04-16,4289,416094.99903158034,4568557.305354078,
2017-04-16,4290,416095.00054635847,4568574.87275022,
2017-04-16,4291,416095.2948370337,4568587.153964779,
2017-04-16,4292,416097.018744696,4568573.622894033,
2017-04-16,4293,416099.59119001316,4568544.771149124,
2017-04-16,4294,416102.2732500194,4568513.9402687885,
2017-04-16,4295,416104.3260017488,4568494.471791761,
2017-04-16,4296,416105.0284232264,4568499.3840474915,
2017-04-16,4297,416105.0019417844,4568517.456926164,
2017-04-16,4298,416105.00000565295,4568535.086629802,
2017-04-16,4299,416105.000485301,4568552.672715612,
2017-04-16,4300,416105.0077438181,4568570.136406335,
2017-04-16,4301,416105.07568341313,4568586.504476819,
2017-04-16,4302,416106.4553893557,4568579.188100694,
2017-04-16,4303,416108.8770866168,4568553.058169998,
2017-04-16,4304,416111.60185223067,4568521.456223467,
2017-04-16,4305,416113.89076323144,4568497.723799839,
2017-04-16,4306,416115.00490040344,4568495.20237014,
2017-04-16,4307,416114.99665377935,4568512.946012154,
2017-04-16,4308,416114.99953465647,4568530.488742845,
2017-04-16,4309,416115.0003177369,4568548.069350064,
2017-04-16,4310,416115.00094015006,4568565.652858199,
2017-04-16,4311,416114.977800292,4568583.665403289,
2017-04-16,4312,416115.96345398924,4568583.46379221,
2017-04-16,4313,416118.1837560741,4568560.970128984,
2017-04-16,4314,416120.90058017586,4568529.511569517,
2017-04-16,4315,416123.3750033282,4568502.429652543,
2017-04-16,4316,416124.868102566,4568493.065916799,
2017-04-16,4317,416124.99204481987,4568508.42283771,
2017-04-16,4318,416124.9997518319,4568525.878430677,
2017-04-16,4319,416124.9999398053,4568543.469782786,
2017-04-16,4320,416124.9978457592,4568561.102337631,
2017-04-16,4321,416124.97796277795,4568579.056078561,
2017-04-16,4322,416125.55619826226,4568586.210560229,
2017-04-16,4323,416127.52445805125,4568568.267617727,
2017-04-16,4324,416130.1826935207,4568537.866898576,
2017-04-16,4325,416132.791981705,4568508.3499415135,
2017-04-16,4326,416134.6133996381,4568493.058285274,
2017-04-16,4327,416135.0074510243,4568503.538281774,
2017-04-16,4328,416135.0016005043,4568521.2386612035,
2017-04-16,4329,416135.00003609044,4568538.86165334,
2017-04-16,4330,416134.999413684,4568556.467637166,
2017-04-16,4331,416135.00379420264,4568573.983291256,
2017-04-16,4332,416135.24688183947,4568587.188996389,
2017-04-16,4333,416136.9124522125,4568574.711227867,
2017-04-16,4334,416139.46145192994,4568546.28280229,
2017-04-16,4335,416142.1549580261,4568515.2452583965,
2017-04-16,4336,416144.2540475349,4568494.940134916,
2017-04-16,4337,416145.03004599,4568498.523929986,
2017-04-16,4338,416145.0015454412,4568516.63326441,
2017-04-16,4339,416144.999940203,4568534.256993643,
2017-04-16,4340,416145.0005399313,4568551.840911352,
2017-04-16,4341,416145.0069581923,4568569.319773222,
2017-04-16,4342,416145.04876438575,4568586.1596923405,
2017-04-16,4343,416146.3609982232,4568580.061551056,
2017-04-16,4344,416148.7501150688,4568554.519872311,
2017-04-16,4345,416151.4771919566,4568522.876194837,
2017-04-16,4346,416153.803305921,4568498.472057371,
2017-04-16,4347,416154.9895339962,4568494.64899865,
2017-04-16,4348,416154.99522941187,4568512.140911764,
2017-04-16,4349,416154.99947731354,4568529.658960313,
2017-04-16,4350,416155.00022100966,4568547.240278626,
2017-04-16,4351,416154.99980102805,4568564.842607603,
2017-04-16,4352,416154.97252975375,4568582.929747003,
2017-04-16,4353,416155.8833557476,4568584.079178929,
2017-04-16,4354,416158.06194260134,4568562.338700269,
2017-04-16,4355,416160.7719431612,4568531.003342474,
2017-04-16,4356,416163.2744344615,4568503.414644281,
2017-04-16,4357,416164.83049353637,4568492.914144427,
2017-04-16,4358,416164.99279162934,4568507.578535892,
2017-04-16,4359,416164.99998568225,4568525.043390534,
2017-04-16,4360,416164.9999363139,4568542.639027936,
2017-04-16,4361,416164.99794271716,4568560.269769137,
2017-04-16,4362,416164.9829233727,4568578.135695221,
2017-04-16,4363,416165.4927844509,4568586.524703132,
2017-04-16,4364,416167.410194193,4568569.499877817,
2017-04-16,4365,416170.052471305,4568539.38729296,
2017-04-16,4366,416172.68069282116,4568509.528487294,
2017-04-16,4367,416174.5559357757,4568493.264999557,
2017-04-16,4368,416175.0127797937,4568502.611250903,
2017-04-16,4369,416175.0018904581,4568520.402608087,
2017-04-16,4370,416175.0000556478,4568538.030482335,
2017-04-16,4371,416174.9997691816,4568555.630400631,
2017-04-16,4372,416175.0060425405,4568573.111878767,
2017-04-16,4373,416175.202543998,4568587.15871531,
2017-04-16,4374,416176.80812950846,4568575.76399659,
2017-04-16,4375,416179.3320360526,4568547.788637923,
2017-04-16,4376,416182.0353406648,4568516.574178043,
2017-04-16,4377,416184.1791203792,4568495.462155685,
2017-04-16,4378,416185.0296150749,4568497.700892436,
2017-04-16,4379,416185.00090872525,4568515.813942673,
2017-04-16,4380,416184.99985529255,4568533.427708846,
2017-04-16,4381,416185.00054633804,4568551.009977798,
2017-04-16,4382,416185.0058368209,4568568.509202133,
2017-04-16,4383,416185.0258940538,4568585.741807106,
2017-04-16,4384,416186.26900821255,4568580.8916482385,
2017-04-16,4385,416188.62389706913,4568555.967969018,
2017-04-16,4386,416191.35163765744,4568524.312308178,
2017-04-16,4387,416193.7133070119,4568499.266204455,
2017-04-16,4388,416194.9699821665,4568494.171196582,
2017-04-16,4389,416194.9939246209,4568511.333652387,
2017-04-16,4390,416194.9994515659,4568528.828607308,
2017-04-16,4391,416195.000127117,4568546.411156009,
2017-04-16,4392,416194.9989472059,4568564.027205796,
2017-04-16,4393,416194.9701193731,4568582.142449466,
2017-04-16,4394,416195.8060899706,4568584.643424407,
2017-04-16,4395,416197.94131401944,4568563.685877889,
2017-04-16,4396,416200.64284346404,4568532.503469345,
2017-04-16,4397,416203.1717553385,4568504.437737511,
2017-04-16,4398,416204.7891266769,4568492.83022112,
2017-04-16,4399,416204.9943217754,4568506.7200906295,
2017-04-16,4400,416205.0002963006,4568524.206964315,
2017-04-16,4401,416204.9999474422,4568541.808009129,
2017-04-16,4402,416204.9981595422,4568559.435036387,
2017-04-16,4403,416204.988267788,4568577.208381864,
2017-04-16,4404,416205.43263444694,4568586.7799167335,
2017-04-16,4405,416207.29754656815,4568570.702956175,
2017-04-16,4406,416209.92221774906,4568540.9082531845,
2017-04-16,4407,416212.5677250238,4568510.737346496,
2017-04-16,4408,416214.4951454263,4568493.531774844,
2017-04-16,4409,416215.01808458526,4568501.684652966,
2017-04-16,4410,416215.00208651286,4568519.568250363,
2017-04-16,4411,416215.00006429554,4568537.199508315,
2017-04-16,4412,416215.00006594515,4568554.794224565,
2017-04-16,4413,416215.00741108897,4568572.256351209,
2017-04-16,4414,416215.16190130694,4568587.061716866,
2017-04-16,4415,416216.7058543808,4568576.779795523,
2017-04-16,4416,416219.203020178,4568549.28725134,
2017-04-16,4417,416221.91447573283,4568517.925623053,
2017-04-16,4418,416224.1012980794,4568496.036449396,
2017-04-16,4419,416225.0266838444,4568496.922999047,
2017-04-16,4420,416224.99999940523,4568514.999542913,
2017-04-16,4421,416224.9997601282,4568532.598609191,
2017-04-16,4422,416225.0005137293,4568550.179748667,
2017-04-16,4423,416225.00449942064,4568567.702531521,
2017-04-16,4424,416225.0071502152,4568585.249416444,
2017-04-16,4425,416226.1794971218,4568581.676987573,
2017-04-16,4426,416228.49851041567,4568557.401055455,
2017-04-16,4427,416231.22526713077,4568525.763158827,
2017-04-16,4428,416233.6208443015,4568500.104836421,
2017-04-16,4429,416234.94631896185,4568493.767626971,
2017-04-16,4430,416234.9928591229,4568510.522072477,
2017-04-16,4431,416234.9994666227,4568527.997517562,
2017-04-16,4432,416235.0000452681,4568545.581815941,
2017-04-16,4433,416234.99835972476,4568563.20699511,
2017-04-16,4434,416234.97012251324,4568581.311574883,
2017-04-16,4435,416235.731734456,4568585.155123971,
2017-04-16,4436,416237.8219481263,4568565.010257174,
2017-04-16,4437,416240.5133588818,4568534.010545458,
2017-04-16,4438,416243.0670437568,4568505.497527557,
2017-04-16,4439,416244.7440797854,4568492.812742209,
2017-04-16,4440,416244.99675497523,4568505.8453403795,
2017-04-16,4441,416245.00065949175,4568523.369588871,
2017-04-16,4442,416244.99996858544,4568540.976809494,
2017-04-16,4443,416244.9984640033,4568558.598721342,
2017-04-16,4444,416244.9935493862,4568576.282202689,
2017-04-16,4445,416245.37582604826,4568586.974796359,
2017-04-16,4446,416247.18659297517,4568571.875448137,
2017-04-16,4447,416249.79201065126,4568542.428374591,
2017-04-16,4448,416252.4531561107,4568511.9751144545,
2017-04-16,4449,416254.43110638764,4568493.857206464,
2017-04-16,4450,416255.0229187613,4568500.766552163,
2017-04-16,4451,416255.00215643627,4568518.736169982,
2017-04-16,4452,416255.00005742884,4568536.368814409,
2017-04-16,4453,416255.00028480205,4568553.959455135,
2017-04-16,4454,416255.0080195655,4568571.414547045,
2017-04-16,4455,416255.12503156415,4568586.896596385,
2017-04-16,4456,416256.6057046279,4568577.757219997,
2017-04-16,4457,416259.07448210457,4568550.777237876,
2017-04-16,4458,416261.7924410283,4568519.298188758,
2017-04-16,4459,416264.0206584333,4568496.661611377,
2017-04-16,4460,416265.020805661,4568496.198314028,
2017-04-16,4461,416264.9988106169,4568514.190189054,
2017-04-16,4462,416264.9996639188,4568531.769528405,
2017-04-16,4463,416265.0004513152,4568549.350057698,
2017-04-16,4464,416265.0030657092,4568566.897599851,
2017-04-16,4465,416264.992596565,4568584.68137032,
2017-04-16,4466,416266.09254274843,4568582.416164389,
2017-04-16,4467,416268.3740329058,4568558.817726949,
2017-04-16,4468,416271.0981581741,4568527.2273421055,
2017-04-16,4469,416273.5259955876,4568500.986548591,
2017-04-16,4470,416274.91862218024,4568493.4368851455,
2017-04-16,4471,416274.9921526355,4568509.704010493,
2017-04-16,4472,416274.9995316931,4568527.165524806,
2017-04-16,4473,416274.9999846102,4568544.752093255,
2017-04-16,4474,416274.9980063529,4568562.382557493,
2017-04-16,4475,416274.972092537,4568580.445187461,
2017-04-16,4476,416275.660367002,4568585.612872957,
2017-04-16,4477,416277.7039227201,4568566.310433457,
2017-04-16,4478,416280.383567213,4568535.523166145,
2017-04-16,4479,416282.96037751494,4568506.592609758,
2017-04-16,4480,416284.6954306599,4568492.860303025,
2017-04-16,4481,416285.0002109323,4568504.952123861,
2017-04-16,4482,416285.0010430253,4568522.53184614,
2017-04-16,4483,416284.99999513896,4568540.14551217,
2017-04-16,4484,416284.9988238687,4568557.7614059495,
2017-04-16,4485,416284.99832153006,4568575.365221905,
2017-04-16,4486,416285.3224370533,4568587.107937347,
2017-04-16,4487,416287.0774112123,4568573.01594904,
2017-04-16,4488,416289.6619278098,4568543.946252513,
2017-04-16,4489,416292.33706388035,4568513.240386505,
2017-04-16,4490,416294.3638964577,4568494.2398897465,
2017-04-16,4491,416295.0268356852,4568499.865012709,
2017-04-16,4492,416295.00206799735,4568517.906948893,
2017-04-16,4493,416295.0000304435,4568535.538483754,
2017-04-16,4494,416295.00043200364,4568553.12597947,
2017-04-16,4495,416295.00798768725,4568570.584304735,
2017-04-16,4496,416295.0920125676,4568586.6619492015,
2017-04-16,4497,416296.50775804784,4568578.694865343,
2017-04-16,4498,416298.9464996303,4568552.25719286,
2017-04-16,4499,416301.6693143492,4568520.690470486,
2017-04-16,4500,416303.93727923906,4568497.336236959,
2017-04-16,4501,416305.01153388753,4568495.53490158,
2017-04-16,4502,416304.9974367959,4568513.38417604,
2017-04-16,4503,416304.99957587325,4568530.940300212,
2017-04-16,4504,416305.00036830385,4568548.520738609,
2017-04-16,4505,416305.0016554032,4568566.092245578,
2017-04-16,4506,416304.9820312329,4568584.041313575,
2017-04-16,4507,416306.00822289055,4568583.107774012,
2017-04-16,4508,416308.25054233783,4568560.216578828,
2017-04-16,4509,416310.9703885856,4568528.703453347,
2017-04-16,4510,416313.428838668,4568501.909936304,
2017-04-16,4511,416314.8869696193,4568493.177566435,
2017-04-16,4512,416314.99192487577,4568508.877304901,
2017-04-16,4513,416314.999655986,4568526.332462763,
2017-04-16,4514,416314.9999494937,4568543.921909414,
2017-04-16,4515,416314.9978548583,4568561.554474898,
2017-04-16,4516,416314.97558280674,4568579.551351409,
2017-04-16,4517,416315.5920654061,4568586.015266689,
2017-04-16,4518,416317.58731559856,4568567.58500206,
2017-04-16,4519,416320.2535462551,4568537.039926726,
2017-04-16,4520,416322.8518344103,4568507.721579425,
2017-04-16,4521,416324.643257098,4568492.971498891,
2017-04-16,4522,416325.00469918206,4568504.040268892,
2017-04-16,4523,416325.0014146695,4568521.694318074,
2017-04-16,4524,416325.00002249854,4568539.314200297,
2017-04-16,4525,416324.99920690665,4568556.923672164,
2017-04-16,4526,416325.0021576555,4568574.465141301,
2017-04-16,4527,416325.2725452593,4568587.177935016,
2017-04-16,4528,416326.9700790767,4568574.123054198,
2017-04-16,4529,416329.5320470223,4568545.46048227,
2017-04-16,4530,416332.2195261302,4568514.531757967,
2017-04-16,4531,416334.2935934347,4568494.678420024,
2017-04-16,4532,416335.02938871953,4568498.988098806,
2017-04-16,4533,416335.0017889644,4568517.081169059,
2017-04-16,4534,416334.99997883453,4568534.708597688,
2017-04-16,4535,416335.00051675877,4568552.293631298,
2017-04-16,4536,416335.00743517134,4568569.763462737,
2017-04-16,4537,416335.0629221151,4568586.356370639,
2017-04-16,4538,416336.4120924377,4568579.59132689,
2017-04-16,4539,416338.8191505522,4568553.725711621,
2017-04-16,4540,416341.545173493,4568522.101063573,
2017-04-16,4541,416343.85123829404,4568498.058921475,
2017-04-16,4542,416344.9984219896,4568494.9408240635,
2017-04-16,4543,416344.99599765893,4568512.579342328,
2017-04-16,4544,416344.999505201,4568530.110758344,
2017-04-16,4545,416345.0002739049,4568547.691625136,
2017-04-16,4546,416345.00038822036,4568565.28430717,
2017-04-16,4547,416344.97501584754,4568583.337161172,
2017-04-16,4548,416345.9266153459,4568583.750411774,
2017-04-16,4549,416348.1281165095,4568561.596206423,
2017-04-16,4550,416350.8420361633,4568530.190087882,
2017-04-16,4551,416353.32945134107,4568502.873594886,
2017-04-16,4552,416354.8514390773,4568492.988266171,
2017-04-16,4553,416354.9922955606,4568508.0397941535,
2017-04-16,4554,416354.9998487106,4568525.498165163,
2017-04-16,4555,416354.9999361076,4568543.091333215,
2017-04-16,4556,416354.9978730098,4568560.7233292805,
2017-04-16,4557,416354.9801466856,4568578.63813093,
2017-04-16,4558,416355.5269074661,4568586.360900494,
2017-04-16,4559,416357.4722045589,4568568.832558315,
2017-04-16,4560,416360.1233738057,4568538.5594225405,
2017-04-16,4561,416362.7414922406,4568508.883031904,
2017-04-16,4562,416364.5876368977,4568493.144925142,
2017-04-16,4563,416365.00985324325,4568503.116392453,
2017-04-16,4564,416365.0017421929,4568520.85758663,
2017-04-16,4565,416365.0000460597,4568538.482957008,
2017-04-16,4566,416364.9995808858,4568556.086101939,
2017-04-16,4567,416365.0049352829,4568573.584172278,
2017-04-16,4568,416365.2262284644,4568587.183384703,
2017-04-16,4569,416366.8646743666,4568575.1953589525,
2017-04-16,4570,416369.4024460864,4568546.969659198,
2017-04-16,4571,416372.100620658,4568515.847824175,
2017-04-16,4572,416374.22027511575,4568495.17139262,
2017-04-16,4573,416375.0301312271,4568498.143874663,
2017-04-16,4574,416375.0012871057,4568516.259412422,
2017-04-16,4575,416374.999903378,4568533.879142203,
2017-04-16,4576,416375.00054827664,4568551.462244348,
2017-04-16,4577,416375.0064817349,4568568.949859512,
2017-04-16,4578,416375.0378380043,4568585.978456033,
2017-04-16,4579,416376.3187855958,4568580.4451999655,
2017-04-16,4580,416378.6925126691,4568555.181389491,
2017-04-16,4581,416381.4200962578,4568523.528563339,
2017-04-16,4582,416383.7626133964,4568498.828260247,
2017-04-16,4583,416384.981141119,4568494.42201895,
2017-04-16,4584,416384.9946129231,4568511.773526374,
2017-04-16,4585,416384.99946111056,4568529.2807365265,
2017-04-16,4586,416385.0001773269,4568546.862551001,
2017-04-16,4587,416384.9993769434,4568564.471748279,
2017-04-16,4588,416384.97110377153,4568582.576977323,
2017-04-16,4589,416385.84779791237,4568584.3426730065,
2017-04-16,4590,416388.0068332188,4568562.955205064,
2017-04-16,4591,416390.7131787046,4568531.685841039,
2017-04-16,4592,416393.22791140416,4568503.876119667,
2017-04-16,4593,416394.81210835173,4568492.867579683,
2017-04-16,4594,416394.99338440766,4568507.189316719,
2017-04-16,4595,416395.0001186213,4568524.6624739375,
2017-04-16,4596,416394.9999398479,4568542.260447798,
2017-04-16,4597,416394.9980285757,4568559.889702593,
2017-04-16,4598,416394.98533753643,4568577.713590236,
2017-04-16,4599,416395.4649709807,4568586.648369715,
2017-04-16,4600,416397.35866740043,4568570.0516975615,
2017-04-16,4601,416399.99312766356,4568540.080248919,
2017-04-16,4602,416402.6294288044,4568510.075562523,
2017-04-16,4603,416404.5286478569,4568493.379177108,
2017-04-16,4604,416405.0152264777,4568502.18855875,
2017-04-16,4605,416405.00199336384,4568520.022233753,
2017-04-16,4606,416405.0000612177,4568537.651865438,
2017-04-16,4607,416404.9999135749,4568555.249277228,
2017-04-16,4608,416405.00676794676,4568572.720264942,
2017-04-16,4609,416405.18356446625,4568587.122881735,
2017-04-16,4610,416406.7612748796,4568576.231458627,
2017-04-16,4611,416409.27320280013,4568548.472378624,
2017-04-16,4612,416411.980425262,4568517.1871804595,
2017-04-16,4613,416414.1440192994,4568495.717402869,
2017-04-16,4614,416415.0286165706,4568497.3404044835,
2017-04-16,4615,416415.0005301899,4568515.442260941,
2017-04-16,4616,416414.99981265375,4568533.049962375,
2017-04-16,4617,416415.00053576584,4568550.631652343,
2017-04-16,4618,416415.00524709513,4568568.14133352,
2017-04-16,4619,416415.0168380334,4568585.52680071,
2017-04-16,4620,416416.2279153204,4568581.255079905,
2017-04-16,4621,416418.56666377845,4568556.622821796,
2017-04-16,4622,416421.2941604415,4568524.971565119,
2017-04-16,4623,416423.67148234404,4568499.64284861,
2017-04-16,4624,416424.9597065201,4568493.978211004,
2017-04-16,4625,416424.9934023063,4568510.964566646,
2017-04-16,4626,416424.9994528113,4568528.450068489,
2017-04-16,4627,416425.0000877795,4568546.033349936,
2017-04-16,4628,416424.99864846206,4568563.654083401,
2017-04-16,4629,416424.96984836797,4568581.768826233,
2017-04-16,4630,416425.77184838784,4568584.883153037,
2017-04-16,4631,416427.8867702633,4568564.292170079,
2017-04-16,4632,416430.58389400796,4568533.189308148,
2017-04-16,4633,416433.12429665576,4568504.916105975,
2017-04-16,4634,416434.7690552408,4568492.814102299,
2017-04-16,4635,416434.9953111337,4568506.323711051,
2017-04-16,4636,416435.000457188,4568523.825543093,
2017-04-16,4637,416434.9999561099,4568541.429336294,
2017-04-16,4638,416434.9982893246,4568559.054176788,
2017-04-16,4639,416434.99070872174,4568576.78579353,
2017-04-16,4640,416435.40633374697,4568586.876269667,
2017-04-16,4641,416437.24678192,4568571.241015118,
2017-04-16,4642,416439.86288562603,4568541.601001186,
2017-04-16,4643,416442.515721899,4568511.297766607,
2017-04-16,4644,416444.46636777325,4568493.672850116,
2017-04-16,4645,416445.02037224855,4568501.264831987,
2017-04-16,4646,416445.00213595096,4568519.188841404,
2017-04-16,4647,416445.0000633683,4568536.821008725,
2017-04-16,4648,416445.0001751294,4568554.413736872,
2017-04-16,4649,416445.0077753583,4568571.871257854,
2017-04-16,4650,416445.1446309602,4568586.995023296,
2017-04-16,4651,416446.65995733,4568577.229968122,
2017-04-16,4652,416449.14439259993,4568549.967278514,
2017-04-16,4653,416451.8590146492,4568518.548477951,
2017-04-16,4654,416454.06490135647,4568496.315089915,
2017-04-16,4655,416455.0243985652,4568496.58574431,
2017-04-16,4656,416454.99948776304,4568514.630264478,
2017-04-16,4657,416454.9996766918,4568532.221599336,
2017-04-16,4658,416454.9999603393,4568549.811224007,
2017-04-16,4659,416454.99999697134,4568567.405308643,
2017-04-16,4660,416455.0,4568585.0,
2017-06-30,0,411745.00000000006,4568545.000000001,29.99999999999506
2017-06-30,1,411745.00000302866,4568562.594691358,
2017-06-30,2,411745.00003966055,4568580.188775992,
2017-06-30,3,411745.0003233083,4568597.778400664,
2017-06-30,4,411745.0005122371,4568615.369735524,
2017-06-30,5,411744.97560143477,4568633.41425569,
2017-06-30,6,411745.93509864394,4568633.684910088,
2017-06-30,7,411748.1409853514,4568611.451522053,
2017-06-30,8,411750.8556074006,4568580.03272149,
2017-06-30,9,411753.3400426703,4568552.770031879,21.773170534734096
2017-06-30,10,411754.8553690399,4568543.004976706,8.950610082177535
2017-06-30,11,411754.9922246418,4568558.128742147,
2017-06-30,12,411754.99982487055,4568575.586263127,
2017-06-30,13,411754.9999366318,4568593.178991276,
2017-06-30,14,411754.9978640491,4568610.811158596,
2017-06-30,15,411754.97962775145,4568628.735168015,
2017-06-30,16,411755.5336322266,4568636.327149884,
2017-06-30,17,411757.4842781009,4568618.702233392,
2017-06-30,18,411760.1371143742,4568588.398998814,
2017-06-30,19,411762.7532180801,4568558.758984881,
2017-06-30,20,411764.59366625315,4568543.123730332,6.775306177536101
2017-06-30,21,411765.0092912782,4568553.214206471,9.990872872837153
2017-06-30,22,411765.0017106754,4568570.945823211,
2017-06-30,23,411765.00004389003,4568588.5706637055,
2017-06-30,24,411764.9995428117,4568606.174456904,
2017-06-30,25,411765.0046888662,4568623.67628895,
2017-06-30,26,411765.2309447593,4568637.185897701,
2017-06-30,27,411766.87570334465,4568625.0838940265,
2017-06-30,28,411769.41610599234,4568596.810691854,
2017-06-30,29,411772.11322973674,4568565.707829921,
2017-06-30,30,411774.2281516122,4568545.116846964,0.7799077599361969
2017-06-30,31,411775.03015163186,4568548.231173764,0.030151631984095983
2017-06-30,32,411775.00135153777,4568566.345916598,
2017-06-30,33,411774.99991222064,4568583.966650065,
2017-06-30,34,411775.0005471887,4568601.549931511,
2017-06-30,35,411775.0065976937,4568619.035433355,
2017-06-30,36,411775.04029348004,4568636.021788996,
2017-06-30,37,411776.3285176565,4568630.357151392,
2017-06-30,38,411778.705839559,4568605.028434883,
2017-06-30,39,411781.4333362221,4568573.377178207,
2017-06-30,40,411783.77208468004,4568548.744920099,2.274380031130711
2017-06-30,41,411784.9831619667,4568544.473199291,13.616932107775915
2017-06-30,42,411784.9947529048,4568561.85866648,
2017-06-30,43,411784.999464234,4568579.368347654,
2017-06-30,44,411785.0001873464,4568596.950037626,
2017-06-30,45,411784.99946981017,4568614.557739059,
2017-06-30,46,411784.9713834295,4568632.659595517,
2017-06-30,47,411785.8559807009,4568634.282597131,
2017-06-30,48,411788.0195747383,4568612.812819542,
2017-06-30,49,411790.72679720016,4568581.527621379,
2017-06-30,50,411793.23872512067,4568553.768541376,11.820647945222708
2017-06-30,51,411794.81643553404,4568542.877118269,5.32800943813111
2017-06-30,52,411794.9932320533,4568557.2797350595,
2017-06-30,53,411795.0000864252,4568574.750722772,
2017-06-30,54,411794.9999387823,4568592.348134561,
2017-06-30,55,411794.9980066361,4568609.977766246,
2017-06-30,56,411794.9847735225,4568627.811441253,
2017-06-30,57,411795.47135214333,4568636.6208228925,
2017-06-30,58,411797.3705711958,4568619.924437477,
2017-06-30,59,411800.00687233644,4568589.919751081,
2017-06-30,60,411802.64133259957,4568559.9483024385,
2017-06-30,61,411804.53502901923,4568543.351630285,10.08271422420348
2017-06-30,62,411805.0146624637,4568552.286409764,0.01466270809741218
2017-06-30,63,411805.0019714243,4568570.110297408,
2017-06-30,64,411805.0000601521,4568587.739552204,
2017-06-30,65,411804.999881379,4568605.337526064,
2017-06-30,66,411805.0066155925,4568622.810683284,
2017-06-30,67,411805.1878916481,4568637.132420317,
2017-06-30,68,411806.7720885957,4568626.123880334,
2017-06-30,69,411809.28682129533,4568598.314158965,
2017-06-30,70,411811.9931667814,4568567.04479494,
2017-06-30,71,411814.15220208775,4568545.657326996,0.1691361959205088
2017-06-30,72,411815.0288962284,4568547.423022678,2.4597891626053823
2017-06-30,73,411815.00062305667,4568565.528251721,
2017-06-30,74,411814.99982267304,4568583.137448999,
2017-06-30,75,411815.0005388893,4568600.719263474,
2017-06-30,76,411815.00538707676,4568618.226473624,
2017-06-30,77,411815.01885888114,4568635.577981052,
2017-06-30,78,411816.2373866041,4568631.171739755,
2017-06-30,79,411818.5799037426,4568606.4714366635,
2017-06-30,80,411821.3074873313,4568574.818610513,
2017-06-30,81,411823.6812144043,4568549.554800036,1.3268392251658592
2017-06-30,82,411824.9621619957,4568544.021543968,19.993009288082252
2017-06-30,83,411824.99351826514,4568561.050140489,-30.006510063334694
2017-06-30,84,411824.9994517234,4568578.537755651,
2017-06-30,85,411825.0000966221,4568596.120857797,
2017-06-30,86,411824.9987128942,4568613.740587577,
2017-06-30,87,411824.96986877295,4568631.856125338,
2017-06-30,88,411825.77972488455,4568634.82860738,
2017-06-30,89,411827.89937934245,4568614.152175826,
2017-06-30,90,411830.59755391424,4568583.030340806,
2017-06-30,91,411833.13532563404,4568554.804641053,1.9824828763613869
2017-06-30,92,411834.773771536,4568542.8166153,14.291991827985724
2017-06-30,93,411834.995064717,4568556.415827721,20.005003964760018
2017-06-30,94,411835.000419114,4568573.913898061,
2017-06-30,95,411834.9999539404,4568591.517042993,
2017-06-30,96,411834.99825780705,4568609.142413368,
2017-06-30,97,411834.99014675675,4568626.883607548,
2017-06-30,98,411835.41236310254,4568636.855074858,
2017-06-30,99,411837.25850775966,4568621.116968095,
2017-06-30,100,411839.87662619445,4568591.4405774595,
2017-06-30,101,411842.527795441,4568561.167441684,12.525663654532169
2017-06-30,102,411844.47309253365,4568543.639099505,
2017-06-30,103,411845.0198533142,4568551.361869068,20.020143160006906
2017-06-30,104,411845.0021269902,4568569.2766707195,
2017-06-30,105,411845.00006389234,4568586.908666785,
2017-06-30,106,411845.00015128957,4568604.501834836,
2017-06-30,107,411845.0077044393,4568621.960205846,
2017-06-30,108,411845.1485609228,4568637.011733828,
2017-06-30,109,411846.67054865934,4568627.126405115,
2017-06-30,110,411849.1579638373,4568599.809912121,
2017-06-30,111,411851.87188349117,4568568.403793583,
2017-06-30,112,411854.0733846547,4568546.249588231,
2017-06-30,113,411855.0249841525,4568546.662838828,30.02579454532663
2017-06-30,114,411854.9996117796,4568564.715692832,0.00038822081372558024
2017-06-30,115,411854.99972609506,4568582.308374863,
2017-06-30,116,411855.000494799,4568599.889241654,
2017-06-30,117,411855.0040023411,4568617.420657672,
2017-06-30,118,411855.0015780106,4568635.059175938,
2017-06-30,119,411856.1487617065,4568631.941078529,
2017-06-30,120,411858.45482650766,4568607.898936433,
2017-06-30,121,411861.1808494483,4568576.274288383,
2017-06-30,122,411863.58790756273,4568550.408673115,38.81209083380552
2017-06-30,123,411864.93707788526,4568543.643629365,40.06262235952149
2017-06-30,124,411864.9925648287,4568560.236537265,9.992569302021108
2017-06-30,125,411864.99948324123,4568577.7063687015,
2017-06-30,126,411865.00002116535,4568595.291402311,
2017-06-30,127,411864.9982110356,4568612.918830942,
2017-06-30,128,411864.97061128047,4568631.011901193,
2017-06-30,129,411865.7064065656,4568635.321579978,
2017-06-30,130,411867.7804738701,4568615.468242034,
2017-06-30,131,411870.46795297775,4568584.5395177305,
2017-06-30,132,411873.0299209233,4568555.876945804,1.9794406728790286
2017-06-30,133,411874.72745474067,4568542.8220649855,15.510981658253282
2017-06-30,134,411874.9978423447,4568555.5348587,0.0021576700463080546
2017-06-30,135,411875.00079309347,4568573.076327836,
2017-06-30,136,411874.9999775013,4568590.685799702,
2017-06-30,137,411874.9985853305,4568608.305681924,
2017-06-30,138,411874.99530081777,4568625.959731106,
2017-06-30,139,411875.3567429023,4568637.028501109,
2017-06-30,140,411877.14816559025,4568622.278420577,
2017-06-30,141,411879.7464537454,4568592.960073277,
2017-06-30,142,411882.412684402,4568562.414997947,7.443898804504056
2017-06-30,143,411884.40793459426,4568543.984733317,
2017-06-30,144,411885.02441719326,4568550.4486485915,
2017-06-30,145,411885.00214514154,4568568.445525102,
2017-06-30,146,411885.0000505065,4568586.078090589,
2017-06-30,147,411885.00034401385,4568603.667537237,
2017-06-30,148,411885.00807512447,4568621.122695101,
2017-06-30,149,411885.1130303808,4568636.822433566,
2017-06-30,150,411886.571161332,4568628.090063697,
2017-06-30,151,411889.0296114146,4568601.296546656,
2017-06-30,152,411891.7494576624,4568569.7834211765,
2017-06-30,153,411893.9917771097,4568546.892225993,
2017-06-30,154,411895.01796876715,4568545.958686429,
2017-06-30,155,411894.99834459677,4568563.907754422,19.99837299104127
2017-06-30,156,411894.99963169615,4568581.479261389,
2017-06-30,157,411895.0004241266,4568599.059699787,
2017-06-30,158,411895.00256320415,4568616.615823959,
2017-06-30,159,411894.9884661124,4568634.465098417,
2017-06-30,160,411896.062720761,4568632.66376304,
2017-06-30,161,411898.330685651,4568609.309529514,
2017-06-30,162,411901.0535003701,4568577.742807142,
2017-06-30,163,411903.4922419527,4568551.305134661,35.20051646988899
2017-06-30,164,411904.90798743267,4568543.338050802,
2017-06-30,165,411904.99201231275,4568559.415695266,29.992014458619344
2017-06-30,166,411904.99956799654,4568576.874020529,
2017-06-30,167,411904.9999695565,4568594.461516246,
2017-06-30,168,411904.9979320027,4568612.093051106,
2017-06-30,169,411904.9731643147,4568630.134987292,
2017-06-30,170,411905.63610354223,4568635.760110253,
2017-06-30,171,411907.6629361198,4568616.759613497,
2017-06-30,172,411910.3380721904,4568586.053747491,
2017-06-30,173,411912.9225887881,4568556.984050967,-20.69336367003417
2017-06-30,174,411914.6775629469,4568542.8920626575,26.759456081380048
2017-06-30,175,411915.0016784699,4568554.6347780945,
2017-06-30,176,411915.00117613125,4568572.238594048,
2017-06-30,177,411915.00000486104,4568589.854487829,
2017-06-30,178,411914.99895697465,4568607.468153859,
2017-06-30,179,411914.9997890677,4568625.04787614,
2017-06-30,180,411915.3045693402,4568637.139696976,
2017-06-30,181,411917.0396224854,4568623.407390247,
2017-06-30,182,411919.6164327874,4568594.47683386,
2017-06-30,183,411922.2960772803,4568563.68956655,-47.492026029771736
2017-06-30,184,411924.33963299834,4568544.387127047,
2017-06-30,185,411925.0279074632,4568549.554812539,
2017-06-30,186,411925.0019936472,4568567.617442508,
2017-06-30,187,411925.0000153899,4568585.247906745,
2017-06-30,188,411925.0004683068,4568602.834475194,
2017-06-30,189,411925.00784736447,4568620.295989507,
2017-06-30,190,411925.08137781994,4568636.563114855,
2017-06-30,191,411926.4740044128,4568629.013451408,
2017-06-30,192,411928.90184182615,4568602.772657895,
2017-06-30,193,411931.6259670943,4568571.182273054,
2017-06-30,194,411933.90745725157,4568547.583835614,
2017-06-30,195,411935.007403435,4568545.318629681,
2017-06-30,196,411934.996934291,4568563.102400151,
2017-06-30,197,411934.99954868486,4568580.649942301,
2017-06-30,198,411935.0003360812,4568598.230471597,
2017-06-30,199,411935.0011893831,4568615.809810945,
2017-06-30,200,411934.979194339,4568633.801685972,
2017-06-30,201,411935.9793415667,4568633.338388624,
2017-06-30,202,411938.20755897166,4568610.701811245,
2017-06-30,203,411940.9255178952,4568579.2227621265,
2017-06-30,204,411943.3942953719,4568552.242780007,26.800291908331115
2017-06-30,205,411944.8749684358,4568543.103403617,
2017-06-30,206,411944.9919804345,4568558.585452955,
2017-06-30,207,411944.99971519766,4568576.040544862,
2017-06-30,208,411944.99994257116,4568593.631185593,
2017-06-30,209,411944.99784356356,4568611.263830018,
2017-06-30,210,411944.9770812387,4568629.233447837,
2017-06-30,211,411945.56889361236,4568636.142793537,
2017-06-30,212,411947.54684388917,4568618.0248855455,
2017-06-30,213,411950.2079893486,4568587.571625411,
2017-06-30,214,411952.8134070247,4568558.124551864,-32.9812193199215
2017-06-30,215,411954.62417395174,4568543.025203642,37.64290367456448
2017-06-30,216,411955.00645061384,4568553.717797311,
2017-06-30,217,411955.00153599674,4568571.40127866,
2017-06-30,218,411955.00003141456,4568589.023190506,
2017-06-30,219,411954.99934050825,4568606.630411129,
2017-06-30,220,411955.0032450247,4568624.154659621,
2017-06-30,221,411955.25592021446,4568637.18725779,
2017-06-30,222,411956.932956243,4568624.502472442,
2017-06-30,223,411959.48664111795,4568595.989454543,
2017-06-30,224,411962.1780518736,4568564.9897428285,
2017-06-30,225,411964.26826554385,4568544.84487603,
2017-06-30,226,411965.0298774869,4568548.688425119,
2017-06-30,227,411965.0016402749,4568566.79300489,
2017-06-30,228,411964.99995473213,4568584.418184061,
2017-06-30,229,411965.0005333773,4568602.0024824375,
2017-06-30,230,411965.0071408769,4568619.477927525,
2017-06-30,231,411965.05368103815,4568636.232373029,
2017-06-30,232,411966.3791556989,4568629.895163582,
2017-06-30,233,411968.7747328698,4568604.236841176,
2017-06-30,234,411971.50148958515,4568572.598944549,
2017-06-30,235,411973.82050287887,4568548.323012431,
2017-06-30,236,411974.9928497851,4568544.750583558,
2017-06-30,237,411974.9955005793,4568562.297468478,
2017-06-30,238,411974.99948627054,4568579.820251331,
2017-06-30,239,411975.00023987173,4568597.401390809,
2017-06-30,240,411975.0000005949,4568615.000457089,
2017-06-30,241,411974.97331615567,4568633.077000953,
2017-06-30,242,411975.8987019209,4568633.963550606,
2017-06-30,243,411978.0855242675,4568612.074376951,
2017-06-30,244,411980.7969798222,4568580.7127486635,
2017-06-30,245,411983.2941456194,4568553.220204481,17.617173193498253
2017-06-30,246,411984.8380986931,4568542.938283137,42.45147122798505
2017-06-30,247,411984.99258891103,4568557.743648791,
2017-06-30,248,411984.9999340547,4568575.205775432,
2017-06-30,249,411984.9999357045,4568592.800491687,
2017-06-30,250,411984.9979134872,4568610.431749636,
2017-06-30,251,411984.9819154148,4568628.315347035,
2017-06-30,252,411985.5048545738,4568636.468225157,
2017-06-30,253,411987.43227497657,4568619.2626535045,
2017-06-30,254,411990.07778225123,4568589.091746816,
2017-06-30,255,411992.70245343196,4568559.297043825,-45.857860168348765
2017-06-30,256,411994.56736555323,4568543.2200832665,46.87431169527567
2017-06-30,257,411995.01173221203,4568552.791618138,
2017-06-30,258,411995.00184045755,4568570.564963611,
2017-06-30,259,411995.0000525579,4568588.191990873,
2017-06-30,260,411994.99970369943,4568605.793035686,
2017-06-30,261,411995.00567822455,4568623.279909371,
2017-06-30,262,411995.21087332314,4568637.16977888,
2017-06-30,263,411996.82824466174,4568625.562262489,
2017-06-30,264,411999.3571565364,4568597.496530656,
2017-06-30,265,412002.05868598085,4568566.3141221125,
2017-06-30,266,412004.1939100296,4568545.356575595,
2017-06-30,267,412005.02988062706,4568547.857550536,
2017-06-30,268,412005.001052794,4568565.972794203,
2017-06-30,269,412004.9998728831,4568583.588843991,
2017-06-30,270,412005.00054843415,4568601.171392693,
2017-06-30,271,412005.00607537915,4568618.666347614,
2017-06-30,272,412005.0300178337,4568635.828803418,
2017-06-30,273,412006.2866929885,4568630.733795546,
2017-06-30,274,412008.6483623429,4568605.687691824,
2017-06-30,275,412011.37610293116,4568574.032030985,
2017-06-30,276,412013.7309917875,4568549.108351764,
2017-06-30,277,412014.97410594625,4568544.258192896,
2017-06-30,278,412014.99416317925,4568561.490797868,
2017-06-30,279,412014.99945366196,4568578.990022201,
2017-06-30,280,412015.0001447074,4568596.572291154,
2017-06-30,281,412014.99909127457,4568614.186057326,
2017-06-30,282,412014.9703849253,4568632.2991075665,
2017-06-30,283,412015.82087962085,4568634.537844316,
2017-06-30,284,412017.9646593354,4568613.425821958,
2017-06-30,285,412020.6679639476,4568582.211362079,
2017-06-30,286,412023.19187049184,4568554.23600341,7.688365953198109
2017-06-30,287,412024.7974560021,4568542.84128469,21.836389670234457
2017-06-30,288,412024.99395745975,4568556.888121235,
2017-06-30,289,412025.0002308182,4568574.369599369,
2017-06-30,290,412024.99994435214,4568591.969517664,
2017-06-30,291,412024.9981095418,4568609.597391911,
2017-06-30,292,412024.98722020636,4568627.3887490975,
2017-06-30,293,412025.44406422443,4568636.735000444,
2017-06-30,294,412027.3193071793,4568620.471512711,
2017-06-30,295,412029.9475286956,4568590.612707047,
2017-06-30,296,412032.5898058077,4568560.5001221895,
2017-06-30,297,412034.5072155494,4568543.47529687,
2017-06-30,298,412035.017076627,4568551.864304775,
2017-06-30,299,412035.0020572828,4568569.730230864,
2017-06-30,300,412035.00006368617,4568587.360972065,
2017-06-30,301,412035.0000143177,4568604.956609463,
2017-06-30,302,412035.0072083707,4568622.42146411,
2017-06-30,303,412035.1695064637,4568637.085855574,
2017-06-30,304,412036.72556553857,4568626.585355717,
2017-06-30,305,412039.2280568389,4568598.996657526,
2017-06-30,306,412041.93805739866,4568567.661299732,
2017-06-30,307,412044.1166442524,4568545.920821071,
2017-06-30,308,412045.02747024654,4568547.070252999,
2017-06-30,309,412045.0001989723,4568565.157392399,
2017-06-30,310,412044.9997789905,4568582.759721374,
2017-06-30,311,412045.0005226865,4568600.341039689,
2017-06-30,312,412045.004770588,4568617.859088236,
2017-06-30,313,412045.0104660037,4568635.351001349,
2017-06-30,314,412046.19669407903,4568631.527942627,
2017-06-30,315,412048.5228080435,4568607.12380516,
2017-06-30,316,412051.2498849315,4568575.480127687,
2017-06-30,317,412053.63900177693,4568549.938448941,
2017-06-30,318,412054.95123561437,4568543.84030766,
2017-06-30,319,412054.99304180767,4568560.680226779,40.00698685354484
2017-06-30,320,412054.99946006853,4568578.159088646,
2017-06-30,321,412055.000059797,4568595.74300636,
2017-06-30,322,412054.9984545588,4568613.366735591,
2017-06-30,323,412054.9699540102,4568631.476070014,
2017-06-30,324,412055.7459524652,4568635.0598650845,
2017-06-30,325,412057.84504197416,4568614.754741605,
2017-06-30,326,412060.53854807024,4568583.71719771,
2017-06-30,327,412063.08754778764,4568555.288772134,2.9500896880761007
2017-06-30,328,412064.75311816065,4568542.811003611,12.208456419513235
2017-06-30,329,412064.99620579736,4568556.016708744,30.00393836039628
2017-06-30,330,412065.0005863159,4568573.532362834,
2017-06-30,331,412064.9999639096,4568591.138346661,
2017-06-30,332,412064.99839949573,4568608.761338797,
2017-06-30,333,412064.9925489758,4568626.461718228,
2017-06-30,334,412065.38660036173,4568636.941714729,
2017-06-30,335,412067.2080182949,4568621.650058488,
2017-06-30,336,412069.81730647903,4568592.133101423,
2017-06-30,337,412072.4755419486,4568561.732382272,22.62020893148103
2017-06-30,338,412074.4438017376,4568543.789439769,
2017-06-30,339,412075.0220372222,4568550.943921441,
2017-06-30,340,412075.0021542407,4568568.8976623705,
2017-06-30,341,412075.00006019487,4568586.530217216,
2017-06-30,342,412075.0002481681,4568604.1215693215,
2017-06-30,343,412075.0079551803,4568621.577162293,
2017-06-30,344,412075.1318974339,4568636.934083204,
2017-06-30,345,412076.6249966715,4568627.570347458,
2017-06-30,346,412079.09941982396,4568600.488430485,
2017-06-30,347,412081.81624392566,4568569.029871018,
2017-06-30,348,412084.03654601076,4568546.536207791,
2017-06-30,349,412085.0221997082,4568546.334596713,
2017-06-30,350,412084.99905985,4568564.347141802,10.000952368208722
2017-06-30,351,412084.999682263,4568581.930649933,
2017-06-30,352,412085.0004653436,4568599.511257155,
2017-06-30,353,412085.0033462209,4568617.053987849,
2017-06-30,354,412084.9950995967,4568634.79762986,
2017-06-30,355,412086.1092367689,4568632.276200162,
2017-06-30,356,412088.39814776997,4568608.5437765345,
2017-06-30,357,412091.122913384,4568576.9418300055,
2017-06-30,358,412093.54461064504,4568550.81189931,
2017-06-30,359,412094.92431658704,4568543.495523181,
2017-06-30,360,412094.992256182,4568559.863593669,0.0077438199080892625
2017-06-30,361,412094.99951469887,4568577.327284386,
2017-06-30,362,412094.999994347,4568594.913370197,
2017-06-30,363,412094.99805821566,4568612.543073836,
2017-06-30,364,412094.9715767738,4568630.615952511,
2017-06-30,365,412095.67399825156,4568635.52820824,
2017-06-30,366,412097.72674998076,4568616.059731209,
2017-06-30,367,412100.4088099869,4568585.228850872,
2017-06-30,368,412102.98125530384,4568556.377105963,0.5876468174535364
2017-06-30,369,412104.7051629663,4568542.84603522,37.245639401022494
2017-06-30,370,412104.99945364165,4568555.127249781,0.1261730969623445
2017-06-30,371,412105.0009684194,4568572.694645921,
2017-06-30,372,412104.9999897723,4568590.307061816,
2017-06-30,373,412104.9987511174,4568607.924172242,
2017-06-30,374,412104.9974550859,4568625.542318631,
2017-06-30,375,412105.33254078415,4568637.086963336,
2017-06-30,376,412107.0984861222,4568622.796886167,
2017-06-30,377,412109.68719340087,4568593.651525282,
2017-06-30,378,412112.35973965423,4568562.992419418,2.6512943452284796
2017-06-30,379,412114.37720191665,4568544.161107309,
2017-06-30,380,412115.0261673596,4568550.0385323325,
2017-06-30,381,412115.00209909945,4568568.067840079,
2017-06-30,382,412115.00003747945,4568585.699809461,
2017-06-30,383,412115.0004085734,4568603.287855255,
2017-06-30,384,412115.0080383701,4568620.744842379,
2017-06-30,385,412115.0981240321,4568636.713057097,
2017-06-30,386,412116.52661585866,4568628.515833038,
2017-06-30,387,412118.9713232898,4568601.970444858,
2017-06-30,388,412121.6933233595,4568570.41843129,
2017-06-30,389,412123.95369310206,4568547.201331074,
2017-06-30,390,412125.0136223748,4568545.658645884,
2017-06-30,391,412124.99771261466,4568563.540648773,9.997727970292424
2017-06-30,392,412124.99959191016,4568581.1014634045,
2017-06-30,393,412125.0003856141,4568598.681878818,
2017-06-30,394,412125.0019219946,4568616.248884911,
2017-06-30,395,412124.9837925731,4568634.170964644,
2017-06-30,396,412126.0243988555,4568632.977163473,
2017-06-30,397,412128.27445931925,4568609.9462012565,
2017-06-30,398,412130.99526608543,4568578.415733246,
2017-06-30,399,412133.4478961884,4568551.727298179,31.472936339398323
2017-06-30,400,412134.8934266621,4568543.222434787,
2017-06-30,401,412134.9919260194,4568559.038736998,19.991926076139716
2017-06-30,402,412134.9996267621,4568576.494443154,
2017-06-30,403,412134.9999544731,4568594.083272249,
2017-06-30,404,412134.99787001347,4568611.715654013,
2017-06-30,405,412134.9748065782,4568629.726819258,
2017-06-30,406,412135.60509477736,4568635.941469113,
2017-06-30,407,412137.6098611536,4568617.339386114,
2017-06-30,408,412140.2788274961,4568586.744916916,
2017-06-30,409,412142.8730708392,4568557.499600252,12.18242816773022
2017-06-30,410,412144.6536682173,4568542.944974858,31.898379672727913
2017-06-30,411,412145.00376094016,4568554.218661964,
2017-06-30,412,412145.0013448973,4568571.857030584,
2017-06-30,413,412145.00001733564,4568589.475746261,
2017-06-30,414,412144.99913217576,4568607.086474208,
2017-06-30,415,412145.0014980573,4568624.638503342,
2017-06-30,416,412145.28196328925,4568637.1693416005,
2017-06-30,417,412146.99078845856,4568623.910591077,
2017-06-30,418,412149.5572672577,4568595.1665739445,
2017-06-30,419,412152.2424767213,4568564.27882894,2.7688685939286692
2017-06-30,420,412154.30749388353,4568544.588894802,
2017-06-30,421,412155.0290204025,4568549.15620166,
2017-06-30,422,412155.00185962796,4568567.241345948,
2017-06-30,423,412154.9999909445,4568584.86983178,
2017-06-30,424,412155.00050474296,4568602.455300995,
2017-06-30,425,412155.00757765793,4568619.92234283,
2017-06-30,426,412155.06826405576,4568636.421372584,
2017-06-30,427,412156.43050089775,4568629.42040779,
2017-06-30,428,412158.84384503384,4568603.441295982,
2017-06-30,429,412161.56937349815,4568571.8255758975,
2017-06-30,430,412163.8681633248,4568547.914786267,
2017-06-30,431,412165.00129160896,4568545.05046472,
2017-06-30,432,412164.99627679854,4568562.735755099,9.996292803782096
2017-06-30,433,412164.9995171408,4568580.271995509,
2017-06-30,434,412165.000292707,4568597.852738399,
2017-06-30,435,412165.000617627,4568615.441617888,
2017-06-30,436,412164.97612229094,4568633.478636654,
2017-06-30,437,412165.9422581372,4568633.629427895,
2017-06-30,438,412168.15182049,4568611.329674666,
2017-06-30,439,412170.8670208348,4568579.900432752,
2017-06-30,440,412173.34893620585,4568552.683240889,
2017-06-30,441,412174.8586436373,4568543.019637808,
2017-06-30,442,412174.99217103666,4568558.203495228,0.00782896515208161
2017-06-30,443,412174.99980546755,4568575.660398678,
2017-06-30,444,412174.9999372248,4568593.252765791,
2017-06-30,445,412174.99785772094,4568610.885058076,
2017-06-30,446,412174.9791967869,4568628.816734464,
2017-06-30,447,412175.5393198413,4568636.298243035,
2017-06-30,448,412177.49445329106,4568618.59230164,
2017-06-30,449,412180.1486783966,4568588.263991153,
2017-06-30,450,412182.7630721921,4568558.654850311,7.797786327721769
2017-06-30,451,412184.59871171194,4568543.106417848,
2017-06-30,452,412185.0088205781,4568553.296490367,
2017-06-30,453,412185.0016835179,4568571.020098773,
2017-06-30,454,412185.00004199543,4568588.644483135,
2017-06-30,455,412184.9995104384,4568606.248826641,
2017-06-30,456,412185.0044732126,4568623.753967885,
2017-06-30,457,412185.23494567483,4568637.187444853,
2017-06-30,458,412186.8850031016,4568624.989768552,
2017-06-30,459,412189.42760584806,4568596.676842753,
2017-06-30,460,412192.1238309483,4568565.590206188,6.57308066282304
2017-06-30,461,412194.23475543666,4568545.071397594,
2017-06-30,462,412195.03014971333,4568548.304993626,
2017-06-30,463,412195.0014035939,4568566.418761927,
2017-06-30,464,412194.99991952366,4568584.0403034305,
2017-06-30,465,412195.00054588524,4568601.623740263,
2017-06-30,466,412195.00669276057,4568619.107502108,
2017-06-30,467,412195.0423953029,4568636.057624994,
2017-06-30,468,412196.3367295866,4568630.282667042,
2017-06-30,469,412198.71706285386,4568604.899579182,
2017-06-30,470,412201.4444721389,4568573.249900152,
2017-06-30,471,412203.78003447584,4568548.675168686,
2017-06-30,472,412204.9848268991,4568544.516923517,
2017-06-30,473,412204.9948721193,4568561.930299235,29.994914096115227
2017-06-30,474,412204.99946716387,4568579.442079976,
2017-06-30,475,412205.00019583164,4568597.023669639,
2017-06-30,476,412204.9995504488,4568614.630068316,
2017-06-30,477,412204.97164211335,4568632.728710101,
2017-06-30,478,412205.8628924115,4568634.231588753,
2017-06-30,479,412208.0303090798,4568612.692792092,
2017-06-30,480,412210.73825542966,4568581.394523853,
2017-06-30,481,412213.24780849525,4568553.67832277,41.963588166441376
2017-06-30,482,412214.8200453109,4568542.885727577,42.96279067701066
2017-06-30,483,412214.99311095156,4568557.3557068175,39.99315916432006
2017-06-30,484,412215.00005996024,4568574.824985824,
2017-06-30,485,412214.9999379974,4568592.421933955,
2017-06-30,486,412214.99798910593,4568610.051867976,
2017-06-30,487,412214.9843007622,4568627.893762335,
2017-06-30,488,412215.4767512407,4568636.597125331,
2017-06-30,489,412217.38060419017,4568619.817073122,
2017-06-30,490,412220.0184404849,4568589.784668926,
2017-06-30,491,412222.6513371592,4568559.841451482,32.490277372790096
2017-06-30,492,412224.54037124733,4568543.328959523,
2017-06-30,493,412225.01418618456,4568552.368794386,
2017-06-30,494,412225.0019520498,4568570.184432444,
2017-06-30,495,412225.0000591469,4568587.8133555725,
2017-06-30,496,412224.9998536744,4568605.411811496,
2017-06-30,497,412225.0064801392,4568622.886914166,
2017-06-30,498,412225.1915657389,4568637.139868417,
2017-06-30,499,412226.78120784956,4568626.033013918,
2017-06-30,500,412229.2982869694,4568598.180927028,
2017-06-30,501,412232.00388013286,4568566.925146479,-21.580410910206858
2017-06-30,502,412234.1590643736,4568545.607211007,
2017-06-30,503,412235.02910865535,4568547.492972445,
2017-06-30,504,412235.0006987666,4568565.600669972,
2017-06-30,505,412234.9998310454,4568583.211083051,
2017-06-30,506,412235.0005412097,4568600.7930067945,
2017-06-30,507,412235.0055033953,4568618.298158672,
2017-06-30,508,412235.0205955714,4568635.620409659,
2017-06-30,509,412236.24537972343,4568631.101206124,
2017-06-30,510,412238.5910545483,4568606.34388979,
2017-06-30,511,412241.31869708054,4568574.689999392,
2017-06-30,512,412243.68938435416,4568549.4810736645,
2017-06-30,513,412244.96419340343,4568544.058651342,
2017-06-30,514,412244.9936182942,4568561.122119649,-10.006391583522428
2017-06-30,515,412244.99945118825,4568578.611550537,
2017-06-30,516,412245.0001041964,4568596.194506264,
2017-06-30,517,412244.998769328,4568613.813353877,
2017-06-30,518,412244.96990552405,4568631.929247201,
2017-06-30,519,412245.78637646005,4568634.782290903,
2017-06-30,520,412247.90999288263,4568614.034313104,
2017-06-30,521,412250.60903153906,4568582.896866668,
2017-06-30,522,412253.1445742081,4568554.711412434,2.92465000905549
2017-06-30,523,412254.77770266886,4568542.819411241,27.728118403592187
2017-06-30,524,412254.994860914,4568556.493285201,-0.005139102466832481
2017-06-30,525,412255.0004182989,4568573.987748578,
2017-06-30,526,412255.0008178657,4568591.576647911,
2017-06-30,527,412255.00822517945,4568609.052605331,
2017-06-30,528,412255.0508870844,4568625.962124391,
2017-06-30,529,412256.62257520965,4568618.311994662,
2017-06-30,530,412259.41598501557,4568591.038272383,
2017-06-30,531,412262.40442628204,4568560.631912727,-7.44408029455962
2017-06-30,532,412264.5612087884,4568543.583870864,41.369906207541206
2017-06-30,533,412265.0057751334,4568554.037879735,
2017-06-30,534,412265.00181148504,4568571.69629089,
2017-06-30,535,412265.00079462066,4568589.307370063,
2017-06-30,536,412265.0037245725,4568606.855054462,
2017-06-30,537,412264.990137989,4568624.6680317065,
2017-06-30,538,412266.32946982165,4568620.750084643,
2017-06-30,539,412269.0229499368,4568595.081458832,
2017-06-30,540,412272.04391167633,4568564.152738765,-17.131126759397784
2017-06-30,541,412274.3656657443,4568544.454872537,
2017-06-30,542,412275.02351886145,4568551.48301225,
2017-06-30,543,412275.002665992,4568569.412702455,
2017-06-30,544,412275.0004441581,4568587.043136155,
2017-06-30,545,412274.99947175814,4568604.653501136,
2017-06-30,546,412274.9650214221,4568622.801597357,
2017-06-30,547,412276.0588997522,4568622.826187709,
2017-06-30,548,412278.6353629169,4568599.037118319,
2017-06-30,549,412281.67175884586,4568567.860490324,-28.87615758932229
2017-06-30,550,412284.1413982434,4568545.787251819,
2017-06-30,551,412285.03616735263,4568549.009985795,
2017-06-30,552,412285.00228156016,4568567.149014169,
2017-06-30,553,412284.99995036516,4568584.781204464,
2017-06-30,554,412284.99751011265,4568602.415146469,
2017-06-30,555,412284.9653530511,4568620.526407524,
2017-06-30,556,412285.8130716315,4568624.504879216,
2017-06-30,557,412288.2554305878,4568602.869826182,
2017-06-30,558,412291.2901734485,4568571.719750192,
2017-06-30,559,412293.89061091794,4568547.545599344,
2017-06-30,560,412295.03245418135,4568546.799764589,
2017-06-30,561,412294.99986481166,4568564.917969485,10.00014915753226
2017-06-30,562,412294.9994719237,4568582.519026197,
2017-06-30,563,412294.9974273031,4568600.146613454,
2017-06-30,564,412294.9798664534,4568618.023426389,
2017-06-30,565,412295.5941898535,4568625.750751639,
2017-06-30,566,412297.8853573443,4568606.544174898,
2017-06-30,567,412300.9013598794,4568575.695110852,
2017-06-30,568,412303.615508163,4568549.694507595,
2017-06-30,569,412305.0011129249,4568545.033312808,
2017-06-30,570,412304.9953302567,4568562.720941556,0.004669754836600517
2017-06-30,571,412304.9991675153,4568580.254052557,
2017-06-30,572,412304.99842991977,4568597.860646048,
2017-06-30,573,412304.9972952068,4568615.473618136,
2017-06-30,574,412305.40445880994,4568626.528397435,
2017-06-30,575,412307.52734757704,4568610.024756923,
2017-06-30,576,412310.5075225288,4568579.751164757,
2017-06-30,577,412313.31829436915,4568552.198569029,
2017-06-30,578,412314.9329738022,4568543.857917835,
2017-06-30,579,412314.9911261739,4568560.51860549,9.99113549410159
2017-06-30,580,412314.9991958224,4568577.9837347595,
2017-06-30,581,412314.99972455204,4568595.569988204,
2017-06-30,582,412315.0076401139,4568613.037592451,
2017-06-30,583,412315.2460828946,4568626.802409084,
2017-06-30,584,412317.18360568077,4568613.2761647375,
2017-06-30,585,412320.1108657915,4568583.8525043875,
2017-06-30,586,412323.0011739308,4568555.022376126,
2017-06-30,587,412324.82784080284,4568543.276728046,30.563397908672624
2017-06-30,588,412324.990267522,4568558.262534258,19.990273779032368
2017-06-30,589,412324.9997155268,4568575.7055240115,
2017-06-30,590,412325.00058495905,4568593.286305007,
2017-06-30,591,412325.0099585732,4568610.730489639,
2017-06-30,592,412325.1212665007,4568626.537379056,
2017-06-30,593,412326.85633604834,4568616.262990812,
2017-06-30,594,412329.71359406033,4568587.96372221,
2017-06-30,595,412332.6663512409,4568558.130521348,27.821037708471177
2017-06-30,596,412334.6879182942,4568543.25433632,
2017-06-30,597,412334.9957692588,4568555.904300818,29.99600848700319
2017-06-30,598,412335.0008329116,4568573.4177131625,-19.99917040922279
2017-06-30,599,412335.0008678831,4568591.011897481,
2017-06-30,600,412335.0072493413,4568608.504142892,
2017-06-30,601,412335.03221402067,4568625.697899819,
2017-06-30,602,412336.54774307227,4568618.949827613,
2017-06-30,603,412339.3179117281,4568592.0494107,
2017-06-30,604,412342.31603069254,4568561.487597175,-37.51339802443123
2017-06-30,605,412344.5154106695,4568543.755335133,
2017-06-30,606,412345.0100467877,4568553.405108344,
2017-06-30,607,412345.0020963078,4568571.127557048,-9.997904795063848
2017-06-30,608,412345.0007295518,4568588.744256273,
2017-06-30,609,412345.00252737687,4568606.310125181,
2017-06-30,610,412344.9809047226,4568624.2521798685,
2017-06-30,611,412346.2600311455,4568621.301267609,
2017-06-30,612,412348.92602318747,4568596.074162318,
2017-06-30,613,412351.95241667784,4568565.058196066,0.5802089709903414
2017-06-30,614,412354.31252232124,4568544.7443169495,
2017-06-30,615,412355.02757624385,4568550.853682579,
2017-06-30,616,412355.00271697796,4568568.84772456,0.002716977964478604
2017-06-30,617,412355.0003286472,4568586.480832583,
2017-06-30,618,412354.9987654936,4568604.100686401,
2017-06-30,619,412354.96316524217,4568622.2672528485,
2017-06-30,620,412355.99540466163,4568623.281903278,
2017-06-30,621,412358.5401328321,4568600.002569547,
2017-06-30,622,412361.57771359105,4568568.806910504,6.609994848515471
2017-06-30,623,412364.0814576429,4568546.185874247,
2017-06-30,624,412365.03721026785,4568548.429075283,
2017-06-30,625,412365.00190151227,4568566.590959658,10.001904731530095
2017-06-30,626,412364.9998238511,4568584.219077624,
2017-06-30,627,412364.9973449123,4568601.853641019,
2017-06-30,628,412364.9680737657,4568619.918547755,
2017-06-30,629,412365.75606801355,4568624.856327088,
2017-06-30,630,412368.1624450551,4568603.7992248535,
2017-06-30,631,412371.19412582496,4568572.698332955,16.27174412282319
2017-06-30,632,412373.82442102773,4568548.044599491,
2017-06-30,633,412375.0276824368,4568546.3122506365,
2017-06-30,634,412374.99887129286,4568564.369768698,
2017-06-30,635,412374.99937384576,4568581.956442603,
2017-06-30,636,412374.9976059704,4568599.579584714,
2017-06-30,637,412374.98436387064,4568617.3870287705,
2017-06-30,638,412375.5442255942,4568625.989131507,
2017-06-30,639,412377.79516424885,4568607.428720704,
2017-06-30,640,412380.80385777215,4568576.697055888,17.535958711175137
2017-06-30,641,412383.5436168682,4568550.2850851575,
2017-06-30,642,412384.98775224143,4568544.683756606,
2017-06-30,643,412384.99413732346,4568562.175943814,
2017-06-30,644,412384.9991373131,4568579.690378729,
2017-06-30,645,412384.9987552579,4568597.291261442,
2017-06-30,646,412385.0007696236,4568614.8536522165,
2017-06-30,647,412385.3620817965,4568626.644909005,
2017-06-30,648,412387.44049480674,4568610.855649568,
2017-06-30,649,412390.40911382553,4568580.7676717695,
2017-06-30,650,412393.2412495573,4568552.8719237065,
2017-06-30,651,412394.9102127065,4568543.659353475,
2017-06-30,652,412394.99048317363,4568559.964774584,
2017-06-30,653,412394.99927293503,4568577.418337209,
2017-06-30,654,412394.99999936466,4568595.001415157,
2017-06-30,655,412395.0088502354,4568612.453996221,
2017-06-30,656,412395.21184101404,4568626.788252059,
2017-06-30,657,412397.1006411226,4568614.044603925,
2017-06-30,658,412400.01209837984,4568584.874773081,
2017-06-30,659,412402.91952348966,4568555.76970762,
2017-06-30,660,412404.7962271564,4568543.220355641,49.702544516172864
2017-06-30,661,412404.99092380155,4568557.68783398,
2017-06-30,662,412404.9999393937,4568575.137769256,
2017-06-30,663,412405.000703268,4568592.7202457525,
2017-06-30,664,412405.0096375455,4568610.171487124,
2017-06-30,665,412405.0957076392,4568626.383753134,
2017-06-30,666,412406.777807588,4568616.960176241,
2017-06-30,667,412409.6150158256,4568588.982952287,
2017-06-30,668,412412.58064305596,4568558.943029366,
2017-06-30,669,412414.64799998346,4568543.331355577,
2017-06-30,670,412414.99847416574,4568555.296694961,
2017-06-30,671,412415.00116368424,4568572.848241263,0.0011636844361170974
2017-06-30,672,412415.00086667354,4568590.447757969,
2017-06-30,673,412415.00614651165,4568607.957697883,
2017-06-30,674,412415.01588606555,4568625.396004699,
2017-06-30,675,412416.47419859696,4568619.56695898,
2017-06-30,676,412419.22007055726,4568593.056801852,
2017-06-30,677,412422.2268126505,4568562.356481408,
2017-06-30,678,412424.467735581,4568543.956945745,
2017-06-30,679,412425.0145266842,4568552.768992152,
2017-06-30,680,412425.00234142767,4568570.559460923,9.99765933128295
2017-06-30,681,412425.0006482628,4568588.181403011,
2017-06-30,682,412425.0013920925,4568605.76420147,
2017-06-30,683,412424.9737664755,4568623.802677285,
2017-06-30,684,412426.19201854273,4568621.829544624,
2017-06-30,685,412428.8294669684,4568597.060914259,
2017-06-30,686,412431.8602366667,4568565.974656226,3.155536230653672
2017-06-30,687,412434.25763834233,4568545.061718624,
2017-06-30,688,412435.0311458963,4568550.232186956,
2017-06-30,689,412435.0026792485,4568568.284171634,0.0026792485463882332
2017-06-30,690,412435.0002067181,4568585.918632092,
2017-06-30,691,412434.9982121219,4568603.545415856,
2017-06-30,692,412434.96270811366,4568621.710436425,
2017-06-30,693,412435.9334718177,4568623.71252564,
2017-06-30,694,412438.4454094507,4568600.959881971,
2017-06-30,695,412441.4831194967,4568569.7621462885,6.514726380172507
2017-06-30,696,412444.01991266,4568546.610266685,
2017-06-30,697,412445.03706948424,4568547.86717764,
2017-06-30,698,412445.0013837367,4568566.035117357,10.001389408099714
2017-06-30,699,412444.99970072164,4568583.656896418,
2017-06-30,700,412444.99728359305,4568601.290467003,
2017-06-30,701,412444.9714975629,4568619.299394898,
2017-06-30,702,412445.7007628151,4568625.18049449,
2017-06-30,703,412448.0701023981,4568604.7182974545,
2017-06-30,704,412451.0976655341,4568573.6835440565,13.525568770901886
2017-06-30,705,412453.75676292734,4568548.567182386,
2017-06-30,706,412455.0210310249,4568545.8549283855,
2017-06-30,707,412454.99775823345,4568563.8234880045,
2017-06-30,708,412454.99928895483,4568581.393647196,-40.000711424127616
2017-06-30,709,412454.99783950666,4568599.011674649,
2017-06-30,710,412454.98886840144,4568616.7505168915,
2017-06-30,711,412455.4960959286,4568626.198043657,
2017-06-30,712,412457.70575020416,4568608.300753193,
2017-06-30,713,412460.7060791726,4568577.703442013,34.455168877536025
2017-06-30,714,412463.4703935382,4568550.897058214,
2017-06-30,715,412464.97200400505,4568544.372549893,
2017-06-30,716,412464.9930110944,4568561.629874645,
2017-06-30,717,412464.9991301004,4568579.12633564,30.00086990080334
2017-06-30,718,412464.9990864532,4568596.721782751,
2017-06-30,719,412465.0036234623,4568614.24365418,
2017-06-30,720,412465.3216755502,4568626.729765605,
2017-06-30,721,412467.35455726035,4568611.671841648,
2017-06-30,722,412470.31056480354,4568581.786432626,24.804605997136488
2017-06-30,723,412473.16300888394,4568553.564486634,
2017-06-30,724,412474.88520020584,4568543.496951767,
2017-06-30,725,412474.9900931227,4568559.406880737,
2017-06-30,726,412474.99938283965,4568576.852412951,20.00061766436733
2017-06-30,727,412475.00023344054,4568594.433496422,
2017-06-30,728,412475.00960982277,4568611.87763659,
2017-06-30,729,412475.1797060738,4568626.740252805,
2017-06-30,730,412477.0187279608,4568614.796155287,
2017-06-30,731,412479.913326821,4568585.897108356,
2017-06-30,732,412482.8368133586,4568556.534060106,
2017-06-30,733,412484.76249827765,4568543.197958634,32.210370222749425
2017-06-30,734,412484.9920192761,4568557.106079245,
2017-06-30,735,412485.000204796,4568574.5693473555,
2017-06-30,736,412485.00078818836,4568592.154722795,
2017-06-30,737,412485.00905222876,4568609.616729688,
2017-06-30,738,412485.0723918923,4568626.19409773,
2017-06-30,739,412486.70046669914,4568617.6382865915,
2017-06-30,740,412489.51656961883,4568590.000061688,
2017-06-30,741,412492.4940113558,4568559.770371117,
2017-06-30,742,412494.6061026142,4568543.440162973,
2017-06-30,743,412495.0017994467,4568554.679124497,
2017-06-30,744,412495.0014915839,4568572.278815514,
2017-06-30,745,412495.00084187754,4568589.883997301,
2017-06-30,746,412495.0049656382,4568607.412506439,
2017-06-30,747,412495.0019373983,4568625.055892847,
2017-06-30,748,412496.4019778668,4568620.162828024,
2017-06-30,749,412499.1224975884,4568594.059885088,
2017-06-30,750,412502.1368072674,4568563.238012131,
2017-06-30,751,412504.4182176078,4568544.188157251,
2017-06-30,752,412505.0190418407,4568552.132309596,
2017-06-30,753,412505.0025346625,4568569.992198191,
2017-06-30,754,412505.00055319,4568587.618771149,
2017-06-30,755,412505.00036500907,4568605.216539802,
2017-06-30,756,412504.9685502701,4568623.322302379,
2017-06-30,757,412506.125465858,4568622.334372054,
2017-06-30,758,412508.7333151239,4568598.041171015,
2017-06-30,759,412511.76740548713,4568566.901575609,
2017-06-30,760,412514.20104765194,4568545.406533932,
2017-06-30,761,412515.0340548407,4568549.621303801,
2017-06-30,762,412515.00254062214,4568567.722239344,
2017-06-30,763,412515.000080808,4568585.356495553,
2017-06-30,764,412514.9977994615,4568602.987885166,
2017-06-30,765,412514.96347705764,4568621.133926505,
2017-06-30,766,412515.8731350655,4568624.11751116,
2017-06-30,767,412518.35122661793,4568601.908511957,
2017-06-30,768,412521.38801040774,4568570.725654037,43.801221899644055
2017-06-30,769,412523.95679713925,4568547.059885495,
2017-06-30,770,412525.0355720238,4568547.327071293,
2017-06-30,771,412525.0007160524,4568565.481682927,
2017-06-30,772,412524.99958341295,4568583.094621714,19.999583820943013
2017-06-30,773,412524.997313973,4568600.725820085,
2017-06-30,774,412524.97545146436,4568618.671727372,
2017-06-30,775,412525.64718988247,4568625.476837806,
2017-06-30,776,412527.9784364643,4568605.62650038,
2017-06-30,777,412531.00082642323,4568574.674839885,3.3478153119237546
2017-06-30,778,412533.6876704636,4568549.112804415,
2017-06-30,779,412535.01232696744,4568545.430576255,
2017-06-30,780,412534.996571923,4568563.278383882,
2017-06-30,781,412534.99921968736,4568580.830600846,20.000780428589856
2017-06-30,782,412534.99811573065,4568598.443078926,
2017-06-30,783,412534.9932070678,4568616.116669169,
2017-06-30,784,412535.4498347015,4568626.376944461,
2017-06-30,785,412537.6171490545,4568609.159728743,
2017-06-30,786,412540.6080579248,4568578.713725604,14.459438740020177
2017-06-30,787,412543.3958720167,4568551.529883144,
2017-06-30,788,412544.9539020346,4568544.099149459,
2017-06-30,789,412544.9919978602,4568561.081990534,
2017-06-30,790,412544.9991483131,4568578.561884155,10.000851702724473
2017-06-30,791,412544.99941132433,4568596.152405641,
2017-06-30,792,412545.00588681136,4568613.643140738,
2017-06-30,793,412545.2832739162,4568626.782423602,
2017-06-30,794,412547.2695687831,4568612.47278953,
2017-06-30,795,412550.21190930705,4568582.806903685,4.81040373067254
2017-06-30,796,412553.0836061927,4568554.27571417,
2017-06-30,797,412554.85797014454,4568543.370169081,
2017-06-30,798,412554.99000231153,4568558.84418043,
2017-06-30,799,412554.99952797237,4568576.2859228505,0.00047202765338915
2017-06-30,800,412555.0004267621,4568593.866232298,
2017-06-30,801,412555.00996517146,4568611.307769993,
2017-06-30,802,412555.1497120027,4568626.657867063,
2017-06-30,803,412556.9379010193,4568615.530267727,
2017-06-30,804,412559.8145870134,4568586.918950899,
2017-06-30,805,412562.75307976414,4568557.314871745,
2017-06-30,806,412564.7266890517,4568543.208985446,39.707275024740476
2017-06-30,807,412564.993600961,4568556.516520971,
2017-06-30,808,412565.00049930916,4568574.000417411,-49.99950810823301
2017-06-30,809,412565.00070587953,4568591.590740169,
2017-06-30,810,412565.0066707844,4568609.077554033,
2017-06-30,811,412565.0415284076,4568626.042908184,
2017-06-30,812,412566.33336230385,4568620.313117264,
2017-06-30,813,412568.71245919226,4568594.952355371,
2017-06-30,814,412571.4399008515,4568563.302083345,43.72651830789161
2017-06-30,815,412573.77676906076,4568538.7037620265,
2017-06-30,816,412574.9841455987,4568534.498852259,
2017-06-30,817,412574.99482291855,4568551.900815106,
2017-06-30,818,412574.9994659273,4568569.411729806,-40.000534104795854
2017-06-30,819,412575.00019233354,4568586.993360294,
2017-06-30,820,412574.9995169794,4568604.600300117,
2017-06-30,821,412574.9715330277,4568622.700307179,
2017-06-30,822,412575.86004458874,4568624.252634787,
2017-06-30,823,412578.02588930615,4568602.742220308,
2017-06-30,824,412580.7335392527,4568571.4493037425,34.3932097698826
2017-06-30,825,412583.2440714629,4568543.715423828,
2017-06-30,826,412584.8185629707,4568532.882119296,
2017-06-30,827,412584.99316001823,4568547.324448395,
2017-06-30,828,412585.0000707826,4568564.794417925,
2017-06-30,829,412584.999938308,4568582.391555847,27.391206204367492
2017-06-30,830,412584.99799621693,4568600.021367088,
2017-06-30,831,412584.9844951291,4568617.859880467,
2017-06-30,832,412585.47452564875,4568626.606936743,
2017-06-30,833,412587.3764727023,4568609.861296214,
2017-06-30,834,412590.0136786492,4568579.840273196,27.59964847798295
2017-06-30,835,412592.6472205234,4568549.885406419,
2017-06-30,836,412594.53817535925,4568533.33823462,
2017-06-30,837,412595.01438238943,4568542.3348793285,
2017-06-30,838,412595.0019601239,4568560.153914158,
2017-06-30,839,412595.0000595723,4568577.782975387,32.78258459643385
2017-06-30,840,412594.9998651441,4568595.381231906,
2017-06-30,841,412595.0065367018,4568612.855520397,
2017-06-30,842,412595.19004980655,4568627.136866657,
2017-06-30,843,412596.77745207713,4568616.07045334,
2017-06-30,844,412599.29356690444,4568588.235777123,43.92497394404826
2017-06-30,845,412601.99947132275,4568556.974376742,
2017-06-30,846,412604.1562423665,4568535.627790931,
2017-06-30,847,412605.02902373066,4568537.464133294,
2017-06-30,848,412605.0006678716,4568555.570855291,
2017-06-30,849,412604.99982760625,4568573.180772645,10.000172458312845
2017-06-30,850,412605.0005402894,4568590.762650917,
2017-06-30,851,412605.00545568625,4568608.268647571,
2017-06-30,852,412605.0198767267,4568625.603016168,
2017-06-30,853,412606.2420870936,4568621.130283314,
2017-06-30,854,412608.58646368136,4568596.396407155,
2017-06-30,855,412611.31408352405,4568564.742926424,3.6998914878297207
2017-06-30,856,412613.68602365605,4568539.5113798585,
2017-06-30,857,412614.96336111135,4568534.043306192,
2017-06-30,858,412614.99357685563,4568551.092495335,
2017-06-30,859,412614.99945136707,4568568.581174808,0.0005486329319082017
2017-06-30,860,412615.0001010647,4568586.1641903035,
2017-06-30,861,412614.99874585005,4568603.783405269,
2017-06-30,862,412614.96988814883,4568621.899188216,
2017-06-30,863,412615.7836374181,4568624.801377796,
2017-06-30,864,412617.9056286464,4568604.082754949,
2017-06-30,865,412620.60431679344,4568572.951647127,5.624975895304294
2017-06-30,866,412623.14077889355,4568544.749593061,
2017-06-30,867,412624.776091981,4568532.818131487,
2017-06-30,868,412624.99494659604,4568546.46137316,
2017-06-30,869,412625.0004004277,4568563.957648168,
2017-06-30,870,412624.99995290034,4568581.560474491,
2017-06-30,871,412624.9982425121,4568599.186102245,
2017-06-30,872,412624.9898675374,4568616.932061683,
2017-06-30,873,412625.41536271496,4568626.844328416,
2017-06-30,874,412627.26432146376,4568611.05541214,
2017-06-30,875,412629.88343079534,4568581.36113048,
2017-06-30,876,412632.53376774385,4568551.103022171,
2017-06-30,877,412634.47640934336,4568533.622625947,
2017-06-30,878,412635.0195937225,4568541.409968818,
2017-06-30,879,412635.002121984,4568559.320173826,
2017-06-30,880,412635.000064081,4568576.952076096,
2017-06-30,881,412635.00013916456,4568594.545466475,
2017-06-30,882,412635.00766636623,4568612.004305989,
2017-06-30,883,412635.1505226488,4568627.019726825,
2017-06-30,884,412636.6758017986,4568617.074970378,
2017-06-30,885,412639.1646851948,4568589.731968138,
2017-06-30,886,412641.8782498716,4568558.332258841,
2017-06-30,887,412644.0775728633,4568536.217381221,
2017-06-30,888,412645.0252615331,4568536.7012433335,
2017-06-30,889,412644.9996718076,4568554.7580217235,
2017-06-30,890,412644.9997311676,4568572.351695994,9.999731236245394
2017-06-30,891,412645.0004978411,4568589.9325994495,
2017-06-30,892,412645.0040770847,4568607.462720872,
2017-06-30,893,412645.00237688515,4568625.088164667,
2017-06-30,894,412646.1533293156,4568621.902021299,
2017-06-30,895,412648.4613396563,4568597.824751733,
2017-06-30,896,412651.1874849415,4568566.1978947045,23.902188219775237
2017-06-30,897,412653.59284220554,4568540.362988947,
2017-06-30,898,412654.9384884826,4568533.661573196,
2017-06-30,899,412654.99260576116,4568550.2792109335,
2017-06-30,900,412654.9994803561,4568567.749833513,19.999480397997104
2017-06-30,901,412655.0000245821,4568585.334753339,
2017-06-30,902,412654.99823146197,4568602.961874857,
2017-06-30,903,412654.97052377206,4568621.0568939075,
2017-06-30,904,412655.7101636799,4568625.29715655,
2017-06-30,905,412657.7866538453,4568605.4000729155,
2017-06-30,906,412660.4747326192,4568574.460521411,6.308910857291525
2017-06-30,907,412663.0354770356,4568545.820040772,
2017-06-30,908,412664.72996412904,4568532.820169732,39.68180694107679
2017-06-30,909,412664.99767188216,4568545.581349184,
2017-06-30,910,412665.0007730476,4568563.120102488,
2017-06-30,911,412664.99997613614,4568580.729237069,
2017-06-30,912,412664.99856684403,4568598.349428425,
2017-06-30,913,412664.99504411005,4568616.007778785,
2017-06-30,914,412665.3595645561,4568627.020967774,
2017-06-30,915,412667.1538874264,4568612.218523327,
2017-06-30,916,412669.7532525693,4568582.880730604,
2017-06-30,917,412672.4187370183,4568552.349128337,
2017-06-30,918,412674.4114178079,4568533.965255264,
2017-06-30,919,412675.0242014219,4568540.495957145,
2017-06-30,920,412675.0021481141,4568558.488884156,
2017-06-30,921,412675.0000517039,4568576.121481682,
2017-06-30,922,412675.00033571804,4568593.711099742,
2017-06-30,923,412675.00807161303,4568611.166171218,
2017-06-30,924,412675.11479160946,4568626.834046618,
2017-06-30,925,412676.576300065,4568618.040694618,
2017-06-30,926,412679.0363044563,4568591.21911393,
2017-06-30,927,412681.75588181795,4568559.710843294,
2017-06-30,928,412683.9961091839,4568536.857421441,
2017-06-30,929,412685.0184193643,4568535.993963443,
2017-06-30,930,412684.99841539445,4568553.949888858,
2017-06-30,931,412684.9996364267,4568571.522588694,9.999636486669772
2017-06-30,932,412685.00042832963,4568589.103036619,
2017-06-30,933,412685.00263782585,4568606.657889355,
2017-06-30,934,412684.9890522855,4568624.497927556,
2017-06-30,935,412686.067151425,4568622.627178419,
2017-06-30,936,412688.33714794525,4568599.236263026,
2017-06-30,937,412691.0601710996,4568567.665777275,3.9545767037246504
2017-06-30,938,412693.49729792215,4568541.257259903,
2017-06-30,939,412694.9096054472,4568533.352249643,
2017-06-30,940,412694.9920293315,4568549.458800706,
2017-06-30,941,412694.99956210156,4568566.917539683,0.000437898448873903
2017-06-30,942,412694.9999716062,4568584.504891954,
2017-06-30,943,412694.9979415836,4568602.136290834,
2017-06-30,944,412694.97299326025,4568620.181488463,
2017-06-30,945,412695.639701172,4568625.738566381,
2017-06-30,946,412697.6690427012,4568606.692769535,
2017-06-30,947,412700.34486452834,4568575.974521926,-25.437844967279734
2017-06-30,948,412702.9282436876,4568546.925362289,
2017-06-30,949,412704.68025721307,4568532.8868293585,
2017-06-30,950,412705.00145151664,4568544.682288542,
2017-06-30,951,412705.0011564105,4568562.282362839,
2017-06-30,952,412705.0000034115,4568579.897926721,
2017-06-30,953,412704.9989369809,4568597.511927574,
2017-06-30,954,412704.99957821,4568615.095095977,
2017-06-30,955,412705.3072089708,4568627.135450148,
2017-06-30,956,412707.04524838907,4568613.349225106,
2017-06-30,957,412709.62322176906,4568584.397668893,
2017-06-30,958,412712.302206145,4568553.622320248,
2017-06-30,959,412714.3432785511,4568534.364717902,
2017-06-30,960,412715.0277588503,4568539.600908517,
2017-06-30,961,412715.00200628204,4568557.660627099,
2017-06-30,962,412715.0000178369,4568575.2912752805,
2017-06-30,963,412715.00046335853,4568592.877977255,
2017-06-30,964,412715.00787215936,4568610.338954545,
2017-06-30,965,412715.08293448616,4568626.578421362,
2017-06-30,966,412716.4790246736,4568618.966221381,
2017-06-30,967,412718.90850248653,4568592.695809823,
2017-06-30,968,412721.6324449595,4568561.108725424,44.34591601482536
2017-06-30,969,412723.91192912625,4568537.546506918,
2017-06-30,970,412725.0080505869,4568535.350357824,
2017-06-30,971,412724.9970096031,4568553.144453082,
2017-06-30,972,412724.9995525925,4568570.693284468,10.000447448702399
2017-06-30,973,412725.0003409642,4568588.273796155,
2017-06-30,974,412725.00125762733,4568605.851991484,
2017-06-30,975,412724.97959090804,4568623.837938483,
2017-06-30,976,412725.9836312198,4568623.304350005,
2017-06-30,977,412728.2139663458,4568600.629536359,
2017-06-30,978,412730.9322197956,4568569.145169463,4.082927303068169
2017-06-30,979,412733.3994686029,4568542.192788052,
2017-06-30,980,412734.87678980245,4568533.113930862,
2017-06-30,981,412734.99196728395,4568548.629103111,
2017-06-30,982,412734.99970581196,4568566.08412705,0.0002941880441322004
2017-06-30,983,412734.999943443,4568583.674582567,
2017-06-30,984,412734.9978439838,4568601.307235154,
2017-06-30,985,412734.97684997617,4568619.281036085,
2017-06-30,986,412735.57232769235,4568626.1242026165,
2017-06-30,987,412737.5528730115,4568607.959440136,
2017-06-30,988,412740.2147903181,4568577.492243999,29.195813738988853
2017-06-30,989,412742.81915664644,4568548.064152942,
2017-06-30,990,412744.62704903056,4568533.016705697,
2017-06-30,991,412745.0061847614,4568543.766010102,
2017-06-30,992,412745.0015182846,4568561.445011175,
2017-06-30,993,412745.0000301212,4568579.06662658,
2017-06-30,994,412744.9993206912,4568596.67418165,
2017-06-30,995,412745.00309080485,4568614.200856839,
2017-06-30,996,412745.25837375637,4568627.186370864,
2017-06-30,997,412746.93848214886,4568614.446112804,
2017-06-30,998,412749.49341619265,4568585.910540681,
2017-06-30,999,412752.1842529219,4568554.921193233,
2017-06-30,1000,412754.2720693707,4568534.819609189,
2017-06-30,1001,412755.0298193706,4568538.732887143,
2017-06-30,1002,412755.0016642567,4568556.83598461,
2017-06-30,1003,412754.99995850463,4568574.461528661,19.99995857920523
2017-06-30,1004,412755.0005312956,4568592.045932744,
2017-06-30,1005,412755.0071877224,4568609.520494429,
2017-06-30,1006,412755.0550290768,4568626.25144639,
2017-06-30,1007,412756.3840534226,4568619.850146004,
2017-06-30,1008,412758.7813570837,4568594.160651155,
2017-06-30,1009,412761.508017094,4568562.52450057,
2017-06-30,1010,412763.8251104877,4568538.283232987,
2017-06-30,1011,412764.9937142991,4568534.778387137,
2017-06-30,1012,412764.9955741502,4568552.339552851,
2017-06-30,1013,412764.9994888739,4568569.863617047,20.000511163289346
2017-06-30,1014,412765.00024495326,4568587.444711783,
2017-06-30,1015,412765.00005620625,4568605.04286572,
2017-06-30,1016,412764.9735464589,4568623.116255458,
2017-06-30,1017,412765.9028464978,4568623.93213139,
2017-06-30,1018,412768.0918726562,4568602.003167066,
2017-06-30,1019,412770.8037088277,4568570.634666602,14.248915548497576
2017-06-30,1020,412773.29943204625,4568543.168168729,
2017-06-30,1021,412774.84011934634,4568532.945212185,
2017-06-30,1022,412774.9925393358,4568547.787956612,
2017-06-30,1023,412774.9999206965,4568565.24942934,10.000079764074785
2017-06-30,1024,412774.9999356391,4568582.843905583,
2017-06-30,1025,412774.9979064307,4568600.4752897695,
2017-06-30,1026,412774.98164728266,4568618.363600985,
2017-06-30,1027,412775.5081210389,4568626.45266059,
2017-06-30,1028,412777.43822257454,4568609.19868005,
2017-06-30,1029,412780.08458778716,4568579.01228296,-47.02008821252245
2017-06-30,1030,412782.7082937109,4568549.235008059,
2017-06-30,1031,412784.57041737996,4568533.208394079,
2017-06-30,1032,412785.01145079825,4568542.84011189,
2017-06-30,1033,412785.0018264389,4568560.608629447,
2017-06-30,1034,412785.0000516611,4568578.235419783,
2017-06-30,1035,412784.99968574336,4568595.836772605,
2017-06-30,1036,412785.00557448325,4568613.325195182,
2017-06-30,1037,412785.2131367111,4568627.172325255,
2017-06-30,1038,412786.8336665042,4568615.507781753,
2017-06-30,1039,412789.3639136382,4568587.4179412965,
2017-06-30,1040,412792.06495514716,4568556.24434262,
2017-06-30,1041,412794.1978680652,4568535.328524458,
2017-06-30,1042,412795.0299363458,4568537.899957228,
2017-06-30,1043,412795.00108980655,4568556.015538644,
2017-06-30,1044,412794.99987753795,4568573.632172658,9.999877595243012
2017-06-30,1045,412795.0005487377,4568591.214799929,
2017-06-30,1046,412795.0061380195,4568608.708629333,
2017-06-30,1047,412795.03115317936,4568625.85171703,
2017-06-30,1048,412796.29146411,4568620.691063824,
2017-06-30,1049,412798.65494604525,4568595.612233257,
2017-06-30,1050,412801.3826760193,4568563.956764061,33.74529885236417
2017-06-30,1051,412803.73573106644,4568539.066194974,
2017-06-30,1052,412804.97518822073,4568534.282064728,
2017-06-30,1053,412804.99422875314,4568551.533026628,
2017-06-30,1054,412804.9994544799,4568569.033420156,19.999454483922154
2017-06-30,1055,412805.0001495061,4568586.615617231,
2017-06-30,1056,412804.9991317594,4568604.228739078,
2017-06-30,1057,412804.9704723005,4568622.340942685,
2017-06-30,1058,412805.82487505674,4568624.5091179,
2017-06-30,1059,412807.9709446736,4568603.355750478,
2017-06-30,1060,412810.67471599294,4568572.132864021,24.415113454425146
2017-06-30,1061,412813.1972660492,4568544.181997264,
2017-06-30,1062,412814.7996718766,4568532.844688943,
2017-06-30,1063,412814.9938652039,4568546.9331996655,
2017-06-30,1064,412815.0002135801,4568564.41332333,
2017-06-30,1065,412814.9999435901,4568582.01294414,
2017-06-30,1066,412814.99809669255,4568599.641036632,
2017-06-30,1067,412814.9869385422,4568617.437247367,
2017-06-30,1068,412815.4471590093,4568626.722535627,
2017-06-30,1069,412817.3251691878,4568610.409084604,
2017-06-30,1070,412819.95433473255,4568580.53323414,
2017-06-30,1071,412822.59573267814,4568550.436522972,
2017-06-30,1072,412824.5104400584,4568533.46048983,
2017-06-30,1073,412825.0168029904,4568541.912658115,
2017-06-30,1074,412825.00204864127,4568559.77379961,
2017-06-30,1075,412825.0000634266,4568577.404389465,
2017-06-30,1076,412824.9999999061,4568595.000282393,
2017-06-30,1077,412825.0071488523,4568612.465951458,
2017-06-30,1078,412825.17157563247,4568627.091908649,
2017-06-30,1079,412826.7308792525,4568616.532827282,
2017-06-30,1080,412829.2347919028,4568588.918466067,
2017-06-30,1081,412831.94439061783,4568557.590363741,
2017-06-30,1082,412834.12075243145,4568535.890059034,
2017-06-30,1083,412835.0276631383,4568537.11018298,
2017-06-30,1084,412835.0002507,4568555.19987115,
2017-06-30,1085,412834.99978404655,4568572.8030427955,0.00021595345025132002
2017-06-30,1086,412835.00052489433,4568590.384412548,
2017-06-30,1087,412835.00484276784,4568607.901197717,
2017-06-30,1088,412835.01138459146,4568625.377828611,
2017-06-30,1089,412836.2013345335,4568621.487570156,
2017-06-30,1090,412838.5293471696,4568597.04915145,
2017-06-30,1091,412841.2564995339,4568565.404111222,4.661271940959281
2017-06-30,1092,412843.64386866067,4568539.893988208,
2017-06-30,1093,412844.9525315843,4568533.860321145,
2017-06-30,1094,412844.9930931291,4568550.722712872,
2017-06-30,1095,412844.9994586197,4568568.202527523,9.999458624756098
2017-06-30,1096,412845.0000638318,4568585.786346224,
2017-06-30,1097,412844.9984815973,4568603.40966012,
2017-06-30,1098,412844.9699217957,4568621.520064371,
2017-06-30,1099,412845.7497946946,4568625.033904864,
2017-06-30,1100,412847.8512601964,4568604.685881916,
2017-06-30,1101,412850.54531909025,4568573.638357043,14.507894050512173
2017-06-30,1102,412853.0930484106,4568545.23286898,
2017-06-30,1103,412854.7555251914,4568532.8109564595,32.193982431453804
2017-06-30,1104,412854.9960646058,4568546.062670734,
2017-06-30,1105,412855.0005668016,4568563.576127895,
2017-06-30,1106,412854.99996269157,4568581.181781371,
2017-06-30,1107,412854.9983825379,4568598.805057695,
2017-06-30,1108,412854.99227711814,4568616.510039438,
2017-06-30,1109,412855.3895194015,4568626.932423058,
2017-06-30,1110,412857.2137906491,4568611.58924913,
2017-06-30,1111,412859.8241089524,4568582.053692868,
2017-06-30,1112,412862.48155134614,4568551.667293007,
2017-06-30,1113,412864.4471948643,4568533.771588284,
2017-06-30,1114,412865.02179470053,4568540.991712983,
2017-06-30,1115,412865.00215266057,4568558.941103617,
2017-06-30,1116,412865.0000608132,4568576.573618765,
2017-06-30,1117,412865.0002378473,4568594.165168386,
2017-06-30,1118,412865.007933629,4568611.620964125,
2017-06-30,1119,412865.1337683187,4568626.943716376,
2017-06-30,1120,412866.63019819214,4568617.519844718,
2017-06-30,1121,412869.1061287855,4568590.410710324,
2017-06-30,1122,412871.8226371328,4568558.957851922,
2017-06-30,1123,412874.0408002683,4568536.502808252,
2017-06-30,1124,412875.022553111,4568536.371628604,
2017-06-30,1125,412874.9991255604,4568554.389368094,
2017-06-30,1126,412874.9996872395,4568571.973972803,6.974462567545318
2017-06-30,1127,412875.00046897423,4568589.554604321,
2017-06-30,1128,412875.0034216845,4568607.096038038,
2017-06-30,1129,412874.9957988023,4568624.8284181515,
2017-06-30,1130,412876.1137424908,4568622.238260338,
2017-06-30,1131,412878.4046382538,4568598.470001066,
2017-06-30,1132,412881.1295654347,4568566.865137381,7.384194379652585
2017-06-30,1133,412883.54960106773,4568540.76520802,
2017-06-30,1134,412884.92582218687,4568533.511751714,
2017-06-30,1135,412884.9922869952,4568549.906450042,
2017-06-30,1136,412884.99951050227,4568567.37077288,12.369111929095071
2017-06-30,1137,412884.99999713904,4568584.956732501,
2017-06-30,1138,412884.99807349197,4568602.586210733,
2017-06-30,1139,412884.9714483078,4568620.661684725,
2017-06-30,1140,412885.67768320924,4568625.505087621,
2017-06-30,1141,412887.7328970223,4568605.992156725,
2017-06-30,1142,412890.41559591703,4568575.1497410145,23.63204590203435
2017-06-30,1143,412892.98685692763,4568546.319379218,
2017-06-30,1144,412894.70775708836,4568532.842610072,
2017-06-30,1145,412894.9992572583,4568545.174208273,
2017-06-30,1146,412895.000948313,4568562.738421676,
2017-06-30,1147,412894.99998833885,4568580.350500415,
2017-06-30,1148,412894.9987317355,4568597.967934914,
2017-06-30,1149,412894.99721637304,4568615.590041406,
2017-06-30,1150,412895.33528001345,4568627.080918215,
2017-06-30,1151,412897.10416475625,4568612.737768957,
2017-06-30,1152,412899.69398824475,4568583.572254473,
2017-06-30,1153,412902.36582751287,4568552.925913497,
2017-06-30,1154,412904.3807595951,4568534.1402847655,
2017-06-30,1155,412905.02597929107,4568540.085340701,
2017-06-30,1156,412905.00210626505,4568558.111123419,
2017-06-30,1157,412905.0000392165,4568575.743190817,
2017-06-30,1158,412905.0004018623,4568593.331389146,
2017-06-30,1159,412905.0080485307,4568610.7880716445,
2017-06-30,1160,412905.0997925675,4568626.726343768,
2017-06-30,1161,412906.53170112043,4568618.467429398,
2017-06-30,1162,412908.97800208256,4568591.893269395,
2017-06-30,1163,412911.6997724885,4568560.345402497,
2017-06-30,1164,412913.9580893725,4568537.1653674375,
2017-06-30,1165,412915.0141596269,4568535.6923583085,
2017-06-30,1166,412914.9977862447,4568553.58273207,
2017-06-30,1167,412914.9995963255,4568571.144796403,46.14911746493746
2017-06-30,1168,412915.00039018644,4568588.725208978,
2017-06-30,1169,412915.0019944866,4568606.290988758,
2017-06-30,1170,412914.9842894693,4568624.205405707,
2017-06-30,1171,412916.0287657798,4568622.941729696,
2017-06-30,1172,412918.2808970964,4568599.873377437,
2017-06-30,1173,412921.0019515202,4568568.338437871,-38.73966737775048
2017-06-30,1174,412923.4530060857,4568541.678449737,
2017-06-30,1175,412924.8951378269,4568533.234951766,
2017-06-30,1176,412924.99193006865,4568549.082076597,
2017-06-30,1177,412924.9996193364,4568566.537989948,
2017-06-30,1178,412924.99995595653,4568584.126658187,
2017-06-30,1179,412924.99787521176,4568601.75897287,
2017-06-30,1180,412924.9746051992,4568619.773867953,
2017-06-30,1181,412925.60861839895,4568625.92126149,
2017-06-30,1182,412927.6159329496,4568607.273170225,
2017-06-30,1183,412930.28562427143,4568576.66561125,
2017-06-30,1184,412932.87876939867,4568547.440123297,
2017-06-30,1185,412934.6564453655,4568532.938245104,
2017-06-30,1186,412935.00351337006,4568544.26654465,
2017-06-30,1187,412935.0013258827,4568561.900786617,
2017-06-30,1188,412935.0000159274,4568579.519184408,
2017-06-30,1189,412934.9991120534,4568597.130250238,
2017-06-30,1190,412935.0013137269,4568614.6852442175,
2017-06-30,1191,412935.2845186428,4568627.166616425,
2017-06-30,1192,412936.9963693075,4568613.853239411,
2017-06-30,1193,412939.56405040727,4568585.087514279,
2017-06-30,1194,412942.2486389764,4568554.210979768,
2017-06-30,1195,412944.3112120491,4568534.565174606,
2017-06-30,1196,412945.02891012514,4568539.201605475,
2017-06-30,1197,412945.0018772233,4568557.284440972,
2017-06-30,1198,412944.99999403436,4568574.913188709,
2017-06-30,1199,412945.0005011603,4568592.498778399,
2017-06-30,1200,412945.00761327473,4568609.965112476,
2017-06-30,1201,412945.0697261765,4568626.438386148,
2017-06-30,1202,412946.43546583585,4568619.374176646,
2017-06-30,1203,412948.85048959387,4568593.364738617,
2017-06-30,1204,412951.57587448496,4568561.7516108,37.09675975535147
2017-06-30,1205,412953.87269754335,4568537.876331925,
2017-06-30,1206,412955.00203604845,4568535.080436299,
2017-06-30,1207,412954.99635209295,4568552.777808345,
2017-06-30,1208,412954.99952051375,4568570.315347326,40.000479609736246
2017-06-30,1209,412955.0002977399,4568587.896060247,
2017-06-30,1210,412955.0006808917,4568605.483888336,
2017-06-30,1211,412954.97644021595,4568623.516309114,
2017-06-30,1212,412955.94648219866,4568623.596573559,
2017-06-30,1213,412958.1582014952,4568601.257875888,
2017-06-30,1214,412960.8737355884,4568569.822608018,34.25306724520224
2017-06-30,1215,412963.35416151263,4568542.632308688,
2017-06-30,1216,412964.86055630207,4568533.028516632,
2017-06-30,1217,412964.9921420669,4568548.247431003,
2017-06-30,1218,412964.9997943315,4568565.704012463,30.000206628496937
2017-06-30,1219,412964.9999376397,4568583.296171013,
2017-06-30,1220,412964.99785452546,4568600.928528484,
2017-06-30,1221,412964.9789458326,4568618.86467826,
2017-06-30,1222,412965.5426780609,4568626.281021801,
2017-06-30,1223,412967.50044577545,4568608.527517743,
2017-06-30,1224,412970.1554819505,4568578.184563079,
2017-06-30,1225,412972.7688636208,4568548.59369655,
2017-06-30,1226,412974.60166782024,4568533.096456885,
2017-06-30,1227,412975.0085447417,4568543.344883418,
2017-06-30,1228,412975.0016672796,4568561.0638046805,
2017-06-30,1229,412975.0000408527,4568578.687916482,
2017-06-30,1230,412974.9994912602,4568596.292585623,
2017-06-30,1231,412975.00434276613,4568613.799735862,
2017-06-30,1232,412975.2373130876,4568627.188113019,
2017-06-30,1233,412976.8904821006,4568614.934255829,
2017-06-30,1234,412979.4343732381,4568586.598067629,
2017-06-30,1235,412982.1300635346,4568555.521087155,
2017-06-30,1236,412984.2386300239,4568535.044853139,
2017-06-30,1237,412985.03014056577,4568538.348571513,
2017-06-30,1238,412985.0014333035,4568556.461638224,
2017-06-30,1239,412984.9999237578,4568574.083639696,10.000076289398983
2017-06-30,1240,412985.00054494996,4568591.66716987,
2017-06-30,1241,412985.00674757775,4568609.149925077,
2017-06-30,1242,412985.04364694393,4568626.078438851,
2017-06-30,1243,412986.34157013556,4568620.2386817895,
2017-06-30,1244,412988.7236691156,4568594.82371331,
2017-06-30,1245,412991.4510209182,4568563.175072147,20.929590485148605
2017-06-30,1246,412993.7847025775,4568538.634297036,
2017-06-30,1247,412994.9857911279,4568534.542926711,
2017-06-30,1248,412994.9949428224,4568551.972435381,
2017-06-30,1249,412994.99946901336,4568569.485459302,0.0005309866397158322
2017-06-30,1250,412995.000200844,4568587.066991859,
2017-06-30,1251,412994.9995989616,4568604.672605111,
2017-06-30,1252,412994.97180440516,4568622.769192578,
2017-06-30,1253,412995.8669695447,4568624.201387261,
2017-06-30,1254,412998.036629247,4568602.622091756,
2017-06-30,1255,413000.74499543593,4568571.316243162,1.9048489032768643
2017-06-30,1256,413003.2531451454,4568543.625380212,
2017-06-30,1257,413004.8221554098,4568532.891041642,
2017-06-30,1258,413004.9930427069,4568547.400351715,
2017-06-30,1259,413005.00004466943,4568564.868674627,
2017-06-30,1260,413004.99993758486,4568582.465354122,
2017-06-30,1261,413004.9979792012,4568600.095459528,
2017-06-30,1262,413004.98402357084,4568617.942179852,
2017-06-30,1263,413005.47993999306,4568626.582963892,
2017-06-30,1264,413007.386513298,4568609.753794618,
2017-06-30,1265,413010.0252467532,4568579.705191846,
2017-06-30,1266,413012.65721739293,4568549.778694313,
2017-06-30,1267,413014.54350225144,4568533.315840754,
2017-06-30,1268,413015.0139054196,4568542.4172764225,
2017-06-30,1269,413015.00194027164,4568560.228057816,
2017-06-30,1270,413015.0000585106,4568577.856779781,
2017-06-30,1271,413014.99983712495,4568595.455523024,
2017-06-30,1272,413015.00639732124,4568612.931822192,
2017-06-30,1273,413015.19374114583,4568627.144003326,
2017-06-30,1274,413016.7865809333,4568615.979413535,
2017-06-30,1275,413019.30503453495,4568588.102509843,
2017-06-30,1276,413022.0101789851,4568556.854830984,
2017-06-30,1277,413024.16309131763,4568535.577915692,
2017-06-30,1278,413025.02922397514,4568537.53430302,
2017-06-30,1279,413025.00074227457,4568555.643297137,
2017-06-30,1280,413024.9998359428,4568573.25440734,0.00016405718739644003
2017-06-30,1281,413025.00054244086,4568590.836397294,
2017-06-30,1282,413025.00557115756,4568608.340347914,
2017-06-30,1283,413025.02163266746,4568625.645097205,
2017-06-30,1284,413026.2500918178,4568621.059540161,
2017-06-30,1285,413028.59761844616,4568596.268788808,
2017-06-30,1286,413031.32528958656,4568564.614381878,4.439485308175017
2017-06-30,1287,413033.69418227335,4568539.437858107,
2017-06-30,1288,413034.9653735406,4568534.080756228,
2017-06-30,1289,413034.9936781501,4568551.164451638,
2017-06-30,1290,413034.9994510331,4568568.6549660545,3.654408952230329
2017-06-30,1291,413035.0001087071,4568586.237837534,
2017-06-30,1292,413034.99880347267,4568603.856150087,
2017-06-30,1293,413034.9699353998,4568621.972120306,
2017-06-30,1294,413035.7903056162,4568624.754766127,
2017-06-30,1295,413037.916258151,4568603.964620362,
2017-06-30,1296,413040.6158088619,4568572.817938616,12.41606353056291
2017-06-30,1297,413043.150034783,4568544.656259623,
2017-06-30,1298,413044.7800129485,4568532.821122119,41.86593541819525
2017-06-30,1299,413044.9947517061,4568546.538677197,
2017-06-30,1300,413045.00036893965,4568564.032001916,
2017-06-30,1301,413044.999951187,4568581.634290646,
2017-06-30,1302,413044.9982170077,4568599.260347956,
2017-06-30,1303,413044.9893917768,4568617.01443694,
2017-06-30,1304,413045.42048199376,4568626.825683084,
2017-06-30,1305,413047.27421331545,4568610.950596168,
2017-06-30,1306,413049.89499647706,4568581.226092863,
2017-06-30,1307,413052.5439085125,4568550.993711904,
2017-06-30,1308,413054.48202645616,4568533.594992027,
2017-06-30,1309,413055.0191487672,4568541.491787877,
2017-06-30,1310,413055.0021126276,4568559.394127976,-49.997887818820715
2017-06-30,1311,413055.0000642961,4568577.025857431,
2017-06-30,1312,413055.00011806656,4568594.619632622,
2017-06-30,1313,413055.00759710954,4568612.079341667,
2017-06-30,1314,413055.1538806149,4568627.032882674,
2017-06-30,1315,413056.68474360346,4568616.987307862,
2017-06-30,1316,413059.17611209553,4568589.599436254,
2017-06-30,1317,413061.8890631254,4568558.210806586,43.28155387402539
2017-06-30,1318,413064.0846737275,4568536.162957593,
2017-06-30,1319,413065.0257137167,4568536.766864205,
2017-06-30,1320,413064.99977213755,4568554.829995445,
2017-06-30,1321,413064.99973979883,4568572.425325375,0.0002602011681989734
2017-06-30,1322,413065.0005028414,4568590.006294391,
2017-06-30,1323,413065.00420373096,4568607.534219441,
2017-06-30,1324,413065.00376114494,4568625.13695654,
2017-06-30,1325,413066.16110868065,4568621.835347092,
2017-06-30,1326,413068.4724153836,4568597.698560438,
2017-06-30,1327,413071.19875828805,4568566.068135316,-6.22211489787277
2017-06-30,1328,413073.60121442867,4568540.285610462,
2017-06-30,1329,413074.94086083915,4568533.692524608,
2017-06-30,1330,413074.99267779355,4568550.351695577,
2017-06-30,1331,413074.9994757823,4568567.823701316,9.999475799755633
2017-06-30,1332,413075.00003053906,4568585.408431008,
2017-06-30,1333,413074.99826758733,4568603.035007814,
2017-06-30,1334,413074.97038656246,4568621.133156504,
2017-06-30,1335,413075.7165682113,4568625.255305493,
2017-06-30,1336,413077.7971660051,4568605.284057048,
2017-06-30,1337,413080.4862536645,4568574.326289728,15.543196551795111
2017-06-30,1338,413083.04490822344,4568545.723542269,
2017-06-30,1339,413084.7342067163,4568532.817353406,37.6257173297211
2017-06-30,1340,413084.99738878105,4568545.660245902,
2017-06-30,1341,413085.00073904695,4568563.194501599,19.9992630353956
2017-06-30,1342,413084.99997384165,4568580.803063722,
2017-06-30,1343,413084.9985357134,4568598.42377572,
2017-06-30,1344,413084.9946038135,4568616.08951373,
2017-06-30,1345,413085.36438186036,4568627.0077747125,
2017-06-30,1346,413087.1636236251,4568612.116517732,
2017-06-30,1347,413089.7648089192,4568582.74586147,
2017-06-30,1348,413092.4290147769,4568552.237344663,30.162710136217758
2017-06-30,1349,413094.41731823224,4568533.932506044,
2017-06-30,1350,413095.02382814715,4568540.576481983,
2017-06-30,1351,413095.0021521161,4568558.5625971155,9.997847894208109
2017-06-30,1352,413095.00005360524,4568576.195232575,
2017-06-30,1353,413095.00032118417,4568593.785147372,
2017-06-30,1354,413095.00806181564,4568611.24013328,
2017-06-30,1355,413095.1178088225,4568626.853354123,
2017-06-30,1356,413096.5850420748,4568617.956629917,
2017-06-30,1357,413099.0476706865,4568591.087656129,
2017-06-30,1358,413101.7667764364,4568559.5878936015,3.245879701669252
2017-06-30,1359,413104.00344110344,4568536.798803172,
2017-06-30,1360,413105.0191649307,4568536.054290084,
2017-06-30,1361,413104.9985264626,4568554.02165508,
2017-06-30,1362,413104.99941256305,4568571.600035827,33.82896482281069
2017-06-30,1363,413104.9977577759,4568589.220653147,
2017-06-30,1364,413104.9872216466,4568606.984555619,
2017-06-30,1365,413105.5135884026,4568616.124646098,
2017-06-30,1366,413107.7385551073,4568597.981395298,
2017-06-30,1367,413110.74208510097,4568567.332672904,24.12693104966451
2017-06-30,1368,413113.4974881632,4568540.66943409,
2017-06-30,1369,413114.9780740737,4568534.48263403,
2017-06-30,1370,413114.9934148038,4568551.83097338,
2017-06-30,1371,413114.9991299265,4568569.333921677,39.665434728374784
2017-06-30,1372,413114.9989646786,4568586.93132197,
2017-06-30,1373,413115.00264450494,4568604.466961697,
2017-06-30,1374,413115.3363117926,4568616.702257752,
2017-06-30,1375,413117.38606956264,4568601.373266164,
2017-06-30,1376,413120.34684025997,4568571.411350128,11.845631722371133
2017-06-30,1377,413123.1919345891,4568543.307457739,
2017-06-30,1378,413124.89466325415,4568533.552537089,
2017-06-30,1379,413124.990204301,4568549.612678215,
2017-06-30,1380,413124.9993384329,4568567.060709475,-45.51135201301006
2017-06-30,1381,413125.00015218,4568584.642384897,
2017-06-30,1382,413125.00937979185,4568602.088914656,
2017-06-30,1383,413125.1912830404,4568616.761883831,
2017-06-30,1384,413127.0487436495,4568604.521618808,
2017-06-30,1385,413129.94966832583,4568575.520964987,-11.145402317144796
2017-06-30,1386,413132.86736777384,4568546.250870461,
2017-06-30,1387,413134.77515269775,4568533.202283327,24.64146670502211
2017-06-30,1388,413134.9915621959,4568547.321004234,
2017-06-30,1389,413135.000102559,4568564.778572759,10.000103695608558
2017-06-30,1390,413135.00076067005,4568582.362748047,
2017-06-30,1391,413135.00929540076,4568599.820407047,
2017-06-30,1392,413135.08070798725,4568616.2681057155,
2017-06-30,1393,413136.7287841778,4568607.391027195,
2017-06-30,1394,413139.55277557555,4568579.626095525,
2017-06-30,1395,413142.52599288477,4568549.4642587975,
2017-06-30,1396,413144.6217468099,4568533.396465115,
2017-06-30,1397,413145.00050332793,4568544.907526341,
2017-06-30,1398,413145.0013720372,4568562.488318948,20.001375337734075
2017-06-30,1399,413145.0008535896,4568580.091392423,
2017-06-30,1400,413145.0054062895,4568597.613011832,
2017-06-30,1401,413145.0067910256,4568615.185515878,
2017-06-30,1402,413146.4283955397,4568609.946083793,
2017-06-30,1403,413149.1583664014,4568583.691334211,
2017-06-30,1404,413152.1700143146,4568552.912215226,
2017-06-30,1405,413154.4366499836,4568534.099674932,
2017-06-30,1406,413155.0173873235,4568542.366468132,
2017-06-30,1407,413155.0024703652,4568560.200814199,30.002471978341653
2017-06-30,1408,413155.000589621,4568577.82576924,
2017-06-30,1409,413155.00072741596,4568595.418301976,
2017-06-30,1410,413154.9702570262,4568613.502471272,
2017-06-30,1411,413156.14978212945,4568612.15138108,
2017-06-30,1412,413158.76864519686,4568587.68127352,
2017-06-30,1413,413161.80163645616,4568556.559332209,48.62471389791657
2017-06-30,1414,413164.2220666113,4568535.276505238,
2017-06-30,1415,413165.0330722603,4568539.844669512,
2017-06-30,1416,413165.00260413287,4568557.928802465,40.00260560426829
2017-06-30,1417,413165.00012744573,4568575.563329696,
2017-06-30,1418,413164.99793570885,4568593.193279973,
2017-06-30,1419,413164.963062496,4568611.348168549,
2017-06-30,1420,413165.89514833956,4568613.971511524,
2017-06-30,1421,413168.38581635564,4568591.560505923,
2017-06-30,1422,413171.42306370346,4568560.37020222,27.331268817913905
2017-06-30,1423,413173.98020108696,4568536.891548508,
2017-06-30,1424,413175.0362917159,4568537.5230946615,
2017-06-30,1425,413175.0009799302,4568555.685027705,
2017-06-30,1426,413174.9996257458,4568573.301525002,48.180154234153214
2017-06-30,1427,413174.99729290215,4568590.933741779,
2017-06-30,1428,413174.97394592076,4568608.903493052,
2017-06-30,1429,413175.66669856315,4568615.371067596,
2017-06-30,1430,413178.01208427007,4568595.293623892,
2017-06-30,1431,413181.0365004484,4568564.30941773,5.250222888015391
2017-06-30,1432,413183.71325780277,4568538.909397214,
2017-06-30,1433,413185.01577926765,4568535.582707767,
2017-06-30,1434,413184.99701401725,4568553.478866096,
2017-06-30,1435,413184.99924320367,4568571.037806371,42.29918500655281
2017-06-30,1436,413184.9980099003,4568588.652362046,
2017-06-30,1437,413184.9916408776,4568606.349408974,
2017-06-30,1438,413185.4666371929,4568616.314641761,
2017-06-30,1439,413187.64965333295,4568598.845219887,
2017-06-30,1440,413190.64415108477,4568568.341571211,17.373831775878852
2017-06-30,1441,413193.42344115255,4568541.294643828,
2017-06-30,1442,413194.96083424054,4568534.1953858305,
2017-06-30,1443,413194.99235461396,4568551.283843512,
2017-06-30,1444,413194.99913850095,4568568.769625008,36.37674733097948
2017-06-30,1445,413194.9992932932,4568586.361884735,
2017-06-30,1446,413195.005119743,4568603.863044838,
2017-06-30,1447,413195.2971686226,4568616.7668264955,
2017-06-30,1448,413197.3007279383,4568602.1798863895,
2017-06-30,1449,413200.2482200056,4568572.431255132,-40.30604558771229
2017-06-30,1450,413203.1129555288,4568544.011880816,
2017-06-30,1451,413204.8682452126,4568533.412711538,
2017-06-30,1452,413204.98999800126,4568549.051832908,
2017-06-30,1453,413204.99947032006,4568566.494432126,30.40419979740022
2017-06-30,1454,413205.00036021374,4568584.07488446,
2017-06-30,1455,413205.0098784947,4568601.516745419,
2017-06-30,1456,413205.16049724485,4568616.69221427,
2017-06-30,1457,413206.9675124786,4568605.262215869,
2017-06-30,1458,413209.85091160424,4568576.543061963,
2017-06-30,1459,413212.78400532575,4568547.025700653,
2017-06-30,1460,413214.74010434723,4568533.201080028,28.238709538761558
2017-06-30,1461,413214.9929591372,4568546.734407256,
2017-06-30,1462,413215.0003908054,4568564.209783925,24.377894453598323
2017-06-30,1463,413215.0008257439,4568581.797543872,
2017-06-30,1464,413215.0085669153,4568599.2679492235,
2017-06-30,1465,413215.0588274526,4568616.055397552,
2017-06-30,1466,413216.6522113466,4568608.056800792,
2017-06-30,1467,413219.45443027245,4568580.641584178,
2017-06-30,1468,413222.4387949343,4568550.300695807,38.09952690183875
2017-06-30,1469,413224.5786160364,4568533.525083773,
2017-06-30,1470,413225.0041974605,4568544.284031289,
2017-06-30,1471,413225.0016918379,4568561.919023287,18.364735266174996
2017-06-30,1472,413225.000815143,4568579.5278510265,
2017-06-30,1473,413225.004199963,4568597.068229214,
2017-06-30,1474,413224.994359879,4568614.821029219,
2017-06-30,1475,413226.3570289362,4568610.5282336315,
2017-06-30,1476,413229.06098040484,4568584.691414243,
2017-06-30,1477,413232.0795287494,4568553.801458747,18.399358953014417
2017-06-30,1478,413234.38598467415,4568534.349315239,
2017-06-30,1479,413235.0218355499,4568541.730860626,
2017-06-30,1480,413235.00262452324,4568559.634179128,12.423397222055067
2017-06-30,1481,413235.0004870928,4568577.263257128,
2017-06-30,1482,413234.9997924648,4568594.869160462,
2017-06-30,1483,413234.9661664272,4568613.004016584,
2017-06-30,1484,413236.0841696396,4568612.641106858,
2017-06-30,1485,413238.6727663933,4568588.657144632,
2017-06-30,1486,413241.70841116307,4568557.492581948,-2.460175977371763
2017-06-30,1487,413244.16441465315,4568535.638366903,
2017-06-30,1488,413245.03547438857,4568539.2419269625,
2017-06-30,1489,413245.0023954517,4568557.367995407,6.600401297471493
2017-06-30,1490,413245.0000002754,4568575.001213391,9.99999998218382
2017-06-30,1491,413244.99760570214,4568592.634421682,
2017-06-30,1492,413244.9645171609,4568610.760644404,
2017-06-30,1493,413245.83583785046,4568614.360012942,
2017-06-30,1494,413248.29199263157,4568592.503367811,
2017-06-30,1495,413251.3276465689,4568561.338657877,24.216881519361404
2017-06-30,1496,413253.91611036647,4568537.35683123,
2017-06-30,1497,413255.03384755354,4568536.998194479,
2017-06-30,1498,413255.00021121337,4568555.133216088,0.942935850518733
2017-06-30,1499,413254.9995133729,4568572.739171021,0.0004866271136041362
2017-06-30,1500,413254.99737495795,4568590.3682648325,
2017-06-30,1501,413254.97814565705,4568608.271876861,
2017-06-30,1502,413255.6142379614,4568615.649544352,
2017-06-30,1503,413257.9208635127,4568596.194676259,
2017-06-30,1504,413260.93943935994,4568565.304279008,3.4389012759314785
2017-06-30,1505,413263.6432762075,4568539.469300696,
2017-06-30,1506,413265.00568862277,4568535.180627366,
2017-06-30,1507,413264.99580528383,4568552.93412214,-4.536205108463789
2017-06-30,1508,413264.9991850674,4568570.474581228,5.4742399398233195
2017-06-30,1509,413264.99830682203,4568588.083433867,
2017-06-30,1510,413264.99578549335,4568605.718678144,
2017-06-30,1511,413265.42157436576,4568616.474293563,
2017-06-30,1512,413267.5615834292,4568599.695662438,
2017-06-30,1513,413270.54599392886,4568569.354037807,9.067782802007805
2017-06-30,1514,413273.3481165687,4568541.940367765,40.62366477583024
2017-06-30,1515,413274.9412620531,4568533.945600407,
2017-06-30,1516,413274.9914366724,4568550.734428782,-9.972945318846426
2017-06-30,1517,413274.9991740408,4568568.204895218,13.202904693226037
2017-06-30,1518,413274.9996078844,4568585.792672745,
2017-06-30,1519,413275.0070337492,4568603.268142633,
2017-06-30,1520,413275.26005145645,4568616.798853041,-47.216050473249595
2017-06-30,1521,413277.2163567748,4568602.970918824,
2017-06-30,1522,413280.1495146689,4568573.452526748,21.622540368926394
2017-06-30,1523,413283.03283584357,4568544.734624913,24.88437633633442
2017-06-30,1524,413284.83963100263,4568533.308161411,
2017-06-30,1525,413284.99012019864,4568548.485711198,-15.552147413260096
2017-06-30,1526,413284.99963897484,4568565.9275642,20.920275443105727
2017-06-30,1527,413285.00052903267,4568583.5080139,
2017-06-30,1528,413285.0100022107,4568600.950599319,
2017-06-30,1529,413285.1318736268,4568616.5878152605,
2017-06-30,1530,413286.8873879422,4568605.985037887,
2017-06-30,1531,413289.7522059736,4568577.564338304,34.18578598195321
2017-06-30,1532,413292.69963842514,4568547.816664608,7.257791168891687
2017-06-30,1533,413294.7029960012,4568533.2329649,21.98504133846667
2017-06-30,1534,413294.9948708207,4568546.139542358,-21.480350090542274
2017-06-30,1535,413295.0007053096,4568563.640573335,
2017-06-30,1536,413295.00086140516,4568581.232812123,
2017-06-30,1537,413295.0076496882,4568598.718523017,
2017-06-30,1538,413295.03924526914,4568615.805772687,
2017-06-30,1539,413296.57688132394,4568608.702612092,
2017-06-30,1540,413299.3562722349,4568581.654064939,
2017-06-30,1541,413302.350728706,4568551.151079326,-11.910104498975072
2017-06-30,1542,413304.53356144164,4568533.684603346,36.26083019566522
2017-06-30,1543,413305.008340513,4568543.653325566,-28.08150199638756
2017-06-30,1544,413305.0019888841,4568561.350093104,
2017-06-30,1545,413305.00075708615,4568578.964624608,
2017-06-30,1546,413305.0029911399,4568596.523486696,
2017-06-30,1547,413304.98425952526,4568614.41910476,
2017-06-30,1548,413306.28704131395,4568611.088233914,
2017-06-30,1549,413308.9639178465,4568585.686299127,
2017-06-30,1550,413311.9883110795,4568554.702461528,-32.32919954019224
2017-06-30,1551,413314.3335317171,4568534.627669213,37.18598496603354
2017-06-30,1552,413315.02603672794,4568541.099221281,-35.683111257504464
2017-06-30,1553,413315.0027069155,4568559.068696782,
2017-06-30,1554,413315.0003747569,4568576.700902551,
2017-06-30,1555,413314.9990230411,4568594.317360198,
2017-06-30,1556,413314.96371556085,4568612.479224088,
2017-06-30,1557,413316.02007230505,4568613.106495827,
2017-06-30,1558,413318.5773472019,4568589.625633339,
2017-06-30,1559,413321.6145899389,4568558.43540369,
2017-06-30,1560,413324.10511122074,4568536.026754977,31.45082415049157
2017-06-30,1561,413325.0369334996,4568538.6543314,-43.889443870673006
2017-06-30,1562,413325.002065993,4568556.809128321,
2017-06-30,1563,413324.9998730998,4568574.439097173,
2017-06-30,1564,413324.9973965259,4568592.073622583,
2017-06-30,1565,413324.9669155894,4568610.157961275,
2017-06-30,1566,413325.7781786898,4568614.7219902985,
2017-06-30,1567,413328.1987646932,4568593.436660048,
2017-06-30,1568,413331.231769677,4568562.314498287,27.500571223289473
2017-06-30,1569,413333.85050434544,4568537.846453108,21.591107584189846
2017-06-30,1570,413335.02976440557,4568536.499620113,
2017-06-30,1571,413334.9992769486,4568554.584063546,
2017-06-30,1572,413334.9994107973,4568572.176659676,
2017-06-30,1573,413334.99752883235,4568589.801634317,
2017-06-30,1574,413334.9825931888,4568607.636280518,
2017-06-30,1575,413335.5635648617,4568615.899309795,
2017-06-30,1576,413337.83037471416,4568597.083971717,
2017-06-30,1577,413340.84205468686,4568566.304337779,-13.469416183512228
2017-06-30,1578,413343.5719154844,4568540.051356075,8.747476485674316
2017-06-30,1579,413344.9932678107,4568534.815974701,
2017-06-30,1580,413344.99459884723,4568552.389341294,
2017-06-30,1581,413344.99914653075,4568569.911041271,
2017-06-30,1582,413344.99862655054,4568587.514139363,
2017-06-30,1583,413344.9994819357,4568605.095145988,
2017-06-30,1584,413345.3784352141,4568616.603046793,
2017-06-30,1585,413347.4743816579,4568600.532160823,
2017-06-30,1586,413350.447649362,4568570.369514644,
2017-06-30,1587,413353.2715490307,4568542.60605635,6.439032816731751
2017-06-30,1588,413354.9193913684,4568533.732734036,
2017-06-30,1589,413354.9907072725,4568550.181985644,-40.00931773966005
2017-06-30,1590,413354.99923898233,4568567.639693165,
2017-06-30,1591,413354.99989627034,4568585.223881672,
2017-06-30,1592,413355.0084328136,4568602.681511559,
2017-06-30,1593,413355.22499413934,4568616.797793761,
2017-06-30,1594,413357.1329899168,4568603.745819838,
2017-06-30,1595,413360.05075809464,4568574.474621354,
2017-06-30,1596,413362.95160937717,4568545.475146402,23.53951488192299
2017-06-30,1597,413364.80885446875,4568533.238343084,15.361471675890037
2017-06-30,1598,413364.9906171829,4568547.913569566,-30.009405011589767
2017-06-30,1599,413364.9998468341,4568565.360066566,
2017-06-30,1600,413365.00066107314,4568582.941734087,
2017-06-30,1601,413365.0097972296,4568600.389732831,
2017-06-30,1602,413365.10544603074,4568616.448143169,
2017-06-30,1603,413366.8084038846,4568606.689541226,
2017-06-30,1604,413369.65358527866,4568578.584250374,
2017-06-30,1605,413372.6143009174,4568548.623218706,22.509693696203673
2017-06-30,1606,413374.6638615051,4568533.2973943185,8.0279599607439
2017-06-30,1607,413374.9973435364,4568545.535666017,-20.002863424654343
2017-06-30,1608,413375.0010338898,4568563.071136651,-19.998969499645714
2017-06-30,1609,413375.0008700906,4568580.668513676,
2017-06-30,1610,413375.0065900094,4568598.17138491,
2017-06-30,1611,413375.0219952818,4568615.518687489,
2017-06-30,1612,413376.5028279539,4568609.327917463,
2017-06-30,1613,413379.2583353064,4568582.662994178,
2017-06-30,1614,413382.26182804373,4568552.014865727,12.805061899455
2017-06-30,1615,413384.48661686986,4568533.8744802065,7.165591028291473
2017-06-30,1616,413385.0127595075,4568543.018187595,9.987490068378982
2017-06-30,1617,413385.002250995,4568560.781724073,-9.997749901720647
2017-06-30,1618,413385.0006818554,4568578.401674034,
2017-06-30,1619,413385.0018261102,4568595.978040758,
2017-06-30,1620,413384.9763218943,4568613.982442088,
2017-06-30,1621,413386.21846651804,4568611.625541018,
2017-06-30,1622,413388.86721257144,4568586.675445236,
2017-06-30,1623,413391.8963951495,4568555.614679939,3.119249365952876
2017-06-30,1624,413394.2793249567,4568534.934193222,0.5440713505516331
2017-06-30,1625,413395.029817879,4568540.47432851,0.02981835688854134
2017-06-30,1626,413395.0027053598,4568558.504562822,0.0027053597828669757
2017-06-30,1627,413395.00025504973,4568576.138666376,
2017-06-30,1628,413394.9984112782,4568593.763027546,
2017-06-30,1629,413394.9627314488,4568611.930872207,
2017-06-30,1630,413395.9575239697,4568613.547004362,
2017-06-30,1631,413398.4824214666,4568590.586196018,
2017-06-30,1632,413401.5202066282,4568559.387253811,-6.552074908499958
2017-06-30,1633,413404.04419015866,4568536.441125833,9.138097377175363
2017-06-30,1634,413405.03727661533,4568538.084661243,10.037277804966354
2017-06-30,1635,413405.00160357443,4568556.252396858,10.001608175988448
2017-06-30,1636,413404.9997483555,4568573.876941905,
2017-06-30,1637,413404.99729599716,4568591.5110783465,
2017-06-30,1638,413404.9700847873,4568609.542897723,
2017-06-30,1639,413405.72220509005,4568615.056896995,
2017-06-30,1640,413408.1061678574,4568594.359827722,
2017-06-30,1641,413411.13546921033,4568563.297161916,-16.212581913334766
2017-06-30,1642,413413.7834189282,4568538.359854745,18.939403291805643
2017-06-30,1643,413415.0238690139,4568536.030152118,20.02615393858459
2017-06-30,1644,413414.9982064595,4568554.037109967,19.9982488643668
2017-06-30,1645,413414.9993569722,4568571.613672302,
2017-06-30,1646,413414.99816518713,4568589.230809128,
2017-06-30,1647,413414.98958407575,4568606.98058633,
2017-06-30,1648,413415.4183810932,4568616.833258841,
2017-06-30,1649,413417.27015703934,4568600.993489441,
2017-06-30,1650,413419.8902508818,4568571.281428962,
2017-06-30,1651,413422.5397443995,4568541.038538247,27.658016748800566
2017-06-30,1652,413424.47971937153,4568523.606278142,
2017-06-30,1653,413425.0193324046,4568531.458099603,
2017-06-30,1654,413425.0021165986,4568549.363683762,30.002116843563535
2017-06-30,1655,413425.000064223,4568566.995486249,
2017-06-30,1656,413425.00012682634,4568584.589101965,
2017-06-30,1657,413425.0076263153,4568602.048441844,
2017-06-30,1658,413425.15249474,4568617.027532681,
2017-06-30,1659,413426.68106080464,4568607.02342972,
2017-06-30,1660,413429.1714079205,4568579.653999456,
2017-06-30,1661,413431.8846131219,4568548.260780624,-37.03052739595678
2017-06-30,1662,413434.0817534431,4568526.185311959,
2017-06-30,1663,413435.0255305042,4568526.739799674,
2017-06-30,1664,413434.9997311007,4568544.800363879,39.99976981488075
2017-06-30,1665,413434.9997362445,4568562.395017042,39.99973651940946
2017-06-30,1666,413435.00050080917,4568579.975958575,
2017-06-30,1667,413435.00415166223,4568597.504787059,
2017-06-30,1668,413435.0031873025,4568615.116944987,
2017-06-30,1669,413436.1579039692,4568611.862836886,
2017-06-30,1670,413438.4678553509,4568587.750521073,
2017-06-30,1671,413441.1941184823,4568556.121536287,-46.36813457771089
2017-06-30,1672,413443.5977703974,4568530.317421261,
2017-06-30,1673,413444.9398881305,4568523.679714733,
2017-06-30,1674,413444.99264777097,4568540.321865145,49.99267264835602
2017-06-30,1675,413444.999477615,4568557.793295721,49.999477709317624
2017-06-30,1676,413445.0000280646,4568575.378103185,
2017-06-30,1677,413444.99825250113,4568593.004907702,
2017-06-30,1678,413444.97044127085,4568611.101796215,
2017-06-30,1679,413445.71392901597,4568615.272584673,
2017-06-30,1680,413447.79283754405,4568595.33183657,
2017-06-30,1681,413450.4815114854,4568564.381539085,
2017-06-30,1682,413453.0410278742,4568535.763230954,
2017-06-30,1683,413454.73246374505,4568522.818450914,
2017-06-30,1684,413454.9975043097,4568535.627787489,
2017-06-30,1685,413455.0007530312,4568553.163876609,
2017-06-30,1686,413454.9999747822,4568570.772674237,
2017-06-30,1687,413454.9985484826,4568588.393172664,
2017-06-30,1688,413454.9947856479,4568606.0558581315,
2017-06-30,1689,413455.3623956098,4568617.01326473,
2017-06-30,1690,413457.1596141642,4568602.158537591,
2017-06-30,1691,413459.7600517956,4568572.801380664,
2017-06-30,1692,413462.42478553846,4568542.283332684,
2017-06-30,1693,413464.414892427,4568523.945932388,
2017-06-30,1694,413465.02398278285,4568530.543317476,
2017-06-30,1695,413465.0021506275,4568548.5322514875,
2017-06-30,1696,413465.000052843,4568566.164873839,
2017-06-30,1697,413465.0003272338,4568583.754665644,
2017-06-30,1698,413465.0080664504,4568601.209677144,
2017-06-30,1699,413465.11656341574,4568616.845468695,
2017-06-30,1700,413466.58144487656,4568607.991215779,
2017-06-30,1701,413469.04299907835,4568581.141652669,
2017-06-30,1702,413471.7623030553,4568549.638318099,
2017-06-30,1703,413474.0004338415,4568526.822750802,
2017-06-30,1704,413475.0188603325,4568526.02941431,
2017-06-30,1705,413474.99848578434,4568543.992030659,
2017-06-30,1706,413474.9996411871,4568561.565915461,
2017-06-30,1707,413475.00043248397,4568579.146374331,
2017-06-30,1708,413475.00271260866,4568596.699951838,
2017-06-30,1709,413474.9896490077,4568614.530566226,
2017-06-30,1710,413476.07158934517,4568612.590462774,
2017-06-30,1711,413478.3436129973,4568589.1629467355,
2017-06-30,1712,413481.06684008846,4568557.588778829,
2017-06-30,1713,413483.50234765274,4568531.209497791,
2017-06-30,1714,413484.9112127244,4568523.366642351,
2017-06-30,1715,413484.99204775447,4568539.501880784,
2017-06-30,1716,413484.9995563756,4568556.961055782,
2017-06-30,1717,413484.99997372425,4568574.548266434,
2017-06-30,1718,413484.9979516897,4568592.179521084,
2017-06-30,1719,413484.9728259936,4568610.227921247,
2017-06-30,1720,413485.64330723597,4568615.716870225,
2017-06-30,1721,413487.67515321827,4568596.625854511,
2017-06-30,1722,413490.35165630357,4568565.895306522,
2017-06-30,1723,413492.93389352586,4568536.866764996,
2017-06-30,1724,413494.6829419194,4568522.881768664,
2017-06-30,1725,413495.0012272376,4568534.729750705,
2017-06-30,1726,413495.0011366307,4568552.326132689,
2017-06-30,1727,413495.00000196014,4568569.941365641,
2017-06-30,1728,413494.9989170242,4568587.55570062,
2017-06-30,1729,413494.99936437845,4568605.142369506,
2017-06-30,1730,413495.30985821335,4568617.131029772,
2017-06-30,1731,413497.0508794063,4568603.290967641,
2017-06-30,1732,413499.63001136587,4568574.318492829,
2017-06-30,1733,413502.30833112635,4568543.555144071,
2017-06-30,1734,413504.3469157219,4568524.3424601015,
2017-06-30,1735,413505.0276061504,4568529.647078293,
2017-06-30,1736,413505.00201837026,4568547.703821559,
2017-06-30,1737,413505.0000202127,4568565.334645101,
2017-06-30,1738,413505.00045824726,4568582.921482259,
2017-06-30,1739,413505.00789562997,4568600.381943492,
2017-06-30,1740,413505.08450194227,4568616.593533059,
2017-06-30,1741,413506.484051226,4568608.9188777665,
2017-06-30,1742,413508.91516494006,4568582.618929386,
2017-06-30,1743,413511.6389201188,4568551.035226652,
2017-06-30,1744,413513.9163937963,4568527.509308301,
2017-06-30,1745,413515.0086868901,4568525.382281842,
2017-06-30,1746,413514.9970848339,4568543.186507473,
2017-06-30,1747,413514.9995565548,4568560.736625642,
2017-06-30,1748,413515.00034582306,4568578.317121136,
2017-06-30,1749,413515.00132636,4568595.894163211,
2017-06-30,1750,413514.9799968069,4568613.874022548,
2017-06-30,1751,413515.98792834184,4568613.270176532,
2017-06-30,1752,413518.2203766902,4568590.557207837,
2017-06-30,1753,413520.9389201672,4568559.067604383,
2017-06-30,1754,413523.4046358069,4568532.142904906,
2017-06-30,1755,413524.8786006437,4568523.12464814,
2017-06-30,1756,413524.9919558648,4568538.672722008,
2017-06-30,1757,413524.99969662016,4568556.127705728,
2017-06-30,1758,413524.99994437065,4568573.717978541,
2017-06-30,1759,413524.9978448407,4568591.350632397,
2017-06-30,1760,413524.9766212819,4568609.3285779655,
2017-06-30,1761,413525.57577041903,4568616.10545558,
2017-06-30,1762,413527.5589062822,4568597.893919829,
2017-06-30,1763,413530.22159093776,4568567.412868911,
2017-06-30,1764,413532.8249014198,4568538.003841563,
2017-06-30,1765,413534.6299147626,4568523.00837652,
2017-06-30,1766,413535.00592036336,4568533.814196626,
2017-06-30,1767,413535.0015004258,4568551.4887463385,
2017-06-30,1768,413535.00002881355,4568569.110062907,
2017-06-30,1769,413534.9993008233,4568586.7179530915,
2017-06-30,1770,413535.0029337752,4568604.247104784,
2017-06-30,1771,413535.2608371227,4568617.185306556,
2017-06-30,1772,413536.9440133807,4568604.389657008,
2017-06-30,1773,413539.50019209477,4568575.831611886,
2017-06-30,1774,413542.19045029895,4568544.852709923,
2017-06-30,1775,413544.27586502803,4568524.794489858,
2017-06-30,1776,413545.0297559479,4568528.777444983,
2017-06-30,1777,413545.00168760377,4568546.878975787,
2017-06-30,1778,413544.9999622179,4568564.5048743365,
2017-06-30,1779,413545.0005290758,4568582.089385536,
2017-06-30,1780,413545.0072335704,4568599.563079341,
2017-06-30,1781,413545.05638811766,4568616.270321103,
2017-06-30,1782,413546.38895765034,4568609.805011009,
2017-06-30,1783,413548.7879833029,4568584.084424933,
2017-06-30,1784,413551.5145421098,4568552.450101616,
2017-06-30,1785,413553.8297111051,4568528.243579786,
2017-06-30,1786,413554.99456732295,4568524.80639818,
2017-06-30,1787,413554.99564796657,4568542.381632781,
2017-06-30,1788,413554.99949155725,4568559.9069813145,
2017-06-30,1789,413555.00025003613,4568577.488032727,
2017-06-30,1790,413555.00011263264,4568595.085259634,
2017-06-30,1791,413554.97378487204,4568613.155363534,
2017-06-30,1792,413555.90699875617,4568613.900573483,
2017-06-30,1793,413558.09822422755,4568591.931899714,
2017-06-30,1794,413560.8104365168,4568560.556608293,
2017-06-30,1795,413563.3047126585,4568533.116237956,
2017-06-30,1796,413564.8421296866,4568522.952327433,
2017-06-30,1797,413564.99249181844,4568537.832227267,
2017-06-30,1798,413564.9999075578,4568555.293079282,
2017-06-30,1799,413564.9999356169,4568572.887318707,
2017-06-30,1800,413564.99789972266,4568590.518823598,
2017-06-30,1801,413564.98138049897,4568608.411830584,
2017-06-30,1802,413565.5113963629,4568616.436936069,
2017-06-30,1803,413567.44417453307,4568599.13462786,
2017-06-30,1804,413570.0913931851,4568568.932821593,
2017-06-30,1805,413572.7141293532,4568539.173056002,
2017-06-30,1806,413574.5734600717,4568523.19686982,
2017-06-30,1807,413575.0111696197,4568532.888601394,
2017-06-30,1808,413575.00181218504,4568550.652299521,
2017-06-30,1809,413575.0000507376,4568568.278849173,
2017-06-30,1810,413574.9996676485,4568585.880512034,
2017-06-30,1811,413575.00546825904,4568603.370525817,
2017-06-30,1812,413575.21541013604,4568617.174690414,
2017-06-30,1813,413576.8390938852,4568605.453201023,
2017-06-30,1814,413579.3706717801,4568577.339333166,
2017-06-30,1815,413582.0712208549,4568546.174625577,
2017-06-30,1816,413584.2018181435,4568525.300616993,
2017-06-30,1817,413585.02998553845,4568527.942481755,
2017-06-30,1818,413585.0011260968,4568546.058296131,
2017-06-30,1819,413584.9998821589,4568563.6755019445,
2017-06-30,1820,413585.0005489286,4568581.258209201,
2017-06-30,1821,413585.0061999894,4568598.7509231595,
2017-06-30,1822,413585.03229973966,4568615.874428159,
2017-06-30,1823,413586.2962419476,4568610.648210839,
2017-06-30,1824,413588.66153196536,4568585.53673465,
2017-06-30,1825,413591.38924682676,4568553.881538321,
2017-06-30,1826,413593.74046356604,4568529.02416059,
2017-06-30,1827,413594.9762592175,4568524.306140188,
2017-06-30,1828,413594.9942948995,4568541.575245043,
2017-06-30,1829,413594.99945540284,4568559.076816207,
2017-06-30,1830,413595.0001543313,4568576.6589428205,
2017-06-30,1831,413594.99917299306,4568594.271407305,
2017-06-30,1832,413594.97056656657,4568612.382653397,
2017-06-30,1833,413595.8288783863,4568614.480248958,
2017-06-30,1834,413597.9772334069,4568593.285617689,
2017-06-30,1835,413600.681466935,4568562.054385874,
2017-06-30,1836,413603.2026560049,4568534.128092252,
2017-06-30,1837,413604.8018776508,4568522.8482755525,
2017-06-30,1838,413604.9937753333,4568536.978235032,
2017-06-30,1839,413605.000196507,4568554.457044306,
2017-06-30,1840,413604.9999428587,4568572.0563700665,
2017-06-30,1841,413604.99808410386,4568589.684676636,
2017-06-30,1842,413604.9866570074,4568607.485743304,
2017-06-30,1843,413605.4502628657,4568616.709907021,
2017-06-30,1844,413607.3310357693,4568600.34657393,
2017-06-30,1845,413609.96114084433,4568570.453759885,
2017-06-30,1846,413612.60165512486,4568540.373003625,
2017-06-30,1847,413614.5136556452,4568523.445843886,
2017-06-30,1848,413615.0165283692,4568531.961029222,
2017-06-30,1849,413615.00203967694,4568549.817374183,
2017-06-30,1850,413615.0000631279,4568567.447807577,
2017-06-30,1851,413614.9999852684,4568585.043959399,
2017-06-30,1852,413615.00708717766,4568602.510477727,
2017-06-30,1853,413615.17365505075,4568617.097776672,
2017-06-30,1854,413616.7361987175,4568606.480195017,
2017-06-30,1855,413619.24152821954,4568578.840252003,
2017-06-30,1856,413621.95072059083,4568547.519486364,
2017-06-30,1857,413624.1248528658,4568525.859436836,
2017-06-30,1858,413625.02784828446,4568527.1502528135,
2017-06-30,1859,413625.00030161714,4568545.242364535,
2017-06-30,1860,413624.99978909397,4568562.846364384,
2017-06-30,1861,413625.0005270145,4568580.427786985,
2017-06-30,1862,413625.00491460407,4568597.943313402,
2017-06-30,1863,413625.0123146063,4568615.404449553,
2017-06-30,1864,413626.20598191634,4568611.447072587,
2017-06-30,1865,413628.53588872525,4568586.974453855,
2017-06-30,1866,413631.2631120675,4568555.328132094,
2017-06-30,1867,413633.6487289771,4568529.8496460365,
2017-06-30,1868,413634.9538164884,4568523.880534418,
2017-06-30,1869,413634.9931453497,4568540.765182718,
2017-06-30,1870,413634.9994573011,4568558.2459640475,
2017-06-30,1871,413635.0000679187,4568575.829685157,
2017-06-30,1872,413634.9985092964,4568593.452572714,
2017-06-30,1873,413634.96989525284,4568611.563956338,
2017-06-30,1874,413635.75364503055,4568615.00779829,
2017-06-30,1875,413637.8574820268,4568594.616957098,
2017-06-30,1876,413640.5520892202,4568563.559532471,
2017-06-30,1877,413643.09854364465,4568535.17706314,
2017-06-30,1878,413644.7579223345,4568522.811087839,
2017-06-30,1879,413644.99592612585,4568536.108583753,
2017-06-30,1880,413645.000547364,4568553.61989156,
2017-06-30,1881,413644.9999614914,4568571.225215759,
2017-06-30,1882,413644.998365753,4568588.84877347,
2017-06-30,1883,413644.9920041703,4568606.5583803365,
2017-06-30,1884,413645.39244772523,4568616.922963767,
2017-06-30,1885,413647.2195677883,4568601.528353368,
2017-06-30,1886,413649.8309117125,4568571.974279129,
2017-06-30,1887,413652.4875565319,4568541.6022797795,
2017-06-30,1888,413654.45057928073,4568523.753894056,
2017-06-30,1889,413655.0215499748,4568531.039544313,
2017-06-30,1890,413655.0021506698,4568548.98455228,
2017-06-30,1891,413655.00006137986,4568566.617021252,
2017-06-30,1892,413655.0002273247,4568584.208771095,
2017-06-30,1893,413655.0079102487,4568601.66479898,
2017-06-30,1894,413655.1356496652,4568616.953160662,
2017-06-30,1895,413656.6354056758,4568607.469234317,
2017-06-30,1896,413659.1128392113,4568580.332963722,
2017-06-30,1897,413661.8290273056,4568548.88588761,
2017-06-30,1898,413664.0450469932,4568526.469544716,
2017-06-30,1899,413665.0228975487,4568526.408822364,
2017-06-30,1900,413664.99919068505,4568544.431604962,
2017-06-30,1901,413664.99969223194,4568562.017295377,
2017-06-30,1902,413665.00047254225,4568579.597952612,
2017-06-30,1903,413665.00349713146,4568597.138088531,
2017-06-30,1904,413664.996509221,4568614.859003989,
2017-06-30,1905,413666.1182553534,4568612.20019158,
2017-06-30,1906,413668.4111313801,4568588.396177884,
2017-06-30,1907,413671.13621562946,4568556.788478265,
2017-06-30,1908,413673.5545851359,4568530.718631459,
2017-06-30,1909,413674.9273169335,4568523.5281762,
2017-06-30,1910,413674.99231903494,4568539.94928427,
2017-06-30,1911,413674.9995064609,4568557.414258563,
2017-06-30,1912,413675.0000000064,4568575.000093454,
2017-06-30,1913,413674.99808934116,4568592.629337286,
2017-06-30,1914,413674.9713242936,4568610.707336568,
2017-06-30,1915,413675.6813764862,4568615.481816806,
2017-06-30,1916,413677.7390478841,4568595.9245132655,
2017-06-30,1917,413680.4223811687,4568565.070643396,
2017-06-30,1918,413682.9924533741,4568536.261745933,
2017-06-30,1919,413684.7103415347,4568522.839359609,
2017-06-30,1920,413684.9990639139,4568535.221111898,
2017-06-30,1921,413685.00092819537,4568552.782197619,
2017-06-30,1922,413684.9999869106,4568570.39393892,
2017-06-30,1923,413684.9987124383,4568588.011696047,
2017-06-30,1924,413684.99697535,4568605.637805884,
2017-06-30,1925,413685.3380287389,4568617.074701634,
2017-06-30,1926,413687.10984838835,4568602.678561508,
2017-06-30,1927,413689.7007835882,4568573.492974644,
2017-06-30,1928,413692.37191137276,4568542.8594797775,
2017-06-30,1929,413694.38430877624,4568524.119615647,
2017-06-30,1930,413695.0257877993,4568530.132210875,
2017-06-30,1931,413695.0021129319,4568548.154415762,
2017-06-30,1932,413695.00004088914,4568565.786573336,
2017-06-30,1933,413695.0003949744,4568583.374926225,
2017-06-30,1934,413695.00805718906,4568600.831328029,
2017-06-30,1935,413695.1014717769,4568616.739437711,
2017-06-30,1936,413696.53679255815,4568608.418914257,
2017-06-30,1937,413698.9846825534,4568581.816063656,
2017-06-30,1938,413701.70621879725,4568550.272424647,
2017-06-30,1939,413703.9624783236,4568527.129535964,
2017-06-30,1940,413705.0146866945,4568525.726254619,
2017-06-30,1941,413704.9978596159,4568543.624820039,
2017-06-30,1942,413704.99960078194,4568561.188128656,
2017-06-30,1943,413705.0003947216,4568578.768539814,
2017-06-30,1944,413705.0020672887,4568596.333087005,
2017-06-30,1945,413704.98479635903,4568614.239666338,
2017-06-30,1946,413706.03314005723,4568612.906163149,
2017-06-30,1947,413708.2873377281,4568589.8005020665,
2017-06-30,1948,413711.00863531115,4568558.261172171,
2017-06-30,1949,413713.45810984087,4568531.629712192,
2017-06-30,1950,413714.89683835104,4568523.247660867,
2017-06-30,1951,413714.9919356716,4568539.125388152,
2017-06-30,1952,413714.9996120912,4568556.58153348,
2017-06-30,1953,413714.99995750224,4568574.170042997,
2017-06-30,1954,413714.9978808952,4568591.802282972,
2017-06-30,1955,413714.9744070521,4568609.820858292,
2017-06-30,1956,413715.6121505513,4568615.900899832,
2017-06-30,1957,413717.6220087774,4568597.206881524,
2017-06-30,1958,413720.2924205798,4568566.586313994,
2017-06-30,1959,413722.8844629926,4568537.380735976,
2017-06-30,1960,413724.65921305015,4568522.931686206,
2017-06-30,1961,413725.00326791895,4568534.3143890845,
2017-06-30,1962,413725.00130676944,4568551.944544437,
2017-06-30,1963,413725.00001451175,4568569.562622684,
2017-06-30,1964,413724.9990919283,4568587.1740263235,
2017-06-30,1965,413725.00112640887,4568604.732039035,
2017-06-30,1966,413725.2870837052,4568617.163715952,
2017-06-30,1967,413727.0019553671,4568603.795793674,
2017-06-30,1968,413729.57083426905,4568575.008441768,
2017-06-30,1969,413732.2547974451,4568544.143198966,
2017-06-30,1970,413734.3149219296,4568524.541604005,
2017-06-30,1971,413735.02879520523,4568529.247093116,
2017-06-30,1972,413735.0018942321,4568547.327546588,
2017-06-30,1973,413734.9999970512,4568564.956546957,
2017-06-30,1974,413735.00049742614,4568582.542258537,
2017-06-30,1975,413735.00764771615,4568600.007903339,
2017-06-30,1976,413735.0711991839,4568616.455203152,
2017-06-30,1977,413736.44043716165,4568609.327830161,
2017-06-30,1978,413738.8571360433,4568583.288147134,
2017-06-30,1979,413741.58237286296,4568551.6776928045,
2017-06-30,1980,413743.87722465454,4568527.838005908,
2017-06-30,1981,413745.00276908407,4568525.110613778,
2017-06-30,1982,413744.9964274553,4568542.819860366,
2017-06-30,1983,413744.999523953,4568560.358697943,
2017-06-30,1984,413745.0003027607,4568577.939382312,
2017-06-30,1985,413745.0007447934,4568595.5261472855,
2017-06-30,1986,413744.9767669149,4568613.55382316,
2017-06-30,1987,413745.9507138253,4568613.563582622,
2017-06-30,1988,413748.1645855665,4568591.186021729,
2017-06-30,1989,413750.88044890936,4568559.7448091265,
2017-06-30,1990,413753.35938088846,4568532.581483552,
2017-06-30,1991,413754.862458538,4568523.03758374,
2017-06-30,1992,413754.9921149775,4568538.291332833,
2017-06-30,1993,413754.9997834012,4568555.74762253,
2017-06-30,1994,413754.99993810494,4568573.339575339,
2017-06-30,1995,413754.99785172706,4568590.971991728,
2017-06-30,1996,413754.97869689064,4568608.912585718,
2017-06-30,1997,413755.54604502383,4568616.263642706,
2017-06-30,1998,413757.50644250476,4568598.462657202,
2017-06-30,1999,413760.16228525137,4568568.105139585,
2017-06-30,2000,413762.7746502978,4568538.5326285865,
2017-06-30,2001,413764.6046146785,4568523.086662946,
2017-06-30,2002,413765.0082698043,4568533.393260234,
2017-06-30,2003,413765.0016508543,4568551.10751396,
2017-06-30,2004,413765.0000396904,4568568.73135019,
2017-06-30,2005,413764.9994719913,4568586.336346252,
2017-06-30,2006,413765.0042096589,4568603.845551879,
2017-06-30,2007,413765.2396904217,4568617.188602055,
2017-06-30,2008,413766.89596652245,4568604.878645199,
2017-06-30,2009,413769.44114155264,4568576.519275822,
2017-06-30,2010,413772.13629254664,4568545.452032657,
2017-06-30,2011,413774.2424965386,4568525.018454442,
2017-06-30,2012,413775.0301255557,4568528.39225524,
2017-06-30,2013,413775.00146233843,4568546.5045267055,
2017-06-30,2014,413774.9999279442,4568564.126976826,
2017-06-30,2015,413775.00054388825,4568581.710601758,
2017-06-30,2016,413775.00680154655,4568599.192363365,
2017-06-30,2017,413775.04490968393,4568616.099052312,
2017-06-30,2018,413776.34641728475,4568610.194577362,
2017-06-30,2019,413778.7302774789,4568584.747809484,
2017-06-30,2020,413781.45756730065,4568553.10028741,
2017-06-30,2021,413783.7893637839,4568528.593549877,
2017-06-30,2022,413784.9867439632,4568524.56913562,
2017-06-30,2023,413784.9950139201,4568542.014564399,
2017-06-30,2024,413784.99947095435,4568559.528836973,
2017-06-30,2025,413785.0002058692,4568577.110313844,
2017-06-30,2026,413784.9996482715,4568594.715127523,
2017-06-30,2027,413784.97197425127,4568612.809538657,
2017-06-30,2028,413785.871054456,4568614.17104533,
2017-06-30,2029,413788.0429526941,4568592.5513322055,
2017-06-30,2030,413790.75173422345,4568561.237984478,
2017-06-30,2031,413793.2584760784,4568533.572540885,
2017-06-30,2032,413794.8242552931,4568522.89654016,
2017-06-30,2033,413794.99297666945,4568537.444956762,
2017-06-30,2034,413795.0000295915,4568554.9123595795,
2017-06-30,2035,413794.99993720965,4568572.508773617,
2017-06-30,2036,413794.9979696054,4568590.139045504,
2017-06-30,2037,413794.98374717246,4568607.990583053,
2017-06-30,2038,413795.4831377014,4568616.56864075,
2017-06-30,2039,413797.39242686325,4568599.690435631,
2017-06-30,2040,413800.0320529803,4568569.625715506,
2017-06-30,2041,413802.66309308686,4568539.716019108,
2017-06-30,2042,413804.54662421724,4568523.302885173,
2017-06-30,2043,413805.01362433436,4568532.465764242,
2017-06-30,2044,413805.00192821905,4568550.271688152,
2017-06-30,2045,413805.00005784177,4568567.900204569,
2017-06-30,2046,413804.9998203961,4568585.499237785,
2017-06-30,2047,413805.00631216954,4568602.976772358,
2017-06-30,2048,413805.19592668634,4568617.147955269,
2017-06-30,2049,413806.79195965244,4568605.925711415,
2017-06-30,2050,413809.3117832377,4568578.024072147,
2017-06-30,2051,413812.016474476,4568546.7845762,
2017-06-30,2052,413814.1671104017,4568525.5487623075,
2017-06-30,2053,413815.0293322133,4568527.575761456,
2017-06-30,2054,413815.0007850199,4568545.685938072,
2017-06-30,2055,413814.9998408177,4568563.29773204,
2017-06-30,2056,413815.00054357026,4568580.879789617,
2017-06-30,2057,413815.00563839835,4568598.382546573,
2017-06-30,2058,413815.02268107503,4568615.669580524,
2017-06-30,2059,413816.25481072534,4568611.017751192,
2017-06-30,2060,413818.60418465856,4568586.193646036,
2017-06-30,2061,413821.3318799087,4568554.538803796,
2017-06-30,2062,413823.69897351007,4568529.394763203,
2017-06-30,2063,413824.9665424966,4568524.103062994,
2017-06-30,2064,413824.99373872805,4568541.206770601,
2017-06-30,2065,413824.99945099454,4568558.698379469,
2017-06-30,2066,413825.00011325564,4568576.281168126,
2017-06-30,2067,413824.9988383315,4568593.89893342,
2017-06-30,2068,413824.9699717315,4568612.014877043,
2017-06-30,2069,413825.7942397468,4568614.727146603,
2017-06-30,2070,413827.9225169078,4568593.8950288175,
2017-06-30,2071,413830.62256904994,4568562.73929354,
2017-06-30,2072,413833.1554732071,4568534.601479504,
2017-06-30,2073,413834.78230641363,4568522.823125444,
2017-06-30,2074,413834.994640465,4568536.584098412,
2017-06-30,2075,413835.0003505807,4568554.075746113,
2017-06-30,2076,413834.999950212,4568571.677720966,
2017-06-30,2077,413834.9982022986,4568589.3040262535,
2017-06-30,2078,413834.9891112599,4568607.062914499,
2017-06-30,2079,413835.4235063824,4568616.8144893,
2017-06-30,2080,413837.2800396518,4568600.88881214,
2017-06-30,2081,413839.9018015658,4568571.146637079,
2017-06-30,2082,413842.5498691587,4568540.929502853,
2017-06-30,2083,413844.48531946493,4568523.578948201,
2017-06-30,2084,413845.0188848723,4568531.539965321,
2017-06-30,2085,413845.00210663164,4568549.437648956,
2017-06-30,2086,413845.00006436184,4568567.069268964,
2017-06-30,2087,413845.00010536297,4568584.663274714,
2017-06-30,2088,413845.00755365734,4568602.123538925,
2017-06-30,2089,413845.15587029676,4568617.040370922,
2017-06-30,2090,413846.69001255446,4568606.935587646,
2017-06-30,2091,413849.1828371207,4568579.521426062,
2017-06-30,2092,413851.8954210296,4568548.139424907,
2017-06-30,2093,413854.0888413155,4568526.131122913,
2017-06-30,2094,413855.02596854104,4568526.80567597,
2017-06-30,2095,413854.99983014277,4568544.872360855,
2017-06-30,2096,413854.999744881,4568562.468646335,
2017-06-30,2097,413855.00050568074,4568580.049655839,
2017-06-30,2098,413855.00427798793,4568597.576291419,
2017-06-30,2099,413855.0045911548,4568615.165383113,
2017-06-30,2100,413856.16569528094,4568611.795946972,
2017-06-30,2101,413858.47893537924,4568587.624252119,
2017-06-30,2102,413861.2053884844,4568555.991837289,
2017-06-30,2103,413863.6061316301,4568530.240241214,
2017-06-30,2104,413864.9422418508,4568523.711002629,
2017-06-30,2105,413864.9927215957,4568540.394317428,
2017-06-30,2106,413864.99947328295,4568557.86715916,
2017-06-30,2107,413865.0000341297,4568575.451778895,
2017-06-30,2108,413864.99828967906,4568593.0780216595,
2017-06-30,2109,413864.9703127177,4568611.177902516,
2017-06-30,2110,413865.72034749563,4568615.230481771,
2017-06-30,2111,413867.80335600616,4568595.215706906,
2017-06-30,2112,413870.49303118716,4568564.247331656,
2017-06-30,2113,413873.050450073,4568535.666894754,
2017-06-30,2114,413874.73668969766,4568522.815934936,
2017-06-30,2115,413874.99722608103,4568535.70659623,
2017-06-30,2116,413875.0007190911,4568553.238274631,
2017-06-30,2117,413874.9999725077,4568570.846500523,
2017-06-30,2118,413874.998517575,4568588.467515931,
2017-06-30,2119,413874.9943425162,4568606.1376442695,
2017-06-30,2120,413875.3672288641,4568616.99978368,
2017-06-30,2121,413877.1693586672,4568602.056382057,
2017-06-30,2122,413879.77160880447,4568572.666499641,
2017-06-30,2123,413882.43505631044,4568542.17167517,
2017-06-30,2124,413884.4207782189,4568523.9134473745,
2017-06-30,2125,413885.0236047804,4568530.623927673,
2017-06-30,2126,413885.0021538608,4568548.605978332,
2017-06-30,2127,413885.0000546457,4568566.238626506,
2017-06-30,2128,413885.0003123787,4568583.828719081,
2017-06-30,2129,413885.0080538403,4568601.283690048,
2017-06-30,2130,413885.1195990512,4568616.864444346,
2017-06-30,2131,413886.59020302695,4568607.906869224,
2017-06-30,2132,413889.0543810005,4568581.009932901,
2017-06-30,2133,413891.77321000636,4568549.515174113,
2017-06-30,2134,413894.0077670788,4568526.764131596,
2017-06-30,2135,413895.01958790136,4568526.09006299,
2017-06-30,2136,413894.99860443664,4568544.063673568,
2017-06-30,2137,413894.9996493425,4568561.639553429,
2017-06-30,2138,413895.0004394289,4568579.220034152,
2017-06-30,2139,413895.0028400331,4568596.771436363,
2017-06-30,2140,413894.9906875915,4568614.5855994215,
2017-06-30,2141,413896.07914874953,4568612.527760043,
2017-06-30,2142,413898.3546074396,4568589.038223067,
2017-06-30,2143,413901.0781708257,4568557.45798322,
2017-06-30,2144,413903.51091594226,4568531.128579238,
2017-06-30,2145,413904.9139198233,4568523.391549856,
2017-06-30,2146,413904.99208224076,4568539.575043348,
2017-06-30,2147,413904.9995470284,4568557.035009772,
2017-06-30,2148,413904.9999774822,4568574.621983805,
2017-06-30,2149,413904.9979700835,4568592.252974195,
2017-06-30,2150,413904.97255057306,4568610.306679291,
2017-06-30,2151,413905.64945550053,4568615.6796461595,
2017-06-30,2152,413907.6855477869,4568596.51196179,
2017-06-30,2153,413910.3631984334,4568565.7606941415,
2017-06-30,2154,413912.9434844741,4568536.767381949,
2017-06-30,2155,413914.68748294335,4568522.873563951,
2017-06-30,2156,413915.0008523633,4568534.810304427,
2017-06-30,2157,413915.0011028911,4568552.400527089,
2017-06-30,2158,413914.999999492,4568570.015195426,
2017-06-30,2159,413914.9988832031,4568587.630096489,
2017-06-30,2160,413914.9989943037,4568605.222836567,
2017-06-30,2161,413915.31438294466,4568617.123119223,
2017-06-30,2162,413917.06046170794,4568603.191740711,
2017-06-30,2163,413919.6415524949,4568574.183898515,
2017-06-30,2164,413922.3187323398,4568543.441131368,
2017-06-30,2165,413924.35307827697,4568524.304978009,
2017-06-30,2166,413925.02733742184,4568529.725715509,
2017-06-30,2167,413925.00203767477,4568547.777258228,
2017-06-30,2168,413925.0000240891,4568565.408360332,
2017-06-30,2169,413925.00044918235,4568582.995431149,
2017-06-30,2170,413925.00793243485,4568600.455064183,
2017-06-30,2171,413925.0871907471,4568616.61877087,
2017-06-30,2172,413926.49260886706,4568608.838151479,
2017-06-30,2173,413928.92649267457,4568582.488187995,
2017-06-30,2174,413931.6499192039,4568550.910419153,
2017-06-30,2175,413933.92396548926,4568527.446383689,
2017-06-30,2176,413935.00974365755,4568525.43698672,
2017-06-30,2177,413934.997212464,4568543.25798828,
2017-06-30,2178,413934.9995634117,4568560.810287057,
2017-06-30,2179,413935.0003540226,4568578.390758315,
2017-06-30,2180,413935.00144424464,4568595.965819962,
2017-06-30,2181,413934.98070834234,4568613.934960845,
2017-06-30,2182,413935.9952451537,4568613.211847709,
2017-06-30,2183,413938.23126772227,4568590.434333399,
2017-06-30,2184,413940.95028813294,4568558.936109415,
2017-06-30,2185,413943.41338816436,4568532.058636601,
2017-06-30,2186,413944.8816495958,4568523.1433757935,
2017-06-30,2187,413944.99192803074,4568538.746989551,
2017-06-30,2188,413944.99962993624,4568556.202610573,
2017-06-30,2189,413945.00044349924,4568573.783566711,
2017-06-30,2190,413945.009984039,4568591.22512278,
2017-06-30,2191,413945.14551518625,4568606.642943048,
2017-06-30,2192,413946.9261952671,4568595.635933084,
2017-06-30,2193,413949.80017792,4568567.068030421,
2017-06-30,2194,413952.74077292474,4568537.43019023,
2017-06-30,2195,413954.721290061,4568523.213367686,
2017-06-30,2196,413954.99387430225,4568536.429796655,
2017-06-30,2197,413955.00054991187,4568553.917317363,
2017-06-30,2198,413955.00084758986,4568571.507282018,
2017-06-30,2199,413955.0081162259,4568588.985277352,
2017-06-30,2200,413955.04847532127,4568605.9317652,
2017-06-30,2201,413956.6133432621,4568598.391199032,
2017-06-30,2202,413959.4039631299,4568571.162289479,
2017-06-30,2203,413962.3936456289,4568540.735984633,
2017-06-30,2204,413964.5557014636,4568523.6032325905,
2017-06-30,2205,413965.00628133037,4568533.960648673,
2017-06-30,2206,413965.0018480944,4568551.626602491,
2017-06-30,2207,413965.0007876043,4568569.238382398,
2017-06-30,2208,413965.0035761652,4568586.788337857,
2017-06-30,2209,413964.9888886571,4568604.618998433,
2017-06-30,2210,413966.32088920486,4568600.818808359,
2017-06-30,2211,413969.01105920033,4568575.203350541,
2017-06-30,2212,413972.0327429672,4568544.263033083,
2017-06-30,2213,413974.3592512097,4568524.488804078,
2017-06-30,2214,413975.0240362185,4568531.405601963,
2017-06-30,2215,413975.00267659465,4568549.343431783,
2017-06-30,2216,413975.00043043675,4568566.9742561905,
2017-06-30,2217,413974.99937662604,4568584.585928816,
2017-06-30,2218,413974.9647130662,4568602.737449888,
2017-06-30,2219,413976.05103981047,4568602.883335753,
2017-06-30,2220,413978.6236726763,4568579.155789611,
2017-06-30,2221,413981.66027045355,4568547.975919478,
2017-06-30,2222,413984.1341438462,4568525.834673447,
2017-06-30,2223,413985.03635288804,4568528.937905318,
2017-06-30,2224,413985.0022420023,4568547.080549196,
2017-06-30,2225,413984.99993476947,4568564.712354609,
2017-06-30,2226,413984.99748388596,4568582.346467368,
2017-06-30,2227,413984.96564269275,4568600.452654861,
2017-06-30,2228,413985.8059994727,4568604.549373698,
2017-06-30,2229,413988.24400795106,4568582.984199167,
2017-06-30,2230,413991.2784324807,4568551.839236293,
2017-06-30,2231,413993.8825837661,4568527.605433172,
2017-06-30,2232,413995.0319649168,4568526.738522923,
2017-06-30,2233,413994.9997511027,4568544.850695546,
2017-06-30,2234,413994.9994592839,4568562.450128853,
2017-06-30,2235,413994.99744582863,4568580.077215531,
2017-06-30,2236,413994.98041111435,4568597.945577541,
2017-06-30,2237,413995.5879725839,4568605.781514656,
2017-06-30,2238,413997.8742694173,4568586.653171671,
2017-06-30,2239,414000.8894334419,4568555.817575992,
2017-06-30,2240,414003.60677536234,4568529.765675718,
2017-06-30,2241,414004.9996058826,4568524.98841894,
2017-06-30,2242,414004.99518211355,4568542.654220701,
2017-06-30,2243,414004.99916266237,4568560.185030142,
2017-06-30,2244,414004.99846904376,4568577.79091726,
2017-06-30,2245,414004.9977519086,4568595.397182113,
2017-06-30,2246,414005.3991635376,4568606.544351101,
2017-06-30,2247,414007.51666146837,4568590.127299597,
2017-06-30,2248,414010.49547773035,4568559.875531049,
2017-06-30,2249,414013.3089230282,4568532.279993556,
2017-06-30,2250,414014.93030806584,4568523.831635213,
2017-06-30,2251,414014.9910353799,4568540.450963485,
2017-06-30,2252,414014.9992035872,4568557.914509676,
2017-06-30,2253,414014.9997601216,4568575.500316515,
2017-06-30,2254,414015.0078141033,4568592.965697428,
2017-06-30,2255,414015.24177672673,4568606.8024755,
2017-06-30,2256,414017.17338849703,4568593.371175412,
2017-06-30,2257,414020.09876973875,4568563.977693934,
2017-06-30,2258,414022.9912311563,4568535.112979161,
2017-06-30,2259,414024.8240834538,4568523.267979188,
2017-06-30,2260,414024.9903258599,4568538.192496857,
2017-06-30,2261,414024.9997407397,4568555.636018669,
2017-06-30,2262,414025.00060132623,4568573.216941747,
2017-06-30,2263,414025.0099350124,4568590.661767713,
2017-06-30,2264,414025.1180165442,4568606.52048033,
2017-06-30,2265,414026.8466548966,4568596.349391596,
2017-06-30,2266,414029.7015138605,4568568.08865712,
2017-06-30,2267,414032.65590414,4568538.2292249985,
2017-06-30,2268,414034.68313643965,4568523.262043329,
2017-06-30,2269,414034.9960685116,4568535.830393783,
2017-06-30,2270,414035.0008731706,4568553.3479661485,
2017-06-30,2271,414035.0008690844,4568570.942777824,
2017-06-30,2272,414035.0071200136,4568588.437119827,
2017-06-30,2273,414035.03008738323,4568605.662958055,
2017-06-30,2274,414036.5386650603,4568599.026540613,
2017-06-30,2275,414039.30591448874,4568572.173013079,
2017-06-30,2276,414042.3051463728,4568541.593323549,
2017-06-30,2277,414044.50967141706,4568523.7784201205,
2017-06-30,2278,414045.01058779005,4568533.327318264,
2017-06-30,2279,414045.0021287096,4568551.057936235,
2017-06-30,2280,414045.00072041777,4568568.67530262,
2017-06-30,2281,414045.00238406495,4568586.243326732,
2017-06-30,2282,414044.97992129275,4568604.19887561,
2017-06-30,2283,414046.2516233805,4568601.367214929,
2017-06-30,2284,414048.91417601594,4568576.195354272,
2017-06-30,2285,414051.9411622471,4568545.16986727,
2017-06-30,2286,414054.3058927781,4568524.781702017,
2017-06-30,2287,414055.0280431579,4568530.777082524,
2017-06-30,2288,414055.0027173692,4568548.778617909,
2017-06-30,2289,414055.00031400874,4568566.411967346,
2017-06-30,2290,414054.9986897428,4568584.0328027615,
2017-06-30,2291,414054.9630375435,4568602.200203618,
2017-06-30,2292,414055.98773425096,4568603.336007024,
2017-06-30,2293,414058.5285028354,4568580.120273178,
2017-06-30,2294,414061.5661561556,4568548.923448639,
2017-06-30,2295,414064.0740049159,4568526.236481499,
2017-06-30,2296,414065.03726011515,4568528.359174258,
2017-06-30,2297,414065.00184573943,4568546.522755128,
2017-06-30,2298,414064.9998085388,4568564.15022321,
2017-06-30,2299,414064.99733206385,4568581.784747029,
2017-06-30,2300,414064.96845881967,4568599.843262559,
2017-06-30,2301,414065.74920206424,4568604.897509364,
2017-06-30,2302,414068.15109934035,4568583.912362266,
2017-06-30,2303,414071.1823324923,4568552.818660123,
2017-06-30,2304,414073.8162122243,4568528.107351031,
2017-06-30,2305,414075.02697223914,4568526.25455765,
2017-06-30,2306,414074.9987404543,4568544.302769894,
2017-06-30,2307,414074.9993626903,4568561.887521421,
2017-06-30,2308,414074.9976318709,4568579.510068327,
2017-06-30,2309,414074.98491869896,4568597.309016617,
2017-06-30,2310,414075.5382312138,4568606.016314421,
2017-06-30,2311,414077.7841699239,4568587.536214006,
2017-06-30,2312,414080.79189564986,4568556.820094199,
2017-06-30,2313,414083.5347190958,4568530.358903091,
2017-06-30,2314,414084.9859509663,4568524.643588781,
2017-06-30,2315,414084.99399486283,4568542.109131685,
2017-06-30,2316,414084.9991351452,4568559.621313186,
2017-06-30,2317,414084.9987957539,4568577.221510615,
2017-06-30,2318,414085.00115246285,4568594.778402588,
2017-06-30,2319,414085.3570260924,4568606.6570146615,
2017-06-30,2320,414087.4299189793,4568590.9564208705,
2017-06-30,2321,414090.3970500218,4568560.892343334,
2017-06-30,2322,414093.2317299242,4568532.955730149,
2017-06-30,2323,414094.9072693908,4568523.6375294095,
2017-06-30,2324,414094.9904208741,4568539.896674893,
2017-06-30,2325,414094.99928458536,4568557.349049716,
2017-06-30,2326,414095.00003030704,4568574.93181778,
2017-06-30,2327,414095.00896655396,4568592.383027522,
2017-06-30,2328,414095.2077910934,4568606.784202565,
2017-06-30,2329,414097.09055089887,4568594.137575332,
2017-06-30,2330,414100.0000000001,4568565.000000003,
2017-06-30,2331,414102.90944910125,4568535.862424673,
2017-06-30,2332,414104.7922089067,4568523.215797437,
2017-06-30,2333,414104.9910334461,4568537.616972477,
2017-06-30,2334,414104.99996969296,4568555.068182219,
2017-06-30,2335,414105.00071541464,4568572.650950286,
2017-06-30,2336,414105.009579126,4568590.103325109,
2017-06-30,2337,414105.0927306093,4568606.362470591,
2017-06-30,2338,414106.7682700758,4568597.044269848,
2017-06-30,2339,414109.60294997826,4568569.107656661,
2017-06-30,2340,414112.57008102065,4568539.043579126,
2017-06-30,2341,414114.6429739074,4568523.342985336,
2017-06-30,2342,414114.99884753703,4568535.221597412,
2017-06-30,2343,414115.0012042461,4568552.778489386,
2017-06-30,2344,414115.0008648548,4568570.378686814,
2017-06-30,2345,414115.00600513717,4568587.8908683155,
2017-06-30,2346,414115.0140490336,4568605.356411216,
2017-06-30,2347,414116.4652809038,4568599.641096902,
2017-06-30,2348,414119.2081043496,4568573.179905795,
2017-06-30,2349,414122.2158300755,4568542.463785988,
2017-06-30,2350,414124.46176878584,4568523.983685577,
2017-06-30,2351,414125.01508130116,4568532.690983387,
2017-06-30,2352,414125.00236812903,4568550.489931673,
2017-06-30,2353,414125.0006373097,4568568.112478581,
2017-06-30,2354,414125.00125954574,4568585.697230106,
2017-06-30,2355,414124.9730277608,4568603.745442351,
2017-06-30,2356,414126.18378777546,4568601.892648965,
2017-06-30,2357,414128.81766750745,4568577.181339872,
2017-06-30,2358,414131.84890065953,4568546.087637731,
2017-06-30,2359,414134.2507979358,4568525.1024906365,
2017-06-30,2360,414135.03154118033,4568530.156737444,
2017-06-30,2361,414135.00266793615,4568548.21525297,
2017-06-30,2362,414135.000191461,4568565.849776789,
2017-06-30,2363,414134.99815426057,4568583.477244873,
2017-06-30,2364,414134.962739885,4568601.640825745,
2017-06-30,2365,414135.92599508376,4568603.7635185,
2017-06-30,2366,414138.433843844,4568581.076551359,
2017-06-30,2367,414141.47149716446,4568549.879726818,
2017-06-30,2368,414144.0122657491,4568526.663992974,
2017-06-30,2369,414145.03696245665,4568527.799796383,
2017-06-30,2370,414145.00131025724,4568545.967197236,
2017-06-30,2371,414144.9996859915,4568563.588032655,
2017-06-30,2372,414144.997282631,4568581.221382092,
2017-06-30,2373,414144.97195684206,4568599.222917477,
2017-06-30,2374,414145.6941072217,4568605.218297981,
2017-06-30,2375,414148.05883775273,4568584.830132727,
2017-06-30,2376,414151.0858239839,4568553.804645724,
2017-06-30,2377,414153.74837661936,4568528.632785067,
2017-06-30,2378,414155.02007870725,4568525.801124391,
2017-06-30,2379,414154.99761593516,4568543.756673267,
2017-06-30,2380,414154.9992795823,4568561.324697382,
2017-06-30,2381,414154.9978712904,4568578.942063764,
2017-06-30,2382,414154.98941221007,4568596.672681738,
2017-06-30,2383,414155.4903285828,4568606.221579881,
2017-06-30,2384,414157.69485362666,4568588.406676448,
2017-06-30,2385,414160.6940855108,4568557.826986918,
2017-06-30,2386,414163.46133493935,4568530.973459384,
2017-06-30,2387,414164.96991261654,4568524.337041944,
2017-06-30,2388,414164.9928799865,4568541.562880174,
2017-06-30,2389,414164.9991309157,4568559.057222178,
2017-06-30,2390,414164.9991268294,4568576.6520338515,
2017-06-30,2391,414165.00393148855,4568594.169606221,
2017-06-30,2392,414165.31686355994,4568606.737956667,
2017-06-30,2393,414167.3440958592,4568591.770774995,
2017-06-30,2394,414170.2984861388,4568561.911342875,
2017-06-30,2395,414173.1533451028,4568533.650608402,
2017-06-30,2396,414174.8819834555,4568523.47951967,
2017-06-30,2397,414174.99006498774,4568539.338232287,
2017-06-30,2398,414174.99939867394,4568556.783058254,
2017-06-30,2399,414175.00025926024,4568574.363981332,
2017-06-30,2400,414175.00967414014,4568591.807503145,
2017-06-30,2401,414175.175916546,4568606.732020812,
2017-06-30,2402,414177.0087688435,4568594.887020837,
2017-06-30,2403,414179.90123026085,4568566.022306061,
2017-06-30,2404,414182.8266115027,4568536.628824584,
2017-06-30,2405,414184.7582232731,4568523.197524497,
2017-06-30,2406,414184.99218589684,4568537.034302574,
2017-06-30,2407,414185.0002398785,4568554.499683486,
2017-06-30,2408,414185.000796413,4568572.085490324,
2017-06-30,2409,414185.0089646201,4568589.549036516,
2017-06-30,2410,414185.069691934,4568606.168364786,
2017-06-30,2411,414186.69107697165,4568597.720006443,
2017-06-30,2412,414189.50452226936,4568570.124468949,
2017-06-30,2413,414192.4833385315,4568539.872700403,
2017-06-30,2414,414194.6008364622,4568523.455648899,
2017-06-30,2415,414195.0022480914,4568534.602817887,
2017-06-30,2416,414195.00153095624,4568552.2090827385,
2017-06-30,2417,414195.0008373376,4568569.81496986,
2017-06-30,2418,414195.0048178864,4568587.345779297,
2017-06-30,2419,414195.0003941172,4568605.011581059,
2017-06-30,2420,414196.39322463755,4568600.234324283,
2017-06-30,2421,414199.11056655797,4568574.182424007,
2017-06-30,2422,414202.12573058275,4568543.346828328,
2017-06-30,2423,414204.41202741605,4568524.218485342,
2017-06-30,2424,414205.01958888565,4568532.05442246,
2017-06-30,2425,414205.0025541714,4568549.92278447,
2017-06-30,2426,414205.0005407163,4568567.549871148,
2017-06-30,2427,414205.0002488973,4568585.149304455,
2017-06-30,2428,414204.96803508344,4568603.26147708,
2017-06-30,2429,414206.1174162337,4568602.394566827,
2017-06-30,2430,414208.7215675191,4568578.160763706,
2017-06-30,2431,414211.7559920488,4568547.015800831,
2017-06-30,2432,414214.19400052726,4568525.4506263,
2017-06-30,2433,414215.03435730736,4568529.547345142,
2017-06-30,2434,414215.00251611404,4568547.653532632,
2017-06-30,2435,414215.00006523065,4568565.287645394,
2017-06-30,2436,414214.9977579976,4568582.919450805,
2017-06-30,2437,414214.963647112,4568601.062094686,
2017-06-30,2438,414215.8658561535,4568604.165326552,
2017-06-30,2439,414218.33972954634,4568582.02408052,
2017-06-30,2440,414221.3763273235,4568550.844210385,
2017-06-30,2441,414223.94896018936,4568527.116664243,
2017-06-30,2442,414225.035286934,4568527.262550115,
2017-06-30,2443,414225.0006233741,4568545.4140711855,
2017-06-30,2444,414224.99956956314,4568563.0257438095,
2017-06-30,2445,414224.99732340546,4568580.656568217,
2017-06-30,2446,414224.9759637816,4568598.594398038,
2017-06-30,2447,414225.64074879006,4568605.511195921,
2017-06-30,2448,414227.96725703264,4568585.736966916,
2017-06-30,2449,414230.98894079967,4568554.796649457,
2017-06-30,2450,414233.67911079526,4568529.181191642,
2017-06-30,2451,414235.0111113429,4568525.381001566,
2017-06-30,2452,414234.99642383493,4568543.2116621435,
2017-06-30,2453,414234.9992123957,4568560.761617603,
2017-06-30,2454,414234.99815190554,4568578.373397508,
2017-06-30,2455,414234.9937186698,4568596.039351328,
2017-06-30,2456,414235.4442985363,4568606.396767411,
2017-06-30,2457,414237.60635437095,4568589.264015368,
2017-06-30,2458,414240.59603687003,4568558.837710522,
2017-06-30,2459,414243.38665673777,4568531.608800968,
2017-06-30,2460,414244.95152467873,4568524.068234801,
2017-06-30,2461,414244.9918837741,4568541.014722647,
2017-06-30,2462,414244.9991524099,4568558.4927179795,
2017-06-30,2463,414244.9994500883,4568576.082682638,
2017-06-30,2464,414245.00612569804,4568593.570203349,
2017-06-30,2465,414245.27870993875,4568606.786632312,
2017-06-30,2466,414247.2592270747,4568592.569809764,
2017-06-30,2467,414250.1998220794,4568562.931969572,
2017-06-30,2468,414253.0738047324,4568534.36406691,
2017-06-30,2469,414254.85448481364,4568523.357056951,
2017-06-30,2470,414254.99001596106,4568538.774877221,
2017-06-30,2471,414254.99955650105,4568556.216433292,
2017-06-30,2472,414255.0003700636,4568573.797389425,
2017-06-30,2473,414255.0080719694,4568591.253010451,
2017-06-30,2474,414255.11835040426,4568606.856624207,
2017-06-30,2475,414256.58661183546,4568597.941363397,
2017-06-30,2476,414259.0497118669,4568571.063890582,
2017-06-30,2477,414261.76873227756,4568539.565666601,
2017-06-30,2478,414264.0047548461,4568516.788152291,
2017-06-30,2479,414265.01929165766,4568516.065039157,
2017-06-30,2480,414264.99855575524,4568534.034180036,
2017-06-30,2481,414264.9996459776,4568551.609241687,
2017-06-30,2482,414265.00043658837,4568569.189712943,
2017-06-30,2483,414265.0027875357,4568586.742011719,
2017-06-30,2484,414264.99025634263,4568604.563013281,
2017-06-30,2485,414266.0760345111,4568602.553616316,
2017-06-30,2486,414268.3500807966,4568579.0895808535,
2017-06-30,2487,414271.0735073259,4568547.511812013,
2017-06-30,2488,414273.50739113323,4568521.161848525,
2017-06-30,2489,414274.912809253,4568513.381229131,
2017-06-30,2490,414274.9920675651,4568529.544935816,
2017-06-30,2491,414274.9995508176,4568547.00456885,
2017-06-30,2492,414274.9999759108,4568564.591639667,
2017-06-30,2493,414274.99796232535,4568582.2227417715,
2017-06-30,2494,414274.9726625782,4568600.274284493,
2017-06-30,2495,414275.64692172303,4568605.695021988,
2017-06-30,2496,414277.68126766017,4568586.558868628,
2017-06-30,2497,414280.3584475051,4568555.816101483,
2017-06-30,2498,414282.9395382921,4568526.808259287,
2017-06-30,2499,414284.6856170553,4568512.876880777,
2017-06-30,2500,414285.0010056966,4568524.777163434,
2017-06-30,2501,414285.001116797,4568542.36990351,
2017-06-30,2502,414285.00000050804,4568559.984804577,
2017-06-30,2503,414284.99889710883,4568577.59947291,
2017-06-30,2504,414284.99914763676,4568595.1896955725,
2017-06-30,2505,414285.3125170567,4568607.12643605,
2017-06-30,2506,414287.05651552585,4568593.232618052,
2017-06-30,2507,414289.63680156675,4568564.239305861,
2017-06-30,2508,414292.31445221324,4568533.488038211,
2017-06-30,2509,414294.35054449976,4568514.320353841,
2017-06-30,2510,414295.02744942694,4568519.69332071,
2017-06-30,2511,414295.0020299165,4568537.747025803,
2017-06-30,2512,414295.00002251787,4568555.378016198,
2017-06-30,2513,414295.0004529715,4568572.9649902275,
2017-06-30,2514,414295.0079177591,4568590.424956655,
2017-06-30,2515,414295.0860801767,4568606.608450144,
2017-06-30,2516,414296.4890840579,4568598.8714207625,
2017-06-30,2517,414298.92182917445,4568572.542016781,
2017-06-30,2518,414301.64539256063,4568540.9617769355,
2017-06-30,2519,414303.9208512505,4568517.47223996,
2017-06-30,2520,414305.0093124087,4568515.414400579,
2017-06-30,2521,414304.9971599668,4568533.228563636,
2017-06-30,2522,414304.999560571,4568550.779965846,
2017-06-30,2523,414305.0003506574,4568568.360446571,
2017-06-30,2524,414305.00139556336,4568585.936326434,
2017-06-30,2525,414304.9804120987,4568603.909937013,
2017-06-30,2526,414305.9922329215,4568603.235868405,
2017-06-30,2527,414308.22678999376,4568580.484825886,
2017-06-30,2528,414310.94561899966,4568548.990067097,
2017-06-30,2529,414313.4097969731,4568522.093130773,
2017-06-30,2530,414314.88040094887,4568513.135555653,
2017-06-30,2531,414314.9919461599,4568528.7163099535,
2017-06-30,2532,414314.99968762154,4568546.171280918,
2017-06-30,2533,414314.99994535424,4568563.761373495,
2017-06-30,2534,414314.9978461392,4568581.394021668,
2017-06-30,2535,414314.9763952196,4568599.376072327,
2017-06-30,2536,414315.5792217813,4568606.086552628,
2017-06-30,2537,414317.5649436899,4568587.828324833,
2017-06-30,2538,414320.22839119565,4568557.333500361,
2017-06-30,2539,414322.83064133296,4568527.943617946,
2017-06-30,2540,414324.63277113583,4568513.00021632,
2017-06-30,2541,414325.00565748394,4568523.8623557305,
2017-06-30,2542,414325.0014824249,4568541.532484068,
2017-06-30,2543,414325.00002749235,4568559.1534994785,
2017-06-30,2544,414324.9992809089,4568576.761725368,
2017-06-30,2545,414325.002773919,4568594.293403768,
2017-06-30,2546,414325.26331030217,4568607.184065068,
2017-06-30,2547,414326.9495499268,4568594.333105251,
2017-06-30,2548,414329.50696881267,4568565.752668352,
2017-06-30,2549,414332.1966439936,4568534.784293098,
2017-06-30,2550,414334.2796525043,4568514.769518231,
2017-06-30,2551,414335.0296872824,4568518.822097485,
2017-06-30,2552,414335.00171032094,4568536.921978342,
2017-06-30,2553,414334.99996587035,4568554.548221105,
2017-06-30,2554,414335.00052671705,4568572.13284084,
2017-06-30,2555,414335.00727840414,4568589.6056825705,
2017-06-30,2556,414335.0577581494,4568606.288997373,
2017-06-30,2557,414336.39386837033,4568599.759758789,
2017-06-30,2558,414338.79461151623,4568574.008162715,
2017-06-30,2559,414341.5210646211,4568542.375747883,
2017-06-30,2560,414343.83430471935,4568518.204053029,
2017-06-30,2561,414344.9954088452,4568514.834616887,
2017-06-30,2562,414344.9957220118,4568532.42370858,
2017-06-30,2563,414344.9994943193,4568549.950344161,
2017-06-30,2564,414345.00025511906,4568567.5313536655,
2017-06-30,2565,414345.0001698571,4568585.127639144,
2017-06-30,2566,414344.9740314591,4568603.1943240315,
2017-06-30,2567,414345.91115868464,4568603.868877089,
2017-06-30,2568,414348.1045789707,4568581.860575097,
2017-06-30,2569,414350.8171628797,4568550.478573941,
2017-06-30,2570,414353.30998744577,4568523.064412355,
2017-06-30,2571,414354.84412970324,4568512.959629077,
2017-06-30,2572,414354.9924463427,4568527.876461076,
2017-06-30,2573,414354.99989463703,4568545.336725287,
2017-06-30,2574,414354.9999356381,4568562.930731037,
2017-06-30,2575,414354.9978933682,4568580.562351042,
2017-06-30,2576,414354.98111512774,4568598.460034679,
2017-06-30,2577,414355.5146805351,4568606.421051797,
2017-06-30,2578,414357.45013084146,4568589.070497145,
2017-06-30,2579,414360.09819843457,4568558.853362922,
2017-06-30,2580,414362.71996034856,4568529.111187862,
2017-06-30,2581,414364.57649361773,4568513.1855107015,
2017-06-30,2582,414365.0108887401,4568522.9370855,
2017-06-30,2583,414365.0017977013,4568540.695973745,
2017-06-30,2584,414365.00004978804,4568558.322279037,
2017-06-30,2585,414364.9996494192,4568575.924253886,
2017-06-30,2586,414365.00535953505,4568593.415901589,
2017-06-30,2587,414365.21769358637,4568607.176874556,
2017-06-30,2588,414366.844526793,4568595.398520498,
2017-06-30,2589,414369.3774309501,4568567.260706462,
2017-06-30,2590,414372.07748309226,4568536.104971184,
2017-06-30,2591,414374.2057602533,4568515.272853399,
2017-06-30,2592,414375.03002826875,4568517.98512296,
2017-06-30,2593,414375.0011616686,4568536.101066579,
2017-06-30,2594,414374.99988674413,4568553.718831873,
2017-06-30,2595,414375.0005490054,4568571.301620533,
2017-06-30,2596,414375.006261272,4568588.7932294,
2017-06-30,2597,414375.0334575035,4568605.896937008,
2017-06-30,2598,414376.3010264903,4568600.6052367985,
2017-06-30,2599,414378.6681200918,4568575.4611962065,
2017-06-30,2600,414381.39581534197,4568543.806353968,
2017-06-30,2601,414383.74518927507,4568518.982248812,
2017-06-30,2602,414384.97731892514,4568514.330419477,
2017-06-30,2603,414384.9943616017,4568531.617453426,
2017-06-30,2604,414384.99945642985,4568549.120210383,
2017-06-30,2605,414385.00015918224,4568566.702267958,
2017-06-30,2606,414384.9992149802,4568584.3140619295,
2017-06-30,2607,414384.97066778666,4568602.424238544,
2017-06-30,2608,414385.8328895988,4568604.451237696,
2017-06-30,2609,414387.98352552473,4568583.215423806,
2017-06-30,2610,414390.6882167632,4568551.975927859,
2017-06-30,2611,414393.20804034814,4568524.074288589,
2017-06-30,2612,414394.80407331395,4568512.852044733,
2017-06-30,2613,414394.9936878305,4568527.023227643,
2017-06-30,2614,414395.00017960387,4568544.500762215,
2017-06-30,2615,414394.99994215806,4568562.09979543,
2017-06-30,2616,414394.998071781,4568579.72831185,
2017-06-30,2617,414394.9863756657,4568597.534235757,
2017-06-30,2618,414395.45337578247,4568606.697114827,
2017-06-30,2619,414397.3369069128,4568590.283980891,
2017-06-30,2620,414399.96794701956,4568560.374284489,
2017-06-30,2621,414402.6075731367,4568530.309564362,
2017-06-30,2622,414404.5168622986,4568513.4313592445,
2017-06-30,2623,414405.0162528277,4568522.009416951,
2017-06-30,2624,414405.0020303945,4568539.860954496,
2017-06-30,2625,414405.00006279035,4568557.4912263835,
2017-06-30,2626,414404.99997040833,4568575.087640419,
2017-06-30,2627,414405.0070233304,4568592.555043236,
2017-06-30,2628,414405.1757447072,4568607.1034598425,
2017-06-30,2629,414406.74152392213,4568596.42745912,
2017-06-30,2630,414409.2482657772,4568568.762015527,
2017-06-30,2631,414411.95704730647,4568537.4486678,
2017-06-30,2632,414414.12894554425,4568515.8289546715,
2017-06-30,2633,414415.02802574873,4568517.190461344,
2017-06-30,2634,414415.00035172835,4568535.284872477,
2017-06-30,2635,414414.9997941309,4568552.889686158,
2017-06-30,2636,414415.00052904553,4568570.471163027,
2017-06-30,2637,414415.0049860797,4568587.985435601,
2017-06-30,2638,414415.01325603673,4568605.430864378,
2017-06-30,2639,414416.210636216,4568601.406450122,
2017-06-30,2640,414418.54243269947,4568576.89971259,
2017-06-30,2641,414421.26972252125,4568545.252190517,
2017-06-30,2642,414423.65358271543,4568519.805422639,
2017-06-30,2643,414424.95509031625,4568513.900947687,
2017-06-30,2644,414424.9931984533,4568530.807636634,
2017-06-30,2645,414424.9994561118,4568548.289398242,
2017-06-30,2646,414425.0000720558,4568565.873023175,
2017-06-30,2647,414424.9985376615,4568583.4954732945,
2017-06-30,2648,414424.9698744442,4568601.60774476,
2017-06-30,2649,414425.7575034613,4568604.981545557,
2017-06-30,2650,414427.8637074532,4568584.547967347,
2017-06-30,2651,414430.5588584472,4568553.480724188,
2017-06-30,2652,414433.10403347743,4568525.121354811,
2017-06-30,2653,414434.76030957827,4568512.811397949,
2017-06-30,2654,414434.9957903409,4568526.154448124,
2017-06-30,2655,414435.0005280097,4568543.663653728,
2017-06-30,2656,414434.9999603354,4568561.268649348,
2017-06-30,2657,414434.9983494199,4568578.892481084,
2017-06-30,2658,414434.9917315611,4568596.606715115,
2017-06-30,2659,414435.395321694,4568606.914485872,
2017-06-30,2660,414437.225024374,4568591.473245338,
2017-06-30,2661,414439.83710859634,4568561.90580473,
2017-06-30,2662,414442.4928460518,4568531.550188186,
2017-06-30,2663,414444.453508431,4568513.744419843,
2017-06-30,2664,414445.02151423163,4568521.083602388,
2017-06-30,2665,414445.00455403345,4568538.984571337,
2017-06-30,2666,414444.9995689399,4568556.669325164,
2017-06-30,2667,414445.0002406931,4568574.251942443,
2017-06-30,2668,414445.0078935966,4568591.708512358,
2017-06-30,2669,414445.137545476,4568606.962343784,
2017-06-30,2670,414446.6406319018,4568597.418285512,
2017-06-30,2671,414449.11956411705,4568570.254955676,
2017-06-30,2672,414451.83542289946,4568538.813825417,
2017-06-30,2673,414454.049289027,4568516.436365876,
2017-06-30,2674,414455.0232330115,4568516.446178173,
2017-06-30,2675,414454.9992552089,4568534.473852672,
2017-06-30,2676,414454.99969724024,4568552.060617664,
2017-06-30,2677,414455.00047604693,4568569.641302055,
2017-06-30,2678,414455.0035725448,4568587.180139635,
2017-06-30,2679,414454.9972309161,4568604.889386224,
2017-06-30,2680,414456.12277534587,4568602.161994094,
2017-06-30,2681,414458.4176271377,4568578.322307199,
2017-06-30,2682,414461.1428639573,4568546.711852871,
2017-06-30,2683,414463.55956283864,4568520.672169843,
2017-06-30,2684,414464.9288008162,4568513.544796848,
2017-06-30,2685,414464.9923522838,4568529.992096659,
2017-06-30,2686,414464.9995025739,4568547.457741462,
2017-06-30,2687,414465.0000029488,4568565.043453042,
2017-06-30,2688,414464.998105768,4568582.672453415,
2017-06-30,2689,414464.97120479477,4568600.752906886,
2017-06-30,2690,414465.6850780703,4568605.458395995,
2017-06-30,2691,414467.74520255486,4568585.856801033,
2017-06-30,2692,414470.4291657308,4568554.991558229,
2017-06-30,2693,414472.99804463267,4568526.20420632,
2017-06-30,2694,414474.71291629464,4568512.836284043,
2017-06-30,2695,414474.9988735914,4568525.267960968,
2017-06-30,2696,414475.00090807176,4568542.825973676,
2017-06-30,2697,414474.99998548813,4568560.437377315,
2017-06-30,2698,414474.99869323074,4568578.055455564,
2017-06-30,2699,414474.99673208105,4568595.6856109155,
2017-06-30,2700,414475.34078694973,4568607.068313796,
2017-06-30,2701,414477.1155370071,4568592.619264027,
2017-06-30,2702,414479.7075794197,4568563.413686009,
2017-06-30,2703,414482.3779912222,4568532.793118478,
2017-06-30,2704,414484.3878494485,4568514.099100169,
2017-06-30,2705,414485.025592948,4568520.179141709,
2017-06-30,2706,414485.0021191047,4568538.197717027,
2017-06-30,2707,414485.00004249776,4568555.829957006,
2017-06-30,2708,414485.00038790866,4568573.418466518,
2017-06-30,2709,414485.0080643283,4568590.874611846,
2017-06-30,2710,414485.10316164885,4568606.752339132,
2017-06-30,2711,414486.54189015913,4568598.370287809,
2017-06-30,2712,414488.99136468896,4568571.738827831,
2017-06-30,2713,414491.71266227216,4568540.199497934,
2017-06-30,2714,414493.96685994294,4568517.093836853,
2017-06-30,2715,414495.0152036412,4568515.760333664,
2017-06-30,2716,414494.99793271127,4568533.666912996,
2017-06-30,2717,414494.99960527854,4568551.231460188,
2017-06-30,2718,414495.00039921777,4568568.811871343,
2017-06-30,2719,414495.002140384,4568586.375179961,
2017-06-30,2720,414494.9853133057,4568604.273745384,
2017-06-30,2721,414496.037521677,4568602.87046404,
2017-06-30,2722,414498.2937812038,4568579.727575358,
2017-06-30,2723,414501.0153174476,4568548.183936349,
2017-06-30,2724,414503.46320744284,4568521.581085749,
2017-06-30,2725,414504.8985282234,4568513.2605622895,
2017-06-30,2726,414504.9919428107,4568529.168671969,
2017-06-30,2727,414504.99960502546,4568546.625073775,
2017-06-30,2728,414504.9999591111,4568564.213426664,
2017-06-30,2729,414504.9978870681,4568581.845584238,
2017-06-30,2730,414504.97421220073,4568599.867789125,
2017-06-30,2731,414505.61569122353,4568605.88038435,
2017-06-30,2732,414507.6280886271,4568587.140520221,
2017-06-30,2733,414510.29921641166,4568556.5070253555,
2017-06-30,2734,414512.89015161165,4568527.321438492,
2017-06-30,2735,414514.661971261,4568512.925298366,
2017-06-30,2736,414515.0030246501,4568524.362194116,
2017-06-30,2737,414515.0012875617,4568541.988303953,
2017-06-30,2738,414515.0000130897,4568559.606061081,
2017-06-30,2739,414514.9990718046,4568577.21780238,
2017-06-30,2740,414515.0009360861,4568594.778888101,
2017-06-30,2741,414515.2896584652,4568607.160640389,
2017-06-30,2742,414517.007546626,4568593.738254068,
2017-06-30,2743,414519.5776188314,4568564.929356606,
2017-06-30,2744,414522.2609521161,4568534.075486737,
2017-06-30,2745,414524.31862351403,4568514.518183198,
2017-06-30,2746,414525.0286757063,4568519.292663433,
2017-06-30,2747,414525.0019106588,4568537.370662713,
2017-06-30,2748,414524.9999999938,4568554.999906547,
2017-06-30,2749,414525.000493539,4568572.585741435,
2017-06-30,2750,414525.0076809651,4568590.0507157305,
2017-06-30,2751,414525.0726830664,4568606.471823799,
2017-06-30,2752,414526.44541486434,4568599.281368542,
2017-06-30,2753,414528.8637843708,4568573.211521737,
2017-06-30,2754,414531.5888686203,4568541.603822119,
2017-06-30,2755,414533.8817446468,4568517.799808422,
2017-06-30,2756,414535.0034907792,4568515.140996013,
2017-06-30,2757,414534.9965028685,4568532.861911467,
2017-06-30,2758,414534.99952745775,4568550.402047389,
2017-06-30,2759,414535.00030776806,4568567.982704623,
2017-06-30,2760,414535.00080931524,4568585.56839504,
2017-06-30,2761,414534.97710245126,4568603.591177637,
2017-06-30,2762,414535.95495300717,4568603.530455286,
2017-06-30,2763,414538.1709726948,4568581.114112392,
2017-06-30,2764,414540.8871607892,4568549.667036282,
2017-06-30,2765,414543.3645943246,4568522.530765685,
2017-06-30,2766,414544.864350335,4568513.04683934,
2017-06-30,2767,414544.9920897511,4568528.335201019,
2017-06-30,2768,414544.99977267534,4568545.791228906,
2017-06-30,2769,414544.9999386202,4568563.382978748,
2017-06-30,2770,414544.99784933025,4568581.015447722,
2017-06-30,2771,414544.9784500252,4568598.960455689,
2017-06-30,2772,414545.5494207193,4568606.246105947,
2017-06-30,2773,414547.5124434683,4568588.397720224,
2017-06-30,2774,414550.1690882877,4568558.025720874,
2017-06-30,2775,414552.780432212,4568528.471646633,
2017-06-30,2776,414554.60755227506,4568513.077036235,
2017-06-30,2777,414555.0079958296,4568523.441619664,
2017-06-30,2778,414555.001634247,4568541.151226531,
2017-06-30,2779,414555.0000385086,4568558.774784242,
2017-06-30,2780,414554.99945263594,4568576.380108439,
2017-06-30,2781,414555.00407387415,4568593.891416246,
2017-06-30,2782,414555.2420776658,4568607.1889121635,
2017-06-30,2783,414556.901456356,4568594.822936867,
2017-06-30,2784,414559.4479107805,4568566.440467536,
2017-06-30,2785,414562.1425179735,4568535.3830429055,
2017-06-30,2786,414564.2463549695,4568514.992201712,
2017-06-30,2787,414565.0301047473,4568518.436043663,
2017-06-30,2788,414565.00149070355,4568536.547427286,
2017-06-30,2789,414564.99993208144,4568554.170314845,
2017-06-30,2790,414565.00054269895,4568571.754035953,
2017-06-30,2791,414565.00685465016,4568589.23481728,
2017-06-30,2792,414565.0461835117,4568606.119465584,
2017-06-30,2793,414566.351271023,4568600.150353965,
2017-06-30,2794,414568.7368879329,4568574.671867911,
2017-06-30,2795,414571.46411127504,4568543.0255461475,
2017-06-30,2796,414573.79401808395,4568518.552927416,
2017-06-30,2797,414574.98768539366,4568514.595550447,
2017-06-30,2798,414574.9950853959,4568532.056686598,
2017-06-30,2799,414574.99947298545,4568549.5722130155,
2017-06-30,2800,414575.000210906,4568567.153635616,
2017-06-30,2801,414574.9996983828,4568584.757635464,
2017-06-30,2802,414574.97215171554,4568602.8497471865,
2017-06-30,2803,414575.8751471341,4568604.140563161,
2017-06-30,2804,414578.0492794091,4568582.480513634,
2017-06-30,2805,414580.7584717805,4568551.159747998,
2017-06-30,2806,414583.26380128245,4568523.519804984,
2017-06-30,2807,414584.82634494914,4568512.902223328,
2017-06-30,2808,414584.9929128222,4568527.489522272,
2017-06-30,2809,414585.0000147316,4568544.956040602,
2017-06-30,2810,414584.99993687234,4568562.552192424,
2017-06-30,2811,414584.99796032306,4568580.182625819,
2017-06-30,2812,414584.98347163067,4568598.038970778,
2017-06-30,2813,414585.4863443549,4568606.554156113,
2017-06-30,2814,414587.3983448754,4568589.626996373,
2017-06-30,2815,414590.03885915614,4568559.546240115,
2017-06-30,2816,414592.6689642311,4568529.653426073,
2017-06-30,2817,414594.5497371345,4568513.2900929805,
2017-06-30,2818,414595.0133429924,4568522.514256696,
2017-06-30,2819,414595.001915896,4568540.315323362,
2017-06-30,2820,414595.00005714153,4568557.943629935,
2017-06-30,2821,414594.999803493,4568575.542955693,
2017-06-30,2822,414595.0062246667,4568593.021764968,
2017-06-30,2823,414595.19812234933,4568607.151724447,
2017-06-30,2824,414596.79734399525,4568595.871907749,
2017-06-30,2825,414599.3185330651,4568567.945614127,
2017-06-30,2826,414602.0227665932,4568536.714382314,
2017-06-30,2827,414604.1711216136,4568515.519751043,
2017-06-30,2828,414605.02943343355,4568517.617346605,
2017-06-30,2829,414605.0008270068,4568535.728592695,
2017-06-30,2830,414604.99984566856,4568553.341057178,
2017-06-30,2831,414605.00054459716,4568570.923183794,
2017-06-30,2832,414605.0057051006,4568588.424754957,
2017-06-30,2833,414605.02374078246,4568605.693859813,
2017-06-30,2834,414606.2595364339,4568600.975839413,
2017-06-30,2835,414608.6107531734,4568576.1184616815,
2017-06-30,2836,414611.33846803487,4568544.463265354,
2017-06-30,2837,414613.70375805243,4568519.351789162,
2017-06-30,2838,414614.9677002604,4568514.125571842,
2017-06-30,2839,414614.99380001053,4568531.2490768405,
2017-06-30,2840,414614.99945107143,4568548.7417907985,
2017-06-30,2841,414615.000117841,4568566.324498055,
2017-06-30,2842,414614.9988739033,4568583.941703871,
2017-06-30,2843,414614.9700144616,4568602.057518247,
2017-06-30,2844,414615.7981818569,4568604.69938301,
2017-06-30,2845,414617.9287791458,4568583.825374426,
2017-06-30,2846,414620.62932822044,4568552.660666838,
2017-06-30,2847,414623.1609061152,4568524.546798981,
2017-06-30,2848,414624.7845898642,4568512.825309588,
2017-06-30,2849,414624.994531741,4568526.629474181,
2017-06-30,2850,414625.00033235154,4568544.119487967,
2017-06-30,2851,414624.9999492625,4568561.721150827,
2017-06-30,2852,414624.998187815,4568579.347700482,
2017-06-30,2853,414624.9888303803,4568597.1113986075,
2017-06-30,2854,414625.4265399283,4568606.80313018,
2017-06-30,2855,414627.2858706468,4568590.826943996,
2017-06-30,2856,414629.90860681486,4568561.067178402,
2017-06-30,2857,414632.5558254669,4568530.865372134,
2017-06-30,2858,414634.488603637,4568513.563063927,
2017-06-30,2859,414635.01861950115,4568521.58816942,
2017-06-30,2860,414635.0021002774,4568539.481176402,
2017-06-30,2861,414635.00006438314,4568557.112681295,
2017-06-30,2862,414635.00009244226,4568574.706920716,
2017-06-30,2863,414635.00750818144,4568592.167772731,
2017-06-30,2864,414635.15787031356,4568607.04767257,
2017-06-30,2865,414636.69528734195,4568596.88376205,
2017-06-30,2866,414639.18956348376,4568569.443391712,
2017-06-30,2867,414641.90177577315,4568538.068100291,
2017-06-30,2868,414644.09300124424,4568516.099426519,
2017-06-30,2869,414645.02621512796,4568516.844636467,
2017-06-30,2870,414644.9998873672,4568534.914740365,
2017-06-30,2871,414644.99974996404,4568552.511967275,
2017-06-30,2872,414645.0005084429,4568570.093018686,
2017-06-30,2873,414645.0043520335,4568587.61836722,
2017-06-30,2874,414645.00543267705,4568605.193601819,
2017-06-30,2875,414646.170288895,4568601.756420212,
2017-06-30,2876,414648.4854578904,4568577.549898382,
2017-06-30,2877,414651.2120166972,4568545.915575064,
2017-06-30,2878,414653.6110423499,4568520.19498899,
2017-06-30,2879,414654.94361188245,4568513.729678897,
2017-06-30,2880,414654.9927664295,4568530.436920658,
2017-06-30,2881,414654.99947092426,4568547.910614466,
2017-06-30,2882,414655.0000377823,4568565.495125664,
2017-06-30,2883,414654.99831239623,4568583.121024212,
2017-06-30,2884,414654.97024405195,4568601.222555016,
2017-06-30,2885,414655.7241349724,4568605.205510145,
2017-06-30,2886,414657.80954970146,4568585.147290081,
2017-06-30,2887,414660.4998079059,4568554.168388119,
2017-06-30,2888,414663.05598661967,4568525.610342996,
2017-06-30,2889,414664.73916287743,4568512.814693444,
2017-06-30,2890,414664.9970662248,4568525.752895215,
2017-06-30,2891,414665.0006991767,4568543.2820469085,
2017-06-30,2892,414664.99997118657,4568560.8899370935,
2017-06-30,2893,414664.998499574,4568578.511253661,
2017-06-30,2894,414664.99407963676,4568596.185803377,
2017-06-30,2895,414665.37008523755,4568606.991623478,
2017-06-30,2896,414667.1750985804,4568591.996158434,
2017-06-30,2897,414669.77840906254,4568562.587131086,
2017-06-30,2898,414672.44109371817,4568532.106080171,
2017-06-30,2899,414674.4242295811,4568513.894544419,
2017-06-30,2900,414675.0233787182,4568520.671422035,
2017-06-30,2901,414675.00215515937,4568538.6493676035,
2017-06-30,2902,414675.0000556296,4568556.282021462,
2017-06-30,2903,414675.0003033797,4568573.872294271,
2017-06-30,2904,414675.0080441352,4568591.327277992,
2017-06-30,2905,414675.1213993564,4568606.87535186,
2017-06-30,2906,414676.59536419326,4568597.857095094,
2017-06-30,2907,414679.0610798332,4568570.932395618,
2017-06-30,2908,414681.7796233103,4568539.442792165,
2017-06-30,2909,414684.01207165874,4568516.729823471,
2017-06-30,2910,414685.02000319323,4568516.125977453,
2017-06-30,2911,414684.9986736401,4568534.105836788,
2017-06-30,2912,414684.9996541768,4568551.682878863,
2017-06-30,2913,414685.000443445,4568569.2633743575,
2017-06-30,2914,414685.00291516597,4568586.813492526,
2017-06-30,2915,414684.99131311005,4568604.61771816,
2017-06-30,2916,414686.08360620425,4568602.490691703,
2017-06-30,2917,414688.36107988196,4568578.964773351,
2017-06-30,2918,414691.08483506064,4568547.3810706185,
2017-06-30,2919,414693.51594877464,4568521.081122237,
2017-06-30,2920,414694.91549805796,4568513.406466942,
2017-06-30,2921,414694.99210437003,4568529.618056507,
2017-06-30,2922,414694.9995417528,4568547.078517741,
2017-06-30,2923,414694.9999797872,4568564.665354899,
2017-06-30,2924,414694.99798163,4568582.296178443,
2017-06-30,2925,414694.9723938498,4568600.35292171,
2017-06-30,2926,414695.65308427834,4568605.657539899,
2017-06-30,2927,414697.69166887394,4568586.444855928,
2017-06-30,2928,414700.3699886342,4568555.681507168,
2017-06-30,2929,414702.9491205937,4568526.709032356,
2017-06-30,2930,414704.6901417867,4568512.8689702265,
2017-06-30,2931,414705.0006356218,4568524.857630496,
2017-06-30,2932,414705.0010829758,4568542.44429938,
2017-06-30,2933,414704.99999803986,4568560.058634359,
2017-06-30,2934,414704.9988633692,4568577.673867311,
2017-06-30,2935,414704.9987727625,4568595.270249295,
2017-06-30,2936,414705.3170580806,4568607.118231337,
2017-06-30,2937,414707.06610647426,4568593.133235008,
2017-06-30,2938,414709.64834369667,4568564.104693481,
2017-06-30,2939,414712.3248467819,4568533.374145492,
2017-06-30,2940,414714.3566927641,4568514.283129776,
2017-06-30,2941,414715.02717400633,4568519.772078753,
2017-06-30,2942,414715.00204831036,4568537.820478916,
2017-06-30,2943,414715.00002627575,4568555.451733568,
2017-06-30,2944,414715.0004436244,4568573.038944217,
2017-06-30,2945,414715.0079522453,4568590.4981192155,
2017-06-30,2946,414715.0887872757,4568606.633357651,
2017-06-30,2947,414716.49765234767,4568598.790502217,
2017-06-30,2948,414718.9331599119,4568572.411221176,
2017-06-30,2949,414721.6563870029,4568540.837053269,
2017-06-30,2950,414723.9284106549,4568517.409537228,
2017-06-30,2951,414725.0103509923,4568515.469433774,
2017-06-30,2952,414724.99728739145,4568533.300048163,
2017-06-30,2953,414724.99956751615,4568550.85362567,
2017-06-30,2954,414725.00035881286,4568568.434084538,
2017-06-30,2955,414725.00151421555,4568586.007969341,
2017-06-30,2956,414724.9811396678,4568603.970585693,
2017-06-30,2957,414725.99956615904,4568603.1772492025,
2017-06-30,2958,414728.23769694543,4568580.361681907,
2017-06-30,2959,414730.9570009223,4568548.858347336,
2017-06-30,2960,414733.4185551239,4568522.008784223,
2017-06-30,2961,414734.8834365845,4568513.154531306,
2017-06-30,2962,414734.99193354946,4568528.790322856,
2017-06-30,2963,414734.9996727662,4568546.245334356,
2017-06-30,2964,414734.9999471571,4568563.8351261625,
2017-06-30,2965,414734.9978493725,4568581.467748513,
2017-06-30,2966,414734.97601721727,4568599.456682525,
2017-06-30,2967,414735.58510757296,4568606.05406761,
2017-06-30,2968,414737.5752144616,4568587.716667312,
2017-06-30,2969,414740.23994820466,4568557.198619334,
2017-06-30,2970,414742.8403858363,4568527.841462408,
2017-06-30,2971,414744.6376043905,4568512.986735271,
2017-06-30,2972,414745.0052143519,4568523.9441418685,
2017-06-30,2973,414745.0014515175,4568541.606827336,
2017-06-30,2974,414745.000025218,4568559.227325764,
2017-06-30,2975,414744.9992469688,4568576.836123389,
2017-06-30,2976,414745.0024956904,4568594.37221251,
2017-06-30,2977,414745.2675362549,4568607.181549085,
2017-06-30,2978,414746.9589721256,4568594.236769045,
2017-06-30,2979,414749.5184885147,4568565.618460916,
2017-06-30,2980,414752.2071624561,4568534.668163433,
2017-06-30,2981,414754.2860709841,4568514.727415328,
2017-06-30,2982,414755.0295587291,4568518.898203785,
2017-06-30,2983,414755.00174749887,4568536.995092296,
2017-06-30,2984,414754.99997193547,4568554.621896817,
2017-06-30,2985,414755.00052238494,4568572.206704278,
2017-06-30,2986,414755.007352229,4568589.678134855,
2017-06-30,2987,414755.0601118695,4568606.320285268,
2017-06-30,2988,414756.40222960257,4568599.682578741,
2017-06-30,2989,414758.80588151765,4568573.878463715,
2017-06-30,2990,414761.5321446491,4568542.24947893,
2017-06-30,2991,414763.84209603106,4568518.1371631175,
2017-06-30,2992,414764.9968126976,4568514.883055014,
2017-06-30,2993,414764.99584833754,4568532.49521294,
2017-06-30,2994,414764.99949919083,4568550.024041425,
2017-06-30,2995,414765.00026375527,4568567.604982957,
2017-06-30,2996,414765.00026889925,4568585.199636122,
2017-06-30,2997,414764.9744694958,4568603.260200328,
2017-06-30,2998,414765.91824655706,4568603.814688043,
2017-06-30,2999,414768.11538687843,4568581.739219378,
2017-06-30,3000,414770.82859208004,4568550.3460005475,
2017-06-30,3001,414773.31893919583,4568522.976570283,
2017-06-30,3002,414774.84750526026,4568512.97246732,
2017-06-30,3003,414774.99237368477,4568527.951558157,
2017-06-30,3004,414774.9998731736,4568545.410898036,
2017-06-30,3005,414774.99993577634,4568563.004513758,
2017-06-30,3006,414774.9978833926,4568580.636316378,
2017-06-30,3007,414774.9806675176,4568598.541901674,
2017-06-30,3008,414775.52028265427,4568606.3936886,
2017-06-30,3009,414777.46026426204,4568588.961319553,
2017-06-30,3010,414780.1097644138,4568558.718319932,
2017-06-30,3011,414782.7298601435,4568529.006228469,
2017-06-30,3012,414784.5816284857,4568513.166583903,
2017-06-30,3013,414785.01041221706,4568523.019474529,
2017-06-30,3014,414785.0017725696,4568540.770212728,
2017-06-30,3015,414785.00004811684,4568558.396094433,
2017-06-30,3016,414784.9996181428,4568575.998603819,
2017-06-30,3017,414785.0051689411,4568593.493128022,
2017-06-30,3018,414785.2215966797,4568607.180186483,
2017-06-30,3019,414786.85376660136,4568595.30546639,
2017-06-30,3020,414789.38890749053,4568567.127255679,
2017-06-30,3021,414792.08810112585,4568535.987015189,
2017-06-30,3022,414794.21242928645,4568515.226205761,
2017-06-30,3023,414795.0300904281,4568518.0577927185,
2017-06-30,3024,414795.0012343268,4568536.173562595,
2017-06-30,3025,414794.9997611489,4568553.794666381,
2017-06-30,3026,414794.9972968312,4568571.428797335,
2017-06-30,3027,414794.9706022102,4568589.452266075,
2017-06-30,3028,414795.7141776624,4568595.1034904905,
2017-06-30,3029,414798.0927057706,4568574.493698848,
2017-06-30,3030,414801.12137805927,4568543.441135465,
2017-06-30,3031,414803.7735043078,4568518.43675551,
2017-06-30,3032,414805.0228471838,4568515.964239765,
2017-06-30,3033,414804.99804001575,4568533.95744482,
2017-06-30,3034,414804.99930843955,4568551.531817116,
2017-06-30,3035,414804.99777775956,4568569.151149334,
2017-06-30,3036,414804.9877713938,4568586.9066202,
2017-06-30,3037,414805.5077384854,4568596.149520789,
2017-06-30,3038,414807.72762449906,4568578.087885503,
2017-06-30,3039,414810.73010444717,4568547.456024732,
2017-06-30,3040,414813.4884890339,4568520.7448865725,
2017-06-30,3041,414814.9760889634,4568514.44541912,
2017-06-30,3042,414814.993278863,4568531.764056564,
2017-06-30,3043,414814.99912960985,4568549.264826403,
2017-06-30,3044,414814.9990052725,4568566.861569578,
2017-06-30,3045,414815.0029793995,4568584.39248217,
2017-06-30,3046,414815.33140964556,4568596.711896941,
2017-06-30,3047,414817.3755655765,4568581.4728835365,
2017-06-30,3048,414820.33476658183,4568551.536180297,
2017-06-30,3049,414823.1823233658,4568523.39273532,
2017-06-30,3050,414824.89154663275,4568513.533496702,
2017-06-30,3051,414824.99016293575,4568529.54424227,
2017-06-30,3052,414824.999352693,4568546.991380061,
2017-06-30,3053,414825.00017985003,4568564.572840089,
2017-06-30,3054,414825.009462584,4568582.018484467,
2017-06-30,3055,414825.18739721883,4568596.755198537,
2017-06-30,3056,414827.03873580956,4568584.6132669505,
2017-06-30,3057,414829.9375706147,4568555.646181181,
2017-06-30,3058,414832.85721233836,4568526.344889322,
2017-06-30,3059,414834.77097168483,4568513.200339472,
2017-06-30,3060,414834.9917071928,4568527.249574891,
2017-06-30,3061,414835.00013604376,4568544.708934557,
2017-06-30,3062,414835.0007703032,4568562.293492956,
2017-06-30,3063,414835.00921787304,4568579.752551952,
2017-06-30,3064,414835.077905598,4568596.244018047,
2017-06-30,3065,414836.71933959075,4568587.473628218,
2017-06-30,3066,414839.5407209379,4568559.750619854,
2017-06-30,3067,414842.5153603437,4568529.565941051,
2017-06-30,3068,414844.61656851234,4568513.410539903,
2017-06-30,3069,414845.00092585647,4568524.831639215,
2017-06-30,3070,414845.00141202076,4568542.41857636,
2017-06-30,3071,414845.0008500165,4568560.022349459,
2017-06-30,3072,414845.00526022504,4568577.546257595,
2017-06-30,3073,414845.0051391766,4568595.142947942,
2017-06-30,3074,414846.4195813137,4568590.0185597995,
2017-06-30,3075,414849.14642194536,4568563.814088775,
2017-06-30,3076,414852.15897177573,4568533.020482962,
2017-06-30,3077,414854.4305415087,4568514.128690455,
2017-06-30,3078,414855.0179396182,4568522.2884966675,
2017-06-30,3079,414855.00249269424,4568540.131355183,
2017-06-30,3080,414855.0005776718,4568557.756860803,
2017-06-30,3081,414855.0006045977,4568575.351174353,
2017-06-30,3082,414854.9696620556,4568593.442927482,
2017-06-30,3083,414856.1416653713,4568592.212654178,
2017-06-30,3084,414858.75687802973,4568567.801180431,
2017-06-30,3085,414861.79025102686,4568536.673107543,
2017-06-30,3086,414864.2150950669,4568515.319383614,
2017-06-30,3087,414865.0334113429,4568519.770122713,
2017-06-30,3088,414865.0025846538,4568537.860014981,
2017-06-30,3089,414865.00011195167,4568555.4944782015,
2017-06-30,3090,414864.99788838526,4568573.124939736,
2017-06-30,3091,414864.96318413253,4568591.277114427,
2017-06-30,3092,414865.88779615675,4568594.020503816,
2017-06-30,3093,414868.3742935845,4568571.67648728,
2017-06-30,3094,414871.41140249075,4568540.488407256,
2017-06-30,3095,414873.9724335801,4568516.947211839,
2017-06-30,3096,414875.0360746081,4568517.45748154,
2017-06-30,3097,414875.0008944896,4568535.617299706,
2017-06-30,3098,414874.99961153744,4568553.232652858,
2017-06-30,3099,414874.9972986834,4568570.8645485565,
2017-06-30,3100,414874.97444118623,4568588.826437611,
2017-06-30,3101,414875.6601780628,4568595.406701185,
2017-06-30,3102,414878.00087300193,4568575.4046017965,
2017-06-30,3103,414881.0246305599,4568544.430974573,
2017-06-30,3104,414883.7047614408,4568518.976767605,
2017-06-30,3105,414885.014662991,4568515.531537327,
2017-06-30,3106,414884.9968674005,4568533.412120732,
2017-06-30,3107,414884.9992351115,4568550.968835984,
2017-06-30,3108,414884.9980446331,4568568.582703795,
2017-06-30,3109,414884.99216679344,4568586.271861212,
2017-06-30,3110,414885.4610154826,4568596.335838759,
2017-06-30,3111,414887.63882067584,4568578.950116457,
2017-06-30,3112,414890.63213962776,4568548.465401968,
2017-06-30,3113,414893.41428304254,4568521.372643383,
2017-06-30,3114,414894.95856162487,4568514.162788805,
2017-06-30,3115,414894.9922336054,4568531.216686817,
2017-06-30,3116,414894.999141356,4568548.70047879,
2017-06-30,3117,414894.9993328241,4568566.292149413,
2017-06-30,3118,414895.0053834082,4568583.789709419,
2017-06-30,3119,414895.29251280945,4568596.772509004,
2017-06-30,3120,414897.2903409991,4568582.277623724,
2017-06-30,3121,414900.2361340874,4568552.556281907,
2017-06-30,3122,414903.10320277873,4568524.099431646,
2017-06-30,3123,414904.86485777725,4568513.398021037,
2017-06-30,3124,414904.98999438406,4568528.982790646,
2017-06-30,3125,414904.99948895234,4568546.425032479,
2017-06-30,3126,414905.0003829499,4568564.005418906,
2017-06-30,3127,414905.0099128692,4568581.447092924,
2017-06-30,3128,414905.1568744361,4568596.681304397,
2017-06-30,3129,414906.9576383645,4568585.351716072,
2017-06-30,3130,414909.8388183316,4568556.66820686,
2017-06-30,3131,414912.7737250416,4568527.121724855,
2017-06-30,3132,414914.7356691989,4568513.203218156,
2017-06-30,3133,414914.9931646942,4568526.662005184,
2017-06-30,3134,414915.00042816094,4568544.14008355,
2017-06-30,3135,414915.00083164347,4568561.728348747,
2017-06-30,3136,414915.00846378214,4568579.200505411,
2017-06-30,3137,414915.0563047556,4568596.026817403,
2017-06-30,3138,414916.6429171652,4568588.136985972,
2017-06-30,3139,414919.4423967535,4568560.765769303,
2017-06-30,3140,414922.42805422464,4568530.404115491,
2017-06-30,3141,414924.57320028316,4568513.542972634,
2017-06-30,3142,414925.0046842704,4568524.207111658,
2017-06-30,3143,414925.00172968913,4568541.849314947,
2017-06-30,3144,414925.00080903666,4568559.458848741,
2017-06-30,3145,414925.004051105,4568577.001519846,
2017-06-30,3146,414924.9930007046,4568594.773760267,
2017-06-30,3147,414926.3483817942,4568590.598025889,
2017-06-30,3148,414929.04907374585,4568564.813561699,
2017-06-30,3149,414932.06839472055,4568533.911196018,
2017-06-30,3150,414934.37965542264,4568514.38187694,
2017-06-30,3151,414935.0223668813,4568521.653225885,
2017-06-30,3152,414935.00263871666,4568539.564850786,
2017-06-30,3153,414935.0004738116,4568557.194370093,
2017-06-30,3154,414934.99968934024,4568574.801716512,
2017-06-30,3155,414934.96578159346,4568592.941097521,
2017-06-30,3156,414936.0762366447,4568592.699428302,
2017-06-30,3157,414938.6610537024,4568568.776176528,
2017-06-30,3158,414941.696950923,4568537.607558912,
2017-06-30,3159,414944.157239011,4568515.68452355,
2017-06-30,3160,414945.03570726275,4568519.169086113,
2017-06-30,3161,414945.00236183405,4568537.299435023,
2017-06-30,3162,414944.99998464965,4568554.93236401,
2017-06-30,3163,414944.99757383286,4568572.565833213,
2017-06-30,3164,414944.9647636892,4568590.687584237,
2017-06-30,3165,414945.8286861099,4568594.40578568,
2017-06-30,3166,414948.28054101585,4568572.618206258,
2017-06-30,3167,414951.31592722493,4568541.457796644,
2017-06-30,3168,414953.9081554412,4568517.415504933,
2017-06-30,3169,414955.0334389926,4568516.935656532,
2017-06-30,3170,414955.0001056311,4568535.0658116145,
2017-06-30,3171,414954.99950023374,4568552.670281706,
2017-06-30,3172,414954.9973901904,4568570.298919802,
2017-06-30,3173,414954.9786805695,4568588.1941846,
2017-06-30,3174,414955.60793458245,4568595.681690485,
2017-06-30,3175,414957.909740079,4568576.3042433495,
2017-06-30,3176,414960.9275280189,4568545.426501673,
2017-06-30,3177,414963.6346091059,4568519.539413549,
2017-06-30,3178,414965.00429564784,4568515.13390132,
2017-06-30,3179,414964.99565646064,4568532.867412214,
2017-06-30,3180,414964.99917924503,4568550.405574382,
2017-06-30,3181,414964.9983450029,4568568.013720235,
2017-06-30,3182,414964.9962658112,4568585.641862789,
2017-06-30,3183,414965.41618645575,4568596.4917351995,
2017-06-30,3184,414967.55085528543,4568579.798880289,
2017-06-30,3185,414970.53395769827,4568549.478266484,
2017-06-30,3186,414973.3388043983,4568522.0208418835,
2017-06-30,3187,414974.93870608986,4568513.917554583,
2017-06-30,3188,414974.99133626954,4568530.666941115,
2017-06-30,3189,414974.99918036605,4568548.135693257,
2017-06-30,3190,414974.99964486016,4568565.722978467,
2017-06-30,3191,414975.0072318547,4568583.195860251,
2017-06-30,3192,414975.2556461227,4568596.800512285,
2017-06-30,3193,414977.2060910276,4568583.066709532,
2017-06-30,3194,414980.1374206557,4568553.577683538,
2017-06-30,3195,414983.02294571116,4568524.824382398,
2017-06-30,3196,414984.83597689844,4568513.2977542095,
2017-06-30,3197,414984.99015999906,4568528.415971551,
2017-06-30,3198,414984.99966227845,4568545.85808953,
2017-06-30,3199,414985.0005471329,4568563.438622805,
2017-06-30,3200,414985.00999383745,4568580.881633448,
2017-06-30,3201,414985.1285179764,4568596.572614217,
2017-06-30,3202,414986.8776516993,4568586.07232356,
2017-06-30,3203,414989.7401212853,4568557.68934531,
2017-06-30,3204,414992.6892374385,4568527.914627567,
2017-06-30,3205,414994.6983108634,4568513.239118423,
2017-06-30,3206,414994.9951426073,4568526.066076487,
2017-06-30,3207,414995.00074504386,4568543.570834749,
2017-06-30,3208,414995.0008638698,4568561.163672173,
2017-06-30,3209,414995.0075266191,4568578.651399419,
2017-06-30,3210,414995.0370064096,4568595.772633465,
2017-06-30,3211,414996.5677416927,4568588.780314841,
2017-06-30,3212,414999.3442639789,4568561.777844274,
2017-06-30,3213,415002.3398839723,4568531.256169862,
2017-06-30,3214,415004.5279123775,4568513.706239698,
2017-06-30,3215,415005.0088704174,4568523.5757137425,
2017-06-30,3216,415005.0020231109,4568541.280442983,
2017-06-30,3217,415005.0007487454,4568558.895658212,
2017-06-30,3218,415005.00284515833,4568576.456731128,
2017-06-30,3219,415004.9831745454,4568594.367431622,
2017-06-30,3220,415006.2785654015,4568591.155275841,
2017-06-30,3221,415008.9520531303,4568565.807772893,
2017-06-30,3222,415011.9770897065,4568534.813601752,
2017-06-30,3223,415014.3269858343,4568514.663710508,
2017-06-30,3224,415015.0265259086,4568521.02226357,
2017-06-30,3225,415015.0027114811,4568538.999523079,
2017-06-30,3226,415015.00036044174,4568556.632032121,
2017-06-30,3227,415014.99893988215,4568574.2495955555,
2017-06-30,3228,415014.96351967676,4568592.413270067,
2017-06-30,3229,415016.01232721854,4568593.161799036,
2017-06-30,3230,415018.5656931322,4568569.743723642,
2017-06-30,3231,415021.6030590333,4568538.551515701,
2017-06-30,3232,415024.09773562604,4568516.076123311,
2017-06-30,3233,415025.03703897836,4568518.583536808,
2017-06-30,3234,415025.00201674446,4568536.740819,
2017-06-30,3235,415024.9998576411,4568554.370245112,
2017-06-30,3236,415024.9973786189,4568572.004809844,
2017-06-30,3237,415024.96726582275,4568590.083235379,
2017-06-30,3238,415025.77123153704,4568594.764476894,
2017-06-30,3239,415028.1873883783,4568573.550288993,
2017-06-30,3240,415031.2199963469,4568542.434504194,
2017-06-30,3241,415033.84236614686,4568517.908070593,
2017-06-30,3242,415035.0291432042,4568516.440497647,
2017-06-30,3243,415034.9991521393,4568534.516967901,
2017-06-30,3244,415034.99939902534,4568552.107748396,
2017-06-30,3245,415034.9975520241,4568569.732161444,
2017-06-30,3246,415034.98314656096,4568587.558291748,
2017-06-30,3247,415035.5574827497,4568595.927901886,
2017-06-30,3248,415037.81934326043,4568577.192061406,
2017-06-30,3249,415040.8301060386,4568546.427159682,
2017-06-30,3250,415043.56308178854,4568520.124144808,
2017-06-30,3251,415044.99158121436,4568514.773964883,
2017-06-30,3252,415044.99445348734,4568532.322575737,
2017-06-30,3253,415044.9991432764,4568549.841993178,
2017-06-30,3254,415044.99866668734,4568567.444394309,
2017-06-30,3255,415044.99989546865,4568585.019403355,
2017-06-30,3256,415045.37328524963,4568596.616666482,
2017-06-30,3257,415047.4637621726,4568580.633633366,
2017-06-30,3258,415050.4355925031,4568550.494074655,
2017-06-30,3259,415053.2620869452,4568522.6889384445,
2017-06-30,3260,415054.91655620304,4568513.709172829,
2017-06-30,3261,415054.99063314515,4568530.114075935,
2017-06-30,3262,415054.99924907635,4568547.57043067,
2017-06-30,3263,415054.9999291992,4568565.1542524,
2017-06-30,3264,415055.008571029,4568582.610191146,
2017-06-30,3265,415055.22084343026,4568596.795363155,
2017-06-30,3266,415057.12284950784,4568583.839597338,
2017-06-30,3267,415060.03866013273,4568554.599841576,
2017-06-30,3268,415062.9415860094,4568525.567043964,
2017-06-30,3269,415064.8049378418,4568513.232152597,
2017-06-30,3270,415064.9907060708,4568527.843041461,
2017-06-30,3271,415064.99987510714,4568545.2905120775,
2017-06-30,3272,415065.0006748363,4568562.872412658,
2017-06-30,3273,415065.0097517785,4568580.321362516,
2017-06-30,3274,415065.10236168443,4568596.428584374,
2017-06-30,3275,415066.7988096587,4568586.774545789,
2017-06-30,3276,415069.64151332073,4568558.709052911,
2017-06-30,3277,415072.6037833743,4568528.7230538335,
2017-06-30,3278,415074.65893052355,4568513.307496652,
2017-06-30,3279,415074.99768722244,4568525.461045278,
2017-06-30,3280,415075.00107451074,4568543.001383821,
2017-06-30,3281,415075.0008694185,4568560.599424106,
2017-06-30,3282,415075.00645267445,4568578.104490453,
2017-06-30,3283,415075.0200444051,4568595.480922609,
2017-06-30,3284,415076.49384701863,4568589.403071198,
2017-06-30,3285,415079.24635645957,4568562.78630114,
2017-06-30,3286,415082.25088343234,4568532.121560531,
2017-06-30,3287,415084.4807386411,4568513.899797469,
2017-06-30,3288,415085.0133113191,4568522.9402238885,
2017-06-30,3289,415085.0022801053,4568540.712156132,
2017-06-30,3290,415085.0006715788,4568558.332738738,
2017-06-30,3291,415085.00168867485,4568575.91114792,
2017-06-30,3292,415084.9754899221,4568593.926705078,
2017-06-30,3293,415086.21016598074,4568591.689766024,
2017-06-30,3294,415088.8553939433,4568566.796178723,
2017-06-30,3295,415091.8850905779,4568535.727156522,
2017-06-30,3296,415094.27256658825,4568514.973647519,
2017-06-30,3297,415095.0302437222,4568520.398388144,
2017-06-30,3298,415095.0026988062,4568538.435567728,
2017-06-30,3299,415095.0002399992,4568556.069807755,
2017-06-30,3300,415094.99834659183,4568573.694966185,
2017-06-30,3301,415094.96270330646,4568591.862223697,
2017-06-30,3302,415095.94997144135,4568593.599218891,
2017-06-30,3303,415098.47083177604,4568570.7032658,
2017-06-30,3304,415101.5086115877,4568539.504416024,
2017-06-30,3305,415104.0366206557,4568516.4936247375,
2017-06-30,3306,415105.0372328559,4568518.01625824,
2017-06-30,3307,415105.00153499766,4568536.184379452,
2017-06-30,3308,415104.99975418294,4568553.807922992,
2017-06-30,3309,415104.99780266406,4568571.43814527,
2017-06-30,3310,415104.9761666179,4568589.423603959,
2017-06-30,3311,415105.58269297925,4568596.067309894,
2017-06-30,3312,415107.57100259175,4568577.762370194,
2017-06-30,3313,415110.23520570877,4568547.253898383,
2017-06-30,3314,415112.83638410905,4568517.883355297,
2017-06-30,3315,415114.63561957167,4568502.99220178,
2017-06-30,3316,415115.00539616495,4568513.910486627,
2017-06-30,3317,415115.0014642807,4568531.576224378,
2017-06-30,3318,415115.0000261578,4568549.196936291,
2017-06-30,3319,415114.99926095275,4568566.805498401,
2017-06-30,3320,415115.00261121884,4568584.339754098,
2017-06-30,3321,415115.26579328405,4568597.182646596,
2017-06-30,3322,415116.9550917772,4568584.276457732,
2017-06-30,3323,415119.51374633634,4568555.6737102745,
2017-06-30,3324,415122.2028339955,4568524.715942955,
2017-06-30,3325,415124.2834317891,4568504.744694509,
2017-06-30,3326,415125.0296134376,4568508.866843497,
2017-06-30,3327,415125.0017324124,4568526.964992184,
2017-06-30,3328,415124.999969461,4568544.591568993,
2017-06-30,3329,415125.0005242177,4568562.176298684,
2017-06-30,3330,415125.00732220645,4568579.648304423,
2017-06-30,3331,415125.05913916085,4568596.307475392,
2017-06-30,3332,415126.39878557145,4568589.714389537,
2017-06-30,3333,415128.801241712,4568563.931864684,
2017-06-30,3334,415131.52758461656,4568532.301439563,
2017-06-30,3335,415133.8388913195,4568508.164652911,
2017-06-30,3336,415134.996238855,4568504.863043459,
2017-06-30,3337,415134.9957962691,4568522.46578056,
2017-06-30,3338,415134.99949715886,4568539.993705609,
2017-06-30,3339,415135.0002602013,4568557.574674629,
2017-06-30,3340,415135.00022786227,4568575.170004554,
2017-06-30,3341,415134.9742862834,4568593.233135796,
2017-06-30,3342,415135.91532627237,4568593.837042405,
2017-06-30,3343,415138.1109368745,4568571.789193412,
2017-06-30,3344,415140.8238879046,4568540.400563745,
2017-06-30,3345,415143.3152563967,4568513.012692139,
2017-06-30,3346,415144.8461193851,4568502.967117326,
2017-06-30,3347,415144.99240289046,4568517.920658333,
2017-06-30,3348,415144.9998819334,4568535.380367377,
2017-06-30,3349,415144.9999357039,4568552.97414257,
2017-06-30,3350,415144.9978873722,4568570.605872023,
2017-06-30,3351,415144.9808512327,4568588.508212126,
2017-06-30,3352,415145.51797354413,4568596.4050079705,
2017-06-30,3353,415147.45609148795,4568579.0062880935,
2017-06-30,3354,415150.1050035234,4568548.773907136,
2017-06-30,3355,415152.7257866848,4568519.049403831,
2017-06-30,3356,415154.5795180063,4568503.174316917,
2017-06-30,3357,415155.0106082232,4568512.985563059,
2017-06-30,3358,415155.0017829923,4568530.739652045,
2017-06-30,3359,415155.00004881306,4568548.365709356,
2017-06-30,3360,415154.9996310603,4568565.967998086,
2017-06-30,3361,415155.00524829404,4568583.461322804,
2017-06-30,3362,415155.2199870514,4568597.178877879,
2017-06-30,3363,415156.849965217,4568585.343740375,
2017-06-30,3364,415159.3841911381,4568557.1820613835,
2017-06-30,3365,415162.08374184906,4568526.035379638,
2017-06-30,3366,415164.2096943839,4568505.245233873,
2017-06-30,3367,415165.0300646003,4568508.027879695,
2017-06-30,3368,415165.0011965273,4568526.143849913,
2017-06-30,3369,415164.9998912928,4568543.762162466,
2017-06-30,3370,415165.0005489668,4568561.345033945,
2017-06-30,3371,415165.0063218499,4568578.835548362,
2017-06-30,3372,415165.03462645947,4568595.919243773,
2017-06-30,3373,415166.305817727,4568590.562141898,
2017-06-30,3374,415168.6747104138,4568565.385618128,
2017-06-30,3375,415171.40238155425,4568533.731211197,
2017-06-30,3376,415173.7499081823,4568508.940459841,
2017-06-30,3377,415174.97836733254,4568504.354902795,
2017-06-30,3378,415174.99442884244,4568521.659652086,
2017-06-30,3379,415174.9994575593,4568539.163602708,
2017-06-30,3380,415175.0001640571,4568556.74559266,
2017-06-30,3381,415174.9992577255,4568574.356702866,
2017-06-30,3382,415174.9707760248,4568592.465696981,
2017-06-30,3383,415175.83690868266,4568594.422084307,
2017-06-30,3384,415177.9898210153,4568573.145169013,
2017-06-30,3385,415180.69496546517,4568541.897490151,
2017-06-30,3386,415183.21341906674,4568514.02058646,
2017-06-30,3387,415184.8062588543,4568502.855996673,
2017-06-30,3388,415184.99360267894,4568517.06817781,
2017-06-30,3389,415185.00016287516,4568534.544476976,
2017-06-30,3390,415184.99994148937,4568552.143220222,
2017-06-30,3391,415184.9980597283,4568569.771942183,
2017-06-30,3392,415184.9860945803,4568587.582723579,
2017-06-30,3393,415185.45649774873,4568596.684159248,
2017-06-30,3394,415187.3427826071,4568580.221305687,
2017-06-30,3395,415189.974753247,4568550.294808156,
2017-06-30,3396,415192.6134867023,4568520.246205385,
2017-06-30,3397,415194.52006000705,4568503.417036109,
2017-06-30,3398,415195.01597642904,4568512.057820146,
2017-06-30,3399,415195.0020207985,4568529.904540472,
2017-06-30,3400,415195.00006241514,4568547.53464588,
2017-06-30,3401,415194.99995533045,4568565.1313253725,
2017-06-30,3402,415195.0069572931,4568582.599648285,
2017-06-30,3403,415195.17784459016,4568597.108958359,
2017-06-30,3404,415196.7468548546,4568586.374619788,
2017-06-30,3405,415199.2550045642,4568558.683756839,
2017-06-30,3406,415201.9633707531,4568527.377908245,
2017-06-30,3407,415204.13303045544,4568505.79861274,
2017-06-30,3408,415205.02819559496,4568507.230807423,
2017-06-30,3409,415205.00040103827,4568525.327394888,
2017-06-30,3410,415204.9997991562,4568542.933008143,
2017-06-30,3411,415205.00053098676,4568560.514540699,
2017-06-30,3412,415205.0050571776,4568578.027564618,
2017-06-30,3413,415205.0142088722,4568595.457073291,
2017-06-30,3414,415206.2152974229,4568591.365702967,
2017-06-30,3415,415208.5489790824,4568566.824927856,
2017-06-30,3416,415211.2763308849,4568535.176286695,
2017-06-30,3417,415213.6584298647,4568509.761318213,
2017-06-30,3418,415214.9563530561,4568503.92156115,
2017-06-30,3419,415214.99325242225,4568520.850074922,
2017-06-30,3420,415214.9994550499,4568538.332830129,
2017-06-30,3421,415215.00007624214,4568555.916360306,
2017-06-30,3422,415214.9985666965,4568573.538361775,
2017-06-30,3423,415214.9698594344,4568591.651428488,
2017-06-30,3424,415215.76136997575,4568594.9551468585,
2017-06-30,3425,415217.8699364653,4568574.478912844,
2017-06-30,3426,415220.56562676176,4568543.401932371,
2017-06-30,3427,415223.10951789934,4568515.065744173,
2017-06-30,3428,415224.76268691244,4568502.811886983,
2017-06-30,3429,415224.9956572338,4568516.200264138,
2017-06-30,3430,415225.0005087397,4568533.707414376,
2017-06-30,3431,415224.9999591472,4568551.312083518,
2017-06-30,3432,415224.9983327203,4568568.936195318,
2017-06-30,3433,415224.99145525845,4568586.655116584,
2017-06-30,3434,415225.39833217947,4568596.903543112,
2017-06-30,3435,415227.2311363792,4568581.40630345,
2017-06-30,3436,415229.84451804945,4568551.815436919,
2017-06-30,3437,415232.4995542248,4568521.472482257,
2017-06-30,3438,415234.45732193923,4568503.718978198,
2017-06-30,3439,415235.0210541674,4568511.135321739,
2017-06-30,3440,415235.0021454744,4568529.071471515,
2017-06-30,3441,415235.0000623602,4568546.703828987,
2017-06-30,3442,415235.0002056685,4568564.295987538,
2017-06-30,3443,415235.0078579331,4568581.752568997,
2017-06-30,3444,415235.1394436983,4568596.971483368,
2017-06-30,3445,415236.64583848807,4568587.367691312,
2017-06-30,3446,415239.1262644123,4568560.177391982,
2017-06-30,3447,415241.8417985053,4568528.742124114,
2017-06-30,3448,415244.0535178014,4568506.403426442,
2017-06-30,3449,415245.02355978405,4568506.483690887,
2017-06-30,3450,415244.99931910826,4568524.516111663,
2017-06-30,3451,415244.99970226,4568542.103939752,
2017-06-30,3452,415245.0004794863,4568559.684652674,
2017-06-30,3453,415245.0036479072,4568577.222191658,
2017-06-30,3454,415244.99796395155,4568594.919563703,
2017-06-30,3455,415246.1273024568,4568592.123668078,
2017-06-30,3456,415248.4241255153,4568568.248389203,
2017-06-30,3457,415251.14951040637,4568536.635261383,
2017-06-30,3458,415253.5645341643,4568510.625823354,
2017-06-30,3459,415254.93027382356,4568503.561613853,
2017-06-30,3460,415254.9923867255,4568520.034887527,
2017-06-30,3461,415254.9994988398,4568537.501221603,
2017-06-30,3462,415255.00000596547,4568555.08681129,
2017-06-30,3463,415254.9981227767,4568572.715559029,
2017-06-30,3464,415254.9710898748,4568590.798394527,
2017-06-30,3465,415255.688787951,4568595.434825392,
2017-06-30,3466,415257.7513610237,4568575.789020232,
2017-06-30,3467,415260.435949593,4568544.912485719,
2017-06-30,3468,415263.0036306927,4568516.146760588,
2017-06-30,3469,415264.7154813573,4568502.833383575,
2017-06-30,3470,415264.99868627306,4568515.314755783,
2017-06-30,3471,415265.0008879465,4568532.869749762,
2017-06-30,3472,415264.99998407264,4568550.480815594,
2017-06-30,3473,415264.99867411726,4568568.099213382,
2017-06-30,3474,415264.99648662994,4568585.733455352,
2017-06-30,3475,415265.3435546346,4568597.061754895,
2017-06-30,3476,415267.1212306015,4568582.559876701,
2017-06-30,3477,415269.71437572886,4568553.334388749,
2017-06-30,3478,415272.38406705065,4568522.726829771,
2017-06-30,3479,415274.3913816012,4568504.078738508,
2017-06-30,3480,415275.02539480093,4568510.226132048,
2017-06-30,3481,415275.0021247881,4568528.241027132,
2017-06-30,3482,415275.0000440437,4568545.873341813,
2017-06-30,3483,415275.0003806635,4568563.46201005,
2017-06-30,3484,415275.0080699312,4568580.917923401,
2017-06-30,3485,415275.1048621734,4568596.765048237,
2017-06-30,3486,415276.5469939148,4568588.321550267,
2017-06-30,3487,415278.9980484805,4568561.661562133,
2017-06-30,3488,415281.7191029043,4568530.126622568,
2017-06-30,3489,415283.9712342206,4568507.058270307,
2017-06-30,3490,415285.0157105307,4568505.794594292,
2017-06-30,3491,415284.9980055132,4568523.709011241,
2017-06-30,3492,415284.9996098137,4568541.274791023,
2017-06-30,3493,415285.00040367444,4568558.855203598,
2017-06-30,3494,415285.0022137554,4568576.417267933,
2017-06-30,3495,415284.9858403732,4568594.307641692,
2017-06-30,3496,415286.0419106272,4568592.834632562,
2017-06-30,3497,415288.300227511,4568569.654597502,
2017-06-30,3498,415291.0219979169,4568538.1067306055,
2017-06-30,3499,415293.46829887945,4568511.532570606,
2017-06-30,3500,415294.9002074325,4568503.273656236,
2017-06-30,3501,415294.9919514694,4568519.211928356,
2017-06-30,3502,415294.99959813757,4568536.668610855,
2017-06-30,3503,415294.9999607836,4568554.256809183,
2017-06-30,3504,415294.99789373495,4568571.888876582,
2017-06-30,3505,415294.9740207089,4568589.9146593,
2017-06-30,3506,415295.61924040486,4568595.859715235,
2017-06-30,3507,415297.63417248725,4568577.074086506,
2017-06-30,3508,415300.30601175566,4568546.427745532,
2017-06-30,3509,415302.895835244,4568517.262231046,
2017-06-30,3510,415304.66471998673,4568502.919081786,
2017-06-30,3511,415305.002783627,4568514.409958594,
2017-06-30,3512,415305.00126826455,4568532.032065088,
2017-06-30,3513,415305.0000116613,4568549.649499586,
2017-06-30,3514,415304.99905168713,4568567.261578326,
2017-06-30,3515,415305.0007427417,4568584.825791728,
2017-06-30,3516,415305.2922429118,4568597.1573899295,
2017-06-30,3517,415307.01314307266,4568583.680620785,
2017-06-30,3518,415309.5844040831,4568554.850258988,
2017-06-30,3519,415312.26710297767,4568524.007843276,
2017-06-30,3520,415314.3223167906,4568504.494912382,
2017-06-30,3521,415315.0285516921,4568509.338315274,
2017-06-30,3522,415315.00192650803,4568527.413789268,
2017-06-30,3523,415315.00000286085,4568545.0432675,
2017-06-30,3524,415315.0004894979,4568562.629227122,
2017-06-30,3525,415315.00771300495,4568580.093549958,
2017-06-30,3526,415315.0741778132,4568596.488248289,
2017-06-30,3527,415316.45039893244,4568589.234791986,
2017-06-30,3528,415318.8704345655,4568563.134862624,
2017-06-30,3529,415321.5953617465,4568531.5299989395,
2017-06-30,3530,415323.8862575096,4568507.761739666,
2017-06-30,3531,415325.0042011978,4568505.17158185,
2017-06-30,3532,415324.99657831545,4568522.903961961,
2017-06-30,3533,415324.9995310257,4568540.445395679,
2017-06-30,3534,415325.0003127605,4568558.0260272,
2017-06-30,3535,415325.00087443955,4568575.610631906,
2017-06-30,3536,415324.977446889,4568593.628371396,
2017-06-30,3537,415325.95919973205,4568593.497191748,
2017-06-30,3538,415328.1773628675,4568571.042148077,
2017-06-30,3539,415330.89387121476,4568539.589289676,
2017-06-30,3540,415333.36980180803,4568512.480155281,
2017-06-30,3541,415334.8662316812,4568503.056283623,
2017-06-30,3542,415334.992066371,4568518.379035876,
2017-06-30,3543,415334.9997621527,4568535.834831614,
2017-06-30,3544,415334.9999391867,4568553.426381236,
2017-06-30,3545,415334.99784733955,4568571.058896384,
2017-06-30,3546,415334.97820529965,4568589.008287019,
2017-06-30,3547,415335.55280513584,4568596.228411718,
2017-06-30,3548,415337.51844865386,4568578.332706992,
2017-06-30,3549,415340.17589104763,4568547.946307131,
2017-06-30,3550,415342.78620935103,4568518.410750868,
2017-06-30,3551,415344.6104805984,4568503.067576937,
2017-06-30,3552,415345.0077228818,4568513.489960562,
2017-06-30,3553,415345.0016174621,4568531.194942307,
2017-06-30,3554,415345.0000373085,4568548.818218629,
2017-06-30,3555,415344.9994331985,4568566.423872104,
2017-06-30,3556,415345.0039353942,4568583.937329268,
2017-06-30,3557,415345.24447480886,4568597.189043542,
2017-06-30,3558,415346.90695158957,4568584.76713102,
2017-06-30,3559,415349.45468090987,4568556.361642955,
2017-06-30,3560,415352.1487398037,4568525.314118083,
2017-06-30,3561,415354.2502053053,4568504.966095135,
2017-06-30,3562,415355.0300782041,4568508.479935627,
2017-06-30,3563,415355.00151840266,4568526.59033988,
2017-06-30,3564,415354.9999361682,4568544.213653777,
2017-06-30,3565,415355.00054138026,4568561.797472477,
2017-06-30,3566,415355.0069068711,4568579.277287131,
2017-06-30,3567,415355.0474684158,4568596.139678856,
2017-06-30,3568,415356.35613133933,4568590.106011791,
2017-06-30,3569,415358.7435004662,4568564.59588878,
2017-06-30,3570,415361.47065283055,4568532.950848553,
2017-06-30,3571,415363.7986654666,4568508.5124298455,
2017-06-30,3572,415364.9886154084,4568504.62217139,
2017-06-30,3573,415364.9951572322,4568522.098802284,
2017-06-30,3574,415364.9994751057,4568539.615587453,
2017-06-30,3575,415365.0002159534,4568557.196957205,
2017-06-30,3576,415364.9997492998,4568574.800128849,
2017-06-30,3577,415364.9723368618,4568592.889817022,
2017-06-30,3578,415365.8792475688,4568594.109940966,
2017-06-30,3579,415368.0556093825,4568572.409636262,
2017-06-30,3580,415370.7652080973,4568541.081533934,
2017-06-30,3581,415373.2691207476,4568513.467172718,
2017-06-30,3582,415374.82842436753,4568502.908091351,
2017-06-30,3583,415374.99285114766,4568517.534048542,
2017-06-30,3584,415375.00000009383,4568534.999717608,
2017-06-30,3585,415374.9999365734,4568552.595610535,
2017-06-30,3586,415374.9979513587,4568570.22620039,
2017-06-30,3587,415374.98319700966,4568588.087341888,
2017-06-30,3588,415375.4895599418,4568596.539510172,
2017-06-30,3589,415377.4042673222,4568579.563477031,
2017-06-30,3590,415380.0456652677,4568549.466765862,
2017-06-30,3591,415382.67483081244,4568519.590915397,
2017-06-30,3592,415384.5528409907,4568503.277464373,
2017-06-30,3593,415385.0130614576,4568512.562752632,
2017-06-30,3594,415385.0019033077,4568530.358963371,
2017-06-30,3595,415385.0000564099,4568547.987055861,
2017-06-30,3596,415384.9997864201,4568565.586676674,
2017-06-30,3597,415385.0061347962,4568583.066800336,
2017-06-30,3598,415385.2003281234,4568597.155311059,
2017-06-30,3599,415386.80273395084,4568585.81800274,
2017-06-30,3600,415389.3252840072,4568557.867135984,
2017-06-30,3601,415392.02905532654,4568526.644249527,
2017-06-30,3602,415394.17512494326,4568505.4908821015,
2017-06-30,3603,415395.02952769934,4568507.6590573145,
2017-06-30,3604,415395.00086824043,4568525.771260922,
2017-06-30,3605,415394.999850494,4568543.384382772,
2017-06-30,3606,415395.00054552,4568560.966579846,
2017-06-30,3607,415395.005771247,4568578.466973374,
2017-06-30,3608,415395.02481177927,4568595.717935273,
2017-06-30,3609,415396.2642689338,4568590.933805029,
2017-06-30,3610,415398.6173239811,4568566.043235943,
2017-06-30,3611,415401.3450539551,4568534.387766747,
2017-06-30,3612,415403.7085358902,4568509.308936179,
2017-06-30,3613,415404.9688468206,4568504.148282969,
2017-06-30,3614,415404.9938619803,4568521.291370666,
2017-06-30,3615,415404.99945126224,4568538.785200071,
2017-06-30,3616,415405.000122462,4568556.367827341,
2017-06-30,3617,415404.99891019345,4568573.98446136,
2017-06-30,3618,415404.9700636544,4568592.100042771,
2017-06-30,3619,415405.802131935,4568594.671475542,
2017-06-30,3620,415407.9350448529,4568573.7556573795,
2017-06-30,3621,415410.63608636137,4568542.5820587,
2017-06-30,3622,415413.16633349523,4568514.492218243,
2017-06-30,3623,415414.7868632886,4568502.827674743,
2017-06-30,3624,415414.9944255171,4568516.674804822,
2017-06-30,3625,415415.0003142565,4568534.163227395,
2017-06-30,3626,415414.9999483389,4568551.764580217,
2017-06-30,3627,415414.9981735612,4568569.391370552,
2017-06-30,3628,415414.9885492017,4568587.159888112,
2017-06-30,3629,415415.42958262033,4568596.791605924,
2017-06-30,3630,415417.2917062896,4568580.764991944,
2017-06-30,3631,415419.9154122133,4568550.987717042,
2017-06-30,3632,415422.56177742593,4568520.801319953,
2017-06-30,3633,415424.4918789614,4568503.547339411,
2017-06-30,3634,415425.0183527174,4568511.636399016,
2017-06-30,3635,415425.0020935696,4568529.524710233,
2017-06-30,3636,415425.0000643609,4568547.156094417,
2017-06-30,3637,415425.0000793034,4568564.75057066,
2017-06-30,3638,415425.0074606643,4568582.21204339,
2017-06-30,3639,415425.1598806537,4568597.054787816,
2017-06-30,3640,415426.70056795387,4568586.83183127,
2017-06-30,3641,415429.1962911726,4568559.365333398,
2017-06-30,3642,415431.90812734404,4568527.996832933,
2017-06-30,3643,415434.09715350234,4568506.067868611,
2017-06-30,3644,415435.0264535411,4568506.883744542,
2017-06-30,3645,415434.9999437938,4568524.957134281,
2017-06-30,3646,415434.99975504685,4568542.555288219,
2017-06-30,3647,415435.00051112624,4568560.136382954,
2017-06-30,3648,415435.0044258499,4568577.66044715,
2017-06-30,3649,415435.0062857009,4568595.221612864,
2017-06-30,3650,415436.1748895126,4568591.716767016,
2017-06-30,3651,415438.4919829064,4568567.475499431,
2017-06-30,3652,415441.2186429167,4568535.839348845,
2017-06-30,3653,415443.6159465775,4568510.149853993,
2017-06-30,3654,415444.94497092324,4568503.7485536095,
2017-06-30,3655,415444.9928122775,4568520.47950557,
2017-06-30,3656,415444.99946870457,4568537.954067259,
2017-06-30,3657,415445.0000414953,4568555.538471339,
2017-06-30,3658,415444.99833574326,4568573.16401539,
2017-06-30,3659,415444.97018062935,4568591.267112856,
2017-06-30,3660,415445.72793062916,4568595.180390809,
2017-06-30,3661,415447.81574707804,4568575.078806769,
2017-06-30,3662,415450.5065838072,4568544.08945932,
2017-06-30,3663,415453.06151785096,4568515.553887198,
2017-06-30,3664,415454.7416262435,4568502.813629137,
2017-06-30,3665,415454.9969091953,4568515.799143163,
2017-06-30,3666,415455.00067930884,4568533.32581835,
2017-06-30,3667,415454.9999698789,4568550.933373421,
2017-06-30,3668,415454.9984817152,4568568.554988826,
2017-06-30,3669,415454.99381523865,4568586.233989898,
2017-06-30,3670,415455.37295096944,4568596.983294305,
2017-06-30,3671,415457.1808433536,4568581.935847062,
2017-06-30,3672,415459.785209682,4568552.507756004,
2017-06-30,3673,415462.4471269886,4568522.040559867,
2017-06-30,3674,415464.42767230765,4568503.8757973835,
2017-06-30,3675,415465.0231500239,4568510.7189639155,
2017-06-30,3676,415465.0021560161,4568528.692764848,
2017-06-30,3677,415465.00005655695,4568546.325417433,
2017-06-30,3678,415465.00029418815,4568563.91587295,
2017-06-30,3679,415465.00803271605,4568581.370896889,
2017-06-30,3680,415465.12321019784,4568596.88606914,
2017-06-30,3681,415466.6005313974,4568587.807211952,
2017-06-30,3682,415469.0677802049,4568560.854830541,
2017-06-30,3683,415471.78603365464,4568529.370463644,
2017-06-30,3684,415474.01636878063,4568506.695649997,
2017-06-30,3685,415475.0204090918,4568506.162061515,
2017-06-30,3686,415474.9987423726,4568524.148008515,
2017-06-30,3687,415474.99965903594,4568541.726203845,
2017-06-30,3688,415475.00044740754,4568559.306715532,
2017-06-30,3689,415475.00299039704,4568576.8555469215,
2017-06-30,3690,415474.9919494132,4568594.649642176,
2017-06-30,3691,415476.08807087416,4568592.453493085,
2017-06-30,3692,415478.3675550408,4568568.89127458,
2017-06-30,3693,415481.0914975136,4568537.304190179,
2017-06-30,3694,415483.52097532654,4568511.033778621,
2017-06-30,3695,415484.9170655139,4568503.421578638,
2017-06-30,3696,415484.99212784064,4568519.661045455,
2017-06-30,3697,415484.9995366415,4568537.122022746,
2017-06-30,3698,415484.9999821631,4568554.708724721,
2017-06-30,3699,415484.997993718,4568572.339372901,
2017-06-30,3700,415484.97224114963,4568590.399091481,
2017-06-30,3701,415485.65672144905,4568595.635282099,
2017-06-30,3702,415487.69779385516,4568576.377679752,
2017-06-30,3703,415490.37677823124,4568545.602331107,
2017-06-30,3704,415492.9547516112,4568516.650774895,
2017-06-30,3705,415494.6927910294,4568502.864549854,
2017-06-30,3706,415495.00042179,4568514.904904024,
2017-06-30,3707,415495.0010630191,4568532.488072426,
2017-06-30,3708,415494.9999965886,4568550.10207328,
2017-06-30,3709,415494.99884358956,4568567.717637161,
2017-06-30,3710,415494.9985484834,4568585.317711458,
2017-06-30,3711,415495.31974278705,4568597.113170643,
2017-06-30,3712,415497.07175631274,4568583.074637711,
2017-06-30,3713,415499.6551354721,4568554.025478072,
2017-06-30,3714,415502.3309572991,4568523.307230461,
2017-06-30,3715,415504.3602988281,4568504.261433616,
2017-06-30,3716,415505.0270067397,4568509.818511538,
2017-06-30,3717,415505.0020584164,4568527.863709168,
2017-06-30,3718,415505.00002839364,4568545.495108045,
2017-06-30,3719,415505.0004378985,4568563.082460317,
2017-06-30,3720,415505.00797066855,4568580.541199295,
2017-06-30,3721,415505.09039455303,4568596.64775036,
2017-06-30,3722,415506.5027020782,4568588.742740102,
2017-06-30,3723,415508.9398289007,4568562.334222729,
2017-06-30,3724,415511.66285205504,4568530.76373698,
2017-06-30,3725,415513.9328485751,4568507.372821584,
2017-06-30,3726,415515.0109477143,4568505.502072443,
2017-06-30,3727,415514.99736217427,4568523.342110645,
2017-06-30,3728,415514.99957167037,4568540.896963381,
2017-06-30,3729,415515.00036357326,4568558.477411306,
2017-06-30,3730,415515.0015846055,4568576.050111142,
2017-06-30,3731,415514.9815806358,4568594.006036559,
2017-06-30,3732,415516.0038908162,4568593.142578563,
2017-06-30,3733,415518.24411818234,4568570.289156712,
2017-06-30,3734,415520.96369554405,4568538.780886075,
2017-06-30,3735,415523.42369993543,4568511.959305387,
2017-06-30,3736,415524.88520839065,4568503.165953383,
2017-06-30,3737,415524.99192838697,4568518.833828784,
2017-06-30,3738,415524.9996642821,4568536.288900258,
2017-06-30,3739,415524.99994829594,4568553.878518318,
2017-06-30,3740,415524.99785188603,4568571.511115844,
2017-06-30,3741,415524.97579857823,4568589.5040428545,
2017-06-30,3742,415525.5885821924,4568596.034744737,
2017-06-30,3743,415527.58126298204,4568577.650871663,
2017-06-30,3744,415530.2467474312,4568547.119269398,
2017-06-30,3745,415532.8461125738,4568517.781476674,
2017-06-30,3746,415534.6404354441,4568502.979032226,
2017-06-30,3747,415535.00495589,4568513.992221218,
2017-06-30,3748,415535.00143315614,4568531.650571578,
2017-06-30,3749,415535.0000238637,4568549.270762932,
2017-06-30,3750,415534.9992269526,4568566.879897514,
2017-06-30,3751,415535.00232811796,4568584.418650817,
2017-06-30,3752,415535.27003587113,4568597.179830272,
2017-06-30,3753,415536.9645229644,4568584.179959232,
2017-06-30,3754,415539.5252673808,4568555.539478592,
2017-06-30,3755,415542.2133461548,4568524.599927087,
2017-06-30,3756,415544.28983632015,4568504.702843452,
2017-06-30,3757,415545.0294762278,4568508.9431060925,
2017-06-30,3758,415545.0017685381,4568527.038125143,
2017-06-30,3759,415544.99997541774,4568544.665246661,
2017-06-30,3760,415545.00051964395,4568562.25016649,
2017-06-30,3761,415545.0073942389,4568579.720789067,
2017-06-30,3762,415545.06151151727,4568596.338426806,
2017-06-30,3763,415546.4071577943,4568589.637011053,
2017-06-30,3764,415548.8125150582,4568563.802105295,
2017-06-30,3765,415551.53866034345,4568532.175248264,
2017-06-30,3766,415553.84667068406,4568508.097978698,
2017-06-30,3767,415554.9976231146,4568504.911835333,
2017-06-30,3768,415554.9959229155,4568522.537279131,
2017-06-30,3769,415554.99950215884,4568540.067400551,
2017-06-30,3770,415555.0002688325,4568557.648304005,
2017-06-30,3771,415555.00032819243,4568575.2419782765,
2017-06-30,3772,415554.9747384669,4568593.298756667,
2017-06-30,3773,415555.92242713686,4568593.782618782,
2017-06-30,3774,415558.1217501287,4568571.667741164,
2017-06-30,3775,415560.8353148055,4568540.268031866,
2017-06-30,3776,415563.3241982016,4568512.925029624,
2017-06-30,3777,415564.84947735106,4568502.980273174,
2017-06-30,3778,415564.99233363365,4568517.995694011,
2017-06-30,3779,415564.9998608354,4568535.454533525,
2017-06-30,3780,415564.99993591907,4568553.047923904,
2017-06-30,3781,415564.9978780161,4568570.679826176,
2017-06-30,3782,415564.9804062777,4568588.590031182,
2017-06-30,3783,415565.5235906568,4568596.377374053,
2017-06-30,3784,415567.4662322565,4568578.89697783,
2017-06-30,3785,415570.1165692048,4568548.63886952,
2017-06-30,3786,415572.7356785363,4568518.94458786,
2017-06-30,3787,415574.5846372852,4568503.155671584,
2017-06-30,3788,415575.01013246283,4568513.0679383185,
2017-06-30,3789,415575.00175748783,4568530.813897755,
2017-06-30,3790,415575.00004709983,4568548.43952551,
2017-06-30,3791,415574.99959957215,4568566.042351833,
2017-06-30,3792,415575.0050534039,4568583.538626841,
2017-06-30,3793,415575.22390801925,4568597.181868515,
2017-06-30,3794,415576.8592211067,4568585.250406941,
2017-06-30,3795,415579.3956832068,4568557.048352875,
2017-06-30,3796,415582.0943713538,4568525.917245052,
2017-06-30,3797,415584.216362582,4568505.198622206,
2017-06-30,3798,415585.0301118512,4568508.100811784,
2017-06-30,3799,415585.0012541501,4568526.216594731,
2017-06-30,3800,415584.9998989353,4568543.835809696,
2017-06-30,3801,415585.000548633,4568561.418825193,
2017-06-30,3802,415585.0064231444,4568578.907504667,
2017-06-30,3803,415585.03663888865,4568595.956693808,
2017-06-30,3804,415586.3139763442,4568590.488620141,
2017-06-30,3805,415588.6859164762,4568565.257073575,
2017-06-30,3806,415591.4135363188,4568533.603592844,
2017-06-30,3807,415593.7579129066,4568508.869716685,
2017-06-30,3808,415594.9801232732,4568504.39698383,
2017-06-30,3809,415594.9945443138,4568521.731352429,
2017-06-30,3810,415594.99945971067,4568539.237349085,
2017-06-30,3811,415595.00017239375,4568556.8192273555,
2017-06-30,3812,415594.9993321285,4568574.429144709,
2017-06-30,3813,415594.9709762694,4568592.535866709,
2017-06-30,3814,415595.8437576336,4568594.37220907,
2017-06-30,3815,415598.00052867737,4568573.025623257,
2017-06-30,3816,415600.7064330958,4568541.764222877,
2017-06-30,3817,415603.2225479231,4568513.929546661,
2017-06-30,3818,415604.8099501934,4568502.863133344,
2017-06-30,3819,415604.9934632981,4568517.1444796035,
2017-06-30,3820,415605.000134856,4568534.618768094,
2017-06-30,3821,415604.9999404276,4568552.217024613,
2017-06-30,3822,415604.99803987605,4568569.846085842,
2017-06-30,3823,415604.9856176105,4568587.665120671,
2017-06-30,3824,415605.4618246407,4568596.66176538,
2017-06-30,3825,415607.3527794766,4568580.114593582,
2017-06-30,3826,415609.98632135085,4568550.159726805,
2017-06-30,3827,415612.62352729775,4568520.138703786,
2017-06-30,3828,415614.52547435137,4568503.393063258,
2017-06-30,3829,415615.01550487085,4568512.140119533,
2017-06-30,3830,415615.00200378307,4568529.978632914,
2017-06-30,3831,415615.00006169226,4568547.608444155,
2017-06-30,3832,415614.9999292175,4568565.205582075,
2017-06-30,3833,415615.0068399817,4568582.6755516045,
2017-06-30,3834,415615.1814370294,4568597.117880707,
2017-06-30,3835,415616.7559285374,4568586.284576177,
2017-06-30,3836,415619.26646074775,4568558.550696262,
2017-06-30,3837,415621.9741106943,4568527.257779696,
2017-06-30,3838,415624.13995541143,4568505.747365215,
2017-06-30,3839,415625.0284669723,4568507.299692822,
2017-06-30,3840,415625.0004830208,4568525.399699883,
2017-06-30,3841,415624.9998076665,4568543.006639703,
2017-06-30,3842,415625.000534075,4568560.588270158,
2017-06-30,3843,415625.00517710234,4568578.099184553,
2017-06-30,3844,415625.0158544652,4568595.501146697,
2017-06-30,3845,415626.2232355252,4568591.29616269,
2017-06-30,3846,415628.5601109515,4568566.697722891,
2017-06-30,3847,415631.28755777795,4568535.047366036,
2017-06-30,3848,415633.6666530389,4568509.686630859,
2017-06-30,3849,415634.9584737684,4568503.957056094,
2017-06-30,3850,415634.9933460863,4568520.922169003,
2017-06-30,3851,415634.99945353455,4568538.406642709,
2017-06-30,3852,415635.0000834661,4568555.990015091,
2017-06-30,3853,415634.99861760065,4568573.611227905,
2017-06-30,3854,415634.9698475274,4568591.725428892,
2017-06-30,3855,415635.7679571561,4568594.909993174,
2017-06-30,3856,415637.8805217086,4568574.361561174,
2017-06-30,3857,415640.5771121328,4568543.268318452,
2017-06-30,3858,415643.11881020764,4568514.971725848,
2017-06-30,3859,415644.76669771184,4568502.8132442,
2017-06-30,3860,415644.995433259,4568516.278087024,
2017-06-30,3861,415645.00051193766,4568533.7812004015,
2017-06-30,3862,415645.0008286052,4568551.371597894,
2017-06-30,3863,415645.00788713794,4568568.8531694645,
2017-06-30,3864,415645.04383709276,4568585.870498022,
2017-06-30,3865,415646.59525327035,4568578.545981316,
2017-06-30,3866,415649.38034545653,4568551.405858649,
2017-06-30,3867,415652.37242343114,4568520.941085196,
2017-06-30,3868,415654.54479697393,4568503.642616129,
2017-06-30,3869,415655.0072913265,4568513.808660791,
2017-06-30,3870,415655.0019187369,4568531.489702724,
2017-06-30,3871,415655.0007730213,4568549.102851537,
2017-06-30,3872,415655.0032855912,4568566.65724003,
2017-06-30,3873,415654.98653190443,4568584.521088107,
2017-06-30,3874,415656.30409148976,4568580.952852489,
2017-06-30,3875,415658.9877117992,4568555.44259742,
2017-06-30,3876,415662.0107680502,4568524.480234767,
2017-06-30,3877,415664.3465709471,4568504.556712627,
2017-06-30,3878,415665.0250377207,4568511.253750476,
2017-06-30,3879,415665.0026939966,4568529.207387174,
2017-06-30,3880,415665.00040310796,4568546.838930056,
2017-06-30,3881,415664.9991968411,4568564.453051464,
2017-06-30,3882,415664.9641746881,4568582.610332353,
2017-06-30,3883,415666.0356639937,4568582.994540991,
2017-06-30,3884,415668.60072515,4568559.388613599,
2017-06-30,3885,415671.637673388,4568528.203114275,
2017-06-30,3886,415674.1198194118,4568505.928991111,
2017-06-30,3887,415675.0366720332,4568508.797014032,
2017-06-30,3888,415675.00215870916,4568526.946121976,
2017-06-30,3889,415674.9999041859,4568544.577080745,
2017-06-30,3890,415674.9974373421,4568562.211449872,
2017-06-30,3891,415674.966248822,4568580.307153954,
2017-06-30,3892,415675.7921774034,4568584.635622243,
2017-06-30,3893,415678.22159214894,4568563.208482464,
2017-06-30,3894,415681.25534511614,4568532.074306402,
2017-06-30,3895,415683.8667470091,4568507.724042153,
2017-06-30,3896,415685.03092783695,4568506.619415667,
2017-06-30,3897,415684.99952077447,4568524.71863004,
2017-06-30,3898,415684.9994349371,4568542.314754822,
2017-06-30,3899,415684.9974850701,4568559.940820126,
2017-06-30,3900,415684.98148788366,4568577.792517098,
2017-06-30,3901,415685.5758361114,4568585.840688711,
2017-06-30,3902,415687.8525171886,4568566.866796481,
2017-06-30,3903,415690.86598762724,4568536.058403617,
2017-06-30,3904,415693.58955813164,4568509.906458217,
2017-06-30,3905,415694.99653940636,4568504.901908378,
2017-06-30,3906,415694.9948922688,4568522.5231111655,
2017-06-30,3907,415694.99915404327,4568540.049403488,
2017-06-30,3908,415694.99854661524,4568557.653906192,
2017-06-30,3909,415694.9986254502,4568575.247385962,
2017-06-30,3910,415695.3888445109,4568586.574332873,
2017-06-30,3911,415697.49570466194,4568570.328148128,
2017-06-30,3912,415700.47180531465,4568540.119998401,
2017-06-30,3913,415703.2904571732,4568512.440831787,
2017-06-30,3914,415704.9249709418,4568503.781596379,
2017-06-30,3915,415704.9908663494,4568520.317913398,
2017-06-30,3916,415704.99922018655,4568537.778477955,
2017-06-30,3917,415704.99982856744,4568555.363452021,
2017-06-30,3918,415705.00813456805,4568572.824784938,
2017-06-30,3919,415705.2334069949,4568586.801147193,
2017-06-30,3920,415707.1533589624,4568573.557129871,
2017-06-30,3921,415710.0750025714,4568544.223683215,
2017-06-30,3922,415712.9716485264,4568515.291755322,
2017-06-30,3923,415714.8166075314,4568503.252294287,
2017-06-30,3924,415714.9904579745,4568518.054609701,
2017-06-30,3925,415714.9997920489,4568535.49942943,
2017-06-30,3926,415715.0006319356,4568553.0806849925,
2017-06-30,3927,415715.0098754784,4568570.526958867,
2017-06-30,3928,415715.1117279568,4568586.4857241465,
2017-06-30,3929,415716.82768448285,4568576.51833418,
2017-06-30,3930,415719.6777837905,4568548.334050532,
2017-06-30,3931,415722.6353365841,4568518.423821297,
2017-06-30,3932,415724.6736535679,4568503.278594568,
2017-06-30,3933,415724.99668210186,4568515.684773037,
2017-06-30,3934,415725.0009525902,4568533.210925393,
2017-06-30,3935,415725.00087032496,4568550.806992799,
2017-06-30,3936,415725.00686081115,4568568.305518104,
2017-06-30,3937,415725.02601178916,4568585.592656198,
2017-06-30,3938,415726.52088561637,4568579.176353527,
2017-06-30,3939,415729.28235336515,4568552.415692822,
2017-06-30,3940,415732.2837257399,4568521.80162218,
2017-06-30,3941,415734.4983134449,4568503.825089698,
2017-06-30,3942,415735.0116586009,4568513.174353525,
2017-06-30,3943,415735.0021905502,4568530.921177836,
2017-06-30,3944,415735.0007017806,4568548.539836879,
2017-06-30,3945,415735.0021055249,4568566.1120356135,
2017-06-30,3946,415734.9780794135,4568584.092695249,
2017-06-30,3947,415736.2351667559,4568581.495780381,
2017-06-30,3948,415738.8909156883,4568556.433202557,
2017-06-30,3949,415741.9190203866,4568525.389750445,
2017-06-30,3950,415744.29279155505,4568504.856372142,
2017-06-30,3951,415745.0289379939,4568510.62694434,
2017-06-30,3952,415745.0027141755,4568528.642904107,
2017-06-30,3953,415745.0002849844,4568546.276668438,
2017-06-30,3954,415744.9985475057,4568563.899322314,
2017-06-30,3955,415744.9628465539,4568582.067506242,
2017-06-30,3956,415745.97273229493,4568583.441207218,
2017-06-30,3957,415748.5056751532,4568560.351172209,
2017-06-30,3958,415751.5434249174,4568529.152798562,
2017-06-30,3959,415754.05929229164,4568506.3370343745,
2017-06-30,3960,415755.03730510874,4568508.222686462,
2017-06-30,3961,415755.0017300562,4568526.388848167,
2017-06-30,3962,415754.99977861915,4568544.014938691,
2017-06-30,3963,415754.9973112729,4568561.64931588,
2017-06-30,3964,415754.9692448526,4568579.694872001,
2017-06-30,3965,415755.73578662594,4568584.9772264995,
2017-06-30,3966,415758.12883615214,4568564.13419424,
2017-06-30,3967,415761.1591437244,4568533.055358995,
2017-06-30,3968,415763.80002004706,4568508.23166886,
2017-06-30,3969,415765.0254935228,4568506.142544078,
2017-06-30,3970,415764.9984784935,4568524.1712124795,
2017-06-30,3971,415764.9993413662,4568541.752098839,
2017-06-30,3972,415764.9976850707,4568559.373448721,
2017-06-30,3973,415764.9860078861,4568577.155756707,
2017-06-30,3974,415765.52653414226,4568586.068430703,
2017-06-30,3975,415767.7626030795,4568567.746861135,
2017-06-30,3976,415770.7683812026,4568537.062024229,
2017-06-30,3977,415773.5171792158,4568510.504868082,
2017-06-30,3978,415774.9823078233,4568504.566340788,
2017-06-30,3979,415774.99371820554,4568521.97781033,
2017-06-30,3980,415774.9991319076,4568539.485600092,
2017-06-30,3981,415774.9988754887,4568557.084464793,
2017-06-30,3982,415775.0018771513,4568574.630997358,
2017-06-30,3983,415775.3471792369,4568586.679412299,
2017-06-30,3984,415777.4091803271,4568571.153765352,
2017-06-30,3985,415780.37334174314,4568541.137386722,
2017-06-30,3986,415783.2129741894,4568513.121224498,
2017-06-30,3987,415784.90138837026,4568503.596226782,
2017-06-30,3988,415784.99030985107,4568519.762693074,
2017-06-30,3989,415784.99930892535,4568537.212893663,
2017-06-30,3990,415785.00008923176,4568554.79510622,
2017-06-30,3991,415785.0091757326,4568572.243902542,
2017-06-30,3992,415785.199926303,4568586.7747637555,
2017-06-30,3993,415787.0707722885,4568574.319499371,
2017-06-30,3994,415789.97622973996,4568545.246038949,
2017-06-30,3995,415792.8896093617,4568516.045330586,
2017-06-30,3996,415794.78422185784,4568503.208322377,
2017-06-30,3997,415794.99126838794,4568517.477433683,
2017-06-30,3998,415795.0000310974,4568534.931430827,
2017-06-30,3999,415795.0007378383,4568552.514825011,
2017-06-30,4000,415795.00945312565,4568569.969583862,
2017-06-30,4001,415795.08697973343,4568586.319077543,
2017-06-30,4002,415796.7495833568,4568577.2086556535,
2017-06-30,4003,415799.57924958615,4568549.352573379,
2017-06-30,4004,415802.5492891256,4568519.241778812,
2017-06-30,4005,415804.6330126795,4568503.36722005,
2017-06-30,4006,415804.9996087748,4568515.073605118,
2017-06-30,4007,415805.00128372817,4568532.641447627,
2017-06-30,4008,415805.00086026866,4568550.242995383,
2017-06-30,4009,415805.0057242884,4568567.759614282,
2017-06-30,4010,415805.0105439213,4568585.276946133,
2017-06-30,4011,415806.4478179247,4568579.785826674,
2017-06-30,4012,415809.1846056742,4568553.421582481,
2017-06-30,4013,415812.1942178738,4568522.675161647,
2017-06-30,4014,415814.4499652281,4568504.03751227,
2017-06-30,4015,415815.0161713037,4568512.537710388,
2017-06-30,4016,415815.00241823756,4568530.353361721,
2017-06-30,4017,415815.00061520445,4568547.977068541,
2017-06-30,4018,415815.00100417936,4568565.565566768,
2017-06-30,4019,415814.97165912803,4568583.631660588,
2017-06-30,4020,415816.1676803861,4568582.0156049095,
2017-06-30,4021,415818.794502398,4568557.417658735,
2017-06-30,4022,415821.8266000003,4568526.310071569,
2017-06-30,4023,415824.2372838971,4568505.183791509,
2017-06-30,4024,415825.0322877226,4568510.008981189,
2017-06-30,4025,415825.00264121563,4568528.079917068,
2017-06-30,4026,415825.0001613283,4568545.714495698,
2017-06-30,4027,415824.9980466396,4568563.343208407,
2017-06-30,4028,415824.9628546565,4568581.503217154,
2017-06-30,4029,415825.91137513286,4568583.8625828205,
2017-06-30,4030,415828.41114414966,4568561.305394598,
2017-06-30,4031,415831.44863989693,4568530.111101037,
2017-06-30,4032,415833.99717307877,4568506.770650232,
2017-06-30,4033,415835.0366916714,4568507.6683807075,
2017-06-30,4034,415835.0011592522,4568525.833857621,
2017-06-30,4035,415834.9996573218,4568543.452728056,
2017-06-30,4036,415834.9972846614,4568561.085584379,
2017-06-30,4037,415834.9728811507,4568579.072305894,
2017-06-30,4038,415835.681106559,4568585.291352883,
2017-06-30,4039,415838.0367353234,4568565.0493825525,
2017-06-30,4040,415841.062541958,4568534.042842533,
2017-06-30,4041,415843.73183716706,4568508.76268092,
2017-06-30,4042,415845.0181167271,4568505.6968731275,
2017-06-30,4043,415844.9973334815,4568523.625445015,
2017-06-30,4044,415844.99926186696,4568541.189216831,
2017-06-30,4045,415844.99793551693,4568558.805267044,
2017-06-30,4046,415844.99047218816,4568576.519890995,
2017-06-30,4047,415845.4790790571,4568586.266507566,
2017-06-30,4048,415847.6734803111,4568568.614215064,
2017-06-30,4049,415850.67051057535,4568538.06988852,
2017-06-30,4050,415853.44348055404,4568511.124476031,
2017-06-30,4051,415854.96570095175,4568504.268925695,
2017-06-30,4052,415854.99262765626,4568521.431168068,
2017-06-30,4053,415854.9991336459,4568538.921413226,
2017-06-30,4054,415854.99920579634,4568556.515000367,
2017-06-30,4055,415855.00451121037,4568574.024529478,
2017-06-30,4056,415855.3074970205,4568586.752639344,
2017-06-30,4057,415857.32358350663,4568571.964484604,
2017-06-30,4058,415860.2747501429,4568542.156831472,
2017-06-30,4059,415863.13430763385,4568513.820628048,
2017-06-30,4060,415864.8755666835,4568503.446822422,
2017-06-30,4061,415864.99002311163,4568519.203139813,
2017-06-30,4062,415864.9994313408,4568536.646768453,
2017-06-30,4063,415865.0003082265,4568554.227429722,
2017-06-30,4064,415865.0097831722,4568571.669986745,
2017-06-30,4065,415865.16856484197,4568586.714340679,
2017-06-30,4066,415866.98924930266,4568575.064783638,
2017-06-30,4067,415869.8774650535,4568546.268263858,
2017-06-30,4068,415872.80652279884,4568516.815729431,
2017-06-30,4069,415874.749733243,4568503.198128455,
2017-06-30,4070,415874.99253480573,4568516.892933209,
2017-06-30,4071,415875.00031020434,4568534.362788795,
2017-06-30,4072,415875.0008112372,4568551.949487116,
2017-06-30,4073,415875.00878329313,4568569.416183939,
2017-06-30,4074,415875.0644869146,4568586.116204049,
2017-06-30,4075,415876.67268209194,4568577.879704641,
2017-06-30,4076,415879.48085969966,4568550.368778144,
2017-06-30,4077,415882.46233044204,4568520.074372654,
2017-06-30,4078,415884.59040502313,4568503.487436265,
2017-06-30,4079,415885.00315273576,4568514.452522157,
2017-06-30,4080,415885.0016075694,4568532.072087063,
2017-06-30,4081,415885.0008275106,4568549.679362602,
2017-06-30,4082,415885.004526531,4568567.214694026,
2017-06-30,4083,415884.9974673175,4568584.922826973,
2017-06-30,4084,415886.3760862683,4568580.373840089,
2017-06-30,4085,415889.0871384754,4568554.422966814,
2017-06-30,4086,415892.1039349569,4568523.561150193,
2017-06-30,4087,415894.39978641726,4568504.279338324,
2017-06-30,4088,415895.02065645234,4568511.901509829,
2017-06-30,4089,415895.00258961617,4568529.786450048,
2017-06-30,4090,415895.00051572936,4568547.414507393,
2017-06-30,4091,415895.00002784416,4568565.017089966,
2017-06-30,4092,415894.9670980694,4568583.140762541,
2017-06-30,4093,415896.10166622413,4568582.511782443,
2017-06-30,4094,415898.6985057726,4568558.3954223255,
2017-06-30,4095,415901.7335407358,4568527.240654513,
2017-06-30,4096,415904.1800818178,4568505.538427101,
2017-06-30,4097,415905.0349139289,4568509.402639444,
2017-06-30,4098,415905.00246293505,4568527.518621709,
2017-06-30,4099,415905.00003457494,4568545.152372692,
2017-06-30,4100,415904.99768206145,4568562.784905412,
2017-06-30,4101,415904.96402601735,4568580.920243508,
2017-06-30,4102,415905.85162635316,4568584.258124181,
2017-06-30,4103,415908.3171659856,4568562.250737156,
2017-06-30,4104,415911.3533521728,4568531.077478087,
2017-06-30,4105,415913.93349561887,4568507.2292950675,
2017-06-30,4106,415915.0346587427,4568507.136875186,
2017-06-30,4107,415915.00043411594,4568525.281346004,
2017-06-30,4108,415914.9995427299,4568542.8904097155,
2017-06-30,4109,415914.9973453259,4568560.520451025,
2017-06-30,4110,415914.97698473884,4568578.442234061,
2017-06-30,4111,415915.62817104766,4568585.577457766,
2017-06-30,4112,415917.94532350654,4568565.95350377,
2017-06-30,4113,415920.96557366,4568535.036213379,
2017-06-30,4114,415923.6622322124,4568509.316534691,
2017-06-30,4115,415925.0086244714,4568505.285181238,
2017-06-30,4116,415924.99613202806,4568523.080584122,
2017-06-30,4117,415924.9991988756,4568540.626069665,
2017-06-30,4118,415924.9982242274,4568558.236470762,
2017-06-30,4119,415924.9947078112,4568575.887698379,
2017-06-30,4120,415925.43350470124,4568586.434375676,
2017-06-30,4121,415927.58518272906,4568569.468314647,
2017-06-30,4122,415930.5724095914,4568539.081452873,
2017-06-30,4123,415933.3684959925,4568511.764738447,
2017-06-30,4124,415934.94675263675,4568504.00911947,
2017-06-30,4125,415934.9916669107,4568520.882440866,
2017-06-30,4126,415934.99916169466,4568538.356803755,
2017-06-30,4127,415934.9995253558,4568555.945708571,
2017-06-30,4128,415935.0065715894,4568573.427276195,
2017-06-30,4129,415935.26983170665,4568586.793470377,
2017-06-30,4130,415937.2389480456,4568572.759762248,
2017-06-30,4131,415940.176064359,4568543.177789025,
2017-06-30,4132,415943.05449135153,4568514.538498804,
2017-06-30,4133,415944.84753972694,4568503.332839679,
2017-06-30,4134,415944.9900524212,4568518.638510088,
2017-06-30,4135,415944.9995898687,4568536.080063188,
2017-06-30,4136,415945.0004873517,4568553.660393626,
2017-06-30,4137,415945.01000318275,4568571.102293985,
2017-06-30,4138,415945.1393565346,4568586.6193337515,
2017-06-30,4139,415946.90882481314,4568575.792431674,
2017-06-30,4140,415949.778744397,4568547.289798696,
2017-06-30,4141,415952.72242506576,4568517.602389987,
2017-06-30,4142,415954.71317659924,4568503.22116072,
2017-06-30,4143,415954.99430412904,4568516.300360079,
2017-06-30,4144,415955.00061326317,4568533.793715113,
2017-06-30,4145,415955.0007173501,4568551.385682548,
2017-06-30,4146,415955.0063986698,4568568.877601856,
2017-06-30,4147,415955.0358085327,4568585.9413168775,
2017-06-30,4148,415956.31063091074,4568580.518675732,
2017-06-30,4149,415958.6813199187,4568555.3097215295,
2017-06-30,4150,415961.4089573356,4568523.65591511,
2017-06-30,4151,415963.7546249402,4568498.898717316,
2017-06-30,4152,415964.97940451145,4568494.379588984,
2017-06-30,4153,415964.99449662684,4568511.701840965,
2017-06-30,4154,415964.99945879256,4568529.206993166,
2017-06-30,4155,415965.0001689548,4568546.788916948,
2017-06-30,4156,415964.9993012336,4568564.39933003,
2017-06-30,4157,415964.97089134454,4568582.507027555,
2017-06-30,4158,415965.8409356269,4568584.392788997,
2017-06-30,4159,415967.9961198679,4568563.074853524,
2017-06-30,4160,415970.70171303116,4568531.819072975,
2017-06-30,4161,415973.21879215096,4568503.9669860825,
2017-06-30,4162,415974.80843426136,4568492.860131582,
2017-06-30,4163,415974.99351986084,4568507.113085836,
2017-06-30,4164,415975.00014632556,4568524.588188503,
2017-06-30,4165,415974.99994085304,4568542.1866444275,
2017-06-30,4166,415974.99804795027,4568559.815567556,
2017-06-30,4167,415974.98581381555,4568577.631205615,
2017-06-30,4168,415975.45962875284,4568586.671040478,
2017-06-30,4169,415977.3486628409,4568570.158548517,
2017-06-30,4170,415979.9815595153,4568540.215331073,
2017-06-30,4171,415982.61939581006,4568510.182926878,
2017-06-30,4172,415984.5232487595,4568493.402874669,
2017-06-30,4173,415985.0156992377,4568502.106237665,
2017-06-30,4174,415985.002010894,4568519.948132024,
2017-06-30,4175,415985.0000620026,4568537.578066045,
2017-06-30,4176,415984.99994003965,4568555.175014175,
2017-06-30,4177,415985.0068890485,4568572.6442931825,
2017-06-30,4178,415985.1799546893,4568587.114272426,
2017-06-30,4179,415986.7521915048,4568576.321677234,
2017-06-30,4180,415989.26174457045,4568548.605476149,
2017-06-30,4181,415991.9696909203,4568517.3072079085,
2017-06-30,4182,415994.1371075886,4568495.768411247,
2017-06-30,4183,415995.02835788677,4568497.271289901,
2017-06-30,4184,415995.0004495512,4568515.369931686,
2017-06-30,4185,415994.99980416836,4568532.976330362,
2017-06-30,4186,415995.00053283613,4568550.557920022,
2017-06-30,4187,415995.00512788084,4568568.069700766,
2017-06-30,4188,415995.015173101,4568585.483076485,
2017-06-30,4189,415996.2199655243,4568581.324831316,
2017-06-30,4190,415998.5555278612,4568556.750099848,
2017-06-30,4191,416001.28293714614,4568525.100420818,
2017-06-30,4192,416003.6632704133,4568499.717332958,
2017-06-30,4193,416004.9576046971,4568493.942375006,
2017-06-30,4194,416004.99330723955,4568510.892497893,
2017-06-30,4195,416004.9994541147,4568528.376259735,
2017-06-30,4196,416005.0000804765,4568545.9596965695,
2017-06-30,4197,416004.99859640596,4568563.581238073,
2017-06-30,4198,416004.9698502865,4568581.695006373,
2017-06-30,4199,416005.7652445635,4568584.928602407,
2017-06-30,4200,416007.87616905186,4568564.409793812,
2017-06-30,4201,416010.572394152,4568533.323157248,
2017-06-30,4202,416013.1149968982,4568505.010231446,
2017-06-30,4203,416014.765054325,4568492.812555147,
2017-06-30,4204,416014.9955267877,4568506.246032117,
2017-06-30,4205,416015.0004895616,4568523.75117336,
2017-06-30,4206,416014.99995800474,4568541.355516868,
2017-06-30,4207,416014.998316482,4568558.979901226,
2017-06-30,4208,416014.991179422,4568576.703509635,
2017-06-30,4209,416015.4012882881,4568586.893582152,
2017-06-30,4210,416017.23692780785,4568571.345149685,
2017-06-30,4211,416019.85132160364,4568541.736008843,
2017-06-30,4212,416022.5055467094,4568511.407698358,
2017-06-30,4213,416024.46068015904,4568493.701756967,
2017-06-30,4214,416025.020803213,4568501.183265536,
2017-06-30,4215,416025.00214227923,4568519.114941924,
2017-06-30,4216,416025.0000627753,4568536.747234211,
2017-06-30,4217,416025.00019453245,4568554.339601322,
2017-06-30,4218,416025.00782896334,4568571.796504774,
2017-06-30,4219,416025.14135636267,4568586.980362191,
2017-06-30,4220,416026.6510637941,4568577.316759109,
2017-06-30,4221,416029.1329791652,4568550.099567245,
2017-06-30,4222,416031.8481795101,4568518.670325332,
2017-06-30,4223,416034.05774186284,4568496.370572105,
2017-06-30,4224,416035.02387770906,4568496.521363346,
2017-06-30,4225,416034.99938237295,4568514.558382113,
2017-06-30,4226,416034.999707293,4568532.147261601,
2017-06-30,4227,416035.0004828592,4568549.728004489,
2017-06-30,4228,416035.0037232015,4568567.264244903,
2017-06-30,4229,416034.99870839104,4568584.949535279,
2017-06-30,4230,416036.1318366757,4568582.085213734,
2017-06-30,4231,416038.4306265024,4568558.174424104,
2017-06-30,4232,416041.1561549667,4568526.558704017,
2017-06-30,4233,416043.56949910254,4568500.579592209,
2017-06-30,4234,416044.93173594435,4568493.578627417,
2017-06-30,4235,416044.992422342,4568510.077657168,
2017-06-30,4236,416044.9994952573,4568527.544699008,
2017-06-30,4237,416045.0000090555,4568545.130168219,
2017-06-30,4238,416044.9981403724,4568562.758654055,
2017-06-30,4239,416044.97097959777,4568580.843798343,
2017-06-30,4240,416045.69250611664,4568585.411105197,
2017-06-30,4241,416047.75752327876,4568565.721171056,
2017-06-30,4242,416050.4427327426,4568534.833426053,
2017-06-30,4243,416053.00921154185,4568506.089408921,
2017-06-30,4244,416054.71803671087,4568492.830658397,
2017-06-30,4245,416054.99850194267,4568505.361496658,
2017-06-30,4246,416055.0008678244,4568522.913525792,
2017-06-30,4247,416054.99998266436,4568540.524253742,
2017-06-30,4248,416054.9986551025,4568558.142969416,
2017-06-30,4249,416054.99623906,4568575.781338037,
2017-06-30,4250,416055.3463317825,4568587.055025142,
2017-06-30,4251,416057.1269291607,4568572.50039975,
2017-06-30,4252,416059.72117250395,4568543.255083087,
2017-06-30,4253,416062.3901388466,4568512.660613889,
2017-06-30,4254,416064.3949052228,4568494.0585308885,
2017-06-30,4255,416065.02519342175,4568500.273180743,
2017-06-30,4256,416065.0021299866,4568518.284345988,
2017-06-30,4257,416065.0000455268,4568535.916727749,
2017-06-30,4258,416065.00037323777,4568553.505556844,
2017-06-30,4259,416065.00807398057,4568570.961263002,
2017-06-30,4260,416065.1065733379,4568586.777565213,
2017-06-30,4261,416066.55210381193,4568578.272701822,
2017-06-30,4262,416069.0047339148,4568551.584266754,
2017-06-30,4263,416071.725540681,4568520.0537987435,
2017-06-30,4264,416073.9756011445,4568497.022836526,
2017-06-30,4265,416075.016207427,4568495.8290353585,
2017-06-30,4266,416074.99807800533,4568513.751115089,
2017-06-30,4267,416074.99961438595,4568531.318121183,
2017-06-30,4268,416075.00040808995,4568548.8985365955,
2017-06-30,4269,416075.00228738564,4568566.459351228,
2017-06-30,4270,416074.98637762544,4568584.341354118,
2017-06-30,4271,416076.0463068978,4568582.798668923,
2017-06-30,4272,416078.3066766404,4568559.581568705,
2017-06-30,4273,416081.02867671015,4568528.02955514,
2017-06-30,4274,416083.4733841413,4568501.484166961,
2017-06-30,4275,416084.9018759679,4568493.286942904,
2017-06-30,4276,416084.9919616299,4568509.2551576225,
2017-06-30,4277,416084.9995914265,4568526.712144744,
2017-06-30,4278,416084.9999625205,4568544.300190538,
2017-06-30,4279,416084.9979009005,4568561.93215992,
2017-06-30,4280,416084.9738326406,4568579.96146767,
2017-06-30,4281,416085.6227980836,4568585.838892693,
2017-06-30,4282,416087.64026034606,4568567.007580585,
2017-06-30,4283,416090.31280659925,4568536.348474719,
2017-06-30,4284,416092.9015138779,4568507.203113833,
2017-06-30,4285,416094.66745921585,4568492.913036664,
2017-06-30,4286,416095.0025449141,4568504.457681369,
2017-06-30,4287,416095.0012488826,4568522.075827759,
2017-06-30,4288,416095.0000102277,4568539.692938186,
2017-06-30,4289,416094.99903158034,4568557.305354078,
2017-06-30,4290,416095.00054635847,4568574.87275022,
2017-06-30,4291,416095.2948370337,4568587.153964779,
2017-06-30,4292,416097.018744696,4568573.622894033,
2017-06-30,4293,416099.59119001316,4568544.771149124,
2017-06-30,4294,416102.2732500194,4568513.9402687885,
2017-06-30,4295,416104.3260017488,4568494.471791761,
2017-06-30,4296,416105.0284232264,4568499.3840474915,
2017-06-30,4297,416105.0019417844,4568517.456926164,
2017-06-30,4298,416105.00000565295,4568535.086629802,
2017-06-30,4299,416105.000485301,4568552.672715612,
2017-06-30,4300,416105.0077438181,4568570.136406335,
2017-06-30,4301,416105.07568341313,4568586.504476819,
2017-06-30,4302,416106.4553893557,4568579.188100694,
2017-06-30,4303,416108.8770866168,4568553.058169998,
2017-06-30,4304,416111.60185223067,4568521.456223467,
2017-06-30,4305,416113.89076323144,4568497.723799839,
2017-06-30,4306,416115.00490040344,4568495.20237014,
2017-06-30,4307,416114.99665377935,4568512.946012154,
2017-06-30,4308,416114.99953465647,4568530.488742845,
2017-06-30,4309,416115.0003177369,4568548.069350064,
2017-06-30,4310,416115.00094015006,4568565.652858199,
2017-06-30,4311,416114.977800292,4568583.665403289,
2017-06-30,4312,416115.96345398924,4568583.46379221,
2017-06-30,4313,416118.1837560741,4568560.970128984,
2017-06-30,4314,416120.90058017586,4568529.511569517,
2017-06-30,4315,416123.3750033282,4568502.429652543,
2017-06-30,4316,416124.868102566,4568493.065916799,
2017-06-30,4317,416124.99204481987,4568508.42283771,
2017-06-30,4318,416124.9997518319,4568525.878430677,
2017-06-30,4319,416124.9999398053,4568543.469782786,
2017-06-30,4320,416124.9978457592,4568561.102337631,
2017-06-30,4321,416124.97796277795,4568579.056078561,
2017-06-30,4322,416125.55619826226,4568586.210560229,
2017-06-30,4323,416127.52445805125,4568568.267617727,
2017-06-30,4324,416130.1826935207,4568537.866898576,
2017-06-30,4325,416132.791981705,4568508.3499415135,
2017-06-30,4326,416134.6133996381,4568493.058285274,
2017-06-30,4327,416135.0074510243,4568503.538281774,
2017-06-30,4328,416135.0016005043,4568521.2386612035,
2017-06-30,4329,416135.00003609044,4568538.86165334,
2017-06-30,4330,416134.999413684,4568556.467637166,
2017-06-30,4331,416135.00379420264,4568573.983291256,
2017-06-30,4332,416135.24688183947,4568587.188996389,
2017-06-30,4333,416136.9124522125,4568574.711227867,
2017-06-30,4334,416139.46145192994,4568546.28280229,
2017-06-30,4335,416142.1549580261,4568515.2452583965,
2017-06-30,4336,416144.2540475349,4568494.940134916,
2017-06-30,4337,416145.03004599,4568498.523929986,
2017-06-30,4338,416145.0015454412,4568516.63326441,
2017-06-30,4339,416144.999940203,4568534.256993643,
2017-06-30,4340,416145.0005399313,4568551.840911352,
2017-06-30,4341,416145.0069581923,4568569.319773222,
2017-06-30,4342,416145.04876438575,4568586.1596923405,
2017-06-30,4343,416146.3609982232,4568580.061551056,
2017-06-30,4344,416148.7501150688,4568554.519872311,
2017-06-30,4345,416151.4771919566,4568522.876194837,
2017-06-30,4346,416153.803305921,4568498.472057371,
2017-06-30,4347,416154.9895339962,4568494.64899865,
2017-06-30,4348,416154.99522941187,4568512.140911764,
2017-06-30,4349,416154.99947731354,4568529.658960313,
2017-06-30,4350,416155.00022100966,4568547.240278626,
2017-06-30,4351,416154.99980102805,4568564.842607603,
2017-06-30,4352,416154.97252975375,4568582.929747003,
2017-06-30,4353,416155.8833557476,4568584.079178929,
2017-06-30,4354,416158.06194260134,4568562.338700269,
2017-06-30,4355,416160.7719431612,4568531.003342474,
2017-06-30,4356,416163.2744344615,4568503.414644281,
2017-06-30,4357,416164.83049353637,4568492.914144427,
2017-06-30,4358,416164.99279162934,4568507.578535892,
2017-06-30,4359,416164.99998568225,4568525.043390534,
2017-06-30,4360,416164.9999363139,4568542.639027936,
2017-06-30,4361,416164.99794271716,4568560.269769137,
2017-06-30,4362,416164.9829233727,4568578.135695221,
2017-06-30,4363,416165.4927844509,4568586.524703132,
2017-06-30,4364,416167.410194193,4568569.499877817,
2017-06-30,4365,416170.052471305,4568539.38729296,
2017-06-30,4366,416172.68069282116,4568509.528487294,
2017-06-30,4367,416174.5559357757,4568493.264999557,
2017-06-30,4368,416175.0127797937,4568502.611250903,
2017-06-30,4369,416175.0018904581,4568520.402608087,
2017-06-30,4370,416175.0000556478,4568538.030482335,
2017-06-30,4371,416174.9997691816,4568555.630400631,
2017-06-30,4372,416175.0060425405,4568573.111878767,
2017-06-30,4373,416175.202543998,4568587.15871531,
2017-06-30,4374,416176.80812950846,4568575.76399659,
2017-06-30,4375,416179.3320360526,4568547.788637923,
2017-06-30,4376,416182.0353406648,4568516.574178043,
2017-06-30,4377,416184.1791203792,4568495.462155685,
2017-06-30,4378,416185.0296150749,4568497.700892436,
2017-06-30,4379,416185.00090872525,4568515.813942673,
2017-06-30,4380,416184.99985529255,4568533.427708846,
2017-06-30,4381,416185.00054633804,4568551.009977798,
2017-06-30,4382,416185.0058368209,4568568.509202133,
2017-06-30,4383,416185.0258940538,4568585.741807106,
2017-06-30,4384,416186.26900821255,4568580.8916482385,
2017-06-30,4385,416188.62389706913,4568555.967969018,
2017-06-30,4386,416191.35163765744,4568524.312308178,
2017-06-30,4387,416193.7133070119,4568499.266204455,
2017-06-30,4388,416194.9699821665,4568494.171196582,
2017-06-30,4389,416194.9939246209,4568511.333652387,
2017-06-30,4390,416194.9994515659,4568528.828607308,
2017-06-30,4391,416195.000127117,4568546.411156009,
2017-06-30,4392,416194.9989472059,4568564.027205796,
2017-06-30,4393,416194.9701193731,4568582.142449466,
2017-06-30,4394,416195.8060899706,4568584.643424407,
2017-06-30,4395,416197.94131401944,4568563.685877889,
2017-06-30,4396,416200.64284346404,4568532.503469345,
2017-06-30,4397,416203.1717553385,4568504.437737511,
2017-06-30,4398,416204.7891266769,4568492.83022112,
2017-06-30,4399,416204.9943217754,4568506.7200906295,
2017-06-30,4400,416205.0002963006,4568524.206964315,
2017-06-30,4401,416204.9999474422,4568541.808009129,
2017-06-30,4402,416204.9981595422,4568559.435036387,
2017-06-30,4403,416204.988267788,4568577.208381864,
2017-06-30,4404,416205.43263444694,4568586.7799167335,
2017-06-30,4405,416207.29754656815,4568570.702956175,
2017-06-30,4406,416209.92221774906,4568540.9082531845,
2017-06-30,4407,416212.5677250238,4568510.737346496,
2017-06-30,4408,416214.4951454263,4568493.531774844,
2017-06-30,4409,416215.01808458526,4568501.684652966,
2017-06-30,4410,416215.00208651286,4568519.568250363,
2017-06-30,4411,416215.00006429554,4568537.199508315,
2017-06-30,4412,416215.00006594515,4568554.794224565,
2017-06-30,4413,416215.00741108897,4568572.256351209,
2017-06-30,4414,416215.16190130694,4568587.061716866,
2017-06-30,4415,416216.7058543808,4568576.779795523,
2017-06-30,4416,416219.203020178,4568549.28725134,
2017-06-30,4417,416221.91447573283,4568517.925623053,
2017-06-30,4418,416224.1012980794,4568496.036449396,
2017-06-30,4419,416225.0266838444,4568496.922999047,
2017-06-30,4420,416224.99999940523,4568514.999542913,
2017-06-30,4421,416224.9997601282,4568532.598609191,
2017-06-30,4422,416225.0005137293,4568550.179748667,
2017-06-30,4423,416225.00449942064,4568567.702531521,
2017-06-30,4424,416225.0071502152,4568585.249416444,
2017-06-30,4425,416226.1794971218,4568581.676987573,
2017-06-30,4426,416228.49851041567,4568557.401055455,
2017-06-30,4427,416231.22526713077,4568525.763158827,
2017-06-30,4428,416233.6208443015,4568500.104836421,
2017-06-30,4429,416234.94631896185,4568493.767626971,
2017-06-30,4430,416234.9928591229,4568510.522072477,
2017-06-30,4431,416234.9994666227,4568527.997517562,
2017-06-30,4432,416235.0000452681,4568545.581815941,
2017-06-30,4433,416234.99835972476,4568563.20699511,
2017-06-30,4434,416234.97012251324,4568581.311574883,
2017-06-30,4435,416235.731734456,4568585.155123971,
2017-06-30,4436,416237.8219481263,4568565.010257174,
2017-06-30,4437,416240.5133588818,4568534.010545458,
2017-06-30,4438,416243.0670437568,4568505.497527557,
2017-06-30,4439,416244.7440797854,4568492.812742209,
2017-06-30,4440,416244.99675497523,4568505.8453403795,
2017-06-30,4441,416245.00065949175,4568523.369588871,
2017-06-30,4442,416244.99996858544,4568540.976809494,
2017-06-30,4443,416244.9984640033,4568558.598721342,
2017-06-30,4444,416244.9935493862,4568576.282202689,
2017-06-30,4445,416245.37582604826,4568586.974796359,
2017-06-30,4446,416247.18659297517,4568571.875448137,
2017-06-30,4447,416249.79201065126,4568542.428374591,
2017-06-30,4448,416252.4531561107,4568511.9751144545,
2017-06-30,4449,416254.43110638764,4568493.857206464,
2017-06-30,4450,416255.0229187613,4568500.766552163,
2017-06-30,4451,416255.00215643627,4568518.736169982,
2017-06-30,4452,416255.00005742884,4568536.368814409,
2017-06-30,4453,416255.00028480205,4568553.959455135,
2017-06-30,4454,416255.0080195655,4568571.414547045,
2017-06-30,4455,416255.12503156415,4568586.896596385,
2017-06-30,4456,416256.6057046279,4568577.757219997,
2017-06-30,4457,416259.07448210457,4568550.777237876,
2017-06-30,4458,416261.7924410283,4568519.298188758,
2017-06-30,4459,416264.0206584333,4568496.661611377,
2017-06-30,4460,416265.020805661,4568496.198314028,
2017-06-30,4461,416264.9988106169,4568514.190189054,
2017-06-30,4462,416264.9996639188,4568531.769528405,
2017-06-30,4463,416265.0004513152,4568549.350057698,
2017-06-30,4464,416265.0030657092,4568566.897599851,
2017-06-30,4465,416264.992596565,4568584.68137032,
2017-06-30,4466,416266.09254274843,4568582.416164389,
2017-06-30,4467,416268.3740329058,4568558.817726949,
2017-06-30,4468,416271.0981581741,4568527.2273421055,
2017-06-30,4469,416273.5259955876,4568500.986548591,
2017-06-30,4470,416274.91862218024,4568493.4368851455,
2017-06-30,4471,416274.9921526355,4568509.704010493,
2017-06-30,4472,416274.9995316931,4568527.165524806,
2017-06-30,4473,416274.9999846102,4568544.752093255,
2017-06-30,4474,416274.9980063529,4568562.382557493,
2017-06-30,4475,416274.972092537,4568580.445187461,
2017-06-30,4476,416275.660367002,4568585.612872957,
2017-06-30,4477,416277.7039227201,4568566.310433457,
2017-06-30,4478,416280.383567213,4568535.523166145,
2017-06-30,4479,416282.96037751494,4568506.592609758,
2017-06-30,4480,416284.6954306599,4568492.860303025,
2017-06-30,4481,416285.0002109323,4568504.952123861,
2017-06-30,4482,416285.0010430253,4568522.53184614,
2017-06-30,4483,416284.99999513896,4568540.14551217,
2017-06-30,4484,416284.9988238687,4568557.7614059495,
2017-06-30,4485,416284.99832153006,4568575.365221905,
2017-06-30,4486,416285.3224370533,4568587.107937347,
2017-06-30,4487,416287.0774112123,4568573.01594904,
2017-06-30,4488,416289.6619278098,4568543.946252513,
2017-06-30,4489,416292.33706388035,4568513.240386505,
2017-06-30,4490,416294.3638964577,4568494.2398897465,
2017-06-30,4491,416295.0268356852,4568499.865012709,
2017-06-30,4492,416295.00206799735,4568517.906948893,
2017-06-30,4493,416295.0000304435,4568535.538483754,
2017-06-30,4494,416295.00043200364,4568553.12597947,
2017-06-30,4495,416295.00798768725,4568570.584304735,
2017-06-30,4496,416295.0920125676,4568586.6619492015,
2017-06-30,4497,416296.50775804784,4568578.694865343,
2017-06-30,4498,416298.9464996303,4568552.25719286,
2017-06-30,4499,416301.6693143492,4568520.690470486,
2017-06-30,4500,416303.93727923906,4568497.336236959,
2017-06-30,4501,416305.01153388753,4568495.53490158,
2017-06-30,4502,416304.9974367959,4568513.38417604,
2017-06-30,4503,416304.99957587325,4568530.940300212,
2017-06-30,4504,416305.00036830385,4568548.520738609,
2017-06-30,4505,416305.0016554032,4568566.092245578,
2017-06-30,4506,416304.9820312329,4568584.041313575,
2017-06-30,4507,416306.00822289055,4568583.107774012,
2017-06-30,4508,416308.25054233783,4568560.216578828,
2017-06-30,4509,416310.9703885856,4568528.703453347,
2017-06-30,4510,416313.428838668,4568501.909936304,
2017-06-30,4511,416314.8869696193,4568493.177566435,
2017-06-30,4512,416314.99192487577,4568508.877304901,
2017-06-30,4513,416314.999655986,4568526.332462763,
2017-06-30,4514,416314.9999494937,4568543.921909414,
2017-06-30,4515,416314.9978548583,4568561.554474898,
2017-06-30,4516,416314.97558280674,4568579.551351409,
2017-06-30,4517,416315.5920654061,4568586.015266689,
2017-06-30,4518,416317.58731559856,4568567.58500206,
2017-06-30,4519,416320.2535462551,4568537.039926726,
2017-06-30,4520,416322.8518344103,4568507.721579425,
2017-06-30,4521,416324.643257098,4568492.971498891,
2017-06-30,4522,416325.00469918206,4568504.040268892,
2017-06-30,4523,416325.0014146695,4568521.694318074,
2017-06-30,4524,416325.00002249854,4568539.314200297,
2017-06-30,4525,416324.99920690665,4568556.923672164,
2017-06-30,4526,416325.0021576555,4568574.465141301,
2017-06-30,4527,416325.2725452593,4568587.177935016,
2017-06-30,4528,416326.9700790767,4568574.123054198,
2017-06-30,4529,416329.5320470223,4568545.46048227,
2017-06-30,4530,416332.2195261302,4568514.531757967,
2017-06-30,4531,416334.2935934347,4568494.678420024,
2017-06-30,4532,416335.02938871953,4568498.988098806,
2017-06-30,4533,416335.0017889644,4568517.081169059,
2017-06-30,4534,416334.99997883453,4568534.708597688,
2017-06-30,4535,416335.00051675877,4568552.293631298,
2017-06-30,4536,416335.00743517134,4568569.763462737,
2017-06-30,4537,416335.0629221151,4568586.356370639,
2017-06-30,4538,416336.4120924377,4568579.59132689,
2017-06-30,4539,416338.8191505522,4568553.725711621,
2017-06-30,4540,416341.545173493,4568522.101063573,
2017-06-30,4541,416343.85123829404,4568498.058921475,
2017-06-30,4542,416344.9984219896,4568494.9408240635,
2017-06-30,4543,416344.99599765893,4568512.579342328,
2017-06-30,4544,416344.999505201,4568530.110758344,
2017-06-30,4545,416345.0002739049,4568547.691625136,
2017-06-30,4546,416345.00038822036,4568565.28430717,
2017-06-30,4547,416344.97501584754,4568583.337161172,
2017-06-30,4548,416345.9266153459,4568583.750411774,
2017-06-30,4549,416348.1281165095,4568561.596206423,
2017-06-30,4550,416350.8420361633,4568530.190087882,
2017-06-30,4551,416353.32945134107,4568502.873594886,
2017-06-30,4552,416354.8514390773,4568492.988266171,
2017-06-30,4553,416354.9922955606,4568508.0397941535,
2017-06-30,4554,416354.9998487106,4568525.498165163,
2017-06-30,4555,416354.9999361076,4568543.091333215,
2017-06-30,4556,416354.9978730098,4568560.7233292805,
2017-06-30,4557,416354.9801466856,4568578.63813093,
2017-06-30,4558,416355.5269074661,4568586.360900494,
2017-06-30,4559,416357.4722045589,4568568.832558315,
2017-06-30,4560,416360.1233738057,4568538.5594225405,
2017-06-30,4561,416362.7414922406,4568508.883031904,
2017-06-30,4562,416364.5876368977,4568493.144925142,
2017-06-30,4563,416365.00985324325,4568503.116392453,
2017-06-30,4564,416365.0017421929,4568520.85758663,
2017-06-30,4565,416365.0000460597,4568538.482957008,
2017-06-30,4566,416364.9995808858,4568556.086101939,
2017-06-30,4567,416365.0049352829,4568573.584172278,
2017-06-30,4568,416365.2262284644,4568587.183384703,
2017-06-30,4569,416366.8646743666,4568575.1953589525,
2017-06-30,4570,416369.4024460864,4568546.969659198,
2017-06-30,4571,416372.100620658,4568515.847824175,
2017-06-30,4572,416374.22027511575,4568495.17139262,
2017-06-30,4573,416375.0301312271,4568498.143874663,
2017-06-30,4574,416375.0012871057,4568516.259412422,
2017-06-30,4575,416374.999903378,4568533.879142203,
2017-06-30,4576,416375.00054827664,4568551.462244348,
2017-06-30,4577,416375.0064817349,4568568.949859512,
2017-06-30,4578,416375.0378380043,4568585.978456033,
2017-06-30,4579,416376.3187855958,4568580.4451999655,
2017-06-30,4580,416378.6925126691,4568555.181389491,
2017-06-30,4581,416381.4200962578,4568523.528563339,
2017-06-30,4582,416383.7626133964,4568498.828260247,
2017-06-30,4583,416384.981141119,4568494.42201895,
2017-06-30,4584,416384.9946129231,4568511.773526374,
2017-06-30,4585,416384.99946111056,4568529.2807365265,
2017-06-30,4586,416385.0001773269,4568546.862551001,
2017-06-30,4587,416384.9993769434,4568564.471748279,
2017-06-30,4588,416384.97110377153,4568582.576977323,
2017-06-30,4589,416385.84779791237,4568584.3426730065,
2017-06-30,4590,416388.0068332188,4568562.955205064,
2017-06-30,4591,416390.7131787046,4568531.685841039,
2017-06-30,4592,416393.22791140416,4568503.876119667,
2017-06-30,4593,416394.81210835173,4568492.867579683,
2017-06-30,4594,416394.99338440766,4568507.189316719,
2017-06-30,4595,416395.0001186213,4568524.6624739375,
2017-06-30,4596,416394.9999398479,4568542.260447798,
2017-06-30,4597,416394.9980285757,4568559.889702593,
2017-06-30,4598,416394.98533753643,4568577.713590236,
2017-06-30,4599,416395.4649709807,4568586.648369715,
2017-06-30,4600,416397.35866740043,4568570.0516975615,
2017-06-30,4601,416399.99312766356,4568540.080248919,
2017-06-30,4602,416402.6294288044,4568510.075562523,
2017-06-30,4603,416404.5286478569,4568493.379177108,
2017-06-30,4604,416405.0152264777,4568502.18855875,
2017-06-30,4605,416405.00199336384,4568520.022233753,
2017-06-30,4606,416405.0000612177,4568537.651865438,
2017-06-30,4607,416404.9999135749,4568555.249277228,
2017-06-30,4608,416405.00676794676,4568572.720264942,
2017-06-30,4609,416405.18356446625,4568587.122881735,
2017-06-30,4610,416406.7612748796,4568576.231458627,
2017-06-30,4611,416409.27320280013,4568548.472378624,
2017-06-30,4612,416411.980425262,4568517.1871804595,
2017-06-30,4613,416414.1440192994,4568495.717402869,
2017-06-30,4614,416415.0286165706,4568497.3404044835,
2017-06-30,4615,416415.0005301899,4568515.442260941,
2017-06-30,4616,416414.99981265375,4568533.049962375,
2017-06-30,4617,416415.00053576584,4568550.631652343,
2017-06-30,4618,416415.00524709513,4568568.14133352,
2017-06-30,4619,416415.0168380334,4568585.52680071,
2017-06-30,4620,416416.2279153204,4568581.255079905,
2017-06-30,4621,416418.56666377845,4568556.622821796,
2017-06-30,4622,416421.2941604415,4568524.971565119,
2017-06-30,4623,416423.67148234404,4568499.64284861,
2017-06-30,4624,416424.9597065201,4568493.978211004,
2017-06-30,4625,416424.9934023063,4568510.964566646,
2017-06-30,4626,416424.9994528113,4568528.450068489,
2017-06-30,4627,416425.0000877795,4568546.033349936,
2017-06-30,4628,416424.99864846206,4568563.654083401,
2017-06-30,4629,416424.96984836797,4568581.768826233,
2017-06-30,4630,416425.77184838784,4568584.883153037,
2017-06-30,4631,416427.8867702633,4568564.292170079,
2017-06-30,4632,416430.58389400796,4568533.189308148,
2017-06-30,4633,416433.12429665576,4568504.916105975,
2017-06-30,4634,416434.7690552408,4568492.814102299,
2017-06-30,4635,416434.9953111337,4568506.323711051,
2017-06-30,4636,416435.000457188,4568523.825543093,
2017-06-30,4637,416434.9999561099,4568541.429336294,
2017-06-30,4638,416434.9982893246,4568559.054176788,
2017-06-30,4639,416434.99070872174,4568576.78579353,
2017-06-30,4640,416435.40633374697,4568586.876269667,
2017-06-30,4641,416437.24678192,4568571.241015118,
2017-06-30,4642,416439.86288562603,4568541.601001186,
2017-06-30,4643,416442.515721899,4568511.297766607,
2017-06-30,4644,416444.46636777325,4568493.672850116,
2017-06-30,4645,416445.02037224855,4568501.264831987,
2017-06-30,4646,416445.00213595096,4568519.188841404,
2017-06-30,4647,416445.0000633683,4568536.821008725,
2017-06-30,4648,416445.0001751294,4568554.413736872,
2017-06-30,4649,416445.0077753583,4568571.871257854,
2017-06-30,4650,416445.1446309602,4568586.995023296,
2017-06-30,4651,416446.65995733,4568577.229968122,
2017-06-30,4652,416449.14439259993,4568549.967278514,
2017-06-30,4653,416451.8590146492,4568518.548477951,
2017-06-30,4654,416454.06490135647,4568496.315089915,
2017-06-30,4655,416455.0243985652,4568496.58574431,
2017-06-30,4656,416454.99948776304,4568514.630264478,
2017-06-30,4657,416454.9996766918,4568532.221599336,
2017-06-30,4658,416454.9999603393,4568549.811224007,
2017-06-30,4659,416454.99999697134,4568567.405308643,
2017-06-30,4660,416455.0,4568585.0,
